<?xml version="1.0" encoding="UTF-8"?>
<gpx version="1.1" creator="pull-strava.mjs"
  xmlns="http://www.topografix.com/GPX/1/1"
  xmlns:gpxtpx="http://www.garmin.com/xmlschemas/TrackPointExtension/v1">
  <metadata><name>Afternoon Run</name><time>2026-09-23T21:37:47.000Z</time></metadata>
  <trk><name>Afternoon Run</name><type>running</type>
    <trkseg>
      <trkpt lat="40.673107" lon="-73.960507"><ele>39</ele><time>2026-09-23T21:37:47.000Z</time><extensions><gpxtpx:TrackPointExtension><gpxtpx:hr>99</gpxtpx:hr></gpxtpx:TrackPointExtension></extensions></trkpt>
      <trkpt lat="40.673106" lon="-73.960509"><ele>39.2</ele><time>2026-09-23T21:37:48.000Z</time><extensions><gpxtpx:TrackPointExtension><gpxtpx:hr>100</gpxtpx:hr></gpxtpx:TrackPointExtension></extensions></trkpt>
      <trkpt lat="40.673105" lon="-73.960512"><ele>39.2</ele><time>2026-09-23T21:37:49.000Z</time><extensions><gpxtpx:TrackPointExtension><gpxtpx:hr>100</gpxtpx:hr></gpxtpx:TrackPointExtension></extensions></trkpt>
      <trkpt lat="40.673104" lon="-73.960514"><ele>39.2</ele><time>2026-09-23T21:37:50.000Z</time><extensions><gpxtpx:TrackPointExtension><gpxtpx:hr>101</gpxtpx:hr></gpxtpx:TrackPointExtension></extensions></trkpt>
      <trkpt lat="40.673103" lon="-73.960516"><ele>39.2</ele><time>2026-09-23T21:37:51.000Z</time><extensions><gpxtpx:TrackPointExtension><gpxtpx:hr>101</gpxtpx:hr></gpxtpx:TrackPointExtension></extensions></trkpt>
      <trkpt lat="40.673102" lon="-73.960519"><ele>39.2</ele><time>2026-09-23T21:37:52.000Z</time><extensions><gpxtpx:TrackPointExtension><gpxtpx:hr>102</gpxtpx:hr></gpxtpx:TrackPointExtension></extensions></trkpt>
      <trkpt lat="40.6731" lon="-73.960522"><ele>39.2</ele><time>2026-09-23T21:37:53.000Z</time><extensions><gpxtpx:TrackPointExtension><gpxtpx:hr>103</gpxtpx:hr></gpxtpx:TrackPointExtension></extensions></trkpt>
      <trkpt lat="40.673099" lon="-73.960525"><ele>39.4</ele><time>2026-09-23T21:37:54.000Z</time><extensions><gpxtpx:TrackPointExtension><gpxtpx:hr>103</gpxtpx:hr></gpxtpx:TrackPointExtension></extensions></trkpt>
      <trkpt lat="40.673097" lon="-73.960528"><ele>39.4</ele><time>2026-09-23T21:37:55.000Z</time><extensions><gpxtpx:TrackPointExtension><gpxtpx:hr>104</gpxtpx:hr></gpxtpx:TrackPointExtension></extensions></trkpt>
      <trkpt lat="40.673096" lon="-73.960531"><ele>39.4</ele><time>2026-09-23T21:37:56.000Z</time><extensions><gpxtpx:TrackPointExtension><gpxtpx:hr>104</gpxtpx:hr></gpxtpx:TrackPointExtension></extensions></trkpt>
      <trkpt lat="40.673095" lon="-73.960534"><ele>39.6</ele><time>2026-09-23T21:37:57.000Z</time><extensions><gpxtpx:TrackPointExtension><gpxtpx:hr>105</gpxtpx:hr></gpxtpx:TrackPointExtension></extensions></trkpt>
      <trkpt lat="40.673093" lon="-73.960537"><ele>39.6</ele><time>2026-09-23T21:37:58.000Z</time><extensions><gpxtpx:TrackPointExtension><gpxtpx:hr>107</gpxtpx:hr></gpxtpx:TrackPointExtension></extensions></trkpt>
      <trkpt lat="40.673092" lon="-73.960541"><ele>39.8</ele><time>2026-09-23T21:37:59.000Z</time><extensions><gpxtpx:TrackPointExtension><gpxtpx:hr>109</gpxtpx:hr></gpxtpx:TrackPointExtension></extensions></trkpt>
      <trkpt lat="40.67309" lon="-73.960544"><ele>39.8</ele><time>2026-09-23T21:38:00.000Z</time><extensions><gpxtpx:TrackPointExtension><gpxtpx:hr>112</gpxtpx:hr></gpxtpx:TrackPointExtension></extensions></trkpt>
      <trkpt lat="40.673089" lon="-73.960547"><ele>39.8</ele><time>2026-09-23T21:38:01.000Z</time><extensions><gpxtpx:TrackPointExtension><gpxtpx:hr>113</gpxtpx:hr></gpxtpx:TrackPointExtension></extensions></trkpt>
      <trkpt lat="40.673087" lon="-73.96055"><ele>40</ele><time>2026-09-23T21:38:02.000Z</time><extensions><gpxtpx:TrackPointExtension><gpxtpx:hr>113</gpxtpx:hr></gpxtpx:TrackPointExtension></extensions></trkpt>
      <trkpt lat="40.673086" lon="-73.960554"><ele>40</ele><time>2026-09-23T21:38:03.000Z</time><extensions><gpxtpx:TrackPointExtension><gpxtpx:hr>113</gpxtpx:hr></gpxtpx:TrackPointExtension></extensions></trkpt>
      <trkpt lat="40.673085" lon="-73.960557"><ele>40.2</ele><time>2026-09-23T21:38:04.000Z</time><extensions><gpxtpx:TrackPointExtension><gpxtpx:hr>114</gpxtpx:hr></gpxtpx:TrackPointExtension></extensions></trkpt>
      <trkpt lat="40.673083" lon="-73.96056"><ele>40.2</ele><time>2026-09-23T21:38:05.000Z</time><extensions><gpxtpx:TrackPointExtension><gpxtpx:hr>114</gpxtpx:hr></gpxtpx:TrackPointExtension></extensions></trkpt>
      <trkpt lat="40.673082" lon="-73.960562"><ele>40.2</ele><time>2026-09-23T21:38:06.000Z</time><extensions><gpxtpx:TrackPointExtension><gpxtpx:hr>114</gpxtpx:hr></gpxtpx:TrackPointExtension></extensions></trkpt>
      <trkpt lat="40.673081" lon="-73.960565"><ele>40.2</ele><time>2026-09-23T21:38:07.000Z</time><extensions><gpxtpx:TrackPointExtension><gpxtpx:hr>114</gpxtpx:hr></gpxtpx:TrackPointExtension></extensions></trkpt>
      <trkpt lat="40.67308" lon="-73.960567"><ele>40.2</ele><time>2026-09-23T21:38:08.000Z</time><extensions><gpxtpx:TrackPointExtension><gpxtpx:hr>114</gpxtpx:hr></gpxtpx:TrackPointExtension></extensions></trkpt>
      <trkpt lat="40.673079" lon="-73.960569"><ele>40.2</ele><time>2026-09-23T21:38:09.000Z</time><extensions><gpxtpx:TrackPointExtension><gpxtpx:hr>114</gpxtpx:hr></gpxtpx:TrackPointExtension></extensions></trkpt>
      <trkpt lat="40.673077" lon="-73.960573"><ele>40.2</ele><time>2026-09-23T21:38:10.000Z</time><extensions><gpxtpx:TrackPointExtension><gpxtpx:hr>114</gpxtpx:hr></gpxtpx:TrackPointExtension></extensions></trkpt>
      <trkpt lat="40.673076" lon="-73.960576"><ele>40.2</ele><time>2026-09-23T21:38:11.000Z</time><extensions><gpxtpx:TrackPointExtension><gpxtpx:hr>113</gpxtpx:hr></gpxtpx:TrackPointExtension></extensions></trkpt>
      <trkpt lat="40.673075" lon="-73.960577"><ele>40.2</ele><time>2026-09-23T21:38:12.000Z</time><extensions><gpxtpx:TrackPointExtension><gpxtpx:hr>113</gpxtpx:hr></gpxtpx:TrackPointExtension></extensions></trkpt>
      <trkpt lat="40.673074" lon="-73.96058"><ele>40.2</ele><time>2026-09-23T21:38:13.000Z</time><extensions><gpxtpx:TrackPointExtension><gpxtpx:hr>113</gpxtpx:hr></gpxtpx:TrackPointExtension></extensions></trkpt>
      <trkpt lat="40.673016" lon="-73.960593"><ele>40.2</ele><time>2026-09-23T21:38:14.000Z</time><extensions><gpxtpx:TrackPointExtension><gpxtpx:hr>113</gpxtpx:hr></gpxtpx:TrackPointExtension></extensions></trkpt>
      <trkpt lat="40.672957" lon="-73.960606"><ele>40.4</ele><time>2026-09-23T21:38:15.000Z</time><extensions><gpxtpx:TrackPointExtension><gpxtpx:hr>113</gpxtpx:hr></gpxtpx:TrackPointExtension></extensions></trkpt>
      <trkpt lat="40.672989" lon="-73.960619"><ele>40.4</ele><time>2026-09-23T21:38:16.000Z</time><extensions><gpxtpx:TrackPointExtension><gpxtpx:hr>114</gpxtpx:hr></gpxtpx:TrackPointExtension></extensions></trkpt>
      <trkpt lat="40.672997" lon="-73.960644"><ele>40.4</ele><time>2026-09-23T21:38:17.000Z</time><extensions><gpxtpx:TrackPointExtension><gpxtpx:hr>115</gpxtpx:hr></gpxtpx:TrackPointExtension></extensions></trkpt>
      <trkpt lat="40.672975" lon="-73.960657"><ele>40.6</ele><time>2026-09-23T21:38:18.000Z</time><extensions><gpxtpx:TrackPointExtension><gpxtpx:hr>116</gpxtpx:hr></gpxtpx:TrackPointExtension></extensions></trkpt>
      <trkpt lat="40.672939" lon="-73.960672"><ele>40.6</ele><time>2026-09-23T21:38:19.000Z</time><extensions><gpxtpx:TrackPointExtension><gpxtpx:hr>116</gpxtpx:hr></gpxtpx:TrackPointExtension></extensions></trkpt>
      <trkpt lat="40.672923" lon="-73.960684"><ele>40.6</ele><time>2026-09-23T21:38:20.000Z</time><extensions><gpxtpx:TrackPointExtension><gpxtpx:hr>116</gpxtpx:hr></gpxtpx:TrackPointExtension></extensions></trkpt>
      <trkpt lat="40.672906" lon="-73.960692"><ele>40.6</ele><time>2026-09-23T21:38:21.000Z</time><extensions><gpxtpx:TrackPointExtension><gpxtpx:hr>116</gpxtpx:hr></gpxtpx:TrackPointExtension></extensions></trkpt>
      <trkpt lat="40.672884" lon="-73.960701"><ele>40.8</ele><time>2026-09-23T21:38:22.000Z</time><extensions><gpxtpx:TrackPointExtension><gpxtpx:hr>117</gpxtpx:hr></gpxtpx:TrackPointExtension></extensions></trkpt>
      <trkpt lat="40.672871" lon="-73.960702"><ele>40.8</ele><time>2026-09-23T21:38:23.000Z</time><extensions><gpxtpx:TrackPointExtension><gpxtpx:hr>117</gpxtpx:hr></gpxtpx:TrackPointExtension></extensions></trkpt>
      <trkpt lat="40.672847" lon="-73.960715"><ele>40.8</ele><time>2026-09-23T21:38:24.000Z</time><extensions><gpxtpx:TrackPointExtension><gpxtpx:hr>118</gpxtpx:hr></gpxtpx:TrackPointExtension></extensions></trkpt>
      <trkpt lat="40.672832" lon="-73.960723"><ele>40.8</ele><time>2026-09-23T21:38:25.000Z</time><extensions><gpxtpx:TrackPointExtension><gpxtpx:hr>118</gpxtpx:hr></gpxtpx:TrackPointExtension></extensions></trkpt>
      <trkpt lat="40.672812" lon="-73.960726"><ele>40.8</ele><time>2026-09-23T21:38:26.000Z</time><extensions><gpxtpx:TrackPointExtension><gpxtpx:hr>119</gpxtpx:hr></gpxtpx:TrackPointExtension></extensions></trkpt>
      <trkpt lat="40.672792" lon="-73.960734"><ele>40.8</ele><time>2026-09-23T21:38:27.000Z</time><extensions><gpxtpx:TrackPointExtension><gpxtpx:hr>119</gpxtpx:hr></gpxtpx:TrackPointExtension></extensions></trkpt>
      <trkpt lat="40.672778" lon="-73.960742"><ele>41</ele><time>2026-09-23T21:38:28.000Z</time><extensions><gpxtpx:TrackPointExtension><gpxtpx:hr>119</gpxtpx:hr></gpxtpx:TrackPointExtension></extensions></trkpt>
      <trkpt lat="40.672764" lon="-73.960756"><ele>41</ele><time>2026-09-23T21:38:29.000Z</time><extensions><gpxtpx:TrackPointExtension><gpxtpx:hr>119</gpxtpx:hr></gpxtpx:TrackPointExtension></extensions></trkpt>
      <trkpt lat="40.672755" lon="-73.96077"><ele>41.2</ele><time>2026-09-23T21:38:30.000Z</time><extensions><gpxtpx:TrackPointExtension><gpxtpx:hr>121</gpxtpx:hr></gpxtpx:TrackPointExtension></extensions></trkpt>
      <trkpt lat="40.672743" lon="-73.960778"><ele>41.2</ele><time>2026-09-23T21:38:31.000Z</time><extensions><gpxtpx:TrackPointExtension><gpxtpx:hr>122</gpxtpx:hr></gpxtpx:TrackPointExtension></extensions></trkpt>
      <trkpt lat="40.672716" lon="-73.960789"><ele>41.4</ele><time>2026-09-23T21:38:32.000Z</time><extensions><gpxtpx:TrackPointExtension><gpxtpx:hr>122</gpxtpx:hr></gpxtpx:TrackPointExtension></extensions></trkpt>
      <trkpt lat="40.672695" lon="-73.960796"><ele>41.4</ele><time>2026-09-23T21:38:33.000Z</time><extensions><gpxtpx:TrackPointExtension><gpxtpx:hr>122</gpxtpx:hr></gpxtpx:TrackPointExtension></extensions></trkpt>
      <trkpt lat="40.672677" lon="-73.960798"><ele>41.6</ele><time>2026-09-23T21:38:34.000Z</time><extensions><gpxtpx:TrackPointExtension><gpxtpx:hr>122</gpxtpx:hr></gpxtpx:TrackPointExtension></extensions></trkpt>
      <trkpt lat="40.672655" lon="-73.960802"><ele>41.8</ele><time>2026-09-23T21:38:35.000Z</time><extensions><gpxtpx:TrackPointExtension><gpxtpx:hr>121</gpxtpx:hr></gpxtpx:TrackPointExtension></extensions></trkpt>
      <trkpt lat="40.67263" lon="-73.96081"><ele>41.8</ele><time>2026-09-23T21:38:36.000Z</time><extensions><gpxtpx:TrackPointExtension><gpxtpx:hr>121</gpxtpx:hr></gpxtpx:TrackPointExtension></extensions></trkpt>
      <trkpt lat="40.672607" lon="-73.960816"><ele>42</ele><time>2026-09-23T21:38:37.000Z</time><extensions><gpxtpx:TrackPointExtension><gpxtpx:hr>121</gpxtpx:hr></gpxtpx:TrackPointExtension></extensions></trkpt>
      <trkpt lat="40.672585" lon="-73.960828"><ele>42</ele><time>2026-09-23T21:38:38.000Z</time><extensions><gpxtpx:TrackPointExtension><gpxtpx:hr>121</gpxtpx:hr></gpxtpx:TrackPointExtension></extensions></trkpt>
      <trkpt lat="40.672562" lon="-73.960836"><ele>42.2</ele><time>2026-09-23T21:38:39.000Z</time><extensions><gpxtpx:TrackPointExtension><gpxtpx:hr>121</gpxtpx:hr></gpxtpx:TrackPointExtension></extensions></trkpt>
      <trkpt lat="40.672543" lon="-73.960839"><ele>42.4</ele><time>2026-09-23T21:38:40.000Z</time><extensions><gpxtpx:TrackPointExtension><gpxtpx:hr>122</gpxtpx:hr></gpxtpx:TrackPointExtension></extensions></trkpt>
      <trkpt lat="40.672523" lon="-73.960847"><ele>42.4</ele><time>2026-09-23T21:38:41.000Z</time><extensions><gpxtpx:TrackPointExtension><gpxtpx:hr>123</gpxtpx:hr></gpxtpx:TrackPointExtension></extensions></trkpt>
      <trkpt lat="40.6725" lon="-73.960854"><ele>42.6</ele><time>2026-09-23T21:38:42.000Z</time><extensions><gpxtpx:TrackPointExtension><gpxtpx:hr>123</gpxtpx:hr></gpxtpx:TrackPointExtension></extensions></trkpt>
      <trkpt lat="40.672483" lon="-73.960857"><ele>42.6</ele><time>2026-09-23T21:38:43.000Z</time><extensions><gpxtpx:TrackPointExtension><gpxtpx:hr>123</gpxtpx:hr></gpxtpx:TrackPointExtension></extensions></trkpt>
      <trkpt lat="40.672454" lon="-73.96087"><ele>42.6</ele><time>2026-09-23T21:38:44.000Z</time><extensions><gpxtpx:TrackPointExtension><gpxtpx:hr>124</gpxtpx:hr></gpxtpx:TrackPointExtension></extensions></trkpt>
      <trkpt lat="40.672434" lon="-73.960879"><ele>42.6</ele><time>2026-09-23T21:38:45.000Z</time><extensions><gpxtpx:TrackPointExtension><gpxtpx:hr>124</gpxtpx:hr></gpxtpx:TrackPointExtension></extensions></trkpt>
      <trkpt lat="40.672413" lon="-73.960894"><ele>42.8</ele><time>2026-09-23T21:38:46.000Z</time><extensions><gpxtpx:TrackPointExtension><gpxtpx:hr>124</gpxtpx:hr></gpxtpx:TrackPointExtension></extensions></trkpt>
      <trkpt lat="40.672394" lon="-73.960907"><ele>42.8</ele><time>2026-09-23T21:38:47.000Z</time><extensions><gpxtpx:TrackPointExtension><gpxtpx:hr>124</gpxtpx:hr></gpxtpx:TrackPointExtension></extensions></trkpt>
      <trkpt lat="40.672373" lon="-73.960915"><ele>42.8</ele><time>2026-09-23T21:38:48.000Z</time><extensions><gpxtpx:TrackPointExtension><gpxtpx:hr>125</gpxtpx:hr></gpxtpx:TrackPointExtension></extensions></trkpt>
      <trkpt lat="40.672349" lon="-73.960924"><ele>43</ele><time>2026-09-23T21:38:49.000Z</time><extensions><gpxtpx:TrackPointExtension><gpxtpx:hr>125</gpxtpx:hr></gpxtpx:TrackPointExtension></extensions></trkpt>
      <trkpt lat="40.672327" lon="-73.960928"><ele>43</ele><time>2026-09-23T21:38:50.000Z</time><extensions><gpxtpx:TrackPointExtension><gpxtpx:hr>125</gpxtpx:hr></gpxtpx:TrackPointExtension></extensions></trkpt>
      <trkpt lat="40.672304" lon="-73.960932"><ele>43.2</ele><time>2026-09-23T21:38:51.000Z</time><extensions><gpxtpx:TrackPointExtension><gpxtpx:hr>125</gpxtpx:hr></gpxtpx:TrackPointExtension></extensions></trkpt>
      <trkpt lat="40.672279" lon="-73.960943"><ele>43.2</ele><time>2026-09-23T21:38:52.000Z</time><extensions><gpxtpx:TrackPointExtension><gpxtpx:hr>125</gpxtpx:hr></gpxtpx:TrackPointExtension></extensions></trkpt>
      <trkpt lat="40.672249" lon="-73.96095"><ele>43.2</ele><time>2026-09-23T21:38:53.000Z</time><extensions><gpxtpx:TrackPointExtension><gpxtpx:hr>125</gpxtpx:hr></gpxtpx:TrackPointExtension></extensions></trkpt>
      <trkpt lat="40.672226" lon="-73.960947"><ele>43.4</ele><time>2026-09-23T21:38:54.000Z</time><extensions><gpxtpx:TrackPointExtension><gpxtpx:hr>125</gpxtpx:hr></gpxtpx:TrackPointExtension></extensions></trkpt>
      <trkpt lat="40.672198" lon="-73.960952"><ele>43.2</ele><time>2026-09-23T21:38:55.000Z</time><extensions><gpxtpx:TrackPointExtension><gpxtpx:hr>126</gpxtpx:hr></gpxtpx:TrackPointExtension></extensions></trkpt>
      <trkpt lat="40.672178" lon="-73.960949"><ele>43.2</ele><time>2026-09-23T21:38:56.000Z</time><extensions><gpxtpx:TrackPointExtension><gpxtpx:hr>126</gpxtpx:hr></gpxtpx:TrackPointExtension></extensions></trkpt>
      <trkpt lat="40.672158" lon="-73.960949"><ele>43.2</ele><time>2026-09-23T21:38:57.000Z</time><extensions><gpxtpx:TrackPointExtension><gpxtpx:hr>126</gpxtpx:hr></gpxtpx:TrackPointExtension></extensions></trkpt>
      <trkpt lat="40.67214" lon="-73.96096"><ele>43.4</ele><time>2026-09-23T21:38:58.000Z</time><extensions><gpxtpx:TrackPointExtension><gpxtpx:hr>127</gpxtpx:hr></gpxtpx:TrackPointExtension></extensions></trkpt>
      <trkpt lat="40.672129" lon="-73.96097"><ele>43.6</ele><time>2026-09-23T21:38:59.000Z</time><extensions><gpxtpx:TrackPointExtension><gpxtpx:hr>126</gpxtpx:hr></gpxtpx:TrackPointExtension></extensions></trkpt>
      <trkpt lat="40.672109" lon="-73.960975"><ele>43.6</ele><time>2026-09-23T21:39:00.000Z</time><extensions><gpxtpx:TrackPointExtension><gpxtpx:hr>126</gpxtpx:hr></gpxtpx:TrackPointExtension></extensions></trkpt>
      <trkpt lat="40.672098" lon="-73.96098"><ele>44</ele><time>2026-09-23T21:39:01.000Z</time><extensions><gpxtpx:TrackPointExtension><gpxtpx:hr>126</gpxtpx:hr></gpxtpx:TrackPointExtension></extensions></trkpt>
      <trkpt lat="40.672083" lon="-73.960988"><ele>44</ele><time>2026-09-23T21:39:02.000Z</time><extensions><gpxtpx:TrackPointExtension><gpxtpx:hr>127</gpxtpx:hr></gpxtpx:TrackPointExtension></extensions></trkpt>
      <trkpt lat="40.672068" lon="-73.960995"><ele>44.2</ele><time>2026-09-23T21:39:03.000Z</time><extensions><gpxtpx:TrackPointExtension><gpxtpx:hr>127</gpxtpx:hr></gpxtpx:TrackPointExtension></extensions></trkpt>
      <trkpt lat="40.672048" lon="-73.961007"><ele>44.4</ele><time>2026-09-23T21:39:04.000Z</time><extensions><gpxtpx:TrackPointExtension><gpxtpx:hr>127</gpxtpx:hr></gpxtpx:TrackPointExtension></extensions></trkpt>
      <trkpt lat="40.672031" lon="-73.961015"><ele>44.4</ele><time>2026-09-23T21:39:05.000Z</time><extensions><gpxtpx:TrackPointExtension><gpxtpx:hr>127</gpxtpx:hr></gpxtpx:TrackPointExtension></extensions></trkpt>
      <trkpt lat="40.672009" lon="-73.961024"><ele>44.4</ele><time>2026-09-23T21:39:06.000Z</time><extensions><gpxtpx:TrackPointExtension><gpxtpx:hr>127</gpxtpx:hr></gpxtpx:TrackPointExtension></extensions></trkpt>
      <trkpt lat="40.671988" lon="-73.961032"><ele>44.4</ele><time>2026-09-23T21:39:07.000Z</time><extensions><gpxtpx:TrackPointExtension><gpxtpx:hr>126</gpxtpx:hr></gpxtpx:TrackPointExtension></extensions></trkpt>
      <trkpt lat="40.671966" lon="-73.961035"><ele>44.4</ele><time>2026-09-23T21:39:08.000Z</time><extensions><gpxtpx:TrackPointExtension><gpxtpx:hr>126</gpxtpx:hr></gpxtpx:TrackPointExtension></extensions></trkpt>
      <trkpt lat="40.671941" lon="-73.961049"><ele>44.4</ele><time>2026-09-23T21:39:09.000Z</time><extensions><gpxtpx:TrackPointExtension><gpxtpx:hr>126</gpxtpx:hr></gpxtpx:TrackPointExtension></extensions></trkpt>
      <trkpt lat="40.671926" lon="-73.961057"><ele>44.4</ele><time>2026-09-23T21:39:10.000Z</time><extensions><gpxtpx:TrackPointExtension><gpxtpx:hr>127</gpxtpx:hr></gpxtpx:TrackPointExtension></extensions></trkpt>
      <trkpt lat="40.6719" lon="-73.961066"><ele>44.4</ele><time>2026-09-23T21:39:11.000Z</time><extensions><gpxtpx:TrackPointExtension><gpxtpx:hr>127</gpxtpx:hr></gpxtpx:TrackPointExtension></extensions></trkpt>
      <trkpt lat="40.67188" lon="-73.961079"><ele>44.6</ele><time>2026-09-23T21:39:12.000Z</time><extensions><gpxtpx:TrackPointExtension><gpxtpx:hr>127</gpxtpx:hr></gpxtpx:TrackPointExtension></extensions></trkpt>
      <trkpt lat="40.671859" lon="-73.961092"><ele>44.6</ele><time>2026-09-23T21:39:13.000Z</time><extensions><gpxtpx:TrackPointExtension><gpxtpx:hr>127</gpxtpx:hr></gpxtpx:TrackPointExtension></extensions></trkpt>
      <trkpt lat="40.671838" lon="-73.9611"><ele>44.8</ele><time>2026-09-23T21:39:14.000Z</time><extensions><gpxtpx:TrackPointExtension><gpxtpx:hr>127</gpxtpx:hr></gpxtpx:TrackPointExtension></extensions></trkpt>
      <trkpt lat="40.671818" lon="-73.961107"><ele>44.8</ele><time>2026-09-23T21:39:15.000Z</time><extensions><gpxtpx:TrackPointExtension><gpxtpx:hr>127</gpxtpx:hr></gpxtpx:TrackPointExtension></extensions></trkpt>
      <trkpt lat="40.671792" lon="-73.961118"><ele>44.8</ele><time>2026-09-23T21:39:16.000Z</time><extensions><gpxtpx:TrackPointExtension><gpxtpx:hr>127</gpxtpx:hr></gpxtpx:TrackPointExtension></extensions></trkpt>
      <trkpt lat="40.671773" lon="-73.961128"><ele>44.8</ele><time>2026-09-23T21:39:17.000Z</time><extensions><gpxtpx:TrackPointExtension><gpxtpx:hr>127</gpxtpx:hr></gpxtpx:TrackPointExtension></extensions></trkpt>
      <trkpt lat="40.67175" lon="-73.961141"><ele>45</ele><time>2026-09-23T21:39:18.000Z</time><extensions><gpxtpx:TrackPointExtension><gpxtpx:hr>127</gpxtpx:hr></gpxtpx:TrackPointExtension></extensions></trkpt>
      <trkpt lat="40.671725" lon="-73.961148"><ele>45</ele><time>2026-09-23T21:39:19.000Z</time><extensions><gpxtpx:TrackPointExtension><gpxtpx:hr>127</gpxtpx:hr></gpxtpx:TrackPointExtension></extensions></trkpt>
      <trkpt lat="40.671701" lon="-73.961155"><ele>45</ele><time>2026-09-23T21:39:20.000Z</time><extensions><gpxtpx:TrackPointExtension><gpxtpx:hr>128</gpxtpx:hr></gpxtpx:TrackPointExtension></extensions></trkpt>
      <trkpt lat="40.671672" lon="-73.961161"><ele>45</ele><time>2026-09-23T21:39:21.000Z</time><extensions><gpxtpx:TrackPointExtension><gpxtpx:hr>128</gpxtpx:hr></gpxtpx:TrackPointExtension></extensions></trkpt>
      <trkpt lat="40.671655" lon="-73.961167"><ele>45</ele><time>2026-09-23T21:39:22.000Z</time><extensions><gpxtpx:TrackPointExtension><gpxtpx:hr>128</gpxtpx:hr></gpxtpx:TrackPointExtension></extensions></trkpt>
      <trkpt lat="40.671628" lon="-73.961175"><ele>45</ele><time>2026-09-23T21:39:23.000Z</time><extensions><gpxtpx:TrackPointExtension><gpxtpx:hr>128</gpxtpx:hr></gpxtpx:TrackPointExtension></extensions></trkpt>
      <trkpt lat="40.671611" lon="-73.961176"><ele>45</ele><time>2026-09-23T21:39:24.000Z</time><extensions><gpxtpx:TrackPointExtension><gpxtpx:hr>128</gpxtpx:hr></gpxtpx:TrackPointExtension></extensions></trkpt>
      <trkpt lat="40.671595" lon="-73.96117"><ele>45</ele><time>2026-09-23T21:39:25.000Z</time><extensions><gpxtpx:TrackPointExtension><gpxtpx:hr>127</gpxtpx:hr></gpxtpx:TrackPointExtension></extensions></trkpt>
      <trkpt lat="40.671572" lon="-73.961172"><ele>45</ele><time>2026-09-23T21:39:26.000Z</time><extensions><gpxtpx:TrackPointExtension><gpxtpx:hr>127</gpxtpx:hr></gpxtpx:TrackPointExtension></extensions></trkpt>
      <trkpt lat="40.671553" lon="-73.961182"><ele>45</ele><time>2026-09-23T21:39:27.000Z</time><extensions><gpxtpx:TrackPointExtension><gpxtpx:hr>126</gpxtpx:hr></gpxtpx:TrackPointExtension></extensions></trkpt>
      <trkpt lat="40.671533" lon="-73.961185"><ele>45</ele><time>2026-09-23T21:39:28.000Z</time><extensions><gpxtpx:TrackPointExtension><gpxtpx:hr>126</gpxtpx:hr></gpxtpx:TrackPointExtension></extensions></trkpt>
      <trkpt lat="40.671514" lon="-73.961195"><ele>45</ele><time>2026-09-23T21:39:29.000Z</time><extensions><gpxtpx:TrackPointExtension><gpxtpx:hr>126</gpxtpx:hr></gpxtpx:TrackPointExtension></extensions></trkpt>
      <trkpt lat="40.671504" lon="-73.961209"><ele>45</ele><time>2026-09-23T21:39:30.000Z</time><extensions><gpxtpx:TrackPointExtension><gpxtpx:hr>125</gpxtpx:hr></gpxtpx:TrackPointExtension></extensions></trkpt>
      <trkpt lat="40.671496" lon="-73.961222"><ele>45</ele><time>2026-09-23T21:39:31.000Z</time><extensions><gpxtpx:TrackPointExtension><gpxtpx:hr>126</gpxtpx:hr></gpxtpx:TrackPointExtension></extensions></trkpt>
      <trkpt lat="40.6715" lon="-73.961223"><ele>44.8</ele><time>2026-09-23T21:39:32.000Z</time><extensions><gpxtpx:TrackPointExtension><gpxtpx:hr>126</gpxtpx:hr></gpxtpx:TrackPointExtension></extensions></trkpt>
      <trkpt lat="40.671504" lon="-73.961224"><ele>44.8</ele><time>2026-09-23T21:39:33.000Z</time><extensions><gpxtpx:TrackPointExtension><gpxtpx:hr>126</gpxtpx:hr></gpxtpx:TrackPointExtension></extensions></trkpt>
      <trkpt lat="40.671504" lon="-73.961224"><ele>44.8</ele><time>2026-09-23T21:39:34.000Z</time><extensions><gpxtpx:TrackPointExtension><gpxtpx:hr>126</gpxtpx:hr></gpxtpx:TrackPointExtension></extensions></trkpt>
      <trkpt lat="40.671504" lon="-73.961224"><ele>44.6</ele><time>2026-09-23T21:39:35.000Z</time><extensions><gpxtpx:TrackPointExtension><gpxtpx:hr>126</gpxtpx:hr></gpxtpx:TrackPointExtension></extensions></trkpt>
      <trkpt lat="40.671504" lon="-73.961224"><ele>44.6</ele><time>2026-09-23T21:39:36.000Z</time><extensions><gpxtpx:TrackPointExtension><gpxtpx:hr>126</gpxtpx:hr></gpxtpx:TrackPointExtension></extensions></trkpt>
      <trkpt lat="40.671505" lon="-73.96122"><ele>44.6</ele><time>2026-09-23T21:39:37.000Z</time><extensions><gpxtpx:TrackPointExtension><gpxtpx:hr>126</gpxtpx:hr></gpxtpx:TrackPointExtension></extensions></trkpt>
      <trkpt lat="40.671374" lon="-73.961249"><ele>45.2</ele><time>2026-09-23T21:39:49.000Z</time><extensions><gpxtpx:TrackPointExtension><gpxtpx:hr>118</gpxtpx:hr></gpxtpx:TrackPointExtension></extensions></trkpt>
      <trkpt lat="40.671349" lon="-73.961252"><ele>45.2</ele><time>2026-09-23T21:39:50.000Z</time><extensions><gpxtpx:TrackPointExtension><gpxtpx:hr>119</gpxtpx:hr></gpxtpx:TrackPointExtension></extensions></trkpt>
      <trkpt lat="40.671323" lon="-73.96126"><ele>45.4</ele><time>2026-09-23T21:39:51.000Z</time><extensions><gpxtpx:TrackPointExtension><gpxtpx:hr>118</gpxtpx:hr></gpxtpx:TrackPointExtension></extensions></trkpt>
      <trkpt lat="40.671298" lon="-73.961274"><ele>45.4</ele><time>2026-09-23T21:39:52.000Z</time><extensions><gpxtpx:TrackPointExtension><gpxtpx:hr>118</gpxtpx:hr></gpxtpx:TrackPointExtension></extensions></trkpt>
      <trkpt lat="40.671278" lon="-73.961279"><ele>45.4</ele><time>2026-09-23T21:39:53.000Z</time><extensions><gpxtpx:TrackPointExtension><gpxtpx:hr>119</gpxtpx:hr></gpxtpx:TrackPointExtension></extensions></trkpt>
      <trkpt lat="40.671255" lon="-73.961289"><ele>45.2</ele><time>2026-09-23T21:39:54.000Z</time><extensions><gpxtpx:TrackPointExtension><gpxtpx:hr>119</gpxtpx:hr></gpxtpx:TrackPointExtension></extensions></trkpt>
      <trkpt lat="40.671242" lon="-73.961304"><ele>45.2</ele><time>2026-09-23T21:39:55.000Z</time><extensions><gpxtpx:TrackPointExtension><gpxtpx:hr>118</gpxtpx:hr></gpxtpx:TrackPointExtension></extensions></trkpt>
      <trkpt lat="40.671237" lon="-73.961315"><ele>45.2</ele><time>2026-09-23T21:39:56.000Z</time><extensions><gpxtpx:TrackPointExtension><gpxtpx:hr>118</gpxtpx:hr></gpxtpx:TrackPointExtension></extensions></trkpt>
      <trkpt lat="40.671241" lon="-73.961323"><ele>45.2</ele><time>2026-09-23T21:39:57.000Z</time><extensions><gpxtpx:TrackPointExtension><gpxtpx:hr>118</gpxtpx:hr></gpxtpx:TrackPointExtension></extensions></trkpt>
      <trkpt lat="40.671242" lon="-73.96133"><ele>45.2</ele><time>2026-09-23T21:39:58.000Z</time><extensions><gpxtpx:TrackPointExtension><gpxtpx:hr>118</gpxtpx:hr></gpxtpx:TrackPointExtension></extensions></trkpt>
      <trkpt lat="40.671242" lon="-73.96133"><ele>45.2</ele><time>2026-09-23T21:39:59.000Z</time><extensions><gpxtpx:TrackPointExtension><gpxtpx:hr>118</gpxtpx:hr></gpxtpx:TrackPointExtension></extensions></trkpt>
      <trkpt lat="40.671242" lon="-73.96133"><ele>45.2</ele><time>2026-09-23T21:40:00.000Z</time><extensions><gpxtpx:TrackPointExtension><gpxtpx:hr>118</gpxtpx:hr></gpxtpx:TrackPointExtension></extensions></trkpt>
      <trkpt lat="40.671242" lon="-73.96133"><ele>45.2</ele><time>2026-09-23T21:40:01.000Z</time><extensions><gpxtpx:TrackPointExtension><gpxtpx:hr>118</gpxtpx:hr></gpxtpx:TrackPointExtension></extensions></trkpt>
      <trkpt lat="40.671242" lon="-73.961331"><ele>45.2</ele><time>2026-09-23T21:40:02.000Z</time><extensions><gpxtpx:TrackPointExtension><gpxtpx:hr>119</gpxtpx:hr></gpxtpx:TrackPointExtension></extensions></trkpt>
      <trkpt lat="40.671242" lon="-73.961338"><ele>45.2</ele><time>2026-09-23T21:40:03.000Z</time><extensions><gpxtpx:TrackPointExtension><gpxtpx:hr>118</gpxtpx:hr></gpxtpx:TrackPointExtension></extensions></trkpt>
      <trkpt lat="40.671247" lon="-73.961453"><ele>45</ele><time>2026-09-23T21:40:19.000Z</time><extensions><gpxtpx:TrackPointExtension><gpxtpx:hr>108</gpxtpx:hr></gpxtpx:TrackPointExtension></extensions></trkpt>
      <trkpt lat="40.671258" lon="-73.961487"><ele>45.2</ele><time>2026-09-23T21:40:20.000Z</time><extensions><gpxtpx:TrackPointExtension><gpxtpx:hr>108</gpxtpx:hr></gpxtpx:TrackPointExtension></extensions></trkpt>
      <trkpt lat="40.671268" lon="-73.961516"><ele>45.2</ele><time>2026-09-23T21:40:21.000Z</time><extensions><gpxtpx:TrackPointExtension><gpxtpx:hr>108</gpxtpx:hr></gpxtpx:TrackPointExtension></extensions></trkpt>
      <trkpt lat="40.671276" lon="-73.961546"><ele>45.4</ele><time>2026-09-23T21:40:22.000Z</time><extensions><gpxtpx:TrackPointExtension><gpxtpx:hr>108</gpxtpx:hr></gpxtpx:TrackPointExtension></extensions></trkpt>
      <trkpt lat="40.671282" lon="-73.961577"><ele>45.6</ele><time>2026-09-23T21:40:23.000Z</time><extensions><gpxtpx:TrackPointExtension><gpxtpx:hr>108</gpxtpx:hr></gpxtpx:TrackPointExtension></extensions></trkpt>
      <trkpt lat="40.67129" lon="-73.961612"><ele>45.6</ele><time>2026-09-23T21:40:24.000Z</time><extensions><gpxtpx:TrackPointExtension><gpxtpx:hr>109</gpxtpx:hr></gpxtpx:TrackPointExtension></extensions></trkpt>
      <trkpt lat="40.671296" lon="-73.961638"><ele>45.6</ele><time>2026-09-23T21:40:25.000Z</time><extensions><gpxtpx:TrackPointExtension><gpxtpx:hr>111</gpxtpx:hr></gpxtpx:TrackPointExtension></extensions></trkpt>
      <trkpt lat="40.671301" lon="-73.96167"><ele>45.8</ele><time>2026-09-23T21:40:26.000Z</time><extensions><gpxtpx:TrackPointExtension><gpxtpx:hr>112</gpxtpx:hr></gpxtpx:TrackPointExtension></extensions></trkpt>
      <trkpt lat="40.671304" lon="-73.961697"><ele>45.8</ele><time>2026-09-23T21:40:27.000Z</time><extensions><gpxtpx:TrackPointExtension><gpxtpx:hr>112</gpxtpx:hr></gpxtpx:TrackPointExtension></extensions></trkpt>
      <trkpt lat="40.671304" lon="-73.961726"><ele>45.8</ele><time>2026-09-23T21:40:28.000Z</time><extensions><gpxtpx:TrackPointExtension><gpxtpx:hr>113</gpxtpx:hr></gpxtpx:TrackPointExtension></extensions></trkpt>
      <trkpt lat="40.671309" lon="-73.96176"><ele>46</ele><time>2026-09-23T21:40:29.000Z</time><extensions><gpxtpx:TrackPointExtension><gpxtpx:hr>113</gpxtpx:hr></gpxtpx:TrackPointExtension></extensions></trkpt>
      <trkpt lat="40.671313" lon="-73.961788"><ele>46</ele><time>2026-09-23T21:40:30.000Z</time><extensions><gpxtpx:TrackPointExtension><gpxtpx:hr>113</gpxtpx:hr></gpxtpx:TrackPointExtension></extensions></trkpt>
      <trkpt lat="40.671321" lon="-73.96182"><ele>46</ele><time>2026-09-23T21:40:31.000Z</time><extensions><gpxtpx:TrackPointExtension><gpxtpx:hr>114</gpxtpx:hr></gpxtpx:TrackPointExtension></extensions></trkpt>
      <trkpt lat="40.671328" lon="-73.96185"><ele>46</ele><time>2026-09-23T21:40:32.000Z</time><extensions><gpxtpx:TrackPointExtension><gpxtpx:hr>114</gpxtpx:hr></gpxtpx:TrackPointExtension></extensions></trkpt>
      <trkpt lat="40.671334" lon="-73.961875"><ele>46</ele><time>2026-09-23T21:40:33.000Z</time><extensions><gpxtpx:TrackPointExtension><gpxtpx:hr>114</gpxtpx:hr></gpxtpx:TrackPointExtension></extensions></trkpt>
      <trkpt lat="40.671343" lon="-73.96191"><ele>46</ele><time>2026-09-23T21:40:34.000Z</time><extensions><gpxtpx:TrackPointExtension><gpxtpx:hr>114</gpxtpx:hr></gpxtpx:TrackPointExtension></extensions></trkpt>
      <trkpt lat="40.671351" lon="-73.961936"><ele>46.2</ele><time>2026-09-23T21:40:35.000Z</time><extensions><gpxtpx:TrackPointExtension><gpxtpx:hr>114</gpxtpx:hr></gpxtpx:TrackPointExtension></extensions></trkpt>
      <trkpt lat="40.671357" lon="-73.961964"><ele>46.2</ele><time>2026-09-23T21:40:36.000Z</time><extensions><gpxtpx:TrackPointExtension><gpxtpx:hr>116</gpxtpx:hr></gpxtpx:TrackPointExtension></extensions></trkpt>
      <trkpt lat="40.671366" lon="-73.961998"><ele>46.2</ele><time>2026-09-23T21:40:37.000Z</time><extensions><gpxtpx:TrackPointExtension><gpxtpx:hr>116</gpxtpx:hr></gpxtpx:TrackPointExtension></extensions></trkpt>
      <trkpt lat="40.671367" lon="-73.962026"><ele>46.2</ele><time>2026-09-23T21:40:38.000Z</time><extensions><gpxtpx:TrackPointExtension><gpxtpx:hr>117</gpxtpx:hr></gpxtpx:TrackPointExtension></extensions></trkpt>
      <trkpt lat="40.671376" lon="-73.962061"><ele>46.2</ele><time>2026-09-23T21:40:39.000Z</time><extensions><gpxtpx:TrackPointExtension><gpxtpx:hr>117</gpxtpx:hr></gpxtpx:TrackPointExtension></extensions></trkpt>
      <trkpt lat="40.671381" lon="-73.962085"><ele>46.4</ele><time>2026-09-23T21:40:40.000Z</time><extensions><gpxtpx:TrackPointExtension><gpxtpx:hr>117</gpxtpx:hr></gpxtpx:TrackPointExtension></extensions></trkpt>
      <trkpt lat="40.671387" lon="-73.962116"><ele>46.6</ele><time>2026-09-23T21:40:41.000Z</time><extensions><gpxtpx:TrackPointExtension><gpxtpx:hr>117</gpxtpx:hr></gpxtpx:TrackPointExtension></extensions></trkpt>
      <trkpt lat="40.671397" lon="-73.962151"><ele>46.6</ele><time>2026-09-23T21:40:42.000Z</time><extensions><gpxtpx:TrackPointExtension><gpxtpx:hr>117</gpxtpx:hr></gpxtpx:TrackPointExtension></extensions></trkpt>
      <trkpt lat="40.671398" lon="-73.962182"><ele>46.8</ele><time>2026-09-23T21:40:43.000Z</time><extensions><gpxtpx:TrackPointExtension><gpxtpx:hr>117</gpxtpx:hr></gpxtpx:TrackPointExtension></extensions></trkpt>
      <trkpt lat="40.671405" lon="-73.962218"><ele>47</ele><time>2026-09-23T21:40:44.000Z</time><extensions><gpxtpx:TrackPointExtension><gpxtpx:hr>118</gpxtpx:hr></gpxtpx:TrackPointExtension></extensions></trkpt>
      <trkpt lat="40.671412" lon="-73.962248"><ele>47.2</ele><time>2026-09-23T21:40:45.000Z</time><extensions><gpxtpx:TrackPointExtension><gpxtpx:hr>118</gpxtpx:hr></gpxtpx:TrackPointExtension></extensions></trkpt>
      <trkpt lat="40.671415" lon="-73.962279"><ele>47.4</ele><time>2026-09-23T21:40:46.000Z</time><extensions><gpxtpx:TrackPointExtension><gpxtpx:hr>119</gpxtpx:hr></gpxtpx:TrackPointExtension></extensions></trkpt>
      <trkpt lat="40.67142" lon="-73.962318"><ele>47.4</ele><time>2026-09-23T21:40:47.000Z</time><extensions><gpxtpx:TrackPointExtension><gpxtpx:hr>119</gpxtpx:hr></gpxtpx:TrackPointExtension></extensions></trkpt>
      <trkpt lat="40.671425" lon="-73.962345"><ele>47.4</ele><time>2026-09-23T21:40:48.000Z</time><extensions><gpxtpx:TrackPointExtension><gpxtpx:hr>119</gpxtpx:hr></gpxtpx:TrackPointExtension></extensions></trkpt>
      <trkpt lat="40.671433" lon="-73.962376"><ele>47.6</ele><time>2026-09-23T21:40:49.000Z</time><extensions><gpxtpx:TrackPointExtension><gpxtpx:hr>120</gpxtpx:hr></gpxtpx:TrackPointExtension></extensions></trkpt>
      <trkpt lat="40.671444" lon="-73.962413"><ele>48</ele><time>2026-09-23T21:40:50.000Z</time><extensions><gpxtpx:TrackPointExtension><gpxtpx:hr>120</gpxtpx:hr></gpxtpx:TrackPointExtension></extensions></trkpt>
      <trkpt lat="40.671447" lon="-73.96244"><ele>48.2</ele><time>2026-09-23T21:40:51.000Z</time><extensions><gpxtpx:TrackPointExtension><gpxtpx:hr>120</gpxtpx:hr></gpxtpx:TrackPointExtension></extensions></trkpt>
      <trkpt lat="40.671458" lon="-73.962478"><ele>48.4</ele><time>2026-09-23T21:40:52.000Z</time><extensions><gpxtpx:TrackPointExtension><gpxtpx:hr>121</gpxtpx:hr></gpxtpx:TrackPointExtension></extensions></trkpt>
      <trkpt lat="40.671468" lon="-73.962516"><ele>48.6</ele><time>2026-09-23T21:40:53.000Z</time><extensions><gpxtpx:TrackPointExtension><gpxtpx:hr>121</gpxtpx:hr></gpxtpx:TrackPointExtension></extensions></trkpt>
      <trkpt lat="40.671472" lon="-73.962545"><ele>48.6</ele><time>2026-09-23T21:40:54.000Z</time><extensions><gpxtpx:TrackPointExtension><gpxtpx:hr>121</gpxtpx:hr></gpxtpx:TrackPointExtension></extensions></trkpt>
      <trkpt lat="40.671484" lon="-73.962578"><ele>48.4</ele><time>2026-09-23T21:40:55.000Z</time><extensions><gpxtpx:TrackPointExtension><gpxtpx:hr>121</gpxtpx:hr></gpxtpx:TrackPointExtension></extensions></trkpt>
      <trkpt lat="40.671494" lon="-73.962618"><ele>48.2</ele><time>2026-09-23T21:40:56.000Z</time><extensions><gpxtpx:TrackPointExtension><gpxtpx:hr>121</gpxtpx:hr></gpxtpx:TrackPointExtension></extensions></trkpt>
      <trkpt lat="40.6715" lon="-73.962649"><ele>48.2</ele><time>2026-09-23T21:40:57.000Z</time><extensions><gpxtpx:TrackPointExtension><gpxtpx:hr>121</gpxtpx:hr></gpxtpx:TrackPointExtension></extensions></trkpt>
      <trkpt lat="40.671515" lon="-73.962678"><ele>48.2</ele><time>2026-09-23T21:40:58.000Z</time><extensions><gpxtpx:TrackPointExtension><gpxtpx:hr>121</gpxtpx:hr></gpxtpx:TrackPointExtension></extensions></trkpt>
      <trkpt lat="40.671529" lon="-73.962706"><ele>48.2</ele><time>2026-09-23T21:40:59.000Z</time><extensions><gpxtpx:TrackPointExtension><gpxtpx:hr>122</gpxtpx:hr></gpxtpx:TrackPointExtension></extensions></trkpt>
      <trkpt lat="40.671536" lon="-73.962724"><ele>48.2</ele><time>2026-09-23T21:41:00.000Z</time><extensions><gpxtpx:TrackPointExtension><gpxtpx:hr>122</gpxtpx:hr></gpxtpx:TrackPointExtension></extensions></trkpt>
      <trkpt lat="40.671545" lon="-73.962751"><ele>48.4</ele><time>2026-09-23T21:41:01.000Z</time><extensions><gpxtpx:TrackPointExtension><gpxtpx:hr>123</gpxtpx:hr></gpxtpx:TrackPointExtension></extensions></trkpt>
      <trkpt lat="40.671552" lon="-73.962776"><ele>48.6</ele><time>2026-09-23T21:41:02.000Z</time><extensions><gpxtpx:TrackPointExtension><gpxtpx:hr>124</gpxtpx:hr></gpxtpx:TrackPointExtension></extensions></trkpt>
      <trkpt lat="40.671561" lon="-73.962801"><ele>48.4</ele><time>2026-09-23T21:41:03.000Z</time><extensions><gpxtpx:TrackPointExtension><gpxtpx:hr>124</gpxtpx:hr></gpxtpx:TrackPointExtension></extensions></trkpt>
      <trkpt lat="40.671573" lon="-73.962829"><ele>48.2</ele><time>2026-09-23T21:41:04.000Z</time><extensions><gpxtpx:TrackPointExtension><gpxtpx:hr>125</gpxtpx:hr></gpxtpx:TrackPointExtension></extensions></trkpt>
      <trkpt lat="40.671576" lon="-73.96286"><ele>48</ele><time>2026-09-23T21:41:05.000Z</time><extensions><gpxtpx:TrackPointExtension><gpxtpx:hr>125</gpxtpx:hr></gpxtpx:TrackPointExtension></extensions></trkpt>
      <trkpt lat="40.67159" lon="-73.962894"><ele>48</ele><time>2026-09-23T21:41:06.000Z</time><extensions><gpxtpx:TrackPointExtension><gpxtpx:hr>125</gpxtpx:hr></gpxtpx:TrackPointExtension></extensions></trkpt>
      <trkpt lat="40.671594" lon="-73.96292"><ele>48</ele><time>2026-09-23T21:41:07.000Z</time><extensions><gpxtpx:TrackPointExtension><gpxtpx:hr>126</gpxtpx:hr></gpxtpx:TrackPointExtension></extensions></trkpt>
      <trkpt lat="40.671594" lon="-73.962953"><ele>48.2</ele><time>2026-09-23T21:41:08.000Z</time><extensions><gpxtpx:TrackPointExtension><gpxtpx:hr>127</gpxtpx:hr></gpxtpx:TrackPointExtension></extensions></trkpt>
      <trkpt lat="40.671588" lon="-73.962987"><ele>48.4</ele><time>2026-09-23T21:41:09.000Z</time><extensions><gpxtpx:TrackPointExtension><gpxtpx:hr>128</gpxtpx:hr></gpxtpx:TrackPointExtension></extensions></trkpt>
      <trkpt lat="40.67158" lon="-73.963017"><ele>48.6</ele><time>2026-09-23T21:41:10.000Z</time><extensions><gpxtpx:TrackPointExtension><gpxtpx:hr>128</gpxtpx:hr></gpxtpx:TrackPointExtension></extensions></trkpt>
      <trkpt lat="40.671579" lon="-73.963056"><ele>48.8</ele><time>2026-09-23T21:41:11.000Z</time><extensions><gpxtpx:TrackPointExtension><gpxtpx:hr>127</gpxtpx:hr></gpxtpx:TrackPointExtension></extensions></trkpt>
      <trkpt lat="40.671577" lon="-73.96309"><ele>48.8</ele><time>2026-09-23T21:41:12.000Z</time><extensions><gpxtpx:TrackPointExtension><gpxtpx:hr>127</gpxtpx:hr></gpxtpx:TrackPointExtension></extensions></trkpt>
      <trkpt lat="40.671566" lon="-73.963123"><ele>49</ele><time>2026-09-23T21:41:13.000Z</time><extensions><gpxtpx:TrackPointExtension><gpxtpx:hr>127</gpxtpx:hr></gpxtpx:TrackPointExtension></extensions></trkpt>
      <trkpt lat="40.671569" lon="-73.963165"><ele>49</ele><time>2026-09-23T21:41:14.000Z</time><extensions><gpxtpx:TrackPointExtension><gpxtpx:hr>127</gpxtpx:hr></gpxtpx:TrackPointExtension></extensions></trkpt>
      <trkpt lat="40.671573" lon="-73.963201"><ele>48.6</ele><time>2026-09-23T21:41:15.000Z</time><extensions><gpxtpx:TrackPointExtension><gpxtpx:hr>127</gpxtpx:hr></gpxtpx:TrackPointExtension></extensions></trkpt>
      <trkpt lat="40.671574" lon="-73.963238"><ele>48.4</ele><time>2026-09-23T21:41:16.000Z</time><extensions><gpxtpx:TrackPointExtension><gpxtpx:hr>127</gpxtpx:hr></gpxtpx:TrackPointExtension></extensions></trkpt>
      <trkpt lat="40.671583" lon="-73.963273"><ele>48.2</ele><time>2026-09-23T21:41:17.000Z</time><extensions><gpxtpx:TrackPointExtension><gpxtpx:hr>128</gpxtpx:hr></gpxtpx:TrackPointExtension></extensions></trkpt>
      <trkpt lat="40.671598" lon="-73.963303"><ele>48.4</ele><time>2026-09-23T21:41:18.000Z</time><extensions><gpxtpx:TrackPointExtension><gpxtpx:hr>128</gpxtpx:hr></gpxtpx:TrackPointExtension></extensions></trkpt>
      <trkpt lat="40.671611" lon="-73.963333"><ele>48.4</ele><time>2026-09-23T21:41:19.000Z</time><extensions><gpxtpx:TrackPointExtension><gpxtpx:hr>129</gpxtpx:hr></gpxtpx:TrackPointExtension></extensions></trkpt>
      <trkpt lat="40.671626" lon="-73.963365"><ele>48.8</ele><time>2026-09-23T21:41:20.000Z</time><extensions><gpxtpx:TrackPointExtension><gpxtpx:hr>129</gpxtpx:hr></gpxtpx:TrackPointExtension></extensions></trkpt>
      <trkpt lat="40.671631" lon="-73.963398"><ele>49.2</ele><time>2026-09-23T21:41:21.000Z</time><extensions><gpxtpx:TrackPointExtension><gpxtpx:hr>128</gpxtpx:hr></gpxtpx:TrackPointExtension></extensions></trkpt>
      <trkpt lat="40.671651" lon="-73.963434"><ele>49.6</ele><time>2026-09-23T21:41:22.000Z</time><extensions><gpxtpx:TrackPointExtension><gpxtpx:hr>128</gpxtpx:hr></gpxtpx:TrackPointExtension></extensions></trkpt>
      <trkpt lat="40.671662" lon="-73.963459"><ele>49.8</ele><time>2026-09-23T21:41:23.000Z</time><extensions><gpxtpx:TrackPointExtension><gpxtpx:hr>127</gpxtpx:hr></gpxtpx:TrackPointExtension></extensions></trkpt>
      <trkpt lat="40.671678" lon="-73.963485"><ele>50.2</ele><time>2026-09-23T21:41:24.000Z</time><extensions><gpxtpx:TrackPointExtension><gpxtpx:hr>127</gpxtpx:hr></gpxtpx:TrackPointExtension></extensions></trkpt>
      <trkpt lat="40.671691" lon="-73.96351"><ele>50.4</ele><time>2026-09-23T21:41:25.000Z</time><extensions><gpxtpx:TrackPointExtension><gpxtpx:hr>127</gpxtpx:hr></gpxtpx:TrackPointExtension></extensions></trkpt>
      <trkpt lat="40.671696" lon="-73.963542"><ele>50.4</ele><time>2026-09-23T21:41:26.000Z</time><extensions><gpxtpx:TrackPointExtension><gpxtpx:hr>127</gpxtpx:hr></gpxtpx:TrackPointExtension></extensions></trkpt>
      <trkpt lat="40.671705" lon="-73.963574"><ele>50.4</ele><time>2026-09-23T21:41:27.000Z</time><extensions><gpxtpx:TrackPointExtension><gpxtpx:hr>127</gpxtpx:hr></gpxtpx:TrackPointExtension></extensions></trkpt>
      <trkpt lat="40.671709" lon="-73.963604"><ele>50.6</ele><time>2026-09-23T21:41:28.000Z</time><extensions><gpxtpx:TrackPointExtension><gpxtpx:hr>127</gpxtpx:hr></gpxtpx:TrackPointExtension></extensions></trkpt>
      <trkpt lat="40.671716" lon="-73.963638"><ele>50.8</ele><time>2026-09-23T21:41:29.000Z</time><extensions><gpxtpx:TrackPointExtension><gpxtpx:hr>128</gpxtpx:hr></gpxtpx:TrackPointExtension></extensions></trkpt>
      <trkpt lat="40.671719" lon="-73.963664"><ele>50.8</ele><time>2026-09-23T21:41:30.000Z</time><extensions><gpxtpx:TrackPointExtension><gpxtpx:hr>129</gpxtpx:hr></gpxtpx:TrackPointExtension></extensions></trkpt>
      <trkpt lat="40.67173" lon="-73.9637"><ele>51.2</ele><time>2026-09-23T21:41:31.000Z</time><extensions><gpxtpx:TrackPointExtension><gpxtpx:hr>130</gpxtpx:hr></gpxtpx:TrackPointExtension></extensions></trkpt>
      <trkpt lat="40.671739" lon="-73.963726"><ele>51.4</ele><time>2026-09-23T21:41:32.000Z</time><extensions><gpxtpx:TrackPointExtension><gpxtpx:hr>131</gpxtpx:hr></gpxtpx:TrackPointExtension></extensions></trkpt>
      <trkpt lat="40.671749" lon="-73.963756"><ele>51.6</ele><time>2026-09-23T21:41:33.000Z</time><extensions><gpxtpx:TrackPointExtension><gpxtpx:hr>131</gpxtpx:hr></gpxtpx:TrackPointExtension></extensions></trkpt>
      <trkpt lat="40.671759" lon="-73.963792"><ele>51.6</ele><time>2026-09-23T21:41:34.000Z</time><extensions><gpxtpx:TrackPointExtension><gpxtpx:hr>131</gpxtpx:hr></gpxtpx:TrackPointExtension></extensions></trkpt>
      <trkpt lat="40.671767" lon="-73.963823"><ele>51.6</ele><time>2026-09-23T21:41:35.000Z</time><extensions><gpxtpx:TrackPointExtension><gpxtpx:hr>131</gpxtpx:hr></gpxtpx:TrackPointExtension></extensions></trkpt>
      <trkpt lat="40.671777" lon="-73.963865"><ele>52</ele><time>2026-09-23T21:41:36.000Z</time><extensions><gpxtpx:TrackPointExtension><gpxtpx:hr>131</gpxtpx:hr></gpxtpx:TrackPointExtension></extensions></trkpt>
      <trkpt lat="40.671782" lon="-73.9639"><ele>52.2</ele><time>2026-09-23T21:41:37.000Z</time><extensions><gpxtpx:TrackPointExtension><gpxtpx:hr>131</gpxtpx:hr></gpxtpx:TrackPointExtension></extensions></trkpt>
      <trkpt lat="40.671796" lon="-73.963937"><ele>52.2</ele><time>2026-09-23T21:41:38.000Z</time><extensions><gpxtpx:TrackPointExtension><gpxtpx:hr>132</gpxtpx:hr></gpxtpx:TrackPointExtension></extensions></trkpt>
      <trkpt lat="40.671806" lon="-73.96397"><ele>52.4</ele><time>2026-09-23T21:41:39.000Z</time><extensions><gpxtpx:TrackPointExtension><gpxtpx:hr>132</gpxtpx:hr></gpxtpx:TrackPointExtension></extensions></trkpt>
      <trkpt lat="40.671814" lon="-73.964006"><ele>52.6</ele><time>2026-09-23T21:41:40.000Z</time><extensions><gpxtpx:TrackPointExtension><gpxtpx:hr>133</gpxtpx:hr></gpxtpx:TrackPointExtension></extensions></trkpt>
      <trkpt lat="40.671824" lon="-73.964046"><ele>52.4</ele><time>2026-09-23T21:41:41.000Z</time><extensions><gpxtpx:TrackPointExtension><gpxtpx:hr>133</gpxtpx:hr></gpxtpx:TrackPointExtension></extensions></trkpt>
      <trkpt lat="40.671826" lon="-73.964076"><ele>52.2</ele><time>2026-09-23T21:41:42.000Z</time><extensions><gpxtpx:TrackPointExtension><gpxtpx:hr>134</gpxtpx:hr></gpxtpx:TrackPointExtension></extensions></trkpt>
      <trkpt lat="40.671839" lon="-73.964108"><ele>52.4</ele><time>2026-09-23T21:41:43.000Z</time><extensions><gpxtpx:TrackPointExtension><gpxtpx:hr>134</gpxtpx:hr></gpxtpx:TrackPointExtension></extensions></trkpt>
      <trkpt lat="40.67185" lon="-73.964138"><ele>52.6</ele><time>2026-09-23T21:41:44.000Z</time><extensions><gpxtpx:TrackPointExtension><gpxtpx:hr>134</gpxtpx:hr></gpxtpx:TrackPointExtension></extensions></trkpt>
      <trkpt lat="40.671857" lon="-73.964165"><ele>52.8</ele><time>2026-09-23T21:41:45.000Z</time><extensions><gpxtpx:TrackPointExtension><gpxtpx:hr>135</gpxtpx:hr></gpxtpx:TrackPointExtension></extensions></trkpt>
      <trkpt lat="40.671869" lon="-73.964197"><ele>52.8</ele><time>2026-09-23T21:41:46.000Z</time><extensions><gpxtpx:TrackPointExtension><gpxtpx:hr>136</gpxtpx:hr></gpxtpx:TrackPointExtension></extensions></trkpt>
      <trkpt lat="40.671882" lon="-73.964218"><ele>52.8</ele><time>2026-09-23T21:41:47.000Z</time><extensions><gpxtpx:TrackPointExtension><gpxtpx:hr>137</gpxtpx:hr></gpxtpx:TrackPointExtension></extensions></trkpt>
      <trkpt lat="40.671893" lon="-73.964246"><ele>53</ele><time>2026-09-23T21:41:48.000Z</time><extensions><gpxtpx:TrackPointExtension><gpxtpx:hr>137</gpxtpx:hr></gpxtpx:TrackPointExtension></extensions></trkpt>
      <trkpt lat="40.671903" lon="-73.96428"><ele>52.8</ele><time>2026-09-23T21:41:49.000Z</time><extensions><gpxtpx:TrackPointExtension><gpxtpx:hr>138</gpxtpx:hr></gpxtpx:TrackPointExtension></extensions></trkpt>
      <trkpt lat="40.671899" lon="-73.964306"><ele>52.8</ele><time>2026-09-23T21:41:50.000Z</time><extensions><gpxtpx:TrackPointExtension><gpxtpx:hr>138</gpxtpx:hr></gpxtpx:TrackPointExtension></extensions></trkpt>
      <trkpt lat="40.671909" lon="-73.964336"><ele>52.8</ele><time>2026-09-23T21:41:51.000Z</time><extensions><gpxtpx:TrackPointExtension><gpxtpx:hr>138</gpxtpx:hr></gpxtpx:TrackPointExtension></extensions></trkpt>
      <trkpt lat="40.671921" lon="-73.964367"><ele>52.8</ele><time>2026-09-23T21:41:52.000Z</time><extensions><gpxtpx:TrackPointExtension><gpxtpx:hr>139</gpxtpx:hr></gpxtpx:TrackPointExtension></extensions></trkpt>
      <trkpt lat="40.671931" lon="-73.964396"><ele>52.8</ele><time>2026-09-23T21:41:53.000Z</time><extensions><gpxtpx:TrackPointExtension><gpxtpx:hr>138</gpxtpx:hr></gpxtpx:TrackPointExtension></extensions></trkpt>
      <trkpt lat="40.671953" lon="-73.964428"><ele>52.6</ele><time>2026-09-23T21:41:54.000Z</time><extensions><gpxtpx:TrackPointExtension><gpxtpx:hr>138</gpxtpx:hr></gpxtpx:TrackPointExtension></extensions></trkpt>
      <trkpt lat="40.671968" lon="-73.964448"><ele>52.6</ele><time>2026-09-23T21:41:55.000Z</time><extensions><gpxtpx:TrackPointExtension><gpxtpx:hr>138</gpxtpx:hr></gpxtpx:TrackPointExtension></extensions></trkpt>
      <trkpt lat="40.671983" lon="-73.964469"><ele>52.4</ele><time>2026-09-23T21:41:56.000Z</time><extensions><gpxtpx:TrackPointExtension><gpxtpx:hr>137</gpxtpx:hr></gpxtpx:TrackPointExtension></extensions></trkpt>
      <trkpt lat="40.671998" lon="-73.964495"><ele>52.6</ele><time>2026-09-23T21:41:57.000Z</time><extensions><gpxtpx:TrackPointExtension><gpxtpx:hr>138</gpxtpx:hr></gpxtpx:TrackPointExtension></extensions></trkpt>
      <trkpt lat="40.672004" lon="-73.964521"><ele>52.6</ele><time>2026-09-23T21:41:58.000Z</time><extensions><gpxtpx:TrackPointExtension><gpxtpx:hr>138</gpxtpx:hr></gpxtpx:TrackPointExtension></extensions></trkpt>
      <trkpt lat="40.672018" lon="-73.964548"><ele>53</ele><time>2026-09-23T21:41:59.000Z</time><extensions><gpxtpx:TrackPointExtension><gpxtpx:hr>138</gpxtpx:hr></gpxtpx:TrackPointExtension></extensions></trkpt>
      <trkpt lat="40.672022" lon="-73.964575"><ele>53.2</ele><time>2026-09-23T21:42:00.000Z</time><extensions><gpxtpx:TrackPointExtension><gpxtpx:hr>137</gpxtpx:hr></gpxtpx:TrackPointExtension></extensions></trkpt>
      <trkpt lat="40.672021" lon="-73.964607"><ele>53.4</ele><time>2026-09-23T21:42:01.000Z</time><extensions><gpxtpx:TrackPointExtension><gpxtpx:hr>137</gpxtpx:hr></gpxtpx:TrackPointExtension></extensions></trkpt>
      <trkpt lat="40.67202" lon="-73.964642"><ele>53.6</ele><time>2026-09-23T21:42:02.000Z</time><extensions><gpxtpx:TrackPointExtension><gpxtpx:hr>136</gpxtpx:hr></gpxtpx:TrackPointExtension></extensions></trkpt>
      <trkpt lat="40.672029" lon="-73.964664"><ele>53.6</ele><time>2026-09-23T21:42:03.000Z</time><extensions><gpxtpx:TrackPointExtension><gpxtpx:hr>136</gpxtpx:hr></gpxtpx:TrackPointExtension></extensions></trkpt>
      <trkpt lat="40.672042" lon="-73.964681"><ele>53.8</ele><time>2026-09-23T21:42:04.000Z</time><extensions><gpxtpx:TrackPointExtension><gpxtpx:hr>136</gpxtpx:hr></gpxtpx:TrackPointExtension></extensions></trkpt>
      <trkpt lat="40.672059" lon="-73.964699"><ele>53.8</ele><time>2026-09-23T21:42:05.000Z</time><extensions><gpxtpx:TrackPointExtension><gpxtpx:hr>136</gpxtpx:hr></gpxtpx:TrackPointExtension></extensions></trkpt>
      <trkpt lat="40.672071" lon="-73.964717"><ele>53.8</ele><time>2026-09-23T21:42:06.000Z</time><extensions><gpxtpx:TrackPointExtension><gpxtpx:hr>136</gpxtpx:hr></gpxtpx:TrackPointExtension></extensions></trkpt>
      <trkpt lat="40.672073" lon="-73.96475"><ele>53.8</ele><time>2026-09-23T21:42:07.000Z</time><extensions><gpxtpx:TrackPointExtension><gpxtpx:hr>136</gpxtpx:hr></gpxtpx:TrackPointExtension></extensions></trkpt>
      <trkpt lat="40.672082" lon="-73.96479"><ele>53.6</ele><time>2026-09-23T21:42:08.000Z</time><extensions><gpxtpx:TrackPointExtension><gpxtpx:hr>137</gpxtpx:hr></gpxtpx:TrackPointExtension></extensions></trkpt>
      <trkpt lat="40.67209" lon="-73.964821"><ele>53.6</ele><time>2026-09-23T21:42:09.000Z</time><extensions><gpxtpx:TrackPointExtension><gpxtpx:hr>137</gpxtpx:hr></gpxtpx:TrackPointExtension></extensions></trkpt>
      <trkpt lat="40.672101" lon="-73.964853"><ele>53.6</ele><time>2026-09-23T21:42:10.000Z</time><extensions><gpxtpx:TrackPointExtension><gpxtpx:hr>136</gpxtpx:hr></gpxtpx:TrackPointExtension></extensions></trkpt>
      <trkpt lat="40.672111" lon="-73.96489"><ele>53.6</ele><time>2026-09-23T21:42:11.000Z</time><extensions><gpxtpx:TrackPointExtension><gpxtpx:hr>136</gpxtpx:hr></gpxtpx:TrackPointExtension></extensions></trkpt>
      <trkpt lat="40.672118" lon="-73.964927"><ele>53.6</ele><time>2026-09-23T21:42:12.000Z</time><extensions><gpxtpx:TrackPointExtension><gpxtpx:hr>136</gpxtpx:hr></gpxtpx:TrackPointExtension></extensions></trkpt>
      <trkpt lat="40.672131" lon="-73.964961"><ele>53.8</ele><time>2026-09-23T21:42:13.000Z</time><extensions><gpxtpx:TrackPointExtension><gpxtpx:hr>135</gpxtpx:hr></gpxtpx:TrackPointExtension></extensions></trkpt>
      <trkpt lat="40.672141" lon="-73.96499"><ele>53.8</ele><time>2026-09-23T21:42:14.000Z</time><extensions><gpxtpx:TrackPointExtension><gpxtpx:hr>135</gpxtpx:hr></gpxtpx:TrackPointExtension></extensions></trkpt>
      <trkpt lat="40.672149" lon="-73.965017"><ele>53.8</ele><time>2026-09-23T21:42:15.000Z</time><extensions><gpxtpx:TrackPointExtension><gpxtpx:hr>135</gpxtpx:hr></gpxtpx:TrackPointExtension></extensions></trkpt>
      <trkpt lat="40.672155" lon="-73.965051"><ele>54</ele><time>2026-09-23T21:42:16.000Z</time><extensions><gpxtpx:TrackPointExtension><gpxtpx:hr>135</gpxtpx:hr></gpxtpx:TrackPointExtension></extensions></trkpt>
      <trkpt lat="40.672158" lon="-73.965079"><ele>54</ele><time>2026-09-23T21:42:17.000Z</time><extensions><gpxtpx:TrackPointExtension><gpxtpx:hr>136</gpxtpx:hr></gpxtpx:TrackPointExtension></extensions></trkpt>
      <trkpt lat="40.672164" lon="-73.965113"><ele>54</ele><time>2026-09-23T21:42:18.000Z</time><extensions><gpxtpx:TrackPointExtension><gpxtpx:hr>137</gpxtpx:hr></gpxtpx:TrackPointExtension></extensions></trkpt>
      <trkpt lat="40.672171" lon="-73.965147"><ele>54</ele><time>2026-09-23T21:42:19.000Z</time><extensions><gpxtpx:TrackPointExtension><gpxtpx:hr>138</gpxtpx:hr></gpxtpx:TrackPointExtension></extensions></trkpt>
      <trkpt lat="40.672182" lon="-73.965175"><ele>54</ele><time>2026-09-23T21:42:20.000Z</time><extensions><gpxtpx:TrackPointExtension><gpxtpx:hr>139</gpxtpx:hr></gpxtpx:TrackPointExtension></extensions></trkpt>
      <trkpt lat="40.672198" lon="-73.965209"><ele>54</ele><time>2026-09-23T21:42:21.000Z</time><extensions><gpxtpx:TrackPointExtension><gpxtpx:hr>140</gpxtpx:hr></gpxtpx:TrackPointExtension></extensions></trkpt>
      <trkpt lat="40.672208" lon="-73.965236"><ele>54</ele><time>2026-09-23T21:42:22.000Z</time><extensions><gpxtpx:TrackPointExtension><gpxtpx:hr>141</gpxtpx:hr></gpxtpx:TrackPointExtension></extensions></trkpt>
      <trkpt lat="40.672224" lon="-73.965265"><ele>54</ele><time>2026-09-23T21:42:23.000Z</time><extensions><gpxtpx:TrackPointExtension><gpxtpx:hr>141</gpxtpx:hr></gpxtpx:TrackPointExtension></extensions></trkpt>
      <trkpt lat="40.67224" lon="-73.965291"><ele>53.8</ele><time>2026-09-23T21:42:24.000Z</time><extensions><gpxtpx:TrackPointExtension><gpxtpx:hr>140</gpxtpx:hr></gpxtpx:TrackPointExtension></extensions></trkpt>
      <trkpt lat="40.672251" lon="-73.96532"><ele>53.8</ele><time>2026-09-23T21:42:25.000Z</time><extensions><gpxtpx:TrackPointExtension><gpxtpx:hr>140</gpxtpx:hr></gpxtpx:TrackPointExtension></extensions></trkpt>
      <trkpt lat="40.672265" lon="-73.965356"><ele>53.8</ele><time>2026-09-23T21:42:26.000Z</time><extensions><gpxtpx:TrackPointExtension><gpxtpx:hr>140</gpxtpx:hr></gpxtpx:TrackPointExtension></extensions></trkpt>
      <trkpt lat="40.672272" lon="-73.965386"><ele>53.8</ele><time>2026-09-23T21:42:27.000Z</time><extensions><gpxtpx:TrackPointExtension><gpxtpx:hr>139</gpxtpx:hr></gpxtpx:TrackPointExtension></extensions></trkpt>
      <trkpt lat="40.672283" lon="-73.965424"><ele>53.8</ele><time>2026-09-23T21:42:28.000Z</time><extensions><gpxtpx:TrackPointExtension><gpxtpx:hr>139</gpxtpx:hr></gpxtpx:TrackPointExtension></extensions></trkpt>
      <trkpt lat="40.67229" lon="-73.965453"><ele>53.6</ele><time>2026-09-23T21:42:29.000Z</time><extensions><gpxtpx:TrackPointExtension><gpxtpx:hr>139</gpxtpx:hr></gpxtpx:TrackPointExtension></extensions></trkpt>
      <trkpt lat="40.672299" lon="-73.965483"><ele>53.8</ele><time>2026-09-23T21:42:30.000Z</time><extensions><gpxtpx:TrackPointExtension><gpxtpx:hr>139</gpxtpx:hr></gpxtpx:TrackPointExtension></extensions></trkpt>
      <trkpt lat="40.672302" lon="-73.965513"><ele>53.8</ele><time>2026-09-23T21:42:31.000Z</time><extensions><gpxtpx:TrackPointExtension><gpxtpx:hr>138</gpxtpx:hr></gpxtpx:TrackPointExtension></extensions></trkpt>
      <trkpt lat="40.67231" lon="-73.965543"><ele>53.8</ele><time>2026-09-23T21:42:32.000Z</time><extensions><gpxtpx:TrackPointExtension><gpxtpx:hr>138</gpxtpx:hr></gpxtpx:TrackPointExtension></extensions></trkpt>
      <trkpt lat="40.67232" lon="-73.965575"><ele>53.6</ele><time>2026-09-23T21:42:33.000Z</time><extensions><gpxtpx:TrackPointExtension><gpxtpx:hr>138</gpxtpx:hr></gpxtpx:TrackPointExtension></extensions></trkpt>
      <trkpt lat="40.672328" lon="-73.965605"><ele>53.6</ele><time>2026-09-23T21:42:34.000Z</time><extensions><gpxtpx:TrackPointExtension><gpxtpx:hr>138</gpxtpx:hr></gpxtpx:TrackPointExtension></extensions></trkpt>
      <trkpt lat="40.672338" lon="-73.965642"><ele>53.4</ele><time>2026-09-23T21:42:35.000Z</time><extensions><gpxtpx:TrackPointExtension><gpxtpx:hr>138</gpxtpx:hr></gpxtpx:TrackPointExtension></extensions></trkpt>
      <trkpt lat="40.672346" lon="-73.965671"><ele>53.2</ele><time>2026-09-23T21:42:36.000Z</time><extensions><gpxtpx:TrackPointExtension><gpxtpx:hr>138</gpxtpx:hr></gpxtpx:TrackPointExtension></extensions></trkpt>
      <trkpt lat="40.672357" lon="-73.965709"><ele>53</ele><time>2026-09-23T21:42:37.000Z</time><extensions><gpxtpx:TrackPointExtension><gpxtpx:hr>138</gpxtpx:hr></gpxtpx:TrackPointExtension></extensions></trkpt>
      <trkpt lat="40.672364" lon="-73.965736"><ele>53</ele><time>2026-09-23T21:42:38.000Z</time><extensions><gpxtpx:TrackPointExtension><gpxtpx:hr>138</gpxtpx:hr></gpxtpx:TrackPointExtension></extensions></trkpt>
      <trkpt lat="40.672375" lon="-73.965774"><ele>53</ele><time>2026-09-23T21:42:39.000Z</time><extensions><gpxtpx:TrackPointExtension><gpxtpx:hr>139</gpxtpx:hr></gpxtpx:TrackPointExtension></extensions></trkpt>
      <trkpt lat="40.672376" lon="-73.965802"><ele>53</ele><time>2026-09-23T21:42:40.000Z</time><extensions><gpxtpx:TrackPointExtension><gpxtpx:hr>138</gpxtpx:hr></gpxtpx:TrackPointExtension></extensions></trkpt>
      <trkpt lat="40.67238" lon="-73.965836"><ele>53</ele><time>2026-09-23T21:42:41.000Z</time><extensions><gpxtpx:TrackPointExtension><gpxtpx:hr>138</gpxtpx:hr></gpxtpx:TrackPointExtension></extensions></trkpt>
      <trkpt lat="40.672382" lon="-73.965869"><ele>52.8</ele><time>2026-09-23T21:42:42.000Z</time><extensions><gpxtpx:TrackPointExtension><gpxtpx:hr>138</gpxtpx:hr></gpxtpx:TrackPointExtension></extensions></trkpt>
      <trkpt lat="40.672388" lon="-73.96591"><ele>52.8</ele><time>2026-09-23T21:42:43.000Z</time><extensions><gpxtpx:TrackPointExtension><gpxtpx:hr>137</gpxtpx:hr></gpxtpx:TrackPointExtension></extensions></trkpt>
      <trkpt lat="40.672397" lon="-73.965944"><ele>52.6</ele><time>2026-09-23T21:42:44.000Z</time><extensions><gpxtpx:TrackPointExtension><gpxtpx:hr>136</gpxtpx:hr></gpxtpx:TrackPointExtension></extensions></trkpt>
      <trkpt lat="40.672408" lon="-73.96598"><ele>52.6</ele><time>2026-09-23T21:42:45.000Z</time><extensions><gpxtpx:TrackPointExtension><gpxtpx:hr>136</gpxtpx:hr></gpxtpx:TrackPointExtension></extensions></trkpt>
      <trkpt lat="40.672414" lon="-73.966015"><ele>52.4</ele><time>2026-09-23T21:42:46.000Z</time><extensions><gpxtpx:TrackPointExtension><gpxtpx:hr>136</gpxtpx:hr></gpxtpx:TrackPointExtension></extensions></trkpt>
      <trkpt lat="40.672421" lon="-73.966047"><ele>52.4</ele><time>2026-09-23T21:42:47.000Z</time><extensions><gpxtpx:TrackPointExtension><gpxtpx:hr>135</gpxtpx:hr></gpxtpx:TrackPointExtension></extensions></trkpt>
      <trkpt lat="40.672432" lon="-73.966081"><ele>52.2</ele><time>2026-09-23T21:42:48.000Z</time><extensions><gpxtpx:TrackPointExtension><gpxtpx:hr>135</gpxtpx:hr></gpxtpx:TrackPointExtension></extensions></trkpt>
      <trkpt lat="40.672441" lon="-73.96611"><ele>52.2</ele><time>2026-09-23T21:42:49.000Z</time><extensions><gpxtpx:TrackPointExtension><gpxtpx:hr>135</gpxtpx:hr></gpxtpx:TrackPointExtension></extensions></trkpt>
      <trkpt lat="40.67246" lon="-73.966138"><ele>52</ele><time>2026-09-23T21:42:50.000Z</time><extensions><gpxtpx:TrackPointExtension><gpxtpx:hr>134</gpxtpx:hr></gpxtpx:TrackPointExtension></extensions></trkpt>
      <trkpt lat="40.672469" lon="-73.966163"><ele>52</ele><time>2026-09-23T21:42:51.000Z</time><extensions><gpxtpx:TrackPointExtension><gpxtpx:hr>134</gpxtpx:hr></gpxtpx:TrackPointExtension></extensions></trkpt>
      <trkpt lat="40.672483" lon="-73.966194"><ele>52</ele><time>2026-09-23T21:42:52.000Z</time><extensions><gpxtpx:TrackPointExtension><gpxtpx:hr>134</gpxtpx:hr></gpxtpx:TrackPointExtension></extensions></trkpt>
      <trkpt lat="40.672491" lon="-73.966215"><ele>51.8</ele><time>2026-09-23T21:42:53.000Z</time><extensions><gpxtpx:TrackPointExtension><gpxtpx:hr>133</gpxtpx:hr></gpxtpx:TrackPointExtension></extensions></trkpt>
      <trkpt lat="40.6725" lon="-73.96625"><ele>51.6</ele><time>2026-09-23T21:42:54.000Z</time><extensions><gpxtpx:TrackPointExtension><gpxtpx:hr>133</gpxtpx:hr></gpxtpx:TrackPointExtension></extensions></trkpt>
      <trkpt lat="40.672507" lon="-73.966276"><ele>51.6</ele><time>2026-09-23T21:42:55.000Z</time><extensions><gpxtpx:TrackPointExtension><gpxtpx:hr>133</gpxtpx:hr></gpxtpx:TrackPointExtension></extensions></trkpt>
      <trkpt lat="40.672519" lon="-73.966318"><ele>51.6</ele><time>2026-09-23T21:42:56.000Z</time><extensions><gpxtpx:TrackPointExtension><gpxtpx:hr>133</gpxtpx:hr></gpxtpx:TrackPointExtension></extensions></trkpt>
      <trkpt lat="40.672532" lon="-73.966349"><ele>51.8</ele><time>2026-09-23T21:42:57.000Z</time><extensions><gpxtpx:TrackPointExtension><gpxtpx:hr>133</gpxtpx:hr></gpxtpx:TrackPointExtension></extensions></trkpt>
      <trkpt lat="40.672535" lon="-73.966383"><ele>51.8</ele><time>2026-09-23T21:42:58.000Z</time><extensions><gpxtpx:TrackPointExtension><gpxtpx:hr>132</gpxtpx:hr></gpxtpx:TrackPointExtension></extensions></trkpt>
      <trkpt lat="40.672537" lon="-73.966416"><ele>51.6</ele><time>2026-09-23T21:42:59.000Z</time><extensions><gpxtpx:TrackPointExtension><gpxtpx:hr>132</gpxtpx:hr></gpxtpx:TrackPointExtension></extensions></trkpt>
      <trkpt lat="40.672539" lon="-73.966449"><ele>51.6</ele><time>2026-09-23T21:43:00.000Z</time><extensions><gpxtpx:TrackPointExtension><gpxtpx:hr>132</gpxtpx:hr></gpxtpx:TrackPointExtension></extensions></trkpt>
      <trkpt lat="40.672543" lon="-73.96649"><ele>51.4</ele><time>2026-09-23T21:43:01.000Z</time><extensions><gpxtpx:TrackPointExtension><gpxtpx:hr>130</gpxtpx:hr></gpxtpx:TrackPointExtension></extensions></trkpt>
      <trkpt lat="40.672546" lon="-73.966524"><ele>51.2</ele><time>2026-09-23T21:43:02.000Z</time><extensions><gpxtpx:TrackPointExtension><gpxtpx:hr>129</gpxtpx:hr></gpxtpx:TrackPointExtension></extensions></trkpt>
      <trkpt lat="40.672565" lon="-73.96656"><ele>51.2</ele><time>2026-09-23T21:43:03.000Z</time><extensions><gpxtpx:TrackPointExtension><gpxtpx:hr>128</gpxtpx:hr></gpxtpx:TrackPointExtension></extensions></trkpt>
      <trkpt lat="40.672574" lon="-73.966591"><ele>51</ele><time>2026-09-23T21:43:04.000Z</time><extensions><gpxtpx:TrackPointExtension><gpxtpx:hr>128</gpxtpx:hr></gpxtpx:TrackPointExtension></extensions></trkpt>
      <trkpt lat="40.672582" lon="-73.966631"><ele>51</ele><time>2026-09-23T21:43:05.000Z</time><extensions><gpxtpx:TrackPointExtension><gpxtpx:hr>127</gpxtpx:hr></gpxtpx:TrackPointExtension></extensions></trkpt>
      <trkpt lat="40.672592" lon="-73.966661"><ele>50.8</ele><time>2026-09-23T21:43:06.000Z</time><extensions><gpxtpx:TrackPointExtension><gpxtpx:hr>128</gpxtpx:hr></gpxtpx:TrackPointExtension></extensions></trkpt>
      <trkpt lat="40.672603" lon="-73.966696"><ele>50.8</ele><time>2026-09-23T21:43:07.000Z</time><extensions><gpxtpx:TrackPointExtension><gpxtpx:hr>129</gpxtpx:hr></gpxtpx:TrackPointExtension></extensions></trkpt>
      <trkpt lat="40.672608" lon="-73.966723"><ele>50.8</ele><time>2026-09-23T21:43:08.000Z</time><extensions><gpxtpx:TrackPointExtension><gpxtpx:hr>129</gpxtpx:hr></gpxtpx:TrackPointExtension></extensions></trkpt>
      <trkpt lat="40.672616" lon="-73.966759"><ele>50.8</ele><time>2026-09-23T21:43:09.000Z</time><extensions><gpxtpx:TrackPointExtension><gpxtpx:hr>130</gpxtpx:hr></gpxtpx:TrackPointExtension></extensions></trkpt>
      <trkpt lat="40.672628" lon="-73.96679"><ele>50.8</ele><time>2026-09-23T21:43:10.000Z</time><extensions><gpxtpx:TrackPointExtension><gpxtpx:hr>130</gpxtpx:hr></gpxtpx:TrackPointExtension></extensions></trkpt>
      <trkpt lat="40.672643" lon="-73.966822"><ele>50.8</ele><time>2026-09-23T21:43:11.000Z</time><extensions><gpxtpx:TrackPointExtension><gpxtpx:hr>131</gpxtpx:hr></gpxtpx:TrackPointExtension></extensions></trkpt>
      <trkpt lat="40.672651" lon="-73.966854"><ele>50.6</ele><time>2026-09-23T21:43:12.000Z</time><extensions><gpxtpx:TrackPointExtension><gpxtpx:hr>131</gpxtpx:hr></gpxtpx:TrackPointExtension></extensions></trkpt>
      <trkpt lat="40.672657" lon="-73.966891"><ele>50.6</ele><time>2026-09-23T21:43:13.000Z</time><extensions><gpxtpx:TrackPointExtension><gpxtpx:hr>132</gpxtpx:hr></gpxtpx:TrackPointExtension></extensions></trkpt>
      <trkpt lat="40.672664" lon="-73.96693"><ele>50.4</ele><time>2026-09-23T21:43:14.000Z</time><extensions><gpxtpx:TrackPointExtension><gpxtpx:hr>132</gpxtpx:hr></gpxtpx:TrackPointExtension></extensions></trkpt>
      <trkpt lat="40.672671" lon="-73.966966"><ele>50.2</ele><time>2026-09-23T21:43:15.000Z</time><extensions><gpxtpx:TrackPointExtension><gpxtpx:hr>133</gpxtpx:hr></gpxtpx:TrackPointExtension></extensions></trkpt>
      <trkpt lat="40.672683" lon="-73.967007"><ele>50</ele><time>2026-09-23T21:43:16.000Z</time><extensions><gpxtpx:TrackPointExtension><gpxtpx:hr>133</gpxtpx:hr></gpxtpx:TrackPointExtension></extensions></trkpt>
      <trkpt lat="40.672682" lon="-73.967047"><ele>50</ele><time>2026-09-23T21:43:17.000Z</time><extensions><gpxtpx:TrackPointExtension><gpxtpx:hr>134</gpxtpx:hr></gpxtpx:TrackPointExtension></extensions></trkpt>
      <trkpt lat="40.672687" lon="-73.96709"><ele>49.8</ele><time>2026-09-23T21:43:18.000Z</time><extensions><gpxtpx:TrackPointExtension><gpxtpx:hr>134</gpxtpx:hr></gpxtpx:TrackPointExtension></extensions></trkpt>
      <trkpt lat="40.67269" lon="-73.967127"><ele>49.6</ele><time>2026-09-23T21:43:19.000Z</time><extensions><gpxtpx:TrackPointExtension><gpxtpx:hr>134</gpxtpx:hr></gpxtpx:TrackPointExtension></extensions></trkpt>
      <trkpt lat="40.672703" lon="-73.967166"><ele>49.6</ele><time>2026-09-23T21:43:20.000Z</time><extensions><gpxtpx:TrackPointExtension><gpxtpx:hr>134</gpxtpx:hr></gpxtpx:TrackPointExtension></extensions></trkpt>
      <trkpt lat="40.672712" lon="-73.967211"><ele>49.6</ele><time>2026-09-23T21:43:21.000Z</time><extensions><gpxtpx:TrackPointExtension><gpxtpx:hr>133</gpxtpx:hr></gpxtpx:TrackPointExtension></extensions></trkpt>
      <trkpt lat="40.672721" lon="-73.967252"><ele>49.4</ele><time>2026-09-23T21:43:22.000Z</time><extensions><gpxtpx:TrackPointExtension><gpxtpx:hr>132</gpxtpx:hr></gpxtpx:TrackPointExtension></extensions></trkpt>
      <trkpt lat="40.672732" lon="-73.967293"><ele>49.4</ele><time>2026-09-23T21:43:23.000Z</time><extensions><gpxtpx:TrackPointExtension><gpxtpx:hr>132</gpxtpx:hr></gpxtpx:TrackPointExtension></extensions></trkpt>
      <trkpt lat="40.672742" lon="-73.96733"><ele>49.4</ele><time>2026-09-23T21:43:24.000Z</time><extensions><gpxtpx:TrackPointExtension><gpxtpx:hr>132</gpxtpx:hr></gpxtpx:TrackPointExtension></extensions></trkpt>
      <trkpt lat="40.672752" lon="-73.967367"><ele>49.2</ele><time>2026-09-23T21:43:25.000Z</time><extensions><gpxtpx:TrackPointExtension><gpxtpx:hr>132</gpxtpx:hr></gpxtpx:TrackPointExtension></extensions></trkpt>
      <trkpt lat="40.672756" lon="-73.967417"><ele>49.2</ele><time>2026-09-23T21:43:26.000Z</time><extensions><gpxtpx:TrackPointExtension><gpxtpx:hr>133</gpxtpx:hr></gpxtpx:TrackPointExtension></extensions></trkpt>
      <trkpt lat="40.672763" lon="-73.967453"><ele>49.2</ele><time>2026-09-23T21:43:27.000Z</time><extensions><gpxtpx:TrackPointExtension><gpxtpx:hr>133</gpxtpx:hr></gpxtpx:TrackPointExtension></extensions></trkpt>
      <trkpt lat="40.672773" lon="-73.967499"><ele>49.2</ele><time>2026-09-23T21:43:28.000Z</time><extensions><gpxtpx:TrackPointExtension><gpxtpx:hr>134</gpxtpx:hr></gpxtpx:TrackPointExtension></extensions></trkpt>
      <trkpt lat="40.672778" lon="-73.967534"><ele>49</ele><time>2026-09-23T21:43:29.000Z</time><extensions><gpxtpx:TrackPointExtension><gpxtpx:hr>135</gpxtpx:hr></gpxtpx:TrackPointExtension></extensions></trkpt>
      <trkpt lat="40.672785" lon="-73.967569"><ele>48.8</ele><time>2026-09-23T21:43:30.000Z</time><extensions><gpxtpx:TrackPointExtension><gpxtpx:hr>136</gpxtpx:hr></gpxtpx:TrackPointExtension></extensions></trkpt>
      <trkpt lat="40.672786" lon="-73.967609"><ele>48.6</ele><time>2026-09-23T21:43:31.000Z</time><extensions><gpxtpx:TrackPointExtension><gpxtpx:hr>137</gpxtpx:hr></gpxtpx:TrackPointExtension></extensions></trkpt>
      <trkpt lat="40.672779" lon="-73.967645"><ele>48.4</ele><time>2026-09-23T21:43:32.000Z</time><extensions><gpxtpx:TrackPointExtension><gpxtpx:hr>138</gpxtpx:hr></gpxtpx:TrackPointExtension></extensions></trkpt>
      <trkpt lat="40.672773" lon="-73.967688"><ele>48.2</ele><time>2026-09-23T21:43:33.000Z</time><extensions><gpxtpx:TrackPointExtension><gpxtpx:hr>138</gpxtpx:hr></gpxtpx:TrackPointExtension></extensions></trkpt>
      <trkpt lat="40.67277" lon="-73.967727"><ele>48</ele><time>2026-09-23T21:43:34.000Z</time><extensions><gpxtpx:TrackPointExtension><gpxtpx:hr>139</gpxtpx:hr></gpxtpx:TrackPointExtension></extensions></trkpt>
      <trkpt lat="40.672776" lon="-73.967771"><ele>48</ele><time>2026-09-23T21:43:35.000Z</time><extensions><gpxtpx:TrackPointExtension><gpxtpx:hr>139</gpxtpx:hr></gpxtpx:TrackPointExtension></extensions></trkpt>
      <trkpt lat="40.672781" lon="-73.967808"><ele>48</ele><time>2026-09-23T21:43:36.000Z</time><extensions><gpxtpx:TrackPointExtension><gpxtpx:hr>140</gpxtpx:hr></gpxtpx:TrackPointExtension></extensions></trkpt>
      <trkpt lat="40.672787" lon="-73.967842"><ele>48</ele><time>2026-09-23T21:43:37.000Z</time><extensions><gpxtpx:TrackPointExtension><gpxtpx:hr>140</gpxtpx:hr></gpxtpx:TrackPointExtension></extensions></trkpt>
      <trkpt lat="40.672789" lon="-73.967876"><ele>48</ele><time>2026-09-23T21:43:38.000Z</time><extensions><gpxtpx:TrackPointExtension><gpxtpx:hr>140</gpxtpx:hr></gpxtpx:TrackPointExtension></extensions></trkpt>
      <trkpt lat="40.672789" lon="-73.967911"><ele>48</ele><time>2026-09-23T21:43:39.000Z</time><extensions><gpxtpx:TrackPointExtension><gpxtpx:hr>140</gpxtpx:hr></gpxtpx:TrackPointExtension></extensions></trkpt>
      <trkpt lat="40.672791" lon="-73.967947"><ele>48</ele><time>2026-09-23T21:43:40.000Z</time><extensions><gpxtpx:TrackPointExtension><gpxtpx:hr>140</gpxtpx:hr></gpxtpx:TrackPointExtension></extensions></trkpt>
      <trkpt lat="40.672792" lon="-73.967976"><ele>48</ele><time>2026-09-23T21:43:41.000Z</time><extensions><gpxtpx:TrackPointExtension><gpxtpx:hr>139</gpxtpx:hr></gpxtpx:TrackPointExtension></extensions></trkpt>
      <trkpt lat="40.672796" lon="-73.968018"><ele>47.8</ele><time>2026-09-23T21:43:42.000Z</time><extensions><gpxtpx:TrackPointExtension><gpxtpx:hr>139</gpxtpx:hr></gpxtpx:TrackPointExtension></extensions></trkpt>
      <trkpt lat="40.672803" lon="-73.968054"><ele>47.8</ele><time>2026-09-23T21:43:43.000Z</time><extensions><gpxtpx:TrackPointExtension><gpxtpx:hr>139</gpxtpx:hr></gpxtpx:TrackPointExtension></extensions></trkpt>
      <trkpt lat="40.672812" lon="-73.968091"><ele>47.8</ele><time>2026-09-23T21:43:44.000Z</time><extensions><gpxtpx:TrackPointExtension><gpxtpx:hr>139</gpxtpx:hr></gpxtpx:TrackPointExtension></extensions></trkpt>
      <trkpt lat="40.672811" lon="-73.968125"><ele>47.8</ele><time>2026-09-23T21:43:45.000Z</time><extensions><gpxtpx:TrackPointExtension><gpxtpx:hr>139</gpxtpx:hr></gpxtpx:TrackPointExtension></extensions></trkpt>
      <trkpt lat="40.672812" lon="-73.968162"><ele>47.8</ele><time>2026-09-23T21:43:46.000Z</time><extensions><gpxtpx:TrackPointExtension><gpxtpx:hr>139</gpxtpx:hr></gpxtpx:TrackPointExtension></extensions></trkpt>
      <trkpt lat="40.672813" lon="-73.968202"><ele>47.8</ele><time>2026-09-23T21:43:47.000Z</time><extensions><gpxtpx:TrackPointExtension><gpxtpx:hr>139</gpxtpx:hr></gpxtpx:TrackPointExtension></extensions></trkpt>
      <trkpt lat="40.672814" lon="-73.968235"><ele>47.6</ele><time>2026-09-23T21:43:48.000Z</time><extensions><gpxtpx:TrackPointExtension><gpxtpx:hr>138</gpxtpx:hr></gpxtpx:TrackPointExtension></extensions></trkpt>
      <trkpt lat="40.672817" lon="-73.968269"><ele>47.6</ele><time>2026-09-23T21:43:49.000Z</time><extensions><gpxtpx:TrackPointExtension><gpxtpx:hr>138</gpxtpx:hr></gpxtpx:TrackPointExtension></extensions></trkpt>
      <trkpt lat="40.672817" lon="-73.968294"><ele>47.4</ele><time>2026-09-23T21:43:50.000Z</time><extensions><gpxtpx:TrackPointExtension><gpxtpx:hr>137</gpxtpx:hr></gpxtpx:TrackPointExtension></extensions></trkpt>
      <trkpt lat="40.67282" lon="-73.968329"><ele>47.4</ele><time>2026-09-23T21:43:51.000Z</time><extensions><gpxtpx:TrackPointExtension><gpxtpx:hr>137</gpxtpx:hr></gpxtpx:TrackPointExtension></extensions></trkpt>
      <trkpt lat="40.672824" lon="-73.968359"><ele>47.2</ele><time>2026-09-23T21:43:52.000Z</time><extensions><gpxtpx:TrackPointExtension><gpxtpx:hr>136</gpxtpx:hr></gpxtpx:TrackPointExtension></extensions></trkpt>
      <trkpt lat="40.672832" lon="-73.968392"><ele>47.2</ele><time>2026-09-23T21:43:53.000Z</time><extensions><gpxtpx:TrackPointExtension><gpxtpx:hr>136</gpxtpx:hr></gpxtpx:TrackPointExtension></extensions></trkpt>
      <trkpt lat="40.672833" lon="-73.968426"><ele>47.2</ele><time>2026-09-23T21:43:54.000Z</time><extensions><gpxtpx:TrackPointExtension><gpxtpx:hr>136</gpxtpx:hr></gpxtpx:TrackPointExtension></extensions></trkpt>
      <trkpt lat="40.672828" lon="-73.968457"><ele>47.2</ele><time>2026-09-23T21:43:55.000Z</time><extensions><gpxtpx:TrackPointExtension><gpxtpx:hr>135</gpxtpx:hr></gpxtpx:TrackPointExtension></extensions></trkpt>
      <trkpt lat="40.672824" lon="-73.968497"><ele>47.2</ele><time>2026-09-23T21:43:56.000Z</time><extensions><gpxtpx:TrackPointExtension><gpxtpx:hr>135</gpxtpx:hr></gpxtpx:TrackPointExtension></extensions></trkpt>
      <trkpt lat="40.672825" lon="-73.968527"><ele>47.2</ele><time>2026-09-23T21:43:57.000Z</time><extensions><gpxtpx:TrackPointExtension><gpxtpx:hr>135</gpxtpx:hr></gpxtpx:TrackPointExtension></extensions></trkpt>
      <trkpt lat="40.672832" lon="-73.968568"><ele>47</ele><time>2026-09-23T21:43:58.000Z</time><extensions><gpxtpx:TrackPointExtension><gpxtpx:hr>134</gpxtpx:hr></gpxtpx:TrackPointExtension></extensions></trkpt>
      <trkpt lat="40.672834" lon="-73.968599"><ele>46.8</ele><time>2026-09-23T21:43:59.000Z</time><extensions><gpxtpx:TrackPointExtension><gpxtpx:hr>134</gpxtpx:hr></gpxtpx:TrackPointExtension></extensions></trkpt>
      <trkpt lat="40.672827" lon="-73.968632"><ele>46.8</ele><time>2026-09-23T21:44:00.000Z</time><extensions><gpxtpx:TrackPointExtension><gpxtpx:hr>134</gpxtpx:hr></gpxtpx:TrackPointExtension></extensions></trkpt>
      <trkpt lat="40.672825" lon="-73.96867"><ele>46.8</ele><time>2026-09-23T21:44:01.000Z</time><extensions><gpxtpx:TrackPointExtension><gpxtpx:hr>134</gpxtpx:hr></gpxtpx:TrackPointExtension></extensions></trkpt>
      <trkpt lat="40.67282" lon="-73.968699"><ele>46.8</ele><time>2026-09-23T21:44:02.000Z</time><extensions><gpxtpx:TrackPointExtension><gpxtpx:hr>135</gpxtpx:hr></gpxtpx:TrackPointExtension></extensions></trkpt>
      <trkpt lat="40.672811" lon="-73.968735"><ele>46.8</ele><time>2026-09-23T21:44:03.000Z</time><extensions><gpxtpx:TrackPointExtension><gpxtpx:hr>135</gpxtpx:hr></gpxtpx:TrackPointExtension></extensions></trkpt>
      <trkpt lat="40.672796" lon="-73.968765"><ele>46.8</ele><time>2026-09-23T21:44:04.000Z</time><extensions><gpxtpx:TrackPointExtension><gpxtpx:hr>135</gpxtpx:hr></gpxtpx:TrackPointExtension></extensions></trkpt>
      <trkpt lat="40.672781" lon="-73.968804"><ele>46.8</ele><time>2026-09-23T21:44:05.000Z</time><extensions><gpxtpx:TrackPointExtension><gpxtpx:hr>135</gpxtpx:hr></gpxtpx:TrackPointExtension></extensions></trkpt>
      <trkpt lat="40.672773" lon="-73.968837"><ele>47</ele><time>2026-09-23T21:44:06.000Z</time><extensions><gpxtpx:TrackPointExtension><gpxtpx:hr>134</gpxtpx:hr></gpxtpx:TrackPointExtension></extensions></trkpt>
      <trkpt lat="40.672761" lon="-73.968868"><ele>47.2</ele><time>2026-09-23T21:44:07.000Z</time><extensions><gpxtpx:TrackPointExtension><gpxtpx:hr>134</gpxtpx:hr></gpxtpx:TrackPointExtension></extensions></trkpt>
      <trkpt lat="40.672744" lon="-73.9689"><ele>47.4</ele><time>2026-09-23T21:44:08.000Z</time><extensions><gpxtpx:TrackPointExtension><gpxtpx:hr>134</gpxtpx:hr></gpxtpx:TrackPointExtension></extensions></trkpt>
      <trkpt lat="40.67273" lon="-73.968925"><ele>47.6</ele><time>2026-09-23T21:44:09.000Z</time><extensions><gpxtpx:TrackPointExtension><gpxtpx:hr>134</gpxtpx:hr></gpxtpx:TrackPointExtension></extensions></trkpt>
      <trkpt lat="40.672711" lon="-73.968957"><ele>47.8</ele><time>2026-09-23T21:44:10.000Z</time><extensions><gpxtpx:TrackPointExtension><gpxtpx:hr>134</gpxtpx:hr></gpxtpx:TrackPointExtension></extensions></trkpt>
      <trkpt lat="40.672697" lon="-73.968976"><ele>47.6</ele><time>2026-09-23T21:44:11.000Z</time><extensions><gpxtpx:TrackPointExtension><gpxtpx:hr>134</gpxtpx:hr></gpxtpx:TrackPointExtension></extensions></trkpt>
      <trkpt lat="40.672685" lon="-73.969005"><ele>47.6</ele><time>2026-09-23T21:44:12.000Z</time><extensions><gpxtpx:TrackPointExtension><gpxtpx:hr>135</gpxtpx:hr></gpxtpx:TrackPointExtension></extensions></trkpt>
      <trkpt lat="40.672674" lon="-73.969034"><ele>47.4</ele><time>2026-09-23T21:44:13.000Z</time><extensions><gpxtpx:TrackPointExtension><gpxtpx:hr>135</gpxtpx:hr></gpxtpx:TrackPointExtension></extensions></trkpt>
      <trkpt lat="40.672664" lon="-73.96906"><ele>47.2</ele><time>2026-09-23T21:44:14.000Z</time><extensions><gpxtpx:TrackPointExtension><gpxtpx:hr>136</gpxtpx:hr></gpxtpx:TrackPointExtension></extensions></trkpt>
      <trkpt lat="40.672654" lon="-73.969094"><ele>47</ele><time>2026-09-23T21:44:15.000Z</time><extensions><gpxtpx:TrackPointExtension><gpxtpx:hr>137</gpxtpx:hr></gpxtpx:TrackPointExtension></extensions></trkpt>
      <trkpt lat="40.672642" lon="-73.969118"><ele>47</ele><time>2026-09-23T21:44:16.000Z</time><extensions><gpxtpx:TrackPointExtension><gpxtpx:hr>138</gpxtpx:hr></gpxtpx:TrackPointExtension></extensions></trkpt>
      <trkpt lat="40.672633" lon="-73.969147"><ele>47</ele><time>2026-09-23T21:44:17.000Z</time><extensions><gpxtpx:TrackPointExtension><gpxtpx:hr>139</gpxtpx:hr></gpxtpx:TrackPointExtension></extensions></trkpt>
      <trkpt lat="40.672619" lon="-73.969173"><ele>47.2</ele><time>2026-09-23T21:44:18.000Z</time><extensions><gpxtpx:TrackPointExtension><gpxtpx:hr>139</gpxtpx:hr></gpxtpx:TrackPointExtension></extensions></trkpt>
      <trkpt lat="40.672605" lon="-73.969188"><ele>47.4</ele><time>2026-09-23T21:44:19.000Z</time><extensions><gpxtpx:TrackPointExtension><gpxtpx:hr>139</gpxtpx:hr></gpxtpx:TrackPointExtension></extensions></trkpt>
      <trkpt lat="40.672593" lon="-73.969204"><ele>47.6</ele><time>2026-09-23T21:44:20.000Z</time><extensions><gpxtpx:TrackPointExtension><gpxtpx:hr>139</gpxtpx:hr></gpxtpx:TrackPointExtension></extensions></trkpt>
      <trkpt lat="40.67259" lon="-73.969202"><ele>47.8</ele><time>2026-09-23T21:44:21.000Z</time><extensions><gpxtpx:TrackPointExtension><gpxtpx:hr>139</gpxtpx:hr></gpxtpx:TrackPointExtension></extensions></trkpt>
      <trkpt lat="40.672597" lon="-73.969201"><ele>47.8</ele><time>2026-09-23T21:44:22.000Z</time><extensions><gpxtpx:TrackPointExtension><gpxtpx:hr>139</gpxtpx:hr></gpxtpx:TrackPointExtension></extensions></trkpt>
      <trkpt lat="40.672602" lon="-73.969205"><ele>47.8</ele><time>2026-09-23T21:44:23.000Z</time><extensions><gpxtpx:TrackPointExtension><gpxtpx:hr>139</gpxtpx:hr></gpxtpx:TrackPointExtension></extensions></trkpt>
      <trkpt lat="40.672604" lon="-73.969212"><ele>48</ele><time>2026-09-23T21:44:24.000Z</time><extensions><gpxtpx:TrackPointExtension><gpxtpx:hr>138</gpxtpx:hr></gpxtpx:TrackPointExtension></extensions></trkpt>
      <trkpt lat="40.672604" lon="-73.969214"><ele>48</ele><time>2026-09-23T21:44:25.000Z</time><extensions><gpxtpx:TrackPointExtension><gpxtpx:hr>138</gpxtpx:hr></gpxtpx:TrackPointExtension></extensions></trkpt>
      <trkpt lat="40.672603" lon="-73.969214"><ele>48</ele><time>2026-09-23T21:44:26.000Z</time><extensions><gpxtpx:TrackPointExtension><gpxtpx:hr>138</gpxtpx:hr></gpxtpx:TrackPointExtension></extensions></trkpt>
      <trkpt lat="40.672589" lon="-73.969227"><ele>48</ele><time>2026-09-23T21:44:27.000Z</time><extensions><gpxtpx:TrackPointExtension><gpxtpx:hr>137</gpxtpx:hr></gpxtpx:TrackPointExtension></extensions></trkpt>
      <trkpt lat="40.672567" lon="-73.969251"><ele>48</ele><time>2026-09-23T21:44:28.000Z</time><extensions><gpxtpx:TrackPointExtension><gpxtpx:hr>137</gpxtpx:hr></gpxtpx:TrackPointExtension></extensions></trkpt>
      <trkpt lat="40.672554" lon="-73.969278"><ele>48</ele><time>2026-09-23T21:44:29.000Z</time><extensions><gpxtpx:TrackPointExtension><gpxtpx:hr>137</gpxtpx:hr></gpxtpx:TrackPointExtension></extensions></trkpt>
      <trkpt lat="40.672536" lon="-73.969297"><ele>48.2</ele><time>2026-09-23T21:44:30.000Z</time><extensions><gpxtpx:TrackPointExtension><gpxtpx:hr>136</gpxtpx:hr></gpxtpx:TrackPointExtension></extensions></trkpt>
      <trkpt lat="40.672518" lon="-73.969315"><ele>48.6</ele><time>2026-09-23T21:44:31.000Z</time><extensions><gpxtpx:TrackPointExtension><gpxtpx:hr>136</gpxtpx:hr></gpxtpx:TrackPointExtension></extensions></trkpt>
      <trkpt lat="40.672495" lon="-73.969338"><ele>49</ele><time>2026-09-23T21:44:32.000Z</time><extensions><gpxtpx:TrackPointExtension><gpxtpx:hr>136</gpxtpx:hr></gpxtpx:TrackPointExtension></extensions></trkpt>
      <trkpt lat="40.672476" lon="-73.969359"><ele>49.2</ele><time>2026-09-23T21:44:33.000Z</time><extensions><gpxtpx:TrackPointExtension><gpxtpx:hr>137</gpxtpx:hr></gpxtpx:TrackPointExtension></extensions></trkpt>
      <trkpt lat="40.67246" lon="-73.969384"><ele>49.4</ele><time>2026-09-23T21:44:34.000Z</time><extensions><gpxtpx:TrackPointExtension><gpxtpx:hr>137</gpxtpx:hr></gpxtpx:TrackPointExtension></extensions></trkpt>
      <trkpt lat="40.672445" lon="-73.969413"><ele>49.2</ele><time>2026-09-23T21:44:35.000Z</time><extensions><gpxtpx:TrackPointExtension><gpxtpx:hr>137</gpxtpx:hr></gpxtpx:TrackPointExtension></extensions></trkpt>
      <trkpt lat="40.672431" lon="-73.969439"><ele>49</ele><time>2026-09-23T21:44:36.000Z</time><extensions><gpxtpx:TrackPointExtension><gpxtpx:hr>137</gpxtpx:hr></gpxtpx:TrackPointExtension></extensions></trkpt>
      <trkpt lat="40.672416" lon="-73.969472"><ele>48.6</ele><time>2026-09-23T21:44:37.000Z</time><extensions><gpxtpx:TrackPointExtension><gpxtpx:hr>138</gpxtpx:hr></gpxtpx:TrackPointExtension></extensions></trkpt>
      <trkpt lat="40.672407" lon="-73.969497"><ele>48.4</ele><time>2026-09-23T21:44:38.000Z</time><extensions><gpxtpx:TrackPointExtension><gpxtpx:hr>138</gpxtpx:hr></gpxtpx:TrackPointExtension></extensions></trkpt>
      <trkpt lat="40.672393" lon="-73.969523"><ele>48.4</ele><time>2026-09-23T21:44:39.000Z</time><extensions><gpxtpx:TrackPointExtension><gpxtpx:hr>138</gpxtpx:hr></gpxtpx:TrackPointExtension></extensions></trkpt>
      <trkpt lat="40.67238" lon="-73.969551"><ele>48.2</ele><time>2026-09-23T21:44:40.000Z</time><extensions><gpxtpx:TrackPointExtension><gpxtpx:hr>137</gpxtpx:hr></gpxtpx:TrackPointExtension></extensions></trkpt>
      <trkpt lat="40.672366" lon="-73.969574"><ele>48.2</ele><time>2026-09-23T21:44:41.000Z</time><extensions><gpxtpx:TrackPointExtension><gpxtpx:hr>138</gpxtpx:hr></gpxtpx:TrackPointExtension></extensions></trkpt>
      <trkpt lat="40.672357" lon="-73.969607"><ele>48.2</ele><time>2026-09-23T21:44:42.000Z</time><extensions><gpxtpx:TrackPointExtension><gpxtpx:hr>138</gpxtpx:hr></gpxtpx:TrackPointExtension></extensions></trkpt>
      <trkpt lat="40.672346" lon="-73.969633"><ele>48.2</ele><time>2026-09-23T21:44:43.000Z</time><extensions><gpxtpx:TrackPointExtension><gpxtpx:hr>138</gpxtpx:hr></gpxtpx:TrackPointExtension></extensions></trkpt>
      <trkpt lat="40.672328" lon="-73.969644"><ele>48.2</ele><time>2026-09-23T21:44:44.000Z</time><extensions><gpxtpx:TrackPointExtension><gpxtpx:hr>138</gpxtpx:hr></gpxtpx:TrackPointExtension></extensions></trkpt>
      <trkpt lat="40.672302" lon="-73.969648"><ele>48.2</ele><time>2026-09-23T21:44:45.000Z</time><extensions><gpxtpx:TrackPointExtension><gpxtpx:hr>137</gpxtpx:hr></gpxtpx:TrackPointExtension></extensions></trkpt>
      <trkpt lat="40.672282" lon="-73.969651"><ele>48</ele><time>2026-09-23T21:44:46.000Z</time><extensions><gpxtpx:TrackPointExtension><gpxtpx:hr>137</gpxtpx:hr></gpxtpx:TrackPointExtension></extensions></trkpt>
      <trkpt lat="40.672256" lon="-73.969646"><ele>48</ele><time>2026-09-23T21:44:47.000Z</time><extensions><gpxtpx:TrackPointExtension><gpxtpx:hr>137</gpxtpx:hr></gpxtpx:TrackPointExtension></extensions></trkpt>
      <trkpt lat="40.672234" lon="-73.969643"><ele>48</ele><time>2026-09-23T21:44:48.000Z</time><extensions><gpxtpx:TrackPointExtension><gpxtpx:hr>137</gpxtpx:hr></gpxtpx:TrackPointExtension></extensions></trkpt>
      <trkpt lat="40.672212" lon="-73.969634"><ele>48.2</ele><time>2026-09-23T21:44:49.000Z</time><extensions><gpxtpx:TrackPointExtension><gpxtpx:hr>137</gpxtpx:hr></gpxtpx:TrackPointExtension></extensions></trkpt>
      <trkpt lat="40.672185" lon="-73.969641"><ele>48.4</ele><time>2026-09-23T21:44:50.000Z</time><extensions><gpxtpx:TrackPointExtension><gpxtpx:hr>137</gpxtpx:hr></gpxtpx:TrackPointExtension></extensions></trkpt>
      <trkpt lat="40.672166" lon="-73.969652"><ele>48.4</ele><time>2026-09-23T21:44:51.000Z</time><extensions><gpxtpx:TrackPointExtension><gpxtpx:hr>137</gpxtpx:hr></gpxtpx:TrackPointExtension></extensions></trkpt>
      <trkpt lat="40.672145" lon="-73.969667"><ele>48.6</ele><time>2026-09-23T21:44:52.000Z</time><extensions><gpxtpx:TrackPointExtension><gpxtpx:hr>137</gpxtpx:hr></gpxtpx:TrackPointExtension></extensions></trkpt>
      <trkpt lat="40.672119" lon="-73.969681"><ele>48.6</ele><time>2026-09-23T21:44:53.000Z</time><extensions><gpxtpx:TrackPointExtension><gpxtpx:hr>137</gpxtpx:hr></gpxtpx:TrackPointExtension></extensions></trkpt>
      <trkpt lat="40.672099" lon="-73.969688"><ele>48.8</ele><time>2026-09-23T21:44:54.000Z</time><extensions><gpxtpx:TrackPointExtension><gpxtpx:hr>137</gpxtpx:hr></gpxtpx:TrackPointExtension></extensions></trkpt>
      <trkpt lat="40.67207" lon="-73.969698"><ele>49.2</ele><time>2026-09-23T21:44:55.000Z</time><extensions><gpxtpx:TrackPointExtension><gpxtpx:hr>137</gpxtpx:hr></gpxtpx:TrackPointExtension></extensions></trkpt>
      <trkpt lat="40.672047" lon="-73.969699"><ele>49.4</ele><time>2026-09-23T21:44:56.000Z</time><extensions><gpxtpx:TrackPointExtension><gpxtpx:hr>137</gpxtpx:hr></gpxtpx:TrackPointExtension></extensions></trkpt>
      <trkpt lat="40.672022" lon="-73.969695"><ele>49.4</ele><time>2026-09-23T21:44:57.000Z</time><extensions><gpxtpx:TrackPointExtension><gpxtpx:hr>137</gpxtpx:hr></gpxtpx:TrackPointExtension></extensions></trkpt>
      <trkpt lat="40.671998" lon="-73.96969"><ele>49.4</ele><time>2026-09-23T21:44:58.000Z</time><extensions><gpxtpx:TrackPointExtension><gpxtpx:hr>137</gpxtpx:hr></gpxtpx:TrackPointExtension></extensions></trkpt>
      <trkpt lat="40.671977" lon="-73.969681"><ele>49.4</ele><time>2026-09-23T21:44:59.000Z</time><extensions><gpxtpx:TrackPointExtension><gpxtpx:hr>138</gpxtpx:hr></gpxtpx:TrackPointExtension></extensions></trkpt>
      <trkpt lat="40.671953" lon="-73.969684"><ele>49.4</ele><time>2026-09-23T21:45:00.000Z</time><extensions><gpxtpx:TrackPointExtension><gpxtpx:hr>138</gpxtpx:hr></gpxtpx:TrackPointExtension></extensions></trkpt>
      <trkpt lat="40.671925" lon="-73.969691"><ele>49.4</ele><time>2026-09-23T21:45:01.000Z</time><extensions><gpxtpx:TrackPointExtension><gpxtpx:hr>138</gpxtpx:hr></gpxtpx:TrackPointExtension></extensions></trkpt>
      <trkpt lat="40.6719" lon="-73.969693"><ele>49.6</ele><time>2026-09-23T21:45:02.000Z</time><extensions><gpxtpx:TrackPointExtension><gpxtpx:hr>138</gpxtpx:hr></gpxtpx:TrackPointExtension></extensions></trkpt>
      <trkpt lat="40.671872" lon="-73.969701"><ele>49.8</ele><time>2026-09-23T21:45:03.000Z</time><extensions><gpxtpx:TrackPointExtension><gpxtpx:hr>138</gpxtpx:hr></gpxtpx:TrackPointExtension></extensions></trkpt>
      <trkpt lat="40.671845" lon="-73.969701"><ele>49.8</ele><time>2026-09-23T21:45:04.000Z</time><extensions><gpxtpx:TrackPointExtension><gpxtpx:hr>138</gpxtpx:hr></gpxtpx:TrackPointExtension></extensions></trkpt>
      <trkpt lat="40.671821" lon="-73.969695"><ele>49.8</ele><time>2026-09-23T21:45:05.000Z</time><extensions><gpxtpx:TrackPointExtension><gpxtpx:hr>137</gpxtpx:hr></gpxtpx:TrackPointExtension></extensions></trkpt>
      <trkpt lat="40.671788" lon="-73.969691"><ele>49.8</ele><time>2026-09-23T21:45:06.000Z</time><extensions><gpxtpx:TrackPointExtension><gpxtpx:hr>137</gpxtpx:hr></gpxtpx:TrackPointExtension></extensions></trkpt>
      <trkpt lat="40.671763" lon="-73.969684"><ele>49.6</ele><time>2026-09-23T21:45:07.000Z</time><extensions><gpxtpx:TrackPointExtension><gpxtpx:hr>137</gpxtpx:hr></gpxtpx:TrackPointExtension></extensions></trkpt>
      <trkpt lat="40.671735" lon="-73.969686"><ele>49.6</ele><time>2026-09-23T21:45:08.000Z</time><extensions><gpxtpx:TrackPointExtension><gpxtpx:hr>137</gpxtpx:hr></gpxtpx:TrackPointExtension></extensions></trkpt>
      <trkpt lat="40.671708" lon="-73.969688"><ele>49.6</ele><time>2026-09-23T21:45:09.000Z</time><extensions><gpxtpx:TrackPointExtension><gpxtpx:hr>137</gpxtpx:hr></gpxtpx:TrackPointExtension></extensions></trkpt>
      <trkpt lat="40.671684" lon="-73.969685"><ele>49.8</ele><time>2026-09-23T21:45:10.000Z</time><extensions><gpxtpx:TrackPointExtension><gpxtpx:hr>138</gpxtpx:hr></gpxtpx:TrackPointExtension></extensions></trkpt>
      <trkpt lat="40.671653" lon="-73.969688"><ele>49.8</ele><time>2026-09-23T21:45:11.000Z</time><extensions><gpxtpx:TrackPointExtension><gpxtpx:hr>138</gpxtpx:hr></gpxtpx:TrackPointExtension></extensions></trkpt>
      <trkpt lat="40.671629" lon="-73.969686"><ele>50</ele><time>2026-09-23T21:45:12.000Z</time><extensions><gpxtpx:TrackPointExtension><gpxtpx:hr>138</gpxtpx:hr></gpxtpx:TrackPointExtension></extensions></trkpt>
      <trkpt lat="40.671599" lon="-73.969693"><ele>50</ele><time>2026-09-23T21:45:13.000Z</time><extensions><gpxtpx:TrackPointExtension><gpxtpx:hr>138</gpxtpx:hr></gpxtpx:TrackPointExtension></extensions></trkpt>
      <trkpt lat="40.671579" lon="-73.969699"><ele>50</ele><time>2026-09-23T21:45:14.000Z</time><extensions><gpxtpx:TrackPointExtension><gpxtpx:hr>138</gpxtpx:hr></gpxtpx:TrackPointExtension></extensions></trkpt>
      <trkpt lat="40.671556" lon="-73.969706"><ele>50</ele><time>2026-09-23T21:45:15.000Z</time><extensions><gpxtpx:TrackPointExtension><gpxtpx:hr>138</gpxtpx:hr></gpxtpx:TrackPointExtension></extensions></trkpt>
      <trkpt lat="40.671531" lon="-73.969719"><ele>50.2</ele><time>2026-09-23T21:45:16.000Z</time><extensions><gpxtpx:TrackPointExtension><gpxtpx:hr>139</gpxtpx:hr></gpxtpx:TrackPointExtension></extensions></trkpt>
      <trkpt lat="40.671509" lon="-73.969723"><ele>50.4</ele><time>2026-09-23T21:45:17.000Z</time><extensions><gpxtpx:TrackPointExtension><gpxtpx:hr>140</gpxtpx:hr></gpxtpx:TrackPointExtension></extensions></trkpt>
      <trkpt lat="40.671481" lon="-73.969739"><ele>50.4</ele><time>2026-09-23T21:45:18.000Z</time><extensions><gpxtpx:TrackPointExtension><gpxtpx:hr>140</gpxtpx:hr></gpxtpx:TrackPointExtension></extensions></trkpt>
      <trkpt lat="40.671463" lon="-73.969747"><ele>50.4</ele><time>2026-09-23T21:45:19.000Z</time><extensions><gpxtpx:TrackPointExtension><gpxtpx:hr>141</gpxtpx:hr></gpxtpx:TrackPointExtension></extensions></trkpt>
      <trkpt lat="40.671439" lon="-73.969764"><ele>50.4</ele><time>2026-09-23T21:45:20.000Z</time><extensions><gpxtpx:TrackPointExtension><gpxtpx:hr>141</gpxtpx:hr></gpxtpx:TrackPointExtension></extensions></trkpt>
      <trkpt lat="40.671418" lon="-73.969779"><ele>50.2</ele><time>2026-09-23T21:45:21.000Z</time><extensions><gpxtpx:TrackPointExtension><gpxtpx:hr>141</gpxtpx:hr></gpxtpx:TrackPointExtension></extensions></trkpt>
      <trkpt lat="40.671396" lon="-73.969791"><ele>50</ele><time>2026-09-23T21:45:22.000Z</time><extensions><gpxtpx:TrackPointExtension><gpxtpx:hr>141</gpxtpx:hr></gpxtpx:TrackPointExtension></extensions></trkpt>
      <trkpt lat="40.671374" lon="-73.96981"><ele>50</ele><time>2026-09-23T21:45:23.000Z</time><extensions><gpxtpx:TrackPointExtension><gpxtpx:hr>140</gpxtpx:hr></gpxtpx:TrackPointExtension></extensions></trkpt>
      <trkpt lat="40.671354" lon="-73.969816"><ele>50</ele><time>2026-09-23T21:45:24.000Z</time><extensions><gpxtpx:TrackPointExtension><gpxtpx:hr>140</gpxtpx:hr></gpxtpx:TrackPointExtension></extensions></trkpt>
      <trkpt lat="40.671328" lon="-73.969834"><ele>50</ele><time>2026-09-23T21:45:25.000Z</time><extensions><gpxtpx:TrackPointExtension><gpxtpx:hr>140</gpxtpx:hr></gpxtpx:TrackPointExtension></extensions></trkpt>
      <trkpt lat="40.67131" lon="-73.969846"><ele>50</ele><time>2026-09-23T21:45:26.000Z</time><extensions><gpxtpx:TrackPointExtension><gpxtpx:hr>140</gpxtpx:hr></gpxtpx:TrackPointExtension></extensions></trkpt>
      <trkpt lat="40.671292" lon="-73.96987"><ele>50</ele><time>2026-09-23T21:45:27.000Z</time><extensions><gpxtpx:TrackPointExtension><gpxtpx:hr>140</gpxtpx:hr></gpxtpx:TrackPointExtension></extensions></trkpt>
      <trkpt lat="40.671276" lon="-73.96989"><ele>50</ele><time>2026-09-23T21:45:28.000Z</time><extensions><gpxtpx:TrackPointExtension><gpxtpx:hr>140</gpxtpx:hr></gpxtpx:TrackPointExtension></extensions></trkpt>
      <trkpt lat="40.671257" lon="-73.969909"><ele>50</ele><time>2026-09-23T21:45:29.000Z</time><extensions><gpxtpx:TrackPointExtension><gpxtpx:hr>140</gpxtpx:hr></gpxtpx:TrackPointExtension></extensions></trkpt>
      <trkpt lat="40.671239" lon="-73.969938"><ele>50</ele><time>2026-09-23T21:45:30.000Z</time><extensions><gpxtpx:TrackPointExtension><gpxtpx:hr>139</gpxtpx:hr></gpxtpx:TrackPointExtension></extensions></trkpt>
      <trkpt lat="40.671221" lon="-73.969956"><ele>50</ele><time>2026-09-23T21:45:31.000Z</time><extensions><gpxtpx:TrackPointExtension><gpxtpx:hr>139</gpxtpx:hr></gpxtpx:TrackPointExtension></extensions></trkpt>
      <trkpt lat="40.671204" lon="-73.969983"><ele>50</ele><time>2026-09-23T21:45:32.000Z</time><extensions><gpxtpx:TrackPointExtension><gpxtpx:hr>139</gpxtpx:hr></gpxtpx:TrackPointExtension></extensions></trkpt>
      <trkpt lat="40.671187" lon="-73.970005"><ele>50</ele><time>2026-09-23T21:45:33.000Z</time><extensions><gpxtpx:TrackPointExtension><gpxtpx:hr>139</gpxtpx:hr></gpxtpx:TrackPointExtension></extensions></trkpt>
      <trkpt lat="40.671167" lon="-73.970023"><ele>50</ele><time>2026-09-23T21:45:34.000Z</time><extensions><gpxtpx:TrackPointExtension><gpxtpx:hr>139</gpxtpx:hr></gpxtpx:TrackPointExtension></extensions></trkpt>
      <trkpt lat="40.671146" lon="-73.970047"><ele>49.8</ele><time>2026-09-23T21:45:35.000Z</time><extensions><gpxtpx:TrackPointExtension><gpxtpx:hr>139</gpxtpx:hr></gpxtpx:TrackPointExtension></extensions></trkpt>
      <trkpt lat="40.671127" lon="-73.970067"><ele>49.8</ele><time>2026-09-23T21:45:36.000Z</time><extensions><gpxtpx:TrackPointExtension><gpxtpx:hr>140</gpxtpx:hr></gpxtpx:TrackPointExtension></extensions></trkpt>
      <trkpt lat="40.671102" lon="-73.970093"><ele>50</ele><time>2026-09-23T21:45:37.000Z</time><extensions><gpxtpx:TrackPointExtension><gpxtpx:hr>140</gpxtpx:hr></gpxtpx:TrackPointExtension></extensions></trkpt>
      <trkpt lat="40.671087" lon="-73.97012"><ele>50</ele><time>2026-09-23T21:45:38.000Z</time><extensions><gpxtpx:TrackPointExtension><gpxtpx:hr>140</gpxtpx:hr></gpxtpx:TrackPointExtension></extensions></trkpt>
      <trkpt lat="40.671069" lon="-73.970151"><ele>50</ele><time>2026-09-23T21:45:39.000Z</time><extensions><gpxtpx:TrackPointExtension><gpxtpx:hr>140</gpxtpx:hr></gpxtpx:TrackPointExtension></extensions></trkpt>
      <trkpt lat="40.671052" lon="-73.970185"><ele>50</ele><time>2026-09-23T21:45:40.000Z</time><extensions><gpxtpx:TrackPointExtension><gpxtpx:hr>140</gpxtpx:hr></gpxtpx:TrackPointExtension></extensions></trkpt>
      <trkpt lat="40.67104" lon="-73.970212"><ele>50</ele><time>2026-09-23T21:45:41.000Z</time><extensions><gpxtpx:TrackPointExtension><gpxtpx:hr>140</gpxtpx:hr></gpxtpx:TrackPointExtension></extensions></trkpt>
      <trkpt lat="40.671027" lon="-73.970241"><ele>50</ele><time>2026-09-23T21:45:42.000Z</time><extensions><gpxtpx:TrackPointExtension><gpxtpx:hr>140</gpxtpx:hr></gpxtpx:TrackPointExtension></extensions></trkpt>
      <trkpt lat="40.671015" lon="-73.97026"><ele>50.2</ele><time>2026-09-23T21:45:43.000Z</time><extensions><gpxtpx:TrackPointExtension><gpxtpx:hr>141</gpxtpx:hr></gpxtpx:TrackPointExtension></extensions></trkpt>
      <trkpt lat="40.671" lon="-73.970291"><ele>50.2</ele><time>2026-09-23T21:45:44.000Z</time><extensions><gpxtpx:TrackPointExtension><gpxtpx:hr>141</gpxtpx:hr></gpxtpx:TrackPointExtension></extensions></trkpt>
      <trkpt lat="40.670988" lon="-73.970315"><ele>50.4</ele><time>2026-09-23T21:45:45.000Z</time><extensions><gpxtpx:TrackPointExtension><gpxtpx:hr>141</gpxtpx:hr></gpxtpx:TrackPointExtension></extensions></trkpt>
      <trkpt lat="40.670973" lon="-73.970341"><ele>50.4</ele><time>2026-09-23T21:45:46.000Z</time><extensions><gpxtpx:TrackPointExtension><gpxtpx:hr>141</gpxtpx:hr></gpxtpx:TrackPointExtension></extensions></trkpt>
      <trkpt lat="40.67096" lon="-73.970369"><ele>50.6</ele><time>2026-09-23T21:45:47.000Z</time><extensions><gpxtpx:TrackPointExtension><gpxtpx:hr>142</gpxtpx:hr></gpxtpx:TrackPointExtension></extensions></trkpt>
      <trkpt lat="40.670945" lon="-73.970393"><ele>50.8</ele><time>2026-09-23T21:45:48.000Z</time><extensions><gpxtpx:TrackPointExtension><gpxtpx:hr>142</gpxtpx:hr></gpxtpx:TrackPointExtension></extensions></trkpt>
      <trkpt lat="40.67093" lon="-73.970419"><ele>50.8</ele><time>2026-09-23T21:45:49.000Z</time><extensions><gpxtpx:TrackPointExtension><gpxtpx:hr>142</gpxtpx:hr></gpxtpx:TrackPointExtension></extensions></trkpt>
      <trkpt lat="40.670911" lon="-73.970441"><ele>51</ele><time>2026-09-23T21:45:50.000Z</time><extensions><gpxtpx:TrackPointExtension><gpxtpx:hr>142</gpxtpx:hr></gpxtpx:TrackPointExtension></extensions></trkpt>
      <trkpt lat="40.670889" lon="-73.970468"><ele>51</ele><time>2026-09-23T21:45:51.000Z</time><extensions><gpxtpx:TrackPointExtension><gpxtpx:hr>142</gpxtpx:hr></gpxtpx:TrackPointExtension></extensions></trkpt>
      <trkpt lat="40.67087" lon="-73.97049"><ele>50.8</ele><time>2026-09-23T21:45:52.000Z</time><extensions><gpxtpx:TrackPointExtension><gpxtpx:hr>142</gpxtpx:hr></gpxtpx:TrackPointExtension></extensions></trkpt>
      <trkpt lat="40.670848" lon="-73.970516"><ele>51</ele><time>2026-09-23T21:45:53.000Z</time><extensions><gpxtpx:TrackPointExtension><gpxtpx:hr>142</gpxtpx:hr></gpxtpx:TrackPointExtension></extensions></trkpt>
      <trkpt lat="40.670829" lon="-73.970544"><ele>51</ele><time>2026-09-23T21:45:54.000Z</time><extensions><gpxtpx:TrackPointExtension><gpxtpx:hr>142</gpxtpx:hr></gpxtpx:TrackPointExtension></extensions></trkpt>
      <trkpt lat="40.670809" lon="-73.970565"><ele>51</ele><time>2026-09-23T21:45:55.000Z</time><extensions><gpxtpx:TrackPointExtension><gpxtpx:hr>142</gpxtpx:hr></gpxtpx:TrackPointExtension></extensions></trkpt>
      <trkpt lat="40.670787" lon="-73.970586"><ele>51</ele><time>2026-09-23T21:45:56.000Z</time><extensions><gpxtpx:TrackPointExtension><gpxtpx:hr>142</gpxtpx:hr></gpxtpx:TrackPointExtension></extensions></trkpt>
      <trkpt lat="40.670768" lon="-73.970602"><ele>51</ele><time>2026-09-23T21:45:57.000Z</time><extensions><gpxtpx:TrackPointExtension><gpxtpx:hr>143</gpxtpx:hr></gpxtpx:TrackPointExtension></extensions></trkpt>
      <trkpt lat="40.670748" lon="-73.970624"><ele>51.2</ele><time>2026-09-23T21:45:58.000Z</time><extensions><gpxtpx:TrackPointExtension><gpxtpx:hr>143</gpxtpx:hr></gpxtpx:TrackPointExtension></extensions></trkpt>
      <trkpt lat="40.670728" lon="-73.970639"><ele>51.2</ele><time>2026-09-23T21:45:59.000Z</time><extensions><gpxtpx:TrackPointExtension><gpxtpx:hr>143</gpxtpx:hr></gpxtpx:TrackPointExtension></extensions></trkpt>
      <trkpt lat="40.670704" lon="-73.970659"><ele>51.2</ele><time>2026-09-23T21:46:00.000Z</time><extensions><gpxtpx:TrackPointExtension><gpxtpx:hr>144</gpxtpx:hr></gpxtpx:TrackPointExtension></extensions></trkpt>
      <trkpt lat="40.670685" lon="-73.970671"><ele>51.4</ele><time>2026-09-23T21:46:01.000Z</time><extensions><gpxtpx:TrackPointExtension><gpxtpx:hr>144</gpxtpx:hr></gpxtpx:TrackPointExtension></extensions></trkpt>
      <trkpt lat="40.670658" lon="-73.970689"><ele>51.4</ele><time>2026-09-23T21:46:02.000Z</time><extensions><gpxtpx:TrackPointExtension><gpxtpx:hr>144</gpxtpx:hr></gpxtpx:TrackPointExtension></extensions></trkpt>
      <trkpt lat="40.670635" lon="-73.970705"><ele>51.6</ele><time>2026-09-23T21:46:03.000Z</time><extensions><gpxtpx:TrackPointExtension><gpxtpx:hr>144</gpxtpx:hr></gpxtpx:TrackPointExtension></extensions></trkpt>
      <trkpt lat="40.670609" lon="-73.97072"><ele>51.6</ele><time>2026-09-23T21:46:04.000Z</time><extensions><gpxtpx:TrackPointExtension><gpxtpx:hr>144</gpxtpx:hr></gpxtpx:TrackPointExtension></extensions></trkpt>
      <trkpt lat="40.670583" lon="-73.970742"><ele>51.6</ele><time>2026-09-23T21:46:05.000Z</time><extensions><gpxtpx:TrackPointExtension><gpxtpx:hr>144</gpxtpx:hr></gpxtpx:TrackPointExtension></extensions></trkpt>
      <trkpt lat="40.670557" lon="-73.970762"><ele>51.6</ele><time>2026-09-23T21:46:06.000Z</time><extensions><gpxtpx:TrackPointExtension><gpxtpx:hr>144</gpxtpx:hr></gpxtpx:TrackPointExtension></extensions></trkpt>
      <trkpt lat="40.67053" lon="-73.970782"><ele>51.6</ele><time>2026-09-23T21:46:07.000Z</time><extensions><gpxtpx:TrackPointExtension><gpxtpx:hr>144</gpxtpx:hr></gpxtpx:TrackPointExtension></extensions></trkpt>
      <trkpt lat="40.670506" lon="-73.970795"><ele>51.6</ele><time>2026-09-23T21:46:08.000Z</time><extensions><gpxtpx:TrackPointExtension><gpxtpx:hr>144</gpxtpx:hr></gpxtpx:TrackPointExtension></extensions></trkpt>
      <trkpt lat="40.67048" lon="-73.970812"><ele>51.4</ele><time>2026-09-23T21:46:09.000Z</time><extensions><gpxtpx:TrackPointExtension><gpxtpx:hr>145</gpxtpx:hr></gpxtpx:TrackPointExtension></extensions></trkpt>
      <trkpt lat="40.670459" lon="-73.970825"><ele>51.4</ele><time>2026-09-23T21:46:10.000Z</time><extensions><gpxtpx:TrackPointExtension><gpxtpx:hr>145</gpxtpx:hr></gpxtpx:TrackPointExtension></extensions></trkpt>
      <trkpt lat="40.670432" lon="-73.970844"><ele>51.4</ele><time>2026-09-23T21:46:11.000Z</time><extensions><gpxtpx:TrackPointExtension><gpxtpx:hr>145</gpxtpx:hr></gpxtpx:TrackPointExtension></extensions></trkpt>
      <trkpt lat="40.670413" lon="-73.970859"><ele>51.6</ele><time>2026-09-23T21:46:12.000Z</time><extensions><gpxtpx:TrackPointExtension><gpxtpx:hr>145</gpxtpx:hr></gpxtpx:TrackPointExtension></extensions></trkpt>
      <trkpt lat="40.670388" lon="-73.970879"><ele>51.6</ele><time>2026-09-23T21:46:13.000Z</time><extensions><gpxtpx:TrackPointExtension><gpxtpx:hr>145</gpxtpx:hr></gpxtpx:TrackPointExtension></extensions></trkpt>
      <trkpt lat="40.670364" lon="-73.970892"><ele>51.6</ele><time>2026-09-23T21:46:14.000Z</time><extensions><gpxtpx:TrackPointExtension><gpxtpx:hr>146</gpxtpx:hr></gpxtpx:TrackPointExtension></extensions></trkpt>
      <trkpt lat="40.670339" lon="-73.970903"><ele>51.6</ele><time>2026-09-23T21:46:15.000Z</time><extensions><gpxtpx:TrackPointExtension><gpxtpx:hr>146</gpxtpx:hr></gpxtpx:TrackPointExtension></extensions></trkpt>
      <trkpt lat="40.670315" lon="-73.970919"><ele>51.6</ele><time>2026-09-23T21:46:16.000Z</time><extensions><gpxtpx:TrackPointExtension><gpxtpx:hr>147</gpxtpx:hr></gpxtpx:TrackPointExtension></extensions></trkpt>
      <trkpt lat="40.670289" lon="-73.970931"><ele>51.6</ele><time>2026-09-23T21:46:17.000Z</time><extensions><gpxtpx:TrackPointExtension><gpxtpx:hr>147</gpxtpx:hr></gpxtpx:TrackPointExtension></extensions></trkpt>
      <trkpt lat="40.670265" lon="-73.970944"><ele>51.6</ele><time>2026-09-23T21:46:18.000Z</time><extensions><gpxtpx:TrackPointExtension><gpxtpx:hr>147</gpxtpx:hr></gpxtpx:TrackPointExtension></extensions></trkpt>
      <trkpt lat="40.670243" lon="-73.970957"><ele>51.6</ele><time>2026-09-23T21:46:19.000Z</time><extensions><gpxtpx:TrackPointExtension><gpxtpx:hr>147</gpxtpx:hr></gpxtpx:TrackPointExtension></extensions></trkpt>
      <trkpt lat="40.670219" lon="-73.970974"><ele>51.6</ele><time>2026-09-23T21:46:20.000Z</time><extensions><gpxtpx:TrackPointExtension><gpxtpx:hr>147</gpxtpx:hr></gpxtpx:TrackPointExtension></extensions></trkpt>
      <trkpt lat="40.670193" lon="-73.970988"><ele>51.6</ele><time>2026-09-23T21:46:21.000Z</time><extensions><gpxtpx:TrackPointExtension><gpxtpx:hr>147</gpxtpx:hr></gpxtpx:TrackPointExtension></extensions></trkpt>
      <trkpt lat="40.670168" lon="-73.971005"><ele>51.4</ele><time>2026-09-23T21:46:22.000Z</time><extensions><gpxtpx:TrackPointExtension><gpxtpx:hr>146</gpxtpx:hr></gpxtpx:TrackPointExtension></extensions></trkpt>
      <trkpt lat="40.670143" lon="-73.971017"><ele>51.4</ele><time>2026-09-23T21:46:23.000Z</time><extensions><gpxtpx:TrackPointExtension><gpxtpx:hr>146</gpxtpx:hr></gpxtpx:TrackPointExtension></extensions></trkpt>
      <trkpt lat="40.670119" lon="-73.971033"><ele>51.4</ele><time>2026-09-23T21:46:24.000Z</time><extensions><gpxtpx:TrackPointExtension><gpxtpx:hr>146</gpxtpx:hr></gpxtpx:TrackPointExtension></extensions></trkpt>
      <trkpt lat="40.6701" lon="-73.971046"><ele>51.4</ele><time>2026-09-23T21:46:25.000Z</time><extensions><gpxtpx:TrackPointExtension><gpxtpx:hr>146</gpxtpx:hr></gpxtpx:TrackPointExtension></extensions></trkpt>
      <trkpt lat="40.670076" lon="-73.971064"><ele>51.4</ele><time>2026-09-23T21:46:26.000Z</time><extensions><gpxtpx:TrackPointExtension><gpxtpx:hr>146</gpxtpx:hr></gpxtpx:TrackPointExtension></extensions></trkpt>
      <trkpt lat="40.670058" lon="-73.971079"><ele>51.2</ele><time>2026-09-23T21:46:27.000Z</time><extensions><gpxtpx:TrackPointExtension><gpxtpx:hr>146</gpxtpx:hr></gpxtpx:TrackPointExtension></extensions></trkpt>
      <trkpt lat="40.670034" lon="-73.971106"><ele>51.2</ele><time>2026-09-23T21:46:28.000Z</time><extensions><gpxtpx:TrackPointExtension><gpxtpx:hr>146</gpxtpx:hr></gpxtpx:TrackPointExtension></extensions></trkpt>
      <trkpt lat="40.670012" lon="-73.971125"><ele>51.2</ele><time>2026-09-23T21:46:29.000Z</time><extensions><gpxtpx:TrackPointExtension><gpxtpx:hr>145</gpxtpx:hr></gpxtpx:TrackPointExtension></extensions></trkpt>
      <trkpt lat="40.669986" lon="-73.971154"><ele>51.2</ele><time>2026-09-23T21:46:30.000Z</time><extensions><gpxtpx:TrackPointExtension><gpxtpx:hr>145</gpxtpx:hr></gpxtpx:TrackPointExtension></extensions></trkpt>
      <trkpt lat="40.669959" lon="-73.971175"><ele>51</ele><time>2026-09-23T21:46:31.000Z</time><extensions><gpxtpx:TrackPointExtension><gpxtpx:hr>144</gpxtpx:hr></gpxtpx:TrackPointExtension></extensions></trkpt>
      <trkpt lat="40.669933" lon="-73.971197"><ele>51</ele><time>2026-09-23T21:46:32.000Z</time><extensions><gpxtpx:TrackPointExtension><gpxtpx:hr>144</gpxtpx:hr></gpxtpx:TrackPointExtension></extensions></trkpt>
      <trkpt lat="40.669908" lon="-73.971219"><ele>51</ele><time>2026-09-23T21:46:33.000Z</time><extensions><gpxtpx:TrackPointExtension><gpxtpx:hr>143</gpxtpx:hr></gpxtpx:TrackPointExtension></extensions></trkpt>
      <trkpt lat="40.669883" lon="-73.97124"><ele>51</ele><time>2026-09-23T21:46:34.000Z</time><extensions><gpxtpx:TrackPointExtension><gpxtpx:hr>142</gpxtpx:hr></gpxtpx:TrackPointExtension></extensions></trkpt>
      <trkpt lat="40.669858" lon="-73.971263"><ele>51</ele><time>2026-09-23T21:46:35.000Z</time><extensions><gpxtpx:TrackPointExtension><gpxtpx:hr>142</gpxtpx:hr></gpxtpx:TrackPointExtension></extensions></trkpt>
      <trkpt lat="40.669836" lon="-73.971281"><ele>51</ele><time>2026-09-23T21:46:36.000Z</time><extensions><gpxtpx:TrackPointExtension><gpxtpx:hr>142</gpxtpx:hr></gpxtpx:TrackPointExtension></extensions></trkpt>
      <trkpt lat="40.669812" lon="-73.971301"><ele>50.8</ele><time>2026-09-23T21:46:37.000Z</time><extensions><gpxtpx:TrackPointExtension><gpxtpx:hr>141</gpxtpx:hr></gpxtpx:TrackPointExtension></extensions></trkpt>
      <trkpt lat="40.669792" lon="-73.971321"><ele>50.8</ele><time>2026-09-23T21:46:38.000Z</time><extensions><gpxtpx:TrackPointExtension><gpxtpx:hr>141</gpxtpx:hr></gpxtpx:TrackPointExtension></extensions></trkpt>
      <trkpt lat="40.66977" lon="-73.971343"><ele>50.8</ele><time>2026-09-23T21:46:39.000Z</time><extensions><gpxtpx:TrackPointExtension><gpxtpx:hr>141</gpxtpx:hr></gpxtpx:TrackPointExtension></extensions></trkpt>
      <trkpt lat="40.669751" lon="-73.971363"><ele>50.6</ele><time>2026-09-23T21:46:40.000Z</time><extensions><gpxtpx:TrackPointExtension><gpxtpx:hr>141</gpxtpx:hr></gpxtpx:TrackPointExtension></extensions></trkpt>
      <trkpt lat="40.669732" lon="-73.971388"><ele>50.4</ele><time>2026-09-23T21:46:41.000Z</time><extensions><gpxtpx:TrackPointExtension><gpxtpx:hr>140</gpxtpx:hr></gpxtpx:TrackPointExtension></extensions></trkpt>
      <trkpt lat="40.669713" lon="-73.971411"><ele>50.4</ele><time>2026-09-23T21:46:42.000Z</time><extensions><gpxtpx:TrackPointExtension><gpxtpx:hr>140</gpxtpx:hr></gpxtpx:TrackPointExtension></extensions></trkpt>
      <trkpt lat="40.669693" lon="-73.971438"><ele>50.4</ele><time>2026-09-23T21:46:43.000Z</time><extensions><gpxtpx:TrackPointExtension><gpxtpx:hr>140</gpxtpx:hr></gpxtpx:TrackPointExtension></extensions></trkpt>
      <trkpt lat="40.669673" lon="-73.971461"><ele>50.4</ele><time>2026-09-23T21:46:44.000Z</time><extensions><gpxtpx:TrackPointExtension><gpxtpx:hr>139</gpxtpx:hr></gpxtpx:TrackPointExtension></extensions></trkpt>
      <trkpt lat="40.669652" lon="-73.97149"><ele>50.4</ele><time>2026-09-23T21:46:45.000Z</time><extensions><gpxtpx:TrackPointExtension><gpxtpx:hr>139</gpxtpx:hr></gpxtpx:TrackPointExtension></extensions></trkpt>
      <trkpt lat="40.669629" lon="-73.971514"><ele>50.2</ele><time>2026-09-23T21:46:46.000Z</time><extensions><gpxtpx:TrackPointExtension><gpxtpx:hr>139</gpxtpx:hr></gpxtpx:TrackPointExtension></extensions></trkpt>
      <trkpt lat="40.669608" lon="-73.971533"><ele>50.2</ele><time>2026-09-23T21:46:47.000Z</time><extensions><gpxtpx:TrackPointExtension><gpxtpx:hr>139</gpxtpx:hr></gpxtpx:TrackPointExtension></extensions></trkpt>
      <trkpt lat="40.669585" lon="-73.971556"><ele>50.2</ele><time>2026-09-23T21:46:48.000Z</time><extensions><gpxtpx:TrackPointExtension><gpxtpx:hr>138</gpxtpx:hr></gpxtpx:TrackPointExtension></extensions></trkpt>
      <trkpt lat="40.669567" lon="-73.971579"><ele>50</ele><time>2026-09-23T21:46:49.000Z</time><extensions><gpxtpx:TrackPointExtension><gpxtpx:hr>138</gpxtpx:hr></gpxtpx:TrackPointExtension></extensions></trkpt>
      <trkpt lat="40.669544" lon="-73.971606"><ele>49.8</ele><time>2026-09-23T21:46:50.000Z</time><extensions><gpxtpx:TrackPointExtension><gpxtpx:hr>138</gpxtpx:hr></gpxtpx:TrackPointExtension></extensions></trkpt>
      <trkpt lat="40.669526" lon="-73.971627"><ele>49.8</ele><time>2026-09-23T21:46:51.000Z</time><extensions><gpxtpx:TrackPointExtension><gpxtpx:hr>138</gpxtpx:hr></gpxtpx:TrackPointExtension></extensions></trkpt>
      <trkpt lat="40.669503" lon="-73.97166"><ele>49.8</ele><time>2026-09-23T21:46:52.000Z</time><extensions><gpxtpx:TrackPointExtension><gpxtpx:hr>137</gpxtpx:hr></gpxtpx:TrackPointExtension></extensions></trkpt>
      <trkpt lat="40.669483" lon="-73.971679"><ele>49.6</ele><time>2026-09-23T21:46:53.000Z</time><extensions><gpxtpx:TrackPointExtension><gpxtpx:hr>137</gpxtpx:hr></gpxtpx:TrackPointExtension></extensions></trkpt>
      <trkpt lat="40.669462" lon="-73.971704"><ele>49.6</ele><time>2026-09-23T21:46:54.000Z</time><extensions><gpxtpx:TrackPointExtension><gpxtpx:hr>136</gpxtpx:hr></gpxtpx:TrackPointExtension></extensions></trkpt>
      <trkpt lat="40.669443" lon="-73.971725"><ele>49.4</ele><time>2026-09-23T21:46:55.000Z</time><extensions><gpxtpx:TrackPointExtension><gpxtpx:hr>136</gpxtpx:hr></gpxtpx:TrackPointExtension></extensions></trkpt>
      <trkpt lat="40.669423" lon="-73.971743"><ele>49.4</ele><time>2026-09-23T21:46:56.000Z</time><extensions><gpxtpx:TrackPointExtension><gpxtpx:hr>136</gpxtpx:hr></gpxtpx:TrackPointExtension></extensions></trkpt>
      <trkpt lat="40.669404" lon="-73.971762"><ele>49.2</ele><time>2026-09-23T21:46:57.000Z</time><extensions><gpxtpx:TrackPointExtension><gpxtpx:hr>136</gpxtpx:hr></gpxtpx:TrackPointExtension></extensions></trkpt>
      <trkpt lat="40.669379" lon="-73.971785"><ele>49</ele><time>2026-09-23T21:46:58.000Z</time><extensions><gpxtpx:TrackPointExtension><gpxtpx:hr>135</gpxtpx:hr></gpxtpx:TrackPointExtension></extensions></trkpt>
      <trkpt lat="40.669359" lon="-73.971803"><ele>48.8</ele><time>2026-09-23T21:46:59.000Z</time><extensions><gpxtpx:TrackPointExtension><gpxtpx:hr>135</gpxtpx:hr></gpxtpx:TrackPointExtension></extensions></trkpt>
      <trkpt lat="40.669336" lon="-73.97182"><ele>48.6</ele><time>2026-09-23T21:47:00.000Z</time><extensions><gpxtpx:TrackPointExtension><gpxtpx:hr>135</gpxtpx:hr></gpxtpx:TrackPointExtension></extensions></trkpt>
      <trkpt lat="40.669311" lon="-73.971842"><ele>48.6</ele><time>2026-09-23T21:47:01.000Z</time><extensions><gpxtpx:TrackPointExtension><gpxtpx:hr>135</gpxtpx:hr></gpxtpx:TrackPointExtension></extensions></trkpt>
      <trkpt lat="40.669288" lon="-73.971857"><ele>48.4</ele><time>2026-09-23T21:47:02.000Z</time><extensions><gpxtpx:TrackPointExtension><gpxtpx:hr>135</gpxtpx:hr></gpxtpx:TrackPointExtension></extensions></trkpt>
      <trkpt lat="40.669263" lon="-73.971879"><ele>48.6</ele><time>2026-09-23T21:47:03.000Z</time><extensions><gpxtpx:TrackPointExtension><gpxtpx:hr>135</gpxtpx:hr></gpxtpx:TrackPointExtension></extensions></trkpt>
      <trkpt lat="40.669242" lon="-73.97189"><ele>48.6</ele><time>2026-09-23T21:47:04.000Z</time><extensions><gpxtpx:TrackPointExtension><gpxtpx:hr>135</gpxtpx:hr></gpxtpx:TrackPointExtension></extensions></trkpt>
      <trkpt lat="40.669212" lon="-73.971911"><ele>48.6</ele><time>2026-09-23T21:47:05.000Z</time><extensions><gpxtpx:TrackPointExtension><gpxtpx:hr>135</gpxtpx:hr></gpxtpx:TrackPointExtension></extensions></trkpt>
      <trkpt lat="40.669188" lon="-73.971924"><ele>48.6</ele><time>2026-09-23T21:47:06.000Z</time><extensions><gpxtpx:TrackPointExtension><gpxtpx:hr>135</gpxtpx:hr></gpxtpx:TrackPointExtension></extensions></trkpt>
      <trkpt lat="40.669158" lon="-73.971941"><ele>48.6</ele><time>2026-09-23T21:47:07.000Z</time><extensions><gpxtpx:TrackPointExtension><gpxtpx:hr>135</gpxtpx:hr></gpxtpx:TrackPointExtension></extensions></trkpt>
      <trkpt lat="40.669133" lon="-73.97195"><ele>48.4</ele><time>2026-09-23T21:47:08.000Z</time><extensions><gpxtpx:TrackPointExtension><gpxtpx:hr>136</gpxtpx:hr></gpxtpx:TrackPointExtension></extensions></trkpt>
      <trkpt lat="40.669104" lon="-73.97196"><ele>48.2</ele><time>2026-09-23T21:47:09.000Z</time><extensions><gpxtpx:TrackPointExtension><gpxtpx:hr>136</gpxtpx:hr></gpxtpx:TrackPointExtension></extensions></trkpt>
      <trkpt lat="40.66908" lon="-73.971965"><ele>48.2</ele><time>2026-09-23T21:47:10.000Z</time><extensions><gpxtpx:TrackPointExtension><gpxtpx:hr>136</gpxtpx:hr></gpxtpx:TrackPointExtension></extensions></trkpt>
      <trkpt lat="40.669059" lon="-73.971975"><ele>48</ele><time>2026-09-23T21:47:11.000Z</time><extensions><gpxtpx:TrackPointExtension><gpxtpx:hr>136</gpxtpx:hr></gpxtpx:TrackPointExtension></extensions></trkpt>
      <trkpt lat="40.669037" lon="-73.971986"><ele>48</ele><time>2026-09-23T21:47:12.000Z</time><extensions><gpxtpx:TrackPointExtension><gpxtpx:hr>135</gpxtpx:hr></gpxtpx:TrackPointExtension></extensions></trkpt>
      <trkpt lat="40.669013" lon="-73.971994"><ele>48</ele><time>2026-09-23T21:47:13.000Z</time><extensions><gpxtpx:TrackPointExtension><gpxtpx:hr>135</gpxtpx:hr></gpxtpx:TrackPointExtension></extensions></trkpt>
      <trkpt lat="40.66899" lon="-73.972003"><ele>48</ele><time>2026-09-23T21:47:14.000Z</time><extensions><gpxtpx:TrackPointExtension><gpxtpx:hr>135</gpxtpx:hr></gpxtpx:TrackPointExtension></extensions></trkpt>
      <trkpt lat="40.668973" lon="-73.972014"><ele>48</ele><time>2026-09-23T21:47:15.000Z</time><extensions><gpxtpx:TrackPointExtension><gpxtpx:hr>135</gpxtpx:hr></gpxtpx:TrackPointExtension></extensions></trkpt>
      <trkpt lat="40.66895" lon="-73.972029"><ele>48</ele><time>2026-09-23T21:47:16.000Z</time><extensions><gpxtpx:TrackPointExtension><gpxtpx:hr>135</gpxtpx:hr></gpxtpx:TrackPointExtension></extensions></trkpt>
      <trkpt lat="40.668928" lon="-73.97204"><ele>48</ele><time>2026-09-23T21:47:17.000Z</time><extensions><gpxtpx:TrackPointExtension><gpxtpx:hr>135</gpxtpx:hr></gpxtpx:TrackPointExtension></extensions></trkpt>
      <trkpt lat="40.668907" lon="-73.972057"><ele>48</ele><time>2026-09-23T21:47:18.000Z</time><extensions><gpxtpx:TrackPointExtension><gpxtpx:hr>135</gpxtpx:hr></gpxtpx:TrackPointExtension></extensions></trkpt>
      <trkpt lat="40.668884" lon="-73.972065"><ele>48</ele><time>2026-09-23T21:47:19.000Z</time><extensions><gpxtpx:TrackPointExtension><gpxtpx:hr>135</gpxtpx:hr></gpxtpx:TrackPointExtension></extensions></trkpt>
      <trkpt lat="40.668856" lon="-73.972081"><ele>48.2</ele><time>2026-09-23T21:47:20.000Z</time><extensions><gpxtpx:TrackPointExtension><gpxtpx:hr>135</gpxtpx:hr></gpxtpx:TrackPointExtension></extensions></trkpt>
      <trkpt lat="40.668832" lon="-73.97209"><ele>48.2</ele><time>2026-09-23T21:47:21.000Z</time><extensions><gpxtpx:TrackPointExtension><gpxtpx:hr>136</gpxtpx:hr></gpxtpx:TrackPointExtension></extensions></trkpt>
      <trkpt lat="40.668806" lon="-73.972107"><ele>48.4</ele><time>2026-09-23T21:47:22.000Z</time><extensions><gpxtpx:TrackPointExtension><gpxtpx:hr>136</gpxtpx:hr></gpxtpx:TrackPointExtension></extensions></trkpt>
      <trkpt lat="40.668783" lon="-73.972116"><ele>48.4</ele><time>2026-09-23T21:47:23.000Z</time><extensions><gpxtpx:TrackPointExtension><gpxtpx:hr>136</gpxtpx:hr></gpxtpx:TrackPointExtension></extensions></trkpt>
      <trkpt lat="40.668755" lon="-73.972129"><ele>48.6</ele><time>2026-09-23T21:47:24.000Z</time><extensions><gpxtpx:TrackPointExtension><gpxtpx:hr>136</gpxtpx:hr></gpxtpx:TrackPointExtension></extensions></trkpt>
      <trkpt lat="40.668729" lon="-73.972139"><ele>48.6</ele><time>2026-09-23T21:47:25.000Z</time><extensions><gpxtpx:TrackPointExtension><gpxtpx:hr>136</gpxtpx:hr></gpxtpx:TrackPointExtension></extensions></trkpt>
      <trkpt lat="40.668701" lon="-73.972153"><ele>48.8</ele><time>2026-09-23T21:47:26.000Z</time><extensions><gpxtpx:TrackPointExtension><gpxtpx:hr>135</gpxtpx:hr></gpxtpx:TrackPointExtension></extensions></trkpt>
      <trkpt lat="40.668677" lon="-73.972167"><ele>49</ele><time>2026-09-23T21:47:27.000Z</time><extensions><gpxtpx:TrackPointExtension><gpxtpx:hr>135</gpxtpx:hr></gpxtpx:TrackPointExtension></extensions></trkpt>
      <trkpt lat="40.668653" lon="-73.972173"><ele>49</ele><time>2026-09-23T21:47:28.000Z</time><extensions><gpxtpx:TrackPointExtension><gpxtpx:hr>135</gpxtpx:hr></gpxtpx:TrackPointExtension></extensions></trkpt>
      <trkpt lat="40.668631" lon="-73.972178"><ele>49</ele><time>2026-09-23T21:47:29.000Z</time><extensions><gpxtpx:TrackPointExtension><gpxtpx:hr>135</gpxtpx:hr></gpxtpx:TrackPointExtension></extensions></trkpt>
      <trkpt lat="40.668605" lon="-73.972184"><ele>49.2</ele><time>2026-09-23T21:47:30.000Z</time><extensions><gpxtpx:TrackPointExtension><gpxtpx:hr>135</gpxtpx:hr></gpxtpx:TrackPointExtension></extensions></trkpt>
      <trkpt lat="40.668581" lon="-73.972191"><ele>49.4</ele><time>2026-09-23T21:47:31.000Z</time><extensions><gpxtpx:TrackPointExtension><gpxtpx:hr>135</gpxtpx:hr></gpxtpx:TrackPointExtension></extensions></trkpt>
      <trkpt lat="40.668553" lon="-73.972195"><ele>49.4</ele><time>2026-09-23T21:47:32.000Z</time><extensions><gpxtpx:TrackPointExtension><gpxtpx:hr>136</gpxtpx:hr></gpxtpx:TrackPointExtension></extensions></trkpt>
      <trkpt lat="40.668531" lon="-73.972204"><ele>49.6</ele><time>2026-09-23T21:47:33.000Z</time><extensions><gpxtpx:TrackPointExtension><gpxtpx:hr>136</gpxtpx:hr></gpxtpx:TrackPointExtension></extensions></trkpt>
      <trkpt lat="40.668509" lon="-73.972211"><ele>49.6</ele><time>2026-09-23T21:47:34.000Z</time><extensions><gpxtpx:TrackPointExtension><gpxtpx:hr>136</gpxtpx:hr></gpxtpx:TrackPointExtension></extensions></trkpt>
      <trkpt lat="40.668484" lon="-73.972217"><ele>49.6</ele><time>2026-09-23T21:47:35.000Z</time><extensions><gpxtpx:TrackPointExtension><gpxtpx:hr>136</gpxtpx:hr></gpxtpx:TrackPointExtension></extensions></trkpt>
      <trkpt lat="40.668462" lon="-73.972224"><ele>49.8</ele><time>2026-09-23T21:47:36.000Z</time><extensions><gpxtpx:TrackPointExtension><gpxtpx:hr>136</gpxtpx:hr></gpxtpx:TrackPointExtension></extensions></trkpt>
      <trkpt lat="40.668437" lon="-73.97223"><ele>49.8</ele><time>2026-09-23T21:47:37.000Z</time><extensions><gpxtpx:TrackPointExtension><gpxtpx:hr>135</gpxtpx:hr></gpxtpx:TrackPointExtension></extensions></trkpt>
      <trkpt lat="40.668417" lon="-73.97223"><ele>49.6</ele><time>2026-09-23T21:47:38.000Z</time><extensions><gpxtpx:TrackPointExtension><gpxtpx:hr>135</gpxtpx:hr></gpxtpx:TrackPointExtension></extensions></trkpt>
      <trkpt lat="40.668388" lon="-73.97224"><ele>49.6</ele><time>2026-09-23T21:47:39.000Z</time><extensions><gpxtpx:TrackPointExtension><gpxtpx:hr>135</gpxtpx:hr></gpxtpx:TrackPointExtension></extensions></trkpt>
      <trkpt lat="40.668366" lon="-73.972241"><ele>49.4</ele><time>2026-09-23T21:47:40.000Z</time><extensions><gpxtpx:TrackPointExtension><gpxtpx:hr>135</gpxtpx:hr></gpxtpx:TrackPointExtension></extensions></trkpt>
      <trkpt lat="40.668337" lon="-73.972245"><ele>49.4</ele><time>2026-09-23T21:47:41.000Z</time><extensions><gpxtpx:TrackPointExtension><gpxtpx:hr>135</gpxtpx:hr></gpxtpx:TrackPointExtension></extensions></trkpt>
      <trkpt lat="40.668313" lon="-73.972244"><ele>49.2</ele><time>2026-09-23T21:47:42.000Z</time><extensions><gpxtpx:TrackPointExtension><gpxtpx:hr>134</gpxtpx:hr></gpxtpx:TrackPointExtension></extensions></trkpt>
      <trkpt lat="40.668283" lon="-73.972246"><ele>49.2</ele><time>2026-09-23T21:47:43.000Z</time><extensions><gpxtpx:TrackPointExtension><gpxtpx:hr>134</gpxtpx:hr></gpxtpx:TrackPointExtension></extensions></trkpt>
      <trkpt lat="40.668258" lon="-73.972248"><ele>49</ele><time>2026-09-23T21:47:44.000Z</time><extensions><gpxtpx:TrackPointExtension><gpxtpx:hr>134</gpxtpx:hr></gpxtpx:TrackPointExtension></extensions></trkpt>
      <trkpt lat="40.668233" lon="-73.972254"><ele>49</ele><time>2026-09-23T21:47:45.000Z</time><extensions><gpxtpx:TrackPointExtension><gpxtpx:hr>135</gpxtpx:hr></gpxtpx:TrackPointExtension></extensions></trkpt>
      <trkpt lat="40.668209" lon="-73.972263"><ele>49.2</ele><time>2026-09-23T21:47:46.000Z</time><extensions><gpxtpx:TrackPointExtension><gpxtpx:hr>135</gpxtpx:hr></gpxtpx:TrackPointExtension></extensions></trkpt>
      <trkpt lat="40.668185" lon="-73.972267"><ele>49.2</ele><time>2026-09-23T21:47:47.000Z</time><extensions><gpxtpx:TrackPointExtension><gpxtpx:hr>135</gpxtpx:hr></gpxtpx:TrackPointExtension></extensions></trkpt>
      <trkpt lat="40.668158" lon="-73.97227"><ele>49.2</ele><time>2026-09-23T21:47:48.000Z</time><extensions><gpxtpx:TrackPointExtension><gpxtpx:hr>135</gpxtpx:hr></gpxtpx:TrackPointExtension></extensions></trkpt>
      <trkpt lat="40.668133" lon="-73.972272"><ele>49.4</ele><time>2026-09-23T21:47:49.000Z</time><extensions><gpxtpx:TrackPointExtension><gpxtpx:hr>136</gpxtpx:hr></gpxtpx:TrackPointExtension></extensions></trkpt>
      <trkpt lat="40.668105" lon="-73.972279"><ele>49.4</ele><time>2026-09-23T21:47:50.000Z</time><extensions><gpxtpx:TrackPointExtension><gpxtpx:hr>136</gpxtpx:hr></gpxtpx:TrackPointExtension></extensions></trkpt>
      <trkpt lat="40.668086" lon="-73.972283"><ele>49.4</ele><time>2026-09-23T21:47:51.000Z</time><extensions><gpxtpx:TrackPointExtension><gpxtpx:hr>136</gpxtpx:hr></gpxtpx:TrackPointExtension></extensions></trkpt>
      <trkpt lat="40.66806" lon="-73.972287"><ele>49.4</ele><time>2026-09-23T21:47:52.000Z</time><extensions><gpxtpx:TrackPointExtension><gpxtpx:hr>136</gpxtpx:hr></gpxtpx:TrackPointExtension></extensions></trkpt>
      <trkpt lat="40.668038" lon="-73.972291"><ele>49.4</ele><time>2026-09-23T21:47:53.000Z</time><extensions><gpxtpx:TrackPointExtension><gpxtpx:hr>137</gpxtpx:hr></gpxtpx:TrackPointExtension></extensions></trkpt>
      <trkpt lat="40.668011" lon="-73.972297"><ele>49.6</ele><time>2026-09-23T21:47:54.000Z</time><extensions><gpxtpx:TrackPointExtension><gpxtpx:hr>137</gpxtpx:hr></gpxtpx:TrackPointExtension></extensions></trkpt>
      <trkpt lat="40.667991" lon="-73.972296"><ele>49.6</ele><time>2026-09-23T21:47:55.000Z</time><extensions><gpxtpx:TrackPointExtension><gpxtpx:hr>137</gpxtpx:hr></gpxtpx:TrackPointExtension></extensions></trkpt>
      <trkpt lat="40.66796" lon="-73.9723"><ele>49.6</ele><time>2026-09-23T21:47:56.000Z</time><extensions><gpxtpx:TrackPointExtension><gpxtpx:hr>137</gpxtpx:hr></gpxtpx:TrackPointExtension></extensions></trkpt>
      <trkpt lat="40.667934" lon="-73.972301"><ele>49.6</ele><time>2026-09-23T21:47:57.000Z</time><extensions><gpxtpx:TrackPointExtension><gpxtpx:hr>137</gpxtpx:hr></gpxtpx:TrackPointExtension></extensions></trkpt>
      <trkpt lat="40.667909" lon="-73.972306"><ele>49.6</ele><time>2026-09-23T21:47:58.000Z</time><extensions><gpxtpx:TrackPointExtension><gpxtpx:hr>138</gpxtpx:hr></gpxtpx:TrackPointExtension></extensions></trkpt>
      <trkpt lat="40.667885" lon="-73.972307"><ele>49.6</ele><time>2026-09-23T21:47:59.000Z</time><extensions><gpxtpx:TrackPointExtension><gpxtpx:hr>138</gpxtpx:hr></gpxtpx:TrackPointExtension></extensions></trkpt>
      <trkpt lat="40.667858" lon="-73.972307"><ele>49.6</ele><time>2026-09-23T21:48:00.000Z</time><extensions><gpxtpx:TrackPointExtension><gpxtpx:hr>138</gpxtpx:hr></gpxtpx:TrackPointExtension></extensions></trkpt>
      <trkpt lat="40.66783" lon="-73.972305"><ele>49.6</ele><time>2026-09-23T21:48:01.000Z</time><extensions><gpxtpx:TrackPointExtension><gpxtpx:hr>138</gpxtpx:hr></gpxtpx:TrackPointExtension></extensions></trkpt>
      <trkpt lat="40.667806" lon="-73.972304"><ele>49.8</ele><time>2026-09-23T21:48:02.000Z</time><extensions><gpxtpx:TrackPointExtension><gpxtpx:hr>138</gpxtpx:hr></gpxtpx:TrackPointExtension></extensions></trkpt>
      <trkpt lat="40.667778" lon="-73.972302"><ele>49.8</ele><time>2026-09-23T21:48:03.000Z</time><extensions><gpxtpx:TrackPointExtension><gpxtpx:hr>138</gpxtpx:hr></gpxtpx:TrackPointExtension></extensions></trkpt>
      <trkpt lat="40.667752" lon="-73.972299"><ele>50</ele><time>2026-09-23T21:48:04.000Z</time><extensions><gpxtpx:TrackPointExtension><gpxtpx:hr>138</gpxtpx:hr></gpxtpx:TrackPointExtension></extensions></trkpt>
      <trkpt lat="40.667725" lon="-73.972298"><ele>50</ele><time>2026-09-23T21:48:05.000Z</time><extensions><gpxtpx:TrackPointExtension><gpxtpx:hr>138</gpxtpx:hr></gpxtpx:TrackPointExtension></extensions></trkpt>
      <trkpt lat="40.667701" lon="-73.972298"><ele>50</ele><time>2026-09-23T21:48:06.000Z</time><extensions><gpxtpx:TrackPointExtension><gpxtpx:hr>138</gpxtpx:hr></gpxtpx:TrackPointExtension></extensions></trkpt>
      <trkpt lat="40.667672" lon="-73.972301"><ele>50</ele><time>2026-09-23T21:48:07.000Z</time><extensions><gpxtpx:TrackPointExtension><gpxtpx:hr>138</gpxtpx:hr></gpxtpx:TrackPointExtension></extensions></trkpt>
      <trkpt lat="40.667646" lon="-73.972301"><ele>50.2</ele><time>2026-09-23T21:48:08.000Z</time><extensions><gpxtpx:TrackPointExtension><gpxtpx:hr>139</gpxtpx:hr></gpxtpx:TrackPointExtension></extensions></trkpt>
      <trkpt lat="40.667614" lon="-73.972302"><ele>50.2</ele><time>2026-09-23T21:48:09.000Z</time><extensions><gpxtpx:TrackPointExtension><gpxtpx:hr>139</gpxtpx:hr></gpxtpx:TrackPointExtension></extensions></trkpt>
      <trkpt lat="40.667587" lon="-73.9723"><ele>50.2</ele><time>2026-09-23T21:48:10.000Z</time><extensions><gpxtpx:TrackPointExtension><gpxtpx:hr>139</gpxtpx:hr></gpxtpx:TrackPointExtension></extensions></trkpt>
      <trkpt lat="40.667558" lon="-73.972301"><ele>50.4</ele><time>2026-09-23T21:48:11.000Z</time><extensions><gpxtpx:TrackPointExtension><gpxtpx:hr>139</gpxtpx:hr></gpxtpx:TrackPointExtension></extensions></trkpt>
      <trkpt lat="40.667535" lon="-73.972293"><ele>50.4</ele><time>2026-09-23T21:48:12.000Z</time><extensions><gpxtpx:TrackPointExtension><gpxtpx:hr>140</gpxtpx:hr></gpxtpx:TrackPointExtension></extensions></trkpt>
      <trkpt lat="40.667508" lon="-73.972288"><ele>50.4</ele><time>2026-09-23T21:48:13.000Z</time><extensions><gpxtpx:TrackPointExtension><gpxtpx:hr>140</gpxtpx:hr></gpxtpx:TrackPointExtension></extensions></trkpt>
      <trkpt lat="40.667484" lon="-73.972281"><ele>50.4</ele><time>2026-09-23T21:48:14.000Z</time><extensions><gpxtpx:TrackPointExtension><gpxtpx:hr>140</gpxtpx:hr></gpxtpx:TrackPointExtension></extensions></trkpt>
      <trkpt lat="40.667457" lon="-73.972276"><ele>50.4</ele><time>2026-09-23T21:48:15.000Z</time><extensions><gpxtpx:TrackPointExtension><gpxtpx:hr>140</gpxtpx:hr></gpxtpx:TrackPointExtension></extensions></trkpt>
      <trkpt lat="40.667433" lon="-73.972273"><ele>50.4</ele><time>2026-09-23T21:48:16.000Z</time><extensions><gpxtpx:TrackPointExtension><gpxtpx:hr>141</gpxtpx:hr></gpxtpx:TrackPointExtension></extensions></trkpt>
      <trkpt lat="40.667408" lon="-73.972269"><ele>50.4</ele><time>2026-09-23T21:48:17.000Z</time><extensions><gpxtpx:TrackPointExtension><gpxtpx:hr>141</gpxtpx:hr></gpxtpx:TrackPointExtension></extensions></trkpt>
      <trkpt lat="40.667384" lon="-73.972262"><ele>50.4</ele><time>2026-09-23T21:48:18.000Z</time><extensions><gpxtpx:TrackPointExtension><gpxtpx:hr>141</gpxtpx:hr></gpxtpx:TrackPointExtension></extensions></trkpt>
      <trkpt lat="40.667358" lon="-73.97226"><ele>50.2</ele><time>2026-09-23T21:48:19.000Z</time><extensions><gpxtpx:TrackPointExtension><gpxtpx:hr>141</gpxtpx:hr></gpxtpx:TrackPointExtension></extensions></trkpt>
      <trkpt lat="40.667329" lon="-73.972254"><ele>50.2</ele><time>2026-09-23T21:48:20.000Z</time><extensions><gpxtpx:TrackPointExtension><gpxtpx:hr>141</gpxtpx:hr></gpxtpx:TrackPointExtension></extensions></trkpt>
      <trkpt lat="40.667304" lon="-73.972251"><ele>50.2</ele><time>2026-09-23T21:48:21.000Z</time><extensions><gpxtpx:TrackPointExtension><gpxtpx:hr>141</gpxtpx:hr></gpxtpx:TrackPointExtension></extensions></trkpt>
      <trkpt lat="40.667273" lon="-73.972241"><ele>50.2</ele><time>2026-09-23T21:48:22.000Z</time><extensions><gpxtpx:TrackPointExtension><gpxtpx:hr>141</gpxtpx:hr></gpxtpx:TrackPointExtension></extensions></trkpt>
      <trkpt lat="40.667244" lon="-73.972234"><ele>50.2</ele><time>2026-09-23T21:48:23.000Z</time><extensions><gpxtpx:TrackPointExtension><gpxtpx:hr>141</gpxtpx:hr></gpxtpx:TrackPointExtension></extensions></trkpt>
      <trkpt lat="40.667215" lon="-73.972232"><ele>50.2</ele><time>2026-09-23T21:48:24.000Z</time><extensions><gpxtpx:TrackPointExtension><gpxtpx:hr>141</gpxtpx:hr></gpxtpx:TrackPointExtension></extensions></trkpt>
      <trkpt lat="40.667188" lon="-73.972226"><ele>50</ele><time>2026-09-23T21:48:25.000Z</time><extensions><gpxtpx:TrackPointExtension><gpxtpx:hr>141</gpxtpx:hr></gpxtpx:TrackPointExtension></extensions></trkpt>
      <trkpt lat="40.667159" lon="-73.972213"><ele>50</ele><time>2026-09-23T21:48:26.000Z</time><extensions><gpxtpx:TrackPointExtension><gpxtpx:hr>141</gpxtpx:hr></gpxtpx:TrackPointExtension></extensions></trkpt>
      <trkpt lat="40.667136" lon="-73.972203"><ele>49.8</ele><time>2026-09-23T21:48:27.000Z</time><extensions><gpxtpx:TrackPointExtension><gpxtpx:hr>141</gpxtpx:hr></gpxtpx:TrackPointExtension></extensions></trkpt>
      <trkpt lat="40.667109" lon="-73.972192"><ele>49.6</ele><time>2026-09-23T21:48:28.000Z</time><extensions><gpxtpx:TrackPointExtension><gpxtpx:hr>141</gpxtpx:hr></gpxtpx:TrackPointExtension></extensions></trkpt>
      <trkpt lat="40.667083" lon="-73.972187"><ele>49.6</ele><time>2026-09-23T21:48:29.000Z</time><extensions><gpxtpx:TrackPointExtension><gpxtpx:hr>141</gpxtpx:hr></gpxtpx:TrackPointExtension></extensions></trkpt>
      <trkpt lat="40.667054" lon="-73.972187"><ele>49.6</ele><time>2026-09-23T21:48:30.000Z</time><extensions><gpxtpx:TrackPointExtension><gpxtpx:hr>141</gpxtpx:hr></gpxtpx:TrackPointExtension></extensions></trkpt>
      <trkpt lat="40.667029" lon="-73.972183"><ele>49.4</ele><time>2026-09-23T21:48:31.000Z</time><extensions><gpxtpx:TrackPointExtension><gpxtpx:hr>141</gpxtpx:hr></gpxtpx:TrackPointExtension></extensions></trkpt>
      <trkpt lat="40.667001" lon="-73.972179"><ele>49.6</ele><time>2026-09-23T21:48:32.000Z</time><extensions><gpxtpx:TrackPointExtension><gpxtpx:hr>141</gpxtpx:hr></gpxtpx:TrackPointExtension></extensions></trkpt>
      <trkpt lat="40.666975" lon="-73.972174"><ele>49.6</ele><time>2026-09-23T21:48:33.000Z</time><extensions><gpxtpx:TrackPointExtension><gpxtpx:hr>141</gpxtpx:hr></gpxtpx:TrackPointExtension></extensions></trkpt>
      <trkpt lat="40.666942" lon="-73.972173"><ele>49.6</ele><time>2026-09-23T21:48:34.000Z</time><extensions><gpxtpx:TrackPointExtension><gpxtpx:hr>141</gpxtpx:hr></gpxtpx:TrackPointExtension></extensions></trkpt>
      <trkpt lat="40.666915" lon="-73.972162"><ele>49.6</ele><time>2026-09-23T21:48:35.000Z</time><extensions><gpxtpx:TrackPointExtension><gpxtpx:hr>141</gpxtpx:hr></gpxtpx:TrackPointExtension></extensions></trkpt>
      <trkpt lat="40.666881" lon="-73.972158"><ele>49.6</ele><time>2026-09-23T21:48:36.000Z</time><extensions><gpxtpx:TrackPointExtension><gpxtpx:hr>141</gpxtpx:hr></gpxtpx:TrackPointExtension></extensions></trkpt>
      <trkpt lat="40.666857" lon="-73.972156"><ele>49.6</ele><time>2026-09-23T21:48:37.000Z</time><extensions><gpxtpx:TrackPointExtension><gpxtpx:hr>142</gpxtpx:hr></gpxtpx:TrackPointExtension></extensions></trkpt>
      <trkpt lat="40.666828" lon="-73.972151"><ele>49.4</ele><time>2026-09-23T21:48:38.000Z</time><extensions><gpxtpx:TrackPointExtension><gpxtpx:hr>142</gpxtpx:hr></gpxtpx:TrackPointExtension></extensions></trkpt>
      <trkpt lat="40.666806" lon="-73.972149"><ele>49.4</ele><time>2026-09-23T21:48:39.000Z</time><extensions><gpxtpx:TrackPointExtension><gpxtpx:hr>142</gpxtpx:hr></gpxtpx:TrackPointExtension></extensions></trkpt>
      <trkpt lat="40.666778" lon="-73.972146"><ele>49.4</ele><time>2026-09-23T21:48:40.000Z</time><extensions><gpxtpx:TrackPointExtension><gpxtpx:hr>142</gpxtpx:hr></gpxtpx:TrackPointExtension></extensions></trkpt>
      <trkpt lat="40.666752" lon="-73.972144"><ele>49.4</ele><time>2026-09-23T21:48:41.000Z</time><extensions><gpxtpx:TrackPointExtension><gpxtpx:hr>142</gpxtpx:hr></gpxtpx:TrackPointExtension></extensions></trkpt>
      <trkpt lat="40.666726" lon="-73.972139"><ele>49.4</ele><time>2026-09-23T21:48:42.000Z</time><extensions><gpxtpx:TrackPointExtension><gpxtpx:hr>142</gpxtpx:hr></gpxtpx:TrackPointExtension></extensions></trkpt>
      <trkpt lat="40.666705" lon="-73.972137"><ele>49.4</ele><time>2026-09-23T21:48:43.000Z</time><extensions><gpxtpx:TrackPointExtension><gpxtpx:hr>143</gpxtpx:hr></gpxtpx:TrackPointExtension></extensions></trkpt>
      <trkpt lat="40.666675" lon="-73.972133"><ele>49.4</ele><time>2026-09-23T21:48:44.000Z</time><extensions><gpxtpx:TrackPointExtension><gpxtpx:hr>142</gpxtpx:hr></gpxtpx:TrackPointExtension></extensions></trkpt>
      <trkpt lat="40.666655" lon="-73.97213"><ele>49.4</ele><time>2026-09-23T21:48:45.000Z</time><extensions><gpxtpx:TrackPointExtension><gpxtpx:hr>143</gpxtpx:hr></gpxtpx:TrackPointExtension></extensions></trkpt>
      <trkpt lat="40.666624" lon="-73.972129"><ele>49.4</ele><time>2026-09-23T21:48:46.000Z</time><extensions><gpxtpx:TrackPointExtension><gpxtpx:hr>143</gpxtpx:hr></gpxtpx:TrackPointExtension></extensions></trkpt>
      <trkpt lat="40.666598" lon="-73.972131"><ele>49.4</ele><time>2026-09-23T21:48:47.000Z</time><extensions><gpxtpx:TrackPointExtension><gpxtpx:hr>143</gpxtpx:hr></gpxtpx:TrackPointExtension></extensions></trkpt>
      <trkpt lat="40.666572" lon="-73.972132"><ele>49.4</ele><time>2026-09-23T21:48:48.000Z</time><extensions><gpxtpx:TrackPointExtension><gpxtpx:hr>143</gpxtpx:hr></gpxtpx:TrackPointExtension></extensions></trkpt>
      <trkpt lat="40.666547" lon="-73.972134"><ele>49.4</ele><time>2026-09-23T21:48:49.000Z</time><extensions><gpxtpx:TrackPointExtension><gpxtpx:hr>143</gpxtpx:hr></gpxtpx:TrackPointExtension></extensions></trkpt>
      <trkpt lat="40.666521" lon="-73.972135"><ele>49.4</ele><time>2026-09-23T21:48:50.000Z</time><extensions><gpxtpx:TrackPointExtension><gpxtpx:hr>142</gpxtpx:hr></gpxtpx:TrackPointExtension></extensions></trkpt>
      <trkpt lat="40.666492" lon="-73.972138"><ele>49.4</ele><time>2026-09-23T21:48:51.000Z</time><extensions><gpxtpx:TrackPointExtension><gpxtpx:hr>142</gpxtpx:hr></gpxtpx:TrackPointExtension></extensions></trkpt>
      <trkpt lat="40.666463" lon="-73.97214"><ele>49.4</ele><time>2026-09-23T21:48:52.000Z</time><extensions><gpxtpx:TrackPointExtension><gpxtpx:hr>142</gpxtpx:hr></gpxtpx:TrackPointExtension></extensions></trkpt>
      <trkpt lat="40.666433" lon="-73.972146"><ele>49.6</ele><time>2026-09-23T21:48:53.000Z</time><extensions><gpxtpx:TrackPointExtension><gpxtpx:hr>142</gpxtpx:hr></gpxtpx:TrackPointExtension></extensions></trkpt>
      <trkpt lat="40.666407" lon="-73.972149"><ele>49.6</ele><time>2026-09-23T21:48:54.000Z</time><extensions><gpxtpx:TrackPointExtension><gpxtpx:hr>141</gpxtpx:hr></gpxtpx:TrackPointExtension></extensions></trkpt>
      <trkpt lat="40.66638" lon="-73.972157"><ele>49.6</ele><time>2026-09-23T21:48:55.000Z</time><extensions><gpxtpx:TrackPointExtension><gpxtpx:hr>142</gpxtpx:hr></gpxtpx:TrackPointExtension></extensions></trkpt>
      <trkpt lat="40.666353" lon="-73.97216"><ele>49.8</ele><time>2026-09-23T21:48:56.000Z</time><extensions><gpxtpx:TrackPointExtension><gpxtpx:hr>142</gpxtpx:hr></gpxtpx:TrackPointExtension></extensions></trkpt>
      <trkpt lat="40.666327" lon="-73.972167"><ele>49.8</ele><time>2026-09-23T21:48:57.000Z</time><extensions><gpxtpx:TrackPointExtension><gpxtpx:hr>142</gpxtpx:hr></gpxtpx:TrackPointExtension></extensions></trkpt>
      <trkpt lat="40.666306" lon="-73.972176"><ele>49.8</ele><time>2026-09-23T21:48:58.000Z</time><extensions><gpxtpx:TrackPointExtension><gpxtpx:hr>142</gpxtpx:hr></gpxtpx:TrackPointExtension></extensions></trkpt>
      <trkpt lat="40.66628" lon="-73.97219"><ele>50</ele><time>2026-09-23T21:48:59.000Z</time><extensions><gpxtpx:TrackPointExtension><gpxtpx:hr>142</gpxtpx:hr></gpxtpx:TrackPointExtension></extensions></trkpt>
      <trkpt lat="40.666255" lon="-73.972199"><ele>50</ele><time>2026-09-23T21:49:00.000Z</time><extensions><gpxtpx:TrackPointExtension><gpxtpx:hr>143</gpxtpx:hr></gpxtpx:TrackPointExtension></extensions></trkpt>
      <trkpt lat="40.66623" lon="-73.972205"><ele>50</ele><time>2026-09-23T21:49:01.000Z</time><extensions><gpxtpx:TrackPointExtension><gpxtpx:hr>143</gpxtpx:hr></gpxtpx:TrackPointExtension></extensions></trkpt>
      <trkpt lat="40.666198" lon="-73.972216"><ele>50.2</ele><time>2026-09-23T21:49:02.000Z</time><extensions><gpxtpx:TrackPointExtension><gpxtpx:hr>143</gpxtpx:hr></gpxtpx:TrackPointExtension></extensions></trkpt>
      <trkpt lat="40.666172" lon="-73.972225"><ele>50.2</ele><time>2026-09-23T21:49:03.000Z</time><extensions><gpxtpx:TrackPointExtension><gpxtpx:hr>143</gpxtpx:hr></gpxtpx:TrackPointExtension></extensions></trkpt>
      <trkpt lat="40.666143" lon="-73.97224"><ele>50.4</ele><time>2026-09-23T21:49:04.000Z</time><extensions><gpxtpx:TrackPointExtension><gpxtpx:hr>144</gpxtpx:hr></gpxtpx:TrackPointExtension></extensions></trkpt>
      <trkpt lat="40.666116" lon="-73.972248"><ele>50.4</ele><time>2026-09-23T21:49:05.000Z</time><extensions><gpxtpx:TrackPointExtension><gpxtpx:hr>144</gpxtpx:hr></gpxtpx:TrackPointExtension></extensions></trkpt>
      <trkpt lat="40.666088" lon="-73.972262"><ele>50.4</ele><time>2026-09-23T21:49:06.000Z</time><extensions><gpxtpx:TrackPointExtension><gpxtpx:hr>144</gpxtpx:hr></gpxtpx:TrackPointExtension></extensions></trkpt>
      <trkpt lat="40.666062" lon="-73.97227"><ele>50.4</ele><time>2026-09-23T21:49:07.000Z</time><extensions><gpxtpx:TrackPointExtension><gpxtpx:hr>144</gpxtpx:hr></gpxtpx:TrackPointExtension></extensions></trkpt>
      <trkpt lat="40.666034" lon="-73.972282"><ele>50.2</ele><time>2026-09-23T21:49:08.000Z</time><extensions><gpxtpx:TrackPointExtension><gpxtpx:hr>144</gpxtpx:hr></gpxtpx:TrackPointExtension></extensions></trkpt>
      <trkpt lat="40.666011" lon="-73.972292"><ele>50.4</ele><time>2026-09-23T21:49:09.000Z</time><extensions><gpxtpx:TrackPointExtension><gpxtpx:hr>144</gpxtpx:hr></gpxtpx:TrackPointExtension></extensions></trkpt>
      <trkpt lat="40.665986" lon="-73.972308"><ele>50.4</ele><time>2026-09-23T21:49:10.000Z</time><extensions><gpxtpx:TrackPointExtension><gpxtpx:hr>144</gpxtpx:hr></gpxtpx:TrackPointExtension></extensions></trkpt>
      <trkpt lat="40.665963" lon="-73.972323"><ele>50.4</ele><time>2026-09-23T21:49:11.000Z</time><extensions><gpxtpx:TrackPointExtension><gpxtpx:hr>144</gpxtpx:hr></gpxtpx:TrackPointExtension></extensions></trkpt>
      <trkpt lat="40.665939" lon="-73.972344"><ele>50.4</ele><time>2026-09-23T21:49:12.000Z</time><extensions><gpxtpx:TrackPointExtension><gpxtpx:hr>144</gpxtpx:hr></gpxtpx:TrackPointExtension></extensions></trkpt>
      <trkpt lat="40.665918" lon="-73.972357"><ele>50.6</ele><time>2026-09-23T21:49:13.000Z</time><extensions><gpxtpx:TrackPointExtension><gpxtpx:hr>144</gpxtpx:hr></gpxtpx:TrackPointExtension></extensions></trkpt>
      <trkpt lat="40.665893" lon="-73.972382"><ele>50.6</ele><time>2026-09-23T21:49:14.000Z</time><extensions><gpxtpx:TrackPointExtension><gpxtpx:hr>143</gpxtpx:hr></gpxtpx:TrackPointExtension></extensions></trkpt>
      <trkpt lat="40.665873" lon="-73.972396"><ele>50.6</ele><time>2026-09-23T21:49:15.000Z</time><extensions><gpxtpx:TrackPointExtension><gpxtpx:hr>143</gpxtpx:hr></gpxtpx:TrackPointExtension></extensions></trkpt>
      <trkpt lat="40.665844" lon="-73.972415"><ele>50.6</ele><time>2026-09-23T21:49:16.000Z</time><extensions><gpxtpx:TrackPointExtension><gpxtpx:hr>143</gpxtpx:hr></gpxtpx:TrackPointExtension></extensions></trkpt>
      <trkpt lat="40.665821" lon="-73.972433"><ele>50.6</ele><time>2026-09-23T21:49:17.000Z</time><extensions><gpxtpx:TrackPointExtension><gpxtpx:hr>142</gpxtpx:hr></gpxtpx:TrackPointExtension></extensions></trkpt>
      <trkpt lat="40.665796" lon="-73.972452"><ele>50.8</ele><time>2026-09-23T21:49:18.000Z</time><extensions><gpxtpx:TrackPointExtension><gpxtpx:hr>142</gpxtpx:hr></gpxtpx:TrackPointExtension></extensions></trkpt>
      <trkpt lat="40.665775" lon="-73.972474"><ele>51</ele><time>2026-09-23T21:49:19.000Z</time><extensions><gpxtpx:TrackPointExtension><gpxtpx:hr>142</gpxtpx:hr></gpxtpx:TrackPointExtension></extensions></trkpt>
      <trkpt lat="40.665751" lon="-73.972497"><ele>51</ele><time>2026-09-23T21:49:20.000Z</time><extensions><gpxtpx:TrackPointExtension><gpxtpx:hr>142</gpxtpx:hr></gpxtpx:TrackPointExtension></extensions></trkpt>
      <trkpt lat="40.665726" lon="-73.972521"><ele>51</ele><time>2026-09-23T21:49:21.000Z</time><extensions><gpxtpx:TrackPointExtension><gpxtpx:hr>142</gpxtpx:hr></gpxtpx:TrackPointExtension></extensions></trkpt>
      <trkpt lat="40.665701" lon="-73.972547"><ele>51.2</ele><time>2026-09-23T21:49:22.000Z</time><extensions><gpxtpx:TrackPointExtension><gpxtpx:hr>143</gpxtpx:hr></gpxtpx:TrackPointExtension></extensions></trkpt>
      <trkpt lat="40.665679" lon="-73.972569"><ele>51.2</ele><time>2026-09-23T21:49:23.000Z</time><extensions><gpxtpx:TrackPointExtension><gpxtpx:hr>143</gpxtpx:hr></gpxtpx:TrackPointExtension></extensions></trkpt>
      <trkpt lat="40.665656" lon="-73.97259"><ele>51.2</ele><time>2026-09-23T21:49:24.000Z</time><extensions><gpxtpx:TrackPointExtension><gpxtpx:hr>143</gpxtpx:hr></gpxtpx:TrackPointExtension></extensions></trkpt>
      <trkpt lat="40.665635" lon="-73.972618"><ele>51.2</ele><time>2026-09-23T21:49:25.000Z</time><extensions><gpxtpx:TrackPointExtension><gpxtpx:hr>143</gpxtpx:hr></gpxtpx:TrackPointExtension></extensions></trkpt>
      <trkpt lat="40.665616" lon="-73.972646"><ele>51.2</ele><time>2026-09-23T21:49:26.000Z</time><extensions><gpxtpx:TrackPointExtension><gpxtpx:hr>144</gpxtpx:hr></gpxtpx:TrackPointExtension></extensions></trkpt>
      <trkpt lat="40.665595" lon="-73.972672"><ele>51.4</ele><time>2026-09-23T21:49:27.000Z</time><extensions><gpxtpx:TrackPointExtension><gpxtpx:hr>144</gpxtpx:hr></gpxtpx:TrackPointExtension></extensions></trkpt>
      <trkpt lat="40.665576" lon="-73.972696"><ele>51.4</ele><time>2026-09-23T21:49:28.000Z</time><extensions><gpxtpx:TrackPointExtension><gpxtpx:hr>144</gpxtpx:hr></gpxtpx:TrackPointExtension></extensions></trkpt>
      <trkpt lat="40.665556" lon="-73.97272"><ele>51.4</ele><time>2026-09-23T21:49:29.000Z</time><extensions><gpxtpx:TrackPointExtension><gpxtpx:hr>145</gpxtpx:hr></gpxtpx:TrackPointExtension></extensions></trkpt>
      <trkpt lat="40.665533" lon="-73.972741"><ele>51.4</ele><time>2026-09-23T21:49:30.000Z</time><extensions><gpxtpx:TrackPointExtension><gpxtpx:hr>145</gpxtpx:hr></gpxtpx:TrackPointExtension></extensions></trkpt>
      <trkpt lat="40.665514" lon="-73.972762"><ele>51.4</ele><time>2026-09-23T21:49:31.000Z</time><extensions><gpxtpx:TrackPointExtension><gpxtpx:hr>145</gpxtpx:hr></gpxtpx:TrackPointExtension></extensions></trkpt>
      <trkpt lat="40.665493" lon="-73.972787"><ele>51.4</ele><time>2026-09-23T21:49:32.000Z</time><extensions><gpxtpx:TrackPointExtension><gpxtpx:hr>145</gpxtpx:hr></gpxtpx:TrackPointExtension></extensions></trkpt>
      <trkpt lat="40.665476" lon="-73.972812"><ele>51.4</ele><time>2026-09-23T21:49:33.000Z</time><extensions><gpxtpx:TrackPointExtension><gpxtpx:hr>145</gpxtpx:hr></gpxtpx:TrackPointExtension></extensions></trkpt>
      <trkpt lat="40.665457" lon="-73.972835"><ele>51.4</ele><time>2026-09-23T21:49:34.000Z</time><extensions><gpxtpx:TrackPointExtension><gpxtpx:hr>146</gpxtpx:hr></gpxtpx:TrackPointExtension></extensions></trkpt>
      <trkpt lat="40.665441" lon="-73.972856"><ele>51.6</ele><time>2026-09-23T21:49:35.000Z</time><extensions><gpxtpx:TrackPointExtension><gpxtpx:hr>146</gpxtpx:hr></gpxtpx:TrackPointExtension></extensions></trkpt>
      <trkpt lat="40.665424" lon="-73.972879"><ele>51.6</ele><time>2026-09-23T21:49:36.000Z</time><extensions><gpxtpx:TrackPointExtension><gpxtpx:hr>146</gpxtpx:hr></gpxtpx:TrackPointExtension></extensions></trkpt>
      <trkpt lat="40.665406" lon="-73.972906"><ele>51.6</ele><time>2026-09-23T21:49:37.000Z</time><extensions><gpxtpx:TrackPointExtension><gpxtpx:hr>146</gpxtpx:hr></gpxtpx:TrackPointExtension></extensions></trkpt>
      <trkpt lat="40.665388" lon="-73.972928"><ele>51.8</ele><time>2026-09-23T21:49:38.000Z</time><extensions><gpxtpx:TrackPointExtension><gpxtpx:hr>146</gpxtpx:hr></gpxtpx:TrackPointExtension></extensions></trkpt>
      <trkpt lat="40.665366" lon="-73.972954"><ele>51.8</ele><time>2026-09-23T21:49:39.000Z</time><extensions><gpxtpx:TrackPointExtension><gpxtpx:hr>146</gpxtpx:hr></gpxtpx:TrackPointExtension></extensions></trkpt>
      <trkpt lat="40.665347" lon="-73.972976"><ele>51.6</ele><time>2026-09-23T21:49:40.000Z</time><extensions><gpxtpx:TrackPointExtension><gpxtpx:hr>145</gpxtpx:hr></gpxtpx:TrackPointExtension></extensions></trkpt>
      <trkpt lat="40.665323" lon="-73.972997"><ele>51.6</ele><time>2026-09-23T21:49:41.000Z</time><extensions><gpxtpx:TrackPointExtension><gpxtpx:hr>145</gpxtpx:hr></gpxtpx:TrackPointExtension></extensions></trkpt>
      <trkpt lat="40.665304" lon="-73.973012"><ele>51.6</ele><time>2026-09-23T21:49:42.000Z</time><extensions><gpxtpx:TrackPointExtension><gpxtpx:hr>145</gpxtpx:hr></gpxtpx:TrackPointExtension></extensions></trkpt>
      <trkpt lat="40.66528" lon="-73.973033"><ele>51.4</ele><time>2026-09-23T21:49:43.000Z</time><extensions><gpxtpx:TrackPointExtension><gpxtpx:hr>145</gpxtpx:hr></gpxtpx:TrackPointExtension></extensions></trkpt>
      <trkpt lat="40.665259" lon="-73.973051"><ele>51.6</ele><time>2026-09-23T21:49:44.000Z</time><extensions><gpxtpx:TrackPointExtension><gpxtpx:hr>145</gpxtpx:hr></gpxtpx:TrackPointExtension></extensions></trkpt>
      <trkpt lat="40.665237" lon="-73.973075"><ele>51.6</ele><time>2026-09-23T21:49:45.000Z</time><extensions><gpxtpx:TrackPointExtension><gpxtpx:hr>145</gpxtpx:hr></gpxtpx:TrackPointExtension></extensions></trkpt>
      <trkpt lat="40.665218" lon="-73.973093"><ele>51.6</ele><time>2026-09-23T21:49:46.000Z</time><extensions><gpxtpx:TrackPointExtension><gpxtpx:hr>145</gpxtpx:hr></gpxtpx:TrackPointExtension></extensions></trkpt>
      <trkpt lat="40.665198" lon="-73.973116"><ele>51.8</ele><time>2026-09-23T21:49:47.000Z</time><extensions><gpxtpx:TrackPointExtension><gpxtpx:hr>145</gpxtpx:hr></gpxtpx:TrackPointExtension></extensions></trkpt>
      <trkpt lat="40.665178" lon="-73.973132"><ele>51.8</ele><time>2026-09-23T21:49:48.000Z</time><extensions><gpxtpx:TrackPointExtension><gpxtpx:hr>145</gpxtpx:hr></gpxtpx:TrackPointExtension></extensions></trkpt>
      <trkpt lat="40.665155" lon="-73.973152"><ele>51.8</ele><time>2026-09-23T21:49:49.000Z</time><extensions><gpxtpx:TrackPointExtension><gpxtpx:hr>144</gpxtpx:hr></gpxtpx:TrackPointExtension></extensions></trkpt>
      <trkpt lat="40.665134" lon="-73.973169"><ele>51.8</ele><time>2026-09-23T21:49:50.000Z</time><extensions><gpxtpx:TrackPointExtension><gpxtpx:hr>144</gpxtpx:hr></gpxtpx:TrackPointExtension></extensions></trkpt>
      <trkpt lat="40.665113" lon="-73.973189"><ele>51.8</ele><time>2026-09-23T21:49:51.000Z</time><extensions><gpxtpx:TrackPointExtension><gpxtpx:hr>144</gpxtpx:hr></gpxtpx:TrackPointExtension></extensions></trkpt>
      <trkpt lat="40.665094" lon="-73.973207"><ele>51.8</ele><time>2026-09-23T21:49:52.000Z</time><extensions><gpxtpx:TrackPointExtension><gpxtpx:hr>143</gpxtpx:hr></gpxtpx:TrackPointExtension></extensions></trkpt>
      <trkpt lat="40.665074" lon="-73.97323"><ele>52</ele><time>2026-09-23T21:49:53.000Z</time><extensions><gpxtpx:TrackPointExtension><gpxtpx:hr>143</gpxtpx:hr></gpxtpx:TrackPointExtension></extensions></trkpt>
      <trkpt lat="40.665055" lon="-73.973246"><ele>52</ele><time>2026-09-23T21:49:54.000Z</time><extensions><gpxtpx:TrackPointExtension><gpxtpx:hr>143</gpxtpx:hr></gpxtpx:TrackPointExtension></extensions></trkpt>
      <trkpt lat="40.665034" lon="-73.973259"><ele>52</ele><time>2026-09-23T21:49:55.000Z</time><extensions><gpxtpx:TrackPointExtension><gpxtpx:hr>144</gpxtpx:hr></gpxtpx:TrackPointExtension></extensions></trkpt>
      <trkpt lat="40.665012" lon="-73.973269"><ele>52</ele><time>2026-09-23T21:49:56.000Z</time><extensions><gpxtpx:TrackPointExtension><gpxtpx:hr>144</gpxtpx:hr></gpxtpx:TrackPointExtension></extensions></trkpt>
      <trkpt lat="40.664986" lon="-73.973286"><ele>52</ele><time>2026-09-23T21:49:57.000Z</time><extensions><gpxtpx:TrackPointExtension><gpxtpx:hr>144</gpxtpx:hr></gpxtpx:TrackPointExtension></extensions></trkpt>
      <trkpt lat="40.664964" lon="-73.973299"><ele>52</ele><time>2026-09-23T21:49:58.000Z</time><extensions><gpxtpx:TrackPointExtension><gpxtpx:hr>143</gpxtpx:hr></gpxtpx:TrackPointExtension></extensions></trkpt>
      <trkpt lat="40.66494" lon="-73.973316"><ele>52.2</ele><time>2026-09-23T21:49:59.000Z</time><extensions><gpxtpx:TrackPointExtension><gpxtpx:hr>143</gpxtpx:hr></gpxtpx:TrackPointExtension></extensions></trkpt>
      <trkpt lat="40.664921" lon="-73.973329"><ele>52.2</ele><time>2026-09-23T21:50:00.000Z</time><extensions><gpxtpx:TrackPointExtension><gpxtpx:hr>143</gpxtpx:hr></gpxtpx:TrackPointExtension></extensions></trkpt>
      <trkpt lat="40.664897" lon="-73.973345"><ele>52.4</ele><time>2026-09-23T21:50:01.000Z</time><extensions><gpxtpx:TrackPointExtension><gpxtpx:hr>143</gpxtpx:hr></gpxtpx:TrackPointExtension></extensions></trkpt>
      <trkpt lat="40.664874" lon="-73.973356"><ele>52.4</ele><time>2026-09-23T21:50:02.000Z</time><extensions><gpxtpx:TrackPointExtension><gpxtpx:hr>143</gpxtpx:hr></gpxtpx:TrackPointExtension></extensions></trkpt>
      <trkpt lat="40.664849" lon="-73.973372"><ele>52.6</ele><time>2026-09-23T21:50:03.000Z</time><extensions><gpxtpx:TrackPointExtension><gpxtpx:hr>143</gpxtpx:hr></gpxtpx:TrackPointExtension></extensions></trkpt>
      <trkpt lat="40.664828" lon="-73.973381"><ele>52.6</ele><time>2026-09-23T21:50:04.000Z</time><extensions><gpxtpx:TrackPointExtension><gpxtpx:hr>143</gpxtpx:hr></gpxtpx:TrackPointExtension></extensions></trkpt>
      <trkpt lat="40.6648" lon="-73.973395"><ele>52.6</ele><time>2026-09-23T21:50:05.000Z</time><extensions><gpxtpx:TrackPointExtension><gpxtpx:hr>144</gpxtpx:hr></gpxtpx:TrackPointExtension></extensions></trkpt>
      <trkpt lat="40.664777" lon="-73.973408"><ele>52.6</ele><time>2026-09-23T21:50:06.000Z</time><extensions><gpxtpx:TrackPointExtension><gpxtpx:hr>144</gpxtpx:hr></gpxtpx:TrackPointExtension></extensions></trkpt>
      <trkpt lat="40.664755" lon="-73.973424"><ele>52.6</ele><time>2026-09-23T21:50:07.000Z</time><extensions><gpxtpx:TrackPointExtension><gpxtpx:hr>144</gpxtpx:hr></gpxtpx:TrackPointExtension></extensions></trkpt>
      <trkpt lat="40.664736" lon="-73.973435"><ele>52.6</ele><time>2026-09-23T21:50:08.000Z</time><extensions><gpxtpx:TrackPointExtension><gpxtpx:hr>144</gpxtpx:hr></gpxtpx:TrackPointExtension></extensions></trkpt>
      <trkpt lat="40.664715" lon="-73.973449"><ele>52.6</ele><time>2026-09-23T21:50:09.000Z</time><extensions><gpxtpx:TrackPointExtension><gpxtpx:hr>144</gpxtpx:hr></gpxtpx:TrackPointExtension></extensions></trkpt>
      <trkpt lat="40.664692" lon="-73.973461"><ele>52.6</ele><time>2026-09-23T21:50:10.000Z</time><extensions><gpxtpx:TrackPointExtension><gpxtpx:hr>143</gpxtpx:hr></gpxtpx:TrackPointExtension></extensions></trkpt>
      <trkpt lat="40.664671" lon="-73.97347"><ele>52.4</ele><time>2026-09-23T21:50:11.000Z</time><extensions><gpxtpx:TrackPointExtension><gpxtpx:hr>143</gpxtpx:hr></gpxtpx:TrackPointExtension></extensions></trkpt>
      <trkpt lat="40.66465" lon="-73.973483"><ele>52.4</ele><time>2026-09-23T21:50:12.000Z</time><extensions><gpxtpx:TrackPointExtension><gpxtpx:hr>143</gpxtpx:hr></gpxtpx:TrackPointExtension></extensions></trkpt>
      <trkpt lat="40.664629" lon="-73.973497"><ele>52.4</ele><time>2026-09-23T21:50:13.000Z</time><extensions><gpxtpx:TrackPointExtension><gpxtpx:hr>143</gpxtpx:hr></gpxtpx:TrackPointExtension></extensions></trkpt>
      <trkpt lat="40.664606" lon="-73.973517"><ele>52.4</ele><time>2026-09-23T21:50:14.000Z</time><extensions><gpxtpx:TrackPointExtension><gpxtpx:hr>143</gpxtpx:hr></gpxtpx:TrackPointExtension></extensions></trkpt>
      <trkpt lat="40.664579" lon="-73.973532"><ele>52.4</ele><time>2026-09-23T21:50:15.000Z</time><extensions><gpxtpx:TrackPointExtension><gpxtpx:hr>143</gpxtpx:hr></gpxtpx:TrackPointExtension></extensions></trkpt>
      <trkpt lat="40.664555" lon="-73.973549"><ele>52.4</ele><time>2026-09-23T21:50:16.000Z</time><extensions><gpxtpx:TrackPointExtension><gpxtpx:hr>143</gpxtpx:hr></gpxtpx:TrackPointExtension></extensions></trkpt>
      <trkpt lat="40.664533" lon="-73.973562"><ele>52.6</ele><time>2026-09-23T21:50:17.000Z</time><extensions><gpxtpx:TrackPointExtension><gpxtpx:hr>143</gpxtpx:hr></gpxtpx:TrackPointExtension></extensions></trkpt>
      <trkpt lat="40.664505" lon="-73.973578"><ele>52.6</ele><time>2026-09-23T21:50:18.000Z</time><extensions><gpxtpx:TrackPointExtension><gpxtpx:hr>143</gpxtpx:hr></gpxtpx:TrackPointExtension></extensions></trkpt>
      <trkpt lat="40.664479" lon="-73.973592"><ele>52.8</ele><time>2026-09-23T21:50:19.000Z</time><extensions><gpxtpx:TrackPointExtension><gpxtpx:hr>143</gpxtpx:hr></gpxtpx:TrackPointExtension></extensions></trkpt>
      <trkpt lat="40.664452" lon="-73.97361"><ele>52.8</ele><time>2026-09-23T21:50:20.000Z</time><extensions><gpxtpx:TrackPointExtension><gpxtpx:hr>142</gpxtpx:hr></gpxtpx:TrackPointExtension></extensions></trkpt>
      <trkpt lat="40.664425" lon="-73.973625"><ele>52.8</ele><time>2026-09-23T21:50:21.000Z</time><extensions><gpxtpx:TrackPointExtension><gpxtpx:hr>142</gpxtpx:hr></gpxtpx:TrackPointExtension></extensions></trkpt>
      <trkpt lat="40.6644" lon="-73.973645"><ele>52.8</ele><time>2026-09-23T21:50:22.000Z</time><extensions><gpxtpx:TrackPointExtension><gpxtpx:hr>142</gpxtpx:hr></gpxtpx:TrackPointExtension></extensions></trkpt>
      <trkpt lat="40.664377" lon="-73.973659"><ele>52.8</ele><time>2026-09-23T21:50:23.000Z</time><extensions><gpxtpx:TrackPointExtension><gpxtpx:hr>142</gpxtpx:hr></gpxtpx:TrackPointExtension></extensions></trkpt>
      <trkpt lat="40.664349" lon="-73.973676"><ele>52.8</ele><time>2026-09-23T21:50:24.000Z</time><extensions><gpxtpx:TrackPointExtension><gpxtpx:hr>141</gpxtpx:hr></gpxtpx:TrackPointExtension></extensions></trkpt>
      <trkpt lat="40.664325" lon="-73.973693"><ele>52.8</ele><time>2026-09-23T21:50:25.000Z</time><extensions><gpxtpx:TrackPointExtension><gpxtpx:hr>141</gpxtpx:hr></gpxtpx:TrackPointExtension></extensions></trkpt>
      <trkpt lat="40.664299" lon="-73.973715"><ele>52.8</ele><time>2026-09-23T21:50:26.000Z</time><extensions><gpxtpx:TrackPointExtension><gpxtpx:hr>141</gpxtpx:hr></gpxtpx:TrackPointExtension></extensions></trkpt>
      <trkpt lat="40.664277" lon="-73.973736"><ele>52.8</ele><time>2026-09-23T21:50:27.000Z</time><extensions><gpxtpx:TrackPointExtension><gpxtpx:hr>141</gpxtpx:hr></gpxtpx:TrackPointExtension></extensions></trkpt>
      <trkpt lat="40.664252" lon="-73.97376"><ele>52.8</ele><time>2026-09-23T21:50:28.000Z</time><extensions><gpxtpx:TrackPointExtension><gpxtpx:hr>141</gpxtpx:hr></gpxtpx:TrackPointExtension></extensions></trkpt>
      <trkpt lat="40.664228" lon="-73.973781"><ele>52.8</ele><time>2026-09-23T21:50:29.000Z</time><extensions><gpxtpx:TrackPointExtension><gpxtpx:hr>141</gpxtpx:hr></gpxtpx:TrackPointExtension></extensions></trkpt>
      <trkpt lat="40.664205" lon="-73.973813"><ele>52.8</ele><time>2026-09-23T21:50:30.000Z</time><extensions><gpxtpx:TrackPointExtension><gpxtpx:hr>141</gpxtpx:hr></gpxtpx:TrackPointExtension></extensions></trkpt>
      <trkpt lat="40.664186" lon="-73.973834"><ele>52.6</ele><time>2026-09-23T21:50:31.000Z</time><extensions><gpxtpx:TrackPointExtension><gpxtpx:hr>141</gpxtpx:hr></gpxtpx:TrackPointExtension></extensions></trkpt>
      <trkpt lat="40.664163" lon="-73.973864"><ele>52.6</ele><time>2026-09-23T21:50:32.000Z</time><extensions><gpxtpx:TrackPointExtension><gpxtpx:hr>141</gpxtpx:hr></gpxtpx:TrackPointExtension></extensions></trkpt>
      <trkpt lat="40.66414" lon="-73.973882"><ele>52.6</ele><time>2026-09-23T21:50:33.000Z</time><extensions><gpxtpx:TrackPointExtension><gpxtpx:hr>141</gpxtpx:hr></gpxtpx:TrackPointExtension></extensions></trkpt>
      <trkpt lat="40.664109" lon="-73.973915"><ele>52.6</ele><time>2026-09-23T21:50:34.000Z</time><extensions><gpxtpx:TrackPointExtension><gpxtpx:hr>141</gpxtpx:hr></gpxtpx:TrackPointExtension></extensions></trkpt>
      <trkpt lat="40.664084" lon="-73.973933"><ele>52.6</ele><time>2026-09-23T21:50:35.000Z</time><extensions><gpxtpx:TrackPointExtension><gpxtpx:hr>141</gpxtpx:hr></gpxtpx:TrackPointExtension></extensions></trkpt>
      <trkpt lat="40.664057" lon="-73.973965"><ele>52.6</ele><time>2026-09-23T21:50:36.000Z</time><extensions><gpxtpx:TrackPointExtension><gpxtpx:hr>142</gpxtpx:hr></gpxtpx:TrackPointExtension></extensions></trkpt>
      <trkpt lat="40.664034" lon="-73.973985"><ele>52.4</ele><time>2026-09-23T21:50:37.000Z</time><extensions><gpxtpx:TrackPointExtension><gpxtpx:hr>142</gpxtpx:hr></gpxtpx:TrackPointExtension></extensions></trkpt>
      <trkpt lat="40.664011" lon="-73.974012"><ele>52.4</ele><time>2026-09-23T21:50:38.000Z</time><extensions><gpxtpx:TrackPointExtension><gpxtpx:hr>142</gpxtpx:hr></gpxtpx:TrackPointExtension></extensions></trkpt>
      <trkpt lat="40.663993" lon="-73.974027"><ele>52.4</ele><time>2026-09-23T21:50:39.000Z</time><extensions><gpxtpx:TrackPointExtension><gpxtpx:hr>142</gpxtpx:hr></gpxtpx:TrackPointExtension></extensions></trkpt>
      <trkpt lat="40.663968" lon="-73.974051"><ele>52.4</ele><time>2026-09-23T21:50:40.000Z</time><extensions><gpxtpx:TrackPointExtension><gpxtpx:hr>143</gpxtpx:hr></gpxtpx:TrackPointExtension></extensions></trkpt>
      <trkpt lat="40.663946" lon="-73.974068"><ele>52.6</ele><time>2026-09-23T21:50:41.000Z</time><extensions><gpxtpx:TrackPointExtension><gpxtpx:hr>143</gpxtpx:hr></gpxtpx:TrackPointExtension></extensions></trkpt>
      <trkpt lat="40.663923" lon="-73.974089"><ele>52.6</ele><time>2026-09-23T21:50:42.000Z</time><extensions><gpxtpx:TrackPointExtension><gpxtpx:hr>143</gpxtpx:hr></gpxtpx:TrackPointExtension></extensions></trkpt>
      <trkpt lat="40.663906" lon="-73.974104"><ele>52.6</ele><time>2026-09-23T21:50:43.000Z</time><extensions><gpxtpx:TrackPointExtension><gpxtpx:hr>144</gpxtpx:hr></gpxtpx:TrackPointExtension></extensions></trkpt>
      <trkpt lat="40.663886" lon="-73.974129"><ele>52.4</ele><time>2026-09-23T21:50:44.000Z</time><extensions><gpxtpx:TrackPointExtension><gpxtpx:hr>144</gpxtpx:hr></gpxtpx:TrackPointExtension></extensions></trkpt>
      <trkpt lat="40.663865" lon="-73.974155"><ele>52.4</ele><time>2026-09-23T21:50:45.000Z</time><extensions><gpxtpx:TrackPointExtension><gpxtpx:hr>144</gpxtpx:hr></gpxtpx:TrackPointExtension></extensions></trkpt>
      <trkpt lat="40.663843" lon="-73.97418"><ele>52.4</ele><time>2026-09-23T21:50:46.000Z</time><extensions><gpxtpx:TrackPointExtension><gpxtpx:hr>145</gpxtpx:hr></gpxtpx:TrackPointExtension></extensions></trkpt>
      <trkpt lat="40.663826" lon="-73.974197"><ele>52.4</ele><time>2026-09-23T21:50:47.000Z</time><extensions><gpxtpx:TrackPointExtension><gpxtpx:hr>145</gpxtpx:hr></gpxtpx:TrackPointExtension></extensions></trkpt>
      <trkpt lat="40.663803" lon="-73.974219"><ele>52.2</ele><time>2026-09-23T21:50:48.000Z</time><extensions><gpxtpx:TrackPointExtension><gpxtpx:hr>145</gpxtpx:hr></gpxtpx:TrackPointExtension></extensions></trkpt>
      <trkpt lat="40.663783" lon="-73.974237"><ele>52.2</ele><time>2026-09-23T21:50:49.000Z</time><extensions><gpxtpx:TrackPointExtension><gpxtpx:hr>145</gpxtpx:hr></gpxtpx:TrackPointExtension></extensions></trkpt>
      <trkpt lat="40.663765" lon="-73.974264"><ele>52.2</ele><time>2026-09-23T21:50:50.000Z</time><extensions><gpxtpx:TrackPointExtension><gpxtpx:hr>145</gpxtpx:hr></gpxtpx:TrackPointExtension></extensions></trkpt>
      <trkpt lat="40.663745" lon="-73.974286"><ele>52</ele><time>2026-09-23T21:50:51.000Z</time><extensions><gpxtpx:TrackPointExtension><gpxtpx:hr>145</gpxtpx:hr></gpxtpx:TrackPointExtension></extensions></trkpt>
      <trkpt lat="40.66372" lon="-73.974308"><ele>52</ele><time>2026-09-23T21:50:52.000Z</time><extensions><gpxtpx:TrackPointExtension><gpxtpx:hr>145</gpxtpx:hr></gpxtpx:TrackPointExtension></extensions></trkpt>
      <trkpt lat="40.6637" lon="-73.97433"><ele>52</ele><time>2026-09-23T21:50:53.000Z</time><extensions><gpxtpx:TrackPointExtension><gpxtpx:hr>145</gpxtpx:hr></gpxtpx:TrackPointExtension></extensions></trkpt>
      <trkpt lat="40.663676" lon="-73.974358"><ele>52</ele><time>2026-09-23T21:50:54.000Z</time><extensions><gpxtpx:TrackPointExtension><gpxtpx:hr>145</gpxtpx:hr></gpxtpx:TrackPointExtension></extensions></trkpt>
      <trkpt lat="40.663655" lon="-73.974381"><ele>52.2</ele><time>2026-09-23T21:50:55.000Z</time><extensions><gpxtpx:TrackPointExtension><gpxtpx:hr>145</gpxtpx:hr></gpxtpx:TrackPointExtension></extensions></trkpt>
      <trkpt lat="40.66363" lon="-73.97441"><ele>52.2</ele><time>2026-09-23T21:50:56.000Z</time><extensions><gpxtpx:TrackPointExtension><gpxtpx:hr>145</gpxtpx:hr></gpxtpx:TrackPointExtension></extensions></trkpt>
      <trkpt lat="40.663609" lon="-73.97443"><ele>52.2</ele><time>2026-09-23T21:50:57.000Z</time><extensions><gpxtpx:TrackPointExtension><gpxtpx:hr>145</gpxtpx:hr></gpxtpx:TrackPointExtension></extensions></trkpt>
      <trkpt lat="40.663585" lon="-73.97446"><ele>52.2</ele><time>2026-09-23T21:50:58.000Z</time><extensions><gpxtpx:TrackPointExtension><gpxtpx:hr>145</gpxtpx:hr></gpxtpx:TrackPointExtension></extensions></trkpt>
      <trkpt lat="40.663565" lon="-73.974484"><ele>52.4</ele><time>2026-09-23T21:50:59.000Z</time><extensions><gpxtpx:TrackPointExtension><gpxtpx:hr>145</gpxtpx:hr></gpxtpx:TrackPointExtension></extensions></trkpt>
      <trkpt lat="40.663541" lon="-73.974513"><ele>52.4</ele><time>2026-09-23T21:51:00.000Z</time><extensions><gpxtpx:TrackPointExtension><gpxtpx:hr>145</gpxtpx:hr></gpxtpx:TrackPointExtension></extensions></trkpt>
      <trkpt lat="40.663523" lon="-73.974529"><ele>52.4</ele><time>2026-09-23T21:51:01.000Z</time><extensions><gpxtpx:TrackPointExtension><gpxtpx:hr>145</gpxtpx:hr></gpxtpx:TrackPointExtension></extensions></trkpt>
      <trkpt lat="40.663503" lon="-73.974553"><ele>52.4</ele><time>2026-09-23T21:51:02.000Z</time><extensions><gpxtpx:TrackPointExtension><gpxtpx:hr>145</gpxtpx:hr></gpxtpx:TrackPointExtension></extensions></trkpt>
      <trkpt lat="40.663489" lon="-73.974574"><ele>52.4</ele><time>2026-09-23T21:51:03.000Z</time><extensions><gpxtpx:TrackPointExtension><gpxtpx:hr>145</gpxtpx:hr></gpxtpx:TrackPointExtension></extensions></trkpt>
      <trkpt lat="40.663474" lon="-73.974596"><ele>52.4</ele><time>2026-09-23T21:51:04.000Z</time><extensions><gpxtpx:TrackPointExtension><gpxtpx:hr>145</gpxtpx:hr></gpxtpx:TrackPointExtension></extensions></trkpt>
      <trkpt lat="40.66346" lon="-73.974615"><ele>52.4</ele><time>2026-09-23T21:51:05.000Z</time><extensions><gpxtpx:TrackPointExtension><gpxtpx:hr>145</gpxtpx:hr></gpxtpx:TrackPointExtension></extensions></trkpt>
      <trkpt lat="40.663441" lon="-73.97464"><ele>52.4</ele><time>2026-09-23T21:51:06.000Z</time><extensions><gpxtpx:TrackPointExtension><gpxtpx:hr>145</gpxtpx:hr></gpxtpx:TrackPointExtension></extensions></trkpt>
      <trkpt lat="40.663423" lon="-73.97466"><ele>52.4</ele><time>2026-09-23T21:51:07.000Z</time><extensions><gpxtpx:TrackPointExtension><gpxtpx:hr>145</gpxtpx:hr></gpxtpx:TrackPointExtension></extensions></trkpt>
      <trkpt lat="40.663404" lon="-73.974686"><ele>52.4</ele><time>2026-09-23T21:51:08.000Z</time><extensions><gpxtpx:TrackPointExtension><gpxtpx:hr>145</gpxtpx:hr></gpxtpx:TrackPointExtension></extensions></trkpt>
      <trkpt lat="40.663387" lon="-73.974706"><ele>52.4</ele><time>2026-09-23T21:51:09.000Z</time><extensions><gpxtpx:TrackPointExtension><gpxtpx:hr>145</gpxtpx:hr></gpxtpx:TrackPointExtension></extensions></trkpt>
      <trkpt lat="40.663368" lon="-73.974728"><ele>52.4</ele><time>2026-09-23T21:51:10.000Z</time><extensions><gpxtpx:TrackPointExtension><gpxtpx:hr>144</gpxtpx:hr></gpxtpx:TrackPointExtension></extensions></trkpt>
      <trkpt lat="40.663348" lon="-73.974755"><ele>52.6</ele><time>2026-09-23T21:51:11.000Z</time><extensions><gpxtpx:TrackPointExtension><gpxtpx:hr>144</gpxtpx:hr></gpxtpx:TrackPointExtension></extensions></trkpt>
      <trkpt lat="40.663326" lon="-73.974783"><ele>52.6</ele><time>2026-09-23T21:51:12.000Z</time><extensions><gpxtpx:TrackPointExtension><gpxtpx:hr>144</gpxtpx:hr></gpxtpx:TrackPointExtension></extensions></trkpt>
      <trkpt lat="40.663308" lon="-73.97481"><ele>52.6</ele><time>2026-09-23T21:51:13.000Z</time><extensions><gpxtpx:TrackPointExtension><gpxtpx:hr>143</gpxtpx:hr></gpxtpx:TrackPointExtension></extensions></trkpt>
      <trkpt lat="40.663291" lon="-73.974837"><ele>52.6</ele><time>2026-09-23T21:51:14.000Z</time><extensions><gpxtpx:TrackPointExtension><gpxtpx:hr>143</gpxtpx:hr></gpxtpx:TrackPointExtension></extensions></trkpt>
      <trkpt lat="40.663272" lon="-73.974868"><ele>52.8</ele><time>2026-09-23T21:51:15.000Z</time><extensions><gpxtpx:TrackPointExtension><gpxtpx:hr>143</gpxtpx:hr></gpxtpx:TrackPointExtension></extensions></trkpt>
      <trkpt lat="40.663255" lon="-73.974896"><ele>52.8</ele><time>2026-09-23T21:51:16.000Z</time><extensions><gpxtpx:TrackPointExtension><gpxtpx:hr>143</gpxtpx:hr></gpxtpx:TrackPointExtension></extensions></trkpt>
      <trkpt lat="40.663236" lon="-73.97493"><ele>53</ele><time>2026-09-23T21:51:17.000Z</time><extensions><gpxtpx:TrackPointExtension><gpxtpx:hr>143</gpxtpx:hr></gpxtpx:TrackPointExtension></extensions></trkpt>
      <trkpt lat="40.663221" lon="-73.974952"><ele>53.2</ele><time>2026-09-23T21:51:18.000Z</time><extensions><gpxtpx:TrackPointExtension><gpxtpx:hr>142</gpxtpx:hr></gpxtpx:TrackPointExtension></extensions></trkpt>
      <trkpt lat="40.663199" lon="-73.974983"><ele>53.2</ele><time>2026-09-23T21:51:19.000Z</time><extensions><gpxtpx:TrackPointExtension><gpxtpx:hr>142</gpxtpx:hr></gpxtpx:TrackPointExtension></extensions></trkpt>
      <trkpt lat="40.663185" lon="-73.975005"><ele>53.2</ele><time>2026-09-23T21:51:20.000Z</time><extensions><gpxtpx:TrackPointExtension><gpxtpx:hr>142</gpxtpx:hr></gpxtpx:TrackPointExtension></extensions></trkpt>
      <trkpt lat="40.663166" lon="-73.975037"><ele>53</ele><time>2026-09-23T21:51:21.000Z</time><extensions><gpxtpx:TrackPointExtension><gpxtpx:hr>142</gpxtpx:hr></gpxtpx:TrackPointExtension></extensions></trkpt>
      <trkpt lat="40.663151" lon="-73.97506"><ele>53</ele><time>2026-09-23T21:51:22.000Z</time><extensions><gpxtpx:TrackPointExtension><gpxtpx:hr>142</gpxtpx:hr></gpxtpx:TrackPointExtension></extensions></trkpt>
      <trkpt lat="40.663135" lon="-73.975095"><ele>52.8</ele><time>2026-09-23T21:51:23.000Z</time><extensions><gpxtpx:TrackPointExtension><gpxtpx:hr>142</gpxtpx:hr></gpxtpx:TrackPointExtension></extensions></trkpt>
      <trkpt lat="40.663118" lon="-73.97512"><ele>52.8</ele><time>2026-09-23T21:51:24.000Z</time><extensions><gpxtpx:TrackPointExtension><gpxtpx:hr>142</gpxtpx:hr></gpxtpx:TrackPointExtension></extensions></trkpt>
      <trkpt lat="40.663096" lon="-73.975156"><ele>52.8</ele><time>2026-09-23T21:51:25.000Z</time><extensions><gpxtpx:TrackPointExtension><gpxtpx:hr>142</gpxtpx:hr></gpxtpx:TrackPointExtension></extensions></trkpt>
      <trkpt lat="40.663083" lon="-73.975187"><ele>52.8</ele><time>2026-09-23T21:51:26.000Z</time><extensions><gpxtpx:TrackPointExtension><gpxtpx:hr>142</gpxtpx:hr></gpxtpx:TrackPointExtension></extensions></trkpt>
      <trkpt lat="40.663071" lon="-73.975221"><ele>52.8</ele><time>2026-09-23T21:51:27.000Z</time><extensions><gpxtpx:TrackPointExtension><gpxtpx:hr>143</gpxtpx:hr></gpxtpx:TrackPointExtension></extensions></trkpt>
      <trkpt lat="40.663061" lon="-73.975258"><ele>53</ele><time>2026-09-23T21:51:28.000Z</time><extensions><gpxtpx:TrackPointExtension><gpxtpx:hr>143</gpxtpx:hr></gpxtpx:TrackPointExtension></extensions></trkpt>
      <trkpt lat="40.663048" lon="-73.97529"><ele>53</ele><time>2026-09-23T21:51:29.000Z</time><extensions><gpxtpx:TrackPointExtension><gpxtpx:hr>143</gpxtpx:hr></gpxtpx:TrackPointExtension></extensions></trkpt>
      <trkpt lat="40.663036" lon="-73.975328"><ele>53</ele><time>2026-09-23T21:51:30.000Z</time><extensions><gpxtpx:TrackPointExtension><gpxtpx:hr>144</gpxtpx:hr></gpxtpx:TrackPointExtension></extensions></trkpt>
      <trkpt lat="40.663021" lon="-73.975362"><ele>53</ele><time>2026-09-23T21:51:31.000Z</time><extensions><gpxtpx:TrackPointExtension><gpxtpx:hr>144</gpxtpx:hr></gpxtpx:TrackPointExtension></extensions></trkpt>
      <trkpt lat="40.663004" lon="-73.975404"><ele>53</ele><time>2026-09-23T21:51:32.000Z</time><extensions><gpxtpx:TrackPointExtension><gpxtpx:hr>144</gpxtpx:hr></gpxtpx:TrackPointExtension></extensions></trkpt>
      <trkpt lat="40.662993" lon="-73.975436"><ele>53</ele><time>2026-09-23T21:51:33.000Z</time><extensions><gpxtpx:TrackPointExtension><gpxtpx:hr>144</gpxtpx:hr></gpxtpx:TrackPointExtension></extensions></trkpt>
      <trkpt lat="40.66298" lon="-73.975469"><ele>53</ele><time>2026-09-23T21:51:34.000Z</time><extensions><gpxtpx:TrackPointExtension><gpxtpx:hr>145</gpxtpx:hr></gpxtpx:TrackPointExtension></extensions></trkpt>
      <trkpt lat="40.662965" lon="-73.975495"><ele>53.2</ele><time>2026-09-23T21:51:35.000Z</time><extensions><gpxtpx:TrackPointExtension><gpxtpx:hr>145</gpxtpx:hr></gpxtpx:TrackPointExtension></extensions></trkpt>
      <trkpt lat="40.662948" lon="-73.97553"><ele>53.2</ele><time>2026-09-23T21:51:36.000Z</time><extensions><gpxtpx:TrackPointExtension><gpxtpx:hr>145</gpxtpx:hr></gpxtpx:TrackPointExtension></extensions></trkpt>
      <trkpt lat="40.662932" lon="-73.975557"><ele>53.2</ele><time>2026-09-23T21:51:37.000Z</time><extensions><gpxtpx:TrackPointExtension><gpxtpx:hr>145</gpxtpx:hr></gpxtpx:TrackPointExtension></extensions></trkpt>
      <trkpt lat="40.662916" lon="-73.975594"><ele>53.2</ele><time>2026-09-23T21:51:38.000Z</time><extensions><gpxtpx:TrackPointExtension><gpxtpx:hr>145</gpxtpx:hr></gpxtpx:TrackPointExtension></extensions></trkpt>
      <trkpt lat="40.662903" lon="-73.975616"><ele>53</ele><time>2026-09-23T21:51:39.000Z</time><extensions><gpxtpx:TrackPointExtension><gpxtpx:hr>146</gpxtpx:hr></gpxtpx:TrackPointExtension></extensions></trkpt>
      <trkpt lat="40.662888" lon="-73.975652"><ele>53</ele><time>2026-09-23T21:51:40.000Z</time><extensions><gpxtpx:TrackPointExtension><gpxtpx:hr>146</gpxtpx:hr></gpxtpx:TrackPointExtension></extensions></trkpt>
      <trkpt lat="40.662874" lon="-73.975673"><ele>53</ele><time>2026-09-23T21:51:41.000Z</time><extensions><gpxtpx:TrackPointExtension><gpxtpx:hr>146</gpxtpx:hr></gpxtpx:TrackPointExtension></extensions></trkpt>
      <trkpt lat="40.662862" lon="-73.975703"><ele>53</ele><time>2026-09-23T21:51:42.000Z</time><extensions><gpxtpx:TrackPointExtension><gpxtpx:hr>146</gpxtpx:hr></gpxtpx:TrackPointExtension></extensions></trkpt>
      <trkpt lat="40.662855" lon="-73.975735"><ele>53.2</ele><time>2026-09-23T21:51:43.000Z</time><extensions><gpxtpx:TrackPointExtension><gpxtpx:hr>146</gpxtpx:hr></gpxtpx:TrackPointExtension></extensions></trkpt>
      <trkpt lat="40.662843" lon="-73.97577"><ele>53.2</ele><time>2026-09-23T21:51:44.000Z</time><extensions><gpxtpx:TrackPointExtension><gpxtpx:hr>146</gpxtpx:hr></gpxtpx:TrackPointExtension></extensions></trkpt>
      <trkpt lat="40.662831" lon="-73.975808"><ele>53.4</ele><time>2026-09-23T21:51:45.000Z</time><extensions><gpxtpx:TrackPointExtension><gpxtpx:hr>146</gpxtpx:hr></gpxtpx:TrackPointExtension></extensions></trkpt>
      <trkpt lat="40.66282" lon="-73.975843"><ele>53.4</ele><time>2026-09-23T21:51:46.000Z</time><extensions><gpxtpx:TrackPointExtension><gpxtpx:hr>146</gpxtpx:hr></gpxtpx:TrackPointExtension></extensions></trkpt>
      <trkpt lat="40.662807" lon="-73.975883"><ele>53.6</ele><time>2026-09-23T21:51:47.000Z</time><extensions><gpxtpx:TrackPointExtension><gpxtpx:hr>146</gpxtpx:hr></gpxtpx:TrackPointExtension></extensions></trkpt>
      <trkpt lat="40.662792" lon="-73.975912"><ele>53.6</ele><time>2026-09-23T21:51:48.000Z</time><extensions><gpxtpx:TrackPointExtension><gpxtpx:hr>146</gpxtpx:hr></gpxtpx:TrackPointExtension></extensions></trkpt>
      <trkpt lat="40.66278" lon="-73.975953"><ele>53.8</ele><time>2026-09-23T21:51:49.000Z</time><extensions><gpxtpx:TrackPointExtension><gpxtpx:hr>146</gpxtpx:hr></gpxtpx:TrackPointExtension></extensions></trkpt>
      <trkpt lat="40.662764" lon="-73.975981"><ele>53.8</ele><time>2026-09-23T21:51:50.000Z</time><extensions><gpxtpx:TrackPointExtension><gpxtpx:hr>146</gpxtpx:hr></gpxtpx:TrackPointExtension></extensions></trkpt>
      <trkpt lat="40.662752" lon="-73.976022"><ele>53.8</ele><time>2026-09-23T21:51:51.000Z</time><extensions><gpxtpx:TrackPointExtension><gpxtpx:hr>146</gpxtpx:hr></gpxtpx:TrackPointExtension></extensions></trkpt>
      <trkpt lat="40.662739" lon="-73.976049"><ele>54</ele><time>2026-09-23T21:51:52.000Z</time><extensions><gpxtpx:TrackPointExtension><gpxtpx:hr>146</gpxtpx:hr></gpxtpx:TrackPointExtension></extensions></trkpt>
      <trkpt lat="40.662722" lon="-73.976088"><ele>54</ele><time>2026-09-23T21:51:53.000Z</time><extensions><gpxtpx:TrackPointExtension><gpxtpx:hr>146</gpxtpx:hr></gpxtpx:TrackPointExtension></extensions></trkpt>
      <trkpt lat="40.66271" lon="-73.976115"><ele>54</ele><time>2026-09-23T21:51:54.000Z</time><extensions><gpxtpx:TrackPointExtension><gpxtpx:hr>146</gpxtpx:hr></gpxtpx:TrackPointExtension></extensions></trkpt>
      <trkpt lat="40.662693" lon="-73.976152"><ele>54</ele><time>2026-09-23T21:51:55.000Z</time><extensions><gpxtpx:TrackPointExtension><gpxtpx:hr>146</gpxtpx:hr></gpxtpx:TrackPointExtension></extensions></trkpt>
      <trkpt lat="40.662674" lon="-73.97618"><ele>54.2</ele><time>2026-09-23T21:51:56.000Z</time><extensions><gpxtpx:TrackPointExtension><gpxtpx:hr>147</gpxtpx:hr></gpxtpx:TrackPointExtension></extensions></trkpt>
      <trkpt lat="40.662656" lon="-73.976218"><ele>54.2</ele><time>2026-09-23T21:51:57.000Z</time><extensions><gpxtpx:TrackPointExtension><gpxtpx:hr>147</gpxtpx:hr></gpxtpx:TrackPointExtension></extensions></trkpt>
      <trkpt lat="40.662635" lon="-73.976248"><ele>54.2</ele><time>2026-09-23T21:51:58.000Z</time><extensions><gpxtpx:TrackPointExtension><gpxtpx:hr>147</gpxtpx:hr></gpxtpx:TrackPointExtension></extensions></trkpt>
      <trkpt lat="40.662617" lon="-73.976288"><ele>54.2</ele><time>2026-09-23T21:51:59.000Z</time><extensions><gpxtpx:TrackPointExtension><gpxtpx:hr>147</gpxtpx:hr></gpxtpx:TrackPointExtension></extensions></trkpt>
      <trkpt lat="40.662599" lon="-73.976318"><ele>54.2</ele><time>2026-09-23T21:52:00.000Z</time><extensions><gpxtpx:TrackPointExtension><gpxtpx:hr>148</gpxtpx:hr></gpxtpx:TrackPointExtension></extensions></trkpt>
      <trkpt lat="40.662583" lon="-73.976356"><ele>54.2</ele><time>2026-09-23T21:52:01.000Z</time><extensions><gpxtpx:TrackPointExtension><gpxtpx:hr>148</gpxtpx:hr></gpxtpx:TrackPointExtension></extensions></trkpt>
      <trkpt lat="40.662566" lon="-73.976387"><ele>54.2</ele><time>2026-09-23T21:52:02.000Z</time><extensions><gpxtpx:TrackPointExtension><gpxtpx:hr>149</gpxtpx:hr></gpxtpx:TrackPointExtension></extensions></trkpt>
      <trkpt lat="40.662549" lon="-73.976424"><ele>54</ele><time>2026-09-23T21:52:03.000Z</time><extensions><gpxtpx:TrackPointExtension><gpxtpx:hr>149</gpxtpx:hr></gpxtpx:TrackPointExtension></extensions></trkpt>
      <trkpt lat="40.662534" lon="-73.976451"><ele>54</ele><time>2026-09-23T21:52:04.000Z</time><extensions><gpxtpx:TrackPointExtension><gpxtpx:hr>149</gpxtpx:hr></gpxtpx:TrackPointExtension></extensions></trkpt>
      <trkpt lat="40.66252" lon="-73.976482"><ele>54</ele><time>2026-09-23T21:52:05.000Z</time><extensions><gpxtpx:TrackPointExtension><gpxtpx:hr>149</gpxtpx:hr></gpxtpx:TrackPointExtension></extensions></trkpt>
      <trkpt lat="40.662505" lon="-73.97651"><ele>54</ele><time>2026-09-23T21:52:06.000Z</time><extensions><gpxtpx:TrackPointExtension><gpxtpx:hr>149</gpxtpx:hr></gpxtpx:TrackPointExtension></extensions></trkpt>
      <trkpt lat="40.662486" lon="-73.976539"><ele>54</ele><time>2026-09-23T21:52:07.000Z</time><extensions><gpxtpx:TrackPointExtension><gpxtpx:hr>149</gpxtpx:hr></gpxtpx:TrackPointExtension></extensions></trkpt>
      <trkpt lat="40.662467" lon="-73.976573"><ele>54</ele><time>2026-09-23T21:52:08.000Z</time><extensions><gpxtpx:TrackPointExtension><gpxtpx:hr>149</gpxtpx:hr></gpxtpx:TrackPointExtension></extensions></trkpt>
      <trkpt lat="40.662448" lon="-73.976604"><ele>54</ele><time>2026-09-23T21:52:09.000Z</time><extensions><gpxtpx:TrackPointExtension><gpxtpx:hr>149</gpxtpx:hr></gpxtpx:TrackPointExtension></extensions></trkpt>
      <trkpt lat="40.662432" lon="-73.976635"><ele>54</ele><time>2026-09-23T21:52:10.000Z</time><extensions><gpxtpx:TrackPointExtension><gpxtpx:hr>149</gpxtpx:hr></gpxtpx:TrackPointExtension></extensions></trkpt>
      <trkpt lat="40.662418" lon="-73.976667"><ele>54</ele><time>2026-09-23T21:52:11.000Z</time><extensions><gpxtpx:TrackPointExtension><gpxtpx:hr>149</gpxtpx:hr></gpxtpx:TrackPointExtension></extensions></trkpt>
      <trkpt lat="40.662398" lon="-73.976699"><ele>53.8</ele><time>2026-09-23T21:52:12.000Z</time><extensions><gpxtpx:TrackPointExtension><gpxtpx:hr>148</gpxtpx:hr></gpxtpx:TrackPointExtension></extensions></trkpt>
      <trkpt lat="40.662379" lon="-73.976717"><ele>53.8</ele><time>2026-09-23T21:52:13.000Z</time><extensions><gpxtpx:TrackPointExtension><gpxtpx:hr>148</gpxtpx:hr></gpxtpx:TrackPointExtension></extensions></trkpt>
      <trkpt lat="40.66236" lon="-73.976752"><ele>53.8</ele><time>2026-09-23T21:52:14.000Z</time><extensions><gpxtpx:TrackPointExtension><gpxtpx:hr>148</gpxtpx:hr></gpxtpx:TrackPointExtension></extensions></trkpt>
      <trkpt lat="40.662343" lon="-73.976776"><ele>53.8</ele><time>2026-09-23T21:52:15.000Z</time><extensions><gpxtpx:TrackPointExtension><gpxtpx:hr>148</gpxtpx:hr></gpxtpx:TrackPointExtension></extensions></trkpt>
      <trkpt lat="40.662324" lon="-73.976812"><ele>53.6</ele><time>2026-09-23T21:52:16.000Z</time><extensions><gpxtpx:TrackPointExtension><gpxtpx:hr>147</gpxtpx:hr></gpxtpx:TrackPointExtension></extensions></trkpt>
      <trkpt lat="40.662307" lon="-73.976838"><ele>53.4</ele><time>2026-09-23T21:52:17.000Z</time><extensions><gpxtpx:TrackPointExtension><gpxtpx:hr>147</gpxtpx:hr></gpxtpx:TrackPointExtension></extensions></trkpt>
      <trkpt lat="40.662286" lon="-73.976873"><ele>53</ele><time>2026-09-23T21:52:18.000Z</time><extensions><gpxtpx:TrackPointExtension><gpxtpx:hr>148</gpxtpx:hr></gpxtpx:TrackPointExtension></extensions></trkpt>
      <trkpt lat="40.662268" lon="-73.976894"><ele>52.8</ele><time>2026-09-23T21:52:19.000Z</time><extensions><gpxtpx:TrackPointExtension><gpxtpx:hr>149</gpxtpx:hr></gpxtpx:TrackPointExtension></extensions></trkpt>
      <trkpt lat="40.662242" lon="-73.976922"><ele>52.6</ele><time>2026-09-23T21:52:20.000Z</time><extensions><gpxtpx:TrackPointExtension><gpxtpx:hr>149</gpxtpx:hr></gpxtpx:TrackPointExtension></extensions></trkpt>
      <trkpt lat="40.66222" lon="-73.976944"><ele>52.4</ele><time>2026-09-23T21:52:21.000Z</time><extensions><gpxtpx:TrackPointExtension><gpxtpx:hr>149</gpxtpx:hr></gpxtpx:TrackPointExtension></extensions></trkpt>
      <trkpt lat="40.662195" lon="-73.976976"><ele>52.2</ele><time>2026-09-23T21:52:22.000Z</time><extensions><gpxtpx:TrackPointExtension><gpxtpx:hr>149</gpxtpx:hr></gpxtpx:TrackPointExtension></extensions></trkpt>
      <trkpt lat="40.662172" lon="-73.977004"><ele>52</ele><time>2026-09-23T21:52:23.000Z</time><extensions><gpxtpx:TrackPointExtension><gpxtpx:hr>149</gpxtpx:hr></gpxtpx:TrackPointExtension></extensions></trkpt>
      <trkpt lat="40.662148" lon="-73.977039"><ele>52</ele><time>2026-09-23T21:52:24.000Z</time><extensions><gpxtpx:TrackPointExtension><gpxtpx:hr>149</gpxtpx:hr></gpxtpx:TrackPointExtension></extensions></trkpt>
      <trkpt lat="40.662124" lon="-73.977065"><ele>51.8</ele><time>2026-09-23T21:52:25.000Z</time><extensions><gpxtpx:TrackPointExtension><gpxtpx:hr>149</gpxtpx:hr></gpxtpx:TrackPointExtension></extensions></trkpt>
      <trkpt lat="40.662101" lon="-73.977094"><ele>51.8</ele><time>2026-09-23T21:52:26.000Z</time><extensions><gpxtpx:TrackPointExtension><gpxtpx:hr>149</gpxtpx:hr></gpxtpx:TrackPointExtension></extensions></trkpt>
      <trkpt lat="40.66208" lon="-73.977111"><ele>51.8</ele><time>2026-09-23T21:52:27.000Z</time><extensions><gpxtpx:TrackPointExtension><gpxtpx:hr>148</gpxtpx:hr></gpxtpx:TrackPointExtension></extensions></trkpt>
      <trkpt lat="40.662057" lon="-73.977137"><ele>51.8</ele><time>2026-09-23T21:52:28.000Z</time><extensions><gpxtpx:TrackPointExtension><gpxtpx:hr>148</gpxtpx:hr></gpxtpx:TrackPointExtension></extensions></trkpt>
      <trkpt lat="40.662037" lon="-73.977156"><ele>51.8</ele><time>2026-09-23T21:52:29.000Z</time><extensions><gpxtpx:TrackPointExtension><gpxtpx:hr>148</gpxtpx:hr></gpxtpx:TrackPointExtension></extensions></trkpt>
      <trkpt lat="40.662015" lon="-73.977183"><ele>51.6</ele><time>2026-09-23T21:52:30.000Z</time><extensions><gpxtpx:TrackPointExtension><gpxtpx:hr>147</gpxtpx:hr></gpxtpx:TrackPointExtension></extensions></trkpt>
      <trkpt lat="40.66199" lon="-73.977202"><ele>51.6</ele><time>2026-09-23T21:52:31.000Z</time><extensions><gpxtpx:TrackPointExtension><gpxtpx:hr>147</gpxtpx:hr></gpxtpx:TrackPointExtension></extensions></trkpt>
      <trkpt lat="40.661966" lon="-73.97722"><ele>51.6</ele><time>2026-09-23T21:52:32.000Z</time><extensions><gpxtpx:TrackPointExtension><gpxtpx:hr>147</gpxtpx:hr></gpxtpx:TrackPointExtension></extensions></trkpt>
      <trkpt lat="40.661941" lon="-73.977238"><ele>51.4</ele><time>2026-09-23T21:52:33.000Z</time><extensions><gpxtpx:TrackPointExtension><gpxtpx:hr>147</gpxtpx:hr></gpxtpx:TrackPointExtension></extensions></trkpt>
      <trkpt lat="40.661917" lon="-73.977257"><ele>51.2</ele><time>2026-09-23T21:52:34.000Z</time><extensions><gpxtpx:TrackPointExtension><gpxtpx:hr>146</gpxtpx:hr></gpxtpx:TrackPointExtension></extensions></trkpt>
      <trkpt lat="40.661892" lon="-73.977278"><ele>51</ele><time>2026-09-23T21:52:35.000Z</time><extensions><gpxtpx:TrackPointExtension><gpxtpx:hr>146</gpxtpx:hr></gpxtpx:TrackPointExtension></extensions></trkpt>
      <trkpt lat="40.661867" lon="-73.977298"><ele>51</ele><time>2026-09-23T21:52:36.000Z</time><extensions><gpxtpx:TrackPointExtension><gpxtpx:hr>146</gpxtpx:hr></gpxtpx:TrackPointExtension></extensions></trkpt>
      <trkpt lat="40.661837" lon="-73.977318"><ele>50.8</ele><time>2026-09-23T21:52:37.000Z</time><extensions><gpxtpx:TrackPointExtension><gpxtpx:hr>145</gpxtpx:hr></gpxtpx:TrackPointExtension></extensions></trkpt>
      <trkpt lat="40.661809" lon="-73.977339"><ele>50.6</ele><time>2026-09-23T21:52:38.000Z</time><extensions><gpxtpx:TrackPointExtension><gpxtpx:hr>145</gpxtpx:hr></gpxtpx:TrackPointExtension></extensions></trkpt>
      <trkpt lat="40.661782" lon="-73.977361"><ele>50.4</ele><time>2026-09-23T21:52:39.000Z</time><extensions><gpxtpx:TrackPointExtension><gpxtpx:hr>145</gpxtpx:hr></gpxtpx:TrackPointExtension></extensions></trkpt>
      <trkpt lat="40.661752" lon="-73.977382"><ele>50.4</ele><time>2026-09-23T21:52:40.000Z</time><extensions><gpxtpx:TrackPointExtension><gpxtpx:hr>145</gpxtpx:hr></gpxtpx:TrackPointExtension></extensions></trkpt>
      <trkpt lat="40.661718" lon="-73.977409"><ele>50.2</ele><time>2026-09-23T21:52:41.000Z</time><extensions><gpxtpx:TrackPointExtension><gpxtpx:hr>145</gpxtpx:hr></gpxtpx:TrackPointExtension></extensions></trkpt>
      <trkpt lat="40.66169" lon="-73.977426"><ele>50.2</ele><time>2026-09-23T21:52:42.000Z</time><extensions><gpxtpx:TrackPointExtension><gpxtpx:hr>144</gpxtpx:hr></gpxtpx:TrackPointExtension></extensions></trkpt>
      <trkpt lat="40.661656" lon="-73.977447"><ele>50.2</ele><time>2026-09-23T21:52:43.000Z</time><extensions><gpxtpx:TrackPointExtension><gpxtpx:hr>144</gpxtpx:hr></gpxtpx:TrackPointExtension></extensions></trkpt>
      <trkpt lat="40.661628" lon="-73.977462"><ele>50.2</ele><time>2026-09-23T21:52:44.000Z</time><extensions><gpxtpx:TrackPointExtension><gpxtpx:hr>144</gpxtpx:hr></gpxtpx:TrackPointExtension></extensions></trkpt>
      <trkpt lat="40.661598" lon="-73.977476"><ele>50</ele><time>2026-09-23T21:52:45.000Z</time><extensions><gpxtpx:TrackPointExtension><gpxtpx:hr>144</gpxtpx:hr></gpxtpx:TrackPointExtension></extensions></trkpt>
      <trkpt lat="40.661573" lon="-73.977483"><ele>50.2</ele><time>2026-09-23T21:52:46.000Z</time><extensions><gpxtpx:TrackPointExtension><gpxtpx:hr>144</gpxtpx:hr></gpxtpx:TrackPointExtension></extensions></trkpt>
      <trkpt lat="40.661546" lon="-73.977494"><ele>50.2</ele><time>2026-09-23T21:52:47.000Z</time><extensions><gpxtpx:TrackPointExtension><gpxtpx:hr>144</gpxtpx:hr></gpxtpx:TrackPointExtension></extensions></trkpt>
      <trkpt lat="40.661521" lon="-73.977503"><ele>50</ele><time>2026-09-23T21:52:48.000Z</time><extensions><gpxtpx:TrackPointExtension><gpxtpx:hr>144</gpxtpx:hr></gpxtpx:TrackPointExtension></extensions></trkpt>
      <trkpt lat="40.661489" lon="-73.977513"><ele>50</ele><time>2026-09-23T21:52:49.000Z</time><extensions><gpxtpx:TrackPointExtension><gpxtpx:hr>144</gpxtpx:hr></gpxtpx:TrackPointExtension></extensions></trkpt>
      <trkpt lat="40.661461" lon="-73.977513"><ele>50</ele><time>2026-09-23T21:52:50.000Z</time><extensions><gpxtpx:TrackPointExtension><gpxtpx:hr>144</gpxtpx:hr></gpxtpx:TrackPointExtension></extensions></trkpt>
      <trkpt lat="40.661423" lon="-73.977521"><ele>50</ele><time>2026-09-23T21:52:51.000Z</time><extensions><gpxtpx:TrackPointExtension><gpxtpx:hr>144</gpxtpx:hr></gpxtpx:TrackPointExtension></extensions></trkpt>
      <trkpt lat="40.661394" lon="-73.977518"><ele>50</ele><time>2026-09-23T21:52:52.000Z</time><extensions><gpxtpx:TrackPointExtension><gpxtpx:hr>144</gpxtpx:hr></gpxtpx:TrackPointExtension></extensions></trkpt>
      <trkpt lat="40.661358" lon="-73.977522"><ele>50</ele><time>2026-09-23T21:52:53.000Z</time><extensions><gpxtpx:TrackPointExtension><gpxtpx:hr>144</gpxtpx:hr></gpxtpx:TrackPointExtension></extensions></trkpt>
      <trkpt lat="40.661331" lon="-73.977522"><ele>49.8</ele><time>2026-09-23T21:52:54.000Z</time><extensions><gpxtpx:TrackPointExtension><gpxtpx:hr>145</gpxtpx:hr></gpxtpx:TrackPointExtension></extensions></trkpt>
      <trkpt lat="40.661292" lon="-73.977522"><ele>49.8</ele><time>2026-09-23T21:52:55.000Z</time><extensions><gpxtpx:TrackPointExtension><gpxtpx:hr>145</gpxtpx:hr></gpxtpx:TrackPointExtension></extensions></trkpt>
      <trkpt lat="40.661263" lon="-73.97752"><ele>49.6</ele><time>2026-09-23T21:52:56.000Z</time><extensions><gpxtpx:TrackPointExtension><gpxtpx:hr>145</gpxtpx:hr></gpxtpx:TrackPointExtension></extensions></trkpt>
      <trkpt lat="40.661224" lon="-73.977525"><ele>49.6</ele><time>2026-09-23T21:52:57.000Z</time><extensions><gpxtpx:TrackPointExtension><gpxtpx:hr>146</gpxtpx:hr></gpxtpx:TrackPointExtension></extensions></trkpt>
      <trkpt lat="40.661198" lon="-73.977521"><ele>49.6</ele><time>2026-09-23T21:52:58.000Z</time><extensions><gpxtpx:TrackPointExtension><gpxtpx:hr>146</gpxtpx:hr></gpxtpx:TrackPointExtension></extensions></trkpt>
      <trkpt lat="40.661166" lon="-73.977516"><ele>49.6</ele><time>2026-09-23T21:52:59.000Z</time><extensions><gpxtpx:TrackPointExtension><gpxtpx:hr>146</gpxtpx:hr></gpxtpx:TrackPointExtension></extensions></trkpt>
      <trkpt lat="40.661138" lon="-73.977517"><ele>49.6</ele><time>2026-09-23T21:53:00.000Z</time><extensions><gpxtpx:TrackPointExtension><gpxtpx:hr>147</gpxtpx:hr></gpxtpx:TrackPointExtension></extensions></trkpt>
      <trkpt lat="40.661101" lon="-73.977518"><ele>49.6</ele><time>2026-09-23T21:53:01.000Z</time><extensions><gpxtpx:TrackPointExtension><gpxtpx:hr>147</gpxtpx:hr></gpxtpx:TrackPointExtension></extensions></trkpt>
      <trkpt lat="40.661073" lon="-73.977513"><ele>49.6</ele><time>2026-09-23T21:53:02.000Z</time><extensions><gpxtpx:TrackPointExtension><gpxtpx:hr>147</gpxtpx:hr></gpxtpx:TrackPointExtension></extensions></trkpt>
      <trkpt lat="40.661037" lon="-73.977506"><ele>49.8</ele><time>2026-09-23T21:53:03.000Z</time><extensions><gpxtpx:TrackPointExtension><gpxtpx:hr>147</gpxtpx:hr></gpxtpx:TrackPointExtension></extensions></trkpt>
      <trkpt lat="40.661013" lon="-73.977501"><ele>50</ele><time>2026-09-23T21:53:04.000Z</time><extensions><gpxtpx:TrackPointExtension><gpxtpx:hr>148</gpxtpx:hr></gpxtpx:TrackPointExtension></extensions></trkpt>
      <trkpt lat="40.660978" lon="-73.977496"><ele>50.2</ele><time>2026-09-23T21:53:05.000Z</time><extensions><gpxtpx:TrackPointExtension><gpxtpx:hr>149</gpxtpx:hr></gpxtpx:TrackPointExtension></extensions></trkpt>
      <trkpt lat="40.660955" lon="-73.977486"><ele>50.4</ele><time>2026-09-23T21:53:06.000Z</time><extensions><gpxtpx:TrackPointExtension><gpxtpx:hr>149</gpxtpx:hr></gpxtpx:TrackPointExtension></extensions></trkpt>
      <trkpt lat="40.660922" lon="-73.977473"><ele>50.6</ele><time>2026-09-23T21:53:07.000Z</time><extensions><gpxtpx:TrackPointExtension><gpxtpx:hr>149</gpxtpx:hr></gpxtpx:TrackPointExtension></extensions></trkpt>
      <trkpt lat="40.6609" lon="-73.977461"><ele>50.6</ele><time>2026-09-23T21:53:08.000Z</time><extensions><gpxtpx:TrackPointExtension><gpxtpx:hr>149</gpxtpx:hr></gpxtpx:TrackPointExtension></extensions></trkpt>
      <trkpt lat="40.660869" lon="-73.977446"><ele>50.6</ele><time>2026-09-23T21:53:09.000Z</time><extensions><gpxtpx:TrackPointExtension><gpxtpx:hr>149</gpxtpx:hr></gpxtpx:TrackPointExtension></extensions></trkpt>
      <trkpt lat="40.660848" lon="-73.977432"><ele>50.8</ele><time>2026-09-23T21:53:10.000Z</time><extensions><gpxtpx:TrackPointExtension><gpxtpx:hr>149</gpxtpx:hr></gpxtpx:TrackPointExtension></extensions></trkpt>
      <trkpt lat="40.660821" lon="-73.977406"><ele>51.2</ele><time>2026-09-23T21:53:11.000Z</time><extensions><gpxtpx:TrackPointExtension><gpxtpx:hr>149</gpxtpx:hr></gpxtpx:TrackPointExtension></extensions></trkpt>
      <trkpt lat="40.660802" lon="-73.977387"><ele>51.4</ele><time>2026-09-23T21:53:12.000Z</time><extensions><gpxtpx:TrackPointExtension><gpxtpx:hr>149</gpxtpx:hr></gpxtpx:TrackPointExtension></extensions></trkpt>
      <trkpt lat="40.660771" lon="-73.977365"><ele>51.4</ele><time>2026-09-23T21:53:13.000Z</time><extensions><gpxtpx:TrackPointExtension><gpxtpx:hr>149</gpxtpx:hr></gpxtpx:TrackPointExtension></extensions></trkpt>
      <trkpt lat="40.66074" lon="-73.977348"><ele>51.6</ele><time>2026-09-23T21:53:14.000Z</time><extensions><gpxtpx:TrackPointExtension><gpxtpx:hr>149</gpxtpx:hr></gpxtpx:TrackPointExtension></extensions></trkpt>
      <trkpt lat="40.660706" lon="-73.97733"><ele>51.6</ele><time>2026-09-23T21:53:15.000Z</time><extensions><gpxtpx:TrackPointExtension><gpxtpx:hr>150</gpxtpx:hr></gpxtpx:TrackPointExtension></extensions></trkpt>
      <trkpt lat="40.66068" lon="-73.977305"><ele>51.6</ele><time>2026-09-23T21:53:16.000Z</time><extensions><gpxtpx:TrackPointExtension><gpxtpx:hr>150</gpxtpx:hr></gpxtpx:TrackPointExtension></extensions></trkpt>
      <trkpt lat="40.66065" lon="-73.977276"><ele>51.2</ele><time>2026-09-23T21:53:17.000Z</time><extensions><gpxtpx:TrackPointExtension><gpxtpx:hr>150</gpxtpx:hr></gpxtpx:TrackPointExtension></extensions></trkpt>
      <trkpt lat="40.66063" lon="-73.977249"><ele>51</ele><time>2026-09-23T21:53:18.000Z</time><extensions><gpxtpx:TrackPointExtension><gpxtpx:hr>150</gpxtpx:hr></gpxtpx:TrackPointExtension></extensions></trkpt>
      <trkpt lat="40.660609" lon="-73.977221"><ele>50.6</ele><time>2026-09-23T21:53:19.000Z</time><extensions><gpxtpx:TrackPointExtension><gpxtpx:hr>150</gpxtpx:hr></gpxtpx:TrackPointExtension></extensions></trkpt>
      <trkpt lat="40.660594" lon="-73.977199"><ele>50.4</ele><time>2026-09-23T21:53:20.000Z</time><extensions><gpxtpx:TrackPointExtension><gpxtpx:hr>151</gpxtpx:hr></gpxtpx:TrackPointExtension></extensions></trkpt>
      <trkpt lat="40.660573" lon="-73.977166"><ele>50.2</ele><time>2026-09-23T21:53:21.000Z</time><extensions><gpxtpx:TrackPointExtension><gpxtpx:hr>151</gpxtpx:hr></gpxtpx:TrackPointExtension></extensions></trkpt>
      <trkpt lat="40.660558" lon="-73.977145"><ele>50.2</ele><time>2026-09-23T21:53:22.000Z</time><extensions><gpxtpx:TrackPointExtension><gpxtpx:hr>151</gpxtpx:hr></gpxtpx:TrackPointExtension></extensions></trkpt>
      <trkpt lat="40.660539" lon="-73.977117"><ele>50</ele><time>2026-09-23T21:53:23.000Z</time><extensions><gpxtpx:TrackPointExtension><gpxtpx:hr>151</gpxtpx:hr></gpxtpx:TrackPointExtension></extensions></trkpt>
      <trkpt lat="40.660525" lon="-73.977091"><ele>50</ele><time>2026-09-23T21:53:24.000Z</time><extensions><gpxtpx:TrackPointExtension><gpxtpx:hr>151</gpxtpx:hr></gpxtpx:TrackPointExtension></extensions></trkpt>
      <trkpt lat="40.660504" lon="-73.977062"><ele>49.8</ele><time>2026-09-23T21:53:25.000Z</time><extensions><gpxtpx:TrackPointExtension><gpxtpx:hr>151</gpxtpx:hr></gpxtpx:TrackPointExtension></extensions></trkpt>
      <trkpt lat="40.660489" lon="-73.977041"><ele>49.8</ele><time>2026-09-23T21:53:26.000Z</time><extensions><gpxtpx:TrackPointExtension><gpxtpx:hr>151</gpxtpx:hr></gpxtpx:TrackPointExtension></extensions></trkpt>
      <trkpt lat="40.660469" lon="-73.977013"><ele>49.6</ele><time>2026-09-23T21:53:27.000Z</time><extensions><gpxtpx:TrackPointExtension><gpxtpx:hr>151</gpxtpx:hr></gpxtpx:TrackPointExtension></extensions></trkpt>
      <trkpt lat="40.660456" lon="-73.976984"><ele>49.6</ele><time>2026-09-23T21:53:28.000Z</time><extensions><gpxtpx:TrackPointExtension><gpxtpx:hr>150</gpxtpx:hr></gpxtpx:TrackPointExtension></extensions></trkpt>
      <trkpt lat="40.660443" lon="-73.97695"><ele>49.6</ele><time>2026-09-23T21:53:29.000Z</time><extensions><gpxtpx:TrackPointExtension><gpxtpx:hr>150</gpxtpx:hr></gpxtpx:TrackPointExtension></extensions></trkpt>
      <trkpt lat="40.660431" lon="-73.976924"><ele>49.6</ele><time>2026-09-23T21:53:30.000Z</time><extensions><gpxtpx:TrackPointExtension><gpxtpx:hr>150</gpxtpx:hr></gpxtpx:TrackPointExtension></extensions></trkpt>
      <trkpt lat="40.660412" lon="-73.976892"><ele>49.6</ele><time>2026-09-23T21:53:31.000Z</time><extensions><gpxtpx:TrackPointExtension><gpxtpx:hr>150</gpxtpx:hr></gpxtpx:TrackPointExtension></extensions></trkpt>
      <trkpt lat="40.6604" lon="-73.976859"><ele>49.4</ele><time>2026-09-23T21:53:32.000Z</time><extensions><gpxtpx:TrackPointExtension><gpxtpx:hr>150</gpxtpx:hr></gpxtpx:TrackPointExtension></extensions></trkpt>
      <trkpt lat="40.660382" lon="-73.976819"><ele>49.4</ele><time>2026-09-23T21:53:33.000Z</time><extensions><gpxtpx:TrackPointExtension><gpxtpx:hr>150</gpxtpx:hr></gpxtpx:TrackPointExtension></extensions></trkpt>
      <trkpt lat="40.660367" lon="-73.976787"><ele>49.4</ele><time>2026-09-23T21:53:34.000Z</time><extensions><gpxtpx:TrackPointExtension><gpxtpx:hr>150</gpxtpx:hr></gpxtpx:TrackPointExtension></extensions></trkpt>
      <trkpt lat="40.660353" lon="-73.976754"><ele>49.4</ele><time>2026-09-23T21:53:35.000Z</time><extensions><gpxtpx:TrackPointExtension><gpxtpx:hr>150</gpxtpx:hr></gpxtpx:TrackPointExtension></extensions></trkpt>
      <trkpt lat="40.660339" lon="-73.976721"><ele>49.2</ele><time>2026-09-23T21:53:36.000Z</time><extensions><gpxtpx:TrackPointExtension><gpxtpx:hr>150</gpxtpx:hr></gpxtpx:TrackPointExtension></extensions></trkpt>
      <trkpt lat="40.660322" lon="-73.976687"><ele>49.2</ele><time>2026-09-23T21:53:37.000Z</time><extensions><gpxtpx:TrackPointExtension><gpxtpx:hr>150</gpxtpx:hr></gpxtpx:TrackPointExtension></extensions></trkpt>
      <trkpt lat="40.660303" lon="-73.976654"><ele>49.2</ele><time>2026-09-23T21:53:38.000Z</time><extensions><gpxtpx:TrackPointExtension><gpxtpx:hr>150</gpxtpx:hr></gpxtpx:TrackPointExtension></extensions></trkpt>
      <trkpt lat="40.660285" lon="-73.976623"><ele>49</ele><time>2026-09-23T21:53:39.000Z</time><extensions><gpxtpx:TrackPointExtension><gpxtpx:hr>150</gpxtpx:hr></gpxtpx:TrackPointExtension></extensions></trkpt>
      <trkpt lat="40.660275" lon="-73.976588"><ele>49</ele><time>2026-09-23T21:53:40.000Z</time><extensions><gpxtpx:TrackPointExtension><gpxtpx:hr>150</gpxtpx:hr></gpxtpx:TrackPointExtension></extensions></trkpt>
      <trkpt lat="40.660269" lon="-73.97655"><ele>49</ele><time>2026-09-23T21:53:41.000Z</time><extensions><gpxtpx:TrackPointExtension><gpxtpx:hr>150</gpxtpx:hr></gpxtpx:TrackPointExtension></extensions></trkpt>
      <trkpt lat="40.660263" lon="-73.976503"><ele>48.8</ele><time>2026-09-23T21:53:42.000Z</time><extensions><gpxtpx:TrackPointExtension><gpxtpx:hr>150</gpxtpx:hr></gpxtpx:TrackPointExtension></extensions></trkpt>
      <trkpt lat="40.660255" lon="-73.976462"><ele>48.6</ele><time>2026-09-23T21:53:43.000Z</time><extensions><gpxtpx:TrackPointExtension><gpxtpx:hr>150</gpxtpx:hr></gpxtpx:TrackPointExtension></extensions></trkpt>
      <trkpt lat="40.660246" lon="-73.976421"><ele>48.6</ele><time>2026-09-23T21:53:44.000Z</time><extensions><gpxtpx:TrackPointExtension><gpxtpx:hr>150</gpxtpx:hr></gpxtpx:TrackPointExtension></extensions></trkpt>
      <trkpt lat="40.66024" lon="-73.976379"><ele>48.4</ele><time>2026-09-23T21:53:45.000Z</time><extensions><gpxtpx:TrackPointExtension><gpxtpx:hr>150</gpxtpx:hr></gpxtpx:TrackPointExtension></extensions></trkpt>
      <trkpt lat="40.660229" lon="-73.976331"><ele>48.4</ele><time>2026-09-23T21:53:46.000Z</time><extensions><gpxtpx:TrackPointExtension><gpxtpx:hr>151</gpxtpx:hr></gpxtpx:TrackPointExtension></extensions></trkpt>
      <trkpt lat="40.66022" lon="-73.976293"><ele>48.4</ele><time>2026-09-23T21:53:47.000Z</time><extensions><gpxtpx:TrackPointExtension><gpxtpx:hr>150</gpxtpx:hr></gpxtpx:TrackPointExtension></extensions></trkpt>
      <trkpt lat="40.660214" lon="-73.976245"><ele>48.4</ele><time>2026-09-23T21:53:48.000Z</time><extensions><gpxtpx:TrackPointExtension><gpxtpx:hr>150</gpxtpx:hr></gpxtpx:TrackPointExtension></extensions></trkpt>
      <trkpt lat="40.660215" lon="-73.976209"><ele>48.4</ele><time>2026-09-23T21:53:49.000Z</time><extensions><gpxtpx:TrackPointExtension><gpxtpx:hr>150</gpxtpx:hr></gpxtpx:TrackPointExtension></extensions></trkpt>
      <trkpt lat="40.660207" lon="-73.976166"><ele>48.4</ele><time>2026-09-23T21:53:50.000Z</time><extensions><gpxtpx:TrackPointExtension><gpxtpx:hr>150</gpxtpx:hr></gpxtpx:TrackPointExtension></extensions></trkpt>
      <trkpt lat="40.6602" lon="-73.976126"><ele>48.4</ele><time>2026-09-23T21:53:51.000Z</time><extensions><gpxtpx:TrackPointExtension><gpxtpx:hr>150</gpxtpx:hr></gpxtpx:TrackPointExtension></extensions></trkpt>
      <trkpt lat="40.660189" lon="-73.976081"><ele>48.2</ele><time>2026-09-23T21:53:52.000Z</time><extensions><gpxtpx:TrackPointExtension><gpxtpx:hr>150</gpxtpx:hr></gpxtpx:TrackPointExtension></extensions></trkpt>
      <trkpt lat="40.660185" lon="-73.976046"><ele>48</ele><time>2026-09-23T21:53:53.000Z</time><extensions><gpxtpx:TrackPointExtension><gpxtpx:hr>150</gpxtpx:hr></gpxtpx:TrackPointExtension></extensions></trkpt>
      <trkpt lat="40.660178" lon="-73.976004"><ele>48</ele><time>2026-09-23T21:53:54.000Z</time><extensions><gpxtpx:TrackPointExtension><gpxtpx:hr>150</gpxtpx:hr></gpxtpx:TrackPointExtension></extensions></trkpt>
      <trkpt lat="40.660174" lon="-73.975973"><ele>47.6</ele><time>2026-09-23T21:53:55.000Z</time><extensions><gpxtpx:TrackPointExtension><gpxtpx:hr>150</gpxtpx:hr></gpxtpx:TrackPointExtension></extensions></trkpt>
      <trkpt lat="40.660165" lon="-73.975932"><ele>47.4</ele><time>2026-09-23T21:53:56.000Z</time><extensions><gpxtpx:TrackPointExtension><gpxtpx:hr>150</gpxtpx:hr></gpxtpx:TrackPointExtension></extensions></trkpt>
      <trkpt lat="40.660159" lon="-73.975894"><ele>47.4</ele><time>2026-09-23T21:53:57.000Z</time><extensions><gpxtpx:TrackPointExtension><gpxtpx:hr>151</gpxtpx:hr></gpxtpx:TrackPointExtension></extensions></trkpt>
      <trkpt lat="40.660154" lon="-73.975853"><ele>47.2</ele><time>2026-09-23T21:53:58.000Z</time><extensions><gpxtpx:TrackPointExtension><gpxtpx:hr>151</gpxtpx:hr></gpxtpx:TrackPointExtension></extensions></trkpt>
      <trkpt lat="40.660148" lon="-73.975813"><ele>47.2</ele><time>2026-09-23T21:53:59.000Z</time><extensions><gpxtpx:TrackPointExtension><gpxtpx:hr>150</gpxtpx:hr></gpxtpx:TrackPointExtension></extensions></trkpt>
      <trkpt lat="40.660143" lon="-73.975773"><ele>47.2</ele><time>2026-09-23T21:54:00.000Z</time><extensions><gpxtpx:TrackPointExtension><gpxtpx:hr>150</gpxtpx:hr></gpxtpx:TrackPointExtension></extensions></trkpt>
      <trkpt lat="40.660135" lon="-73.975734"><ele>47</ele><time>2026-09-23T21:54:01.000Z</time><extensions><gpxtpx:TrackPointExtension><gpxtpx:hr>150</gpxtpx:hr></gpxtpx:TrackPointExtension></extensions></trkpt>
      <trkpt lat="40.660131" lon="-73.975695"><ele>46.8</ele><time>2026-09-23T21:54:02.000Z</time><extensions><gpxtpx:TrackPointExtension><gpxtpx:hr>150</gpxtpx:hr></gpxtpx:TrackPointExtension></extensions></trkpt>
      <trkpt lat="40.66012" lon="-73.975646"><ele>46.6</ele><time>2026-09-23T21:54:03.000Z</time><extensions><gpxtpx:TrackPointExtension><gpxtpx:hr>149</gpxtpx:hr></gpxtpx:TrackPointExtension></extensions></trkpt>
      <trkpt lat="40.660112" lon="-73.975608"><ele>46.6</ele><time>2026-09-23T21:54:04.000Z</time><extensions><gpxtpx:TrackPointExtension><gpxtpx:hr>150</gpxtpx:hr></gpxtpx:TrackPointExtension></extensions></trkpt>
      <trkpt lat="40.660095" lon="-73.975562"><ele>46.4</ele><time>2026-09-23T21:54:05.000Z</time><extensions><gpxtpx:TrackPointExtension><gpxtpx:hr>150</gpxtpx:hr></gpxtpx:TrackPointExtension></extensions></trkpt>
      <trkpt lat="40.660085" lon="-73.975528"><ele>46.4</ele><time>2026-09-23T21:54:06.000Z</time><extensions><gpxtpx:TrackPointExtension><gpxtpx:hr>150</gpxtpx:hr></gpxtpx:TrackPointExtension></extensions></trkpt>
      <trkpt lat="40.660065" lon="-73.975479"><ele>46.4</ele><time>2026-09-23T21:54:07.000Z</time><extensions><gpxtpx:TrackPointExtension><gpxtpx:hr>150</gpxtpx:hr></gpxtpx:TrackPointExtension></extensions></trkpt>
      <trkpt lat="40.660056" lon="-73.975443"><ele>46.4</ele><time>2026-09-23T21:54:08.000Z</time><extensions><gpxtpx:TrackPointExtension><gpxtpx:hr>150</gpxtpx:hr></gpxtpx:TrackPointExtension></extensions></trkpt>
      <trkpt lat="40.660041" lon="-73.9754"><ele>46.4</ele><time>2026-09-23T21:54:09.000Z</time><extensions><gpxtpx:TrackPointExtension><gpxtpx:hr>150</gpxtpx:hr></gpxtpx:TrackPointExtension></extensions></trkpt>
      <trkpt lat="40.660027" lon="-73.975365"><ele>46.2</ele><time>2026-09-23T21:54:10.000Z</time><extensions><gpxtpx:TrackPointExtension><gpxtpx:hr>150</gpxtpx:hr></gpxtpx:TrackPointExtension></extensions></trkpt>
      <trkpt lat="40.660003" lon="-73.975327"><ele>46.2</ele><time>2026-09-23T21:54:11.000Z</time><extensions><gpxtpx:TrackPointExtension><gpxtpx:hr>150</gpxtpx:hr></gpxtpx:TrackPointExtension></extensions></trkpt>
      <trkpt lat="40.659987" lon="-73.975297"><ele>46.2</ele><time>2026-09-23T21:54:12.000Z</time><extensions><gpxtpx:TrackPointExtension><gpxtpx:hr>150</gpxtpx:hr></gpxtpx:TrackPointExtension></extensions></trkpt>
      <trkpt lat="40.659966" lon="-73.975263"><ele>46</ele><time>2026-09-23T21:54:13.000Z</time><extensions><gpxtpx:TrackPointExtension><gpxtpx:hr>150</gpxtpx:hr></gpxtpx:TrackPointExtension></extensions></trkpt>
      <trkpt lat="40.659949" lon="-73.975232"><ele>46</ele><time>2026-09-23T21:54:14.000Z</time><extensions><gpxtpx:TrackPointExtension><gpxtpx:hr>150</gpxtpx:hr></gpxtpx:TrackPointExtension></extensions></trkpt>
      <trkpt lat="40.659927" lon="-73.975202"><ele>46.2</ele><time>2026-09-23T21:54:15.000Z</time><extensions><gpxtpx:TrackPointExtension><gpxtpx:hr>150</gpxtpx:hr></gpxtpx:TrackPointExtension></extensions></trkpt>
      <trkpt lat="40.659907" lon="-73.975172"><ele>46.2</ele><time>2026-09-23T21:54:16.000Z</time><extensions><gpxtpx:TrackPointExtension><gpxtpx:hr>151</gpxtpx:hr></gpxtpx:TrackPointExtension></extensions></trkpt>
      <trkpt lat="40.659884" lon="-73.975139"><ele>46.2</ele><time>2026-09-23T21:54:17.000Z</time><extensions><gpxtpx:TrackPointExtension><gpxtpx:hr>150</gpxtpx:hr></gpxtpx:TrackPointExtension></extensions></trkpt>
      <trkpt lat="40.659862" lon="-73.975111"><ele>46.2</ele><time>2026-09-23T21:54:18.000Z</time><extensions><gpxtpx:TrackPointExtension><gpxtpx:hr>151</gpxtpx:hr></gpxtpx:TrackPointExtension></extensions></trkpt>
      <trkpt lat="40.65984" lon="-73.975084"><ele>46.2</ele><time>2026-09-23T21:54:19.000Z</time><extensions><gpxtpx:TrackPointExtension><gpxtpx:hr>151</gpxtpx:hr></gpxtpx:TrackPointExtension></extensions></trkpt>
      <trkpt lat="40.659818" lon="-73.975057"><ele>46.2</ele><time>2026-09-23T21:54:20.000Z</time><extensions><gpxtpx:TrackPointExtension><gpxtpx:hr>151</gpxtpx:hr></gpxtpx:TrackPointExtension></extensions></trkpt>
      <trkpt lat="40.659793" lon="-73.975031"><ele>46.2</ele><time>2026-09-23T21:54:21.000Z</time><extensions><gpxtpx:TrackPointExtension><gpxtpx:hr>151</gpxtpx:hr></gpxtpx:TrackPointExtension></extensions></trkpt>
      <trkpt lat="40.659769" lon="-73.975009"><ele>46.2</ele><time>2026-09-23T21:54:22.000Z</time><extensions><gpxtpx:TrackPointExtension><gpxtpx:hr>151</gpxtpx:hr></gpxtpx:TrackPointExtension></extensions></trkpt>
      <trkpt lat="40.659739" lon="-73.974985"><ele>46.2</ele><time>2026-09-23T21:54:23.000Z</time><extensions><gpxtpx:TrackPointExtension><gpxtpx:hr>151</gpxtpx:hr></gpxtpx:TrackPointExtension></extensions></trkpt>
      <trkpt lat="40.659712" lon="-73.974959"><ele>46.2</ele><time>2026-09-23T21:54:24.000Z</time><extensions><gpxtpx:TrackPointExtension><gpxtpx:hr>151</gpxtpx:hr></gpxtpx:TrackPointExtension></extensions></trkpt>
      <trkpt lat="40.659681" lon="-73.974927"><ele>46.4</ele><time>2026-09-23T21:54:25.000Z</time><extensions><gpxtpx:TrackPointExtension><gpxtpx:hr>151</gpxtpx:hr></gpxtpx:TrackPointExtension></extensions></trkpt>
      <trkpt lat="40.659657" lon="-73.974893"><ele>46.2</ele><time>2026-09-23T21:54:26.000Z</time><extensions><gpxtpx:TrackPointExtension><gpxtpx:hr>151</gpxtpx:hr></gpxtpx:TrackPointExtension></extensions></trkpt>
      <trkpt lat="40.659629" lon="-73.974859"><ele>46.4</ele><time>2026-09-23T21:54:27.000Z</time><extensions><gpxtpx:TrackPointExtension><gpxtpx:hr>152</gpxtpx:hr></gpxtpx:TrackPointExtension></extensions></trkpt>
      <trkpt lat="40.659605" lon="-73.97483"><ele>46.4</ele><time>2026-09-23T21:54:28.000Z</time><extensions><gpxtpx:TrackPointExtension><gpxtpx:hr>152</gpxtpx:hr></gpxtpx:TrackPointExtension></extensions></trkpt>
      <trkpt lat="40.65958" lon="-73.974804"><ele>46.6</ele><time>2026-09-23T21:54:29.000Z</time><extensions><gpxtpx:TrackPointExtension><gpxtpx:hr>152</gpxtpx:hr></gpxtpx:TrackPointExtension></extensions></trkpt>
      <trkpt lat="40.659556" lon="-73.974776"><ele>46.6</ele><time>2026-09-23T21:54:30.000Z</time><extensions><gpxtpx:TrackPointExtension><gpxtpx:hr>152</gpxtpx:hr></gpxtpx:TrackPointExtension></extensions></trkpt>
      <trkpt lat="40.659532" lon="-73.974754"><ele>46.6</ele><time>2026-09-23T21:54:31.000Z</time><extensions><gpxtpx:TrackPointExtension><gpxtpx:hr>153</gpxtpx:hr></gpxtpx:TrackPointExtension></extensions></trkpt>
      <trkpt lat="40.65951" lon="-73.974729"><ele>46.6</ele><time>2026-09-23T21:54:32.000Z</time><extensions><gpxtpx:TrackPointExtension><gpxtpx:hr>153</gpxtpx:hr></gpxtpx:TrackPointExtension></extensions></trkpt>
      <trkpt lat="40.659495" lon="-73.974704"><ele>46.6</ele><time>2026-09-23T21:54:33.000Z</time><extensions><gpxtpx:TrackPointExtension><gpxtpx:hr>154</gpxtpx:hr></gpxtpx:TrackPointExtension></extensions></trkpt>
      <trkpt lat="40.659479" lon="-73.974679"><ele>46.8</ele><time>2026-09-23T21:54:34.000Z</time><extensions><gpxtpx:TrackPointExtension><gpxtpx:hr>154</gpxtpx:hr></gpxtpx:TrackPointExtension></extensions></trkpt>
      <trkpt lat="40.659453" lon="-73.974649"><ele>46.8</ele><time>2026-09-23T21:54:35.000Z</time><extensions><gpxtpx:TrackPointExtension><gpxtpx:hr>155</gpxtpx:hr></gpxtpx:TrackPointExtension></extensions></trkpt>
      <trkpt lat="40.659432" lon="-73.974625"><ele>46.8</ele><time>2026-09-23T21:54:36.000Z</time><extensions><gpxtpx:TrackPointExtension><gpxtpx:hr>155</gpxtpx:hr></gpxtpx:TrackPointExtension></extensions></trkpt>
      <trkpt lat="40.659409" lon="-73.9746"><ele>46.8</ele><time>2026-09-23T21:54:37.000Z</time><extensions><gpxtpx:TrackPointExtension><gpxtpx:hr>155</gpxtpx:hr></gpxtpx:TrackPointExtension></extensions></trkpt>
      <trkpt lat="40.659389" lon="-73.974571"><ele>46.8</ele><time>2026-09-23T21:54:38.000Z</time><extensions><gpxtpx:TrackPointExtension><gpxtpx:hr>155</gpxtpx:hr></gpxtpx:TrackPointExtension></extensions></trkpt>
      <trkpt lat="40.659375" lon="-73.974542"><ele>46.8</ele><time>2026-09-23T21:54:39.000Z</time><extensions><gpxtpx:TrackPointExtension><gpxtpx:hr>155</gpxtpx:hr></gpxtpx:TrackPointExtension></extensions></trkpt>
      <trkpt lat="40.659358" lon="-73.974514"><ele>46.8</ele><time>2026-09-23T21:54:40.000Z</time><extensions><gpxtpx:TrackPointExtension><gpxtpx:hr>155</gpxtpx:hr></gpxtpx:TrackPointExtension></extensions></trkpt>
      <trkpt lat="40.659344" lon="-73.974486"><ele>47</ele><time>2026-09-23T21:54:41.000Z</time><extensions><gpxtpx:TrackPointExtension><gpxtpx:hr>155</gpxtpx:hr></gpxtpx:TrackPointExtension></extensions></trkpt>
      <trkpt lat="40.659321" lon="-73.974456"><ele>47.2</ele><time>2026-09-23T21:54:42.000Z</time><extensions><gpxtpx:TrackPointExtension><gpxtpx:hr>155</gpxtpx:hr></gpxtpx:TrackPointExtension></extensions></trkpt>
      <trkpt lat="40.659307" lon="-73.97443"><ele>47.2</ele><time>2026-09-23T21:54:43.000Z</time><extensions><gpxtpx:TrackPointExtension><gpxtpx:hr>155</gpxtpx:hr></gpxtpx:TrackPointExtension></extensions></trkpt>
      <trkpt lat="40.659285" lon="-73.974394"><ele>47.4</ele><time>2026-09-23T21:54:44.000Z</time><extensions><gpxtpx:TrackPointExtension><gpxtpx:hr>154</gpxtpx:hr></gpxtpx:TrackPointExtension></extensions></trkpt>
      <trkpt lat="40.659274" lon="-73.974364"><ele>47.6</ele><time>2026-09-23T21:54:45.000Z</time><extensions><gpxtpx:TrackPointExtension><gpxtpx:hr>154</gpxtpx:hr></gpxtpx:TrackPointExtension></extensions></trkpt>
      <trkpt lat="40.659254" lon="-73.974324"><ele>47.8</ele><time>2026-09-23T21:54:46.000Z</time><extensions><gpxtpx:TrackPointExtension><gpxtpx:hr>153</gpxtpx:hr></gpxtpx:TrackPointExtension></extensions></trkpt>
      <trkpt lat="40.659246" lon="-73.974294"><ele>47.8</ele><time>2026-09-23T21:54:47.000Z</time><extensions><gpxtpx:TrackPointExtension><gpxtpx:hr>153</gpxtpx:hr></gpxtpx:TrackPointExtension></extensions></trkpt>
      <trkpt lat="40.659231" lon="-73.974255"><ele>48</ele><time>2026-09-23T21:54:48.000Z</time><extensions><gpxtpx:TrackPointExtension><gpxtpx:hr>153</gpxtpx:hr></gpxtpx:TrackPointExtension></extensions></trkpt>
      <trkpt lat="40.659218" lon="-73.974225"><ele>48</ele><time>2026-09-23T21:54:49.000Z</time><extensions><gpxtpx:TrackPointExtension><gpxtpx:hr>153</gpxtpx:hr></gpxtpx:TrackPointExtension></extensions></trkpt>
      <trkpt lat="40.6592" lon="-73.974189"><ele>48</ele><time>2026-09-23T21:54:50.000Z</time><extensions><gpxtpx:TrackPointExtension><gpxtpx:hr>152</gpxtpx:hr></gpxtpx:TrackPointExtension></extensions></trkpt>
      <trkpt lat="40.659191" lon="-73.974158"><ele>48</ele><time>2026-09-23T21:54:51.000Z</time><extensions><gpxtpx:TrackPointExtension><gpxtpx:hr>152</gpxtpx:hr></gpxtpx:TrackPointExtension></extensions></trkpt>
      <trkpt lat="40.659175" lon="-73.97412"><ele>48</ele><time>2026-09-23T21:54:52.000Z</time><extensions><gpxtpx:TrackPointExtension><gpxtpx:hr>152</gpxtpx:hr></gpxtpx:TrackPointExtension></extensions></trkpt>
      <trkpt lat="40.659163" lon="-73.974091"><ele>47.8</ele><time>2026-09-23T21:54:53.000Z</time><extensions><gpxtpx:TrackPointExtension><gpxtpx:hr>153</gpxtpx:hr></gpxtpx:TrackPointExtension></extensions></trkpt>
      <trkpt lat="40.65915" lon="-73.974062"><ele>47.8</ele><time>2026-09-23T21:54:54.000Z</time><extensions><gpxtpx:TrackPointExtension><gpxtpx:hr>152</gpxtpx:hr></gpxtpx:TrackPointExtension></extensions></trkpt>
      <trkpt lat="40.659133" lon="-73.974031"><ele>47.6</ele><time>2026-09-23T21:54:55.000Z</time><extensions><gpxtpx:TrackPointExtension><gpxtpx:hr>152</gpxtpx:hr></gpxtpx:TrackPointExtension></extensions></trkpt>
      <trkpt lat="40.659125" lon="-73.973994"><ele>47.6</ele><time>2026-09-23T21:54:56.000Z</time><extensions><gpxtpx:TrackPointExtension><gpxtpx:hr>152</gpxtpx:hr></gpxtpx:TrackPointExtension></extensions></trkpt>
      <trkpt lat="40.659111" lon="-73.973958"><ele>47.4</ele><time>2026-09-23T21:54:57.000Z</time><extensions><gpxtpx:TrackPointExtension><gpxtpx:hr>152</gpxtpx:hr></gpxtpx:TrackPointExtension></extensions></trkpt>
      <trkpt lat="40.659099" lon="-73.973928"><ele>47.4</ele><time>2026-09-23T21:54:58.000Z</time><extensions><gpxtpx:TrackPointExtension><gpxtpx:hr>152</gpxtpx:hr></gpxtpx:TrackPointExtension></extensions></trkpt>
      <trkpt lat="40.659083" lon="-73.973892"><ele>47.4</ele><time>2026-09-23T21:54:59.000Z</time><extensions><gpxtpx:TrackPointExtension><gpxtpx:hr>152</gpxtpx:hr></gpxtpx:TrackPointExtension></extensions></trkpt>
      <trkpt lat="40.659069" lon="-73.973858"><ele>47.2</ele><time>2026-09-23T21:55:00.000Z</time><extensions><gpxtpx:TrackPointExtension><gpxtpx:hr>151</gpxtpx:hr></gpxtpx:TrackPointExtension></extensions></trkpt>
      <trkpt lat="40.659049" lon="-73.97382"><ele>47.2</ele><time>2026-09-23T21:55:01.000Z</time><extensions><gpxtpx:TrackPointExtension><gpxtpx:hr>151</gpxtpx:hr></gpxtpx:TrackPointExtension></extensions></trkpt>
      <trkpt lat="40.659029" lon="-73.973789"><ele>47</ele><time>2026-09-23T21:55:02.000Z</time><extensions><gpxtpx:TrackPointExtension><gpxtpx:hr>150</gpxtpx:hr></gpxtpx:TrackPointExtension></extensions></trkpt>
      <trkpt lat="40.659006" lon="-73.973756"><ele>47</ele><time>2026-09-23T21:55:03.000Z</time><extensions><gpxtpx:TrackPointExtension><gpxtpx:hr>150</gpxtpx:hr></gpxtpx:TrackPointExtension></extensions></trkpt>
      <trkpt lat="40.65899" lon="-73.973729"><ele>46.8</ele><time>2026-09-23T21:55:04.000Z</time><extensions><gpxtpx:TrackPointExtension><gpxtpx:hr>150</gpxtpx:hr></gpxtpx:TrackPointExtension></extensions></trkpt>
      <trkpt lat="40.658966" lon="-73.973697"><ele>46.6</ele><time>2026-09-23T21:55:05.000Z</time><extensions><gpxtpx:TrackPointExtension><gpxtpx:hr>150</gpxtpx:hr></gpxtpx:TrackPointExtension></extensions></trkpt>
      <trkpt lat="40.658945" lon="-73.973669"><ele>46.6</ele><time>2026-09-23T21:55:06.000Z</time><extensions><gpxtpx:TrackPointExtension><gpxtpx:hr>150</gpxtpx:hr></gpxtpx:TrackPointExtension></extensions></trkpt>
      <trkpt lat="40.65892" lon="-73.973638"><ele>46.4</ele><time>2026-09-23T21:55:07.000Z</time><extensions><gpxtpx:TrackPointExtension><gpxtpx:hr>150</gpxtpx:hr></gpxtpx:TrackPointExtension></extensions></trkpt>
      <trkpt lat="40.6589" lon="-73.973613"><ele>46.2</ele><time>2026-09-23T21:55:08.000Z</time><extensions><gpxtpx:TrackPointExtension><gpxtpx:hr>150</gpxtpx:hr></gpxtpx:TrackPointExtension></extensions></trkpt>
      <trkpt lat="40.658878" lon="-73.973585"><ele>46.2</ele><time>2026-09-23T21:55:09.000Z</time><extensions><gpxtpx:TrackPointExtension><gpxtpx:hr>150</gpxtpx:hr></gpxtpx:TrackPointExtension></extensions></trkpt>
      <trkpt lat="40.658857" lon="-73.973563"><ele>46</ele><time>2026-09-23T21:55:10.000Z</time><extensions><gpxtpx:TrackPointExtension><gpxtpx:hr>149</gpxtpx:hr></gpxtpx:TrackPointExtension></extensions></trkpt>
      <trkpt lat="40.658836" lon="-73.97354"><ele>46</ele><time>2026-09-23T21:55:11.000Z</time><extensions><gpxtpx:TrackPointExtension><gpxtpx:hr>149</gpxtpx:hr></gpxtpx:TrackPointExtension></extensions></trkpt>
      <trkpt lat="40.658814" lon="-73.973513"><ele>46</ele><time>2026-09-23T21:55:12.000Z</time><extensions><gpxtpx:TrackPointExtension><gpxtpx:hr>149</gpxtpx:hr></gpxtpx:TrackPointExtension></extensions></trkpt>
      <trkpt lat="40.658793" lon="-73.973487"><ele>45.8</ele><time>2026-09-23T21:55:13.000Z</time><extensions><gpxtpx:TrackPointExtension><gpxtpx:hr>149</gpxtpx:hr></gpxtpx:TrackPointExtension></extensions></trkpt>
      <trkpt lat="40.658766" lon="-73.973456"><ele>45.8</ele><time>2026-09-23T21:55:14.000Z</time><extensions><gpxtpx:TrackPointExtension><gpxtpx:hr>149</gpxtpx:hr></gpxtpx:TrackPointExtension></extensions></trkpt>
      <trkpt lat="40.658747" lon="-73.973435"><ele>45.8</ele><time>2026-09-23T21:55:15.000Z</time><extensions><gpxtpx:TrackPointExtension><gpxtpx:hr>149</gpxtpx:hr></gpxtpx:TrackPointExtension></extensions></trkpt>
      <trkpt lat="40.65872" lon="-73.973408"><ele>45.6</ele><time>2026-09-23T21:55:16.000Z</time><extensions><gpxtpx:TrackPointExtension><gpxtpx:hr>149</gpxtpx:hr></gpxtpx:TrackPointExtension></extensions></trkpt>
      <trkpt lat="40.658702" lon="-73.973382"><ele>45.4</ele><time>2026-09-23T21:55:17.000Z</time><extensions><gpxtpx:TrackPointExtension><gpxtpx:hr>148</gpxtpx:hr></gpxtpx:TrackPointExtension></extensions></trkpt>
      <trkpt lat="40.658676" lon="-73.973358"><ele>45.4</ele><time>2026-09-23T21:55:18.000Z</time><extensions><gpxtpx:TrackPointExtension><gpxtpx:hr>148</gpxtpx:hr></gpxtpx:TrackPointExtension></extensions></trkpt>
      <trkpt lat="40.658654" lon="-73.973338"><ele>45.2</ele><time>2026-09-23T21:55:19.000Z</time><extensions><gpxtpx:TrackPointExtension><gpxtpx:hr>148</gpxtpx:hr></gpxtpx:TrackPointExtension></extensions></trkpt>
      <trkpt lat="40.658633" lon="-73.973312"><ele>45</ele><time>2026-09-23T21:55:20.000Z</time><extensions><gpxtpx:TrackPointExtension><gpxtpx:hr>147</gpxtpx:hr></gpxtpx:TrackPointExtension></extensions></trkpt>
      <trkpt lat="40.658611" lon="-73.973291"><ele>45</ele><time>2026-09-23T21:55:21.000Z</time><extensions><gpxtpx:TrackPointExtension><gpxtpx:hr>147</gpxtpx:hr></gpxtpx:TrackPointExtension></extensions></trkpt>
      <trkpt lat="40.658586" lon="-73.973269"><ele>45</ele><time>2026-09-23T21:55:22.000Z</time><extensions><gpxtpx:TrackPointExtension><gpxtpx:hr>147</gpxtpx:hr></gpxtpx:TrackPointExtension></extensions></trkpt>
      <trkpt lat="40.658568" lon="-73.973252"><ele>44.8</ele><time>2026-09-23T21:55:23.000Z</time><extensions><gpxtpx:TrackPointExtension><gpxtpx:hr>147</gpxtpx:hr></gpxtpx:TrackPointExtension></extensions></trkpt>
      <trkpt lat="40.65854" lon="-73.973233"><ele>44.8</ele><time>2026-09-23T21:55:24.000Z</time><extensions><gpxtpx:TrackPointExtension><gpxtpx:hr>147</gpxtpx:hr></gpxtpx:TrackPointExtension></extensions></trkpt>
      <trkpt lat="40.658519" lon="-73.973216"><ele>44.6</ele><time>2026-09-23T21:55:25.000Z</time><extensions><gpxtpx:TrackPointExtension><gpxtpx:hr>147</gpxtpx:hr></gpxtpx:TrackPointExtension></extensions></trkpt>
      <trkpt lat="40.658494" lon="-73.973198"><ele>44.4</ele><time>2026-09-23T21:55:26.000Z</time><extensions><gpxtpx:TrackPointExtension><gpxtpx:hr>147</gpxtpx:hr></gpxtpx:TrackPointExtension></extensions></trkpt>
      <trkpt lat="40.658467" lon="-73.973178"><ele>44.4</ele><time>2026-09-23T21:55:27.000Z</time><extensions><gpxtpx:TrackPointExtension><gpxtpx:hr>147</gpxtpx:hr></gpxtpx:TrackPointExtension></extensions></trkpt>
      <trkpt lat="40.658436" lon="-73.973157"><ele>44.2</ele><time>2026-09-23T21:55:28.000Z</time><extensions><gpxtpx:TrackPointExtension><gpxtpx:hr>147</gpxtpx:hr></gpxtpx:TrackPointExtension></extensions></trkpt>
      <trkpt lat="40.658405" lon="-73.973138"><ele>44.2</ele><time>2026-09-23T21:55:29.000Z</time><extensions><gpxtpx:TrackPointExtension><gpxtpx:hr>147</gpxtpx:hr></gpxtpx:TrackPointExtension></extensions></trkpt>
      <trkpt lat="40.658377" lon="-73.973119"><ele>44.2</ele><time>2026-09-23T21:55:30.000Z</time><extensions><gpxtpx:TrackPointExtension><gpxtpx:hr>146</gpxtpx:hr></gpxtpx:TrackPointExtension></extensions></trkpt>
      <trkpt lat="40.658346" lon="-73.973099"><ele>44.2</ele><time>2026-09-23T21:55:31.000Z</time><extensions><gpxtpx:TrackPointExtension><gpxtpx:hr>146</gpxtpx:hr></gpxtpx:TrackPointExtension></extensions></trkpt>
      <trkpt lat="40.658318" lon="-73.973082"><ele>44.2</ele><time>2026-09-23T21:55:32.000Z</time><extensions><gpxtpx:TrackPointExtension><gpxtpx:hr>145</gpxtpx:hr></gpxtpx:TrackPointExtension></extensions></trkpt>
      <trkpt lat="40.658289" lon="-73.973068"><ele>44.2</ele><time>2026-09-23T21:55:33.000Z</time><extensions><gpxtpx:TrackPointExtension><gpxtpx:hr>145</gpxtpx:hr></gpxtpx:TrackPointExtension></extensions></trkpt>
      <trkpt lat="40.658265" lon="-73.97306"><ele>44</ele><time>2026-09-23T21:55:34.000Z</time><extensions><gpxtpx:TrackPointExtension><gpxtpx:hr>144</gpxtpx:hr></gpxtpx:TrackPointExtension></extensions></trkpt>
      <trkpt lat="40.658234" lon="-73.97305"><ele>44</ele><time>2026-09-23T21:55:35.000Z</time><extensions><gpxtpx:TrackPointExtension><gpxtpx:hr>144</gpxtpx:hr></gpxtpx:TrackPointExtension></extensions></trkpt>
      <trkpt lat="40.65821" lon="-73.973037"><ele>43.8</ele><time>2026-09-23T21:55:36.000Z</time><extensions><gpxtpx:TrackPointExtension><gpxtpx:hr>144</gpxtpx:hr></gpxtpx:TrackPointExtension></extensions></trkpt>
      <trkpt lat="40.658181" lon="-73.973026"><ele>43.8</ele><time>2026-09-23T21:55:37.000Z</time><extensions><gpxtpx:TrackPointExtension><gpxtpx:hr>144</gpxtpx:hr></gpxtpx:TrackPointExtension></extensions></trkpt>
      <trkpt lat="40.658157" lon="-73.973022"><ele>43.8</ele><time>2026-09-23T21:55:38.000Z</time><extensions><gpxtpx:TrackPointExtension><gpxtpx:hr>143</gpxtpx:hr></gpxtpx:TrackPointExtension></extensions></trkpt>
      <trkpt lat="40.658122" lon="-73.973019"><ele>43.6</ele><time>2026-09-23T21:55:39.000Z</time><extensions><gpxtpx:TrackPointExtension><gpxtpx:hr>143</gpxtpx:hr></gpxtpx:TrackPointExtension></extensions></trkpt>
      <trkpt lat="40.6581" lon="-73.973012"><ele>43.4</ele><time>2026-09-23T21:55:40.000Z</time><extensions><gpxtpx:TrackPointExtension><gpxtpx:hr>142</gpxtpx:hr></gpxtpx:TrackPointExtension></extensions></trkpt>
      <trkpt lat="40.658067" lon="-73.973011"><ele>43.4</ele><time>2026-09-23T21:55:41.000Z</time><extensions><gpxtpx:TrackPointExtension><gpxtpx:hr>142</gpxtpx:hr></gpxtpx:TrackPointExtension></extensions></trkpt>
      <trkpt lat="40.658044" lon="-73.973004"><ele>43.2</ele><time>2026-09-23T21:55:42.000Z</time><extensions><gpxtpx:TrackPointExtension><gpxtpx:hr>142</gpxtpx:hr></gpxtpx:TrackPointExtension></extensions></trkpt>
      <trkpt lat="40.658012" lon="-73.973006"><ele>43.2</ele><time>2026-09-23T21:55:43.000Z</time><extensions><gpxtpx:TrackPointExtension><gpxtpx:hr>142</gpxtpx:hr></gpxtpx:TrackPointExtension></extensions></trkpt>
      <trkpt lat="40.657987" lon="-73.973001"><ele>43</ele><time>2026-09-23T21:55:44.000Z</time><extensions><gpxtpx:TrackPointExtension><gpxtpx:hr>142</gpxtpx:hr></gpxtpx:TrackPointExtension></extensions></trkpt>
      <trkpt lat="40.657952" lon="-73.973004"><ele>43</ele><time>2026-09-23T21:55:45.000Z</time><extensions><gpxtpx:TrackPointExtension><gpxtpx:hr>142</gpxtpx:hr></gpxtpx:TrackPointExtension></extensions></trkpt>
      <trkpt lat="40.657927" lon="-73.973"><ele>42.8</ele><time>2026-09-23T21:55:46.000Z</time><extensions><gpxtpx:TrackPointExtension><gpxtpx:hr>142</gpxtpx:hr></gpxtpx:TrackPointExtension></extensions></trkpt>
      <trkpt lat="40.657897" lon="-73.973004"><ele>42.6</ele><time>2026-09-23T21:55:47.000Z</time><extensions><gpxtpx:TrackPointExtension><gpxtpx:hr>141</gpxtpx:hr></gpxtpx:TrackPointExtension></extensions></trkpt>
      <trkpt lat="40.657871" lon="-73.973004"><ele>42.6</ele><time>2026-09-23T21:55:48.000Z</time><extensions><gpxtpx:TrackPointExtension><gpxtpx:hr>140</gpxtpx:hr></gpxtpx:TrackPointExtension></extensions></trkpt>
      <trkpt lat="40.657845" lon="-73.973008"><ele>42.4</ele><time>2026-09-23T21:55:49.000Z</time><extensions><gpxtpx:TrackPointExtension><gpxtpx:hr>140</gpxtpx:hr></gpxtpx:TrackPointExtension></extensions></trkpt>
      <trkpt lat="40.657814" lon="-73.973012"><ele>42</ele><time>2026-09-23T21:55:50.000Z</time><extensions><gpxtpx:TrackPointExtension><gpxtpx:hr>139</gpxtpx:hr></gpxtpx:TrackPointExtension></extensions></trkpt>
      <trkpt lat="40.657784" lon="-73.973018"><ele>41.8</ele><time>2026-09-23T21:55:51.000Z</time><extensions><gpxtpx:TrackPointExtension><gpxtpx:hr>139</gpxtpx:hr></gpxtpx:TrackPointExtension></extensions></trkpt>
      <trkpt lat="40.657758" lon="-73.973028"><ele>41.6</ele><time>2026-09-23T21:55:52.000Z</time><extensions><gpxtpx:TrackPointExtension><gpxtpx:hr>139</gpxtpx:hr></gpxtpx:TrackPointExtension></extensions></trkpt>
      <trkpt lat="40.65773" lon="-73.973026"><ele>41.6</ele><time>2026-09-23T21:55:53.000Z</time><extensions><gpxtpx:TrackPointExtension><gpxtpx:hr>138</gpxtpx:hr></gpxtpx:TrackPointExtension></extensions></trkpt>
      <trkpt lat="40.657702" lon="-73.973029"><ele>41.6</ele><time>2026-09-23T21:55:54.000Z</time><extensions><gpxtpx:TrackPointExtension><gpxtpx:hr>138</gpxtpx:hr></gpxtpx:TrackPointExtension></extensions></trkpt>
      <trkpt lat="40.657671" lon="-73.973036"><ele>41.6</ele><time>2026-09-23T21:55:55.000Z</time><extensions><gpxtpx:TrackPointExtension><gpxtpx:hr>138</gpxtpx:hr></gpxtpx:TrackPointExtension></extensions></trkpt>
      <trkpt lat="40.657642" lon="-73.973037"><ele>41.8</ele><time>2026-09-23T21:55:56.000Z</time><extensions><gpxtpx:TrackPointExtension><gpxtpx:hr>137</gpxtpx:hr></gpxtpx:TrackPointExtension></extensions></trkpt>
      <trkpt lat="40.657611" lon="-73.973038"><ele>41.6</ele><time>2026-09-23T21:55:57.000Z</time><extensions><gpxtpx:TrackPointExtension><gpxtpx:hr>137</gpxtpx:hr></gpxtpx:TrackPointExtension></extensions></trkpt>
      <trkpt lat="40.65758" lon="-73.97304"><ele>41.6</ele><time>2026-09-23T21:55:58.000Z</time><extensions><gpxtpx:TrackPointExtension><gpxtpx:hr>136</gpxtpx:hr></gpxtpx:TrackPointExtension></extensions></trkpt>
      <trkpt lat="40.657552" lon="-73.973043"><ele>41.4</ele><time>2026-09-23T21:55:59.000Z</time><extensions><gpxtpx:TrackPointExtension><gpxtpx:hr>136</gpxtpx:hr></gpxtpx:TrackPointExtension></extensions></trkpt>
      <trkpt lat="40.657524" lon="-73.973042"><ele>41.4</ele><time>2026-09-23T21:56:00.000Z</time><extensions><gpxtpx:TrackPointExtension><gpxtpx:hr>135</gpxtpx:hr></gpxtpx:TrackPointExtension></extensions></trkpt>
      <trkpt lat="40.657496" lon="-73.973044"><ele>41.2</ele><time>2026-09-23T21:56:01.000Z</time><extensions><gpxtpx:TrackPointExtension><gpxtpx:hr>135</gpxtpx:hr></gpxtpx:TrackPointExtension></extensions></trkpt>
      <trkpt lat="40.657461" lon="-73.973049"><ele>41</ele><time>2026-09-23T21:56:02.000Z</time><extensions><gpxtpx:TrackPointExtension><gpxtpx:hr>135</gpxtpx:hr></gpxtpx:TrackPointExtension></extensions></trkpt>
      <trkpt lat="40.657431" lon="-73.973054"><ele>40.8</ele><time>2026-09-23T21:56:03.000Z</time><extensions><gpxtpx:TrackPointExtension><gpxtpx:hr>133</gpxtpx:hr></gpxtpx:TrackPointExtension></extensions></trkpt>
      <trkpt lat="40.657404" lon="-73.97306"><ele>40.8</ele><time>2026-09-23T21:56:04.000Z</time><extensions><gpxtpx:TrackPointExtension><gpxtpx:hr>133</gpxtpx:hr></gpxtpx:TrackPointExtension></extensions></trkpt>
      <trkpt lat="40.657372" lon="-73.973068"><ele>40.8</ele><time>2026-09-23T21:56:05.000Z</time><extensions><gpxtpx:TrackPointExtension><gpxtpx:hr>132</gpxtpx:hr></gpxtpx:TrackPointExtension></extensions></trkpt>
      <trkpt lat="40.657343" lon="-73.97307"><ele>40.6</ele><time>2026-09-23T21:56:06.000Z</time><extensions><gpxtpx:TrackPointExtension><gpxtpx:hr>132</gpxtpx:hr></gpxtpx:TrackPointExtension></extensions></trkpt>
      <trkpt lat="40.657311" lon="-73.973074"><ele>40.6</ele><time>2026-09-23T21:56:07.000Z</time><extensions><gpxtpx:TrackPointExtension><gpxtpx:hr>132</gpxtpx:hr></gpxtpx:TrackPointExtension></extensions></trkpt>
      <trkpt lat="40.657284" lon="-73.973071"><ele>40.4</ele><time>2026-09-23T21:56:08.000Z</time><extensions><gpxtpx:TrackPointExtension><gpxtpx:hr>133</gpxtpx:hr></gpxtpx:TrackPointExtension></extensions></trkpt>
      <trkpt lat="40.657257" lon="-73.973072"><ele>40.4</ele><time>2026-09-23T21:56:09.000Z</time><extensions><gpxtpx:TrackPointExtension><gpxtpx:hr>133</gpxtpx:hr></gpxtpx:TrackPointExtension></extensions></trkpt>
      <trkpt lat="40.657231" lon="-73.973072"><ele>40.2</ele><time>2026-09-23T21:56:10.000Z</time><extensions><gpxtpx:TrackPointExtension><gpxtpx:hr>133</gpxtpx:hr></gpxtpx:TrackPointExtension></extensions></trkpt>
      <trkpt lat="40.657202" lon="-73.973074"><ele>40.2</ele><time>2026-09-23T21:56:11.000Z</time><extensions><gpxtpx:TrackPointExtension><gpxtpx:hr>134</gpxtpx:hr></gpxtpx:TrackPointExtension></extensions></trkpt>
      <trkpt lat="40.657173" lon="-73.973074"><ele>40</ele><time>2026-09-23T21:56:12.000Z</time><extensions><gpxtpx:TrackPointExtension><gpxtpx:hr>135</gpxtpx:hr></gpxtpx:TrackPointExtension></extensions></trkpt>
      <trkpt lat="40.657144" lon="-73.973082"><ele>39.8</ele><time>2026-09-23T21:56:13.000Z</time><extensions><gpxtpx:TrackPointExtension><gpxtpx:hr>135</gpxtpx:hr></gpxtpx:TrackPointExtension></extensions></trkpt>
      <trkpt lat="40.657116" lon="-73.973087"><ele>39.8</ele><time>2026-09-23T21:56:14.000Z</time><extensions><gpxtpx:TrackPointExtension><gpxtpx:hr>136</gpxtpx:hr></gpxtpx:TrackPointExtension></extensions></trkpt>
      <trkpt lat="40.657092" lon="-73.973094"><ele>39.6</ele><time>2026-09-23T21:56:15.000Z</time><extensions><gpxtpx:TrackPointExtension><gpxtpx:hr>136</gpxtpx:hr></gpxtpx:TrackPointExtension></extensions></trkpt>
      <trkpt lat="40.657064" lon="-73.973099"><ele>39.6</ele><time>2026-09-23T21:56:16.000Z</time><extensions><gpxtpx:TrackPointExtension><gpxtpx:hr>136</gpxtpx:hr></gpxtpx:TrackPointExtension></extensions></trkpt>
      <trkpt lat="40.657039" lon="-73.973104"><ele>39.4</ele><time>2026-09-23T21:56:17.000Z</time><extensions><gpxtpx:TrackPointExtension><gpxtpx:hr>136</gpxtpx:hr></gpxtpx:TrackPointExtension></extensions></trkpt>
      <trkpt lat="40.657013" lon="-73.97311"><ele>39.4</ele><time>2026-09-23T21:56:18.000Z</time><extensions><gpxtpx:TrackPointExtension><gpxtpx:hr>135</gpxtpx:hr></gpxtpx:TrackPointExtension></extensions></trkpt>
      <trkpt lat="40.656989" lon="-73.97311"><ele>39</ele><time>2026-09-23T21:56:19.000Z</time><extensions><gpxtpx:TrackPointExtension><gpxtpx:hr>135</gpxtpx:hr></gpxtpx:TrackPointExtension></extensions></trkpt>
      <trkpt lat="40.65696" lon="-73.973118"><ele>38.8</ele><time>2026-09-23T21:56:20.000Z</time><extensions><gpxtpx:TrackPointExtension><gpxtpx:hr>135</gpxtpx:hr></gpxtpx:TrackPointExtension></extensions></trkpt>
      <trkpt lat="40.656938" lon="-73.973117"><ele>38.6</ele><time>2026-09-23T21:56:21.000Z</time><extensions><gpxtpx:TrackPointExtension><gpxtpx:hr>135</gpxtpx:hr></gpxtpx:TrackPointExtension></extensions></trkpt>
      <trkpt lat="40.656908" lon="-73.973114"><ele>38.4</ele><time>2026-09-23T21:56:22.000Z</time><extensions><gpxtpx:TrackPointExtension><gpxtpx:hr>135</gpxtpx:hr></gpxtpx:TrackPointExtension></extensions></trkpt>
      <trkpt lat="40.656881" lon="-73.973114"><ele>38.2</ele><time>2026-09-23T21:56:23.000Z</time><extensions><gpxtpx:TrackPointExtension><gpxtpx:hr>135</gpxtpx:hr></gpxtpx:TrackPointExtension></extensions></trkpt>
      <trkpt lat="40.65685" lon="-73.973117"><ele>38.2</ele><time>2026-09-23T21:56:24.000Z</time><extensions><gpxtpx:TrackPointExtension><gpxtpx:hr>135</gpxtpx:hr></gpxtpx:TrackPointExtension></extensions></trkpt>
      <trkpt lat="40.656823" lon="-73.973117"><ele>38</ele><time>2026-09-23T21:56:25.000Z</time><extensions><gpxtpx:TrackPointExtension><gpxtpx:hr>135</gpxtpx:hr></gpxtpx:TrackPointExtension></extensions></trkpt>
      <trkpt lat="40.656794" lon="-73.973118"><ele>37.8</ele><time>2026-09-23T21:56:26.000Z</time><extensions><gpxtpx:TrackPointExtension><gpxtpx:hr>135</gpxtpx:hr></gpxtpx:TrackPointExtension></extensions></trkpt>
      <trkpt lat="40.656773" lon="-73.973124"><ele>37.6</ele><time>2026-09-23T21:56:27.000Z</time><extensions><gpxtpx:TrackPointExtension><gpxtpx:hr>135</gpxtpx:hr></gpxtpx:TrackPointExtension></extensions></trkpt>
      <trkpt lat="40.656747" lon="-73.973128"><ele>37.6</ele><time>2026-09-23T21:56:28.000Z</time><extensions><gpxtpx:TrackPointExtension><gpxtpx:hr>134</gpxtpx:hr></gpxtpx:TrackPointExtension></extensions></trkpt>
      <trkpt lat="40.656722" lon="-73.973129"><ele>37.4</ele><time>2026-09-23T21:56:29.000Z</time><extensions><gpxtpx:TrackPointExtension><gpxtpx:hr>133</gpxtpx:hr></gpxtpx:TrackPointExtension></extensions></trkpt>
      <trkpt lat="40.656697" lon="-73.973125"><ele>37.2</ele><time>2026-09-23T21:56:30.000Z</time><extensions><gpxtpx:TrackPointExtension><gpxtpx:hr>133</gpxtpx:hr></gpxtpx:TrackPointExtension></extensions></trkpt>
      <trkpt lat="40.656669" lon="-73.973122"><ele>37.2</ele><time>2026-09-23T21:56:31.000Z</time><extensions><gpxtpx:TrackPointExtension><gpxtpx:hr>132</gpxtpx:hr></gpxtpx:TrackPointExtension></extensions></trkpt>
      <trkpt lat="40.656643" lon="-73.973111"><ele>37</ele><time>2026-09-23T21:56:32.000Z</time><extensions><gpxtpx:TrackPointExtension><gpxtpx:hr>132</gpxtpx:hr></gpxtpx:TrackPointExtension></extensions></trkpt>
      <trkpt lat="40.656615" lon="-73.973103"><ele>36.8</ele><time>2026-09-23T21:56:33.000Z</time><extensions><gpxtpx:TrackPointExtension><gpxtpx:hr>132</gpxtpx:hr></gpxtpx:TrackPointExtension></extensions></trkpt>
      <trkpt lat="40.656588" lon="-73.973102"><ele>36.8</ele><time>2026-09-23T21:56:34.000Z</time><extensions><gpxtpx:TrackPointExtension><gpxtpx:hr>132</gpxtpx:hr></gpxtpx:TrackPointExtension></extensions></trkpt>
      <trkpt lat="40.656559" lon="-73.973095"><ele>36.6</ele><time>2026-09-23T21:56:35.000Z</time><extensions><gpxtpx:TrackPointExtension><gpxtpx:hr>132</gpxtpx:hr></gpxtpx:TrackPointExtension></extensions></trkpt>
      <trkpt lat="40.656535" lon="-73.973088"><ele>36.6</ele><time>2026-09-23T21:56:36.000Z</time><extensions><gpxtpx:TrackPointExtension><gpxtpx:hr>132</gpxtpx:hr></gpxtpx:TrackPointExtension></extensions></trkpt>
      <trkpt lat="40.656508" lon="-73.973084"><ele>36.4</ele><time>2026-09-23T21:56:37.000Z</time><extensions><gpxtpx:TrackPointExtension><gpxtpx:hr>132</gpxtpx:hr></gpxtpx:TrackPointExtension></extensions></trkpt>
      <trkpt lat="40.656485" lon="-73.973079"><ele>36.4</ele><time>2026-09-23T21:56:38.000Z</time><extensions><gpxtpx:TrackPointExtension><gpxtpx:hr>131</gpxtpx:hr></gpxtpx:TrackPointExtension></extensions></trkpt>
      <trkpt lat="40.656455" lon="-73.973072"><ele>36.2</ele><time>2026-09-23T21:56:39.000Z</time><extensions><gpxtpx:TrackPointExtension><gpxtpx:hr>131</gpxtpx:hr></gpxtpx:TrackPointExtension></extensions></trkpt>
      <trkpt lat="40.656432" lon="-73.973065"><ele>36</ele><time>2026-09-23T21:56:40.000Z</time><extensions><gpxtpx:TrackPointExtension><gpxtpx:hr>131</gpxtpx:hr></gpxtpx:TrackPointExtension></extensions></trkpt>
      <trkpt lat="40.656402" lon="-73.973057"><ele>36</ele><time>2026-09-23T21:56:41.000Z</time><extensions><gpxtpx:TrackPointExtension><gpxtpx:hr>130</gpxtpx:hr></gpxtpx:TrackPointExtension></extensions></trkpt>
      <trkpt lat="40.656377" lon="-73.973047"><ele>35.8</ele><time>2026-09-23T21:56:42.000Z</time><extensions><gpxtpx:TrackPointExtension><gpxtpx:hr>130</gpxtpx:hr></gpxtpx:TrackPointExtension></extensions></trkpt>
      <trkpt lat="40.656351" lon="-73.973036"><ele>35.8</ele><time>2026-09-23T21:56:43.000Z</time><extensions><gpxtpx:TrackPointExtension><gpxtpx:hr>129</gpxtpx:hr></gpxtpx:TrackPointExtension></extensions></trkpt>
      <trkpt lat="40.656325" lon="-73.973029"><ele>35.6</ele><time>2026-09-23T21:56:44.000Z</time><extensions><gpxtpx:TrackPointExtension><gpxtpx:hr>129</gpxtpx:hr></gpxtpx:TrackPointExtension></extensions></trkpt>
      <trkpt lat="40.656289" lon="-73.973018"><ele>35.6</ele><time>2026-09-23T21:56:45.000Z</time><extensions><gpxtpx:TrackPointExtension><gpxtpx:hr>129</gpxtpx:hr></gpxtpx:TrackPointExtension></extensions></trkpt>
      <trkpt lat="40.656264" lon="-73.973005"><ele>35.4</ele><time>2026-09-23T21:56:46.000Z</time><extensions><gpxtpx:TrackPointExtension><gpxtpx:hr>129</gpxtpx:hr></gpxtpx:TrackPointExtension></extensions></trkpt>
      <trkpt lat="40.656232" lon="-73.972993"><ele>35.2</ele><time>2026-09-23T21:56:47.000Z</time><extensions><gpxtpx:TrackPointExtension><gpxtpx:hr>129</gpxtpx:hr></gpxtpx:TrackPointExtension></extensions></trkpt>
      <trkpt lat="40.656208" lon="-73.972984"><ele>35</ele><time>2026-09-23T21:56:48.000Z</time><extensions><gpxtpx:TrackPointExtension><gpxtpx:hr>129</gpxtpx:hr></gpxtpx:TrackPointExtension></extensions></trkpt>
      <trkpt lat="40.656184" lon="-73.972973"><ele>35</ele><time>2026-09-23T21:56:49.000Z</time><extensions><gpxtpx:TrackPointExtension><gpxtpx:hr>128</gpxtpx:hr></gpxtpx:TrackPointExtension></extensions></trkpt>
      <trkpt lat="40.65616" lon="-73.972961"><ele>34.8</ele><time>2026-09-23T21:56:50.000Z</time><extensions><gpxtpx:TrackPointExtension><gpxtpx:hr>129</gpxtpx:hr></gpxtpx:TrackPointExtension></extensions></trkpt>
      <trkpt lat="40.65613" lon="-73.972943"><ele>34.6</ele><time>2026-09-23T21:56:51.000Z</time><extensions><gpxtpx:TrackPointExtension><gpxtpx:hr>129</gpxtpx:hr></gpxtpx:TrackPointExtension></extensions></trkpt>
      <trkpt lat="40.65611" lon="-73.972928"><ele>34.6</ele><time>2026-09-23T21:56:52.000Z</time><extensions><gpxtpx:TrackPointExtension><gpxtpx:hr>129</gpxtpx:hr></gpxtpx:TrackPointExtension></extensions></trkpt>
      <trkpt lat="40.65608" lon="-73.972906"><ele>34.2</ele><time>2026-09-23T21:56:53.000Z</time><extensions><gpxtpx:TrackPointExtension><gpxtpx:hr>129</gpxtpx:hr></gpxtpx:TrackPointExtension></extensions></trkpt>
      <trkpt lat="40.656059" lon="-73.972895"><ele>33.8</ele><time>2026-09-23T21:56:54.000Z</time><extensions><gpxtpx:TrackPointExtension><gpxtpx:hr>129</gpxtpx:hr></gpxtpx:TrackPointExtension></extensions></trkpt>
      <trkpt lat="40.656028" lon="-73.972878"><ele>33.6</ele><time>2026-09-23T21:56:55.000Z</time><extensions><gpxtpx:TrackPointExtension><gpxtpx:hr>129</gpxtpx:hr></gpxtpx:TrackPointExtension></extensions></trkpt>
      <trkpt lat="40.656008" lon="-73.972864"><ele>33.4</ele><time>2026-09-23T21:56:56.000Z</time><extensions><gpxtpx:TrackPointExtension><gpxtpx:hr>129</gpxtpx:hr></gpxtpx:TrackPointExtension></extensions></trkpt>
      <trkpt lat="40.655977" lon="-73.972846"><ele>33.2</ele><time>2026-09-23T21:56:57.000Z</time><extensions><gpxtpx:TrackPointExtension><gpxtpx:hr>128</gpxtpx:hr></gpxtpx:TrackPointExtension></extensions></trkpt>
      <trkpt lat="40.655956" lon="-73.972829"><ele>33.2</ele><time>2026-09-23T21:56:58.000Z</time><extensions><gpxtpx:TrackPointExtension><gpxtpx:hr>128</gpxtpx:hr></gpxtpx:TrackPointExtension></extensions></trkpt>
      <trkpt lat="40.655926" lon="-73.97281"><ele>33.2</ele><time>2026-09-23T21:56:59.000Z</time><extensions><gpxtpx:TrackPointExtension><gpxtpx:hr>129</gpxtpx:hr></gpxtpx:TrackPointExtension></extensions></trkpt>
      <trkpt lat="40.655907" lon="-73.972789"><ele>33.2</ele><time>2026-09-23T21:57:00.000Z</time><extensions><gpxtpx:TrackPointExtension><gpxtpx:hr>129</gpxtpx:hr></gpxtpx:TrackPointExtension></extensions></trkpt>
      <trkpt lat="40.655881" lon="-73.972767"><ele>33.2</ele><time>2026-09-23T21:57:01.000Z</time><extensions><gpxtpx:TrackPointExtension><gpxtpx:hr>129</gpxtpx:hr></gpxtpx:TrackPointExtension></extensions></trkpt>
      <trkpt lat="40.655864" lon="-73.972744"><ele>33.2</ele><time>2026-09-23T21:57:02.000Z</time><extensions><gpxtpx:TrackPointExtension><gpxtpx:hr>129</gpxtpx:hr></gpxtpx:TrackPointExtension></extensions></trkpt>
      <trkpt lat="40.655841" lon="-73.97272"><ele>33.2</ele><time>2026-09-23T21:57:03.000Z</time><extensions><gpxtpx:TrackPointExtension><gpxtpx:hr>128</gpxtpx:hr></gpxtpx:TrackPointExtension></extensions></trkpt>
      <trkpt lat="40.655821" lon="-73.972695"><ele>33.2</ele><time>2026-09-23T21:57:04.000Z</time><extensions><gpxtpx:TrackPointExtension><gpxtpx:hr>128</gpxtpx:hr></gpxtpx:TrackPointExtension></extensions></trkpt>
      <trkpt lat="40.655796" lon="-73.972676"><ele>33.2</ele><time>2026-09-23T21:57:05.000Z</time><extensions><gpxtpx:TrackPointExtension><gpxtpx:hr>128</gpxtpx:hr></gpxtpx:TrackPointExtension></extensions></trkpt>
      <trkpt lat="40.655764" lon="-73.972655"><ele>33.2</ele><time>2026-09-23T21:57:06.000Z</time><extensions><gpxtpx:TrackPointExtension><gpxtpx:hr>128</gpxtpx:hr></gpxtpx:TrackPointExtension></extensions></trkpt>
      <trkpt lat="40.655738" lon="-73.972632"><ele>33</ele><time>2026-09-23T21:57:07.000Z</time><extensions><gpxtpx:TrackPointExtension><gpxtpx:hr>128</gpxtpx:hr></gpxtpx:TrackPointExtension></extensions></trkpt>
      <trkpt lat="40.655708" lon="-73.972599"><ele>32.8</ele><time>2026-09-23T21:57:08.000Z</time><extensions><gpxtpx:TrackPointExtension><gpxtpx:hr>129</gpxtpx:hr></gpxtpx:TrackPointExtension></extensions></trkpt>
      <trkpt lat="40.655692" lon="-73.972573"><ele>32.6</ele><time>2026-09-23T21:57:09.000Z</time><extensions><gpxtpx:TrackPointExtension><gpxtpx:hr>130</gpxtpx:hr></gpxtpx:TrackPointExtension></extensions></trkpt>
      <trkpt lat="40.655666" lon="-73.972539"><ele>32.2</ele><time>2026-09-23T21:57:10.000Z</time><extensions><gpxtpx:TrackPointExtension><gpxtpx:hr>130</gpxtpx:hr></gpxtpx:TrackPointExtension></extensions></trkpt>
      <trkpt lat="40.65565" lon="-73.972511"><ele>32</ele><time>2026-09-23T21:57:11.000Z</time><extensions><gpxtpx:TrackPointExtension><gpxtpx:hr>130</gpxtpx:hr></gpxtpx:TrackPointExtension></extensions></trkpt>
      <trkpt lat="40.655628" lon="-73.972478"><ele>31.8</ele><time>2026-09-23T21:57:12.000Z</time><extensions><gpxtpx:TrackPointExtension><gpxtpx:hr>130</gpxtpx:hr></gpxtpx:TrackPointExtension></extensions></trkpt>
      <trkpt lat="40.655614" lon="-73.972454"><ele>31.6</ele><time>2026-09-23T21:57:13.000Z</time><extensions><gpxtpx:TrackPointExtension><gpxtpx:hr>130</gpxtpx:hr></gpxtpx:TrackPointExtension></extensions></trkpt>
      <trkpt lat="40.655592" lon="-73.972431"><ele>31.4</ele><time>2026-09-23T21:57:14.000Z</time><extensions><gpxtpx:TrackPointExtension><gpxtpx:hr>130</gpxtpx:hr></gpxtpx:TrackPointExtension></extensions></trkpt>
      <trkpt lat="40.655572" lon="-73.972407"><ele>31.4</ele><time>2026-09-23T21:57:15.000Z</time><extensions><gpxtpx:TrackPointExtension><gpxtpx:hr>130</gpxtpx:hr></gpxtpx:TrackPointExtension></extensions></trkpt>
      <trkpt lat="40.655549" lon="-73.97239"><ele>31.2</ele><time>2026-09-23T21:57:16.000Z</time><extensions><gpxtpx:TrackPointExtension><gpxtpx:hr>130</gpxtpx:hr></gpxtpx:TrackPointExtension></extensions></trkpt>
      <trkpt lat="40.655524" lon="-73.972367"><ele>31</ele><time>2026-09-23T21:57:17.000Z</time><extensions><gpxtpx:TrackPointExtension><gpxtpx:hr>130</gpxtpx:hr></gpxtpx:TrackPointExtension></extensions></trkpt>
      <trkpt lat="40.655508" lon="-73.972342"><ele>30.8</ele><time>2026-09-23T21:57:18.000Z</time><extensions><gpxtpx:TrackPointExtension><gpxtpx:hr>130</gpxtpx:hr></gpxtpx:TrackPointExtension></extensions></trkpt>
      <trkpt lat="40.655483" lon="-73.972309"><ele>30.6</ele><time>2026-09-23T21:57:19.000Z</time><extensions><gpxtpx:TrackPointExtension><gpxtpx:hr>130</gpxtpx:hr></gpxtpx:TrackPointExtension></extensions></trkpt>
      <trkpt lat="40.655466" lon="-73.972283"><ele>30.6</ele><time>2026-09-23T21:57:20.000Z</time><extensions><gpxtpx:TrackPointExtension><gpxtpx:hr>130</gpxtpx:hr></gpxtpx:TrackPointExtension></extensions></trkpt>
      <trkpt lat="40.655437" lon="-73.972259"><ele>30.4</ele><time>2026-09-23T21:57:21.000Z</time><extensions><gpxtpx:TrackPointExtension><gpxtpx:hr>130</gpxtpx:hr></gpxtpx:TrackPointExtension></extensions></trkpt>
      <trkpt lat="40.655419" lon="-73.972233"><ele>30.2</ele><time>2026-09-23T21:57:22.000Z</time><extensions><gpxtpx:TrackPointExtension><gpxtpx:hr>130</gpxtpx:hr></gpxtpx:TrackPointExtension></extensions></trkpt>
      <trkpt lat="40.655394" lon="-73.972207"><ele>30</ele><time>2026-09-23T21:57:23.000Z</time><extensions><gpxtpx:TrackPointExtension><gpxtpx:hr>130</gpxtpx:hr></gpxtpx:TrackPointExtension></extensions></trkpt>
      <trkpt lat="40.655371" lon="-73.972181"><ele>29.8</ele><time>2026-09-23T21:57:24.000Z</time><extensions><gpxtpx:TrackPointExtension><gpxtpx:hr>130</gpxtpx:hr></gpxtpx:TrackPointExtension></extensions></trkpt>
      <trkpt lat="40.655352" lon="-73.972158"><ele>29.6</ele><time>2026-09-23T21:57:25.000Z</time><extensions><gpxtpx:TrackPointExtension><gpxtpx:hr>129</gpxtpx:hr></gpxtpx:TrackPointExtension></extensions></trkpt>
      <trkpt lat="40.655325" lon="-73.972127"><ele>29.4</ele><time>2026-09-23T21:57:26.000Z</time><extensions><gpxtpx:TrackPointExtension><gpxtpx:hr>129</gpxtpx:hr></gpxtpx:TrackPointExtension></extensions></trkpt>
      <trkpt lat="40.655304" lon="-73.972107"><ele>29.2</ele><time>2026-09-23T21:57:27.000Z</time><extensions><gpxtpx:TrackPointExtension><gpxtpx:hr>129</gpxtpx:hr></gpxtpx:TrackPointExtension></extensions></trkpt>
      <trkpt lat="40.655275" lon="-73.972083"><ele>29.2</ele><time>2026-09-23T21:57:28.000Z</time><extensions><gpxtpx:TrackPointExtension><gpxtpx:hr>129</gpxtpx:hr></gpxtpx:TrackPointExtension></extensions></trkpt>
      <trkpt lat="40.655258" lon="-73.972059"><ele>29</ele><time>2026-09-23T21:57:29.000Z</time><extensions><gpxtpx:TrackPointExtension><gpxtpx:hr>129</gpxtpx:hr></gpxtpx:TrackPointExtension></extensions></trkpt>
      <trkpt lat="40.655227" lon="-73.97204"><ele>29</ele><time>2026-09-23T21:57:30.000Z</time><extensions><gpxtpx:TrackPointExtension><gpxtpx:hr>129</gpxtpx:hr></gpxtpx:TrackPointExtension></extensions></trkpt>
      <trkpt lat="40.655206" lon="-73.972022"><ele>28.8</ele><time>2026-09-23T21:57:31.000Z</time><extensions><gpxtpx:TrackPointExtension><gpxtpx:hr>129</gpxtpx:hr></gpxtpx:TrackPointExtension></extensions></trkpt>
      <trkpt lat="40.655177" lon="-73.972006"><ele>28.8</ele><time>2026-09-23T21:57:32.000Z</time><extensions><gpxtpx:TrackPointExtension><gpxtpx:hr>129</gpxtpx:hr></gpxtpx:TrackPointExtension></extensions></trkpt>
      <trkpt lat="40.655152" lon="-73.971991"><ele>28.6</ele><time>2026-09-23T21:57:33.000Z</time><extensions><gpxtpx:TrackPointExtension><gpxtpx:hr>129</gpxtpx:hr></gpxtpx:TrackPointExtension></extensions></trkpt>
      <trkpt lat="40.655127" lon="-73.971977"><ele>28.6</ele><time>2026-09-23T21:57:34.000Z</time><extensions><gpxtpx:TrackPointExtension><gpxtpx:hr>129</gpxtpx:hr></gpxtpx:TrackPointExtension></extensions></trkpt>
      <trkpt lat="40.655101" lon="-73.97196"><ele>28.6</ele><time>2026-09-23T21:57:35.000Z</time><extensions><gpxtpx:TrackPointExtension><gpxtpx:hr>129</gpxtpx:hr></gpxtpx:TrackPointExtension></extensions></trkpt>
      <trkpt lat="40.655081" lon="-73.971943"><ele>28.6</ele><time>2026-09-23T21:57:36.000Z</time><extensions><gpxtpx:TrackPointExtension><gpxtpx:hr>129</gpxtpx:hr></gpxtpx:TrackPointExtension></extensions></trkpt>
      <trkpt lat="40.655052" lon="-73.97192"><ele>28.6</ele><time>2026-09-23T21:57:37.000Z</time><extensions><gpxtpx:TrackPointExtension><gpxtpx:hr>129</gpxtpx:hr></gpxtpx:TrackPointExtension></extensions></trkpt>
      <trkpt lat="40.655031" lon="-73.971903"><ele>28.4</ele><time>2026-09-23T21:57:38.000Z</time><extensions><gpxtpx:TrackPointExtension><gpxtpx:hr>129</gpxtpx:hr></gpxtpx:TrackPointExtension></extensions></trkpt>
      <trkpt lat="40.654999" lon="-73.971886"><ele>28.4</ele><time>2026-09-23T21:57:39.000Z</time><extensions><gpxtpx:TrackPointExtension><gpxtpx:hr>129</gpxtpx:hr></gpxtpx:TrackPointExtension></extensions></trkpt>
      <trkpt lat="40.654978" lon="-73.971869"><ele>28.2</ele><time>2026-09-23T21:57:40.000Z</time><extensions><gpxtpx:TrackPointExtension><gpxtpx:hr>129</gpxtpx:hr></gpxtpx:TrackPointExtension></extensions></trkpt>
      <trkpt lat="40.654948" lon="-73.971857"><ele>28</ele><time>2026-09-23T21:57:41.000Z</time><extensions><gpxtpx:TrackPointExtension><gpxtpx:hr>129</gpxtpx:hr></gpxtpx:TrackPointExtension></extensions></trkpt>
      <trkpt lat="40.654925" lon="-73.971841"><ele>28</ele><time>2026-09-23T21:57:42.000Z</time><extensions><gpxtpx:TrackPointExtension><gpxtpx:hr>130</gpxtpx:hr></gpxtpx:TrackPointExtension></extensions></trkpt>
      <trkpt lat="40.654896" lon="-73.971829"><ele>28</ele><time>2026-09-23T21:57:43.000Z</time><extensions><gpxtpx:TrackPointExtension><gpxtpx:hr>130</gpxtpx:hr></gpxtpx:TrackPointExtension></extensions></trkpt>
      <trkpt lat="40.654869" lon="-73.971814"><ele>28</ele><time>2026-09-23T21:57:44.000Z</time><extensions><gpxtpx:TrackPointExtension><gpxtpx:hr>130</gpxtpx:hr></gpxtpx:TrackPointExtension></extensions></trkpt>
      <trkpt lat="40.654843" lon="-73.971798"><ele>28</ele><time>2026-09-23T21:57:45.000Z</time><extensions><gpxtpx:TrackPointExtension><gpxtpx:hr>131</gpxtpx:hr></gpxtpx:TrackPointExtension></extensions></trkpt>
      <trkpt lat="40.654816" lon="-73.971789"><ele>28.2</ele><time>2026-09-23T21:57:46.000Z</time><extensions><gpxtpx:TrackPointExtension><gpxtpx:hr>131</gpxtpx:hr></gpxtpx:TrackPointExtension></extensions></trkpt>
      <trkpt lat="40.654794" lon="-73.971776"><ele>28.2</ele><time>2026-09-23T21:57:47.000Z</time><extensions><gpxtpx:TrackPointExtension><gpxtpx:hr>131</gpxtpx:hr></gpxtpx:TrackPointExtension></extensions></trkpt>
      <trkpt lat="40.654761" lon="-73.971765"><ele>28.2</ele><time>2026-09-23T21:57:48.000Z</time><extensions><gpxtpx:TrackPointExtension><gpxtpx:hr>131</gpxtpx:hr></gpxtpx:TrackPointExtension></extensions></trkpt>
      <trkpt lat="40.654739" lon="-73.971762"><ele>28.4</ele><time>2026-09-23T21:57:49.000Z</time><extensions><gpxtpx:TrackPointExtension><gpxtpx:hr>131</gpxtpx:hr></gpxtpx:TrackPointExtension></extensions></trkpt>
      <trkpt lat="40.654707" lon="-73.971756"><ele>28.4</ele><time>2026-09-23T21:57:50.000Z</time><extensions><gpxtpx:TrackPointExtension><gpxtpx:hr>131</gpxtpx:hr></gpxtpx:TrackPointExtension></extensions></trkpt>
      <trkpt lat="40.654685" lon="-73.971745"><ele>28.4</ele><time>2026-09-23T21:57:51.000Z</time><extensions><gpxtpx:TrackPointExtension><gpxtpx:hr>131</gpxtpx:hr></gpxtpx:TrackPointExtension></extensions></trkpt>
      <trkpt lat="40.654655" lon="-73.971739"><ele>28.2</ele><time>2026-09-23T21:57:52.000Z</time><extensions><gpxtpx:TrackPointExtension><gpxtpx:hr>132</gpxtpx:hr></gpxtpx:TrackPointExtension></extensions></trkpt>
      <trkpt lat="40.654629" lon="-73.971731"><ele>28.2</ele><time>2026-09-23T21:57:53.000Z</time><extensions><gpxtpx:TrackPointExtension><gpxtpx:hr>132</gpxtpx:hr></gpxtpx:TrackPointExtension></extensions></trkpt>
      <trkpt lat="40.654596" lon="-73.971725"><ele>28.2</ele><time>2026-09-23T21:57:54.000Z</time><extensions><gpxtpx:TrackPointExtension><gpxtpx:hr>132</gpxtpx:hr></gpxtpx:TrackPointExtension></extensions></trkpt>
      <trkpt lat="40.654569" lon="-73.971719"><ele>28</ele><time>2026-09-23T21:57:55.000Z</time><extensions><gpxtpx:TrackPointExtension><gpxtpx:hr>133</gpxtpx:hr></gpxtpx:TrackPointExtension></extensions></trkpt>
      <trkpt lat="40.654545" lon="-73.971717"><ele>28</ele><time>2026-09-23T21:57:56.000Z</time><extensions><gpxtpx:TrackPointExtension><gpxtpx:hr>133</gpxtpx:hr></gpxtpx:TrackPointExtension></extensions></trkpt>
      <trkpt lat="40.654513" lon="-73.971716"><ele>28</ele><time>2026-09-23T21:57:57.000Z</time><extensions><gpxtpx:TrackPointExtension><gpxtpx:hr>133</gpxtpx:hr></gpxtpx:TrackPointExtension></extensions></trkpt>
      <trkpt lat="40.65449" lon="-73.971714"><ele>27.8</ele><time>2026-09-23T21:57:58.000Z</time><extensions><gpxtpx:TrackPointExtension><gpxtpx:hr>133</gpxtpx:hr></gpxtpx:TrackPointExtension></extensions></trkpt>
      <trkpt lat="40.654456" lon="-73.971722"><ele>27.8</ele><time>2026-09-23T21:57:59.000Z</time><extensions><gpxtpx:TrackPointExtension><gpxtpx:hr>133</gpxtpx:hr></gpxtpx:TrackPointExtension></extensions></trkpt>
      <trkpt lat="40.654434" lon="-73.971725"><ele>27.8</ele><time>2026-09-23T21:58:00.000Z</time><extensions><gpxtpx:TrackPointExtension><gpxtpx:hr>133</gpxtpx:hr></gpxtpx:TrackPointExtension></extensions></trkpt>
      <trkpt lat="40.654402" lon="-73.971731"><ele>27.8</ele><time>2026-09-23T21:58:01.000Z</time><extensions><gpxtpx:TrackPointExtension><gpxtpx:hr>132</gpxtpx:hr></gpxtpx:TrackPointExtension></extensions></trkpt>
      <trkpt lat="40.654374" lon="-73.971732"><ele>27.8</ele><time>2026-09-23T21:58:02.000Z</time><extensions><gpxtpx:TrackPointExtension><gpxtpx:hr>132</gpxtpx:hr></gpxtpx:TrackPointExtension></extensions></trkpt>
      <trkpt lat="40.654343" lon="-73.971737"><ele>27.8</ele><time>2026-09-23T21:58:03.000Z</time><extensions><gpxtpx:TrackPointExtension><gpxtpx:hr>132</gpxtpx:hr></gpxtpx:TrackPointExtension></extensions></trkpt>
      <trkpt lat="40.654314" lon="-73.971738"><ele>27.6</ele><time>2026-09-23T21:58:04.000Z</time><extensions><gpxtpx:TrackPointExtension><gpxtpx:hr>132</gpxtpx:hr></gpxtpx:TrackPointExtension></extensions></trkpt>
      <trkpt lat="40.654291" lon="-73.971742"><ele>27.6</ele><time>2026-09-23T21:58:05.000Z</time><extensions><gpxtpx:TrackPointExtension><gpxtpx:hr>132</gpxtpx:hr></gpxtpx:TrackPointExtension></extensions></trkpt>
      <trkpt lat="40.654261" lon="-73.971747"><ele>27.4</ele><time>2026-09-23T21:58:06.000Z</time><extensions><gpxtpx:TrackPointExtension><gpxtpx:hr>132</gpxtpx:hr></gpxtpx:TrackPointExtension></extensions></trkpt>
      <trkpt lat="40.654237" lon="-73.971749"><ele>27.4</ele><time>2026-09-23T21:58:07.000Z</time><extensions><gpxtpx:TrackPointExtension><gpxtpx:hr>132</gpxtpx:hr></gpxtpx:TrackPointExtension></extensions></trkpt>
      <trkpt lat="40.654205" lon="-73.971755"><ele>27.2</ele><time>2026-09-23T21:58:08.000Z</time><extensions><gpxtpx:TrackPointExtension><gpxtpx:hr>132</gpxtpx:hr></gpxtpx:TrackPointExtension></extensions></trkpt>
      <trkpt lat="40.654181" lon="-73.971761"><ele>27.2</ele><time>2026-09-23T21:58:09.000Z</time><extensions><gpxtpx:TrackPointExtension><gpxtpx:hr>132</gpxtpx:hr></gpxtpx:TrackPointExtension></extensions></trkpt>
      <trkpt lat="40.65415" lon="-73.971774"><ele>27.2</ele><time>2026-09-23T21:58:10.000Z</time><extensions><gpxtpx:TrackPointExtension><gpxtpx:hr>132</gpxtpx:hr></gpxtpx:TrackPointExtension></extensions></trkpt>
      <trkpt lat="40.654127" lon="-73.971778"><ele>27</ele><time>2026-09-23T21:58:11.000Z</time><extensions><gpxtpx:TrackPointExtension><gpxtpx:hr>132</gpxtpx:hr></gpxtpx:TrackPointExtension></extensions></trkpt>
      <trkpt lat="40.654094" lon="-73.971788"><ele>26.8</ele><time>2026-09-23T21:58:12.000Z</time><extensions><gpxtpx:TrackPointExtension><gpxtpx:hr>132</gpxtpx:hr></gpxtpx:TrackPointExtension></extensions></trkpt>
      <trkpt lat="40.654071" lon="-73.971792"><ele>26.8</ele><time>2026-09-23T21:58:13.000Z</time><extensions><gpxtpx:TrackPointExtension><gpxtpx:hr>132</gpxtpx:hr></gpxtpx:TrackPointExtension></extensions></trkpt>
      <trkpt lat="40.654042" lon="-73.971806"><ele>26.8</ele><time>2026-09-23T21:58:14.000Z</time><extensions><gpxtpx:TrackPointExtension><gpxtpx:hr>132</gpxtpx:hr></gpxtpx:TrackPointExtension></extensions></trkpt>
      <trkpt lat="40.654014" lon="-73.971811"><ele>26.6</ele><time>2026-09-23T21:58:15.000Z</time><extensions><gpxtpx:TrackPointExtension><gpxtpx:hr>132</gpxtpx:hr></gpxtpx:TrackPointExtension></extensions></trkpt>
      <trkpt lat="40.653991" lon="-73.971822"><ele>26.6</ele><time>2026-09-23T21:58:16.000Z</time><extensions><gpxtpx:TrackPointExtension><gpxtpx:hr>133</gpxtpx:hr></gpxtpx:TrackPointExtension></extensions></trkpt>
      <trkpt lat="40.653964" lon="-73.971832"><ele>26.6</ele><time>2026-09-23T21:58:17.000Z</time><extensions><gpxtpx:TrackPointExtension><gpxtpx:hr>133</gpxtpx:hr></gpxtpx:TrackPointExtension></extensions></trkpt>
      <trkpt lat="40.653941" lon="-73.971842"><ele>26.6</ele><time>2026-09-23T21:58:18.000Z</time><extensions><gpxtpx:TrackPointExtension><gpxtpx:hr>132</gpxtpx:hr></gpxtpx:TrackPointExtension></extensions></trkpt>
      <trkpt lat="40.653911" lon="-73.971855"><ele>26.6</ele><time>2026-09-23T21:58:19.000Z</time><extensions><gpxtpx:TrackPointExtension><gpxtpx:hr>133</gpxtpx:hr></gpxtpx:TrackPointExtension></extensions></trkpt>
      <trkpt lat="40.653887" lon="-73.971866"><ele>26.6</ele><time>2026-09-23T21:58:20.000Z</time><extensions><gpxtpx:TrackPointExtension><gpxtpx:hr>132</gpxtpx:hr></gpxtpx:TrackPointExtension></extensions></trkpt>
      <trkpt lat="40.653855" lon="-73.971883"><ele>26.6</ele><time>2026-09-23T21:58:21.000Z</time><extensions><gpxtpx:TrackPointExtension><gpxtpx:hr>132</gpxtpx:hr></gpxtpx:TrackPointExtension></extensions></trkpt>
      <trkpt lat="40.653829" lon="-73.971888"><ele>26.6</ele><time>2026-09-23T21:58:22.000Z</time><extensions><gpxtpx:TrackPointExtension><gpxtpx:hr>132</gpxtpx:hr></gpxtpx:TrackPointExtension></extensions></trkpt>
      <trkpt lat="40.653799" lon="-73.9719"><ele>26.6</ele><time>2026-09-23T21:58:23.000Z</time><extensions><gpxtpx:TrackPointExtension><gpxtpx:hr>132</gpxtpx:hr></gpxtpx:TrackPointExtension></extensions></trkpt>
      <trkpt lat="40.653771" lon="-73.971903"><ele>26.6</ele><time>2026-09-23T21:58:24.000Z</time><extensions><gpxtpx:TrackPointExtension><gpxtpx:hr>132</gpxtpx:hr></gpxtpx:TrackPointExtension></extensions></trkpt>
      <trkpt lat="40.653744" lon="-73.971911"><ele>26.6</ele><time>2026-09-23T21:58:25.000Z</time><extensions><gpxtpx:TrackPointExtension><gpxtpx:hr>132</gpxtpx:hr></gpxtpx:TrackPointExtension></extensions></trkpt>
      <trkpt lat="40.653717" lon="-73.971914"><ele>26.4</ele><time>2026-09-23T21:58:26.000Z</time><extensions><gpxtpx:TrackPointExtension><gpxtpx:hr>132</gpxtpx:hr></gpxtpx:TrackPointExtension></extensions></trkpt>
      <trkpt lat="40.653693" lon="-73.971923"><ele>26.4</ele><time>2026-09-23T21:58:27.000Z</time><extensions><gpxtpx:TrackPointExtension><gpxtpx:hr>132</gpxtpx:hr></gpxtpx:TrackPointExtension></extensions></trkpt>
      <trkpt lat="40.653664" lon="-73.971929"><ele>26.4</ele><time>2026-09-23T21:58:28.000Z</time><extensions><gpxtpx:TrackPointExtension><gpxtpx:hr>133</gpxtpx:hr></gpxtpx:TrackPointExtension></extensions></trkpt>
      <trkpt lat="40.653642" lon="-73.971936"><ele>26.4</ele><time>2026-09-23T21:58:29.000Z</time><extensions><gpxtpx:TrackPointExtension><gpxtpx:hr>132</gpxtpx:hr></gpxtpx:TrackPointExtension></extensions></trkpt>
      <trkpt lat="40.653612" lon="-73.971946"><ele>26.4</ele><time>2026-09-23T21:58:30.000Z</time><extensions><gpxtpx:TrackPointExtension><gpxtpx:hr>132</gpxtpx:hr></gpxtpx:TrackPointExtension></extensions></trkpt>
      <trkpt lat="40.653594" lon="-73.971952"><ele>26.4</ele><time>2026-09-23T21:58:31.000Z</time><extensions><gpxtpx:TrackPointExtension><gpxtpx:hr>132</gpxtpx:hr></gpxtpx:TrackPointExtension></extensions></trkpt>
      <trkpt lat="40.653563" lon="-73.971961"><ele>26.4</ele><time>2026-09-23T21:58:32.000Z</time><extensions><gpxtpx:TrackPointExtension><gpxtpx:hr>132</gpxtpx:hr></gpxtpx:TrackPointExtension></extensions></trkpt>
      <trkpt lat="40.653545" lon="-73.971959"><ele>26.4</ele><time>2026-09-23T21:58:33.000Z</time><extensions><gpxtpx:TrackPointExtension><gpxtpx:hr>132</gpxtpx:hr></gpxtpx:TrackPointExtension></extensions></trkpt>
      <trkpt lat="40.653515" lon="-73.971961"><ele>26.2</ele><time>2026-09-23T21:58:34.000Z</time><extensions><gpxtpx:TrackPointExtension><gpxtpx:hr>131</gpxtpx:hr></gpxtpx:TrackPointExtension></extensions></trkpt>
      <trkpt lat="40.653495" lon="-73.971961"><ele>26.2</ele><time>2026-09-23T21:58:35.000Z</time><extensions><gpxtpx:TrackPointExtension><gpxtpx:hr>131</gpxtpx:hr></gpxtpx:TrackPointExtension></extensions></trkpt>
      <trkpt lat="40.653469" lon="-73.971962"><ele>26.2</ele><time>2026-09-23T21:58:36.000Z</time><extensions><gpxtpx:TrackPointExtension><gpxtpx:hr>131</gpxtpx:hr></gpxtpx:TrackPointExtension></extensions></trkpt>
      <trkpt lat="40.653439" lon="-73.971966"><ele>26.2</ele><time>2026-09-23T21:58:37.000Z</time><extensions><gpxtpx:TrackPointExtension><gpxtpx:hr>131</gpxtpx:hr></gpxtpx:TrackPointExtension></extensions></trkpt>
      <trkpt lat="40.653412" lon="-73.97197"><ele>26.2</ele><time>2026-09-23T21:58:38.000Z</time><extensions><gpxtpx:TrackPointExtension><gpxtpx:hr>131</gpxtpx:hr></gpxtpx:TrackPointExtension></extensions></trkpt>
      <trkpt lat="40.65338" lon="-73.971972"><ele>26.2</ele><time>2026-09-23T21:58:39.000Z</time><extensions><gpxtpx:TrackPointExtension><gpxtpx:hr>131</gpxtpx:hr></gpxtpx:TrackPointExtension></extensions></trkpt>
      <trkpt lat="40.653354" lon="-73.971973"><ele>26.2</ele><time>2026-09-23T21:58:40.000Z</time><extensions><gpxtpx:TrackPointExtension><gpxtpx:hr>131</gpxtpx:hr></gpxtpx:TrackPointExtension></extensions></trkpt>
      <trkpt lat="40.653323" lon="-73.971974"><ele>26.2</ele><time>2026-09-23T21:58:41.000Z</time><extensions><gpxtpx:TrackPointExtension><gpxtpx:hr>131</gpxtpx:hr></gpxtpx:TrackPointExtension></extensions></trkpt>
      <trkpt lat="40.653297" lon="-73.971972"><ele>26.2</ele><time>2026-09-23T21:58:42.000Z</time><extensions><gpxtpx:TrackPointExtension><gpxtpx:hr>132</gpxtpx:hr></gpxtpx:TrackPointExtension></extensions></trkpt>
      <trkpt lat="40.653267" lon="-73.971973"><ele>26</ele><time>2026-09-23T21:58:43.000Z</time><extensions><gpxtpx:TrackPointExtension><gpxtpx:hr>132</gpxtpx:hr></gpxtpx:TrackPointExtension></extensions></trkpt>
      <trkpt lat="40.653246" lon="-73.971969"><ele>26</ele><time>2026-09-23T21:58:44.000Z</time><extensions><gpxtpx:TrackPointExtension><gpxtpx:hr>132</gpxtpx:hr></gpxtpx:TrackPointExtension></extensions></trkpt>
      <trkpt lat="40.653215" lon="-73.971974"><ele>25.8</ele><time>2026-09-23T21:58:45.000Z</time><extensions><gpxtpx:TrackPointExtension><gpxtpx:hr>132</gpxtpx:hr></gpxtpx:TrackPointExtension></extensions></trkpt>
      <trkpt lat="40.653193" lon="-73.971974"><ele>25.8</ele><time>2026-09-23T21:58:46.000Z</time><extensions><gpxtpx:TrackPointExtension><gpxtpx:hr>132</gpxtpx:hr></gpxtpx:TrackPointExtension></extensions></trkpt>
      <trkpt lat="40.653166" lon="-73.971971"><ele>25.6</ele><time>2026-09-23T21:58:47.000Z</time><extensions><gpxtpx:TrackPointExtension><gpxtpx:hr>132</gpxtpx:hr></gpxtpx:TrackPointExtension></extensions></trkpt>
      <trkpt lat="40.653141" lon="-73.971966"><ele>25.6</ele><time>2026-09-23T21:58:48.000Z</time><extensions><gpxtpx:TrackPointExtension><gpxtpx:hr>132</gpxtpx:hr></gpxtpx:TrackPointExtension></extensions></trkpt>
      <trkpt lat="40.653117" lon="-73.971961"><ele>25.4</ele><time>2026-09-23T21:58:49.000Z</time><extensions><gpxtpx:TrackPointExtension><gpxtpx:hr>132</gpxtpx:hr></gpxtpx:TrackPointExtension></extensions></trkpt>
      <trkpt lat="40.65309" lon="-73.971957"><ele>25.4</ele><time>2026-09-23T21:58:50.000Z</time><extensions><gpxtpx:TrackPointExtension><gpxtpx:hr>132</gpxtpx:hr></gpxtpx:TrackPointExtension></extensions></trkpt>
      <trkpt lat="40.653063" lon="-73.97195"><ele>25.4</ele><time>2026-09-23T21:58:51.000Z</time><extensions><gpxtpx:TrackPointExtension><gpxtpx:hr>132</gpxtpx:hr></gpxtpx:TrackPointExtension></extensions></trkpt>
      <trkpt lat="40.653035" lon="-73.971944"><ele>25.4</ele><time>2026-09-23T21:58:52.000Z</time><extensions><gpxtpx:TrackPointExtension><gpxtpx:hr>133</gpxtpx:hr></gpxtpx:TrackPointExtension></extensions></trkpt>
      <trkpt lat="40.653013" lon="-73.971937"><ele>25.4</ele><time>2026-09-23T21:58:53.000Z</time><extensions><gpxtpx:TrackPointExtension><gpxtpx:hr>133</gpxtpx:hr></gpxtpx:TrackPointExtension></extensions></trkpt>
      <trkpt lat="40.65298" lon="-73.97193"><ele>25.4</ele><time>2026-09-23T21:58:54.000Z</time><extensions><gpxtpx:TrackPointExtension><gpxtpx:hr>134</gpxtpx:hr></gpxtpx:TrackPointExtension></extensions></trkpt>
      <trkpt lat="40.652958" lon="-73.971917"><ele>25.2</ele><time>2026-09-23T21:58:55.000Z</time><extensions><gpxtpx:TrackPointExtension><gpxtpx:hr>133</gpxtpx:hr></gpxtpx:TrackPointExtension></extensions></trkpt>
      <trkpt lat="40.652928" lon="-73.971903"><ele>25.2</ele><time>2026-09-23T21:58:56.000Z</time><extensions><gpxtpx:TrackPointExtension><gpxtpx:hr>133</gpxtpx:hr></gpxtpx:TrackPointExtension></extensions></trkpt>
      <trkpt lat="40.652909" lon="-73.971892"><ele>25.2</ele><time>2026-09-23T21:58:57.000Z</time><extensions><gpxtpx:TrackPointExtension><gpxtpx:hr>133</gpxtpx:hr></gpxtpx:TrackPointExtension></extensions></trkpt>
      <trkpt lat="40.652881" lon="-73.971874"><ele>25.4</ele><time>2026-09-23T21:58:58.000Z</time><extensions><gpxtpx:TrackPointExtension><gpxtpx:hr>133</gpxtpx:hr></gpxtpx:TrackPointExtension></extensions></trkpt>
      <trkpt lat="40.652861" lon="-73.971859"><ele>25.4</ele><time>2026-09-23T21:58:59.000Z</time><extensions><gpxtpx:TrackPointExtension><gpxtpx:hr>133</gpxtpx:hr></gpxtpx:TrackPointExtension></extensions></trkpt>
      <trkpt lat="40.652833" lon="-73.971844"><ele>25.4</ele><time>2026-09-23T21:59:00.000Z</time><extensions><gpxtpx:TrackPointExtension><gpxtpx:hr>134</gpxtpx:hr></gpxtpx:TrackPointExtension></extensions></trkpt>
      <trkpt lat="40.652807" lon="-73.97183"><ele>25.4</ele><time>2026-09-23T21:59:01.000Z</time><extensions><gpxtpx:TrackPointExtension><gpxtpx:hr>134</gpxtpx:hr></gpxtpx:TrackPointExtension></extensions></trkpt>
      <trkpt lat="40.65278" lon="-73.971819"><ele>25.4</ele><time>2026-09-23T21:59:02.000Z</time><extensions><gpxtpx:TrackPointExtension><gpxtpx:hr>134</gpxtpx:hr></gpxtpx:TrackPointExtension></extensions></trkpt>
      <trkpt lat="40.652752" lon="-73.971805"><ele>25.2</ele><time>2026-09-23T21:59:03.000Z</time><extensions><gpxtpx:TrackPointExtension><gpxtpx:hr>134</gpxtpx:hr></gpxtpx:TrackPointExtension></extensions></trkpt>
      <trkpt lat="40.652727" lon="-73.971792"><ele>25.2</ele><time>2026-09-23T21:59:04.000Z</time><extensions><gpxtpx:TrackPointExtension><gpxtpx:hr>134</gpxtpx:hr></gpxtpx:TrackPointExtension></extensions></trkpt>
      <trkpt lat="40.652701" lon="-73.971779"><ele>25.4</ele><time>2026-09-23T21:59:05.000Z</time><extensions><gpxtpx:TrackPointExtension><gpxtpx:hr>135</gpxtpx:hr></gpxtpx:TrackPointExtension></extensions></trkpt>
      <trkpt lat="40.652678" lon="-73.971765"><ele>25.4</ele><time>2026-09-23T21:59:06.000Z</time><extensions><gpxtpx:TrackPointExtension><gpxtpx:hr>135</gpxtpx:hr></gpxtpx:TrackPointExtension></extensions></trkpt>
      <trkpt lat="40.65265" lon="-73.971755"><ele>25.4</ele><time>2026-09-23T21:59:07.000Z</time><extensions><gpxtpx:TrackPointExtension><gpxtpx:hr>135</gpxtpx:hr></gpxtpx:TrackPointExtension></extensions></trkpt>
      <trkpt lat="40.652629" lon="-73.971743"><ele>25.4</ele><time>2026-09-23T21:59:08.000Z</time><extensions><gpxtpx:TrackPointExtension><gpxtpx:hr>135</gpxtpx:hr></gpxtpx:TrackPointExtension></extensions></trkpt>
      <trkpt lat="40.652604" lon="-73.971725"><ele>25.4</ele><time>2026-09-23T21:59:09.000Z</time><extensions><gpxtpx:TrackPointExtension><gpxtpx:hr>135</gpxtpx:hr></gpxtpx:TrackPointExtension></extensions></trkpt>
      <trkpt lat="40.652582" lon="-73.971711"><ele>25.2</ele><time>2026-09-23T21:59:10.000Z</time><extensions><gpxtpx:TrackPointExtension><gpxtpx:hr>135</gpxtpx:hr></gpxtpx:TrackPointExtension></extensions></trkpt>
      <trkpt lat="40.652557" lon="-73.971698"><ele>25.2</ele><time>2026-09-23T21:59:11.000Z</time><extensions><gpxtpx:TrackPointExtension><gpxtpx:hr>135</gpxtpx:hr></gpxtpx:TrackPointExtension></extensions></trkpt>
      <trkpt lat="40.652537" lon="-73.971685"><ele>25.2</ele><time>2026-09-23T21:59:12.000Z</time><extensions><gpxtpx:TrackPointExtension><gpxtpx:hr>135</gpxtpx:hr></gpxtpx:TrackPointExtension></extensions></trkpt>
      <trkpt lat="40.652516" lon="-73.971669"><ele>25</ele><time>2026-09-23T21:59:13.000Z</time><extensions><gpxtpx:TrackPointExtension><gpxtpx:hr>135</gpxtpx:hr></gpxtpx:TrackPointExtension></extensions></trkpt>
      <trkpt lat="40.652499" lon="-73.97165"><ele>25</ele><time>2026-09-23T21:59:14.000Z</time><extensions><gpxtpx:TrackPointExtension><gpxtpx:hr>135</gpxtpx:hr></gpxtpx:TrackPointExtension></extensions></trkpt>
      <trkpt lat="40.652477" lon="-73.971627"><ele>24.8</ele><time>2026-09-23T21:59:15.000Z</time><extensions><gpxtpx:TrackPointExtension><gpxtpx:hr>135</gpxtpx:hr></gpxtpx:TrackPointExtension></extensions></trkpt>
      <trkpt lat="40.65246" lon="-73.971608"><ele>24.8</ele><time>2026-09-23T21:59:16.000Z</time><extensions><gpxtpx:TrackPointExtension><gpxtpx:hr>135</gpxtpx:hr></gpxtpx:TrackPointExtension></extensions></trkpt>
      <trkpt lat="40.652436" lon="-73.971585"><ele>24.8</ele><time>2026-09-23T21:59:17.000Z</time><extensions><gpxtpx:TrackPointExtension><gpxtpx:hr>135</gpxtpx:hr></gpxtpx:TrackPointExtension></extensions></trkpt>
      <trkpt lat="40.652417" lon="-73.971562"><ele>24.6</ele><time>2026-09-23T21:59:18.000Z</time><extensions><gpxtpx:TrackPointExtension><gpxtpx:hr>135</gpxtpx:hr></gpxtpx:TrackPointExtension></extensions></trkpt>
      <trkpt lat="40.652397" lon="-73.971538"><ele>24.6</ele><time>2026-09-23T21:59:19.000Z</time><extensions><gpxtpx:TrackPointExtension><gpxtpx:hr>135</gpxtpx:hr></gpxtpx:TrackPointExtension></extensions></trkpt>
      <trkpt lat="40.652382" lon="-73.971516"><ele>24.8</ele><time>2026-09-23T21:59:20.000Z</time><extensions><gpxtpx:TrackPointExtension><gpxtpx:hr>134</gpxtpx:hr></gpxtpx:TrackPointExtension></extensions></trkpt>
      <trkpt lat="40.652363" lon="-73.971491"><ele>24.8</ele><time>2026-09-23T21:59:21.000Z</time><extensions><gpxtpx:TrackPointExtension><gpxtpx:hr>134</gpxtpx:hr></gpxtpx:TrackPointExtension></extensions></trkpt>
      <trkpt lat="40.652346" lon="-73.971469"><ele>24.8</ele><time>2026-09-23T21:59:22.000Z</time><extensions><gpxtpx:TrackPointExtension><gpxtpx:hr>133</gpxtpx:hr></gpxtpx:TrackPointExtension></extensions></trkpt>
      <trkpt lat="40.652322" lon="-73.97144"><ele>24.8</ele><time>2026-09-23T21:59:23.000Z</time><extensions><gpxtpx:TrackPointExtension><gpxtpx:hr>132</gpxtpx:hr></gpxtpx:TrackPointExtension></extensions></trkpt>
      <trkpt lat="40.652304" lon="-73.971419"><ele>24.6</ele><time>2026-09-23T21:59:24.000Z</time><extensions><gpxtpx:TrackPointExtension><gpxtpx:hr>132</gpxtpx:hr></gpxtpx:TrackPointExtension></extensions></trkpt>
      <trkpt lat="40.652284" lon="-73.97139"><ele>24.6</ele><time>2026-09-23T21:59:25.000Z</time><extensions><gpxtpx:TrackPointExtension><gpxtpx:hr>132</gpxtpx:hr></gpxtpx:TrackPointExtension></extensions></trkpt>
      <trkpt lat="40.652268" lon="-73.971367"><ele>24.6</ele><time>2026-09-23T21:59:26.000Z</time><extensions><gpxtpx:TrackPointExtension><gpxtpx:hr>132</gpxtpx:hr></gpxtpx:TrackPointExtension></extensions></trkpt>
      <trkpt lat="40.652247" lon="-73.971341"><ele>24.4</ele><time>2026-09-23T21:59:27.000Z</time><extensions><gpxtpx:TrackPointExtension><gpxtpx:hr>133</gpxtpx:hr></gpxtpx:TrackPointExtension></extensions></trkpt>
      <trkpt lat="40.652234" lon="-73.971314"><ele>24.4</ele><time>2026-09-23T21:59:28.000Z</time><extensions><gpxtpx:TrackPointExtension><gpxtpx:hr>133</gpxtpx:hr></gpxtpx:TrackPointExtension></extensions></trkpt>
      <trkpt lat="40.652213" lon="-73.971282"><ele>24.4</ele><time>2026-09-23T21:59:29.000Z</time><extensions><gpxtpx:TrackPointExtension><gpxtpx:hr>134</gpxtpx:hr></gpxtpx:TrackPointExtension></extensions></trkpt>
      <trkpt lat="40.6522" lon="-73.971254"><ele>24.4</ele><time>2026-09-23T21:59:30.000Z</time><extensions><gpxtpx:TrackPointExtension><gpxtpx:hr>134</gpxtpx:hr></gpxtpx:TrackPointExtension></extensions></trkpt>
      <trkpt lat="40.652182" lon="-73.971222"><ele>24.4</ele><time>2026-09-23T21:59:31.000Z</time><extensions><gpxtpx:TrackPointExtension><gpxtpx:hr>134</gpxtpx:hr></gpxtpx:TrackPointExtension></extensions></trkpt>
      <trkpt lat="40.652169" lon="-73.971194"><ele>24.2</ele><time>2026-09-23T21:59:32.000Z</time><extensions><gpxtpx:TrackPointExtension><gpxtpx:hr>134</gpxtpx:hr></gpxtpx:TrackPointExtension></extensions></trkpt>
      <trkpt lat="40.652153" lon="-73.971159"><ele>24.2</ele><time>2026-09-23T21:59:33.000Z</time><extensions><gpxtpx:TrackPointExtension><gpxtpx:hr>135</gpxtpx:hr></gpxtpx:TrackPointExtension></extensions></trkpt>
      <trkpt lat="40.652138" lon="-73.971124"><ele>24.2</ele><time>2026-09-23T21:59:34.000Z</time><extensions><gpxtpx:TrackPointExtension><gpxtpx:hr>135</gpxtpx:hr></gpxtpx:TrackPointExtension></extensions></trkpt>
      <trkpt lat="40.652129" lon="-73.971096"><ele>24.2</ele><time>2026-09-23T21:59:35.000Z</time><extensions><gpxtpx:TrackPointExtension><gpxtpx:hr>135</gpxtpx:hr></gpxtpx:TrackPointExtension></extensions></trkpt>
      <trkpt lat="40.652119" lon="-73.97106"><ele>24.2</ele><time>2026-09-23T21:59:36.000Z</time><extensions><gpxtpx:TrackPointExtension><gpxtpx:hr>135</gpxtpx:hr></gpxtpx:TrackPointExtension></extensions></trkpt>
      <trkpt lat="40.652111" lon="-73.971028"><ele>24.2</ele><time>2026-09-23T21:59:37.000Z</time><extensions><gpxtpx:TrackPointExtension><gpxtpx:hr>136</gpxtpx:hr></gpxtpx:TrackPointExtension></extensions></trkpt>
      <trkpt lat="40.652105" lon="-73.970991"><ele>24.2</ele><time>2026-09-23T21:59:38.000Z</time><extensions><gpxtpx:TrackPointExtension><gpxtpx:hr>136</gpxtpx:hr></gpxtpx:TrackPointExtension></extensions></trkpt>
      <trkpt lat="40.652101" lon="-73.970958"><ele>24.2</ele><time>2026-09-23T21:59:39.000Z</time><extensions><gpxtpx:TrackPointExtension><gpxtpx:hr>136</gpxtpx:hr></gpxtpx:TrackPointExtension></extensions></trkpt>
      <trkpt lat="40.652095" lon="-73.970917"><ele>24.2</ele><time>2026-09-23T21:59:40.000Z</time><extensions><gpxtpx:TrackPointExtension><gpxtpx:hr>135</gpxtpx:hr></gpxtpx:TrackPointExtension></extensions></trkpt>
      <trkpt lat="40.652091" lon="-73.970882"><ele>24.2</ele><time>2026-09-23T21:59:41.000Z</time><extensions><gpxtpx:TrackPointExtension><gpxtpx:hr>135</gpxtpx:hr></gpxtpx:TrackPointExtension></extensions></trkpt>
      <trkpt lat="40.652078" lon="-73.97084"><ele>24.2</ele><time>2026-09-23T21:59:42.000Z</time><extensions><gpxtpx:TrackPointExtension><gpxtpx:hr>135</gpxtpx:hr></gpxtpx:TrackPointExtension></extensions></trkpt>
      <trkpt lat="40.652072" lon="-73.970803"><ele>24.4</ele><time>2026-09-23T21:59:43.000Z</time><extensions><gpxtpx:TrackPointExtension><gpxtpx:hr>135</gpxtpx:hr></gpxtpx:TrackPointExtension></extensions></trkpt>
      <trkpt lat="40.652066" lon="-73.970774"><ele>24.4</ele><time>2026-09-23T21:59:44.000Z</time><extensions><gpxtpx:TrackPointExtension><gpxtpx:hr>134</gpxtpx:hr></gpxtpx:TrackPointExtension></extensions></trkpt>
      <trkpt lat="40.652062" lon="-73.970739"><ele>24.4</ele><time>2026-09-23T21:59:45.000Z</time><extensions><gpxtpx:TrackPointExtension><gpxtpx:hr>134</gpxtpx:hr></gpxtpx:TrackPointExtension></extensions></trkpt>
      <trkpt lat="40.652059" lon="-73.970703"><ele>24.4</ele><time>2026-09-23T21:59:46.000Z</time><extensions><gpxtpx:TrackPointExtension><gpxtpx:hr>134</gpxtpx:hr></gpxtpx:TrackPointExtension></extensions></trkpt>
      <trkpt lat="40.652056" lon="-73.97067"><ele>24.4</ele><time>2026-09-23T21:59:47.000Z</time><extensions><gpxtpx:TrackPointExtension><gpxtpx:hr>134</gpxtpx:hr></gpxtpx:TrackPointExtension></extensions></trkpt>
      <trkpt lat="40.652058" lon="-73.970636"><ele>24.4</ele><time>2026-09-23T21:59:48.000Z</time><extensions><gpxtpx:TrackPointExtension><gpxtpx:hr>134</gpxtpx:hr></gpxtpx:TrackPointExtension></extensions></trkpt>
      <trkpt lat="40.652058" lon="-73.970605"><ele>24.4</ele><time>2026-09-23T21:59:49.000Z</time><extensions><gpxtpx:TrackPointExtension><gpxtpx:hr>134</gpxtpx:hr></gpxtpx:TrackPointExtension></extensions></trkpt>
      <trkpt lat="40.652062" lon="-73.970576"><ele>24.4</ele><time>2026-09-23T21:59:50.000Z</time><extensions><gpxtpx:TrackPointExtension><gpxtpx:hr>134</gpxtpx:hr></gpxtpx:TrackPointExtension></extensions></trkpt>
      <trkpt lat="40.652068" lon="-73.970544"><ele>24.4</ele><time>2026-09-23T21:59:51.000Z</time><extensions><gpxtpx:TrackPointExtension><gpxtpx:hr>134</gpxtpx:hr></gpxtpx:TrackPointExtension></extensions></trkpt>
      <trkpt lat="40.65207" lon="-73.970515"><ele>24.6</ele><time>2026-09-23T21:59:52.000Z</time><extensions><gpxtpx:TrackPointExtension><gpxtpx:hr>135</gpxtpx:hr></gpxtpx:TrackPointExtension></extensions></trkpt>
      <trkpt lat="40.65207" lon="-73.97048"><ele>24.6</ele><time>2026-09-23T21:59:53.000Z</time><extensions><gpxtpx:TrackPointExtension><gpxtpx:hr>135</gpxtpx:hr></gpxtpx:TrackPointExtension></extensions></trkpt>
      <trkpt lat="40.652075" lon="-73.970448"><ele>24.6</ele><time>2026-09-23T21:59:54.000Z</time><extensions><gpxtpx:TrackPointExtension><gpxtpx:hr>135</gpxtpx:hr></gpxtpx:TrackPointExtension></extensions></trkpt>
      <trkpt lat="40.652074" lon="-73.970412"><ele>24.6</ele><time>2026-09-23T21:59:55.000Z</time><extensions><gpxtpx:TrackPointExtension><gpxtpx:hr>135</gpxtpx:hr></gpxtpx:TrackPointExtension></extensions></trkpt>
      <trkpt lat="40.652076" lon="-73.970384"><ele>24.6</ele><time>2026-09-23T21:59:56.000Z</time><extensions><gpxtpx:TrackPointExtension><gpxtpx:hr>135</gpxtpx:hr></gpxtpx:TrackPointExtension></extensions></trkpt>
      <trkpt lat="40.652079" lon="-73.970345"><ele>24.6</ele><time>2026-09-23T21:59:57.000Z</time><extensions><gpxtpx:TrackPointExtension><gpxtpx:hr>135</gpxtpx:hr></gpxtpx:TrackPointExtension></extensions></trkpt>
      <trkpt lat="40.65208" lon="-73.970318"><ele>24.6</ele><time>2026-09-23T21:59:58.000Z</time><extensions><gpxtpx:TrackPointExtension><gpxtpx:hr>135</gpxtpx:hr></gpxtpx:TrackPointExtension></extensions></trkpt>
      <trkpt lat="40.65208" lon="-73.970279"><ele>24.6</ele><time>2026-09-23T21:59:59.000Z</time><extensions><gpxtpx:TrackPointExtension><gpxtpx:hr>135</gpxtpx:hr></gpxtpx:TrackPointExtension></extensions></trkpt>
      <trkpt lat="40.652083" lon="-73.970251"><ele>24.8</ele><time>2026-09-23T22:00:00.000Z</time><extensions><gpxtpx:TrackPointExtension><gpxtpx:hr>135</gpxtpx:hr></gpxtpx:TrackPointExtension></extensions></trkpt>
      <trkpt lat="40.652087" lon="-73.970218"><ele>24.8</ele><time>2026-09-23T22:00:01.000Z</time><extensions><gpxtpx:TrackPointExtension><gpxtpx:hr>135</gpxtpx:hr></gpxtpx:TrackPointExtension></extensions></trkpt>
      <trkpt lat="40.652094" lon="-73.970191"><ele>24.8</ele><time>2026-09-23T22:00:02.000Z</time><extensions><gpxtpx:TrackPointExtension><gpxtpx:hr>135</gpxtpx:hr></gpxtpx:TrackPointExtension></extensions></trkpt>
      <trkpt lat="40.652101" lon="-73.970157"><ele>24.8</ele><time>2026-09-23T22:00:03.000Z</time><extensions><gpxtpx:TrackPointExtension><gpxtpx:hr>135</gpxtpx:hr></gpxtpx:TrackPointExtension></extensions></trkpt>
      <trkpt lat="40.65211" lon="-73.970126"><ele>24.8</ele><time>2026-09-23T22:00:04.000Z</time><extensions><gpxtpx:TrackPointExtension><gpxtpx:hr>135</gpxtpx:hr></gpxtpx:TrackPointExtension></extensions></trkpt>
      <trkpt lat="40.652115" lon="-73.97009"><ele>25</ele><time>2026-09-23T22:00:05.000Z</time><extensions><gpxtpx:TrackPointExtension><gpxtpx:hr>135</gpxtpx:hr></gpxtpx:TrackPointExtension></extensions></trkpt>
      <trkpt lat="40.652122" lon="-73.970057"><ele>25</ele><time>2026-09-23T22:00:06.000Z</time><extensions><gpxtpx:TrackPointExtension><gpxtpx:hr>135</gpxtpx:hr></gpxtpx:TrackPointExtension></extensions></trkpt>
      <trkpt lat="40.652129" lon="-73.970022"><ele>25</ele><time>2026-09-23T22:00:07.000Z</time><extensions><gpxtpx:TrackPointExtension><gpxtpx:hr>135</gpxtpx:hr></gpxtpx:TrackPointExtension></extensions></trkpt>
      <trkpt lat="40.652139" lon="-73.969993"><ele>24.8</ele><time>2026-09-23T22:00:08.000Z</time><extensions><gpxtpx:TrackPointExtension><gpxtpx:hr>135</gpxtpx:hr></gpxtpx:TrackPointExtension></extensions></trkpt>
      <trkpt lat="40.652152" lon="-73.969957"><ele>24.8</ele><time>2026-09-23T22:00:09.000Z</time><extensions><gpxtpx:TrackPointExtension><gpxtpx:hr>135</gpxtpx:hr></gpxtpx:TrackPointExtension></extensions></trkpt>
      <trkpt lat="40.652161" lon="-73.969928"><ele>24.8</ele><time>2026-09-23T22:00:10.000Z</time><extensions><gpxtpx:TrackPointExtension><gpxtpx:hr>135</gpxtpx:hr></gpxtpx:TrackPointExtension></extensions></trkpt>
      <trkpt lat="40.652171" lon="-73.969898"><ele>24.8</ele><time>2026-09-23T22:00:11.000Z</time><extensions><gpxtpx:TrackPointExtension><gpxtpx:hr>135</gpxtpx:hr></gpxtpx:TrackPointExtension></extensions></trkpt>
      <trkpt lat="40.652182" lon="-73.969868"><ele>24.8</ele><time>2026-09-23T22:00:12.000Z</time><extensions><gpxtpx:TrackPointExtension><gpxtpx:hr>136</gpxtpx:hr></gpxtpx:TrackPointExtension></extensions></trkpt>
      <trkpt lat="40.652193" lon="-73.96984"><ele>24.8</ele><time>2026-09-23T22:00:13.000Z</time><extensions><gpxtpx:TrackPointExtension><gpxtpx:hr>136</gpxtpx:hr></gpxtpx:TrackPointExtension></extensions></trkpt>
      <trkpt lat="40.652202" lon="-73.969806"><ele>24.8</ele><time>2026-09-23T22:00:14.000Z</time><extensions><gpxtpx:TrackPointExtension><gpxtpx:hr>136</gpxtpx:hr></gpxtpx:TrackPointExtension></extensions></trkpt>
      <trkpt lat="40.652212" lon="-73.969775"><ele>24.8</ele><time>2026-09-23T22:00:15.000Z</time><extensions><gpxtpx:TrackPointExtension><gpxtpx:hr>136</gpxtpx:hr></gpxtpx:TrackPointExtension></extensions></trkpt>
      <trkpt lat="40.652222" lon="-73.969741"><ele>24.8</ele><time>2026-09-23T22:00:16.000Z</time><extensions><gpxtpx:TrackPointExtension><gpxtpx:hr>136</gpxtpx:hr></gpxtpx:TrackPointExtension></extensions></trkpt>
      <trkpt lat="40.65223" lon="-73.969719"><ele>24.8</ele><time>2026-09-23T22:00:17.000Z</time><extensions><gpxtpx:TrackPointExtension><gpxtpx:hr>137</gpxtpx:hr></gpxtpx:TrackPointExtension></extensions></trkpt>
      <trkpt lat="40.652242" lon="-73.969688"><ele>24.8</ele><time>2026-09-23T22:00:18.000Z</time><extensions><gpxtpx:TrackPointExtension><gpxtpx:hr>137</gpxtpx:hr></gpxtpx:TrackPointExtension></extensions></trkpt>
      <trkpt lat="40.65225" lon="-73.969668"><ele>24.6</ele><time>2026-09-23T22:00:19.000Z</time><extensions><gpxtpx:TrackPointExtension><gpxtpx:hr>137</gpxtpx:hr></gpxtpx:TrackPointExtension></extensions></trkpt>
      <trkpt lat="40.652262" lon="-73.969637"><ele>24.6</ele><time>2026-09-23T22:00:20.000Z</time><extensions><gpxtpx:TrackPointExtension><gpxtpx:hr>137</gpxtpx:hr></gpxtpx:TrackPointExtension></extensions></trkpt>
      <trkpt lat="40.652273" lon="-73.969614"><ele>24.6</ele><time>2026-09-23T22:00:21.000Z</time><extensions><gpxtpx:TrackPointExtension><gpxtpx:hr>137</gpxtpx:hr></gpxtpx:TrackPointExtension></extensions></trkpt>
      <trkpt lat="40.652284" lon="-73.96958"><ele>24.6</ele><time>2026-09-23T22:00:22.000Z</time><extensions><gpxtpx:TrackPointExtension><gpxtpx:hr>136</gpxtpx:hr></gpxtpx:TrackPointExtension></extensions></trkpt>
      <trkpt lat="40.652293" lon="-73.969554"><ele>24.6</ele><time>2026-09-23T22:00:23.000Z</time><extensions><gpxtpx:TrackPointExtension><gpxtpx:hr>136</gpxtpx:hr></gpxtpx:TrackPointExtension></extensions></trkpt>
      <trkpt lat="40.652308" lon="-73.969523"><ele>24.8</ele><time>2026-09-23T22:00:24.000Z</time><extensions><gpxtpx:TrackPointExtension><gpxtpx:hr>136</gpxtpx:hr></gpxtpx:TrackPointExtension></extensions></trkpt>
      <trkpt lat="40.652324" lon="-73.9695"><ele>24.8</ele><time>2026-09-23T22:00:25.000Z</time><extensions><gpxtpx:TrackPointExtension><gpxtpx:hr>136</gpxtpx:hr></gpxtpx:TrackPointExtension></extensions></trkpt>
      <trkpt lat="40.652337" lon="-73.969473"><ele>25</ele><time>2026-09-23T22:00:26.000Z</time><extensions><gpxtpx:TrackPointExtension><gpxtpx:hr>136</gpxtpx:hr></gpxtpx:TrackPointExtension></extensions></trkpt>
      <trkpt lat="40.652351" lon="-73.96945"><ele>25</ele><time>2026-09-23T22:00:27.000Z</time><extensions><gpxtpx:TrackPointExtension><gpxtpx:hr>136</gpxtpx:hr></gpxtpx:TrackPointExtension></extensions></trkpt>
      <trkpt lat="40.652365" lon="-73.969424"><ele>25.2</ele><time>2026-09-23T22:00:28.000Z</time><extensions><gpxtpx:TrackPointExtension><gpxtpx:hr>136</gpxtpx:hr></gpxtpx:TrackPointExtension></extensions></trkpt>
      <trkpt lat="40.652383" lon="-73.969397"><ele>25.2</ele><time>2026-09-23T22:00:29.000Z</time><extensions><gpxtpx:TrackPointExtension><gpxtpx:hr>136</gpxtpx:hr></gpxtpx:TrackPointExtension></extensions></trkpt>
      <trkpt lat="40.6524" lon="-73.969372"><ele>25.2</ele><time>2026-09-23T22:00:30.000Z</time><extensions><gpxtpx:TrackPointExtension><gpxtpx:hr>136</gpxtpx:hr></gpxtpx:TrackPointExtension></extensions></trkpt>
      <trkpt lat="40.652421" lon="-73.96935"><ele>25.2</ele><time>2026-09-23T22:00:31.000Z</time><extensions><gpxtpx:TrackPointExtension><gpxtpx:hr>137</gpxtpx:hr></gpxtpx:TrackPointExtension></extensions></trkpt>
      <trkpt lat="40.652438" lon="-73.969326"><ele>25.2</ele><time>2026-09-23T22:00:32.000Z</time><extensions><gpxtpx:TrackPointExtension><gpxtpx:hr>137</gpxtpx:hr></gpxtpx:TrackPointExtension></extensions></trkpt>
      <trkpt lat="40.652459" lon="-73.969303"><ele>25.2</ele><time>2026-09-23T22:00:33.000Z</time><extensions><gpxtpx:TrackPointExtension><gpxtpx:hr>137</gpxtpx:hr></gpxtpx:TrackPointExtension></extensions></trkpt>
      <trkpt lat="40.652477" lon="-73.969276"><ele>25.2</ele><time>2026-09-23T22:00:34.000Z</time><extensions><gpxtpx:TrackPointExtension><gpxtpx:hr>138</gpxtpx:hr></gpxtpx:TrackPointExtension></extensions></trkpt>
      <trkpt lat="40.652495" lon="-73.969254"><ele>25.2</ele><time>2026-09-23T22:00:35.000Z</time><extensions><gpxtpx:TrackPointExtension><gpxtpx:hr>137</gpxtpx:hr></gpxtpx:TrackPointExtension></extensions></trkpt>
      <trkpt lat="40.652509" lon="-73.969227"><ele>25.2</ele><time>2026-09-23T22:00:36.000Z</time><extensions><gpxtpx:TrackPointExtension><gpxtpx:hr>137</gpxtpx:hr></gpxtpx:TrackPointExtension></extensions></trkpt>
      <trkpt lat="40.652526" lon="-73.969201"><ele>25.2</ele><time>2026-09-23T22:00:37.000Z</time><extensions><gpxtpx:TrackPointExtension><gpxtpx:hr>137</gpxtpx:hr></gpxtpx:TrackPointExtension></extensions></trkpt>
      <trkpt lat="40.652542" lon="-73.969174"><ele>25.2</ele><time>2026-09-23T22:00:38.000Z</time><extensions><gpxtpx:TrackPointExtension><gpxtpx:hr>136</gpxtpx:hr></gpxtpx:TrackPointExtension></extensions></trkpt>
      <trkpt lat="40.65256" lon="-73.969148"><ele>25.2</ele><time>2026-09-23T22:00:39.000Z</time><extensions><gpxtpx:TrackPointExtension><gpxtpx:hr>136</gpxtpx:hr></gpxtpx:TrackPointExtension></extensions></trkpt>
      <trkpt lat="40.652575" lon="-73.969128"><ele>25.2</ele><time>2026-09-23T22:00:40.000Z</time><extensions><gpxtpx:TrackPointExtension><gpxtpx:hr>136</gpxtpx:hr></gpxtpx:TrackPointExtension></extensions></trkpt>
      <trkpt lat="40.652593" lon="-73.969103"><ele>25.2</ele><time>2026-09-23T22:00:41.000Z</time><extensions><gpxtpx:TrackPointExtension><gpxtpx:hr>136</gpxtpx:hr></gpxtpx:TrackPointExtension></extensions></trkpt>
      <trkpt lat="40.652606" lon="-73.969082"><ele>25</ele><time>2026-09-23T22:00:42.000Z</time><extensions><gpxtpx:TrackPointExtension><gpxtpx:hr>136</gpxtpx:hr></gpxtpx:TrackPointExtension></extensions></trkpt>
      <trkpt lat="40.652621" lon="-73.969055"><ele>25.2</ele><time>2026-09-23T22:00:43.000Z</time><extensions><gpxtpx:TrackPointExtension><gpxtpx:hr>136</gpxtpx:hr></gpxtpx:TrackPointExtension></extensions></trkpt>
      <trkpt lat="40.652637" lon="-73.969031"><ele>25.2</ele><time>2026-09-23T22:00:44.000Z</time><extensions><gpxtpx:TrackPointExtension><gpxtpx:hr>136</gpxtpx:hr></gpxtpx:TrackPointExtension></extensions></trkpt>
      <trkpt lat="40.652653" lon="-73.969004"><ele>25.2</ele><time>2026-09-23T22:00:45.000Z</time><extensions><gpxtpx:TrackPointExtension><gpxtpx:hr>137</gpxtpx:hr></gpxtpx:TrackPointExtension></extensions></trkpt>
      <trkpt lat="40.652671" lon="-73.968985"><ele>25.2</ele><time>2026-09-23T22:00:46.000Z</time><extensions><gpxtpx:TrackPointExtension><gpxtpx:hr>137</gpxtpx:hr></gpxtpx:TrackPointExtension></extensions></trkpt>
      <trkpt lat="40.65269" lon="-73.968961"><ele>25.2</ele><time>2026-09-23T22:00:47.000Z</time><extensions><gpxtpx:TrackPointExtension><gpxtpx:hr>137</gpxtpx:hr></gpxtpx:TrackPointExtension></extensions></trkpt>
      <trkpt lat="40.652709" lon="-73.96894"><ele>25.2</ele><time>2026-09-23T22:00:48.000Z</time><extensions><gpxtpx:TrackPointExtension><gpxtpx:hr>137</gpxtpx:hr></gpxtpx:TrackPointExtension></extensions></trkpt>
      <trkpt lat="40.652728" lon="-73.968908"><ele>25</ele><time>2026-09-23T22:00:49.000Z</time><extensions><gpxtpx:TrackPointExtension><gpxtpx:hr>137</gpxtpx:hr></gpxtpx:TrackPointExtension></extensions></trkpt>
      <trkpt lat="40.652744" lon="-73.968889"><ele>25</ele><time>2026-09-23T22:00:50.000Z</time><extensions><gpxtpx:TrackPointExtension><gpxtpx:hr>137</gpxtpx:hr></gpxtpx:TrackPointExtension></extensions></trkpt>
      <trkpt lat="40.652762" lon="-73.968861"><ele>25</ele><time>2026-09-23T22:00:51.000Z</time><extensions><gpxtpx:TrackPointExtension><gpxtpx:hr>137</gpxtpx:hr></gpxtpx:TrackPointExtension></extensions></trkpt>
      <trkpt lat="40.652778" lon="-73.968838"><ele>25</ele><time>2026-09-23T22:00:52.000Z</time><extensions><gpxtpx:TrackPointExtension><gpxtpx:hr>137</gpxtpx:hr></gpxtpx:TrackPointExtension></extensions></trkpt>
      <trkpt lat="40.652799" lon="-73.96881"><ele>25.2</ele><time>2026-09-23T22:00:53.000Z</time><extensions><gpxtpx:TrackPointExtension><gpxtpx:hr>137</gpxtpx:hr></gpxtpx:TrackPointExtension></extensions></trkpt>
      <trkpt lat="40.652816" lon="-73.968788"><ele>25.4</ele><time>2026-09-23T22:00:54.000Z</time><extensions><gpxtpx:TrackPointExtension><gpxtpx:hr>137</gpxtpx:hr></gpxtpx:TrackPointExtension></extensions></trkpt>
      <trkpt lat="40.652834" lon="-73.968759"><ele>25.4</ele><time>2026-09-23T22:00:55.000Z</time><extensions><gpxtpx:TrackPointExtension><gpxtpx:hr>138</gpxtpx:hr></gpxtpx:TrackPointExtension></extensions></trkpt>
      <trkpt lat="40.653402" lon="-73.968595"><ele>19.8</ele><time>2026-09-23T22:08:32.000Z</time><extensions><gpxtpx:TrackPointExtension><gpxtpx:hr>96</gpxtpx:hr></gpxtpx:TrackPointExtension></extensions></trkpt>
      <trkpt lat="40.653409" lon="-73.968578"><ele>20</ele><time>2026-09-23T22:08:33.000Z</time><extensions><gpxtpx:TrackPointExtension><gpxtpx:hr>95</gpxtpx:hr></gpxtpx:TrackPointExtension></extensions></trkpt>
      <trkpt lat="40.653417" lon="-73.968561"><ele>20.2</ele><time>2026-09-23T22:08:34.000Z</time><extensions><gpxtpx:TrackPointExtension><gpxtpx:hr>96</gpxtpx:hr></gpxtpx:TrackPointExtension></extensions></trkpt>
      <trkpt lat="40.653429" lon="-73.96854"><ele>20.4</ele><time>2026-09-23T22:08:35.000Z</time><extensions><gpxtpx:TrackPointExtension><gpxtpx:hr>96</gpxtpx:hr></gpxtpx:TrackPointExtension></extensions></trkpt>
      <trkpt lat="40.653439" lon="-73.968519"><ele>20.4</ele><time>2026-09-23T22:08:36.000Z</time><extensions><gpxtpx:TrackPointExtension><gpxtpx:hr>96</gpxtpx:hr></gpxtpx:TrackPointExtension></extensions></trkpt>
      <trkpt lat="40.653451" lon="-73.968497"><ele>20.2</ele><time>2026-09-23T22:08:37.000Z</time><extensions><gpxtpx:TrackPointExtension><gpxtpx:hr>96</gpxtpx:hr></gpxtpx:TrackPointExtension></extensions></trkpt>
      <trkpt lat="40.653464" lon="-73.968472"><ele>20.2</ele><time>2026-09-23T22:08:38.000Z</time><extensions><gpxtpx:TrackPointExtension><gpxtpx:hr>97</gpxtpx:hr></gpxtpx:TrackPointExtension></extensions></trkpt>
      <trkpt lat="40.653478" lon="-73.968452"><ele>20.2</ele><time>2026-09-23T22:08:39.000Z</time><extensions><gpxtpx:TrackPointExtension><gpxtpx:hr>98</gpxtpx:hr></gpxtpx:TrackPointExtension></extensions></trkpt>
      <trkpt lat="40.653493" lon="-73.968426"><ele>20.2</ele><time>2026-09-23T22:08:40.000Z</time><extensions><gpxtpx:TrackPointExtension><gpxtpx:hr>100</gpxtpx:hr></gpxtpx:TrackPointExtension></extensions></trkpt>
      <trkpt lat="40.653506" lon="-73.968411"><ele>20.2</ele><time>2026-09-23T22:08:41.000Z</time><extensions><gpxtpx:TrackPointExtension><gpxtpx:hr>101</gpxtpx:hr></gpxtpx:TrackPointExtension></extensions></trkpt>
      <trkpt lat="40.65352" lon="-73.968389"><ele>20.2</ele><time>2026-09-23T22:08:42.000Z</time><extensions><gpxtpx:TrackPointExtension><gpxtpx:hr>102</gpxtpx:hr></gpxtpx:TrackPointExtension></extensions></trkpt>
      <trkpt lat="40.653535" lon="-73.968361"><ele>20.4</ele><time>2026-09-23T22:08:43.000Z</time><extensions><gpxtpx:TrackPointExtension><gpxtpx:hr>102</gpxtpx:hr></gpxtpx:TrackPointExtension></extensions></trkpt>
      <trkpt lat="40.653551" lon="-73.968343"><ele>20.4</ele><time>2026-09-23T22:08:44.000Z</time><extensions><gpxtpx:TrackPointExtension><gpxtpx:hr>101</gpxtpx:hr></gpxtpx:TrackPointExtension></extensions></trkpt>
      <trkpt lat="40.65357" lon="-73.968323"><ele>20.4</ele><time>2026-09-23T22:08:45.000Z</time><extensions><gpxtpx:TrackPointExtension><gpxtpx:hr>101</gpxtpx:hr></gpxtpx:TrackPointExtension></extensions></trkpt>
      <trkpt lat="40.653587" lon="-73.968304"><ele>20.4</ele><time>2026-09-23T22:08:46.000Z</time><extensions><gpxtpx:TrackPointExtension><gpxtpx:hr>102</gpxtpx:hr></gpxtpx:TrackPointExtension></extensions></trkpt>
      <trkpt lat="40.653605" lon="-73.968288"><ele>20.4</ele><time>2026-09-23T22:08:47.000Z</time><extensions><gpxtpx:TrackPointExtension><gpxtpx:hr>103</gpxtpx:hr></gpxtpx:TrackPointExtension></extensions></trkpt>
      <trkpt lat="40.653622" lon="-73.968264"><ele>20.6</ele><time>2026-09-23T22:08:48.000Z</time><extensions><gpxtpx:TrackPointExtension><gpxtpx:hr>103</gpxtpx:hr></gpxtpx:TrackPointExtension></extensions></trkpt>
      <trkpt lat="40.653639" lon="-73.96825"><ele>20.6</ele><time>2026-09-23T22:08:49.000Z</time><extensions><gpxtpx:TrackPointExtension><gpxtpx:hr>104</gpxtpx:hr></gpxtpx:TrackPointExtension></extensions></trkpt>
      <trkpt lat="40.653659" lon="-73.968232"><ele>20.6</ele><time>2026-09-23T22:08:50.000Z</time><extensions><gpxtpx:TrackPointExtension><gpxtpx:hr>104</gpxtpx:hr></gpxtpx:TrackPointExtension></extensions></trkpt>
      <trkpt lat="40.653673" lon="-73.968216"><ele>20.6</ele><time>2026-09-23T22:08:51.000Z</time><extensions><gpxtpx:TrackPointExtension><gpxtpx:hr>105</gpxtpx:hr></gpxtpx:TrackPointExtension></extensions></trkpt>
      <trkpt lat="40.653692" lon="-73.968201"><ele>20.6</ele><time>2026-09-23T22:08:52.000Z</time><extensions><gpxtpx:TrackPointExtension><gpxtpx:hr>106</gpxtpx:hr></gpxtpx:TrackPointExtension></extensions></trkpt>
      <trkpt lat="40.653709" lon="-73.968176"><ele>20.6</ele><time>2026-09-23T22:08:53.000Z</time><extensions><gpxtpx:TrackPointExtension><gpxtpx:hr>107</gpxtpx:hr></gpxtpx:TrackPointExtension></extensions></trkpt>
      <trkpt lat="40.653725" lon="-73.968166"><ele>20.6</ele><time>2026-09-23T22:08:54.000Z</time><extensions><gpxtpx:TrackPointExtension><gpxtpx:hr>108</gpxtpx:hr></gpxtpx:TrackPointExtension></extensions></trkpt>
      <trkpt lat="40.65375" lon="-73.968155"><ele>20.6</ele><time>2026-09-23T22:08:55.000Z</time><extensions><gpxtpx:TrackPointExtension><gpxtpx:hr>109</gpxtpx:hr></gpxtpx:TrackPointExtension></extensions></trkpt>
      <trkpt lat="40.653772" lon="-73.968141"><ele>20.6</ele><time>2026-09-23T22:08:56.000Z</time><extensions><gpxtpx:TrackPointExtension><gpxtpx:hr>110</gpxtpx:hr></gpxtpx:TrackPointExtension></extensions></trkpt>
      <trkpt lat="40.653792" lon="-73.968134"><ele>20.6</ele><time>2026-09-23T22:08:57.000Z</time><extensions><gpxtpx:TrackPointExtension><gpxtpx:hr>110</gpxtpx:hr></gpxtpx:TrackPointExtension></extensions></trkpt>
      <trkpt lat="40.653812" lon="-73.968124"><ele>20.6</ele><time>2026-09-23T22:08:58.000Z</time><extensions><gpxtpx:TrackPointExtension><gpxtpx:hr>111</gpxtpx:hr></gpxtpx:TrackPointExtension></extensions></trkpt>
      <trkpt lat="40.653824" lon="-73.968108"><ele>20.6</ele><time>2026-09-23T22:08:59.000Z</time><extensions><gpxtpx:TrackPointExtension><gpxtpx:hr>111</gpxtpx:hr></gpxtpx:TrackPointExtension></extensions></trkpt>
      <trkpt lat="40.653836" lon="-73.968093"><ele>20.4</ele><time>2026-09-23T22:09:00.000Z</time><extensions><gpxtpx:TrackPointExtension><gpxtpx:hr>111</gpxtpx:hr></gpxtpx:TrackPointExtension></extensions></trkpt>
      <trkpt lat="40.653844" lon="-73.96808"><ele>20.4</ele><time>2026-09-23T22:09:01.000Z</time><extensions><gpxtpx:TrackPointExtension><gpxtpx:hr>112</gpxtpx:hr></gpxtpx:TrackPointExtension></extensions></trkpt>
      <trkpt lat="40.653854" lon="-73.968067"><ele>20.4</ele><time>2026-09-23T22:09:02.000Z</time><extensions><gpxtpx:TrackPointExtension><gpxtpx:hr>112</gpxtpx:hr></gpxtpx:TrackPointExtension></extensions></trkpt>
      <trkpt lat="40.653866" lon="-73.96805"><ele>20.4</ele><time>2026-09-23T22:09:03.000Z</time><extensions><gpxtpx:TrackPointExtension><gpxtpx:hr>112</gpxtpx:hr></gpxtpx:TrackPointExtension></extensions></trkpt>
      <trkpt lat="40.65387" lon="-73.968025"><ele>20.4</ele><time>2026-09-23T22:09:04.000Z</time><extensions><gpxtpx:TrackPointExtension><gpxtpx:hr>112</gpxtpx:hr></gpxtpx:TrackPointExtension></extensions></trkpt>
      <trkpt lat="40.65387" lon="-73.968"><ele>20.4</ele><time>2026-09-23T22:09:05.000Z</time><extensions><gpxtpx:TrackPointExtension><gpxtpx:hr>112</gpxtpx:hr></gpxtpx:TrackPointExtension></extensions></trkpt>
      <trkpt lat="40.653867" lon="-73.967968"><ele>20.4</ele><time>2026-09-23T22:09:06.000Z</time><extensions><gpxtpx:TrackPointExtension><gpxtpx:hr>112</gpxtpx:hr></gpxtpx:TrackPointExtension></extensions></trkpt>
      <trkpt lat="40.653868" lon="-73.967939"><ele>20.4</ele><time>2026-09-23T22:09:07.000Z</time><extensions><gpxtpx:TrackPointExtension><gpxtpx:hr>113</gpxtpx:hr></gpxtpx:TrackPointExtension></extensions></trkpt>
      <trkpt lat="40.653873" lon="-73.967915"><ele>20.2</ele><time>2026-09-23T22:09:08.000Z</time><extensions><gpxtpx:TrackPointExtension><gpxtpx:hr>112</gpxtpx:hr></gpxtpx:TrackPointExtension></extensions></trkpt>
      <trkpt lat="40.653872" lon="-73.967885"><ele>20.2</ele><time>2026-09-23T22:09:09.000Z</time><extensions><gpxtpx:TrackPointExtension><gpxtpx:hr>113</gpxtpx:hr></gpxtpx:TrackPointExtension></extensions></trkpt>
      <trkpt lat="40.653871" lon="-73.96786"><ele>20.2</ele><time>2026-09-23T22:09:10.000Z</time><extensions><gpxtpx:TrackPointExtension><gpxtpx:hr>113</gpxtpx:hr></gpxtpx:TrackPointExtension></extensions></trkpt>
      <trkpt lat="40.65387" lon="-73.967837"><ele>20.2</ele><time>2026-09-23T22:09:11.000Z</time><extensions><gpxtpx:TrackPointExtension><gpxtpx:hr>114</gpxtpx:hr></gpxtpx:TrackPointExtension></extensions></trkpt>
      <trkpt lat="40.653875" lon="-73.967811"><ele>20.2</ele><time>2026-09-23T22:09:12.000Z</time><extensions><gpxtpx:TrackPointExtension><gpxtpx:hr>114</gpxtpx:hr></gpxtpx:TrackPointExtension></extensions></trkpt>
      <trkpt lat="40.653886" lon="-73.967788"><ele>20.4</ele><time>2026-09-23T22:09:13.000Z</time><extensions><gpxtpx:TrackPointExtension><gpxtpx:hr>115</gpxtpx:hr></gpxtpx:TrackPointExtension></extensions></trkpt>
      <trkpt lat="40.653896" lon="-73.967763"><ele>20.6</ele><time>2026-09-23T22:09:14.000Z</time><extensions><gpxtpx:TrackPointExtension><gpxtpx:hr>115</gpxtpx:hr></gpxtpx:TrackPointExtension></extensions></trkpt>
      <trkpt lat="40.653902" lon="-73.967737"><ele>20.6</ele><time>2026-09-23T22:09:15.000Z</time><extensions><gpxtpx:TrackPointExtension><gpxtpx:hr>115</gpxtpx:hr></gpxtpx:TrackPointExtension></extensions></trkpt>
      <trkpt lat="40.653908" lon="-73.967712"><ele>20.6</ele><time>2026-09-23T22:09:16.000Z</time><extensions><gpxtpx:TrackPointExtension><gpxtpx:hr>116</gpxtpx:hr></gpxtpx:TrackPointExtension></extensions></trkpt>
      <trkpt lat="40.653911" lon="-73.967677"><ele>20.6</ele><time>2026-09-23T22:09:17.000Z</time><extensions><gpxtpx:TrackPointExtension><gpxtpx:hr>116</gpxtpx:hr></gpxtpx:TrackPointExtension></extensions></trkpt>
      <trkpt lat="40.653912" lon="-73.967653"><ele>20.6</ele><time>2026-09-23T22:09:18.000Z</time><extensions><gpxtpx:TrackPointExtension><gpxtpx:hr>116</gpxtpx:hr></gpxtpx:TrackPointExtension></extensions></trkpt>
      <trkpt lat="40.65391" lon="-73.96762"><ele>20.6</ele><time>2026-09-23T22:09:19.000Z</time><extensions><gpxtpx:TrackPointExtension><gpxtpx:hr>117</gpxtpx:hr></gpxtpx:TrackPointExtension></extensions></trkpt>
      <trkpt lat="40.653908" lon="-73.967592"><ele>20.4</ele><time>2026-09-23T22:09:20.000Z</time><extensions><gpxtpx:TrackPointExtension><gpxtpx:hr>117</gpxtpx:hr></gpxtpx:TrackPointExtension></extensions></trkpt>
      <trkpt lat="40.653905" lon="-73.967565"><ele>20.4</ele><time>2026-09-23T22:09:21.000Z</time><extensions><gpxtpx:TrackPointExtension><gpxtpx:hr>117</gpxtpx:hr></gpxtpx:TrackPointExtension></extensions></trkpt>
      <trkpt lat="40.653899" lon="-73.967539"><ele>20.4</ele><time>2026-09-23T22:09:22.000Z</time><extensions><gpxtpx:TrackPointExtension><gpxtpx:hr>116</gpxtpx:hr></gpxtpx:TrackPointExtension></extensions></trkpt>
      <trkpt lat="40.653896" lon="-73.967518"><ele>20.4</ele><time>2026-09-23T22:09:23.000Z</time><extensions><gpxtpx:TrackPointExtension><gpxtpx:hr>116</gpxtpx:hr></gpxtpx:TrackPointExtension></extensions></trkpt>
      <trkpt lat="40.653887" lon="-73.967491"><ele>20.4</ele><time>2026-09-23T22:09:24.000Z</time><extensions><gpxtpx:TrackPointExtension><gpxtpx:hr>116</gpxtpx:hr></gpxtpx:TrackPointExtension></extensions></trkpt>
      <trkpt lat="40.653885" lon="-73.967467"><ele>20.4</ele><time>2026-09-23T22:09:25.000Z</time><extensions><gpxtpx:TrackPointExtension><gpxtpx:hr>115</gpxtpx:hr></gpxtpx:TrackPointExtension></extensions></trkpt>
      <trkpt lat="40.653879" lon="-73.967435"><ele>20.2</ele><time>2026-09-23T22:09:26.000Z</time><extensions><gpxtpx:TrackPointExtension><gpxtpx:hr>115</gpxtpx:hr></gpxtpx:TrackPointExtension></extensions></trkpt>
      <trkpt lat="40.653875" lon="-73.967405"><ele>20.4</ele><time>2026-09-23T22:09:27.000Z</time><extensions><gpxtpx:TrackPointExtension><gpxtpx:hr>114</gpxtpx:hr></gpxtpx:TrackPointExtension></extensions></trkpt>
      <trkpt lat="40.65387" lon="-73.967374"><ele>20.4</ele><time>2026-09-23T22:09:28.000Z</time><extensions><gpxtpx:TrackPointExtension><gpxtpx:hr>114</gpxtpx:hr></gpxtpx:TrackPointExtension></extensions></trkpt>
      <trkpt lat="40.653873" lon="-73.96734"><ele>20.4</ele><time>2026-09-23T22:09:29.000Z</time><extensions><gpxtpx:TrackPointExtension><gpxtpx:hr>114</gpxtpx:hr></gpxtpx:TrackPointExtension></extensions></trkpt>
      <trkpt lat="40.653879" lon="-73.967317"><ele>20.6</ele><time>2026-09-23T22:09:30.000Z</time><extensions><gpxtpx:TrackPointExtension><gpxtpx:hr>114</gpxtpx:hr></gpxtpx:TrackPointExtension></extensions></trkpt>
      <trkpt lat="40.653884" lon="-73.967284"><ele>20.8</ele><time>2026-09-23T22:09:31.000Z</time><extensions><gpxtpx:TrackPointExtension><gpxtpx:hr>114</gpxtpx:hr></gpxtpx:TrackPointExtension></extensions></trkpt>
      <trkpt lat="40.653892" lon="-73.967261"><ele>20.8</ele><time>2026-09-23T22:09:32.000Z</time><extensions><gpxtpx:TrackPointExtension><gpxtpx:hr>115</gpxtpx:hr></gpxtpx:TrackPointExtension></extensions></trkpt>
      <trkpt lat="40.6539" lon="-73.967228"><ele>20.8</ele><time>2026-09-23T22:09:33.000Z</time><extensions><gpxtpx:TrackPointExtension><gpxtpx:hr>115</gpxtpx:hr></gpxtpx:TrackPointExtension></extensions></trkpt>
      <trkpt lat="40.653911" lon="-73.967202"><ele>20.6</ele><time>2026-09-23T22:09:34.000Z</time><extensions><gpxtpx:TrackPointExtension><gpxtpx:hr>116</gpxtpx:hr></gpxtpx:TrackPointExtension></extensions></trkpt>
      <trkpt lat="40.653924" lon="-73.96717"><ele>20.6</ele><time>2026-09-23T22:09:35.000Z</time><extensions><gpxtpx:TrackPointExtension><gpxtpx:hr>117</gpxtpx:hr></gpxtpx:TrackPointExtension></extensions></trkpt>
      <trkpt lat="40.653935" lon="-73.967145"><ele>20.6</ele><time>2026-09-23T22:09:36.000Z</time><extensions><gpxtpx:TrackPointExtension><gpxtpx:hr>117</gpxtpx:hr></gpxtpx:TrackPointExtension></extensions></trkpt>
      <trkpt lat="40.65395" lon="-73.967118"><ele>20.6</ele><time>2026-09-23T22:09:37.000Z</time><extensions><gpxtpx:TrackPointExtension><gpxtpx:hr>117</gpxtpx:hr></gpxtpx:TrackPointExtension></extensions></trkpt>
      <trkpt lat="40.653961" lon="-73.967092"><ele>20.8</ele><time>2026-09-23T22:09:38.000Z</time><extensions><gpxtpx:TrackPointExtension><gpxtpx:hr>117</gpxtpx:hr></gpxtpx:TrackPointExtension></extensions></trkpt>
      <trkpt lat="40.653978" lon="-73.96707"><ele>20.8</ele><time>2026-09-23T22:09:39.000Z</time><extensions><gpxtpx:TrackPointExtension><gpxtpx:hr>118</gpxtpx:hr></gpxtpx:TrackPointExtension></extensions></trkpt>
      <trkpt lat="40.653997" lon="-73.96704"><ele>21</ele><time>2026-09-23T22:09:40.000Z</time><extensions><gpxtpx:TrackPointExtension><gpxtpx:hr>118</gpxtpx:hr></gpxtpx:TrackPointExtension></extensions></trkpt>
      <trkpt lat="40.654013" lon="-73.967023"><ele>21</ele><time>2026-09-23T22:09:41.000Z</time><extensions><gpxtpx:TrackPointExtension><gpxtpx:hr>118</gpxtpx:hr></gpxtpx:TrackPointExtension></extensions></trkpt>
      <trkpt lat="40.654029" lon="-73.966996"><ele>21</ele><time>2026-09-23T22:09:42.000Z</time><extensions><gpxtpx:TrackPointExtension><gpxtpx:hr>118</gpxtpx:hr></gpxtpx:TrackPointExtension></extensions></trkpt>
      <trkpt lat="40.654046" lon="-73.966981"><ele>21</ele><time>2026-09-23T22:09:43.000Z</time><extensions><gpxtpx:TrackPointExtension><gpxtpx:hr>118</gpxtpx:hr></gpxtpx:TrackPointExtension></extensions></trkpt>
      <trkpt lat="40.654062" lon="-73.966955"><ele>21.2</ele><time>2026-09-23T22:09:44.000Z</time><extensions><gpxtpx:TrackPointExtension><gpxtpx:hr>118</gpxtpx:hr></gpxtpx:TrackPointExtension></extensions></trkpt>
      <trkpt lat="40.654071" lon="-73.96693"><ele>21.2</ele><time>2026-09-23T22:09:45.000Z</time><extensions><gpxtpx:TrackPointExtension><gpxtpx:hr>118</gpxtpx:hr></gpxtpx:TrackPointExtension></extensions></trkpt>
      <trkpt lat="40.654076" lon="-73.966904"><ele>21.2</ele><time>2026-09-23T22:09:46.000Z</time><extensions><gpxtpx:TrackPointExtension><gpxtpx:hr>118</gpxtpx:hr></gpxtpx:TrackPointExtension></extensions></trkpt>
      <trkpt lat="40.654087" lon="-73.966877"><ele>21.2</ele><time>2026-09-23T22:09:47.000Z</time><extensions><gpxtpx:TrackPointExtension><gpxtpx:hr>118</gpxtpx:hr></gpxtpx:TrackPointExtension></extensions></trkpt>
      <trkpt lat="40.6541" lon="-73.966854"><ele>21.2</ele><time>2026-09-23T22:09:48.000Z</time><extensions><gpxtpx:TrackPointExtension><gpxtpx:hr>118</gpxtpx:hr></gpxtpx:TrackPointExtension></extensions></trkpt>
      <trkpt lat="40.654115" lon="-73.966827"><ele>21.2</ele><time>2026-09-23T22:09:49.000Z</time><extensions><gpxtpx:TrackPointExtension><gpxtpx:hr>118</gpxtpx:hr></gpxtpx:TrackPointExtension></extensions></trkpt>
      <trkpt lat="40.654128" lon="-73.966808"><ele>21.2</ele><time>2026-09-23T22:09:50.000Z</time><extensions><gpxtpx:TrackPointExtension><gpxtpx:hr>118</gpxtpx:hr></gpxtpx:TrackPointExtension></extensions></trkpt>
      <trkpt lat="40.654135" lon="-73.966777"><ele>21.2</ele><time>2026-09-23T22:09:51.000Z</time><extensions><gpxtpx:TrackPointExtension><gpxtpx:hr>119</gpxtpx:hr></gpxtpx:TrackPointExtension></extensions></trkpt>
      <trkpt lat="40.654144" lon="-73.966748"><ele>21.2</ele><time>2026-09-23T22:09:52.000Z</time><extensions><gpxtpx:TrackPointExtension><gpxtpx:hr>119</gpxtpx:hr></gpxtpx:TrackPointExtension></extensions></trkpt>
      <trkpt lat="40.654152" lon="-73.966715"><ele>21.4</ele><time>2026-09-23T22:09:53.000Z</time><extensions><gpxtpx:TrackPointExtension><gpxtpx:hr>119</gpxtpx:hr></gpxtpx:TrackPointExtension></extensions></trkpt>
      <trkpt lat="40.654159" lon="-73.966689"><ele>21.4</ele><time>2026-09-23T22:09:54.000Z</time><extensions><gpxtpx:TrackPointExtension><gpxtpx:hr>119</gpxtpx:hr></gpxtpx:TrackPointExtension></extensions></trkpt>
      <trkpt lat="40.65417" lon="-73.966655"><ele>21.4</ele><time>2026-09-23T22:09:55.000Z</time><extensions><gpxtpx:TrackPointExtension><gpxtpx:hr>119</gpxtpx:hr></gpxtpx:TrackPointExtension></extensions></trkpt>
      <trkpt lat="40.654179" lon="-73.966625"><ele>21.4</ele><time>2026-09-23T22:09:56.000Z</time><extensions><gpxtpx:TrackPointExtension><gpxtpx:hr>120</gpxtpx:hr></gpxtpx:TrackPointExtension></extensions></trkpt>
      <trkpt lat="40.654186" lon="-73.966598"><ele>21.4</ele><time>2026-09-23T22:09:57.000Z</time><extensions><gpxtpx:TrackPointExtension><gpxtpx:hr>119</gpxtpx:hr></gpxtpx:TrackPointExtension></extensions></trkpt>
      <trkpt lat="40.654194" lon="-73.966564"><ele>21.4</ele><time>2026-09-23T22:09:58.000Z</time><extensions><gpxtpx:TrackPointExtension><gpxtpx:hr>119</gpxtpx:hr></gpxtpx:TrackPointExtension></extensions></trkpt>
      <trkpt lat="40.6542" lon="-73.96654"><ele>21.4</ele><time>2026-09-23T22:09:59.000Z</time><extensions><gpxtpx:TrackPointExtension><gpxtpx:hr>119</gpxtpx:hr></gpxtpx:TrackPointExtension></extensions></trkpt>
      <trkpt lat="40.654204" lon="-73.966509"><ele>21.4</ele><time>2026-09-23T22:10:00.000Z</time><extensions><gpxtpx:TrackPointExtension><gpxtpx:hr>119</gpxtpx:hr></gpxtpx:TrackPointExtension></extensions></trkpt>
      <trkpt lat="40.654206" lon="-73.966479"><ele>21.4</ele><time>2026-09-23T22:10:01.000Z</time><extensions><gpxtpx:TrackPointExtension><gpxtpx:hr>120</gpxtpx:hr></gpxtpx:TrackPointExtension></extensions></trkpt>
      <trkpt lat="40.654209" lon="-73.966449"><ele>21.4</ele><time>2026-09-23T22:10:02.000Z</time><extensions><gpxtpx:TrackPointExtension><gpxtpx:hr>120</gpxtpx:hr></gpxtpx:TrackPointExtension></extensions></trkpt>
      <trkpt lat="40.654206" lon="-73.966412"><ele>21.4</ele><time>2026-09-23T22:10:03.000Z</time><extensions><gpxtpx:TrackPointExtension><gpxtpx:hr>120</gpxtpx:hr></gpxtpx:TrackPointExtension></extensions></trkpt>
      <trkpt lat="40.654204" lon="-73.966385"><ele>21.4</ele><time>2026-09-23T22:10:04.000Z</time><extensions><gpxtpx:TrackPointExtension><gpxtpx:hr>120</gpxtpx:hr></gpxtpx:TrackPointExtension></extensions></trkpt>
      <trkpt lat="40.654201" lon="-73.966349"><ele>21.4</ele><time>2026-09-23T22:10:05.000Z</time><extensions><gpxtpx:TrackPointExtension><gpxtpx:hr>121</gpxtpx:hr></gpxtpx:TrackPointExtension></extensions></trkpt>
      <trkpt lat="40.654192" lon="-73.966329"><ele>21.6</ele><time>2026-09-23T22:10:06.000Z</time><extensions><gpxtpx:TrackPointExtension><gpxtpx:hr>121</gpxtpx:hr></gpxtpx:TrackPointExtension></extensions></trkpt>
      <trkpt lat="40.654187" lon="-73.966306"><ele>21.6</ele><time>2026-09-23T22:10:07.000Z</time><extensions><gpxtpx:TrackPointExtension><gpxtpx:hr>121</gpxtpx:hr></gpxtpx:TrackPointExtension></extensions></trkpt>
      <trkpt lat="40.654182" lon="-73.966284"><ele>21.6</ele><time>2026-09-23T22:10:08.000Z</time><extensions><gpxtpx:TrackPointExtension><gpxtpx:hr>121</gpxtpx:hr></gpxtpx:TrackPointExtension></extensions></trkpt>
      <trkpt lat="40.65418" lon="-73.966261"><ele>21.6</ele><time>2026-09-23T22:10:09.000Z</time><extensions><gpxtpx:TrackPointExtension><gpxtpx:hr>121</gpxtpx:hr></gpxtpx:TrackPointExtension></extensions></trkpt>
      <trkpt lat="40.654173" lon="-73.96623"><ele>21.6</ele><time>2026-09-23T22:10:10.000Z</time><extensions><gpxtpx:TrackPointExtension><gpxtpx:hr>121</gpxtpx:hr></gpxtpx:TrackPointExtension></extensions></trkpt>
      <trkpt lat="40.654164" lon="-73.966209"><ele>21.8</ele><time>2026-09-23T22:10:11.000Z</time><extensions><gpxtpx:TrackPointExtension><gpxtpx:hr>121</gpxtpx:hr></gpxtpx:TrackPointExtension></extensions></trkpt>
      <trkpt lat="40.654155" lon="-73.966178"><ele>21.8</ele><time>2026-09-23T22:10:12.000Z</time><extensions><gpxtpx:TrackPointExtension><gpxtpx:hr>121</gpxtpx:hr></gpxtpx:TrackPointExtension></extensions></trkpt>
      <trkpt lat="40.65415" lon="-73.966157"><ele>21.8</ele><time>2026-09-23T22:10:13.000Z</time><extensions><gpxtpx:TrackPointExtension><gpxtpx:hr>121</gpxtpx:hr></gpxtpx:TrackPointExtension></extensions></trkpt>
      <trkpt lat="40.654139" lon="-73.966128"><ele>21.8</ele><time>2026-09-23T22:10:14.000Z</time><extensions><gpxtpx:TrackPointExtension><gpxtpx:hr>121</gpxtpx:hr></gpxtpx:TrackPointExtension></extensions></trkpt>
      <trkpt lat="40.65413" lon="-73.966098"><ele>22</ele><time>2026-09-23T22:10:15.000Z</time><extensions><gpxtpx:TrackPointExtension><gpxtpx:hr>122</gpxtpx:hr></gpxtpx:TrackPointExtension></extensions></trkpt>
      <trkpt lat="40.654121" lon="-73.966067"><ele>22</ele><time>2026-09-23T22:10:16.000Z</time><extensions><gpxtpx:TrackPointExtension><gpxtpx:hr>122</gpxtpx:hr></gpxtpx:TrackPointExtension></extensions></trkpt>
      <trkpt lat="40.654115" lon="-73.966039"><ele>22</ele><time>2026-09-23T22:10:17.000Z</time><extensions><gpxtpx:TrackPointExtension><gpxtpx:hr>122</gpxtpx:hr></gpxtpx:TrackPointExtension></extensions></trkpt>
      <trkpt lat="40.65411" lon="-73.966007"><ele>22.2</ele><time>2026-09-23T22:10:18.000Z</time><extensions><gpxtpx:TrackPointExtension><gpxtpx:hr>123</gpxtpx:hr></gpxtpx:TrackPointExtension></extensions></trkpt>
      <trkpt lat="40.654108" lon="-73.965973"><ele>22.2</ele><time>2026-09-23T22:10:19.000Z</time><extensions><gpxtpx:TrackPointExtension><gpxtpx:hr>123</gpxtpx:hr></gpxtpx:TrackPointExtension></extensions></trkpt>
      <trkpt lat="40.654109" lon="-73.965939"><ele>22.2</ele><time>2026-09-23T22:10:20.000Z</time><extensions><gpxtpx:TrackPointExtension><gpxtpx:hr>123</gpxtpx:hr></gpxtpx:TrackPointExtension></extensions></trkpt>
      <trkpt lat="40.654105" lon="-73.965903"><ele>22.2</ele><time>2026-09-23T22:10:21.000Z</time><extensions><gpxtpx:TrackPointExtension><gpxtpx:hr>123</gpxtpx:hr></gpxtpx:TrackPointExtension></extensions></trkpt>
      <trkpt lat="40.654105" lon="-73.965873"><ele>22.2</ele><time>2026-09-23T22:10:22.000Z</time><extensions><gpxtpx:TrackPointExtension><gpxtpx:hr>123</gpxtpx:hr></gpxtpx:TrackPointExtension></extensions></trkpt>
      <trkpt lat="40.6541" lon="-73.965839"><ele>22.2</ele><time>2026-09-23T22:10:23.000Z</time><extensions><gpxtpx:TrackPointExtension><gpxtpx:hr>123</gpxtpx:hr></gpxtpx:TrackPointExtension></extensions></trkpt>
      <trkpt lat="40.654101" lon="-73.965815"><ele>22.2</ele><time>2026-09-23T22:10:24.000Z</time><extensions><gpxtpx:TrackPointExtension><gpxtpx:hr>122</gpxtpx:hr></gpxtpx:TrackPointExtension></extensions></trkpt>
      <trkpt lat="40.654101" lon="-73.965782"><ele>22.2</ele><time>2026-09-23T22:10:25.000Z</time><extensions><gpxtpx:TrackPointExtension><gpxtpx:hr>122</gpxtpx:hr></gpxtpx:TrackPointExtension></extensions></trkpt>
      <trkpt lat="40.654099" lon="-73.965753"><ele>22.2</ele><time>2026-09-23T22:10:26.000Z</time><extensions><gpxtpx:TrackPointExtension><gpxtpx:hr>122</gpxtpx:hr></gpxtpx:TrackPointExtension></extensions></trkpt>
      <trkpt lat="40.654096" lon="-73.965727"><ele>22.2</ele><time>2026-09-23T22:10:27.000Z</time><extensions><gpxtpx:TrackPointExtension><gpxtpx:hr>122</gpxtpx:hr></gpxtpx:TrackPointExtension></extensions></trkpt>
      <trkpt lat="40.654098" lon="-73.965698"><ele>22.4</ele><time>2026-09-23T22:10:28.000Z</time><extensions><gpxtpx:TrackPointExtension><gpxtpx:hr>122</gpxtpx:hr></gpxtpx:TrackPointExtension></extensions></trkpt>
      <trkpt lat="40.654102" lon="-73.96567"><ele>22.4</ele><time>2026-09-23T22:10:29.000Z</time><extensions><gpxtpx:TrackPointExtension><gpxtpx:hr>122</gpxtpx:hr></gpxtpx:TrackPointExtension></extensions></trkpt>
      <trkpt lat="40.654105" lon="-73.96564"><ele>22.4</ele><time>2026-09-23T22:10:30.000Z</time><extensions><gpxtpx:TrackPointExtension><gpxtpx:hr>123</gpxtpx:hr></gpxtpx:TrackPointExtension></extensions></trkpt>
      <trkpt lat="40.654111" lon="-73.96561"><ele>22.2</ele><time>2026-09-23T22:10:31.000Z</time><extensions><gpxtpx:TrackPointExtension><gpxtpx:hr>123</gpxtpx:hr></gpxtpx:TrackPointExtension></extensions></trkpt>
      <trkpt lat="40.654119" lon="-73.965578"><ele>22.2</ele><time>2026-09-23T22:10:32.000Z</time><extensions><gpxtpx:TrackPointExtension><gpxtpx:hr>124</gpxtpx:hr></gpxtpx:TrackPointExtension></extensions></trkpt>
      <trkpt lat="40.654128" lon="-73.965549"><ele>22.2</ele><time>2026-09-23T22:10:33.000Z</time><extensions><gpxtpx:TrackPointExtension><gpxtpx:hr>124</gpxtpx:hr></gpxtpx:TrackPointExtension></extensions></trkpt>
      <trkpt lat="40.654139" lon="-73.96551"><ele>22</ele><time>2026-09-23T22:10:34.000Z</time><extensions><gpxtpx:TrackPointExtension><gpxtpx:hr>124</gpxtpx:hr></gpxtpx:TrackPointExtension></extensions></trkpt>
      <trkpt lat="40.654153" lon="-73.965483"><ele>22.2</ele><time>2026-09-23T22:10:35.000Z</time><extensions><gpxtpx:TrackPointExtension><gpxtpx:hr>125</gpxtpx:hr></gpxtpx:TrackPointExtension></extensions></trkpt>
      <trkpt lat="40.654161" lon="-73.965447"><ele>22.2</ele><time>2026-09-23T22:10:36.000Z</time><extensions><gpxtpx:TrackPointExtension><gpxtpx:hr>125</gpxtpx:hr></gpxtpx:TrackPointExtension></extensions></trkpt>
      <trkpt lat="40.654171" lon="-73.965425"><ele>22.2</ele><time>2026-09-23T22:10:37.000Z</time><extensions><gpxtpx:TrackPointExtension><gpxtpx:hr>125</gpxtpx:hr></gpxtpx:TrackPointExtension></extensions></trkpt>
      <trkpt lat="40.654182" lon="-73.965396"><ele>22.2</ele><time>2026-09-23T22:10:38.000Z</time><extensions><gpxtpx:TrackPointExtension><gpxtpx:hr>125</gpxtpx:hr></gpxtpx:TrackPointExtension></extensions></trkpt>
      <trkpt lat="40.65419" lon="-73.965374"><ele>22.2</ele><time>2026-09-23T22:10:39.000Z</time><extensions><gpxtpx:TrackPointExtension><gpxtpx:hr>125</gpxtpx:hr></gpxtpx:TrackPointExtension></extensions></trkpt>
      <trkpt lat="40.654201" lon="-73.965344"><ele>22.2</ele><time>2026-09-23T22:10:40.000Z</time><extensions><gpxtpx:TrackPointExtension><gpxtpx:hr>126</gpxtpx:hr></gpxtpx:TrackPointExtension></extensions></trkpt>
      <trkpt lat="40.654207" lon="-73.965317"><ele>22.4</ele><time>2026-09-23T22:10:41.000Z</time><extensions><gpxtpx:TrackPointExtension><gpxtpx:hr>126</gpxtpx:hr></gpxtpx:TrackPointExtension></extensions></trkpt>
      <trkpt lat="40.654219" lon="-73.965288"><ele>22.4</ele><time>2026-09-23T22:10:42.000Z</time><extensions><gpxtpx:TrackPointExtension><gpxtpx:hr>126</gpxtpx:hr></gpxtpx:TrackPointExtension></extensions></trkpt>
      <trkpt lat="40.654224" lon="-73.965262"><ele>22.4</ele><time>2026-09-23T22:10:43.000Z</time><extensions><gpxtpx:TrackPointExtension><gpxtpx:hr>126</gpxtpx:hr></gpxtpx:TrackPointExtension></extensions></trkpt>
      <trkpt lat="40.654234" lon="-73.965234"><ele>22.4</ele><time>2026-09-23T22:10:44.000Z</time><extensions><gpxtpx:TrackPointExtension><gpxtpx:hr>126</gpxtpx:hr></gpxtpx:TrackPointExtension></extensions></trkpt>
      <trkpt lat="40.654241" lon="-73.965211"><ele>22.4</ele><time>2026-09-23T22:10:45.000Z</time><extensions><gpxtpx:TrackPointExtension><gpxtpx:hr>126</gpxtpx:hr></gpxtpx:TrackPointExtension></extensions></trkpt>
      <trkpt lat="40.654251" lon="-73.965184"><ele>22.4</ele><time>2026-09-23T22:10:46.000Z</time><extensions><gpxtpx:TrackPointExtension><gpxtpx:hr>126</gpxtpx:hr></gpxtpx:TrackPointExtension></extensions></trkpt>
      <trkpt lat="40.654258" lon="-73.965159"><ele>22.4</ele><time>2026-09-23T22:10:47.000Z</time><extensions><gpxtpx:TrackPointExtension><gpxtpx:hr>126</gpxtpx:hr></gpxtpx:TrackPointExtension></extensions></trkpt>
      <trkpt lat="40.65427" lon="-73.965132"><ele>22.4</ele><time>2026-09-23T22:10:48.000Z</time><extensions><gpxtpx:TrackPointExtension><gpxtpx:hr>125</gpxtpx:hr></gpxtpx:TrackPointExtension></extensions></trkpt>
      <trkpt lat="40.654279" lon="-73.965107"><ele>22.4</ele><time>2026-09-23T22:10:49.000Z</time><extensions><gpxtpx:TrackPointExtension><gpxtpx:hr>125</gpxtpx:hr></gpxtpx:TrackPointExtension></extensions></trkpt>
      <trkpt lat="40.654293" lon="-73.965081"><ele>22.4</ele><time>2026-09-23T22:10:50.000Z</time><extensions><gpxtpx:TrackPointExtension><gpxtpx:hr>124</gpxtpx:hr></gpxtpx:TrackPointExtension></extensions></trkpt>
      <trkpt lat="40.654305" lon="-73.965056"><ele>22.4</ele><time>2026-09-23T22:10:51.000Z</time><extensions><gpxtpx:TrackPointExtension><gpxtpx:hr>124</gpxtpx:hr></gpxtpx:TrackPointExtension></extensions></trkpt>
      <trkpt lat="40.654318" lon="-73.965034"><ele>22.4</ele><time>2026-09-23T22:10:52.000Z</time><extensions><gpxtpx:TrackPointExtension><gpxtpx:hr>123</gpxtpx:hr></gpxtpx:TrackPointExtension></extensions></trkpt>
      <trkpt lat="40.654329" lon="-73.965008"><ele>22.4</ele><time>2026-09-23T22:10:53.000Z</time><extensions><gpxtpx:TrackPointExtension><gpxtpx:hr>123</gpxtpx:hr></gpxtpx:TrackPointExtension></extensions></trkpt>
      <trkpt lat="40.654342" lon="-73.964983"><ele>22.4</ele><time>2026-09-23T22:10:54.000Z</time><extensions><gpxtpx:TrackPointExtension><gpxtpx:hr>123</gpxtpx:hr></gpxtpx:TrackPointExtension></extensions></trkpt>
      <trkpt lat="40.654352" lon="-73.964953"><ele>22.4</ele><time>2026-09-23T22:10:55.000Z</time><extensions><gpxtpx:TrackPointExtension><gpxtpx:hr>123</gpxtpx:hr></gpxtpx:TrackPointExtension></extensions></trkpt>
      <trkpt lat="40.65437" lon="-73.964927"><ele>22.4</ele><time>2026-09-23T22:10:56.000Z</time><extensions><gpxtpx:TrackPointExtension><gpxtpx:hr>123</gpxtpx:hr></gpxtpx:TrackPointExtension></extensions></trkpt>
      <trkpt lat="40.654386" lon="-73.964896"><ele>22.4</ele><time>2026-09-23T22:10:57.000Z</time><extensions><gpxtpx:TrackPointExtension><gpxtpx:hr>123</gpxtpx:hr></gpxtpx:TrackPointExtension></extensions></trkpt>
      <trkpt lat="40.654403" lon="-73.964876"><ele>22.4</ele><time>2026-09-23T22:10:58.000Z</time><extensions><gpxtpx:TrackPointExtension><gpxtpx:hr>123</gpxtpx:hr></gpxtpx:TrackPointExtension></extensions></trkpt>
      <trkpt lat="40.654417" lon="-73.964848"><ele>22.4</ele><time>2026-09-23T22:10:59.000Z</time><extensions><gpxtpx:TrackPointExtension><gpxtpx:hr>123</gpxtpx:hr></gpxtpx:TrackPointExtension></extensions></trkpt>
      <trkpt lat="40.654433" lon="-73.964828"><ele>22.4</ele><time>2026-09-23T22:11:00.000Z</time><extensions><gpxtpx:TrackPointExtension><gpxtpx:hr>124</gpxtpx:hr></gpxtpx:TrackPointExtension></extensions></trkpt>
      <trkpt lat="40.654451" lon="-73.9648"><ele>22.4</ele><time>2026-09-23T22:11:01.000Z</time><extensions><gpxtpx:TrackPointExtension><gpxtpx:hr>124</gpxtpx:hr></gpxtpx:TrackPointExtension></extensions></trkpt>
      <trkpt lat="40.654471" lon="-73.964778"><ele>22.4</ele><time>2026-09-23T22:11:02.000Z</time><extensions><gpxtpx:TrackPointExtension><gpxtpx:hr>124</gpxtpx:hr></gpxtpx:TrackPointExtension></extensions></trkpt>
      <trkpt lat="40.654491" lon="-73.964747"><ele>22.6</ele><time>2026-09-23T22:11:03.000Z</time><extensions><gpxtpx:TrackPointExtension><gpxtpx:hr>124</gpxtpx:hr></gpxtpx:TrackPointExtension></extensions></trkpt>
      <trkpt lat="40.65451" lon="-73.96473"><ele>22.6</ele><time>2026-09-23T22:11:04.000Z</time><extensions><gpxtpx:TrackPointExtension><gpxtpx:hr>124</gpxtpx:hr></gpxtpx:TrackPointExtension></extensions></trkpt>
      <trkpt lat="40.654525" lon="-73.964704"><ele>22.8</ele><time>2026-09-23T22:11:05.000Z</time><extensions><gpxtpx:TrackPointExtension><gpxtpx:hr>124</gpxtpx:hr></gpxtpx:TrackPointExtension></extensions></trkpt>
      <trkpt lat="40.654542" lon="-73.964687"><ele>22.8</ele><time>2026-09-23T22:11:06.000Z</time><extensions><gpxtpx:TrackPointExtension><gpxtpx:hr>124</gpxtpx:hr></gpxtpx:TrackPointExtension></extensions></trkpt>
      <trkpt lat="40.654559" lon="-73.964661"><ele>22.8</ele><time>2026-09-23T22:11:07.000Z</time><extensions><gpxtpx:TrackPointExtension><gpxtpx:hr>125</gpxtpx:hr></gpxtpx:TrackPointExtension></extensions></trkpt>
      <trkpt lat="40.654577" lon="-73.964647"><ele>22.8</ele><time>2026-09-23T22:11:08.000Z</time><extensions><gpxtpx:TrackPointExtension><gpxtpx:hr>124</gpxtpx:hr></gpxtpx:TrackPointExtension></extensions></trkpt>
      <trkpt lat="40.654595" lon="-73.964623"><ele>22.8</ele><time>2026-09-23T22:11:09.000Z</time><extensions><gpxtpx:TrackPointExtension><gpxtpx:hr>124</gpxtpx:hr></gpxtpx:TrackPointExtension></extensions></trkpt>
      <trkpt lat="40.65461" lon="-73.964603"><ele>22.8</ele><time>2026-09-23T22:11:10.000Z</time><extensions><gpxtpx:TrackPointExtension><gpxtpx:hr>124</gpxtpx:hr></gpxtpx:TrackPointExtension></extensions></trkpt>
      <trkpt lat="40.654626" lon="-73.96458"><ele>22.8</ele><time>2026-09-23T22:11:11.000Z</time><extensions><gpxtpx:TrackPointExtension><gpxtpx:hr>124</gpxtpx:hr></gpxtpx:TrackPointExtension></extensions></trkpt>
      <trkpt lat="40.654645" lon="-73.964555"><ele>22.8</ele><time>2026-09-23T22:11:12.000Z</time><extensions><gpxtpx:TrackPointExtension><gpxtpx:hr>124</gpxtpx:hr></gpxtpx:TrackPointExtension></extensions></trkpt>
      <trkpt lat="40.65466" lon="-73.96454"><ele>22.8</ele><time>2026-09-23T22:11:13.000Z</time><extensions><gpxtpx:TrackPointExtension><gpxtpx:hr>123</gpxtpx:hr></gpxtpx:TrackPointExtension></extensions></trkpt>
      <trkpt lat="40.654674" lon="-73.964516"><ele>22.6</ele><time>2026-09-23T22:11:14.000Z</time><extensions><gpxtpx:TrackPointExtension><gpxtpx:hr>124</gpxtpx:hr></gpxtpx:TrackPointExtension></extensions></trkpt>
      <trkpt lat="40.654688" lon="-73.964505"><ele>22.6</ele><time>2026-09-23T22:11:15.000Z</time><extensions><gpxtpx:TrackPointExtension><gpxtpx:hr>124</gpxtpx:hr></gpxtpx:TrackPointExtension></extensions></trkpt>
      <trkpt lat="40.654707" lon="-73.964486"><ele>22.6</ele><time>2026-09-23T22:11:16.000Z</time><extensions><gpxtpx:TrackPointExtension><gpxtpx:hr>124</gpxtpx:hr></gpxtpx:TrackPointExtension></extensions></trkpt>
      <trkpt lat="40.654721" lon="-73.964478"><ele>22.6</ele><time>2026-09-23T22:11:17.000Z</time><extensions><gpxtpx:TrackPointExtension><gpxtpx:hr>124</gpxtpx:hr></gpxtpx:TrackPointExtension></extensions></trkpt>
      <trkpt lat="40.654744" lon="-73.964463"><ele>22.8</ele><time>2026-09-23T22:11:18.000Z</time><extensions><gpxtpx:TrackPointExtension><gpxtpx:hr>125</gpxtpx:hr></gpxtpx:TrackPointExtension></extensions></trkpt>
      <trkpt lat="40.654755" lon="-73.964452"><ele>22.8</ele><time>2026-09-23T22:11:19.000Z</time><extensions><gpxtpx:TrackPointExtension><gpxtpx:hr>126</gpxtpx:hr></gpxtpx:TrackPointExtension></extensions></trkpt>
      <trkpt lat="40.654773" lon="-73.964431"><ele>23</ele><time>2026-09-23T22:11:20.000Z</time><extensions><gpxtpx:TrackPointExtension><gpxtpx:hr>127</gpxtpx:hr></gpxtpx:TrackPointExtension></extensions></trkpt>
      <trkpt lat="40.654787" lon="-73.96441"><ele>22.8</ele><time>2026-09-23T22:11:21.000Z</time><extensions><gpxtpx:TrackPointExtension><gpxtpx:hr>128</gpxtpx:hr></gpxtpx:TrackPointExtension></extensions></trkpt>
      <trkpt lat="40.654803" lon="-73.964389"><ele>22.8</ele><time>2026-09-23T22:11:22.000Z</time><extensions><gpxtpx:TrackPointExtension><gpxtpx:hr>128</gpxtpx:hr></gpxtpx:TrackPointExtension></extensions></trkpt>
      <trkpt lat="40.654819" lon="-73.964361"><ele>22.8</ele><time>2026-09-23T22:11:23.000Z</time><extensions><gpxtpx:TrackPointExtension><gpxtpx:hr>128</gpxtpx:hr></gpxtpx:TrackPointExtension></extensions></trkpt>
      <trkpt lat="40.654837" lon="-73.964339"><ele>22.6</ele><time>2026-09-23T22:11:24.000Z</time><extensions><gpxtpx:TrackPointExtension><gpxtpx:hr>128</gpxtpx:hr></gpxtpx:TrackPointExtension></extensions></trkpt>
      <trkpt lat="40.654855" lon="-73.964312"><ele>22.6</ele><time>2026-09-23T22:11:25.000Z</time><extensions><gpxtpx:TrackPointExtension><gpxtpx:hr>128</gpxtpx:hr></gpxtpx:TrackPointExtension></extensions></trkpt>
      <trkpt lat="40.654872" lon="-73.964298"><ele>22.6</ele><time>2026-09-23T22:11:26.000Z</time><extensions><gpxtpx:TrackPointExtension><gpxtpx:hr>128</gpxtpx:hr></gpxtpx:TrackPointExtension></extensions></trkpt>
      <trkpt lat="40.654892" lon="-73.964269"><ele>22.8</ele><time>2026-09-23T22:11:27.000Z</time><extensions><gpxtpx:TrackPointExtension><gpxtpx:hr>128</gpxtpx:hr></gpxtpx:TrackPointExtension></extensions></trkpt>
      <trkpt lat="40.654909" lon="-73.964254"><ele>22.8</ele><time>2026-09-23T22:11:28.000Z</time><extensions><gpxtpx:TrackPointExtension><gpxtpx:hr>128</gpxtpx:hr></gpxtpx:TrackPointExtension></extensions></trkpt>
      <trkpt lat="40.654932" lon="-73.964229"><ele>23.2</ele><time>2026-09-23T22:11:29.000Z</time><extensions><gpxtpx:TrackPointExtension><gpxtpx:hr>128</gpxtpx:hr></gpxtpx:TrackPointExtension></extensions></trkpt>
      <trkpt lat="40.654947" lon="-73.964213"><ele>23.4</ele><time>2026-09-23T22:11:30.000Z</time><extensions><gpxtpx:TrackPointExtension><gpxtpx:hr>128</gpxtpx:hr></gpxtpx:TrackPointExtension></extensions></trkpt>
      <trkpt lat="40.654966" lon="-73.964193"><ele>23.6</ele><time>2026-09-23T22:11:31.000Z</time><extensions><gpxtpx:TrackPointExtension><gpxtpx:hr>128</gpxtpx:hr></gpxtpx:TrackPointExtension></extensions></trkpt>
      <trkpt lat="40.654982" lon="-73.96418"><ele>23.6</ele><time>2026-09-23T22:11:32.000Z</time><extensions><gpxtpx:TrackPointExtension><gpxtpx:hr>128</gpxtpx:hr></gpxtpx:TrackPointExtension></extensions></trkpt>
      <trkpt lat="40.655006" lon="-73.964158"><ele>23.6</ele><time>2026-09-23T22:11:33.000Z</time><extensions><gpxtpx:TrackPointExtension><gpxtpx:hr>129</gpxtpx:hr></gpxtpx:TrackPointExtension></extensions></trkpt>
      <trkpt lat="40.655024" lon="-73.964138"><ele>23.8</ele><time>2026-09-23T22:11:34.000Z</time><extensions><gpxtpx:TrackPointExtension><gpxtpx:hr>129</gpxtpx:hr></gpxtpx:TrackPointExtension></extensions></trkpt>
      <trkpt lat="40.655045" lon="-73.964122"><ele>23.8</ele><time>2026-09-23T22:11:35.000Z</time><extensions><gpxtpx:TrackPointExtension><gpxtpx:hr>129</gpxtpx:hr></gpxtpx:TrackPointExtension></extensions></trkpt>
      <trkpt lat="40.655065" lon="-73.964101"><ele>23.8</ele><time>2026-09-23T22:11:36.000Z</time><extensions><gpxtpx:TrackPointExtension><gpxtpx:hr>129</gpxtpx:hr></gpxtpx:TrackPointExtension></extensions></trkpt>
      <trkpt lat="40.655086" lon="-73.964086"><ele>23.8</ele><time>2026-09-23T22:11:37.000Z</time><extensions><gpxtpx:TrackPointExtension><gpxtpx:hr>129</gpxtpx:hr></gpxtpx:TrackPointExtension></extensions></trkpt>
      <trkpt lat="40.655108" lon="-73.964065"><ele>23.8</ele><time>2026-09-23T22:11:38.000Z</time><extensions><gpxtpx:TrackPointExtension><gpxtpx:hr>129</gpxtpx:hr></gpxtpx:TrackPointExtension></extensions></trkpt>
      <trkpt lat="40.655129" lon="-73.964051"><ele>23.8</ele><time>2026-09-23T22:11:39.000Z</time><extensions><gpxtpx:TrackPointExtension><gpxtpx:hr>129</gpxtpx:hr></gpxtpx:TrackPointExtension></extensions></trkpt>
      <trkpt lat="40.655148" lon="-73.96403"><ele>24</ele><time>2026-09-23T22:11:40.000Z</time><extensions><gpxtpx:TrackPointExtension><gpxtpx:hr>128</gpxtpx:hr></gpxtpx:TrackPointExtension></extensions></trkpt>
      <trkpt lat="40.655167" lon="-73.964017"><ele>23.8</ele><time>2026-09-23T22:11:41.000Z</time><extensions><gpxtpx:TrackPointExtension><gpxtpx:hr>128</gpxtpx:hr></gpxtpx:TrackPointExtension></extensions></trkpt>
      <trkpt lat="40.655188" lon="-73.964"><ele>24</ele><time>2026-09-23T22:11:42.000Z</time><extensions><gpxtpx:TrackPointExtension><gpxtpx:hr>129</gpxtpx:hr></gpxtpx:TrackPointExtension></extensions></trkpt>
      <trkpt lat="40.655205" lon="-73.963987"><ele>24</ele><time>2026-09-23T22:11:43.000Z</time><extensions><gpxtpx:TrackPointExtension><gpxtpx:hr>129</gpxtpx:hr></gpxtpx:TrackPointExtension></extensions></trkpt>
      <trkpt lat="40.655227" lon="-73.963969"><ele>24</ele><time>2026-09-23T22:11:44.000Z</time><extensions><gpxtpx:TrackPointExtension><gpxtpx:hr>129</gpxtpx:hr></gpxtpx:TrackPointExtension></extensions></trkpt>
      <trkpt lat="40.655247" lon="-73.963954"><ele>24</ele><time>2026-09-23T22:11:45.000Z</time><extensions><gpxtpx:TrackPointExtension><gpxtpx:hr>129</gpxtpx:hr></gpxtpx:TrackPointExtension></extensions></trkpt>
      <trkpt lat="40.655272" lon="-73.963935"><ele>24</ele><time>2026-09-23T22:11:46.000Z</time><extensions><gpxtpx:TrackPointExtension><gpxtpx:hr>130</gpxtpx:hr></gpxtpx:TrackPointExtension></extensions></trkpt>
      <trkpt lat="40.655295" lon="-73.963919"><ele>24</ele><time>2026-09-23T22:11:47.000Z</time><extensions><gpxtpx:TrackPointExtension><gpxtpx:hr>130</gpxtpx:hr></gpxtpx:TrackPointExtension></extensions></trkpt>
      <trkpt lat="40.655317" lon="-73.963901"><ele>23.8</ele><time>2026-09-23T22:11:48.000Z</time><extensions><gpxtpx:TrackPointExtension><gpxtpx:hr>131</gpxtpx:hr></gpxtpx:TrackPointExtension></extensions></trkpt>
      <trkpt lat="40.655335" lon="-73.96389"><ele>23.8</ele><time>2026-09-23T22:11:49.000Z</time><extensions><gpxtpx:TrackPointExtension><gpxtpx:hr>131</gpxtpx:hr></gpxtpx:TrackPointExtension></extensions></trkpt>
      <trkpt lat="40.655356" lon="-73.963875"><ele>23.6</ele><time>2026-09-23T22:11:50.000Z</time><extensions><gpxtpx:TrackPointExtension><gpxtpx:hr>131</gpxtpx:hr></gpxtpx:TrackPointExtension></extensions></trkpt>
      <trkpt lat="40.655377" lon="-73.963866"><ele>23.6</ele><time>2026-09-23T22:11:51.000Z</time><extensions><gpxtpx:TrackPointExtension><gpxtpx:hr>131</gpxtpx:hr></gpxtpx:TrackPointExtension></extensions></trkpt>
      <trkpt lat="40.655402" lon="-73.963852"><ele>23.6</ele><time>2026-09-23T22:11:52.000Z</time><extensions><gpxtpx:TrackPointExtension><gpxtpx:hr>131</gpxtpx:hr></gpxtpx:TrackPointExtension></extensions></trkpt>
      <trkpt lat="40.655426" lon="-73.963844"><ele>23.6</ele><time>2026-09-23T22:11:53.000Z</time><extensions><gpxtpx:TrackPointExtension><gpxtpx:hr>131</gpxtpx:hr></gpxtpx:TrackPointExtension></extensions></trkpt>
      <trkpt lat="40.655453" lon="-73.963836"><ele>23.4</ele><time>2026-09-23T22:11:54.000Z</time><extensions><gpxtpx:TrackPointExtension><gpxtpx:hr>130</gpxtpx:hr></gpxtpx:TrackPointExtension></extensions></trkpt>
      <trkpt lat="40.655475" lon="-73.963831"><ele>23.4</ele><time>2026-09-23T22:11:55.000Z</time><extensions><gpxtpx:TrackPointExtension><gpxtpx:hr>130</gpxtpx:hr></gpxtpx:TrackPointExtension></extensions></trkpt>
      <trkpt lat="40.655502" lon="-73.963827"><ele>23.6</ele><time>2026-09-23T22:11:56.000Z</time><extensions><gpxtpx:TrackPointExtension><gpxtpx:hr>130</gpxtpx:hr></gpxtpx:TrackPointExtension></extensions></trkpt>
      <trkpt lat="40.655525" lon="-73.963827"><ele>23.4</ele><time>2026-09-23T22:11:57.000Z</time><extensions><gpxtpx:TrackPointExtension><gpxtpx:hr>130</gpxtpx:hr></gpxtpx:TrackPointExtension></extensions></trkpt>
      <trkpt lat="40.655551" lon="-73.963831"><ele>23.6</ele><time>2026-09-23T22:11:58.000Z</time><extensions><gpxtpx:TrackPointExtension><gpxtpx:hr>129</gpxtpx:hr></gpxtpx:TrackPointExtension></extensions></trkpt>
      <trkpt lat="40.655575" lon="-73.963832"><ele>23.6</ele><time>2026-09-23T22:11:59.000Z</time><extensions><gpxtpx:TrackPointExtension><gpxtpx:hr>129</gpxtpx:hr></gpxtpx:TrackPointExtension></extensions></trkpt>
      <trkpt lat="40.6556" lon="-73.963828"><ele>23.6</ele><time>2026-09-23T22:12:00.000Z</time><extensions><gpxtpx:TrackPointExtension><gpxtpx:hr>129</gpxtpx:hr></gpxtpx:TrackPointExtension></extensions></trkpt>
      <trkpt lat="40.655624" lon="-73.963808"><ele>23.6</ele><time>2026-09-23T22:12:01.000Z</time><extensions><gpxtpx:TrackPointExtension><gpxtpx:hr>129</gpxtpx:hr></gpxtpx:TrackPointExtension></extensions></trkpt>
      <trkpt lat="40.655642" lon="-73.963782"><ele>23.8</ele><time>2026-09-23T22:12:02.000Z</time><extensions><gpxtpx:TrackPointExtension><gpxtpx:hr>129</gpxtpx:hr></gpxtpx:TrackPointExtension></extensions></trkpt>
      <trkpt lat="40.655648" lon="-73.963751"><ele>23.8</ele><time>2026-09-23T22:12:03.000Z</time><extensions><gpxtpx:TrackPointExtension><gpxtpx:hr>129</gpxtpx:hr></gpxtpx:TrackPointExtension></extensions></trkpt>
      <trkpt lat="40.655656" lon="-73.96372"><ele>23.8</ele><time>2026-09-23T22:12:04.000Z</time><extensions><gpxtpx:TrackPointExtension><gpxtpx:hr>129</gpxtpx:hr></gpxtpx:TrackPointExtension></extensions></trkpt>
      <trkpt lat="40.655648" lon="-73.963683"><ele>23.8</ele><time>2026-09-23T22:12:05.000Z</time><extensions><gpxtpx:TrackPointExtension><gpxtpx:hr>129</gpxtpx:hr></gpxtpx:TrackPointExtension></extensions></trkpt>
      <trkpt lat="40.655644" lon="-73.963657"><ele>23.8</ele><time>2026-09-23T22:12:06.000Z</time><extensions><gpxtpx:TrackPointExtension><gpxtpx:hr>129</gpxtpx:hr></gpxtpx:TrackPointExtension></extensions></trkpt>
      <trkpt lat="40.65563" lon="-73.963626"><ele>23.8</ele><time>2026-09-23T22:12:07.000Z</time><extensions><gpxtpx:TrackPointExtension><gpxtpx:hr>130</gpxtpx:hr></gpxtpx:TrackPointExtension></extensions></trkpt>
      <trkpt lat="40.655622" lon="-73.963606"><ele>23.8</ele><time>2026-09-23T22:12:08.000Z</time><extensions><gpxtpx:TrackPointExtension><gpxtpx:hr>130</gpxtpx:hr></gpxtpx:TrackPointExtension></extensions></trkpt>
      <trkpt lat="40.655611" lon="-73.963585"><ele>24</ele><time>2026-09-23T22:12:09.000Z</time><extensions><gpxtpx:TrackPointExtension><gpxtpx:hr>130</gpxtpx:hr></gpxtpx:TrackPointExtension></extensions></trkpt>
      <trkpt lat="40.655604" lon="-73.963558"><ele>24</ele><time>2026-09-23T22:12:10.000Z</time><extensions><gpxtpx:TrackPointExtension><gpxtpx:hr>130</gpxtpx:hr></gpxtpx:TrackPointExtension></extensions></trkpt>
      <trkpt lat="40.655602" lon="-73.963531"><ele>24</ele><time>2026-09-23T22:12:11.000Z</time><extensions><gpxtpx:TrackPointExtension><gpxtpx:hr>129</gpxtpx:hr></gpxtpx:TrackPointExtension></extensions></trkpt>
      <trkpt lat="40.65559" lon="-73.9635"><ele>24</ele><time>2026-09-23T22:12:12.000Z</time><extensions><gpxtpx:TrackPointExtension><gpxtpx:hr>129</gpxtpx:hr></gpxtpx:TrackPointExtension></extensions></trkpt>
      <trkpt lat="40.655581" lon="-73.963478"><ele>23.8</ele><time>2026-09-23T22:12:13.000Z</time><extensions><gpxtpx:TrackPointExtension><gpxtpx:hr>128</gpxtpx:hr></gpxtpx:TrackPointExtension></extensions></trkpt>
      <trkpt lat="40.655563" lon="-73.96345"><ele>23.6</ele><time>2026-09-23T22:12:14.000Z</time><extensions><gpxtpx:TrackPointExtension><gpxtpx:hr>128</gpxtpx:hr></gpxtpx:TrackPointExtension></extensions></trkpt>
      <trkpt lat="40.655555" lon="-73.963431"><ele>23.4</ele><time>2026-09-23T22:12:15.000Z</time><extensions><gpxtpx:TrackPointExtension><gpxtpx:hr>128</gpxtpx:hr></gpxtpx:TrackPointExtension></extensions></trkpt>
      <trkpt lat="40.655538" lon="-73.963406"><ele>23.2</ele><time>2026-09-23T22:12:16.000Z</time><extensions><gpxtpx:TrackPointExtension><gpxtpx:hr>128</gpxtpx:hr></gpxtpx:TrackPointExtension></extensions></trkpt>
      <trkpt lat="40.655535" lon="-73.963388"><ele>23</ele><time>2026-09-23T22:12:17.000Z</time><extensions><gpxtpx:TrackPointExtension><gpxtpx:hr>128</gpxtpx:hr></gpxtpx:TrackPointExtension></extensions></trkpt>
      <trkpt lat="40.655526" lon="-73.963367"><ele>22.8</ele><time>2026-09-23T22:12:18.000Z</time><extensions><gpxtpx:TrackPointExtension><gpxtpx:hr>128</gpxtpx:hr></gpxtpx:TrackPointExtension></extensions></trkpt>
      <trkpt lat="40.655514" lon="-73.963344"><ele>22.8</ele><time>2026-09-23T22:12:19.000Z</time><extensions><gpxtpx:TrackPointExtension><gpxtpx:hr>128</gpxtpx:hr></gpxtpx:TrackPointExtension></extensions></trkpt>
      <trkpt lat="40.655509" lon="-73.96333"><ele>22.8</ele><time>2026-09-23T22:12:20.000Z</time><extensions><gpxtpx:TrackPointExtension><gpxtpx:hr>128</gpxtpx:hr></gpxtpx:TrackPointExtension></extensions></trkpt>
      <trkpt lat="40.655508" lon="-73.963314"><ele>22.8</ele><time>2026-09-23T22:12:21.000Z</time><extensions><gpxtpx:TrackPointExtension><gpxtpx:hr>128</gpxtpx:hr></gpxtpx:TrackPointExtension></extensions></trkpt>
      <trkpt lat="40.655507" lon="-73.963288"><ele>22.8</ele><time>2026-09-23T22:12:22.000Z</time><extensions><gpxtpx:TrackPointExtension><gpxtpx:hr>127</gpxtpx:hr></gpxtpx:TrackPointExtension></extensions></trkpt>
      <trkpt lat="40.65551" lon="-73.963262"><ele>23</ele><time>2026-09-23T22:12:23.000Z</time><extensions><gpxtpx:TrackPointExtension><gpxtpx:hr>127</gpxtpx:hr></gpxtpx:TrackPointExtension></extensions></trkpt>
      <trkpt lat="40.655519" lon="-73.963237"><ele>23</ele><time>2026-09-23T22:12:24.000Z</time><extensions><gpxtpx:TrackPointExtension><gpxtpx:hr>127</gpxtpx:hr></gpxtpx:TrackPointExtension></extensions></trkpt>
      <trkpt lat="40.655533" lon="-73.963208"><ele>23</ele><time>2026-09-23T22:12:25.000Z</time><extensions><gpxtpx:TrackPointExtension><gpxtpx:hr>127</gpxtpx:hr></gpxtpx:TrackPointExtension></extensions></trkpt>
      <trkpt lat="40.65555" lon="-73.963197"><ele>23</ele><time>2026-09-23T22:12:26.000Z</time><extensions><gpxtpx:TrackPointExtension><gpxtpx:hr>127</gpxtpx:hr></gpxtpx:TrackPointExtension></extensions></trkpt>
      <trkpt lat="40.655573" lon="-73.963174"><ele>23</ele><time>2026-09-23T22:12:27.000Z</time><extensions><gpxtpx:TrackPointExtension><gpxtpx:hr>127</gpxtpx:hr></gpxtpx:TrackPointExtension></extensions></trkpt>
      <trkpt lat="40.655589" lon="-73.963169"><ele>23.2</ele><time>2026-09-23T22:12:28.000Z</time><extensions><gpxtpx:TrackPointExtension><gpxtpx:hr>127</gpxtpx:hr></gpxtpx:TrackPointExtension></extensions></trkpt>
      <trkpt lat="40.655616" lon="-73.963154"><ele>23.2</ele><time>2026-09-23T22:12:29.000Z</time><extensions><gpxtpx:TrackPointExtension><gpxtpx:hr>128</gpxtpx:hr></gpxtpx:TrackPointExtension></extensions></trkpt>
      <trkpt lat="40.655635" lon="-73.963147"><ele>23.4</ele><time>2026-09-23T22:12:30.000Z</time><extensions><gpxtpx:TrackPointExtension><gpxtpx:hr>127</gpxtpx:hr></gpxtpx:TrackPointExtension></extensions></trkpt>
      <trkpt lat="40.655659" lon="-73.96314"><ele>23.6</ele><time>2026-09-23T22:12:31.000Z</time><extensions><gpxtpx:TrackPointExtension><gpxtpx:hr>128</gpxtpx:hr></gpxtpx:TrackPointExtension></extensions></trkpt>
      <trkpt lat="40.655679" lon="-73.963132"><ele>23.8</ele><time>2026-09-23T22:12:32.000Z</time><extensions><gpxtpx:TrackPointExtension><gpxtpx:hr>127</gpxtpx:hr></gpxtpx:TrackPointExtension></extensions></trkpt>
      <trkpt lat="40.655699" lon="-73.963122"><ele>23.8</ele><time>2026-09-23T22:12:33.000Z</time><extensions><gpxtpx:TrackPointExtension><gpxtpx:hr>127</gpxtpx:hr></gpxtpx:TrackPointExtension></extensions></trkpt>
      <trkpt lat="40.65572" lon="-73.963105"><ele>23.8</ele><time>2026-09-23T22:12:34.000Z</time><extensions><gpxtpx:TrackPointExtension><gpxtpx:hr>127</gpxtpx:hr></gpxtpx:TrackPointExtension></extensions></trkpt>
      <trkpt lat="40.655736" lon="-73.963096"><ele>23.6</ele><time>2026-09-23T22:12:35.000Z</time><extensions><gpxtpx:TrackPointExtension><gpxtpx:hr>127</gpxtpx:hr></gpxtpx:TrackPointExtension></extensions></trkpt>
      <trkpt lat="40.655758" lon="-73.963083"><ele>23.6</ele><time>2026-09-23T22:12:36.000Z</time><extensions><gpxtpx:TrackPointExtension><gpxtpx:hr>126</gpxtpx:hr></gpxtpx:TrackPointExtension></extensions></trkpt>
      <trkpt lat="40.655777" lon="-73.963076"><ele>23.4</ele><time>2026-09-23T22:12:37.000Z</time><extensions><gpxtpx:TrackPointExtension><gpxtpx:hr>126</gpxtpx:hr></gpxtpx:TrackPointExtension></extensions></trkpt>
      <trkpt lat="40.655797" lon="-73.963056"><ele>23.4</ele><time>2026-09-23T22:12:38.000Z</time><extensions><gpxtpx:TrackPointExtension><gpxtpx:hr>126</gpxtpx:hr></gpxtpx:TrackPointExtension></extensions></trkpt>
      <trkpt lat="40.655812" lon="-73.963046"><ele>23.4</ele><time>2026-09-23T22:12:39.000Z</time><extensions><gpxtpx:TrackPointExtension><gpxtpx:hr>125</gpxtpx:hr></gpxtpx:TrackPointExtension></extensions></trkpt>
      <trkpt lat="40.655835" lon="-73.963031"><ele>23.4</ele><time>2026-09-23T22:12:40.000Z</time><extensions><gpxtpx:TrackPointExtension><gpxtpx:hr>125</gpxtpx:hr></gpxtpx:TrackPointExtension></extensions></trkpt>
      <trkpt lat="40.655854" lon="-73.963025"><ele>23.4</ele><time>2026-09-23T22:12:41.000Z</time><extensions><gpxtpx:TrackPointExtension><gpxtpx:hr>126</gpxtpx:hr></gpxtpx:TrackPointExtension></extensions></trkpt>
      <trkpt lat="40.655877" lon="-73.963013"><ele>23.4</ele><time>2026-09-23T22:12:42.000Z</time><extensions><gpxtpx:TrackPointExtension><gpxtpx:hr>126</gpxtpx:hr></gpxtpx:TrackPointExtension></extensions></trkpt>
      <trkpt lat="40.655901" lon="-73.963"><ele>23.6</ele><time>2026-09-23T22:12:43.000Z</time><extensions><gpxtpx:TrackPointExtension><gpxtpx:hr>126</gpxtpx:hr></gpxtpx:TrackPointExtension></extensions></trkpt>
      <trkpt lat="40.655924" lon="-73.962991"><ele>23.6</ele><time>2026-09-23T22:12:44.000Z</time><extensions><gpxtpx:TrackPointExtension><gpxtpx:hr>126</gpxtpx:hr></gpxtpx:TrackPointExtension></extensions></trkpt>
      <trkpt lat="40.655946" lon="-73.962978"><ele>23.6</ele><time>2026-09-23T22:12:45.000Z</time><extensions><gpxtpx:TrackPointExtension><gpxtpx:hr>126</gpxtpx:hr></gpxtpx:TrackPointExtension></extensions></trkpt>
      <trkpt lat="40.655967" lon="-73.96297"><ele>23.6</ele><time>2026-09-23T22:12:46.000Z</time><extensions><gpxtpx:TrackPointExtension><gpxtpx:hr>126</gpxtpx:hr></gpxtpx:TrackPointExtension></extensions></trkpt>
      <trkpt lat="40.655991" lon="-73.962957"><ele>23.6</ele><time>2026-09-23T22:12:47.000Z</time><extensions><gpxtpx:TrackPointExtension><gpxtpx:hr>126</gpxtpx:hr></gpxtpx:TrackPointExtension></extensions></trkpt>
      <trkpt lat="40.656014" lon="-73.962951"><ele>23.4</ele><time>2026-09-23T22:12:48.000Z</time><extensions><gpxtpx:TrackPointExtension><gpxtpx:hr>126</gpxtpx:hr></gpxtpx:TrackPointExtension></extensions></trkpt>
      <trkpt lat="40.656042" lon="-73.962941"><ele>23.4</ele><time>2026-09-23T22:12:49.000Z</time><extensions><gpxtpx:TrackPointExtension><gpxtpx:hr>125</gpxtpx:hr></gpxtpx:TrackPointExtension></extensions></trkpt>
      <trkpt lat="40.656064" lon="-73.962939"><ele>23.4</ele><time>2026-09-23T22:12:50.000Z</time><extensions><gpxtpx:TrackPointExtension><gpxtpx:hr>125</gpxtpx:hr></gpxtpx:TrackPointExtension></extensions></trkpt>
      <trkpt lat="40.656089" lon="-73.962926"><ele>23.6</ele><time>2026-09-23T22:12:51.000Z</time><extensions><gpxtpx:TrackPointExtension><gpxtpx:hr>125</gpxtpx:hr></gpxtpx:TrackPointExtension></extensions></trkpt>
      <trkpt lat="40.656111" lon="-73.962925"><ele>23.8</ele><time>2026-09-23T22:12:52.000Z</time><extensions><gpxtpx:TrackPointExtension><gpxtpx:hr>125</gpxtpx:hr></gpxtpx:TrackPointExtension></extensions></trkpt>
      <trkpt lat="40.656135" lon="-73.962914"><ele>23.8</ele><time>2026-09-23T22:12:53.000Z</time><extensions><gpxtpx:TrackPointExtension><gpxtpx:hr>125</gpxtpx:hr></gpxtpx:TrackPointExtension></extensions></trkpt>
      <trkpt lat="40.656153" lon="-73.962908"><ele>23.8</ele><time>2026-09-23T22:12:54.000Z</time><extensions><gpxtpx:TrackPointExtension><gpxtpx:hr>125</gpxtpx:hr></gpxtpx:TrackPointExtension></extensions></trkpt>
      <trkpt lat="40.656177" lon="-73.962898"><ele>23.8</ele><time>2026-09-23T22:12:55.000Z</time><extensions><gpxtpx:TrackPointExtension><gpxtpx:hr>125</gpxtpx:hr></gpxtpx:TrackPointExtension></extensions></trkpt>
      <trkpt lat="40.656193" lon="-73.962897"><ele>23.8</ele><time>2026-09-23T22:12:56.000Z</time><extensions><gpxtpx:TrackPointExtension><gpxtpx:hr>125</gpxtpx:hr></gpxtpx:TrackPointExtension></extensions></trkpt>
      <trkpt lat="40.656218" lon="-73.962889"><ele>23.8</ele><time>2026-09-23T22:12:57.000Z</time><extensions><gpxtpx:TrackPointExtension><gpxtpx:hr>125</gpxtpx:hr></gpxtpx:TrackPointExtension></extensions></trkpt>
      <trkpt lat="40.656235" lon="-73.962883"><ele>23.8</ele><time>2026-09-23T22:12:58.000Z</time><extensions><gpxtpx:TrackPointExtension><gpxtpx:hr>124</gpxtpx:hr></gpxtpx:TrackPointExtension></extensions></trkpt>
      <trkpt lat="40.656257" lon="-73.962878"><ele>23.8</ele><time>2026-09-23T22:12:59.000Z</time><extensions><gpxtpx:TrackPointExtension><gpxtpx:hr>124</gpxtpx:hr></gpxtpx:TrackPointExtension></extensions></trkpt>
      <trkpt lat="40.656278" lon="-73.962871"><ele>23.8</ele><time>2026-09-23T22:13:00.000Z</time><extensions><gpxtpx:TrackPointExtension><gpxtpx:hr>124</gpxtpx:hr></gpxtpx:TrackPointExtension></extensions></trkpt>
      <trkpt lat="40.656301" lon="-73.962857"><ele>23.8</ele><time>2026-09-23T22:13:01.000Z</time><extensions><gpxtpx:TrackPointExtension><gpxtpx:hr>124</gpxtpx:hr></gpxtpx:TrackPointExtension></extensions></trkpt>
      <trkpt lat="40.656317" lon="-73.962828"><ele>24</ele><time>2026-09-23T22:13:02.000Z</time><extensions><gpxtpx:TrackPointExtension><gpxtpx:hr>124</gpxtpx:hr></gpxtpx:TrackPointExtension></extensions></trkpt>
      <trkpt lat="40.65633" lon="-73.962799"><ele>24</ele><time>2026-09-23T22:13:03.000Z</time><extensions><gpxtpx:TrackPointExtension><gpxtpx:hr>124</gpxtpx:hr></gpxtpx:TrackPointExtension></extensions></trkpt>
      <trkpt lat="40.656343" lon="-73.962777"><ele>24</ele><time>2026-09-23T22:13:04.000Z</time><extensions><gpxtpx:TrackPointExtension><gpxtpx:hr>124</gpxtpx:hr></gpxtpx:TrackPointExtension></extensions></trkpt>
      <trkpt lat="40.656348" lon="-73.962733"><ele>24</ele><time>2026-09-23T22:13:05.000Z</time><extensions><gpxtpx:TrackPointExtension><gpxtpx:hr>125</gpxtpx:hr></gpxtpx:TrackPointExtension></extensions></trkpt>
      <trkpt lat="40.656356" lon="-73.962698"><ele>23.8</ele><time>2026-09-23T22:13:06.000Z</time><extensions><gpxtpx:TrackPointExtension><gpxtpx:hr>126</gpxtpx:hr></gpxtpx:TrackPointExtension></extensions></trkpt>
      <trkpt lat="40.656374" lon="-73.962679"><ele>23.6</ele><time>2026-09-23T22:13:07.000Z</time><extensions><gpxtpx:TrackPointExtension><gpxtpx:hr>126</gpxtpx:hr></gpxtpx:TrackPointExtension></extensions></trkpt>
      <trkpt lat="40.656395" lon="-73.962659"><ele>23.6</ele><time>2026-09-23T22:13:08.000Z</time><extensions><gpxtpx:TrackPointExtension><gpxtpx:hr>126</gpxtpx:hr></gpxtpx:TrackPointExtension></extensions></trkpt>
      <trkpt lat="40.656413" lon="-73.962653"><ele>23.6</ele><time>2026-09-23T22:13:09.000Z</time><extensions><gpxtpx:TrackPointExtension><gpxtpx:hr>127</gpxtpx:hr></gpxtpx:TrackPointExtension></extensions></trkpt>
      <trkpt lat="40.656438" lon="-73.962645"><ele>23.6</ele><time>2026-09-23T22:13:10.000Z</time><extensions><gpxtpx:TrackPointExtension><gpxtpx:hr>127</gpxtpx:hr></gpxtpx:TrackPointExtension></extensions></trkpt>
      <trkpt lat="40.656455" lon="-73.96264"><ele>23.6</ele><time>2026-09-23T22:13:11.000Z</time><extensions><gpxtpx:TrackPointExtension><gpxtpx:hr>127</gpxtpx:hr></gpxtpx:TrackPointExtension></extensions></trkpt>
      <trkpt lat="40.656479" lon="-73.962634"><ele>23.6</ele><time>2026-09-23T22:13:12.000Z</time><extensions><gpxtpx:TrackPointExtension><gpxtpx:hr>127</gpxtpx:hr></gpxtpx:TrackPointExtension></extensions></trkpt>
      <trkpt lat="40.656496" lon="-73.962631"><ele>23.8</ele><time>2026-09-23T22:13:13.000Z</time><extensions><gpxtpx:TrackPointExtension><gpxtpx:hr>127</gpxtpx:hr></gpxtpx:TrackPointExtension></extensions></trkpt>
      <trkpt lat="40.656517" lon="-73.962631"><ele>23.8</ele><time>2026-09-23T22:13:14.000Z</time><extensions><gpxtpx:TrackPointExtension><gpxtpx:hr>127</gpxtpx:hr></gpxtpx:TrackPointExtension></extensions></trkpt>
      <trkpt lat="40.656536" lon="-73.962628"><ele>23.8</ele><time>2026-09-23T22:13:15.000Z</time><extensions><gpxtpx:TrackPointExtension><gpxtpx:hr>128</gpxtpx:hr></gpxtpx:TrackPointExtension></extensions></trkpt>
      <trkpt lat="40.656557" lon="-73.962626"><ele>23.8</ele><time>2026-09-23T22:13:16.000Z</time><extensions><gpxtpx:TrackPointExtension><gpxtpx:hr>128</gpxtpx:hr></gpxtpx:TrackPointExtension></extensions></trkpt>
      <trkpt lat="40.656579" lon="-73.962625"><ele>23.8</ele><time>2026-09-23T22:13:17.000Z</time><extensions><gpxtpx:TrackPointExtension><gpxtpx:hr>128</gpxtpx:hr></gpxtpx:TrackPointExtension></extensions></trkpt>
      <trkpt lat="40.656604" lon="-73.962624"><ele>23.8</ele><time>2026-09-23T22:13:18.000Z</time><extensions><gpxtpx:TrackPointExtension><gpxtpx:hr>129</gpxtpx:hr></gpxtpx:TrackPointExtension></extensions></trkpt>
      <trkpt lat="40.656625" lon="-73.962621"><ele>24</ele><time>2026-09-23T22:13:19.000Z</time><extensions><gpxtpx:TrackPointExtension><gpxtpx:hr>129</gpxtpx:hr></gpxtpx:TrackPointExtension></extensions></trkpt>
      <trkpt lat="40.656647" lon="-73.962625"><ele>23.8</ele><time>2026-09-23T22:13:20.000Z</time><extensions><gpxtpx:TrackPointExtension><gpxtpx:hr>129</gpxtpx:hr></gpxtpx:TrackPointExtension></extensions></trkpt>
      <trkpt lat="40.656671" lon="-73.962622"><ele>23.8</ele><time>2026-09-23T22:13:21.000Z</time><extensions><gpxtpx:TrackPointExtension><gpxtpx:hr>129</gpxtpx:hr></gpxtpx:TrackPointExtension></extensions></trkpt>
      <trkpt lat="40.656693" lon="-73.962624"><ele>23.6</ele><time>2026-09-23T22:13:22.000Z</time><extensions><gpxtpx:TrackPointExtension><gpxtpx:hr>129</gpxtpx:hr></gpxtpx:TrackPointExtension></extensions></trkpt>
      <trkpt lat="40.656719" lon="-73.962622"><ele>23.6</ele><time>2026-09-23T22:13:23.000Z</time><extensions><gpxtpx:TrackPointExtension><gpxtpx:hr>129</gpxtpx:hr></gpxtpx:TrackPointExtension></extensions></trkpt>
      <trkpt lat="40.656739" lon="-73.962628"><ele>23.4</ele><time>2026-09-23T22:13:24.000Z</time><extensions><gpxtpx:TrackPointExtension><gpxtpx:hr>129</gpxtpx:hr></gpxtpx:TrackPointExtension></extensions></trkpt>
      <trkpt lat="40.656764" lon="-73.962625"><ele>23.6</ele><time>2026-09-23T22:13:25.000Z</time><extensions><gpxtpx:TrackPointExtension><gpxtpx:hr>128</gpxtpx:hr></gpxtpx:TrackPointExtension></extensions></trkpt>
      <trkpt lat="40.656779" lon="-73.962625"><ele>23.6</ele><time>2026-09-23T22:13:26.000Z</time><extensions><gpxtpx:TrackPointExtension><gpxtpx:hr>128</gpxtpx:hr></gpxtpx:TrackPointExtension></extensions></trkpt>
      <trkpt lat="40.656804" lon="-73.962621"><ele>23.6</ele><time>2026-09-23T22:13:27.000Z</time><extensions><gpxtpx:TrackPointExtension><gpxtpx:hr>128</gpxtpx:hr></gpxtpx:TrackPointExtension></extensions></trkpt>
      <trkpt lat="40.65682" lon="-73.962622"><ele>23.8</ele><time>2026-09-23T22:13:28.000Z</time><extensions><gpxtpx:TrackPointExtension><gpxtpx:hr>128</gpxtpx:hr></gpxtpx:TrackPointExtension></extensions></trkpt>
      <trkpt lat="40.656843" lon="-73.962626"><ele>23.8</ele><time>2026-09-23T22:13:29.000Z</time><extensions><gpxtpx:TrackPointExtension><gpxtpx:hr>128</gpxtpx:hr></gpxtpx:TrackPointExtension></extensions></trkpt>
      <trkpt lat="40.656861" lon="-73.962628"><ele>23.8</ele><time>2026-09-23T22:13:30.000Z</time><extensions><gpxtpx:TrackPointExtension><gpxtpx:hr>127</gpxtpx:hr></gpxtpx:TrackPointExtension></extensions></trkpt>
      <trkpt lat="40.656881" lon="-73.962629"><ele>24</ele><time>2026-09-23T22:13:31.000Z</time><extensions><gpxtpx:TrackPointExtension><gpxtpx:hr>127</gpxtpx:hr></gpxtpx:TrackPointExtension></extensions></trkpt>
      <trkpt lat="40.6569" lon="-73.962634"><ele>24</ele><time>2026-09-23T22:13:32.000Z</time><extensions><gpxtpx:TrackPointExtension><gpxtpx:hr>127</gpxtpx:hr></gpxtpx:TrackPointExtension></extensions></trkpt>
      <trkpt lat="40.656923" lon="-73.96264"><ele>24</ele><time>2026-09-23T22:13:33.000Z</time><extensions><gpxtpx:TrackPointExtension><gpxtpx:hr>127</gpxtpx:hr></gpxtpx:TrackPointExtension></extensions></trkpt>
      <trkpt lat="40.656945" lon="-73.962642"><ele>24.2</ele><time>2026-09-23T22:13:34.000Z</time><extensions><gpxtpx:TrackPointExtension><gpxtpx:hr>127</gpxtpx:hr></gpxtpx:TrackPointExtension></extensions></trkpt>
      <trkpt lat="40.656965" lon="-73.962648"><ele>24.2</ele><time>2026-09-23T22:13:35.000Z</time><extensions><gpxtpx:TrackPointExtension><gpxtpx:hr>127</gpxtpx:hr></gpxtpx:TrackPointExtension></extensions></trkpt>
      <trkpt lat="40.656991" lon="-73.962651"><ele>24.2</ele><time>2026-09-23T22:13:36.000Z</time><extensions><gpxtpx:TrackPointExtension><gpxtpx:hr>127</gpxtpx:hr></gpxtpx:TrackPointExtension></extensions></trkpt>
      <trkpt lat="40.657015" lon="-73.962655"><ele>24.4</ele><time>2026-09-23T22:13:37.000Z</time><extensions><gpxtpx:TrackPointExtension><gpxtpx:hr>126</gpxtpx:hr></gpxtpx:TrackPointExtension></extensions></trkpt>
      <trkpt lat="40.657044" lon="-73.962663"><ele>24.4</ele><time>2026-09-23T22:13:38.000Z</time><extensions><gpxtpx:TrackPointExtension><gpxtpx:hr>126</gpxtpx:hr></gpxtpx:TrackPointExtension></extensions></trkpt>
      <trkpt lat="40.657067" lon="-73.96267"><ele>24.4</ele><time>2026-09-23T22:13:39.000Z</time><extensions><gpxtpx:TrackPointExtension><gpxtpx:hr>126</gpxtpx:hr></gpxtpx:TrackPointExtension></extensions></trkpt>
      <trkpt lat="40.657096" lon="-73.962672"><ele>24.4</ele><time>2026-09-23T22:13:40.000Z</time><extensions><gpxtpx:TrackPointExtension><gpxtpx:hr>126</gpxtpx:hr></gpxtpx:TrackPointExtension></extensions></trkpt>
      <trkpt lat="40.657117" lon="-73.962679"><ele>24.4</ele><time>2026-09-23T22:13:41.000Z</time><extensions><gpxtpx:TrackPointExtension><gpxtpx:hr>126</gpxtpx:hr></gpxtpx:TrackPointExtension></extensions></trkpt>
      <trkpt lat="40.657145" lon="-73.962681"><ele>24.4</ele><time>2026-09-23T22:13:42.000Z</time><extensions><gpxtpx:TrackPointExtension><gpxtpx:hr>126</gpxtpx:hr></gpxtpx:TrackPointExtension></extensions></trkpt>
      <trkpt lat="40.657168" lon="-73.962683"><ele>24.4</ele><time>2026-09-23T22:13:43.000Z</time><extensions><gpxtpx:TrackPointExtension><gpxtpx:hr>126</gpxtpx:hr></gpxtpx:TrackPointExtension></extensions></trkpt>
      <trkpt lat="40.657193" lon="-73.962677"><ele>24.4</ele><time>2026-09-23T22:13:44.000Z</time><extensions><gpxtpx:TrackPointExtension><gpxtpx:hr>126</gpxtpx:hr></gpxtpx:TrackPointExtension></extensions></trkpt>
      <trkpt lat="40.65721" lon="-73.962682"><ele>24.6</ele><time>2026-09-23T22:13:45.000Z</time><extensions><gpxtpx:TrackPointExtension><gpxtpx:hr>126</gpxtpx:hr></gpxtpx:TrackPointExtension></extensions></trkpt>
      <trkpt lat="40.657226" lon="-73.96269"><ele>24.6</ele><time>2026-09-23T22:13:46.000Z</time><extensions><gpxtpx:TrackPointExtension><gpxtpx:hr>127</gpxtpx:hr></gpxtpx:TrackPointExtension></extensions></trkpt>
      <trkpt lat="40.657243" lon="-73.962699"><ele>24.8</ele><time>2026-09-23T22:13:47.000Z</time><extensions><gpxtpx:TrackPointExtension><gpxtpx:hr>127</gpxtpx:hr></gpxtpx:TrackPointExtension></extensions></trkpt>
      <trkpt lat="40.657259" lon="-73.962707"><ele>24.8</ele><time>2026-09-23T22:13:48.000Z</time><extensions><gpxtpx:TrackPointExtension><gpxtpx:hr>127</gpxtpx:hr></gpxtpx:TrackPointExtension></extensions></trkpt>
      <trkpt lat="40.657278" lon="-73.962716"><ele>24.8</ele><time>2026-09-23T22:13:49.000Z</time><extensions><gpxtpx:TrackPointExtension><gpxtpx:hr>127</gpxtpx:hr></gpxtpx:TrackPointExtension></extensions></trkpt>
      <trkpt lat="40.657299" lon="-73.962723"><ele>24.6</ele><time>2026-09-23T22:13:50.000Z</time><extensions><gpxtpx:TrackPointExtension><gpxtpx:hr>127</gpxtpx:hr></gpxtpx:TrackPointExtension></extensions></trkpt>
      <trkpt lat="40.657323" lon="-73.962725"><ele>24.6</ele><time>2026-09-23T22:13:51.000Z</time><extensions><gpxtpx:TrackPointExtension><gpxtpx:hr>127</gpxtpx:hr></gpxtpx:TrackPointExtension></extensions></trkpt>
      <trkpt lat="40.657343" lon="-73.96273"><ele>24.4</ele><time>2026-09-23T22:13:52.000Z</time><extensions><gpxtpx:TrackPointExtension><gpxtpx:hr>127</gpxtpx:hr></gpxtpx:TrackPointExtension></extensions></trkpt>
      <trkpt lat="40.657368" lon="-73.962738"><ele>24.4</ele><time>2026-09-23T22:13:53.000Z</time><extensions><gpxtpx:TrackPointExtension><gpxtpx:hr>127</gpxtpx:hr></gpxtpx:TrackPointExtension></extensions></trkpt>
      <trkpt lat="40.657387" lon="-73.962746"><ele>24.4</ele><time>2026-09-23T22:13:54.000Z</time><extensions><gpxtpx:TrackPointExtension><gpxtpx:hr>127</gpxtpx:hr></gpxtpx:TrackPointExtension></extensions></trkpt>
      <trkpt lat="40.657417" lon="-73.962756"><ele>24.6</ele><time>2026-09-23T22:13:55.000Z</time><extensions><gpxtpx:TrackPointExtension><gpxtpx:hr>127</gpxtpx:hr></gpxtpx:TrackPointExtension></extensions></trkpt>
      <trkpt lat="40.657438" lon="-73.962767"><ele>24.6</ele><time>2026-09-23T22:13:56.000Z</time><extensions><gpxtpx:TrackPointExtension><gpxtpx:hr>127</gpxtpx:hr></gpxtpx:TrackPointExtension></extensions></trkpt>
      <trkpt lat="40.657464" lon="-73.962774"><ele>24.6</ele><time>2026-09-23T22:13:57.000Z</time><extensions><gpxtpx:TrackPointExtension><gpxtpx:hr>127</gpxtpx:hr></gpxtpx:TrackPointExtension></extensions></trkpt>
      <trkpt lat="40.657488" lon="-73.962787"><ele>24.4</ele><time>2026-09-23T22:13:58.000Z</time><extensions><gpxtpx:TrackPointExtension><gpxtpx:hr>127</gpxtpx:hr></gpxtpx:TrackPointExtension></extensions></trkpt>
      <trkpt lat="40.657509" lon="-73.962799"><ele>24.4</ele><time>2026-09-23T22:13:59.000Z</time><extensions><gpxtpx:TrackPointExtension><gpxtpx:hr>127</gpxtpx:hr></gpxtpx:TrackPointExtension></extensions></trkpt>
      <trkpt lat="40.657531" lon="-73.962808"><ele>24.4</ele><time>2026-09-23T22:14:00.000Z</time><extensions><gpxtpx:TrackPointExtension><gpxtpx:hr>127</gpxtpx:hr></gpxtpx:TrackPointExtension></extensions></trkpt>
      <trkpt lat="40.657552" lon="-73.962818"><ele>24.4</ele><time>2026-09-23T22:14:01.000Z</time><extensions><gpxtpx:TrackPointExtension><gpxtpx:hr>127</gpxtpx:hr></gpxtpx:TrackPointExtension></extensions></trkpt>
      <trkpt lat="40.657569" lon="-73.962827"><ele>24.4</ele><time>2026-09-23T22:14:02.000Z</time><extensions><gpxtpx:TrackPointExtension><gpxtpx:hr>127</gpxtpx:hr></gpxtpx:TrackPointExtension></extensions></trkpt>
      <trkpt lat="40.657592" lon="-73.962838"><ele>24.4</ele><time>2026-09-23T22:14:03.000Z</time><extensions><gpxtpx:TrackPointExtension><gpxtpx:hr>127</gpxtpx:hr></gpxtpx:TrackPointExtension></extensions></trkpt>
      <trkpt lat="40.657615" lon="-73.962849"><ele>24.2</ele><time>2026-09-23T22:14:04.000Z</time><extensions><gpxtpx:TrackPointExtension><gpxtpx:hr>126</gpxtpx:hr></gpxtpx:TrackPointExtension></extensions></trkpt>
      <trkpt lat="40.657635" lon="-73.962859"><ele>24.2</ele><time>2026-09-23T22:14:05.000Z</time><extensions><gpxtpx:TrackPointExtension><gpxtpx:hr>126</gpxtpx:hr></gpxtpx:TrackPointExtension></extensions></trkpt>
      <trkpt lat="40.657661" lon="-73.962869"><ele>24.2</ele><time>2026-09-23T22:14:06.000Z</time><extensions><gpxtpx:TrackPointExtension><gpxtpx:hr>126</gpxtpx:hr></gpxtpx:TrackPointExtension></extensions></trkpt>
      <trkpt lat="40.657676" lon="-73.962885"><ele>24.2</ele><time>2026-09-23T22:14:07.000Z</time><extensions><gpxtpx:TrackPointExtension><gpxtpx:hr>126</gpxtpx:hr></gpxtpx:TrackPointExtension></extensions></trkpt>
      <trkpt lat="40.657703" lon="-73.962899"><ele>24.2</ele><time>2026-09-23T22:14:08.000Z</time><extensions><gpxtpx:TrackPointExtension><gpxtpx:hr>126</gpxtpx:hr></gpxtpx:TrackPointExtension></extensions></trkpt>
      <trkpt lat="40.657724" lon="-73.962913"><ele>24.2</ele><time>2026-09-23T22:14:09.000Z</time><extensions><gpxtpx:TrackPointExtension><gpxtpx:hr>127</gpxtpx:hr></gpxtpx:TrackPointExtension></extensions></trkpt>
      <trkpt lat="40.657754" lon="-73.962926"><ele>24.2</ele><time>2026-09-23T22:14:10.000Z</time><extensions><gpxtpx:TrackPointExtension><gpxtpx:hr>127</gpxtpx:hr></gpxtpx:TrackPointExtension></extensions></trkpt>
      <trkpt lat="40.657772" lon="-73.962936"><ele>24.2</ele><time>2026-09-23T22:14:11.000Z</time><extensions><gpxtpx:TrackPointExtension><gpxtpx:hr>127</gpxtpx:hr></gpxtpx:TrackPointExtension></extensions></trkpt>
      <trkpt lat="40.657797" lon="-73.962949"><ele>24.2</ele><time>2026-09-23T22:14:12.000Z</time><extensions><gpxtpx:TrackPointExtension><gpxtpx:hr>127</gpxtpx:hr></gpxtpx:TrackPointExtension></extensions></trkpt>
      <trkpt lat="40.657818" lon="-73.962956"><ele>24.2</ele><time>2026-09-23T22:14:13.000Z</time><extensions><gpxtpx:TrackPointExtension><gpxtpx:hr>128</gpxtpx:hr></gpxtpx:TrackPointExtension></extensions></trkpt>
      <trkpt lat="40.657842" lon="-73.962964"><ele>24.2</ele><time>2026-09-23T22:14:14.000Z</time><extensions><gpxtpx:TrackPointExtension><gpxtpx:hr>128</gpxtpx:hr></gpxtpx:TrackPointExtension></extensions></trkpt>
      <trkpt lat="40.657864" lon="-73.962974"><ele>24.4</ele><time>2026-09-23T22:14:15.000Z</time><extensions><gpxtpx:TrackPointExtension><gpxtpx:hr>128</gpxtpx:hr></gpxtpx:TrackPointExtension></extensions></trkpt>
      <trkpt lat="40.65789" lon="-73.962984"><ele>24.4</ele><time>2026-09-23T22:14:16.000Z</time><extensions><gpxtpx:TrackPointExtension><gpxtpx:hr>128</gpxtpx:hr></gpxtpx:TrackPointExtension></extensions></trkpt>
      <trkpt lat="40.657907" lon="-73.963"><ele>24.4</ele><time>2026-09-23T22:14:17.000Z</time><extensions><gpxtpx:TrackPointExtension><gpxtpx:hr>128</gpxtpx:hr></gpxtpx:TrackPointExtension></extensions></trkpt>
      <trkpt lat="40.657934" lon="-73.96301"><ele>24.4</ele><time>2026-09-23T22:14:18.000Z</time><extensions><gpxtpx:TrackPointExtension><gpxtpx:hr>128</gpxtpx:hr></gpxtpx:TrackPointExtension></extensions></trkpt>
      <trkpt lat="40.657955" lon="-73.963022"><ele>24.6</ele><time>2026-09-23T22:14:19.000Z</time><extensions><gpxtpx:TrackPointExtension><gpxtpx:hr>128</gpxtpx:hr></gpxtpx:TrackPointExtension></extensions></trkpt>
      <trkpt lat="40.657977" lon="-73.963038"><ele>24.6</ele><time>2026-09-23T22:14:20.000Z</time><extensions><gpxtpx:TrackPointExtension><gpxtpx:hr>127</gpxtpx:hr></gpxtpx:TrackPointExtension></extensions></trkpt>
      <trkpt lat="40.657999" lon="-73.963052"><ele>24.6</ele><time>2026-09-23T22:14:21.000Z</time><extensions><gpxtpx:TrackPointExtension><gpxtpx:hr>127</gpxtpx:hr></gpxtpx:TrackPointExtension></extensions></trkpt>
      <trkpt lat="40.658024" lon="-73.963067"><ele>24.6</ele><time>2026-09-23T22:14:22.000Z</time><extensions><gpxtpx:TrackPointExtension><gpxtpx:hr>126</gpxtpx:hr></gpxtpx:TrackPointExtension></extensions></trkpt>
      <trkpt lat="40.658043" lon="-73.963084"><ele>24.4</ele><time>2026-09-23T22:14:23.000Z</time><extensions><gpxtpx:TrackPointExtension><gpxtpx:hr>126</gpxtpx:hr></gpxtpx:TrackPointExtension></extensions></trkpt>
      <trkpt lat="40.658063" lon="-73.963098"><ele>24.4</ele><time>2026-09-23T22:14:24.000Z</time><extensions><gpxtpx:TrackPointExtension><gpxtpx:hr>126</gpxtpx:hr></gpxtpx:TrackPointExtension></extensions></trkpt>
      <trkpt lat="40.658084" lon="-73.963111"><ele>24.4</ele><time>2026-09-23T22:14:25.000Z</time><extensions><gpxtpx:TrackPointExtension><gpxtpx:hr>126</gpxtpx:hr></gpxtpx:TrackPointExtension></extensions></trkpt>
      <trkpt lat="40.658104" lon="-73.963127"><ele>24.4</ele><time>2026-09-23T22:14:26.000Z</time><extensions><gpxtpx:TrackPointExtension><gpxtpx:hr>126</gpxtpx:hr></gpxtpx:TrackPointExtension></extensions></trkpt>
      <trkpt lat="40.658126" lon="-73.963142"><ele>24.4</ele><time>2026-09-23T22:14:27.000Z</time><extensions><gpxtpx:TrackPointExtension><gpxtpx:hr>127</gpxtpx:hr></gpxtpx:TrackPointExtension></extensions></trkpt>
      <trkpt lat="40.65815" lon="-73.963158"><ele>24.4</ele><time>2026-09-23T22:14:28.000Z</time><extensions><gpxtpx:TrackPointExtension><gpxtpx:hr>127</gpxtpx:hr></gpxtpx:TrackPointExtension></extensions></trkpt>
      <trkpt lat="40.658173" lon="-73.963169"><ele>24.4</ele><time>2026-09-23T22:14:29.000Z</time><extensions><gpxtpx:TrackPointExtension><gpxtpx:hr>127</gpxtpx:hr></gpxtpx:TrackPointExtension></extensions></trkpt>
      <trkpt lat="40.658195" lon="-73.963179"><ele>24.4</ele><time>2026-09-23T22:14:30.000Z</time><extensions><gpxtpx:TrackPointExtension><gpxtpx:hr>127</gpxtpx:hr></gpxtpx:TrackPointExtension></extensions></trkpt>
      <trkpt lat="40.658216" lon="-73.963187"><ele>24.4</ele><time>2026-09-23T22:14:31.000Z</time><extensions><gpxtpx:TrackPointExtension><gpxtpx:hr>127</gpxtpx:hr></gpxtpx:TrackPointExtension></extensions></trkpt>
      <trkpt lat="40.658236" lon="-73.963198"><ele>24.4</ele><time>2026-09-23T22:14:32.000Z</time><extensions><gpxtpx:TrackPointExtension><gpxtpx:hr>127</gpxtpx:hr></gpxtpx:TrackPointExtension></extensions></trkpt>
      <trkpt lat="40.658259" lon="-73.963206"><ele>24.4</ele><time>2026-09-23T22:14:33.000Z</time><extensions><gpxtpx:TrackPointExtension><gpxtpx:hr>127</gpxtpx:hr></gpxtpx:TrackPointExtension></extensions></trkpt>
      <trkpt lat="40.658282" lon="-73.963213"><ele>24.6</ele><time>2026-09-23T22:14:34.000Z</time><extensions><gpxtpx:TrackPointExtension><gpxtpx:hr>127</gpxtpx:hr></gpxtpx:TrackPointExtension></extensions></trkpt>
      <trkpt lat="40.658302" lon="-73.963219"><ele>24.6</ele><time>2026-09-23T22:14:35.000Z</time><extensions><gpxtpx:TrackPointExtension><gpxtpx:hr>127</gpxtpx:hr></gpxtpx:TrackPointExtension></extensions></trkpt>
      <trkpt lat="40.658327" lon="-73.963223"><ele>24.6</ele><time>2026-09-23T22:14:36.000Z</time><extensions><gpxtpx:TrackPointExtension><gpxtpx:hr>127</gpxtpx:hr></gpxtpx:TrackPointExtension></extensions></trkpt>
      <trkpt lat="40.65835" lon="-73.963226"><ele>24.8</ele><time>2026-09-23T22:14:37.000Z</time><extensions><gpxtpx:TrackPointExtension><gpxtpx:hr>127</gpxtpx:hr></gpxtpx:TrackPointExtension></extensions></trkpt>
      <trkpt lat="40.658375" lon="-73.963232"><ele>24.8</ele><time>2026-09-23T22:14:38.000Z</time><extensions><gpxtpx:TrackPointExtension><gpxtpx:hr>127</gpxtpx:hr></gpxtpx:TrackPointExtension></extensions></trkpt>
      <trkpt lat="40.658401" lon="-73.963235"><ele>24.8</ele><time>2026-09-23T22:14:39.000Z</time><extensions><gpxtpx:TrackPointExtension><gpxtpx:hr>127</gpxtpx:hr></gpxtpx:TrackPointExtension></extensions></trkpt>
      <trkpt lat="40.658428" lon="-73.963244"><ele>24.8</ele><time>2026-09-23T22:14:40.000Z</time><extensions><gpxtpx:TrackPointExtension><gpxtpx:hr>127</gpxtpx:hr></gpxtpx:TrackPointExtension></extensions></trkpt>
      <trkpt lat="40.658454" lon="-73.963248"><ele>24.8</ele><time>2026-09-23T22:14:41.000Z</time><extensions><gpxtpx:TrackPointExtension><gpxtpx:hr>127</gpxtpx:hr></gpxtpx:TrackPointExtension></extensions></trkpt>
      <trkpt lat="40.658478" lon="-73.963253"><ele>25</ele><time>2026-09-23T22:14:42.000Z</time><extensions><gpxtpx:TrackPointExtension><gpxtpx:hr>127</gpxtpx:hr></gpxtpx:TrackPointExtension></extensions></trkpt>
      <trkpt lat="40.658505" lon="-73.963248"><ele>25</ele><time>2026-09-23T22:14:43.000Z</time><extensions><gpxtpx:TrackPointExtension><gpxtpx:hr>127</gpxtpx:hr></gpxtpx:TrackPointExtension></extensions></trkpt>
      <trkpt lat="40.658524" lon="-73.963258"><ele>25</ele><time>2026-09-23T22:14:44.000Z</time><extensions><gpxtpx:TrackPointExtension><gpxtpx:hr>127</gpxtpx:hr></gpxtpx:TrackPointExtension></extensions></trkpt>
      <trkpt lat="40.658549" lon="-73.963264"><ele>25.2</ele><time>2026-09-23T22:14:45.000Z</time><extensions><gpxtpx:TrackPointExtension><gpxtpx:hr>127</gpxtpx:hr></gpxtpx:TrackPointExtension></extensions></trkpt>
      <trkpt lat="40.658565" lon="-73.963274"><ele>25.2</ele><time>2026-09-23T22:14:46.000Z</time><extensions><gpxtpx:TrackPointExtension><gpxtpx:hr>127</gpxtpx:hr></gpxtpx:TrackPointExtension></extensions></trkpt>
      <trkpt lat="40.658591" lon="-73.963279"><ele>25.2</ele><time>2026-09-23T22:14:47.000Z</time><extensions><gpxtpx:TrackPointExtension><gpxtpx:hr>127</gpxtpx:hr></gpxtpx:TrackPointExtension></extensions></trkpt>
      <trkpt lat="40.658611" lon="-73.963279"><ele>25.2</ele><time>2026-09-23T22:14:48.000Z</time><extensions><gpxtpx:TrackPointExtension><gpxtpx:hr>126</gpxtpx:hr></gpxtpx:TrackPointExtension></extensions></trkpt>
      <trkpt lat="40.658636" lon="-73.963285"><ele>25.4</ele><time>2026-09-23T22:14:49.000Z</time><extensions><gpxtpx:TrackPointExtension><gpxtpx:hr>126</gpxtpx:hr></gpxtpx:TrackPointExtension></extensions></trkpt>
      <trkpt lat="40.658655" lon="-73.963289"><ele>25.4</ele><time>2026-09-23T22:14:50.000Z</time><extensions><gpxtpx:TrackPointExtension><gpxtpx:hr>126</gpxtpx:hr></gpxtpx:TrackPointExtension></extensions></trkpt>
      <trkpt lat="40.658674" lon="-73.963292"><ele>25.4</ele><time>2026-09-23T22:14:51.000Z</time><extensions><gpxtpx:TrackPointExtension><gpxtpx:hr>126</gpxtpx:hr></gpxtpx:TrackPointExtension></extensions></trkpt>
      <trkpt lat="40.658698" lon="-73.963294"><ele>25.4</ele><time>2026-09-23T22:14:52.000Z</time><extensions><gpxtpx:TrackPointExtension><gpxtpx:hr>125</gpxtpx:hr></gpxtpx:TrackPointExtension></extensions></trkpt>
      <trkpt lat="40.658719" lon="-73.963298"><ele>25.4</ele><time>2026-09-23T22:14:53.000Z</time><extensions><gpxtpx:TrackPointExtension><gpxtpx:hr>125</gpxtpx:hr></gpxtpx:TrackPointExtension></extensions></trkpt>
      <trkpt lat="40.658746" lon="-73.963297"><ele>25.2</ele><time>2026-09-23T22:14:54.000Z</time><extensions><gpxtpx:TrackPointExtension><gpxtpx:hr>126</gpxtpx:hr></gpxtpx:TrackPointExtension></extensions></trkpt>
      <trkpt lat="40.658766" lon="-73.9633"><ele>25.2</ele><time>2026-09-23T22:14:55.000Z</time><extensions><gpxtpx:TrackPointExtension><gpxtpx:hr>126</gpxtpx:hr></gpxtpx:TrackPointExtension></extensions></trkpt>
      <trkpt lat="40.658791" lon="-73.963299"><ele>25.2</ele><time>2026-09-23T22:14:56.000Z</time><extensions><gpxtpx:TrackPointExtension><gpxtpx:hr>126</gpxtpx:hr></gpxtpx:TrackPointExtension></extensions></trkpt>
      <trkpt lat="40.658811" lon="-73.9633"><ele>25.2</ele><time>2026-09-23T22:14:57.000Z</time><extensions><gpxtpx:TrackPointExtension><gpxtpx:hr>126</gpxtpx:hr></gpxtpx:TrackPointExtension></extensions></trkpt>
      <trkpt lat="40.658838" lon="-73.9633"><ele>25.2</ele><time>2026-09-23T22:14:58.000Z</time><extensions><gpxtpx:TrackPointExtension><gpxtpx:hr>127</gpxtpx:hr></gpxtpx:TrackPointExtension></extensions></trkpt>
      <trkpt lat="40.658859" lon="-73.963309"><ele>25.4</ele><time>2026-09-23T22:14:59.000Z</time><extensions><gpxtpx:TrackPointExtension><gpxtpx:hr>127</gpxtpx:hr></gpxtpx:TrackPointExtension></extensions></trkpt>
      <trkpt lat="40.658885" lon="-73.963314"><ele>25.4</ele><time>2026-09-23T22:15:00.000Z</time><extensions><gpxtpx:TrackPointExtension><gpxtpx:hr>127</gpxtpx:hr></gpxtpx:TrackPointExtension></extensions></trkpt>
      <trkpt lat="40.658905" lon="-73.963321"><ele>25.4</ele><time>2026-09-23T22:15:01.000Z</time><extensions><gpxtpx:TrackPointExtension><gpxtpx:hr>127</gpxtpx:hr></gpxtpx:TrackPointExtension></extensions></trkpt>
      <trkpt lat="40.658935" lon="-73.963331"><ele>25.6</ele><time>2026-09-23T22:15:02.000Z</time><extensions><gpxtpx:TrackPointExtension><gpxtpx:hr>127</gpxtpx:hr></gpxtpx:TrackPointExtension></extensions></trkpt>
      <trkpt lat="40.658952" lon="-73.963343"><ele>25.6</ele><time>2026-09-23T22:15:03.000Z</time><extensions><gpxtpx:TrackPointExtension><gpxtpx:hr>127</gpxtpx:hr></gpxtpx:TrackPointExtension></extensions></trkpt>
      <trkpt lat="40.658977" lon="-73.963356"><ele>25.8</ele><time>2026-09-23T22:15:04.000Z</time><extensions><gpxtpx:TrackPointExtension><gpxtpx:hr>127</gpxtpx:hr></gpxtpx:TrackPointExtension></extensions></trkpt>
      <trkpt lat="40.658997" lon="-73.963366"><ele>25.8</ele><time>2026-09-23T22:15:05.000Z</time><extensions><gpxtpx:TrackPointExtension><gpxtpx:hr>127</gpxtpx:hr></gpxtpx:TrackPointExtension></extensions></trkpt>
      <trkpt lat="40.659022" lon="-73.963374"><ele>25.6</ele><time>2026-09-23T22:15:06.000Z</time><extensions><gpxtpx:TrackPointExtension><gpxtpx:hr>127</gpxtpx:hr></gpxtpx:TrackPointExtension></extensions></trkpt>
      <trkpt lat="40.659041" lon="-73.963377"><ele>25.6</ele><time>2026-09-23T22:15:07.000Z</time><extensions><gpxtpx:TrackPointExtension><gpxtpx:hr>127</gpxtpx:hr></gpxtpx:TrackPointExtension></extensions></trkpt>
      <trkpt lat="40.659067" lon="-73.963373"><ele>25.6</ele><time>2026-09-23T22:15:08.000Z</time><extensions><gpxtpx:TrackPointExtension><gpxtpx:hr>127</gpxtpx:hr></gpxtpx:TrackPointExtension></extensions></trkpt>
      <trkpt lat="40.659089" lon="-73.963368"><ele>25.8</ele><time>2026-09-23T22:15:09.000Z</time><extensions><gpxtpx:TrackPointExtension><gpxtpx:hr>127</gpxtpx:hr></gpxtpx:TrackPointExtension></extensions></trkpt>
      <trkpt lat="40.659113" lon="-73.963359"><ele>25.8</ele><time>2026-09-23T22:15:10.000Z</time><extensions><gpxtpx:TrackPointExtension><gpxtpx:hr>128</gpxtpx:hr></gpxtpx:TrackPointExtension></extensions></trkpt>
      <trkpt lat="40.659135" lon="-73.963357"><ele>25.8</ele><time>2026-09-23T22:15:11.000Z</time><extensions><gpxtpx:TrackPointExtension><gpxtpx:hr>128</gpxtpx:hr></gpxtpx:TrackPointExtension></extensions></trkpt>
      <trkpt lat="40.659154" lon="-73.963361"><ele>25.8</ele><time>2026-09-23T22:15:12.000Z</time><extensions><gpxtpx:TrackPointExtension><gpxtpx:hr>128</gpxtpx:hr></gpxtpx:TrackPointExtension></extensions></trkpt>
      <trkpt lat="40.659179" lon="-73.963363"><ele>25.8</ele><time>2026-09-23T22:15:13.000Z</time><extensions><gpxtpx:TrackPointExtension><gpxtpx:hr>127</gpxtpx:hr></gpxtpx:TrackPointExtension></extensions></trkpt>
      <trkpt lat="40.659194" lon="-73.963374"><ele>25.8</ele><time>2026-09-23T22:15:14.000Z</time><extensions><gpxtpx:TrackPointExtension><gpxtpx:hr>127</gpxtpx:hr></gpxtpx:TrackPointExtension></extensions></trkpt>
      <trkpt lat="40.659222" lon="-73.963372"><ele>26</ele><time>2026-09-23T22:15:15.000Z</time><extensions><gpxtpx:TrackPointExtension><gpxtpx:hr>127</gpxtpx:hr></gpxtpx:TrackPointExtension></extensions></trkpt>
      <trkpt lat="40.65924" lon="-73.963374"><ele>26</ele><time>2026-09-23T22:15:16.000Z</time><extensions><gpxtpx:TrackPointExtension><gpxtpx:hr>127</gpxtpx:hr></gpxtpx:TrackPointExtension></extensions></trkpt>
      <trkpt lat="40.659264" lon="-73.963368"><ele>26</ele><time>2026-09-23T22:15:17.000Z</time><extensions><gpxtpx:TrackPointExtension><gpxtpx:hr>127</gpxtpx:hr></gpxtpx:TrackPointExtension></extensions></trkpt>
      <trkpt lat="40.659286" lon="-73.963362"><ele>26</ele><time>2026-09-23T22:15:18.000Z</time><extensions><gpxtpx:TrackPointExtension><gpxtpx:hr>127</gpxtpx:hr></gpxtpx:TrackPointExtension></extensions></trkpt>
      <trkpt lat="40.659309" lon="-73.963356"><ele>26.2</ele><time>2026-09-23T22:15:19.000Z</time><extensions><gpxtpx:TrackPointExtension><gpxtpx:hr>127</gpxtpx:hr></gpxtpx:TrackPointExtension></extensions></trkpt>
      <trkpt lat="40.659333" lon="-73.963347"><ele>26.2</ele><time>2026-09-23T22:15:20.000Z</time><extensions><gpxtpx:TrackPointExtension><gpxtpx:hr>127</gpxtpx:hr></gpxtpx:TrackPointExtension></extensions></trkpt>
      <trkpt lat="40.659352" lon="-73.963347"><ele>26.2</ele><time>2026-09-23T22:15:21.000Z</time><extensions><gpxtpx:TrackPointExtension><gpxtpx:hr>127</gpxtpx:hr></gpxtpx:TrackPointExtension></extensions></trkpt>
      <trkpt lat="40.659379" lon="-73.963343"><ele>26.2</ele><time>2026-09-23T22:15:22.000Z</time><extensions><gpxtpx:TrackPointExtension><gpxtpx:hr>127</gpxtpx:hr></gpxtpx:TrackPointExtension></extensions></trkpt>
      <trkpt lat="40.659399" lon="-73.963345"><ele>26.2</ele><time>2026-09-23T22:15:23.000Z</time><extensions><gpxtpx:TrackPointExtension><gpxtpx:hr>127</gpxtpx:hr></gpxtpx:TrackPointExtension></extensions></trkpt>
      <trkpt lat="40.659426" lon="-73.963343"><ele>26.2</ele><time>2026-09-23T22:15:24.000Z</time><extensions><gpxtpx:TrackPointExtension><gpxtpx:hr>127</gpxtpx:hr></gpxtpx:TrackPointExtension></extensions></trkpt>
      <trkpt lat="40.659445" lon="-73.963343"><ele>26.4</ele><time>2026-09-23T22:15:25.000Z</time><extensions><gpxtpx:TrackPointExtension><gpxtpx:hr>127</gpxtpx:hr></gpxtpx:TrackPointExtension></extensions></trkpt>
      <trkpt lat="40.659466" lon="-73.963342"><ele>26.4</ele><time>2026-09-23T22:15:26.000Z</time><extensions><gpxtpx:TrackPointExtension><gpxtpx:hr>127</gpxtpx:hr></gpxtpx:TrackPointExtension></extensions></trkpt>
      <trkpt lat="40.659488" lon="-73.96334"><ele>26.4</ele><time>2026-09-23T22:15:27.000Z</time><extensions><gpxtpx:TrackPointExtension><gpxtpx:hr>127</gpxtpx:hr></gpxtpx:TrackPointExtension></extensions></trkpt>
      <trkpt lat="40.659508" lon="-73.963339"><ele>26.4</ele><time>2026-09-23T22:15:28.000Z</time><extensions><gpxtpx:TrackPointExtension><gpxtpx:hr>127</gpxtpx:hr></gpxtpx:TrackPointExtension></extensions></trkpt>
      <trkpt lat="40.659533" lon="-73.963337"><ele>26.6</ele><time>2026-09-23T22:15:29.000Z</time><extensions><gpxtpx:TrackPointExtension><gpxtpx:hr>127</gpxtpx:hr></gpxtpx:TrackPointExtension></extensions></trkpt>
      <trkpt lat="40.65955" lon="-73.963336"><ele>26.6</ele><time>2026-09-23T22:15:30.000Z</time><extensions><gpxtpx:TrackPointExtension><gpxtpx:hr>127</gpxtpx:hr></gpxtpx:TrackPointExtension></extensions></trkpt>
      <trkpt lat="40.659572" lon="-73.963336"><ele>26.6</ele><time>2026-09-23T22:15:31.000Z</time><extensions><gpxtpx:TrackPointExtension><gpxtpx:hr>127</gpxtpx:hr></gpxtpx:TrackPointExtension></extensions></trkpt>
      <trkpt lat="40.659588" lon="-73.963335"><ele>26.8</ele><time>2026-09-23T22:15:32.000Z</time><extensions><gpxtpx:TrackPointExtension><gpxtpx:hr>127</gpxtpx:hr></gpxtpx:TrackPointExtension></extensions></trkpt>
      <trkpt lat="40.659609" lon="-73.963339"><ele>26.8</ele><time>2026-09-23T22:15:33.000Z</time><extensions><gpxtpx:TrackPointExtension><gpxtpx:hr>127</gpxtpx:hr></gpxtpx:TrackPointExtension></extensions></trkpt>
      <trkpt lat="40.65963" lon="-73.963334"><ele>26.8</ele><time>2026-09-23T22:15:34.000Z</time><extensions><gpxtpx:TrackPointExtension><gpxtpx:hr>127</gpxtpx:hr></gpxtpx:TrackPointExtension></extensions></trkpt>
      <trkpt lat="40.659649" lon="-73.963336"><ele>26.8</ele><time>2026-09-23T22:15:35.000Z</time><extensions><gpxtpx:TrackPointExtension><gpxtpx:hr>127</gpxtpx:hr></gpxtpx:TrackPointExtension></extensions></trkpt>
      <trkpt lat="40.659675" lon="-73.96334"><ele>26.8</ele><time>2026-09-23T22:15:36.000Z</time><extensions><gpxtpx:TrackPointExtension><gpxtpx:hr>127</gpxtpx:hr></gpxtpx:TrackPointExtension></extensions></trkpt>
      <trkpt lat="40.659692" lon="-73.963351"><ele>27</ele><time>2026-09-23T22:15:37.000Z</time><extensions><gpxtpx:TrackPointExtension><gpxtpx:hr>127</gpxtpx:hr></gpxtpx:TrackPointExtension></extensions></trkpt>
      <trkpt lat="40.659718" lon="-73.963355"><ele>27</ele><time>2026-09-23T22:15:38.000Z</time><extensions><gpxtpx:TrackPointExtension><gpxtpx:hr>127</gpxtpx:hr></gpxtpx:TrackPointExtension></extensions></trkpt>
      <trkpt lat="40.659735" lon="-73.963361"><ele>27</ele><time>2026-09-23T22:15:39.000Z</time><extensions><gpxtpx:TrackPointExtension><gpxtpx:hr>127</gpxtpx:hr></gpxtpx:TrackPointExtension></extensions></trkpt>
      <trkpt lat="40.659761" lon="-73.963363"><ele>27.2</ele><time>2026-09-23T22:15:40.000Z</time><extensions><gpxtpx:TrackPointExtension><gpxtpx:hr>127</gpxtpx:hr></gpxtpx:TrackPointExtension></extensions></trkpt>
      <trkpt lat="40.659778" lon="-73.963372"><ele>27.2</ele><time>2026-09-23T22:15:41.000Z</time><extensions><gpxtpx:TrackPointExtension><gpxtpx:hr>127</gpxtpx:hr></gpxtpx:TrackPointExtension></extensions></trkpt>
      <trkpt lat="40.659798" lon="-73.963382"><ele>27.4</ele><time>2026-09-23T22:15:42.000Z</time><extensions><gpxtpx:TrackPointExtension><gpxtpx:hr>127</gpxtpx:hr></gpxtpx:TrackPointExtension></extensions></trkpt>
      <trkpt lat="40.659819" lon="-73.963381"><ele>27.4</ele><time>2026-09-23T22:15:43.000Z</time><extensions><gpxtpx:TrackPointExtension><gpxtpx:hr>127</gpxtpx:hr></gpxtpx:TrackPointExtension></extensions></trkpt>
      <trkpt lat="40.659836" lon="-73.963388"><ele>27.4</ele><time>2026-09-23T22:15:44.000Z</time><extensions><gpxtpx:TrackPointExtension><gpxtpx:hr>127</gpxtpx:hr></gpxtpx:TrackPointExtension></extensions></trkpt>
      <trkpt lat="40.659859" lon="-73.963392"><ele>27.4</ele><time>2026-09-23T22:15:45.000Z</time><extensions><gpxtpx:TrackPointExtension><gpxtpx:hr>127</gpxtpx:hr></gpxtpx:TrackPointExtension></extensions></trkpt>
      <trkpt lat="40.659875" lon="-73.963401"><ele>27.6</ele><time>2026-09-23T22:15:46.000Z</time><extensions><gpxtpx:TrackPointExtension><gpxtpx:hr>127</gpxtpx:hr></gpxtpx:TrackPointExtension></extensions></trkpt>
      <trkpt lat="40.6599" lon="-73.963406"><ele>27.6</ele><time>2026-09-23T22:15:47.000Z</time><extensions><gpxtpx:TrackPointExtension><gpxtpx:hr>127</gpxtpx:hr></gpxtpx:TrackPointExtension></extensions></trkpt>
      <trkpt lat="40.659918" lon="-73.96341"><ele>27.6</ele><time>2026-09-23T22:15:48.000Z</time><extensions><gpxtpx:TrackPointExtension><gpxtpx:hr>127</gpxtpx:hr></gpxtpx:TrackPointExtension></extensions></trkpt>
      <trkpt lat="40.659941" lon="-73.963416"><ele>27.6</ele><time>2026-09-23T22:15:49.000Z</time><extensions><gpxtpx:TrackPointExtension><gpxtpx:hr>127</gpxtpx:hr></gpxtpx:TrackPointExtension></extensions></trkpt>
      <trkpt lat="40.659962" lon="-73.96342"><ele>27.6</ele><time>2026-09-23T22:15:50.000Z</time><extensions><gpxtpx:TrackPointExtension><gpxtpx:hr>128</gpxtpx:hr></gpxtpx:TrackPointExtension></extensions></trkpt>
      <trkpt lat="40.659984" lon="-73.963429"><ele>27.8</ele><time>2026-09-23T22:15:51.000Z</time><extensions><gpxtpx:TrackPointExtension><gpxtpx:hr>128</gpxtpx:hr></gpxtpx:TrackPointExtension></extensions></trkpt>
      <trkpt lat="40.660004" lon="-73.963436"><ele>27.8</ele><time>2026-09-23T22:15:52.000Z</time><extensions><gpxtpx:TrackPointExtension><gpxtpx:hr>128</gpxtpx:hr></gpxtpx:TrackPointExtension></extensions></trkpt>
      <trkpt lat="40.660024" lon="-73.963449"><ele>27.8</ele><time>2026-09-23T22:15:53.000Z</time><extensions><gpxtpx:TrackPointExtension><gpxtpx:hr>128</gpxtpx:hr></gpxtpx:TrackPointExtension></extensions></trkpt>
      <trkpt lat="40.660048" lon="-73.963463"><ele>27.8</ele><time>2026-09-23T22:15:54.000Z</time><extensions><gpxtpx:TrackPointExtension><gpxtpx:hr>128</gpxtpx:hr></gpxtpx:TrackPointExtension></extensions></trkpt>
      <trkpt lat="40.660062" lon="-73.963476"><ele>27.8</ele><time>2026-09-23T22:15:55.000Z</time><extensions><gpxtpx:TrackPointExtension><gpxtpx:hr>127</gpxtpx:hr></gpxtpx:TrackPointExtension></extensions></trkpt>
      <trkpt lat="40.660083" lon="-73.963491"><ele>28</ele><time>2026-09-23T22:15:56.000Z</time><extensions><gpxtpx:TrackPointExtension><gpxtpx:hr>127</gpxtpx:hr></gpxtpx:TrackPointExtension></extensions></trkpt>
      <trkpt lat="40.660095" lon="-73.963502"><ele>28</ele><time>2026-09-23T22:15:57.000Z</time><extensions><gpxtpx:TrackPointExtension><gpxtpx:hr>127</gpxtpx:hr></gpxtpx:TrackPointExtension></extensions></trkpt>
      <trkpt lat="40.660114" lon="-73.963515"><ele>28</ele><time>2026-09-23T22:15:58.000Z</time><extensions><gpxtpx:TrackPointExtension><gpxtpx:hr>127</gpxtpx:hr></gpxtpx:TrackPointExtension></extensions></trkpt>
      <trkpt lat="40.660132" lon="-73.963528"><ele>28</ele><time>2026-09-23T22:15:59.000Z</time><extensions><gpxtpx:TrackPointExtension><gpxtpx:hr>128</gpxtpx:hr></gpxtpx:TrackPointExtension></extensions></trkpt>
      <trkpt lat="40.660147" lon="-73.963541"><ele>28.2</ele><time>2026-09-23T22:16:00.000Z</time><extensions><gpxtpx:TrackPointExtension><gpxtpx:hr>128</gpxtpx:hr></gpxtpx:TrackPointExtension></extensions></trkpt>
      <trkpt lat="40.660167" lon="-73.963557"><ele>28</ele><time>2026-09-23T22:16:01.000Z</time><extensions><gpxtpx:TrackPointExtension><gpxtpx:hr>128</gpxtpx:hr></gpxtpx:TrackPointExtension></extensions></trkpt>
      <trkpt lat="40.660181" lon="-73.963568"><ele>28</ele><time>2026-09-23T22:16:02.000Z</time><extensions><gpxtpx:TrackPointExtension><gpxtpx:hr>127</gpxtpx:hr></gpxtpx:TrackPointExtension></extensions></trkpt>
      <trkpt lat="40.6602" lon="-73.963582"><ele>28</ele><time>2026-09-23T22:16:03.000Z</time><extensions><gpxtpx:TrackPointExtension><gpxtpx:hr>127</gpxtpx:hr></gpxtpx:TrackPointExtension></extensions></trkpt>
      <trkpt lat="40.66022" lon="-73.963591"><ele>28</ele><time>2026-09-23T22:16:04.000Z</time><extensions><gpxtpx:TrackPointExtension><gpxtpx:hr>127</gpxtpx:hr></gpxtpx:TrackPointExtension></extensions></trkpt>
      <trkpt lat="40.66023" lon="-73.963603"><ele>28</ele><time>2026-09-23T22:16:05.000Z</time><extensions><gpxtpx:TrackPointExtension><gpxtpx:hr>127</gpxtpx:hr></gpxtpx:TrackPointExtension></extensions></trkpt>
      <trkpt lat="40.660249" lon="-73.963616"><ele>28</ele><time>2026-09-23T22:16:06.000Z</time><extensions><gpxtpx:TrackPointExtension><gpxtpx:hr>127</gpxtpx:hr></gpxtpx:TrackPointExtension></extensions></trkpt>
      <trkpt lat="40.660268" lon="-73.963629"><ele>28</ele><time>2026-09-23T22:16:07.000Z</time><extensions><gpxtpx:TrackPointExtension><gpxtpx:hr>127</gpxtpx:hr></gpxtpx:TrackPointExtension></extensions></trkpt>
      <trkpt lat="40.66028" lon="-73.963648"><ele>28</ele><time>2026-09-23T22:16:08.000Z</time><extensions><gpxtpx:TrackPointExtension><gpxtpx:hr>127</gpxtpx:hr></gpxtpx:TrackPointExtension></extensions></trkpt>
      <trkpt lat="40.660295" lon="-73.963669"><ele>28</ele><time>2026-09-23T22:16:09.000Z</time><extensions><gpxtpx:TrackPointExtension><gpxtpx:hr>127</gpxtpx:hr></gpxtpx:TrackPointExtension></extensions></trkpt>
      <trkpt lat="40.66031" lon="-73.963686"><ele>28</ele><time>2026-09-23T22:16:10.000Z</time><extensions><gpxtpx:TrackPointExtension><gpxtpx:hr>127</gpxtpx:hr></gpxtpx:TrackPointExtension></extensions></trkpt>
      <trkpt lat="40.660325" lon="-73.963705"><ele>28</ele><time>2026-09-23T22:16:11.000Z</time><extensions><gpxtpx:TrackPointExtension><gpxtpx:hr>127</gpxtpx:hr></gpxtpx:TrackPointExtension></extensions></trkpt>
      <trkpt lat="40.660342" lon="-73.96372"><ele>28</ele><time>2026-09-23T22:16:12.000Z</time><extensions><gpxtpx:TrackPointExtension><gpxtpx:hr>127</gpxtpx:hr></gpxtpx:TrackPointExtension></extensions></trkpt>
      <trkpt lat="40.660353" lon="-73.963736"><ele>28.2</ele><time>2026-09-23T22:16:13.000Z</time><extensions><gpxtpx:TrackPointExtension><gpxtpx:hr>127</gpxtpx:hr></gpxtpx:TrackPointExtension></extensions></trkpt>
      <trkpt lat="40.660372" lon="-73.963751"><ele>28.2</ele><time>2026-09-23T22:16:14.000Z</time><extensions><gpxtpx:TrackPointExtension><gpxtpx:hr>127</gpxtpx:hr></gpxtpx:TrackPointExtension></extensions></trkpt>
      <trkpt lat="40.660382" lon="-73.963766"><ele>28.2</ele><time>2026-09-23T22:16:15.000Z</time><extensions><gpxtpx:TrackPointExtension><gpxtpx:hr>127</gpxtpx:hr></gpxtpx:TrackPointExtension></extensions></trkpt>
      <trkpt lat="40.660397" lon="-73.963781"><ele>28.2</ele><time>2026-09-23T22:16:16.000Z</time><extensions><gpxtpx:TrackPointExtension><gpxtpx:hr>127</gpxtpx:hr></gpxtpx:TrackPointExtension></extensions></trkpt>
      <trkpt lat="40.660415" lon="-73.963794"><ele>28.2</ele><time>2026-09-23T22:16:17.000Z</time><extensions><gpxtpx:TrackPointExtension><gpxtpx:hr>127</gpxtpx:hr></gpxtpx:TrackPointExtension></extensions></trkpt>
      <trkpt lat="40.660429" lon="-73.963809"><ele>28.2</ele><time>2026-09-23T22:16:18.000Z</time><extensions><gpxtpx:TrackPointExtension><gpxtpx:hr>128</gpxtpx:hr></gpxtpx:TrackPointExtension></extensions></trkpt>
      <trkpt lat="40.660448" lon="-73.963831"><ele>28.2</ele><time>2026-09-23T22:16:19.000Z</time><extensions><gpxtpx:TrackPointExtension><gpxtpx:hr>128</gpxtpx:hr></gpxtpx:TrackPointExtension></extensions></trkpt>
      <trkpt lat="40.66046" lon="-73.963847"><ele>28.2</ele><time>2026-09-23T22:16:20.000Z</time><extensions><gpxtpx:TrackPointExtension><gpxtpx:hr>128</gpxtpx:hr></gpxtpx:TrackPointExtension></extensions></trkpt>
      <trkpt lat="40.66048" lon="-73.963866"><ele>28.2</ele><time>2026-09-23T22:16:21.000Z</time><extensions><gpxtpx:TrackPointExtension><gpxtpx:hr>128</gpxtpx:hr></gpxtpx:TrackPointExtension></extensions></trkpt>
      <trkpt lat="40.660496" lon="-73.963885"><ele>28</ele><time>2026-09-23T22:16:22.000Z</time><extensions><gpxtpx:TrackPointExtension><gpxtpx:hr>128</gpxtpx:hr></gpxtpx:TrackPointExtension></extensions></trkpt>
      <trkpt lat="40.660513" lon="-73.963907"><ele>28.2</ele><time>2026-09-23T22:16:23.000Z</time><extensions><gpxtpx:TrackPointExtension><gpxtpx:hr>128</gpxtpx:hr></gpxtpx:TrackPointExtension></extensions></trkpt>
      <trkpt lat="40.660526" lon="-73.963925"><ele>28.4</ele><time>2026-09-23T22:16:24.000Z</time><extensions><gpxtpx:TrackPointExtension><gpxtpx:hr>128</gpxtpx:hr></gpxtpx:TrackPointExtension></extensions></trkpt>
      <trkpt lat="40.660539" lon="-73.963941"><ele>28.4</ele><time>2026-09-23T22:16:25.000Z</time><extensions><gpxtpx:TrackPointExtension><gpxtpx:hr>128</gpxtpx:hr></gpxtpx:TrackPointExtension></extensions></trkpt>
      <trkpt lat="40.660555" lon="-73.963957"><ele>28.4</ele><time>2026-09-23T22:16:26.000Z</time><extensions><gpxtpx:TrackPointExtension><gpxtpx:hr>127</gpxtpx:hr></gpxtpx:TrackPointExtension></extensions></trkpt>
      <trkpt lat="40.660566" lon="-73.963976"><ele>28.6</ele><time>2026-09-23T22:16:27.000Z</time><extensions><gpxtpx:TrackPointExtension><gpxtpx:hr>127</gpxtpx:hr></gpxtpx:TrackPointExtension></extensions></trkpt>
      <trkpt lat="40.660586" lon="-73.963993"><ele>28.6</ele><time>2026-09-23T22:16:28.000Z</time><extensions><gpxtpx:TrackPointExtension><gpxtpx:hr>127</gpxtpx:hr></gpxtpx:TrackPointExtension></extensions></trkpt>
      <trkpt lat="40.660602" lon="-73.964011"><ele>28.8</ele><time>2026-09-23T22:16:29.000Z</time><extensions><gpxtpx:TrackPointExtension><gpxtpx:hr>127</gpxtpx:hr></gpxtpx:TrackPointExtension></extensions></trkpt>
      <trkpt lat="40.660622" lon="-73.964029"><ele>28.8</ele><time>2026-09-23T22:16:30.000Z</time><extensions><gpxtpx:TrackPointExtension><gpxtpx:hr>127</gpxtpx:hr></gpxtpx:TrackPointExtension></extensions></trkpt>
      <trkpt lat="40.660633" lon="-73.964043"><ele>28.8</ele><time>2026-09-23T22:16:31.000Z</time><extensions><gpxtpx:TrackPointExtension><gpxtpx:hr>127</gpxtpx:hr></gpxtpx:TrackPointExtension></extensions></trkpt>
      <trkpt lat="40.660653" lon="-73.96406"><ele>28.8</ele><time>2026-09-23T22:16:32.000Z</time><extensions><gpxtpx:TrackPointExtension><gpxtpx:hr>128</gpxtpx:hr></gpxtpx:TrackPointExtension></extensions></trkpt>
      <trkpt lat="40.660671" lon="-73.964073"><ele>28.8</ele><time>2026-09-23T22:16:33.000Z</time><extensions><gpxtpx:TrackPointExtension><gpxtpx:hr>128</gpxtpx:hr></gpxtpx:TrackPointExtension></extensions></trkpt>
      <trkpt lat="40.660694" lon="-73.964093"><ele>28.8</ele><time>2026-09-23T22:16:34.000Z</time><extensions><gpxtpx:TrackPointExtension><gpxtpx:hr>128</gpxtpx:hr></gpxtpx:TrackPointExtension></extensions></trkpt>
      <trkpt lat="40.660709" lon="-73.964105"><ele>29</ele><time>2026-09-23T22:16:35.000Z</time><extensions><gpxtpx:TrackPointExtension><gpxtpx:hr>128</gpxtpx:hr></gpxtpx:TrackPointExtension></extensions></trkpt>
      <trkpt lat="40.660731" lon="-73.964121"><ele>29</ele><time>2026-09-23T22:16:36.000Z</time><extensions><gpxtpx:TrackPointExtension><gpxtpx:hr>129</gpxtpx:hr></gpxtpx:TrackPointExtension></extensions></trkpt>
      <trkpt lat="40.660751" lon="-73.964125"><ele>29</ele><time>2026-09-23T22:16:37.000Z</time><extensions><gpxtpx:TrackPointExtension><gpxtpx:hr>129</gpxtpx:hr></gpxtpx:TrackPointExtension></extensions></trkpt>
      <trkpt lat="40.66077" lon="-73.964132"><ele>29.2</ele><time>2026-09-23T22:16:38.000Z</time><extensions><gpxtpx:TrackPointExtension><gpxtpx:hr>129</gpxtpx:hr></gpxtpx:TrackPointExtension></extensions></trkpt>
      <trkpt lat="40.660789" lon="-73.964133"><ele>29.2</ele><time>2026-09-23T22:16:39.000Z</time><extensions><gpxtpx:TrackPointExtension><gpxtpx:hr>128</gpxtpx:hr></gpxtpx:TrackPointExtension></extensions></trkpt>
      <trkpt lat="40.660802" lon="-73.964139"><ele>29.4</ele><time>2026-09-23T22:16:40.000Z</time><extensions><gpxtpx:TrackPointExtension><gpxtpx:hr>128</gpxtpx:hr></gpxtpx:TrackPointExtension></extensions></trkpt>
      <trkpt lat="40.66082" lon="-73.964144"><ele>29.6</ele><time>2026-09-23T22:16:41.000Z</time><extensions><gpxtpx:TrackPointExtension><gpxtpx:hr>127</gpxtpx:hr></gpxtpx:TrackPointExtension></extensions></trkpt>
      <trkpt lat="40.660833" lon="-73.964145"><ele>29.8</ele><time>2026-09-23T22:16:42.000Z</time><extensions><gpxtpx:TrackPointExtension><gpxtpx:hr>127</gpxtpx:hr></gpxtpx:TrackPointExtension></extensions></trkpt>
      <trkpt lat="40.660849" lon="-73.964148"><ele>30</ele><time>2026-09-23T22:16:43.000Z</time><extensions><gpxtpx:TrackPointExtension><gpxtpx:hr>127</gpxtpx:hr></gpxtpx:TrackPointExtension></extensions></trkpt>
      <trkpt lat="40.660869" lon="-73.964152"><ele>30.2</ele><time>2026-09-23T22:16:44.000Z</time><extensions><gpxtpx:TrackPointExtension><gpxtpx:hr>126</gpxtpx:hr></gpxtpx:TrackPointExtension></extensions></trkpt>
      <trkpt lat="40.660879" lon="-73.964162"><ele>30.2</ele><time>2026-09-23T22:16:45.000Z</time><extensions><gpxtpx:TrackPointExtension><gpxtpx:hr>126</gpxtpx:hr></gpxtpx:TrackPointExtension></extensions></trkpt>
      <trkpt lat="40.660897" lon="-73.964165"><ele>30.4</ele><time>2026-09-23T22:16:46.000Z</time><extensions><gpxtpx:TrackPointExtension><gpxtpx:hr>126</gpxtpx:hr></gpxtpx:TrackPointExtension></extensions></trkpt>
      <trkpt lat="40.660914" lon="-73.96417"><ele>30.6</ele><time>2026-09-23T22:16:47.000Z</time><extensions><gpxtpx:TrackPointExtension><gpxtpx:hr>126</gpxtpx:hr></gpxtpx:TrackPointExtension></extensions></trkpt>
      <trkpt lat="40.660926" lon="-73.964178"><ele>30.8</ele><time>2026-09-23T22:16:48.000Z</time><extensions><gpxtpx:TrackPointExtension><gpxtpx:hr>127</gpxtpx:hr></gpxtpx:TrackPointExtension></extensions></trkpt>
      <trkpt lat="40.660948" lon="-73.964183"><ele>31</ele><time>2026-09-23T22:16:49.000Z</time><extensions><gpxtpx:TrackPointExtension><gpxtpx:hr>127</gpxtpx:hr></gpxtpx:TrackPointExtension></extensions></trkpt>
      <trkpt lat="40.660966" lon="-73.964186"><ele>31.2</ele><time>2026-09-23T22:16:50.000Z</time><extensions><gpxtpx:TrackPointExtension><gpxtpx:hr>127</gpxtpx:hr></gpxtpx:TrackPointExtension></extensions></trkpt>
      <trkpt lat="40.660979" lon="-73.964193"><ele>31.4</ele><time>2026-09-23T22:16:51.000Z</time><extensions><gpxtpx:TrackPointExtension><gpxtpx:hr>127</gpxtpx:hr></gpxtpx:TrackPointExtension></extensions></trkpt>
      <trkpt lat="40.660999" lon="-73.964193"><ele>31.6</ele><time>2026-09-23T22:16:52.000Z</time><extensions><gpxtpx:TrackPointExtension><gpxtpx:hr>128</gpxtpx:hr></gpxtpx:TrackPointExtension></extensions></trkpt>
      <trkpt lat="40.661014" lon="-73.964194"><ele>32</ele><time>2026-09-23T22:16:53.000Z</time><extensions><gpxtpx:TrackPointExtension><gpxtpx:hr>129</gpxtpx:hr></gpxtpx:TrackPointExtension></extensions></trkpt>
      <trkpt lat="40.661034" lon="-73.964195"><ele>32</ele><time>2026-09-23T22:16:54.000Z</time><extensions><gpxtpx:TrackPointExtension><gpxtpx:hr>129</gpxtpx:hr></gpxtpx:TrackPointExtension></extensions></trkpt>
      <trkpt lat="40.661054" lon="-73.964196"><ele>32.2</ele><time>2026-09-23T22:16:55.000Z</time><extensions><gpxtpx:TrackPointExtension><gpxtpx:hr>129</gpxtpx:hr></gpxtpx:TrackPointExtension></extensions></trkpt>
      <trkpt lat="40.661071" lon="-73.964197"><ele>32.4</ele><time>2026-09-23T22:16:56.000Z</time><extensions><gpxtpx:TrackPointExtension><gpxtpx:hr>129</gpxtpx:hr></gpxtpx:TrackPointExtension></extensions></trkpt>
      <trkpt lat="40.66109" lon="-73.964197"><ele>32.6</ele><time>2026-09-23T22:16:57.000Z</time><extensions><gpxtpx:TrackPointExtension><gpxtpx:hr>129</gpxtpx:hr></gpxtpx:TrackPointExtension></extensions></trkpt>
      <trkpt lat="40.661106" lon="-73.964199"><ele>32.6</ele><time>2026-09-23T22:16:58.000Z</time><extensions><gpxtpx:TrackPointExtension><gpxtpx:hr>129</gpxtpx:hr></gpxtpx:TrackPointExtension></extensions></trkpt>
      <trkpt lat="40.66112" lon="-73.964203"><ele>32.8</ele><time>2026-09-23T22:16:59.000Z</time><extensions><gpxtpx:TrackPointExtension><gpxtpx:hr>129</gpxtpx:hr></gpxtpx:TrackPointExtension></extensions></trkpt>
      <trkpt lat="40.66114" lon="-73.964206"><ele>32.8</ele><time>2026-09-23T22:17:00.000Z</time><extensions><gpxtpx:TrackPointExtension><gpxtpx:hr>130</gpxtpx:hr></gpxtpx:TrackPointExtension></extensions></trkpt>
      <trkpt lat="40.661156" lon="-73.964206"><ele>33</ele><time>2026-09-23T22:17:01.000Z</time><extensions><gpxtpx:TrackPointExtension><gpxtpx:hr>130</gpxtpx:hr></gpxtpx:TrackPointExtension></extensions></trkpt>
      <trkpt lat="40.661174" lon="-73.964211"><ele>33</ele><time>2026-09-23T22:17:02.000Z</time><extensions><gpxtpx:TrackPointExtension><gpxtpx:hr>131</gpxtpx:hr></gpxtpx:TrackPointExtension></extensions></trkpt>
      <trkpt lat="40.661195" lon="-73.964213"><ele>33.2</ele><time>2026-09-23T22:17:03.000Z</time><extensions><gpxtpx:TrackPointExtension><gpxtpx:hr>131</gpxtpx:hr></gpxtpx:TrackPointExtension></extensions></trkpt>
      <trkpt lat="40.661212" lon="-73.964217"><ele>33.2</ele><time>2026-09-23T22:17:04.000Z</time><extensions><gpxtpx:TrackPointExtension><gpxtpx:hr>131</gpxtpx:hr></gpxtpx:TrackPointExtension></extensions></trkpt>
      <trkpt lat="40.661231" lon="-73.964219"><ele>33.4</ele><time>2026-09-23T22:17:05.000Z</time><extensions><gpxtpx:TrackPointExtension><gpxtpx:hr>131</gpxtpx:hr></gpxtpx:TrackPointExtension></extensions></trkpt>
      <trkpt lat="40.661251" lon="-73.964219"><ele>33.6</ele><time>2026-09-23T22:17:06.000Z</time><extensions><gpxtpx:TrackPointExtension><gpxtpx:hr>131</gpxtpx:hr></gpxtpx:TrackPointExtension></extensions></trkpt>
      <trkpt lat="40.661265" lon="-73.964223"><ele>33.8</ele><time>2026-09-23T22:17:07.000Z</time><extensions><gpxtpx:TrackPointExtension><gpxtpx:hr>131</gpxtpx:hr></gpxtpx:TrackPointExtension></extensions></trkpt>
      <trkpt lat="40.661282" lon="-73.964222"><ele>34</ele><time>2026-09-23T22:17:08.000Z</time><extensions><gpxtpx:TrackPointExtension><gpxtpx:hr>131</gpxtpx:hr></gpxtpx:TrackPointExtension></extensions></trkpt>
      <trkpt lat="40.661301" lon="-73.964221"><ele>34</ele><time>2026-09-23T22:17:09.000Z</time><extensions><gpxtpx:TrackPointExtension><gpxtpx:hr>131</gpxtpx:hr></gpxtpx:TrackPointExtension></extensions></trkpt>
      <trkpt lat="40.661313" lon="-73.964225"><ele>34.2</ele><time>2026-09-23T22:17:10.000Z</time><extensions><gpxtpx:TrackPointExtension><gpxtpx:hr>131</gpxtpx:hr></gpxtpx:TrackPointExtension></extensions></trkpt>
      <trkpt lat="40.661335" lon="-73.964231"><ele>34.2</ele><time>2026-09-23T22:17:11.000Z</time><extensions><gpxtpx:TrackPointExtension><gpxtpx:hr>131</gpxtpx:hr></gpxtpx:TrackPointExtension></extensions></trkpt>
      <trkpt lat="40.66135" lon="-73.964236"><ele>34.4</ele><time>2026-09-23T22:17:12.000Z</time><extensions><gpxtpx:TrackPointExtension><gpxtpx:hr>131</gpxtpx:hr></gpxtpx:TrackPointExtension></extensions></trkpt>
      <trkpt lat="40.661371" lon="-73.964239"><ele>34.4</ele><time>2026-09-23T22:17:13.000Z</time><extensions><gpxtpx:TrackPointExtension><gpxtpx:hr>131</gpxtpx:hr></gpxtpx:TrackPointExtension></extensions></trkpt>
      <trkpt lat="40.661395" lon="-73.964237"><ele>34.4</ele><time>2026-09-23T22:17:14.000Z</time><extensions><gpxtpx:TrackPointExtension><gpxtpx:hr>131</gpxtpx:hr></gpxtpx:TrackPointExtension></extensions></trkpt>
      <trkpt lat="40.66141" lon="-73.96424"><ele>34.4</ele><time>2026-09-23T22:17:15.000Z</time><extensions><gpxtpx:TrackPointExtension><gpxtpx:hr>130</gpxtpx:hr></gpxtpx:TrackPointExtension></extensions></trkpt>
      <trkpt lat="40.661431" lon="-73.964241"><ele>34.4</ele><time>2026-09-23T22:17:16.000Z</time><extensions><gpxtpx:TrackPointExtension><gpxtpx:hr>129</gpxtpx:hr></gpxtpx:TrackPointExtension></extensions></trkpt>
      <trkpt lat="40.66145" lon="-73.964243"><ele>34.4</ele><time>2026-09-23T22:17:17.000Z</time><extensions><gpxtpx:TrackPointExtension><gpxtpx:hr>128</gpxtpx:hr></gpxtpx:TrackPointExtension></extensions></trkpt>
      <trkpt lat="40.661471" lon="-73.964244"><ele>34.4</ele><time>2026-09-23T22:17:18.000Z</time><extensions><gpxtpx:TrackPointExtension><gpxtpx:hr>127</gpxtpx:hr></gpxtpx:TrackPointExtension></extensions></trkpt>
      <trkpt lat="40.661491" lon="-73.964244"><ele>34.4</ele><time>2026-09-23T22:17:19.000Z</time><extensions><gpxtpx:TrackPointExtension><gpxtpx:hr>126</gpxtpx:hr></gpxtpx:TrackPointExtension></extensions></trkpt>
      <trkpt lat="40.661507" lon="-73.964245"><ele>34.2</ele><time>2026-09-23T22:17:20.000Z</time><extensions><gpxtpx:TrackPointExtension><gpxtpx:hr>126</gpxtpx:hr></gpxtpx:TrackPointExtension></extensions></trkpt>
      <trkpt lat="40.661528" lon="-73.964236"><ele>34.2</ele><time>2026-09-23T22:17:21.000Z</time><extensions><gpxtpx:TrackPointExtension><gpxtpx:hr>126</gpxtpx:hr></gpxtpx:TrackPointExtension></extensions></trkpt>
      <trkpt lat="40.661545" lon="-73.964236"><ele>34.2</ele><time>2026-09-23T22:17:22.000Z</time><extensions><gpxtpx:TrackPointExtension><gpxtpx:hr>126</gpxtpx:hr></gpxtpx:TrackPointExtension></extensions></trkpt>
      <trkpt lat="40.661567" lon="-73.964239"><ele>34</ele><time>2026-09-23T22:17:23.000Z</time><extensions><gpxtpx:TrackPointExtension><gpxtpx:hr>126</gpxtpx:hr></gpxtpx:TrackPointExtension></extensions></trkpt>
      <trkpt lat="40.661587" lon="-73.964239"><ele>34</ele><time>2026-09-23T22:17:24.000Z</time><extensions><gpxtpx:TrackPointExtension><gpxtpx:hr>127</gpxtpx:hr></gpxtpx:TrackPointExtension></extensions></trkpt>
      <trkpt lat="40.661609" lon="-73.96424"><ele>33.8</ele><time>2026-09-23T22:17:25.000Z</time><extensions><gpxtpx:TrackPointExtension><gpxtpx:hr>127</gpxtpx:hr></gpxtpx:TrackPointExtension></extensions></trkpt>
      <trkpt lat="40.661633" lon="-73.964234"><ele>33.8</ele><time>2026-09-23T22:17:26.000Z</time><extensions><gpxtpx:TrackPointExtension><gpxtpx:hr>127</gpxtpx:hr></gpxtpx:TrackPointExtension></extensions></trkpt>
      <trkpt lat="40.661652" lon="-73.964234"><ele>33.6</ele><time>2026-09-23T22:17:27.000Z</time><extensions><gpxtpx:TrackPointExtension><gpxtpx:hr>127</gpxtpx:hr></gpxtpx:TrackPointExtension></extensions></trkpt>
      <trkpt lat="40.661678" lon="-73.964227"><ele>33.6</ele><time>2026-09-23T22:17:28.000Z</time><extensions><gpxtpx:TrackPointExtension><gpxtpx:hr>128</gpxtpx:hr></gpxtpx:TrackPointExtension></extensions></trkpt>
      <trkpt lat="40.661693" lon="-73.964224"><ele>33.6</ele><time>2026-09-23T22:17:29.000Z</time><extensions><gpxtpx:TrackPointExtension><gpxtpx:hr>129</gpxtpx:hr></gpxtpx:TrackPointExtension></extensions></trkpt>
      <trkpt lat="40.661715" lon="-73.964224"><ele>33.6</ele><time>2026-09-23T22:17:30.000Z</time><extensions><gpxtpx:TrackPointExtension><gpxtpx:hr>129</gpxtpx:hr></gpxtpx:TrackPointExtension></extensions></trkpt>
      <trkpt lat="40.661734" lon="-73.964222"><ele>33.6</ele><time>2026-09-23T22:17:31.000Z</time><extensions><gpxtpx:TrackPointExtension><gpxtpx:hr>130</gpxtpx:hr></gpxtpx:TrackPointExtension></extensions></trkpt>
      <trkpt lat="40.661752" lon="-73.964219"><ele>33.4</ele><time>2026-09-23T22:17:32.000Z</time><extensions><gpxtpx:TrackPointExtension><gpxtpx:hr>130</gpxtpx:hr></gpxtpx:TrackPointExtension></extensions></trkpt>
      <trkpt lat="40.661773" lon="-73.96421"><ele>33.4</ele><time>2026-09-23T22:17:33.000Z</time><extensions><gpxtpx:TrackPointExtension><gpxtpx:hr>131</gpxtpx:hr></gpxtpx:TrackPointExtension></extensions></trkpt>
      <trkpt lat="40.661791" lon="-73.964207"><ele>33.4</ele><time>2026-09-23T22:17:34.000Z</time><extensions><gpxtpx:TrackPointExtension><gpxtpx:hr>131</gpxtpx:hr></gpxtpx:TrackPointExtension></extensions></trkpt>
      <trkpt lat="40.661814" lon="-73.964192"><ele>33.4</ele><time>2026-09-23T22:17:35.000Z</time><extensions><gpxtpx:TrackPointExtension><gpxtpx:hr>131</gpxtpx:hr></gpxtpx:TrackPointExtension></extensions></trkpt>
      <trkpt lat="40.661839" lon="-73.964183"><ele>33.6</ele><time>2026-09-23T22:17:36.000Z</time><extensions><gpxtpx:TrackPointExtension><gpxtpx:hr>131</gpxtpx:hr></gpxtpx:TrackPointExtension></extensions></trkpt>
      <trkpt lat="40.661864" lon="-73.964174"><ele>33.6</ele><time>2026-09-23T22:17:37.000Z</time><extensions><gpxtpx:TrackPointExtension><gpxtpx:hr>131</gpxtpx:hr></gpxtpx:TrackPointExtension></extensions></trkpt>
      <trkpt lat="40.661887" lon="-73.964162"><ele>33.6</ele><time>2026-09-23T22:17:38.000Z</time><extensions><gpxtpx:TrackPointExtension><gpxtpx:hr>131</gpxtpx:hr></gpxtpx:TrackPointExtension></extensions></trkpt>
      <trkpt lat="40.661911" lon="-73.964144"><ele>33.6</ele><time>2026-09-23T22:17:39.000Z</time><extensions><gpxtpx:TrackPointExtension><gpxtpx:hr>131</gpxtpx:hr></gpxtpx:TrackPointExtension></extensions></trkpt>
      <trkpt lat="40.661933" lon="-73.964118"><ele>33.6</ele><time>2026-09-23T22:17:40.000Z</time><extensions><gpxtpx:TrackPointExtension><gpxtpx:hr>130</gpxtpx:hr></gpxtpx:TrackPointExtension></extensions></trkpt>
      <trkpt lat="40.66195" lon="-73.964099"><ele>33.6</ele><time>2026-09-23T22:17:41.000Z</time><extensions><gpxtpx:TrackPointExtension><gpxtpx:hr>130</gpxtpx:hr></gpxtpx:TrackPointExtension></extensions></trkpt>
      <trkpt lat="40.661968" lon="-73.964074"><ele>33.6</ele><time>2026-09-23T22:17:42.000Z</time><extensions><gpxtpx:TrackPointExtension><gpxtpx:hr>129</gpxtpx:hr></gpxtpx:TrackPointExtension></extensions></trkpt>
      <trkpt lat="40.661981" lon="-73.964057"><ele>33.6</ele><time>2026-09-23T22:17:43.000Z</time><extensions><gpxtpx:TrackPointExtension><gpxtpx:hr>129</gpxtpx:hr></gpxtpx:TrackPointExtension></extensions></trkpt>
      <trkpt lat="40.661997" lon="-73.964033"><ele>33.4</ele><time>2026-09-23T22:17:44.000Z</time><extensions><gpxtpx:TrackPointExtension><gpxtpx:hr>128</gpxtpx:hr></gpxtpx:TrackPointExtension></extensions></trkpt>
      <trkpt lat="40.662013" lon="-73.964016"><ele>33.4</ele><time>2026-09-23T22:17:45.000Z</time><extensions><gpxtpx:TrackPointExtension><gpxtpx:hr>128</gpxtpx:hr></gpxtpx:TrackPointExtension></extensions></trkpt>
      <trkpt lat="40.662029" lon="-73.963999"><ele>33.4</ele><time>2026-09-23T22:17:46.000Z</time><extensions><gpxtpx:TrackPointExtension><gpxtpx:hr>128</gpxtpx:hr></gpxtpx:TrackPointExtension></extensions></trkpt>
      <trkpt lat="40.662044" lon="-73.96398"><ele>33.4</ele><time>2026-09-23T22:17:47.000Z</time><extensions><gpxtpx:TrackPointExtension><gpxtpx:hr>127</gpxtpx:hr></gpxtpx:TrackPointExtension></extensions></trkpt>
      <trkpt lat="40.662064" lon="-73.963963"><ele>33.2</ele><time>2026-09-23T22:17:48.000Z</time><extensions><gpxtpx:TrackPointExtension><gpxtpx:hr>127</gpxtpx:hr></gpxtpx:TrackPointExtension></extensions></trkpt>
      <trkpt lat="40.662083" lon="-73.963942"><ele>33.2</ele><time>2026-09-23T22:17:49.000Z</time><extensions><gpxtpx:TrackPointExtension><gpxtpx:hr>127</gpxtpx:hr></gpxtpx:TrackPointExtension></extensions></trkpt>
      <trkpt lat="40.662098" lon="-73.963932"><ele>33.2</ele><time>2026-09-23T22:17:50.000Z</time><extensions><gpxtpx:TrackPointExtension><gpxtpx:hr>126</gpxtpx:hr></gpxtpx:TrackPointExtension></extensions></trkpt>
      <trkpt lat="40.662114" lon="-73.963912"><ele>33.2</ele><time>2026-09-23T22:17:51.000Z</time><extensions><gpxtpx:TrackPointExtension><gpxtpx:hr>126</gpxtpx:hr></gpxtpx:TrackPointExtension></extensions></trkpt>
      <trkpt lat="40.662129" lon="-73.963902"><ele>33</ele><time>2026-09-23T22:17:52.000Z</time><extensions><gpxtpx:TrackPointExtension><gpxtpx:hr>126</gpxtpx:hr></gpxtpx:TrackPointExtension></extensions></trkpt>
      <trkpt lat="40.662147" lon="-73.963879"><ele>33</ele><time>2026-09-23T22:17:53.000Z</time><extensions><gpxtpx:TrackPointExtension><gpxtpx:hr>126</gpxtpx:hr></gpxtpx:TrackPointExtension></extensions></trkpt>
      <trkpt lat="40.662166" lon="-73.963869"><ele>33</ele><time>2026-09-23T22:17:54.000Z</time><extensions><gpxtpx:TrackPointExtension><gpxtpx:hr>126</gpxtpx:hr></gpxtpx:TrackPointExtension></extensions></trkpt>
      <trkpt lat="40.662186" lon="-73.963849"><ele>33</ele><time>2026-09-23T22:17:55.000Z</time><extensions><gpxtpx:TrackPointExtension><gpxtpx:hr>126</gpxtpx:hr></gpxtpx:TrackPointExtension></extensions></trkpt>
      <trkpt lat="40.662205" lon="-73.963838"><ele>33</ele><time>2026-09-23T22:17:56.000Z</time><extensions><gpxtpx:TrackPointExtension><gpxtpx:hr>126</gpxtpx:hr></gpxtpx:TrackPointExtension></extensions></trkpt>
      <trkpt lat="40.662223" lon="-73.963825"><ele>33</ele><time>2026-09-23T22:17:57.000Z</time><extensions><gpxtpx:TrackPointExtension><gpxtpx:hr>126</gpxtpx:hr></gpxtpx:TrackPointExtension></extensions></trkpt>
      <trkpt lat="40.662243" lon="-73.963817"><ele>33</ele><time>2026-09-23T22:17:58.000Z</time><extensions><gpxtpx:TrackPointExtension><gpxtpx:hr>126</gpxtpx:hr></gpxtpx:TrackPointExtension></extensions></trkpt>
      <trkpt lat="40.662264" lon="-73.963808"><ele>33</ele><time>2026-09-23T22:17:59.000Z</time><extensions><gpxtpx:TrackPointExtension><gpxtpx:hr>126</gpxtpx:hr></gpxtpx:TrackPointExtension></extensions></trkpt>
      <trkpt lat="40.662282" lon="-73.963808"><ele>32.8</ele><time>2026-09-23T22:18:00.000Z</time><extensions><gpxtpx:TrackPointExtension><gpxtpx:hr>126</gpxtpx:hr></gpxtpx:TrackPointExtension></extensions></trkpt>
      <trkpt lat="40.662303" lon="-73.963802"><ele>32.6</ele><time>2026-09-23T22:18:01.000Z</time><extensions><gpxtpx:TrackPointExtension><gpxtpx:hr>126</gpxtpx:hr></gpxtpx:TrackPointExtension></extensions></trkpt>
      <trkpt lat="40.662323" lon="-73.963797"><ele>32.6</ele><time>2026-09-23T22:18:02.000Z</time><extensions><gpxtpx:TrackPointExtension><gpxtpx:hr>126</gpxtpx:hr></gpxtpx:TrackPointExtension></extensions></trkpt>
      <trkpt lat="40.662348" lon="-73.963795"><ele>32.4</ele><time>2026-09-23T22:18:03.000Z</time><extensions><gpxtpx:TrackPointExtension><gpxtpx:hr>126</gpxtpx:hr></gpxtpx:TrackPointExtension></extensions></trkpt>
      <trkpt lat="40.662369" lon="-73.96379"><ele>32.2</ele><time>2026-09-23T22:18:04.000Z</time><extensions><gpxtpx:TrackPointExtension><gpxtpx:hr>125</gpxtpx:hr></gpxtpx:TrackPointExtension></extensions></trkpt>
      <trkpt lat="40.662393" lon="-73.963786"><ele>32</ele><time>2026-09-23T22:18:05.000Z</time><extensions><gpxtpx:TrackPointExtension><gpxtpx:hr>125</gpxtpx:hr></gpxtpx:TrackPointExtension></extensions></trkpt>
      <trkpt lat="40.662414" lon="-73.963787"><ele>31.8</ele><time>2026-09-23T22:18:06.000Z</time><extensions><gpxtpx:TrackPointExtension><gpxtpx:hr>125</gpxtpx:hr></gpxtpx:TrackPointExtension></extensions></trkpt>
      <trkpt lat="40.662438" lon="-73.96379"><ele>31.6</ele><time>2026-09-23T22:18:07.000Z</time><extensions><gpxtpx:TrackPointExtension><gpxtpx:hr>125</gpxtpx:hr></gpxtpx:TrackPointExtension></extensions></trkpt>
      <trkpt lat="40.662461" lon="-73.963789"><ele>31.2</ele><time>2026-09-23T22:18:08.000Z</time><extensions><gpxtpx:TrackPointExtension><gpxtpx:hr>125</gpxtpx:hr></gpxtpx:TrackPointExtension></extensions></trkpt>
      <trkpt lat="40.662487" lon="-73.963787"><ele>31</ele><time>2026-09-23T22:18:09.000Z</time><extensions><gpxtpx:TrackPointExtension><gpxtpx:hr>125</gpxtpx:hr></gpxtpx:TrackPointExtension></extensions></trkpt>
      <trkpt lat="40.662511" lon="-73.963791"><ele>30.8</ele><time>2026-09-23T22:18:10.000Z</time><extensions><gpxtpx:TrackPointExtension><gpxtpx:hr>124</gpxtpx:hr></gpxtpx:TrackPointExtension></extensions></trkpt>
      <trkpt lat="40.662535" lon="-73.963792"><ele>30.6</ele><time>2026-09-23T22:18:11.000Z</time><extensions><gpxtpx:TrackPointExtension><gpxtpx:hr>124</gpxtpx:hr></gpxtpx:TrackPointExtension></extensions></trkpt>
      <trkpt lat="40.662562" lon="-73.963788"><ele>30.4</ele><time>2026-09-23T22:18:12.000Z</time><extensions><gpxtpx:TrackPointExtension><gpxtpx:hr>123</gpxtpx:hr></gpxtpx:TrackPointExtension></extensions></trkpt>
      <trkpt lat="40.662584" lon="-73.963791"><ele>30.2</ele><time>2026-09-23T22:18:13.000Z</time><extensions><gpxtpx:TrackPointExtension><gpxtpx:hr>123</gpxtpx:hr></gpxtpx:TrackPointExtension></extensions></trkpt>
      <trkpt lat="40.662607" lon="-73.96379"><ele>30</ele><time>2026-09-23T22:18:14.000Z</time><extensions><gpxtpx:TrackPointExtension><gpxtpx:hr>122</gpxtpx:hr></gpxtpx:TrackPointExtension></extensions></trkpt>
      <trkpt lat="40.66263" lon="-73.963792"><ele>29.8</ele><time>2026-09-23T22:18:15.000Z</time><extensions><gpxtpx:TrackPointExtension><gpxtpx:hr>122</gpxtpx:hr></gpxtpx:TrackPointExtension></extensions></trkpt>
      <trkpt lat="40.662656" lon="-73.963785"><ele>29.8</ele><time>2026-09-23T22:18:16.000Z</time><extensions><gpxtpx:TrackPointExtension><gpxtpx:hr>121</gpxtpx:hr></gpxtpx:TrackPointExtension></extensions></trkpt>
      <trkpt lat="40.662681" lon="-73.963782"><ele>29.6</ele><time>2026-09-23T22:18:17.000Z</time><extensions><gpxtpx:TrackPointExtension><gpxtpx:hr>121</gpxtpx:hr></gpxtpx:TrackPointExtension></extensions></trkpt>
      <trkpt lat="40.662707" lon="-73.963776"><ele>29.6</ele><time>2026-09-23T22:18:18.000Z</time><extensions><gpxtpx:TrackPointExtension><gpxtpx:hr>121</gpxtpx:hr></gpxtpx:TrackPointExtension></extensions></trkpt>
      <trkpt lat="40.662728" lon="-73.963778"><ele>29.8</ele><time>2026-09-23T22:18:19.000Z</time><extensions><gpxtpx:TrackPointExtension><gpxtpx:hr>120</gpxtpx:hr></gpxtpx:TrackPointExtension></extensions></trkpt>
      <trkpt lat="40.662753" lon="-73.963773"><ele>29.8</ele><time>2026-09-23T22:18:20.000Z</time><extensions><gpxtpx:TrackPointExtension><gpxtpx:hr>120</gpxtpx:hr></gpxtpx:TrackPointExtension></extensions></trkpt>
      <trkpt lat="40.662776" lon="-73.963774"><ele>29.8</ele><time>2026-09-23T22:18:21.000Z</time><extensions><gpxtpx:TrackPointExtension><gpxtpx:hr>119</gpxtpx:hr></gpxtpx:TrackPointExtension></extensions></trkpt>
      <trkpt lat="40.662804" lon="-73.963767"><ele>29.8</ele><time>2026-09-23T22:18:22.000Z</time><extensions><gpxtpx:TrackPointExtension><gpxtpx:hr>119</gpxtpx:hr></gpxtpx:TrackPointExtension></extensions></trkpt>
      <trkpt lat="40.662824" lon="-73.963769"><ele>29.8</ele><time>2026-09-23T22:18:23.000Z</time><extensions><gpxtpx:TrackPointExtension><gpxtpx:hr>119</gpxtpx:hr></gpxtpx:TrackPointExtension></extensions></trkpt>
      <trkpt lat="40.66285" lon="-73.963764"><ele>29.6</ele><time>2026-09-23T22:18:24.000Z</time><extensions><gpxtpx:TrackPointExtension><gpxtpx:hr>119</gpxtpx:hr></gpxtpx:TrackPointExtension></extensions></trkpt>
      <trkpt lat="40.662867" lon="-73.963762"><ele>29.6</ele><time>2026-09-23T22:18:25.000Z</time><extensions><gpxtpx:TrackPointExtension><gpxtpx:hr>119</gpxtpx:hr></gpxtpx:TrackPointExtension></extensions></trkpt>
      <trkpt lat="40.662887" lon="-73.963757"><ele>29.6</ele><time>2026-09-23T22:18:26.000Z</time><extensions><gpxtpx:TrackPointExtension><gpxtpx:hr>119</gpxtpx:hr></gpxtpx:TrackPointExtension></extensions></trkpt>
      <trkpt lat="40.66291" lon="-73.963755"><ele>29.6</ele><time>2026-09-23T22:18:27.000Z</time><extensions><gpxtpx:TrackPointExtension><gpxtpx:hr>118</gpxtpx:hr></gpxtpx:TrackPointExtension></extensions></trkpt>
      <trkpt lat="40.66293" lon="-73.963753"><ele>29.4</ele><time>2026-09-23T22:18:28.000Z</time><extensions><gpxtpx:TrackPointExtension><gpxtpx:hr>118</gpxtpx:hr></gpxtpx:TrackPointExtension></extensions></trkpt>
      <trkpt lat="40.662954" lon="-73.963746"><ele>29.6</ele><time>2026-09-23T22:18:29.000Z</time><extensions><gpxtpx:TrackPointExtension><gpxtpx:hr>118</gpxtpx:hr></gpxtpx:TrackPointExtension></extensions></trkpt>
      <trkpt lat="40.662974" lon="-73.963742"><ele>29.6</ele><time>2026-09-23T22:18:30.000Z</time><extensions><gpxtpx:TrackPointExtension><gpxtpx:hr>118</gpxtpx:hr></gpxtpx:TrackPointExtension></extensions></trkpt>
      <trkpt lat="40.662997" lon="-73.963737"><ele>29.6</ele><time>2026-09-23T22:18:31.000Z</time><extensions><gpxtpx:TrackPointExtension><gpxtpx:hr>118</gpxtpx:hr></gpxtpx:TrackPointExtension></extensions></trkpt>
      <trkpt lat="40.663019" lon="-73.963734"><ele>29.6</ele><time>2026-09-23T22:18:32.000Z</time><extensions><gpxtpx:TrackPointExtension><gpxtpx:hr>118</gpxtpx:hr></gpxtpx:TrackPointExtension></extensions></trkpt>
      <trkpt lat="40.663044" lon="-73.963724"><ele>29.8</ele><time>2026-09-23T22:18:33.000Z</time><extensions><gpxtpx:TrackPointExtension><gpxtpx:hr>118</gpxtpx:hr></gpxtpx:TrackPointExtension></extensions></trkpt>
      <trkpt lat="40.663062" lon="-73.963716"><ele>29.8</ele><time>2026-09-23T22:18:34.000Z</time><extensions><gpxtpx:TrackPointExtension><gpxtpx:hr>118</gpxtpx:hr></gpxtpx:TrackPointExtension></extensions></trkpt>
      <trkpt lat="40.663084" lon="-73.963698"><ele>29.8</ele><time>2026-09-23T22:18:35.000Z</time><extensions><gpxtpx:TrackPointExtension><gpxtpx:hr>118</gpxtpx:hr></gpxtpx:TrackPointExtension></extensions></trkpt>
      <trkpt lat="40.663104" lon="-73.963685"><ele>29.6</ele><time>2026-09-23T22:18:36.000Z</time><extensions><gpxtpx:TrackPointExtension><gpxtpx:hr>118</gpxtpx:hr></gpxtpx:TrackPointExtension></extensions></trkpt>
      <trkpt lat="40.663123" lon="-73.963672"><ele>29.6</ele><time>2026-09-23T22:18:37.000Z</time><extensions><gpxtpx:TrackPointExtension><gpxtpx:hr>118</gpxtpx:hr></gpxtpx:TrackPointExtension></extensions></trkpt>
      <trkpt lat="40.663141" lon="-73.96366"><ele>29.6</ele><time>2026-09-23T22:18:38.000Z</time><extensions><gpxtpx:TrackPointExtension><gpxtpx:hr>118</gpxtpx:hr></gpxtpx:TrackPointExtension></extensions></trkpt>
      <trkpt lat="40.663159" lon="-73.963649"><ele>29.6</ele><time>2026-09-23T22:18:39.000Z</time><extensions><gpxtpx:TrackPointExtension><gpxtpx:hr>118</gpxtpx:hr></gpxtpx:TrackPointExtension></extensions></trkpt>
      <trkpt lat="40.663177" lon="-73.963639"><ele>29.4</ele><time>2026-09-23T22:18:40.000Z</time><extensions><gpxtpx:TrackPointExtension><gpxtpx:hr>118</gpxtpx:hr></gpxtpx:TrackPointExtension></extensions></trkpt>
      <trkpt lat="40.663197" lon="-73.963631"><ele>29.4</ele><time>2026-09-23T22:18:41.000Z</time><extensions><gpxtpx:TrackPointExtension><gpxtpx:hr>119</gpxtpx:hr></gpxtpx:TrackPointExtension></extensions></trkpt>
      <trkpt lat="40.663219" lon="-73.963614"><ele>29.4</ele><time>2026-09-23T22:18:42.000Z</time><extensions><gpxtpx:TrackPointExtension><gpxtpx:hr>119</gpxtpx:hr></gpxtpx:TrackPointExtension></extensions></trkpt>
      <trkpt lat="40.663235" lon="-73.963604"><ele>29.6</ele><time>2026-09-23T22:18:43.000Z</time><extensions><gpxtpx:TrackPointExtension><gpxtpx:hr>120</gpxtpx:hr></gpxtpx:TrackPointExtension></extensions></trkpt>
      <trkpt lat="40.663254" lon="-73.963584"><ele>29.8</ele><time>2026-09-23T22:18:44.000Z</time><extensions><gpxtpx:TrackPointExtension><gpxtpx:hr>120</gpxtpx:hr></gpxtpx:TrackPointExtension></extensions></trkpt>
      <trkpt lat="40.663269" lon="-73.963564"><ele>30</ele><time>2026-09-23T22:18:45.000Z</time><extensions><gpxtpx:TrackPointExtension><gpxtpx:hr>120</gpxtpx:hr></gpxtpx:TrackPointExtension></extensions></trkpt>
      <trkpt lat="40.663287" lon="-73.963533"><ele>30.2</ele><time>2026-09-23T22:18:46.000Z</time><extensions><gpxtpx:TrackPointExtension><gpxtpx:hr>121</gpxtpx:hr></gpxtpx:TrackPointExtension></extensions></trkpt>
      <trkpt lat="40.663302" lon="-73.963513"><ele>30.4</ele><time>2026-09-23T22:18:47.000Z</time><extensions><gpxtpx:TrackPointExtension><gpxtpx:hr>121</gpxtpx:hr></gpxtpx:TrackPointExtension></extensions></trkpt>
      <trkpt lat="40.663318" lon="-73.963487"><ele>30.4</ele><time>2026-09-23T22:18:48.000Z</time><extensions><gpxtpx:TrackPointExtension><gpxtpx:hr>122</gpxtpx:hr></gpxtpx:TrackPointExtension></extensions></trkpt>
      <trkpt lat="40.663331" lon="-73.963467"><ele>30.4</ele><time>2026-09-23T22:18:49.000Z</time><extensions><gpxtpx:TrackPointExtension><gpxtpx:hr>122</gpxtpx:hr></gpxtpx:TrackPointExtension></extensions></trkpt>
      <trkpt lat="40.663346" lon="-73.963442"><ele>30.4</ele><time>2026-09-23T22:18:50.000Z</time><extensions><gpxtpx:TrackPointExtension><gpxtpx:hr>122</gpxtpx:hr></gpxtpx:TrackPointExtension></extensions></trkpt>
      <trkpt lat="40.663361" lon="-73.963423"><ele>30.2</ele><time>2026-09-23T22:18:51.000Z</time><extensions><gpxtpx:TrackPointExtension><gpxtpx:hr>122</gpxtpx:hr></gpxtpx:TrackPointExtension></extensions></trkpt>
      <trkpt lat="40.663376" lon="-73.9634"><ele>30.4</ele><time>2026-09-23T22:18:52.000Z</time><extensions><gpxtpx:TrackPointExtension><gpxtpx:hr>122</gpxtpx:hr></gpxtpx:TrackPointExtension></extensions></trkpt>
      <trkpt lat="40.663389" lon="-73.963377"><ele>30.4</ele><time>2026-09-23T22:18:53.000Z</time><extensions><gpxtpx:TrackPointExtension><gpxtpx:hr>122</gpxtpx:hr></gpxtpx:TrackPointExtension></extensions></trkpt>
      <trkpt lat="40.663405" lon="-73.963355"><ele>30.4</ele><time>2026-09-23T22:18:54.000Z</time><extensions><gpxtpx:TrackPointExtension><gpxtpx:hr>123</gpxtpx:hr></gpxtpx:TrackPointExtension></extensions></trkpt>
      <trkpt lat="40.663415" lon="-73.963327"><ele>30.4</ele><time>2026-09-23T22:18:55.000Z</time><extensions><gpxtpx:TrackPointExtension><gpxtpx:hr>123</gpxtpx:hr></gpxtpx:TrackPointExtension></extensions></trkpt>
      <trkpt lat="40.663427" lon="-73.963307"><ele>30.4</ele><time>2026-09-23T22:18:56.000Z</time><extensions><gpxtpx:TrackPointExtension><gpxtpx:hr>123</gpxtpx:hr></gpxtpx:TrackPointExtension></extensions></trkpt>
      <trkpt lat="40.66344" lon="-73.963275"><ele>30.4</ele><time>2026-09-23T22:18:57.000Z</time><extensions><gpxtpx:TrackPointExtension><gpxtpx:hr>123</gpxtpx:hr></gpxtpx:TrackPointExtension></extensions></trkpt>
      <trkpt lat="40.663454" lon="-73.963258"><ele>30.6</ele><time>2026-09-23T22:18:58.000Z</time><extensions><gpxtpx:TrackPointExtension><gpxtpx:hr>123</gpxtpx:hr></gpxtpx:TrackPointExtension></extensions></trkpt>
      <trkpt lat="40.663474" lon="-73.963229"><ele>30.6</ele><time>2026-09-23T22:18:59.000Z</time><extensions><gpxtpx:TrackPointExtension><gpxtpx:hr>124</gpxtpx:hr></gpxtpx:TrackPointExtension></extensions></trkpt>
      <trkpt lat="40.663485" lon="-73.963216"><ele>30.4</ele><time>2026-09-23T22:19:00.000Z</time><extensions><gpxtpx:TrackPointExtension><gpxtpx:hr>124</gpxtpx:hr></gpxtpx:TrackPointExtension></extensions></trkpt>
      <trkpt lat="40.663493" lon="-73.963187"><ele>30.4</ele><time>2026-09-23T22:19:01.000Z</time><extensions><gpxtpx:TrackPointExtension><gpxtpx:hr>124</gpxtpx:hr></gpxtpx:TrackPointExtension></extensions></trkpt>
      <trkpt lat="40.663496" lon="-73.963163"><ele>30.4</ele><time>2026-09-23T22:19:02.000Z</time><extensions><gpxtpx:TrackPointExtension><gpxtpx:hr>124</gpxtpx:hr></gpxtpx:TrackPointExtension></extensions></trkpt>
      <trkpt lat="40.6635" lon="-73.963137"><ele>30.2</ele><time>2026-09-23T22:19:03.000Z</time><extensions><gpxtpx:TrackPointExtension><gpxtpx:hr>124</gpxtpx:hr></gpxtpx:TrackPointExtension></extensions></trkpt>
      <trkpt lat="40.663493" lon="-73.963103"><ele>30.2</ele><time>2026-09-23T22:19:04.000Z</time><extensions><gpxtpx:TrackPointExtension><gpxtpx:hr>123</gpxtpx:hr></gpxtpx:TrackPointExtension></extensions></trkpt>
      <trkpt lat="40.663493" lon="-73.963075"><ele>30.2</ele><time>2026-09-23T22:19:05.000Z</time><extensions><gpxtpx:TrackPointExtension><gpxtpx:hr>123</gpxtpx:hr></gpxtpx:TrackPointExtension></extensions></trkpt>
      <trkpt lat="40.663486" lon="-73.963042"><ele>30.4</ele><time>2026-09-23T22:19:06.000Z</time><extensions><gpxtpx:TrackPointExtension><gpxtpx:hr>123</gpxtpx:hr></gpxtpx:TrackPointExtension></extensions></trkpt>
      <trkpt lat="40.663483" lon="-73.963016"><ele>30.2</ele><time>2026-09-23T22:19:07.000Z</time><extensions><gpxtpx:TrackPointExtension><gpxtpx:hr>123</gpxtpx:hr></gpxtpx:TrackPointExtension></extensions></trkpt>
      <trkpt lat="40.663476" lon="-73.962982"><ele>30.2</ele><time>2026-09-23T22:19:08.000Z</time><extensions><gpxtpx:TrackPointExtension><gpxtpx:hr>123</gpxtpx:hr></gpxtpx:TrackPointExtension></extensions></trkpt>
      <trkpt lat="40.663469" lon="-73.962956"><ele>30.2</ele><time>2026-09-23T22:19:09.000Z</time><extensions><gpxtpx:TrackPointExtension><gpxtpx:hr>124</gpxtpx:hr></gpxtpx:TrackPointExtension></extensions></trkpt>
      <trkpt lat="40.663459" lon="-73.962927"><ele>30</ele><time>2026-09-23T22:19:10.000Z</time><extensions><gpxtpx:TrackPointExtension><gpxtpx:hr>124</gpxtpx:hr></gpxtpx:TrackPointExtension></extensions></trkpt>
      <trkpt lat="40.663449" lon="-73.962902"><ele>30</ele><time>2026-09-23T22:19:11.000Z</time><extensions><gpxtpx:TrackPointExtension><gpxtpx:hr>125</gpxtpx:hr></gpxtpx:TrackPointExtension></extensions></trkpt>
      <trkpt lat="40.663437" lon="-73.96287"><ele>29.8</ele><time>2026-09-23T22:19:12.000Z</time><extensions><gpxtpx:TrackPointExtension><gpxtpx:hr>125</gpxtpx:hr></gpxtpx:TrackPointExtension></extensions></trkpt>
      <trkpt lat="40.663423" lon="-73.962844"><ele>29.8</ele><time>2026-09-23T22:19:13.000Z</time><extensions><gpxtpx:TrackPointExtension><gpxtpx:hr>125</gpxtpx:hr></gpxtpx:TrackPointExtension></extensions></trkpt>
      <trkpt lat="40.663408" lon="-73.962821"><ele>29.6</ele><time>2026-09-23T22:19:14.000Z</time><extensions><gpxtpx:TrackPointExtension><gpxtpx:hr>125</gpxtpx:hr></gpxtpx:TrackPointExtension></extensions></trkpt>
      <trkpt lat="40.66339" lon="-73.962796"><ele>29.8</ele><time>2026-09-23T22:19:15.000Z</time><extensions><gpxtpx:TrackPointExtension><gpxtpx:hr>125</gpxtpx:hr></gpxtpx:TrackPointExtension></extensions></trkpt>
      <trkpt lat="40.663374" lon="-73.962772"><ele>29.6</ele><time>2026-09-23T22:19:16.000Z</time><extensions><gpxtpx:TrackPointExtension><gpxtpx:hr>124</gpxtpx:hr></gpxtpx:TrackPointExtension></extensions></trkpt>
      <trkpt lat="40.663352" lon="-73.96275"><ele>29.6</ele><time>2026-09-23T22:19:17.000Z</time><extensions><gpxtpx:TrackPointExtension><gpxtpx:hr>124</gpxtpx:hr></gpxtpx:TrackPointExtension></extensions></trkpt>
      <trkpt lat="40.663338" lon="-73.962727"><ele>29.4</ele><time>2026-09-23T22:19:18.000Z</time><extensions><gpxtpx:TrackPointExtension><gpxtpx:hr>124</gpxtpx:hr></gpxtpx:TrackPointExtension></extensions></trkpt>
      <trkpt lat="40.663312" lon="-73.96271"><ele>29.4</ele><time>2026-09-23T22:19:19.000Z</time><extensions><gpxtpx:TrackPointExtension><gpxtpx:hr>123</gpxtpx:hr></gpxtpx:TrackPointExtension></extensions></trkpt>
      <trkpt lat="40.663296" lon="-73.962691"><ele>29.4</ele><time>2026-09-23T22:19:20.000Z</time><extensions><gpxtpx:TrackPointExtension><gpxtpx:hr>123</gpxtpx:hr></gpxtpx:TrackPointExtension></extensions></trkpt>
      <trkpt lat="40.663282" lon="-73.962671"><ele>29.2</ele><time>2026-09-23T22:19:21.000Z</time><extensions><gpxtpx:TrackPointExtension><gpxtpx:hr>123</gpxtpx:hr></gpxtpx:TrackPointExtension></extensions></trkpt>
      <trkpt lat="40.663279" lon="-73.962665"><ele>29.2</ele><time>2026-09-23T22:19:22.000Z</time><extensions><gpxtpx:TrackPointExtension><gpxtpx:hr>123</gpxtpx:hr></gpxtpx:TrackPointExtension></extensions></trkpt>
      <trkpt lat="40.663278" lon="-73.962664"><ele>29.2</ele><time>2026-09-23T22:19:23.000Z</time><extensions><gpxtpx:TrackPointExtension><gpxtpx:hr>123</gpxtpx:hr></gpxtpx:TrackPointExtension></extensions></trkpt>
      <trkpt lat="40.663277" lon="-73.962664"><ele>29</ele><time>2026-09-23T22:19:24.000Z</time><extensions><gpxtpx:TrackPointExtension><gpxtpx:hr>123</gpxtpx:hr></gpxtpx:TrackPointExtension></extensions></trkpt>
      <trkpt lat="40.663277" lon="-73.962667"><ele>29</ele><time>2026-09-23T22:19:25.000Z</time><extensions><gpxtpx:TrackPointExtension><gpxtpx:hr>123</gpxtpx:hr></gpxtpx:TrackPointExtension></extensions></trkpt>
      <trkpt lat="40.663277" lon="-73.962667"><ele>28.8</ele><time>2026-09-23T22:19:26.000Z</time><extensions><gpxtpx:TrackPointExtension><gpxtpx:hr>123</gpxtpx:hr></gpxtpx:TrackPointExtension></extensions></trkpt>
      <trkpt lat="40.663277" lon="-73.962667"><ele>28.8</ele><time>2026-09-23T22:19:27.000Z</time><extensions><gpxtpx:TrackPointExtension><gpxtpx:hr>123</gpxtpx:hr></gpxtpx:TrackPointExtension></extensions></trkpt>
      <trkpt lat="40.663277" lon="-73.962667"><ele>29</ele><time>2026-09-23T22:19:28.000Z</time><extensions><gpxtpx:TrackPointExtension><gpxtpx:hr>122</gpxtpx:hr></gpxtpx:TrackPointExtension></extensions></trkpt>
      <trkpt lat="40.663277" lon="-73.962667"><ele>29.2</ele><time>2026-09-23T22:19:29.000Z</time><extensions><gpxtpx:TrackPointExtension><gpxtpx:hr>122</gpxtpx:hr></gpxtpx:TrackPointExtension></extensions></trkpt>
      <trkpt lat="40.663282" lon="-73.962537"><ele>28.2</ele><time>2026-09-23T22:20:01.000Z</time><extensions><gpxtpx:TrackPointExtension><gpxtpx:hr>117</gpxtpx:hr></gpxtpx:TrackPointExtension></extensions></trkpt>
      <trkpt lat="40.663291" lon="-73.962525"><ele>28</ele><time>2026-09-23T22:20:02.000Z</time><extensions><gpxtpx:TrackPointExtension><gpxtpx:hr>117</gpxtpx:hr></gpxtpx:TrackPointExtension></extensions></trkpt>
      <trkpt lat="40.663295" lon="-73.962521"><ele>28.2</ele><time>2026-09-23T22:20:03.000Z</time><extensions><gpxtpx:TrackPointExtension><gpxtpx:hr>117</gpxtpx:hr></gpxtpx:TrackPointExtension></extensions></trkpt>
      <trkpt lat="40.663296" lon="-73.962525"><ele>28.4</ele><time>2026-09-23T22:20:04.000Z</time><extensions><gpxtpx:TrackPointExtension><gpxtpx:hr>118</gpxtpx:hr></gpxtpx:TrackPointExtension></extensions></trkpt>
      <trkpt lat="40.663295" lon="-73.962528"><ele>28.4</ele><time>2026-09-23T22:20:05.000Z</time><extensions><gpxtpx:TrackPointExtension><gpxtpx:hr>118</gpxtpx:hr></gpxtpx:TrackPointExtension></extensions></trkpt>
      <trkpt lat="40.663294" lon="-73.962528"><ele>28.4</ele><time>2026-09-23T22:20:06.000Z</time><extensions><gpxtpx:TrackPointExtension><gpxtpx:hr>118</gpxtpx:hr></gpxtpx:TrackPointExtension></extensions></trkpt>
      <trkpt lat="40.663294" lon="-73.962528"><ele>28.6</ele><time>2026-09-23T22:20:07.000Z</time><extensions><gpxtpx:TrackPointExtension><gpxtpx:hr>118</gpxtpx:hr></gpxtpx:TrackPointExtension></extensions></trkpt>
      <trkpt lat="40.663295" lon="-73.962532"><ele>28.4</ele><time>2026-09-23T22:20:08.000Z</time><extensions><gpxtpx:TrackPointExtension><gpxtpx:hr>117</gpxtpx:hr></gpxtpx:TrackPointExtension></extensions></trkpt>
      <trkpt lat="40.663337" lon="-73.96245"><ele>28</ele><time>2026-09-23T22:20:21.000Z</time><extensions><gpxtpx:TrackPointExtension><gpxtpx:hr>102</gpxtpx:hr></gpxtpx:TrackPointExtension></extensions></trkpt>
      <trkpt lat="40.663352" lon="-73.962457"><ele>28</ele><time>2026-09-23T22:20:22.000Z</time><extensions><gpxtpx:TrackPointExtension><gpxtpx:hr>102</gpxtpx:hr></gpxtpx:TrackPointExtension></extensions></trkpt>
      <trkpt lat="40.66338" lon="-73.962462"><ele>28</ele><time>2026-09-23T22:20:23.000Z</time><extensions><gpxtpx:TrackPointExtension><gpxtpx:hr>103</gpxtpx:hr></gpxtpx:TrackPointExtension></extensions></trkpt>
      <trkpt lat="40.663402" lon="-73.962472"><ele>28</ele><time>2026-09-23T22:20:24.000Z</time><extensions><gpxtpx:TrackPointExtension><gpxtpx:hr>103</gpxtpx:hr></gpxtpx:TrackPointExtension></extensions></trkpt>
      <trkpt lat="40.663427" lon="-73.962484"><ele>28</ele><time>2026-09-23T22:20:25.000Z</time><extensions><gpxtpx:TrackPointExtension><gpxtpx:hr>105</gpxtpx:hr></gpxtpx:TrackPointExtension></extensions></trkpt>
      <trkpt lat="40.663451" lon="-73.962496"><ele>28</ele><time>2026-09-23T22:20:26.000Z</time><extensions><gpxtpx:TrackPointExtension><gpxtpx:hr>105</gpxtpx:hr></gpxtpx:TrackPointExtension></extensions></trkpt>
      <trkpt lat="40.663472" lon="-73.962508"><ele>28</ele><time>2026-09-23T22:20:27.000Z</time><extensions><gpxtpx:TrackPointExtension><gpxtpx:hr>107</gpxtpx:hr></gpxtpx:TrackPointExtension></extensions></trkpt>
      <trkpt lat="40.663495" lon="-73.962518"><ele>28</ele><time>2026-09-23T22:20:28.000Z</time><extensions><gpxtpx:TrackPointExtension><gpxtpx:hr>109</gpxtpx:hr></gpxtpx:TrackPointExtension></extensions></trkpt>
      <trkpt lat="40.663511" lon="-73.962532"><ele>28.2</ele><time>2026-09-23T22:20:29.000Z</time><extensions><gpxtpx:TrackPointExtension><gpxtpx:hr>109</gpxtpx:hr></gpxtpx:TrackPointExtension></extensions></trkpt>
      <trkpt lat="40.663537" lon="-73.962541"><ele>28.2</ele><time>2026-09-23T22:20:30.000Z</time><extensions><gpxtpx:TrackPointExtension><gpxtpx:hr>109</gpxtpx:hr></gpxtpx:TrackPointExtension></extensions></trkpt>
      <trkpt lat="40.663558" lon="-73.962554"><ele>28.2</ele><time>2026-09-23T22:20:31.000Z</time><extensions><gpxtpx:TrackPointExtension><gpxtpx:hr>108</gpxtpx:hr></gpxtpx:TrackPointExtension></extensions></trkpt>
      <trkpt lat="40.663584" lon="-73.962564"><ele>28.2</ele><time>2026-09-23T22:20:32.000Z</time><extensions><gpxtpx:TrackPointExtension><gpxtpx:hr>107</gpxtpx:hr></gpxtpx:TrackPointExtension></extensions></trkpt>
      <trkpt lat="40.663602" lon="-73.962573"><ele>28.2</ele><time>2026-09-23T22:20:33.000Z</time><extensions><gpxtpx:TrackPointExtension><gpxtpx:hr>106</gpxtpx:hr></gpxtpx:TrackPointExtension></extensions></trkpt>
      <trkpt lat="40.663628" lon="-73.962585"><ele>28.2</ele><time>2026-09-23T22:20:34.000Z</time><extensions><gpxtpx:TrackPointExtension><gpxtpx:hr>106</gpxtpx:hr></gpxtpx:TrackPointExtension></extensions></trkpt>
      <trkpt lat="40.663647" lon="-73.962598"><ele>28.4</ele><time>2026-09-23T22:20:35.000Z</time><extensions><gpxtpx:TrackPointExtension><gpxtpx:hr>106</gpxtpx:hr></gpxtpx:TrackPointExtension></extensions></trkpt>
      <trkpt lat="40.663671" lon="-73.962608"><ele>28.4</ele><time>2026-09-23T22:20:36.000Z</time><extensions><gpxtpx:TrackPointExtension><gpxtpx:hr>105</gpxtpx:hr></gpxtpx:TrackPointExtension></extensions></trkpt>
      <trkpt lat="40.663691" lon="-73.962621"><ele>28.4</ele><time>2026-09-23T22:20:37.000Z</time><extensions><gpxtpx:TrackPointExtension><gpxtpx:hr>105</gpxtpx:hr></gpxtpx:TrackPointExtension></extensions></trkpt>
      <trkpt lat="40.663707" lon="-73.962632"><ele>28.4</ele><time>2026-09-23T22:20:38.000Z</time><extensions><gpxtpx:TrackPointExtension><gpxtpx:hr>105</gpxtpx:hr></gpxtpx:TrackPointExtension></extensions></trkpt>
      <trkpt lat="40.663729" lon="-73.962652"><ele>28.6</ele><time>2026-09-23T22:20:39.000Z</time><extensions><gpxtpx:TrackPointExtension><gpxtpx:hr>106</gpxtpx:hr></gpxtpx:TrackPointExtension></extensions></trkpt>
      <trkpt lat="40.663742" lon="-73.962668"><ele>28.6</ele><time>2026-09-23T22:20:40.000Z</time><extensions><gpxtpx:TrackPointExtension><gpxtpx:hr>107</gpxtpx:hr></gpxtpx:TrackPointExtension></extensions></trkpt>
      <trkpt lat="40.663763" lon="-73.96268"><ele>28.6</ele><time>2026-09-23T22:20:41.000Z</time><extensions><gpxtpx:TrackPointExtension><gpxtpx:hr>108</gpxtpx:hr></gpxtpx:TrackPointExtension></extensions></trkpt>
      <trkpt lat="40.663783" lon="-73.962695"><ele>28.6</ele><time>2026-09-23T22:20:42.000Z</time><extensions><gpxtpx:TrackPointExtension><gpxtpx:hr>109</gpxtpx:hr></gpxtpx:TrackPointExtension></extensions></trkpt>
      <trkpt lat="40.663803" lon="-73.962712"><ele>28.8</ele><time>2026-09-23T22:20:43.000Z</time><extensions><gpxtpx:TrackPointExtension><gpxtpx:hr>111</gpxtpx:hr></gpxtpx:TrackPointExtension></extensions></trkpt>
      <trkpt lat="40.663827" lon="-73.96273"><ele>28.8</ele><time>2026-09-23T22:20:44.000Z</time><extensions><gpxtpx:TrackPointExtension><gpxtpx:hr>112</gpxtpx:hr></gpxtpx:TrackPointExtension></extensions></trkpt>
      <trkpt lat="40.663843" lon="-73.962748"><ele>28.8</ele><time>2026-09-23T22:20:45.000Z</time><extensions><gpxtpx:TrackPointExtension><gpxtpx:hr>113</gpxtpx:hr></gpxtpx:TrackPointExtension></extensions></trkpt>
      <trkpt lat="40.663865" lon="-73.962765"><ele>28.8</ele><time>2026-09-23T22:20:46.000Z</time><extensions><gpxtpx:TrackPointExtension><gpxtpx:hr>114</gpxtpx:hr></gpxtpx:TrackPointExtension></extensions></trkpt>
      <trkpt lat="40.663881" lon="-73.962779"><ele>28.8</ele><time>2026-09-23T22:20:47.000Z</time><extensions><gpxtpx:TrackPointExtension><gpxtpx:hr>114</gpxtpx:hr></gpxtpx:TrackPointExtension></extensions></trkpt>
      <trkpt lat="40.663908" lon="-73.962794"><ele>29</ele><time>2026-09-23T22:20:48.000Z</time><extensions><gpxtpx:TrackPointExtension><gpxtpx:hr>115</gpxtpx:hr></gpxtpx:TrackPointExtension></extensions></trkpt>
      <trkpt lat="40.663924" lon="-73.962811"><ele>29</ele><time>2026-09-23T22:20:49.000Z</time><extensions><gpxtpx:TrackPointExtension><gpxtpx:hr>115</gpxtpx:hr></gpxtpx:TrackPointExtension></extensions></trkpt>
      <trkpt lat="40.66395" lon="-73.962827"><ele>29</ele><time>2026-09-23T22:20:50.000Z</time><extensions><gpxtpx:TrackPointExtension><gpxtpx:hr>115</gpxtpx:hr></gpxtpx:TrackPointExtension></extensions></trkpt>
      <trkpt lat="40.663972" lon="-73.962838"><ele>29.2</ele><time>2026-09-23T22:20:51.000Z</time><extensions><gpxtpx:TrackPointExtension><gpxtpx:hr>116</gpxtpx:hr></gpxtpx:TrackPointExtension></extensions></trkpt>
      <trkpt lat="40.663994" lon="-73.96285"><ele>29.2</ele><time>2026-09-23T22:20:52.000Z</time><extensions><gpxtpx:TrackPointExtension><gpxtpx:hr>116</gpxtpx:hr></gpxtpx:TrackPointExtension></extensions></trkpt>
      <trkpt lat="40.664015" lon="-73.96286"><ele>29.2</ele><time>2026-09-23T22:20:53.000Z</time><extensions><gpxtpx:TrackPointExtension><gpxtpx:hr>116</gpxtpx:hr></gpxtpx:TrackPointExtension></extensions></trkpt>
      <trkpt lat="40.664034" lon="-73.962874"><ele>29.2</ele><time>2026-09-23T22:20:54.000Z</time><extensions><gpxtpx:TrackPointExtension><gpxtpx:hr>117</gpxtpx:hr></gpxtpx:TrackPointExtension></extensions></trkpt>
      <trkpt lat="40.664056" lon="-73.962891"><ele>29.4</ele><time>2026-09-23T22:20:55.000Z</time><extensions><gpxtpx:TrackPointExtension><gpxtpx:hr>117</gpxtpx:hr></gpxtpx:TrackPointExtension></extensions></trkpt>
      <trkpt lat="40.664077" lon="-73.96291"><ele>29.4</ele><time>2026-09-23T22:20:56.000Z</time><extensions><gpxtpx:TrackPointExtension><gpxtpx:hr>117</gpxtpx:hr></gpxtpx:TrackPointExtension></extensions></trkpt>
      <trkpt lat="40.664101" lon="-73.962926"><ele>29.4</ele><time>2026-09-23T22:20:57.000Z</time><extensions><gpxtpx:TrackPointExtension><gpxtpx:hr>117</gpxtpx:hr></gpxtpx:TrackPointExtension></extensions></trkpt>
      <trkpt lat="40.664112" lon="-73.962945"><ele>29.6</ele><time>2026-09-23T22:20:58.000Z</time><extensions><gpxtpx:TrackPointExtension><gpxtpx:hr>117</gpxtpx:hr></gpxtpx:TrackPointExtension></extensions></trkpt>
      <trkpt lat="40.664136" lon="-73.962963"><ele>29.6</ele><time>2026-09-23T22:20:59.000Z</time><extensions><gpxtpx:TrackPointExtension><gpxtpx:hr>118</gpxtpx:hr></gpxtpx:TrackPointExtension></extensions></trkpt>
      <trkpt lat="40.664153" lon="-73.962977"><ele>29.6</ele><time>2026-09-23T22:21:00.000Z</time><extensions><gpxtpx:TrackPointExtension><gpxtpx:hr>118</gpxtpx:hr></gpxtpx:TrackPointExtension></extensions></trkpt>
      <trkpt lat="40.664177" lon="-73.962994"><ele>29.6</ele><time>2026-09-23T22:21:01.000Z</time><extensions><gpxtpx:TrackPointExtension><gpxtpx:hr>119</gpxtpx:hr></gpxtpx:TrackPointExtension></extensions></trkpt>
      <trkpt lat="40.66419" lon="-73.963011"><ele>29.8</ele><time>2026-09-23T22:21:02.000Z</time><extensions><gpxtpx:TrackPointExtension><gpxtpx:hr>119</gpxtpx:hr></gpxtpx:TrackPointExtension></extensions></trkpt>
      <trkpt lat="40.664213" lon="-73.963027"><ele>29.8</ele><time>2026-09-23T22:21:03.000Z</time><extensions><gpxtpx:TrackPointExtension><gpxtpx:hr>120</gpxtpx:hr></gpxtpx:TrackPointExtension></extensions></trkpt>
      <trkpt lat="40.664227" lon="-73.963036"><ele>29.8</ele><time>2026-09-23T22:21:04.000Z</time><extensions><gpxtpx:TrackPointExtension><gpxtpx:hr>121</gpxtpx:hr></gpxtpx:TrackPointExtension></extensions></trkpt>
      <trkpt lat="40.664252" lon="-73.963043"><ele>29.8</ele><time>2026-09-23T22:21:05.000Z</time><extensions><gpxtpx:TrackPointExtension><gpxtpx:hr>121</gpxtpx:hr></gpxtpx:TrackPointExtension></extensions></trkpt>
      <trkpt lat="40.664269" lon="-73.963054"><ele>29.8</ele><time>2026-09-23T22:21:06.000Z</time><extensions><gpxtpx:TrackPointExtension><gpxtpx:hr>122</gpxtpx:hr></gpxtpx:TrackPointExtension></extensions></trkpt>
      <trkpt lat="40.664292" lon="-73.963066"><ele>29.8</ele><time>2026-09-23T22:21:07.000Z</time><extensions><gpxtpx:TrackPointExtension><gpxtpx:hr>122</gpxtpx:hr></gpxtpx:TrackPointExtension></extensions></trkpt>
      <trkpt lat="40.664314" lon="-73.963071"><ele>30</ele><time>2026-09-23T22:21:08.000Z</time><extensions><gpxtpx:TrackPointExtension><gpxtpx:hr>123</gpxtpx:hr></gpxtpx:TrackPointExtension></extensions></trkpt>
      <trkpt lat="40.664336" lon="-73.963083"><ele>30</ele><time>2026-09-23T22:21:09.000Z</time><extensions><gpxtpx:TrackPointExtension><gpxtpx:hr>123</gpxtpx:hr></gpxtpx:TrackPointExtension></extensions></trkpt>
      <trkpt lat="40.664359" lon="-73.963095"><ele>30</ele><time>2026-09-23T22:21:10.000Z</time><extensions><gpxtpx:TrackPointExtension><gpxtpx:hr>123</gpxtpx:hr></gpxtpx:TrackPointExtension></extensions></trkpt>
      <trkpt lat="40.664378" lon="-73.96311"><ele>30.2</ele><time>2026-09-23T22:21:11.000Z</time><extensions><gpxtpx:TrackPointExtension><gpxtpx:hr>123</gpxtpx:hr></gpxtpx:TrackPointExtension></extensions></trkpt>
      <trkpt lat="40.664403" lon="-73.963124"><ele>30.2</ele><time>2026-09-23T22:21:12.000Z</time><extensions><gpxtpx:TrackPointExtension><gpxtpx:hr>123</gpxtpx:hr></gpxtpx:TrackPointExtension></extensions></trkpt>
      <trkpt lat="40.664425" lon="-73.963134"><ele>30.2</ele><time>2026-09-23T22:21:13.000Z</time><extensions><gpxtpx:TrackPointExtension><gpxtpx:hr>123</gpxtpx:hr></gpxtpx:TrackPointExtension></extensions></trkpt>
      <trkpt lat="40.664451" lon="-73.963144"><ele>30.2</ele><time>2026-09-23T22:21:14.000Z</time><extensions><gpxtpx:TrackPointExtension><gpxtpx:hr>123</gpxtpx:hr></gpxtpx:TrackPointExtension></extensions></trkpt>
      <trkpt lat="40.664467" lon="-73.963159"><ele>30.2</ele><time>2026-09-23T22:21:15.000Z</time><extensions><gpxtpx:TrackPointExtension><gpxtpx:hr>124</gpxtpx:hr></gpxtpx:TrackPointExtension></extensions></trkpt>
      <trkpt lat="40.664489" lon="-73.963177"><ele>30.2</ele><time>2026-09-23T22:21:16.000Z</time><extensions><gpxtpx:TrackPointExtension><gpxtpx:hr>124</gpxtpx:hr></gpxtpx:TrackPointExtension></extensions></trkpt>
      <trkpt lat="40.664503" lon="-73.963193"><ele>30.4</ele><time>2026-09-23T22:21:17.000Z</time><extensions><gpxtpx:TrackPointExtension><gpxtpx:hr>124</gpxtpx:hr></gpxtpx:TrackPointExtension></extensions></trkpt>
      <trkpt lat="40.66453" lon="-73.963211"><ele>30.4</ele><time>2026-09-23T22:21:18.000Z</time><extensions><gpxtpx:TrackPointExtension><gpxtpx:hr>124</gpxtpx:hr></gpxtpx:TrackPointExtension></extensions></trkpt>
      <trkpt lat="40.664544" lon="-73.963223"><ele>30.6</ele><time>2026-09-23T22:21:19.000Z</time><extensions><gpxtpx:TrackPointExtension><gpxtpx:hr>124</gpxtpx:hr></gpxtpx:TrackPointExtension></extensions></trkpt>
      <trkpt lat="40.66457" lon="-73.963239"><ele>30.8</ele><time>2026-09-23T22:21:20.000Z</time><extensions><gpxtpx:TrackPointExtension><gpxtpx:hr>124</gpxtpx:hr></gpxtpx:TrackPointExtension></extensions></trkpt>
      <trkpt lat="40.664589" lon="-73.96325"><ele>30.8</ele><time>2026-09-23T22:21:21.000Z</time><extensions><gpxtpx:TrackPointExtension><gpxtpx:hr>125</gpxtpx:hr></gpxtpx:TrackPointExtension></extensions></trkpt>
      <trkpt lat="40.664612" lon="-73.963265"><ele>30.8</ele><time>2026-09-23T22:21:22.000Z</time><extensions><gpxtpx:TrackPointExtension><gpxtpx:hr>125</gpxtpx:hr></gpxtpx:TrackPointExtension></extensions></trkpt>
      <trkpt lat="40.664631" lon="-73.963282"><ele>30.8</ele><time>2026-09-23T22:21:23.000Z</time><extensions><gpxtpx:TrackPointExtension><gpxtpx:hr>126</gpxtpx:hr></gpxtpx:TrackPointExtension></extensions></trkpt>
      <trkpt lat="40.664654" lon="-73.963297"><ele>30.8</ele><time>2026-09-23T22:21:24.000Z</time><extensions><gpxtpx:TrackPointExtension><gpxtpx:hr>126</gpxtpx:hr></gpxtpx:TrackPointExtension></extensions></trkpt>
      <trkpt lat="40.664674" lon="-73.963312"><ele>30.8</ele><time>2026-09-23T22:21:25.000Z</time><extensions><gpxtpx:TrackPointExtension><gpxtpx:hr>126</gpxtpx:hr></gpxtpx:TrackPointExtension></extensions></trkpt>
      <trkpt lat="40.664696" lon="-73.963326"><ele>30.8</ele><time>2026-09-23T22:21:26.000Z</time><extensions><gpxtpx:TrackPointExtension><gpxtpx:hr>126</gpxtpx:hr></gpxtpx:TrackPointExtension></extensions></trkpt>
      <trkpt lat="40.664721" lon="-73.963335"><ele>30.8</ele><time>2026-09-23T22:21:27.000Z</time><extensions><gpxtpx:TrackPointExtension><gpxtpx:hr>126</gpxtpx:hr></gpxtpx:TrackPointExtension></extensions></trkpt>
      <trkpt lat="40.664738" lon="-73.963356"><ele>30.8</ele><time>2026-09-23T22:21:28.000Z</time><extensions><gpxtpx:TrackPointExtension><gpxtpx:hr>126</gpxtpx:hr></gpxtpx:TrackPointExtension></extensions></trkpt>
      <trkpt lat="40.66476" lon="-73.963371"><ele>30.8</ele><time>2026-09-23T22:21:29.000Z</time><extensions><gpxtpx:TrackPointExtension><gpxtpx:hr>126</gpxtpx:hr></gpxtpx:TrackPointExtension></extensions></trkpt>
      <trkpt lat="40.664778" lon="-73.963388"><ele>30.8</ele><time>2026-09-23T22:21:30.000Z</time><extensions><gpxtpx:TrackPointExtension><gpxtpx:hr>126</gpxtpx:hr></gpxtpx:TrackPointExtension></extensions></trkpt>
      <trkpt lat="40.664799" lon="-73.963402"><ele>31</ele><time>2026-09-23T22:21:31.000Z</time><extensions><gpxtpx:TrackPointExtension><gpxtpx:hr>126</gpxtpx:hr></gpxtpx:TrackPointExtension></extensions></trkpt>
      <trkpt lat="40.664814" lon="-73.963419"><ele>31</ele><time>2026-09-23T22:21:32.000Z</time><extensions><gpxtpx:TrackPointExtension><gpxtpx:hr>126</gpxtpx:hr></gpxtpx:TrackPointExtension></extensions></trkpt>
      <trkpt lat="40.664838" lon="-73.963436"><ele>31.2</ele><time>2026-09-23T22:21:33.000Z</time><extensions><gpxtpx:TrackPointExtension><gpxtpx:hr>127</gpxtpx:hr></gpxtpx:TrackPointExtension></extensions></trkpt>
      <trkpt lat="40.664852" lon="-73.963447"><ele>31.2</ele><time>2026-09-23T22:21:34.000Z</time><extensions><gpxtpx:TrackPointExtension><gpxtpx:hr>127</gpxtpx:hr></gpxtpx:TrackPointExtension></extensions></trkpt>
      <trkpt lat="40.664879" lon="-73.963463"><ele>31.4</ele><time>2026-09-23T22:21:35.000Z</time><extensions><gpxtpx:TrackPointExtension><gpxtpx:hr>127</gpxtpx:hr></gpxtpx:TrackPointExtension></extensions></trkpt>
      <trkpt lat="40.664891" lon="-73.96348"><ele>31.6</ele><time>2026-09-23T22:21:36.000Z</time><extensions><gpxtpx:TrackPointExtension><gpxtpx:hr>127</gpxtpx:hr></gpxtpx:TrackPointExtension></extensions></trkpt>
      <trkpt lat="40.664917" lon="-73.963497"><ele>31.6</ele><time>2026-09-23T22:21:37.000Z</time><extensions><gpxtpx:TrackPointExtension><gpxtpx:hr>127</gpxtpx:hr></gpxtpx:TrackPointExtension></extensions></trkpt>
      <trkpt lat="40.664935" lon="-73.963509"><ele>31.8</ele><time>2026-09-23T22:21:38.000Z</time><extensions><gpxtpx:TrackPointExtension><gpxtpx:hr>128</gpxtpx:hr></gpxtpx:TrackPointExtension></extensions></trkpt>
      <trkpt lat="40.664962" lon="-73.963525"><ele>32</ele><time>2026-09-23T22:21:39.000Z</time><extensions><gpxtpx:TrackPointExtension><gpxtpx:hr>128</gpxtpx:hr></gpxtpx:TrackPointExtension></extensions></trkpt>
      <trkpt lat="40.66498" lon="-73.963543"><ele>32</ele><time>2026-09-23T22:21:40.000Z</time><extensions><gpxtpx:TrackPointExtension><gpxtpx:hr>128</gpxtpx:hr></gpxtpx:TrackPointExtension></extensions></trkpt>
      <trkpt lat="40.665004" lon="-73.96356"><ele>32.2</ele><time>2026-09-23T22:21:41.000Z</time><extensions><gpxtpx:TrackPointExtension><gpxtpx:hr>128</gpxtpx:hr></gpxtpx:TrackPointExtension></extensions></trkpt>
      <trkpt lat="40.665024" lon="-73.963571"><ele>32.2</ele><time>2026-09-23T22:21:42.000Z</time><extensions><gpxtpx:TrackPointExtension><gpxtpx:hr>128</gpxtpx:hr></gpxtpx:TrackPointExtension></extensions></trkpt>
      <trkpt lat="40.665048" lon="-73.963585"><ele>32.2</ele><time>2026-09-23T22:21:43.000Z</time><extensions><gpxtpx:TrackPointExtension><gpxtpx:hr>128</gpxtpx:hr></gpxtpx:TrackPointExtension></extensions></trkpt>
      <trkpt lat="40.665071" lon="-73.963596"><ele>32.4</ele><time>2026-09-23T22:21:44.000Z</time><extensions><gpxtpx:TrackPointExtension><gpxtpx:hr>128</gpxtpx:hr></gpxtpx:TrackPointExtension></extensions></trkpt>
      <trkpt lat="40.665091" lon="-73.963608"><ele>32.4</ele><time>2026-09-23T22:21:45.000Z</time><extensions><gpxtpx:TrackPointExtension><gpxtpx:hr>128</gpxtpx:hr></gpxtpx:TrackPointExtension></extensions></trkpt>
      <trkpt lat="40.665114" lon="-73.963621"><ele>32.4</ele><time>2026-09-23T22:21:46.000Z</time><extensions><gpxtpx:TrackPointExtension><gpxtpx:hr>129</gpxtpx:hr></gpxtpx:TrackPointExtension></extensions></trkpt>
      <trkpt lat="40.665131" lon="-73.963634"><ele>32.6</ele><time>2026-09-23T22:21:47.000Z</time><extensions><gpxtpx:TrackPointExtension><gpxtpx:hr>129</gpxtpx:hr></gpxtpx:TrackPointExtension></extensions></trkpt>
      <trkpt lat="40.665152" lon="-73.963649"><ele>32.6</ele><time>2026-09-23T22:21:48.000Z</time><extensions><gpxtpx:TrackPointExtension><gpxtpx:hr>129</gpxtpx:hr></gpxtpx:TrackPointExtension></extensions></trkpt>
      <trkpt lat="40.665167" lon="-73.963666"><ele>32.6</ele><time>2026-09-23T22:21:49.000Z</time><extensions><gpxtpx:TrackPointExtension><gpxtpx:hr>129</gpxtpx:hr></gpxtpx:TrackPointExtension></extensions></trkpt>
      <trkpt lat="40.665191" lon="-73.963677"><ele>32.6</ele><time>2026-09-23T22:21:50.000Z</time><extensions><gpxtpx:TrackPointExtension><gpxtpx:hr>129</gpxtpx:hr></gpxtpx:TrackPointExtension></extensions></trkpt>
      <trkpt lat="40.665205" lon="-73.96369"><ele>32.8</ele><time>2026-09-23T22:21:51.000Z</time><extensions><gpxtpx:TrackPointExtension><gpxtpx:hr>129</gpxtpx:hr></gpxtpx:TrackPointExtension></extensions></trkpt>
      <trkpt lat="40.665227" lon="-73.963709"><ele>32.8</ele><time>2026-09-23T22:21:52.000Z</time><extensions><gpxtpx:TrackPointExtension><gpxtpx:hr>129</gpxtpx:hr></gpxtpx:TrackPointExtension></extensions></trkpt>
      <trkpt lat="40.665245" lon="-73.963727"><ele>32.8</ele><time>2026-09-23T22:21:53.000Z</time><extensions><gpxtpx:TrackPointExtension><gpxtpx:hr>129</gpxtpx:hr></gpxtpx:TrackPointExtension></extensions></trkpt>
      <trkpt lat="40.66527" lon="-73.963746"><ele>32.8</ele><time>2026-09-23T22:21:54.000Z</time><extensions><gpxtpx:TrackPointExtension><gpxtpx:hr>129</gpxtpx:hr></gpxtpx:TrackPointExtension></extensions></trkpt>
      <trkpt lat="40.665284" lon="-73.963762"><ele>32.8</ele><time>2026-09-23T22:21:55.000Z</time><extensions><gpxtpx:TrackPointExtension><gpxtpx:hr>129</gpxtpx:hr></gpxtpx:TrackPointExtension></extensions></trkpt>
      <trkpt lat="40.66531" lon="-73.963777"><ele>33</ele><time>2026-09-23T22:21:56.000Z</time><extensions><gpxtpx:TrackPointExtension><gpxtpx:hr>129</gpxtpx:hr></gpxtpx:TrackPointExtension></extensions></trkpt>
      <trkpt lat="40.665328" lon="-73.96379"><ele>33</ele><time>2026-09-23T22:21:57.000Z</time><extensions><gpxtpx:TrackPointExtension><gpxtpx:hr>129</gpxtpx:hr></gpxtpx:TrackPointExtension></extensions></trkpt>
      <trkpt lat="40.665352" lon="-73.963803"><ele>33</ele><time>2026-09-23T22:21:58.000Z</time><extensions><gpxtpx:TrackPointExtension><gpxtpx:hr>129</gpxtpx:hr></gpxtpx:TrackPointExtension></extensions></trkpt>
      <trkpt lat="40.665375" lon="-73.963814"><ele>33.2</ele><time>2026-09-23T22:21:59.000Z</time><extensions><gpxtpx:TrackPointExtension><gpxtpx:hr>130</gpxtpx:hr></gpxtpx:TrackPointExtension></extensions></trkpt>
      <trkpt lat="40.665395" lon="-73.963829"><ele>33.2</ele><time>2026-09-23T22:22:00.000Z</time><extensions><gpxtpx:TrackPointExtension><gpxtpx:hr>130</gpxtpx:hr></gpxtpx:TrackPointExtension></extensions></trkpt>
      <trkpt lat="40.66542" lon="-73.963841"><ele>33.4</ele><time>2026-09-23T22:22:01.000Z</time><extensions><gpxtpx:TrackPointExtension><gpxtpx:hr>131</gpxtpx:hr></gpxtpx:TrackPointExtension></extensions></trkpt>
      <trkpt lat="40.665434" lon="-73.963855"><ele>33.4</ele><time>2026-09-23T22:22:02.000Z</time><extensions><gpxtpx:TrackPointExtension><gpxtpx:hr>131</gpxtpx:hr></gpxtpx:TrackPointExtension></extensions></trkpt>
      <trkpt lat="40.665458" lon="-73.96387"><ele>33.4</ele><time>2026-09-23T22:22:03.000Z</time><extensions><gpxtpx:TrackPointExtension><gpxtpx:hr>131</gpxtpx:hr></gpxtpx:TrackPointExtension></extensions></trkpt>
      <trkpt lat="40.665474" lon="-73.963884"><ele>33.6</ele><time>2026-09-23T22:22:04.000Z</time><extensions><gpxtpx:TrackPointExtension><gpxtpx:hr>131</gpxtpx:hr></gpxtpx:TrackPointExtension></extensions></trkpt>
      <trkpt lat="40.665499" lon="-73.963898"><ele>33.6</ele><time>2026-09-23T22:22:05.000Z</time><extensions><gpxtpx:TrackPointExtension><gpxtpx:hr>132</gpxtpx:hr></gpxtpx:TrackPointExtension></extensions></trkpt>
      <trkpt lat="40.665513" lon="-73.963911"><ele>33.6</ele><time>2026-09-23T22:22:06.000Z</time><extensions><gpxtpx:TrackPointExtension><gpxtpx:hr>132</gpxtpx:hr></gpxtpx:TrackPointExtension></extensions></trkpt>
      <trkpt lat="40.665537" lon="-73.963928"><ele>33.6</ele><time>2026-09-23T22:22:07.000Z</time><extensions><gpxtpx:TrackPointExtension><gpxtpx:hr>132</gpxtpx:hr></gpxtpx:TrackPointExtension></extensions></trkpt>
      <trkpt lat="40.665555" lon="-73.963942"><ele>33.8</ele><time>2026-09-23T22:22:08.000Z</time><extensions><gpxtpx:TrackPointExtension><gpxtpx:hr>132</gpxtpx:hr></gpxtpx:TrackPointExtension></extensions></trkpt>
      <trkpt lat="40.665581" lon="-73.963958"><ele>34</ele><time>2026-09-23T22:22:09.000Z</time><extensions><gpxtpx:TrackPointExtension><gpxtpx:hr>132</gpxtpx:hr></gpxtpx:TrackPointExtension></extensions></trkpt>
      <trkpt lat="40.665599" lon="-73.96397"><ele>34</ele><time>2026-09-23T22:22:10.000Z</time><extensions><gpxtpx:TrackPointExtension><gpxtpx:hr>132</gpxtpx:hr></gpxtpx:TrackPointExtension></extensions></trkpt>
      <trkpt lat="40.665622" lon="-73.963987"><ele>34</ele><time>2026-09-23T22:22:11.000Z</time><extensions><gpxtpx:TrackPointExtension><gpxtpx:hr>132</gpxtpx:hr></gpxtpx:TrackPointExtension></extensions></trkpt>
      <trkpt lat="40.665645" lon="-73.963996"><ele>34</ele><time>2026-09-23T22:22:12.000Z</time><extensions><gpxtpx:TrackPointExtension><gpxtpx:hr>132</gpxtpx:hr></gpxtpx:TrackPointExtension></extensions></trkpt>
      <trkpt lat="40.665671" lon="-73.964005"><ele>34.2</ele><time>2026-09-23T22:22:13.000Z</time><extensions><gpxtpx:TrackPointExtension><gpxtpx:hr>131</gpxtpx:hr></gpxtpx:TrackPointExtension></extensions></trkpt>
      <trkpt lat="40.665693" lon="-73.964015"><ele>34.2</ele><time>2026-09-23T22:22:14.000Z</time><extensions><gpxtpx:TrackPointExtension><gpxtpx:hr>131</gpxtpx:hr></gpxtpx:TrackPointExtension></extensions></trkpt>
      <trkpt lat="40.665714" lon="-73.964028"><ele>34.2</ele><time>2026-09-23T22:22:15.000Z</time><extensions><gpxtpx:TrackPointExtension><gpxtpx:hr>131</gpxtpx:hr></gpxtpx:TrackPointExtension></extensions></trkpt>
      <trkpt lat="40.665739" lon="-73.964043"><ele>34.4</ele><time>2026-09-23T22:22:16.000Z</time><extensions><gpxtpx:TrackPointExtension><gpxtpx:hr>131</gpxtpx:hr></gpxtpx:TrackPointExtension></extensions></trkpt>
      <trkpt lat="40.665755" lon="-73.964053"><ele>34.4</ele><time>2026-09-23T22:22:17.000Z</time><extensions><gpxtpx:TrackPointExtension><gpxtpx:hr>131</gpxtpx:hr></gpxtpx:TrackPointExtension></extensions></trkpt>
      <trkpt lat="40.665779" lon="-73.964066"><ele>34.6</ele><time>2026-09-23T22:22:18.000Z</time><extensions><gpxtpx:TrackPointExtension><gpxtpx:hr>131</gpxtpx:hr></gpxtpx:TrackPointExtension></extensions></trkpt>
      <trkpt lat="40.665791" lon="-73.96408"><ele>34.6</ele><time>2026-09-23T22:22:19.000Z</time><extensions><gpxtpx:TrackPointExtension><gpxtpx:hr>131</gpxtpx:hr></gpxtpx:TrackPointExtension></extensions></trkpt>
      <trkpt lat="40.665813" lon="-73.964094"><ele>34.8</ele><time>2026-09-23T22:22:20.000Z</time><extensions><gpxtpx:TrackPointExtension><gpxtpx:hr>131</gpxtpx:hr></gpxtpx:TrackPointExtension></extensions></trkpt>
      <trkpt lat="40.665829" lon="-73.964105"><ele>34.8</ele><time>2026-09-23T22:22:21.000Z</time><extensions><gpxtpx:TrackPointExtension><gpxtpx:hr>131</gpxtpx:hr></gpxtpx:TrackPointExtension></extensions></trkpt>
      <trkpt lat="40.665847" lon="-73.96412"><ele>35</ele><time>2026-09-23T22:22:22.000Z</time><extensions><gpxtpx:TrackPointExtension><gpxtpx:hr>131</gpxtpx:hr></gpxtpx:TrackPointExtension></extensions></trkpt>
      <trkpt lat="40.665869" lon="-73.964129"><ele>35</ele><time>2026-09-23T22:22:23.000Z</time><extensions><gpxtpx:TrackPointExtension><gpxtpx:hr>131</gpxtpx:hr></gpxtpx:TrackPointExtension></extensions></trkpt>
      <trkpt lat="40.665886" lon="-73.964143"><ele>35.2</ele><time>2026-09-23T22:22:24.000Z</time><extensions><gpxtpx:TrackPointExtension><gpxtpx:hr>131</gpxtpx:hr></gpxtpx:TrackPointExtension></extensions></trkpt>
      <trkpt lat="40.665909" lon="-73.96416"><ele>35.2</ele><time>2026-09-23T22:22:25.000Z</time><extensions><gpxtpx:TrackPointExtension><gpxtpx:hr>131</gpxtpx:hr></gpxtpx:TrackPointExtension></extensions></trkpt>
      <trkpt lat="40.665925" lon="-73.964176"><ele>35.2</ele><time>2026-09-23T22:22:26.000Z</time><extensions><gpxtpx:TrackPointExtension><gpxtpx:hr>131</gpxtpx:hr></gpxtpx:TrackPointExtension></extensions></trkpt>
      <trkpt lat="40.665948" lon="-73.964194"><ele>35.2</ele><time>2026-09-23T22:22:27.000Z</time><extensions><gpxtpx:TrackPointExtension><gpxtpx:hr>131</gpxtpx:hr></gpxtpx:TrackPointExtension></extensions></trkpt>
      <trkpt lat="40.665965" lon="-73.964209"><ele>35.2</ele><time>2026-09-23T22:22:28.000Z</time><extensions><gpxtpx:TrackPointExtension><gpxtpx:hr>132</gpxtpx:hr></gpxtpx:TrackPointExtension></extensions></trkpt>
      <trkpt lat="40.665989" lon="-73.964224"><ele>35.4</ele><time>2026-09-23T22:22:29.000Z</time><extensions><gpxtpx:TrackPointExtension><gpxtpx:hr>132</gpxtpx:hr></gpxtpx:TrackPointExtension></extensions></trkpt>
      <trkpt lat="40.666009" lon="-73.964233"><ele>35.4</ele><time>2026-09-23T22:22:30.000Z</time><extensions><gpxtpx:TrackPointExtension><gpxtpx:hr>133</gpxtpx:hr></gpxtpx:TrackPointExtension></extensions></trkpt>
      <trkpt lat="40.66603" lon="-73.964249"><ele>35.4</ele><time>2026-09-23T22:22:31.000Z</time><extensions><gpxtpx:TrackPointExtension><gpxtpx:hr>133</gpxtpx:hr></gpxtpx:TrackPointExtension></extensions></trkpt>
      <trkpt lat="40.666052" lon="-73.964265"><ele>35.6</ele><time>2026-09-23T22:22:32.000Z</time><extensions><gpxtpx:TrackPointExtension><gpxtpx:hr>133</gpxtpx:hr></gpxtpx:TrackPointExtension></extensions></trkpt>
      <trkpt lat="40.666068" lon="-73.96428"><ele>35.8</ele><time>2026-09-23T22:22:33.000Z</time><extensions><gpxtpx:TrackPointExtension><gpxtpx:hr>133</gpxtpx:hr></gpxtpx:TrackPointExtension></extensions></trkpt>
      <trkpt lat="40.666091" lon="-73.964296"><ele>35.8</ele><time>2026-09-23T22:22:34.000Z</time><extensions><gpxtpx:TrackPointExtension><gpxtpx:hr>133</gpxtpx:hr></gpxtpx:TrackPointExtension></extensions></trkpt>
      <trkpt lat="40.666106" lon="-73.964311"><ele>35.8</ele><time>2026-09-23T22:22:35.000Z</time><extensions><gpxtpx:TrackPointExtension><gpxtpx:hr>133</gpxtpx:hr></gpxtpx:TrackPointExtension></extensions></trkpt>
      <trkpt lat="40.666131" lon="-73.964323"><ele>36</ele><time>2026-09-23T22:22:36.000Z</time><extensions><gpxtpx:TrackPointExtension><gpxtpx:hr>132</gpxtpx:hr></gpxtpx:TrackPointExtension></extensions></trkpt>
      <trkpt lat="40.666149" lon="-73.964337"><ele>36</ele><time>2026-09-23T22:22:37.000Z</time><extensions><gpxtpx:TrackPointExtension><gpxtpx:hr>133</gpxtpx:hr></gpxtpx:TrackPointExtension></extensions></trkpt>
      <trkpt lat="40.666172" lon="-73.964347"><ele>36.2</ele><time>2026-09-23T22:22:38.000Z</time><extensions><gpxtpx:TrackPointExtension><gpxtpx:hr>132</gpxtpx:hr></gpxtpx:TrackPointExtension></extensions></trkpt>
      <trkpt lat="40.666192" lon="-73.964358"><ele>36.2</ele><time>2026-09-23T22:22:39.000Z</time><extensions><gpxtpx:TrackPointExtension><gpxtpx:hr>133</gpxtpx:hr></gpxtpx:TrackPointExtension></extensions></trkpt>
      <trkpt lat="40.66621" lon="-73.964373"><ele>36.2</ele><time>2026-09-23T22:22:40.000Z</time><extensions><gpxtpx:TrackPointExtension><gpxtpx:hr>133</gpxtpx:hr></gpxtpx:TrackPointExtension></extensions></trkpt>
      <trkpt lat="40.666234" lon="-73.964387"><ele>36.4</ele><time>2026-09-23T22:22:41.000Z</time><extensions><gpxtpx:TrackPointExtension><gpxtpx:hr>133</gpxtpx:hr></gpxtpx:TrackPointExtension></extensions></trkpt>
      <trkpt lat="40.666249" lon="-73.964406"><ele>36.6</ele><time>2026-09-23T22:22:42.000Z</time><extensions><gpxtpx:TrackPointExtension><gpxtpx:hr>133</gpxtpx:hr></gpxtpx:TrackPointExtension></extensions></trkpt>
      <trkpt lat="40.666275" lon="-73.964421"><ele>36.6</ele><time>2026-09-23T22:22:43.000Z</time><extensions><gpxtpx:TrackPointExtension><gpxtpx:hr>133</gpxtpx:hr></gpxtpx:TrackPointExtension></extensions></trkpt>
      <trkpt lat="40.66629" lon="-73.964434"><ele>36.8</ele><time>2026-09-23T22:22:44.000Z</time><extensions><gpxtpx:TrackPointExtension><gpxtpx:hr>133</gpxtpx:hr></gpxtpx:TrackPointExtension></extensions></trkpt>
      <trkpt lat="40.666315" lon="-73.964451"><ele>36.8</ele><time>2026-09-23T22:22:45.000Z</time><extensions><gpxtpx:TrackPointExtension><gpxtpx:hr>133</gpxtpx:hr></gpxtpx:TrackPointExtension></extensions></trkpt>
      <trkpt lat="40.666331" lon="-73.964468"><ele>36.8</ele><time>2026-09-23T22:22:46.000Z</time><extensions><gpxtpx:TrackPointExtension><gpxtpx:hr>133</gpxtpx:hr></gpxtpx:TrackPointExtension></extensions></trkpt>
      <trkpt lat="40.666356" lon="-73.964482"><ele>37</ele><time>2026-09-23T22:22:47.000Z</time><extensions><gpxtpx:TrackPointExtension><gpxtpx:hr>133</gpxtpx:hr></gpxtpx:TrackPointExtension></extensions></trkpt>
      <trkpt lat="40.666371" lon="-73.964497"><ele>37</ele><time>2026-09-23T22:22:48.000Z</time><extensions><gpxtpx:TrackPointExtension><gpxtpx:hr>133</gpxtpx:hr></gpxtpx:TrackPointExtension></extensions></trkpt>
      <trkpt lat="40.666393" lon="-73.96451"><ele>37</ele><time>2026-09-23T22:22:49.000Z</time><extensions><gpxtpx:TrackPointExtension><gpxtpx:hr>134</gpxtpx:hr></gpxtpx:TrackPointExtension></extensions></trkpt>
      <trkpt lat="40.666413" lon="-73.964517"><ele>37.2</ele><time>2026-09-23T22:22:50.000Z</time><extensions><gpxtpx:TrackPointExtension><gpxtpx:hr>134</gpxtpx:hr></gpxtpx:TrackPointExtension></extensions></trkpt>
      <trkpt lat="40.666432" lon="-73.964529"><ele>37.2</ele><time>2026-09-23T22:22:51.000Z</time><extensions><gpxtpx:TrackPointExtension><gpxtpx:hr>133</gpxtpx:hr></gpxtpx:TrackPointExtension></extensions></trkpt>
      <trkpt lat="40.666453" lon="-73.964541"><ele>37.2</ele><time>2026-09-23T22:22:52.000Z</time><extensions><gpxtpx:TrackPointExtension><gpxtpx:hr>133</gpxtpx:hr></gpxtpx:TrackPointExtension></extensions></trkpt>
      <trkpt lat="40.666469" lon="-73.964557"><ele>37.4</ele><time>2026-09-23T22:22:53.000Z</time><extensions><gpxtpx:TrackPointExtension><gpxtpx:hr>133</gpxtpx:hr></gpxtpx:TrackPointExtension></extensions></trkpt>
      <trkpt lat="40.666492" lon="-73.964571"><ele>37.4</ele><time>2026-09-23T22:22:54.000Z</time><extensions><gpxtpx:TrackPointExtension><gpxtpx:hr>132</gpxtpx:hr></gpxtpx:TrackPointExtension></extensions></trkpt>
      <trkpt lat="40.666506" lon="-73.964585"><ele>37.4</ele><time>2026-09-23T22:22:55.000Z</time><extensions><gpxtpx:TrackPointExtension><gpxtpx:hr>132</gpxtpx:hr></gpxtpx:TrackPointExtension></extensions></trkpt>
      <trkpt lat="40.666531" lon="-73.964603"><ele>37.4</ele><time>2026-09-23T22:22:56.000Z</time><extensions><gpxtpx:TrackPointExtension><gpxtpx:hr>133</gpxtpx:hr></gpxtpx:TrackPointExtension></extensions></trkpt>
      <trkpt lat="40.666546" lon="-73.964613"><ele>37.4</ele><time>2026-09-23T22:22:57.000Z</time><extensions><gpxtpx:TrackPointExtension><gpxtpx:hr>133</gpxtpx:hr></gpxtpx:TrackPointExtension></extensions></trkpt>
      <trkpt lat="40.666569" lon="-73.96463"><ele>37.4</ele><time>2026-09-23T22:22:58.000Z</time><extensions><gpxtpx:TrackPointExtension><gpxtpx:hr>133</gpxtpx:hr></gpxtpx:TrackPointExtension></extensions></trkpt>
      <trkpt lat="40.666587" lon="-73.964643"><ele>37.4</ele><time>2026-09-23T22:22:59.000Z</time><extensions><gpxtpx:TrackPointExtension><gpxtpx:hr>133</gpxtpx:hr></gpxtpx:TrackPointExtension></extensions></trkpt>
      <trkpt lat="40.666607" lon="-73.964656"><ele>37.6</ele><time>2026-09-23T22:23:00.000Z</time><extensions><gpxtpx:TrackPointExtension><gpxtpx:hr>134</gpxtpx:hr></gpxtpx:TrackPointExtension></extensions></trkpt>
      <trkpt lat="40.666631" lon="-73.964665"><ele>37.6</ele><time>2026-09-23T22:23:01.000Z</time><extensions><gpxtpx:TrackPointExtension><gpxtpx:hr>134</gpxtpx:hr></gpxtpx:TrackPointExtension></extensions></trkpt>
      <trkpt lat="40.666653" lon="-73.964677"><ele>37.6</ele><time>2026-09-23T22:23:02.000Z</time><extensions><gpxtpx:TrackPointExtension><gpxtpx:hr>134</gpxtpx:hr></gpxtpx:TrackPointExtension></extensions></trkpt>
      <trkpt lat="40.666675" lon="-73.964689"><ele>37.8</ele><time>2026-09-23T22:23:03.000Z</time><extensions><gpxtpx:TrackPointExtension><gpxtpx:hr>134</gpxtpx:hr></gpxtpx:TrackPointExtension></extensions></trkpt>
      <trkpt lat="40.666692" lon="-73.9647"><ele>37.8</ele><time>2026-09-23T22:23:04.000Z</time><extensions><gpxtpx:TrackPointExtension><gpxtpx:hr>134</gpxtpx:hr></gpxtpx:TrackPointExtension></extensions></trkpt>
      <trkpt lat="40.666715" lon="-73.964712"><ele>37.8</ele><time>2026-09-23T22:23:05.000Z</time><extensions><gpxtpx:TrackPointExtension><gpxtpx:hr>134</gpxtpx:hr></gpxtpx:TrackPointExtension></extensions></trkpt>
      <trkpt lat="40.66673" lon="-73.964725"><ele>37.8</ele><time>2026-09-23T22:23:06.000Z</time><extensions><gpxtpx:TrackPointExtension><gpxtpx:hr>134</gpxtpx:hr></gpxtpx:TrackPointExtension></extensions></trkpt>
      <trkpt lat="40.666751" lon="-73.964738"><ele>37.8</ele><time>2026-09-23T22:23:07.000Z</time><extensions><gpxtpx:TrackPointExtension><gpxtpx:hr>135</gpxtpx:hr></gpxtpx:TrackPointExtension></extensions></trkpt>
      <trkpt lat="40.666763" lon="-73.964753"><ele>37.8</ele><time>2026-09-23T22:23:08.000Z</time><extensions><gpxtpx:TrackPointExtension><gpxtpx:hr>135</gpxtpx:hr></gpxtpx:TrackPointExtension></extensions></trkpt>
      <trkpt lat="40.666785" lon="-73.964767"><ele>37.8</ele><time>2026-09-23T22:23:09.000Z</time><extensions><gpxtpx:TrackPointExtension><gpxtpx:hr>135</gpxtpx:hr></gpxtpx:TrackPointExtension></extensions></trkpt>
      <trkpt lat="40.666796" lon="-73.964783"><ele>38</ele><time>2026-09-23T22:23:10.000Z</time><extensions><gpxtpx:TrackPointExtension><gpxtpx:hr>135</gpxtpx:hr></gpxtpx:TrackPointExtension></extensions></trkpt>
      <trkpt lat="40.666817" lon="-73.964798"><ele>38</ele><time>2026-09-23T22:23:11.000Z</time><extensions><gpxtpx:TrackPointExtension><gpxtpx:hr>135</gpxtpx:hr></gpxtpx:TrackPointExtension></extensions></trkpt>
      <trkpt lat="40.666832" lon="-73.964813"><ele>38.2</ele><time>2026-09-23T22:23:12.000Z</time><extensions><gpxtpx:TrackPointExtension><gpxtpx:hr>135</gpxtpx:hr></gpxtpx:TrackPointExtension></extensions></trkpt>
      <trkpt lat="40.666853" lon="-73.964831"><ele>38.4</ele><time>2026-09-23T22:23:13.000Z</time><extensions><gpxtpx:TrackPointExtension><gpxtpx:hr>135</gpxtpx:hr></gpxtpx:TrackPointExtension></extensions></trkpt>
      <trkpt lat="40.666875" lon="-73.964843"><ele>38.4</ele><time>2026-09-23T22:23:14.000Z</time><extensions><gpxtpx:TrackPointExtension><gpxtpx:hr>135</gpxtpx:hr></gpxtpx:TrackPointExtension></extensions></trkpt>
      <trkpt lat="40.666897" lon="-73.964852"><ele>38.6</ele><time>2026-09-23T22:23:15.000Z</time><extensions><gpxtpx:TrackPointExtension><gpxtpx:hr>135</gpxtpx:hr></gpxtpx:TrackPointExtension></extensions></trkpt>
      <trkpt lat="40.666918" lon="-73.964862"><ele>38.6</ele><time>2026-09-23T22:23:16.000Z</time><extensions><gpxtpx:TrackPointExtension><gpxtpx:hr>135</gpxtpx:hr></gpxtpx:TrackPointExtension></extensions></trkpt>
      <trkpt lat="40.666938" lon="-73.964874"><ele>38.8</ele><time>2026-09-23T22:23:17.000Z</time><extensions><gpxtpx:TrackPointExtension><gpxtpx:hr>135</gpxtpx:hr></gpxtpx:TrackPointExtension></extensions></trkpt>
      <trkpt lat="40.66696" lon="-73.964882"><ele>38.8</ele><time>2026-09-23T22:23:18.000Z</time><extensions><gpxtpx:TrackPointExtension><gpxtpx:hr>135</gpxtpx:hr></gpxtpx:TrackPointExtension></extensions></trkpt>
      <trkpt lat="40.666979" lon="-73.964895"><ele>38.8</ele><time>2026-09-23T22:23:19.000Z</time><extensions><gpxtpx:TrackPointExtension><gpxtpx:hr>135</gpxtpx:hr></gpxtpx:TrackPointExtension></extensions></trkpt>
      <trkpt lat="40.667001" lon="-73.964906"><ele>39</ele><time>2026-09-23T22:23:20.000Z</time><extensions><gpxtpx:TrackPointExtension><gpxtpx:hr>135</gpxtpx:hr></gpxtpx:TrackPointExtension></extensions></trkpt>
      <trkpt lat="40.66702" lon="-73.964918"><ele>39</ele><time>2026-09-23T22:23:21.000Z</time><extensions><gpxtpx:TrackPointExtension><gpxtpx:hr>135</gpxtpx:hr></gpxtpx:TrackPointExtension></extensions></trkpt>
      <trkpt lat="40.667044" lon="-73.964929"><ele>39.2</ele><time>2026-09-23T22:23:22.000Z</time><extensions><gpxtpx:TrackPointExtension><gpxtpx:hr>135</gpxtpx:hr></gpxtpx:TrackPointExtension></extensions></trkpt>
      <trkpt lat="40.667063" lon="-73.964944"><ele>39.2</ele><time>2026-09-23T22:23:23.000Z</time><extensions><gpxtpx:TrackPointExtension><gpxtpx:hr>135</gpxtpx:hr></gpxtpx:TrackPointExtension></extensions></trkpt>
      <trkpt lat="40.667087" lon="-73.964954"><ele>39.4</ele><time>2026-09-23T22:23:24.000Z</time><extensions><gpxtpx:TrackPointExtension><gpxtpx:hr>135</gpxtpx:hr></gpxtpx:TrackPointExtension></extensions></trkpt>
      <trkpt lat="40.667104" lon="-73.964968"><ele>39.4</ele><time>2026-09-23T22:23:25.000Z</time><extensions><gpxtpx:TrackPointExtension><gpxtpx:hr>134</gpxtpx:hr></gpxtpx:TrackPointExtension></extensions></trkpt>
      <trkpt lat="40.667128" lon="-73.964983"><ele>39.4</ele><time>2026-09-23T22:23:26.000Z</time><extensions><gpxtpx:TrackPointExtension><gpxtpx:hr>134</gpxtpx:hr></gpxtpx:TrackPointExtension></extensions></trkpt>
      <trkpt lat="40.667147" lon="-73.964998"><ele>39.4</ele><time>2026-09-23T22:23:27.000Z</time><extensions><gpxtpx:TrackPointExtension><gpxtpx:hr>134</gpxtpx:hr></gpxtpx:TrackPointExtension></extensions></trkpt>
      <trkpt lat="40.667168" lon="-73.965013"><ele>39.6</ele><time>2026-09-23T22:23:28.000Z</time><extensions><gpxtpx:TrackPointExtension><gpxtpx:hr>134</gpxtpx:hr></gpxtpx:TrackPointExtension></extensions></trkpt>
      <trkpt lat="40.667183" lon="-73.965029"><ele>39.6</ele><time>2026-09-23T22:23:29.000Z</time><extensions><gpxtpx:TrackPointExtension><gpxtpx:hr>134</gpxtpx:hr></gpxtpx:TrackPointExtension></extensions></trkpt>
      <trkpt lat="40.667207" lon="-73.965042"><ele>39.6</ele><time>2026-09-23T22:23:30.000Z</time><extensions><gpxtpx:TrackPointExtension><gpxtpx:hr>134</gpxtpx:hr></gpxtpx:TrackPointExtension></extensions></trkpt>
      <trkpt lat="40.667219" lon="-73.965056"><ele>39.8</ele><time>2026-09-23T22:23:31.000Z</time><extensions><gpxtpx:TrackPointExtension><gpxtpx:hr>134</gpxtpx:hr></gpxtpx:TrackPointExtension></extensions></trkpt>
      <trkpt lat="40.667241" lon="-73.965076"><ele>39.8</ele><time>2026-09-23T22:23:32.000Z</time><extensions><gpxtpx:TrackPointExtension><gpxtpx:hr>134</gpxtpx:hr></gpxtpx:TrackPointExtension></extensions></trkpt>
      <trkpt lat="40.667251" lon="-73.965097"><ele>40</ele><time>2026-09-23T22:23:33.000Z</time><extensions><gpxtpx:TrackPointExtension><gpxtpx:hr>134</gpxtpx:hr></gpxtpx:TrackPointExtension></extensions></trkpt>
      <trkpt lat="40.667274" lon="-73.965111"><ele>40</ele><time>2026-09-23T22:23:34.000Z</time><extensions><gpxtpx:TrackPointExtension><gpxtpx:hr>134</gpxtpx:hr></gpxtpx:TrackPointExtension></extensions></trkpt>
      <trkpt lat="40.667292" lon="-73.965126"><ele>40</ele><time>2026-09-23T22:23:35.000Z</time><extensions><gpxtpx:TrackPointExtension><gpxtpx:hr>134</gpxtpx:hr></gpxtpx:TrackPointExtension></extensions></trkpt>
      <trkpt lat="40.667318" lon="-73.965136"><ele>40</ele><time>2026-09-23T22:23:36.000Z</time><extensions><gpxtpx:TrackPointExtension><gpxtpx:hr>134</gpxtpx:hr></gpxtpx:TrackPointExtension></extensions></trkpt>
      <trkpt lat="40.667335" lon="-73.965149"><ele>40.2</ele><time>2026-09-23T22:23:37.000Z</time><extensions><gpxtpx:TrackPointExtension><gpxtpx:hr>134</gpxtpx:hr></gpxtpx:TrackPointExtension></extensions></trkpt>
      <trkpt lat="40.66736" lon="-73.965164"><ele>40.2</ele><time>2026-09-23T22:23:38.000Z</time><extensions><gpxtpx:TrackPointExtension><gpxtpx:hr>134</gpxtpx:hr></gpxtpx:TrackPointExtension></extensions></trkpt>
      <trkpt lat="40.667377" lon="-73.965174"><ele>40.2</ele><time>2026-09-23T22:23:39.000Z</time><extensions><gpxtpx:TrackPointExtension><gpxtpx:hr>134</gpxtpx:hr></gpxtpx:TrackPointExtension></extensions></trkpt>
      <trkpt lat="40.667401" lon="-73.965188"><ele>40.2</ele><time>2026-09-23T22:23:40.000Z</time><extensions><gpxtpx:TrackPointExtension><gpxtpx:hr>134</gpxtpx:hr></gpxtpx:TrackPointExtension></extensions></trkpt>
      <trkpt lat="40.667418" lon="-73.965203"><ele>40.4</ele><time>2026-09-23T22:23:41.000Z</time><extensions><gpxtpx:TrackPointExtension><gpxtpx:hr>134</gpxtpx:hr></gpxtpx:TrackPointExtension></extensions></trkpt>
      <trkpt lat="40.667439" lon="-73.965217"><ele>40.4</ele><time>2026-09-23T22:23:42.000Z</time><extensions><gpxtpx:TrackPointExtension><gpxtpx:hr>135</gpxtpx:hr></gpxtpx:TrackPointExtension></extensions></trkpt>
      <trkpt lat="40.667458" lon="-73.965224"><ele>40.6</ele><time>2026-09-23T22:23:43.000Z</time><extensions><gpxtpx:TrackPointExtension><gpxtpx:hr>135</gpxtpx:hr></gpxtpx:TrackPointExtension></extensions></trkpt>
      <trkpt lat="40.667476" lon="-73.965239"><ele>40.6</ele><time>2026-09-23T22:23:44.000Z</time><extensions><gpxtpx:TrackPointExtension><gpxtpx:hr>135</gpxtpx:hr></gpxtpx:TrackPointExtension></extensions></trkpt>
      <trkpt lat="40.667496" lon="-73.965252"><ele>40.6</ele><time>2026-09-23T22:23:45.000Z</time><extensions><gpxtpx:TrackPointExtension><gpxtpx:hr>135</gpxtpx:hr></gpxtpx:TrackPointExtension></extensions></trkpt>
      <trkpt lat="40.667515" lon="-73.965269"><ele>40.8</ele><time>2026-09-23T22:23:46.000Z</time><extensions><gpxtpx:TrackPointExtension><gpxtpx:hr>135</gpxtpx:hr></gpxtpx:TrackPointExtension></extensions></trkpt>
      <trkpt lat="40.667536" lon="-73.96528"><ele>40.8</ele><time>2026-09-23T22:23:47.000Z</time><extensions><gpxtpx:TrackPointExtension><gpxtpx:hr>134</gpxtpx:hr></gpxtpx:TrackPointExtension></extensions></trkpt>
      <trkpt lat="40.667549" lon="-73.965292"><ele>41</ele><time>2026-09-23T22:23:48.000Z</time><extensions><gpxtpx:TrackPointExtension><gpxtpx:hr>134</gpxtpx:hr></gpxtpx:TrackPointExtension></extensions></trkpt>
      <trkpt lat="40.66757" lon="-73.965304"><ele>41</ele><time>2026-09-23T22:23:49.000Z</time><extensions><gpxtpx:TrackPointExtension><gpxtpx:hr>134</gpxtpx:hr></gpxtpx:TrackPointExtension></extensions></trkpt>
      <trkpt lat="40.667585" lon="-73.965319"><ele>41.2</ele><time>2026-09-23T22:23:50.000Z</time><extensions><gpxtpx:TrackPointExtension><gpxtpx:hr>134</gpxtpx:hr></gpxtpx:TrackPointExtension></extensions></trkpt>
      <trkpt lat="40.667605" lon="-73.965336"><ele>41.4</ele><time>2026-09-23T22:23:51.000Z</time><extensions><gpxtpx:TrackPointExtension><gpxtpx:hr>134</gpxtpx:hr></gpxtpx:TrackPointExtension></extensions></trkpt>
      <trkpt lat="40.667618" lon="-73.965355"><ele>41.4</ele><time>2026-09-23T22:23:52.000Z</time><extensions><gpxtpx:TrackPointExtension><gpxtpx:hr>135</gpxtpx:hr></gpxtpx:TrackPointExtension></extensions></trkpt>
      <trkpt lat="40.667639" lon="-73.965373"><ele>41.6</ele><time>2026-09-23T22:23:53.000Z</time><extensions><gpxtpx:TrackPointExtension><gpxtpx:hr>135</gpxtpx:hr></gpxtpx:TrackPointExtension></extensions></trkpt>
      <trkpt lat="40.667654" lon="-73.965391"><ele>41.8</ele><time>2026-09-23T22:23:54.000Z</time><extensions><gpxtpx:TrackPointExtension><gpxtpx:hr>135</gpxtpx:hr></gpxtpx:TrackPointExtension></extensions></trkpt>
      <trkpt lat="40.667679" lon="-73.965408"><ele>41.8</ele><time>2026-09-23T22:23:55.000Z</time><extensions><gpxtpx:TrackPointExtension><gpxtpx:hr>135</gpxtpx:hr></gpxtpx:TrackPointExtension></extensions></trkpt>
      <trkpt lat="40.667693" lon="-73.965426"><ele>42</ele><time>2026-09-23T22:23:56.000Z</time><extensions><gpxtpx:TrackPointExtension><gpxtpx:hr>135</gpxtpx:hr></gpxtpx:TrackPointExtension></extensions></trkpt>
      <trkpt lat="40.667716" lon="-73.965443"><ele>42</ele><time>2026-09-23T22:23:57.000Z</time><extensions><gpxtpx:TrackPointExtension><gpxtpx:hr>134</gpxtpx:hr></gpxtpx:TrackPointExtension></extensions></trkpt>
      <trkpt lat="40.66773" lon="-73.96546"><ele>42</ele><time>2026-09-23T22:23:58.000Z</time><extensions><gpxtpx:TrackPointExtension><gpxtpx:hr>134</gpxtpx:hr></gpxtpx:TrackPointExtension></extensions></trkpt>
      <trkpt lat="40.667754" lon="-73.965477"><ele>41.8</ele><time>2026-09-23T22:23:59.000Z</time><extensions><gpxtpx:TrackPointExtension><gpxtpx:hr>134</gpxtpx:hr></gpxtpx:TrackPointExtension></extensions></trkpt>
      <trkpt lat="40.667769" lon="-73.965493"><ele>41.8</ele><time>2026-09-23T22:24:00.000Z</time><extensions><gpxtpx:TrackPointExtension><gpxtpx:hr>134</gpxtpx:hr></gpxtpx:TrackPointExtension></extensions></trkpt>
      <trkpt lat="40.667792" lon="-73.965507"><ele>41.8</ele><time>2026-09-23T22:24:01.000Z</time><extensions><gpxtpx:TrackPointExtension><gpxtpx:hr>134</gpxtpx:hr></gpxtpx:TrackPointExtension></extensions></trkpt>
      <trkpt lat="40.667808" lon="-73.965523"><ele>41.8</ele><time>2026-09-23T22:24:02.000Z</time><extensions><gpxtpx:TrackPointExtension><gpxtpx:hr>133</gpxtpx:hr></gpxtpx:TrackPointExtension></extensions></trkpt>
      <trkpt lat="40.66783" lon="-73.965537"><ele>42</ele><time>2026-09-23T22:24:03.000Z</time><extensions><gpxtpx:TrackPointExtension><gpxtpx:hr>133</gpxtpx:hr></gpxtpx:TrackPointExtension></extensions></trkpt>
      <trkpt lat="40.667849" lon="-73.965547"><ele>42.2</ele><time>2026-09-23T22:24:04.000Z</time><extensions><gpxtpx:TrackPointExtension><gpxtpx:hr>133</gpxtpx:hr></gpxtpx:TrackPointExtension></extensions></trkpt>
      <trkpt lat="40.66787" lon="-73.965563"><ele>42.4</ele><time>2026-09-23T22:24:05.000Z</time><extensions><gpxtpx:TrackPointExtension><gpxtpx:hr>133</gpxtpx:hr></gpxtpx:TrackPointExtension></extensions></trkpt>
      <trkpt lat="40.667891" lon="-73.965571"><ele>42.4</ele><time>2026-09-23T22:24:06.000Z</time><extensions><gpxtpx:TrackPointExtension><gpxtpx:hr>133</gpxtpx:hr></gpxtpx:TrackPointExtension></extensions></trkpt>
      <trkpt lat="40.66791" lon="-73.965585"><ele>42.4</ele><time>2026-09-23T22:24:07.000Z</time><extensions><gpxtpx:TrackPointExtension><gpxtpx:hr>133</gpxtpx:hr></gpxtpx:TrackPointExtension></extensions></trkpt>
      <trkpt lat="40.66793" lon="-73.965599"><ele>42.6</ele><time>2026-09-23T22:24:08.000Z</time><extensions><gpxtpx:TrackPointExtension><gpxtpx:hr>133</gpxtpx:hr></gpxtpx:TrackPointExtension></extensions></trkpt>
      <trkpt lat="40.667945" lon="-73.965616"><ele>42.6</ele><time>2026-09-23T22:24:09.000Z</time><extensions><gpxtpx:TrackPointExtension><gpxtpx:hr>133</gpxtpx:hr></gpxtpx:TrackPointExtension></extensions></trkpt>
      <trkpt lat="40.667968" lon="-73.965632"><ele>42.8</ele><time>2026-09-23T22:24:10.000Z</time><extensions><gpxtpx:TrackPointExtension><gpxtpx:hr>133</gpxtpx:hr></gpxtpx:TrackPointExtension></extensions></trkpt>
      <trkpt lat="40.667982" lon="-73.965648"><ele>42.8</ele><time>2026-09-23T22:24:11.000Z</time><extensions><gpxtpx:TrackPointExtension><gpxtpx:hr>133</gpxtpx:hr></gpxtpx:TrackPointExtension></extensions></trkpt>
      <trkpt lat="40.668006" lon="-73.965659"><ele>43</ele><time>2026-09-23T22:24:12.000Z</time><extensions><gpxtpx:TrackPointExtension><gpxtpx:hr>133</gpxtpx:hr></gpxtpx:TrackPointExtension></extensions></trkpt>
      <trkpt lat="40.66802" lon="-73.965667"><ele>43</ele><time>2026-09-23T22:24:13.000Z</time><extensions><gpxtpx:TrackPointExtension><gpxtpx:hr>133</gpxtpx:hr></gpxtpx:TrackPointExtension></extensions></trkpt>
      <trkpt lat="40.668043" lon="-73.965682"><ele>43</ele><time>2026-09-23T22:24:14.000Z</time><extensions><gpxtpx:TrackPointExtension><gpxtpx:hr>133</gpxtpx:hr></gpxtpx:TrackPointExtension></extensions></trkpt>
      <trkpt lat="40.668058" lon="-73.965691"><ele>43.2</ele><time>2026-09-23T22:24:15.000Z</time><extensions><gpxtpx:TrackPointExtension><gpxtpx:hr>133</gpxtpx:hr></gpxtpx:TrackPointExtension></extensions></trkpt>
      <trkpt lat="40.66808" lon="-73.965706"><ele>43.2</ele><time>2026-09-23T22:24:16.000Z</time><extensions><gpxtpx:TrackPointExtension><gpxtpx:hr>133</gpxtpx:hr></gpxtpx:TrackPointExtension></extensions></trkpt>
      <trkpt lat="40.668097" lon="-73.965714"><ele>43.4</ele><time>2026-09-23T22:24:17.000Z</time><extensions><gpxtpx:TrackPointExtension><gpxtpx:hr>132</gpxtpx:hr></gpxtpx:TrackPointExtension></extensions></trkpt>
      <trkpt lat="40.668117" lon="-73.965729"><ele>43.4</ele><time>2026-09-23T22:24:18.000Z</time><extensions><gpxtpx:TrackPointExtension><gpxtpx:hr>132</gpxtpx:hr></gpxtpx:TrackPointExtension></extensions></trkpt>
      <trkpt lat="40.66814" lon="-73.965737"><ele>43.6</ele><time>2026-09-23T22:24:19.000Z</time><extensions><gpxtpx:TrackPointExtension><gpxtpx:hr>132</gpxtpx:hr></gpxtpx:TrackPointExtension></extensions></trkpt>
      <trkpt lat="40.668157" lon="-73.965752"><ele>43.8</ele><time>2026-09-23T22:24:20.000Z</time><extensions><gpxtpx:TrackPointExtension><gpxtpx:hr>132</gpxtpx:hr></gpxtpx:TrackPointExtension></extensions></trkpt>
      <trkpt lat="40.66818" lon="-73.965768"><ele>43.8</ele><time>2026-09-23T22:24:21.000Z</time><extensions><gpxtpx:TrackPointExtension><gpxtpx:hr>131</gpxtpx:hr></gpxtpx:TrackPointExtension></extensions></trkpt>
      <trkpt lat="40.668196" lon="-73.965784"><ele>44</ele><time>2026-09-23T22:24:22.000Z</time><extensions><gpxtpx:TrackPointExtension><gpxtpx:hr>131</gpxtpx:hr></gpxtpx:TrackPointExtension></extensions></trkpt>
      <trkpt lat="40.66822" lon="-73.965801"><ele>44</ele><time>2026-09-23T22:24:23.000Z</time><extensions><gpxtpx:TrackPointExtension><gpxtpx:hr>131</gpxtpx:hr></gpxtpx:TrackPointExtension></extensions></trkpt>
      <trkpt lat="40.668237" lon="-73.965814"><ele>44</ele><time>2026-09-23T22:24:24.000Z</time><extensions><gpxtpx:TrackPointExtension><gpxtpx:hr>131</gpxtpx:hr></gpxtpx:TrackPointExtension></extensions></trkpt>
      <trkpt lat="40.668261" lon="-73.965826"><ele>44.2</ele><time>2026-09-23T22:24:25.000Z</time><extensions><gpxtpx:TrackPointExtension><gpxtpx:hr>131</gpxtpx:hr></gpxtpx:TrackPointExtension></extensions></trkpt>
      <trkpt lat="40.668281" lon="-73.965836"><ele>44.2</ele><time>2026-09-23T22:24:26.000Z</time><extensions><gpxtpx:TrackPointExtension><gpxtpx:hr>131</gpxtpx:hr></gpxtpx:TrackPointExtension></extensions></trkpt>
      <trkpt lat="40.6683" lon="-73.965847"><ele>44.2</ele><time>2026-09-23T22:24:27.000Z</time><extensions><gpxtpx:TrackPointExtension><gpxtpx:hr>131</gpxtpx:hr></gpxtpx:TrackPointExtension></extensions></trkpt>
      <trkpt lat="40.66832" lon="-73.96586"><ele>44.2</ele><time>2026-09-23T22:24:28.000Z</time><extensions><gpxtpx:TrackPointExtension><gpxtpx:hr>131</gpxtpx:hr></gpxtpx:TrackPointExtension></extensions></trkpt>
      <trkpt lat="40.668334" lon="-73.965878"><ele>44.2</ele><time>2026-09-23T22:24:29.000Z</time><extensions><gpxtpx:TrackPointExtension><gpxtpx:hr>131</gpxtpx:hr></gpxtpx:TrackPointExtension></extensions></trkpt>
      <trkpt lat="40.668356" lon="-73.965893"><ele>44.2</ele><time>2026-09-23T22:24:30.000Z</time><extensions><gpxtpx:TrackPointExtension><gpxtpx:hr>131</gpxtpx:hr></gpxtpx:TrackPointExtension></extensions></trkpt>
      <trkpt lat="40.668367" lon="-73.965906"><ele>44.4</ele><time>2026-09-23T22:24:31.000Z</time><extensions><gpxtpx:TrackPointExtension><gpxtpx:hr>131</gpxtpx:hr></gpxtpx:TrackPointExtension></extensions></trkpt>
      <trkpt lat="40.66839" lon="-73.96592"><ele>44.4</ele><time>2026-09-23T22:24:32.000Z</time><extensions><gpxtpx:TrackPointExtension><gpxtpx:hr>132</gpxtpx:hr></gpxtpx:TrackPointExtension></extensions></trkpt>
      <trkpt lat="40.668404" lon="-73.965933"><ele>44.4</ele><time>2026-09-23T22:24:33.000Z</time><extensions><gpxtpx:TrackPointExtension><gpxtpx:hr>132</gpxtpx:hr></gpxtpx:TrackPointExtension></extensions></trkpt>
      <trkpt lat="40.668428" lon="-73.965948"><ele>44.6</ele><time>2026-09-23T22:24:34.000Z</time><extensions><gpxtpx:TrackPointExtension><gpxtpx:hr>132</gpxtpx:hr></gpxtpx:TrackPointExtension></extensions></trkpt>
      <trkpt lat="40.668448" lon="-73.965958"><ele>44.6</ele><time>2026-09-23T22:24:35.000Z</time><extensions><gpxtpx:TrackPointExtension><gpxtpx:hr>132</gpxtpx:hr></gpxtpx:TrackPointExtension></extensions></trkpt>
      <trkpt lat="40.668468" lon="-73.965967"><ele>44.6</ele><time>2026-09-23T22:24:36.000Z</time><extensions><gpxtpx:TrackPointExtension><gpxtpx:hr>132</gpxtpx:hr></gpxtpx:TrackPointExtension></extensions></trkpt>
      <trkpt lat="40.66849" lon="-73.965975"><ele>44.8</ele><time>2026-09-23T22:24:37.000Z</time><extensions><gpxtpx:TrackPointExtension><gpxtpx:hr>132</gpxtpx:hr></gpxtpx:TrackPointExtension></extensions></trkpt>
      <trkpt lat="40.668506" lon="-73.965986"><ele>44.8</ele><time>2026-09-23T22:24:38.000Z</time><extensions><gpxtpx:TrackPointExtension><gpxtpx:hr>132</gpxtpx:hr></gpxtpx:TrackPointExtension></extensions></trkpt>
      <trkpt lat="40.668528" lon="-73.966"><ele>44.8</ele><time>2026-09-23T22:24:39.000Z</time><extensions><gpxtpx:TrackPointExtension><gpxtpx:hr>131</gpxtpx:hr></gpxtpx:TrackPointExtension></extensions></trkpt>
      <trkpt lat="40.668541" lon="-73.966016"><ele>45</ele><time>2026-09-23T22:24:40.000Z</time><extensions><gpxtpx:TrackPointExtension><gpxtpx:hr>131</gpxtpx:hr></gpxtpx:TrackPointExtension></extensions></trkpt>
      <trkpt lat="40.668567" lon="-73.966029"><ele>45</ele><time>2026-09-23T22:24:41.000Z</time><extensions><gpxtpx:TrackPointExtension><gpxtpx:hr>131</gpxtpx:hr></gpxtpx:TrackPointExtension></extensions></trkpt>
      <trkpt lat="40.668583" lon="-73.966039"><ele>45</ele><time>2026-09-23T22:24:42.000Z</time><extensions><gpxtpx:TrackPointExtension><gpxtpx:hr>131</gpxtpx:hr></gpxtpx:TrackPointExtension></extensions></trkpt>
      <trkpt lat="40.668603" lon="-73.966054"><ele>45</ele><time>2026-09-23T22:24:43.000Z</time><extensions><gpxtpx:TrackPointExtension><gpxtpx:hr>131</gpxtpx:hr></gpxtpx:TrackPointExtension></extensions></trkpt>
      <trkpt lat="40.668616" lon="-73.966066"><ele>45.2</ele><time>2026-09-23T22:24:44.000Z</time><extensions><gpxtpx:TrackPointExtension><gpxtpx:hr>131</gpxtpx:hr></gpxtpx:TrackPointExtension></extensions></trkpt>
      <trkpt lat="40.668637" lon="-73.96608"><ele>45.2</ele><time>2026-09-23T22:24:45.000Z</time><extensions><gpxtpx:TrackPointExtension><gpxtpx:hr>131</gpxtpx:hr></gpxtpx:TrackPointExtension></extensions></trkpt>
      <trkpt lat="40.668654" lon="-73.966089"><ele>45.2</ele><time>2026-09-23T22:24:46.000Z</time><extensions><gpxtpx:TrackPointExtension><gpxtpx:hr>131</gpxtpx:hr></gpxtpx:TrackPointExtension></extensions></trkpt>
      <trkpt lat="40.668671" lon="-73.966104"><ele>45.2</ele><time>2026-09-23T22:24:47.000Z</time><extensions><gpxtpx:TrackPointExtension><gpxtpx:hr>131</gpxtpx:hr></gpxtpx:TrackPointExtension></extensions></trkpt>
      <trkpt lat="40.668692" lon="-73.966118"><ele>45.4</ele><time>2026-09-23T22:24:48.000Z</time><extensions><gpxtpx:TrackPointExtension><gpxtpx:hr>131</gpxtpx:hr></gpxtpx:TrackPointExtension></extensions></trkpt>
      <trkpt lat="40.668708" lon="-73.966131"><ele>45.4</ele><time>2026-09-23T22:24:49.000Z</time><extensions><gpxtpx:TrackPointExtension><gpxtpx:hr>131</gpxtpx:hr></gpxtpx:TrackPointExtension></extensions></trkpt>
      <trkpt lat="40.66873" lon="-73.966149"><ele>45.6</ele><time>2026-09-23T22:24:50.000Z</time><extensions><gpxtpx:TrackPointExtension><gpxtpx:hr>131</gpxtpx:hr></gpxtpx:TrackPointExtension></extensions></trkpt>
      <trkpt lat="40.668746" lon="-73.966163"><ele>45.6</ele><time>2026-09-23T22:24:51.000Z</time><extensions><gpxtpx:TrackPointExtension><gpxtpx:hr>131</gpxtpx:hr></gpxtpx:TrackPointExtension></extensions></trkpt>
      <trkpt lat="40.668774" lon="-73.966177"><ele>45.8</ele><time>2026-09-23T22:24:52.000Z</time><extensions><gpxtpx:TrackPointExtension><gpxtpx:hr>131</gpxtpx:hr></gpxtpx:TrackPointExtension></extensions></trkpt>
      <trkpt lat="40.668793" lon="-73.966186"><ele>45.8</ele><time>2026-09-23T22:24:53.000Z</time><extensions><gpxtpx:TrackPointExtension><gpxtpx:hr>131</gpxtpx:hr></gpxtpx:TrackPointExtension></extensions></trkpt>
      <trkpt lat="40.668814" lon="-73.966198"><ele>45.8</ele><time>2026-09-23T22:24:54.000Z</time><extensions><gpxtpx:TrackPointExtension><gpxtpx:hr>131</gpxtpx:hr></gpxtpx:TrackPointExtension></extensions></trkpt>
      <trkpt lat="40.668829" lon="-73.966212"><ele>46</ele><time>2026-09-23T22:24:55.000Z</time><extensions><gpxtpx:TrackPointExtension><gpxtpx:hr>131</gpxtpx:hr></gpxtpx:TrackPointExtension></extensions></trkpt>
      <trkpt lat="40.668847" lon="-73.966229"><ele>46</ele><time>2026-09-23T22:24:56.000Z</time><extensions><gpxtpx:TrackPointExtension><gpxtpx:hr>131</gpxtpx:hr></gpxtpx:TrackPointExtension></extensions></trkpt>
      <trkpt lat="40.668869" lon="-73.966246"><ele>46</ele><time>2026-09-23T22:24:57.000Z</time><extensions><gpxtpx:TrackPointExtension><gpxtpx:hr>131</gpxtpx:hr></gpxtpx:TrackPointExtension></extensions></trkpt>
      <trkpt lat="40.668882" lon="-73.966261"><ele>46</ele><time>2026-09-23T22:24:58.000Z</time><extensions><gpxtpx:TrackPointExtension><gpxtpx:hr>131</gpxtpx:hr></gpxtpx:TrackPointExtension></extensions></trkpt>
      <trkpt lat="40.668901" lon="-73.966278"><ele>46.2</ele><time>2026-09-23T22:24:59.000Z</time><extensions><gpxtpx:TrackPointExtension><gpxtpx:hr>131</gpxtpx:hr></gpxtpx:TrackPointExtension></extensions></trkpt>
      <trkpt lat="40.668917" lon="-73.966293"><ele>46.2</ele><time>2026-09-23T22:25:00.000Z</time><extensions><gpxtpx:TrackPointExtension><gpxtpx:hr>132</gpxtpx:hr></gpxtpx:TrackPointExtension></extensions></trkpt>
      <trkpt lat="40.668943" lon="-73.96631"><ele>46.4</ele><time>2026-09-23T22:25:01.000Z</time><extensions><gpxtpx:TrackPointExtension><gpxtpx:hr>132</gpxtpx:hr></gpxtpx:TrackPointExtension></extensions></trkpt>
      <trkpt lat="40.668958" lon="-73.966321"><ele>46.4</ele><time>2026-09-23T22:25:02.000Z</time><extensions><gpxtpx:TrackPointExtension><gpxtpx:hr>133</gpxtpx:hr></gpxtpx:TrackPointExtension></extensions></trkpt>
      <trkpt lat="40.668978" lon="-73.966337"><ele>46.6</ele><time>2026-09-23T22:25:03.000Z</time><extensions><gpxtpx:TrackPointExtension><gpxtpx:hr>133</gpxtpx:hr></gpxtpx:TrackPointExtension></extensions></trkpt>
      <trkpt lat="40.668997" lon="-73.966346"><ele>46.6</ele><time>2026-09-23T22:25:04.000Z</time><extensions><gpxtpx:TrackPointExtension><gpxtpx:hr>133</gpxtpx:hr></gpxtpx:TrackPointExtension></extensions></trkpt>
      <trkpt lat="40.669017" lon="-73.966359"><ele>46.8</ele><time>2026-09-23T22:25:05.000Z</time><extensions><gpxtpx:TrackPointExtension><gpxtpx:hr>133</gpxtpx:hr></gpxtpx:TrackPointExtension></extensions></trkpt>
      <trkpt lat="40.669039" lon="-73.96637"><ele>46.8</ele><time>2026-09-23T22:25:06.000Z</time><extensions><gpxtpx:TrackPointExtension><gpxtpx:hr>133</gpxtpx:hr></gpxtpx:TrackPointExtension></extensions></trkpt>
      <trkpt lat="40.669057" lon="-73.966383"><ele>47</ele><time>2026-09-23T22:25:07.000Z</time><extensions><gpxtpx:TrackPointExtension><gpxtpx:hr>133</gpxtpx:hr></gpxtpx:TrackPointExtension></extensions></trkpt>
      <trkpt lat="40.669082" lon="-73.966393"><ele>47</ele><time>2026-09-23T22:25:08.000Z</time><extensions><gpxtpx:TrackPointExtension><gpxtpx:hr>132</gpxtpx:hr></gpxtpx:TrackPointExtension></extensions></trkpt>
      <trkpt lat="40.669097" lon="-73.966403"><ele>47</ele><time>2026-09-23T22:25:09.000Z</time><extensions><gpxtpx:TrackPointExtension><gpxtpx:hr>132</gpxtpx:hr></gpxtpx:TrackPointExtension></extensions></trkpt>
      <trkpt lat="40.669119" lon="-73.966415"><ele>47</ele><time>2026-09-23T22:25:10.000Z</time><extensions><gpxtpx:TrackPointExtension><gpxtpx:hr>132</gpxtpx:hr></gpxtpx:TrackPointExtension></extensions></trkpt>
      <trkpt lat="40.669135" lon="-73.966422"><ele>47</ele><time>2026-09-23T22:25:11.000Z</time><extensions><gpxtpx:TrackPointExtension><gpxtpx:hr>132</gpxtpx:hr></gpxtpx:TrackPointExtension></extensions></trkpt>
      <trkpt lat="40.669159" lon="-73.966438"><ele>47</ele><time>2026-09-23T22:25:12.000Z</time><extensions><gpxtpx:TrackPointExtension><gpxtpx:hr>132</gpxtpx:hr></gpxtpx:TrackPointExtension></extensions></trkpt>
      <trkpt lat="40.669171" lon="-73.966455"><ele>47</ele><time>2026-09-23T22:25:13.000Z</time><extensions><gpxtpx:TrackPointExtension><gpxtpx:hr>132</gpxtpx:hr></gpxtpx:TrackPointExtension></extensions></trkpt>
      <trkpt lat="40.669193" lon="-73.966473"><ele>47</ele><time>2026-09-23T22:25:14.000Z</time><extensions><gpxtpx:TrackPointExtension><gpxtpx:hr>132</gpxtpx:hr></gpxtpx:TrackPointExtension></extensions></trkpt>
      <trkpt lat="40.669211" lon="-73.966487"><ele>47</ele><time>2026-09-23T22:25:15.000Z</time><extensions><gpxtpx:TrackPointExtension><gpxtpx:hr>132</gpxtpx:hr></gpxtpx:TrackPointExtension></extensions></trkpt>
      <trkpt lat="40.66923" lon="-73.96651"><ele>47</ele><time>2026-09-23T22:25:16.000Z</time><extensions><gpxtpx:TrackPointExtension><gpxtpx:hr>132</gpxtpx:hr></gpxtpx:TrackPointExtension></extensions></trkpt>
      <trkpt lat="40.66925" lon="-73.966523"><ele>47</ele><time>2026-09-23T22:25:17.000Z</time><extensions><gpxtpx:TrackPointExtension><gpxtpx:hr>132</gpxtpx:hr></gpxtpx:TrackPointExtension></extensions></trkpt>
      <trkpt lat="40.669271" lon="-73.966542"><ele>47</ele><time>2026-09-23T22:25:18.000Z</time><extensions><gpxtpx:TrackPointExtension><gpxtpx:hr>132</gpxtpx:hr></gpxtpx:TrackPointExtension></extensions></trkpt>
      <trkpt lat="40.669291" lon="-73.966553"><ele>47</ele><time>2026-09-23T22:25:19.000Z</time><extensions><gpxtpx:TrackPointExtension><gpxtpx:hr>132</gpxtpx:hr></gpxtpx:TrackPointExtension></extensions></trkpt>
      <trkpt lat="40.669309" lon="-73.966569"><ele>47</ele><time>2026-09-23T22:25:20.000Z</time><extensions><gpxtpx:TrackPointExtension><gpxtpx:hr>132</gpxtpx:hr></gpxtpx:TrackPointExtension></extensions></trkpt>
      <trkpt lat="40.669334" lon="-73.966576"><ele>47</ele><time>2026-09-23T22:25:21.000Z</time><extensions><gpxtpx:TrackPointExtension><gpxtpx:hr>132</gpxtpx:hr></gpxtpx:TrackPointExtension></extensions></trkpt>
      <trkpt lat="40.669351" lon="-73.966591"><ele>47</ele><time>2026-09-23T22:25:22.000Z</time><extensions><gpxtpx:TrackPointExtension><gpxtpx:hr>132</gpxtpx:hr></gpxtpx:TrackPointExtension></extensions></trkpt>
      <trkpt lat="40.669375" lon="-73.9666"><ele>47</ele><time>2026-09-23T22:25:23.000Z</time><extensions><gpxtpx:TrackPointExtension><gpxtpx:hr>132</gpxtpx:hr></gpxtpx:TrackPointExtension></extensions></trkpt>
      <trkpt lat="40.669393" lon="-73.966616"><ele>47</ele><time>2026-09-23T22:25:24.000Z</time><extensions><gpxtpx:TrackPointExtension><gpxtpx:hr>132</gpxtpx:hr></gpxtpx:TrackPointExtension></extensions></trkpt>
      <trkpt lat="40.669415" lon="-73.966635"><ele>47.2</ele><time>2026-09-23T22:25:25.000Z</time><extensions><gpxtpx:TrackPointExtension><gpxtpx:hr>132</gpxtpx:hr></gpxtpx:TrackPointExtension></extensions></trkpt>
      <trkpt lat="40.669431" lon="-73.966651"><ele>47.2</ele><time>2026-09-23T22:25:26.000Z</time><extensions><gpxtpx:TrackPointExtension><gpxtpx:hr>132</gpxtpx:hr></gpxtpx:TrackPointExtension></extensions></trkpt>
      <trkpt lat="40.669453" lon="-73.966665"><ele>47.2</ele><time>2026-09-23T22:25:27.000Z</time><extensions><gpxtpx:TrackPointExtension><gpxtpx:hr>132</gpxtpx:hr></gpxtpx:TrackPointExtension></extensions></trkpt>
      <trkpt lat="40.669469" lon="-73.966679"><ele>47.4</ele><time>2026-09-23T22:25:28.000Z</time><extensions><gpxtpx:TrackPointExtension><gpxtpx:hr>132</gpxtpx:hr></gpxtpx:TrackPointExtension></extensions></trkpt>
      <trkpt lat="40.669492" lon="-73.966696"><ele>47.4</ele><time>2026-09-23T22:25:29.000Z</time><extensions><gpxtpx:TrackPointExtension><gpxtpx:hr>132</gpxtpx:hr></gpxtpx:TrackPointExtension></extensions></trkpt>
      <trkpt lat="40.669507" lon="-73.966712"><ele>47.4</ele><time>2026-09-23T22:25:30.000Z</time><extensions><gpxtpx:TrackPointExtension><gpxtpx:hr>132</gpxtpx:hr></gpxtpx:TrackPointExtension></extensions></trkpt>
      <trkpt lat="40.669531" lon="-73.966725"><ele>47.4</ele><time>2026-09-23T22:25:31.000Z</time><extensions><gpxtpx:TrackPointExtension><gpxtpx:hr>131</gpxtpx:hr></gpxtpx:TrackPointExtension></extensions></trkpt>
      <trkpt lat="40.669546" lon="-73.966736"><ele>47.6</ele><time>2026-09-23T22:25:32.000Z</time><extensions><gpxtpx:TrackPointExtension><gpxtpx:hr>131</gpxtpx:hr></gpxtpx:TrackPointExtension></extensions></trkpt>
      <trkpt lat="40.669567" lon="-73.966749"><ele>47.6</ele><time>2026-09-23T22:25:33.000Z</time><extensions><gpxtpx:TrackPointExtension><gpxtpx:hr>131</gpxtpx:hr></gpxtpx:TrackPointExtension></extensions></trkpt>
      <trkpt lat="40.669586" lon="-73.96676"><ele>47.8</ele><time>2026-09-23T22:25:34.000Z</time><extensions><gpxtpx:TrackPointExtension><gpxtpx:hr>130</gpxtpx:hr></gpxtpx:TrackPointExtension></extensions></trkpt>
      <trkpt lat="40.669606" lon="-73.966778"><ele>47.8</ele><time>2026-09-23T22:25:35.000Z</time><extensions><gpxtpx:TrackPointExtension><gpxtpx:hr>130</gpxtpx:hr></gpxtpx:TrackPointExtension></extensions></trkpt>
      <trkpt lat="40.669628" lon="-73.966791"><ele>47.8</ele><time>2026-09-23T22:25:36.000Z</time><extensions><gpxtpx:TrackPointExtension><gpxtpx:hr>130</gpxtpx:hr></gpxtpx:TrackPointExtension></extensions></trkpt>
      <trkpt lat="40.66965" lon="-73.96681"><ele>47.8</ele><time>2026-09-23T22:25:37.000Z</time><extensions><gpxtpx:TrackPointExtension><gpxtpx:hr>130</gpxtpx:hr></gpxtpx:TrackPointExtension></extensions></trkpt>
      <trkpt lat="40.669672" lon="-73.966826"><ele>47.8</ele><time>2026-09-23T22:25:38.000Z</time><extensions><gpxtpx:TrackPointExtension><gpxtpx:hr>130</gpxtpx:hr></gpxtpx:TrackPointExtension></extensions></trkpt>
      <trkpt lat="40.669688" lon="-73.966844"><ele>47.8</ele><time>2026-09-23T22:25:39.000Z</time><extensions><gpxtpx:TrackPointExtension><gpxtpx:hr>130</gpxtpx:hr></gpxtpx:TrackPointExtension></extensions></trkpt>
      <trkpt lat="40.669711" lon="-73.966856"><ele>47.8</ele><time>2026-09-23T22:25:40.000Z</time><extensions><gpxtpx:TrackPointExtension><gpxtpx:hr>130</gpxtpx:hr></gpxtpx:TrackPointExtension></extensions></trkpt>
      <trkpt lat="40.669725" lon="-73.966873"><ele>47.8</ele><time>2026-09-23T22:25:41.000Z</time><extensions><gpxtpx:TrackPointExtension><gpxtpx:hr>130</gpxtpx:hr></gpxtpx:TrackPointExtension></extensions></trkpt>
      <trkpt lat="40.66975" lon="-73.966887"><ele>47.8</ele><time>2026-09-23T22:25:42.000Z</time><extensions><gpxtpx:TrackPointExtension><gpxtpx:hr>130</gpxtpx:hr></gpxtpx:TrackPointExtension></extensions></trkpt>
      <trkpt lat="40.669766" lon="-73.966904"><ele>47.8</ele><time>2026-09-23T22:25:43.000Z</time><extensions><gpxtpx:TrackPointExtension><gpxtpx:hr>130</gpxtpx:hr></gpxtpx:TrackPointExtension></extensions></trkpt>
      <trkpt lat="40.669791" lon="-73.966921"><ele>47.8</ele><time>2026-09-23T22:25:44.000Z</time><extensions><gpxtpx:TrackPointExtension><gpxtpx:hr>130</gpxtpx:hr></gpxtpx:TrackPointExtension></extensions></trkpt>
      <trkpt lat="40.669806" lon="-73.966936"><ele>48</ele><time>2026-09-23T22:25:45.000Z</time><extensions><gpxtpx:TrackPointExtension><gpxtpx:hr>130</gpxtpx:hr></gpxtpx:TrackPointExtension></extensions></trkpt>
      <trkpt lat="40.669828" lon="-73.966952"><ele>47.8</ele><time>2026-09-23T22:25:46.000Z</time><extensions><gpxtpx:TrackPointExtension><gpxtpx:hr>130</gpxtpx:hr></gpxtpx:TrackPointExtension></extensions></trkpt>
      <trkpt lat="40.669843" lon="-73.966967"><ele>47.8</ele><time>2026-09-23T22:25:47.000Z</time><extensions><gpxtpx:TrackPointExtension><gpxtpx:hr>130</gpxtpx:hr></gpxtpx:TrackPointExtension></extensions></trkpt>
      <trkpt lat="40.669866" lon="-73.966986"><ele>47.8</ele><time>2026-09-23T22:25:48.000Z</time><extensions><gpxtpx:TrackPointExtension><gpxtpx:hr>131</gpxtpx:hr></gpxtpx:TrackPointExtension></extensions></trkpt>
      <trkpt lat="40.669879" lon="-73.966999"><ele>47.8</ele><time>2026-09-23T22:25:49.000Z</time><extensions><gpxtpx:TrackPointExtension><gpxtpx:hr>131</gpxtpx:hr></gpxtpx:TrackPointExtension></extensions></trkpt>
      <trkpt lat="40.669902" lon="-73.967015"><ele>47.8</ele><time>2026-09-23T22:25:50.000Z</time><extensions><gpxtpx:TrackPointExtension><gpxtpx:hr>131</gpxtpx:hr></gpxtpx:TrackPointExtension></extensions></trkpt>
      <trkpt lat="40.669914" lon="-73.96703"><ele>47.8</ele><time>2026-09-23T22:25:51.000Z</time><extensions><gpxtpx:TrackPointExtension><gpxtpx:hr>131</gpxtpx:hr></gpxtpx:TrackPointExtension></extensions></trkpt>
      <trkpt lat="40.669936" lon="-73.967045"><ele>48</ele><time>2026-09-23T22:25:52.000Z</time><extensions><gpxtpx:TrackPointExtension><gpxtpx:hr>131</gpxtpx:hr></gpxtpx:TrackPointExtension></extensions></trkpt>
      <trkpt lat="40.669949" lon="-73.96706"><ele>48</ele><time>2026-09-23T22:25:53.000Z</time><extensions><gpxtpx:TrackPointExtension><gpxtpx:hr>130</gpxtpx:hr></gpxtpx:TrackPointExtension></extensions></trkpt>
      <trkpt lat="40.669971" lon="-73.967079"><ele>48</ele><time>2026-09-23T22:25:54.000Z</time><extensions><gpxtpx:TrackPointExtension><gpxtpx:hr>130</gpxtpx:hr></gpxtpx:TrackPointExtension></extensions></trkpt>
      <trkpt lat="40.669987" lon="-73.967094"><ele>48</ele><time>2026-09-23T22:25:55.000Z</time><extensions><gpxtpx:TrackPointExtension><gpxtpx:hr>130</gpxtpx:hr></gpxtpx:TrackPointExtension></extensions></trkpt>
      <trkpt lat="40.67001" lon="-73.967109"><ele>48</ele><time>2026-09-23T22:25:56.000Z</time><extensions><gpxtpx:TrackPointExtension><gpxtpx:hr>129</gpxtpx:hr></gpxtpx:TrackPointExtension></extensions></trkpt>
      <trkpt lat="40.670027" lon="-73.96712"><ele>48.2</ele><time>2026-09-23T22:25:57.000Z</time><extensions><gpxtpx:TrackPointExtension><gpxtpx:hr>129</gpxtpx:hr></gpxtpx:TrackPointExtension></extensions></trkpt>
      <trkpt lat="40.670048" lon="-73.967136"><ele>48.2</ele><time>2026-09-23T22:25:58.000Z</time><extensions><gpxtpx:TrackPointExtension><gpxtpx:hr>128</gpxtpx:hr></gpxtpx:TrackPointExtension></extensions></trkpt>
      <trkpt lat="40.670062" lon="-73.967146"><ele>48.4</ele><time>2026-09-23T22:25:59.000Z</time><extensions><gpxtpx:TrackPointExtension><gpxtpx:hr>128</gpxtpx:hr></gpxtpx:TrackPointExtension></extensions></trkpt>
      <trkpt lat="40.670085" lon="-73.967162"><ele>48.4</ele><time>2026-09-23T22:26:00.000Z</time><extensions><gpxtpx:TrackPointExtension><gpxtpx:hr>128</gpxtpx:hr></gpxtpx:TrackPointExtension></extensions></trkpt>
      <trkpt lat="40.670102" lon="-73.967178"><ele>48.6</ele><time>2026-09-23T22:26:01.000Z</time><extensions><gpxtpx:TrackPointExtension><gpxtpx:hr>127</gpxtpx:hr></gpxtpx:TrackPointExtension></extensions></trkpt>
      <trkpt lat="40.670127" lon="-73.967194"><ele>48.6</ele><time>2026-09-23T22:26:02.000Z</time><extensions><gpxtpx:TrackPointExtension><gpxtpx:hr>127</gpxtpx:hr></gpxtpx:TrackPointExtension></extensions></trkpt>
      <trkpt lat="40.670143" lon="-73.967208"><ele>48.6</ele><time>2026-09-23T22:26:03.000Z</time><extensions><gpxtpx:TrackPointExtension><gpxtpx:hr>127</gpxtpx:hr></gpxtpx:TrackPointExtension></extensions></trkpt>
      <trkpt lat="40.670165" lon="-73.967223"><ele>48.8</ele><time>2026-09-23T22:26:04.000Z</time><extensions><gpxtpx:TrackPointExtension><gpxtpx:hr>128</gpxtpx:hr></gpxtpx:TrackPointExtension></extensions></trkpt>
      <trkpt lat="40.670178" lon="-73.967236"><ele>48.8</ele><time>2026-09-23T22:26:05.000Z</time><extensions><gpxtpx:TrackPointExtension><gpxtpx:hr>128</gpxtpx:hr></gpxtpx:TrackPointExtension></extensions></trkpt>
      <trkpt lat="40.670203" lon="-73.967249"><ele>48.8</ele><time>2026-09-23T22:26:06.000Z</time><extensions><gpxtpx:TrackPointExtension><gpxtpx:hr>128</gpxtpx:hr></gpxtpx:TrackPointExtension></extensions></trkpt>
      <trkpt lat="40.670222" lon="-73.967259"><ele>48.8</ele><time>2026-09-23T22:26:07.000Z</time><extensions><gpxtpx:TrackPointExtension><gpxtpx:hr>128</gpxtpx:hr></gpxtpx:TrackPointExtension></extensions></trkpt>
      <trkpt lat="40.670247" lon="-73.967273"><ele>49</ele><time>2026-09-23T22:26:08.000Z</time><extensions><gpxtpx:TrackPointExtension><gpxtpx:hr>127</gpxtpx:hr></gpxtpx:TrackPointExtension></extensions></trkpt>
      <trkpt lat="40.670265" lon="-73.967284"><ele>48.8</ele><time>2026-09-23T22:26:09.000Z</time><extensions><gpxtpx:TrackPointExtension><gpxtpx:hr>127</gpxtpx:hr></gpxtpx:TrackPointExtension></extensions></trkpt>
      <trkpt lat="40.670283" lon="-73.9673"><ele>48.8</ele><time>2026-09-23T22:26:10.000Z</time><extensions><gpxtpx:TrackPointExtension><gpxtpx:hr>127</gpxtpx:hr></gpxtpx:TrackPointExtension></extensions></trkpt>
      <trkpt lat="40.670305" lon="-73.967307"><ele>48.8</ele><time>2026-09-23T22:26:11.000Z</time><extensions><gpxtpx:TrackPointExtension><gpxtpx:hr>127</gpxtpx:hr></gpxtpx:TrackPointExtension></extensions></trkpt>
      <trkpt lat="40.670322" lon="-73.967327"><ele>48.8</ele><time>2026-09-23T22:26:12.000Z</time><extensions><gpxtpx:TrackPointExtension><gpxtpx:hr>127</gpxtpx:hr></gpxtpx:TrackPointExtension></extensions></trkpt>
      <trkpt lat="40.670343" lon="-73.96734"><ele>48.8</ele><time>2026-09-23T22:26:13.000Z</time><extensions><gpxtpx:TrackPointExtension><gpxtpx:hr>127</gpxtpx:hr></gpxtpx:TrackPointExtension></extensions></trkpt>
      <trkpt lat="40.67036" lon="-73.967356"><ele>48.8</ele><time>2026-09-23T22:26:14.000Z</time><extensions><gpxtpx:TrackPointExtension><gpxtpx:hr>127</gpxtpx:hr></gpxtpx:TrackPointExtension></extensions></trkpt>
      <trkpt lat="40.670381" lon="-73.967369"><ele>49</ele><time>2026-09-23T22:26:15.000Z</time><extensions><gpxtpx:TrackPointExtension><gpxtpx:hr>127</gpxtpx:hr></gpxtpx:TrackPointExtension></extensions></trkpt>
      <trkpt lat="40.670403" lon="-73.967384"><ele>49</ele><time>2026-09-23T22:26:16.000Z</time><extensions><gpxtpx:TrackPointExtension><gpxtpx:hr>127</gpxtpx:hr></gpxtpx:TrackPointExtension></extensions></trkpt>
      <trkpt lat="40.670426" lon="-73.9674"><ele>49</ele><time>2026-09-23T22:26:17.000Z</time><extensions><gpxtpx:TrackPointExtension><gpxtpx:hr>127</gpxtpx:hr></gpxtpx:TrackPointExtension></extensions></trkpt>
      <trkpt lat="40.670444" lon="-73.967414"><ele>49.2</ele><time>2026-09-23T22:26:18.000Z</time><extensions><gpxtpx:TrackPointExtension><gpxtpx:hr>127</gpxtpx:hr></gpxtpx:TrackPointExtension></extensions></trkpt>
      <trkpt lat="40.670468" lon="-73.967429"><ele>49.4</ele><time>2026-09-23T22:26:19.000Z</time><extensions><gpxtpx:TrackPointExtension><gpxtpx:hr>127</gpxtpx:hr></gpxtpx:TrackPointExtension></extensions></trkpt>
      <trkpt lat="40.670482" lon="-73.967445"><ele>49.4</ele><time>2026-09-23T22:26:20.000Z</time><extensions><gpxtpx:TrackPointExtension><gpxtpx:hr>128</gpxtpx:hr></gpxtpx:TrackPointExtension></extensions></trkpt>
      <trkpt lat="40.670502" lon="-73.967461"><ele>49.6</ele><time>2026-09-23T22:26:21.000Z</time><extensions><gpxtpx:TrackPointExtension><gpxtpx:hr>128</gpxtpx:hr></gpxtpx:TrackPointExtension></extensions></trkpt>
      <trkpt lat="40.670518" lon="-73.967471"><ele>49.6</ele><time>2026-09-23T22:26:22.000Z</time><extensions><gpxtpx:TrackPointExtension><gpxtpx:hr>128</gpxtpx:hr></gpxtpx:TrackPointExtension></extensions></trkpt>
      <trkpt lat="40.670539" lon="-73.967486"><ele>49.6</ele><time>2026-09-23T22:26:23.000Z</time><extensions><gpxtpx:TrackPointExtension><gpxtpx:hr>128</gpxtpx:hr></gpxtpx:TrackPointExtension></extensions></trkpt>
      <trkpt lat="40.670554" lon="-73.967496"><ele>49.6</ele><time>2026-09-23T22:26:24.000Z</time><extensions><gpxtpx:TrackPointExtension><gpxtpx:hr>128</gpxtpx:hr></gpxtpx:TrackPointExtension></extensions></trkpt>
      <trkpt lat="40.670579" lon="-73.967507"><ele>49.8</ele><time>2026-09-23T22:26:25.000Z</time><extensions><gpxtpx:TrackPointExtension><gpxtpx:hr>128</gpxtpx:hr></gpxtpx:TrackPointExtension></extensions></trkpt>
      <trkpt lat="40.6706" lon="-73.967516"><ele>49.8</ele><time>2026-09-23T22:26:26.000Z</time><extensions><gpxtpx:TrackPointExtension><gpxtpx:hr>128</gpxtpx:hr></gpxtpx:TrackPointExtension></extensions></trkpt>
      <trkpt lat="40.670625" lon="-73.967532"><ele>49.8</ele><time>2026-09-23T22:26:27.000Z</time><extensions><gpxtpx:TrackPointExtension><gpxtpx:hr>128</gpxtpx:hr></gpxtpx:TrackPointExtension></extensions></trkpt>
      <trkpt lat="40.670646" lon="-73.967544"><ele>49.8</ele><time>2026-09-23T22:26:28.000Z</time><extensions><gpxtpx:TrackPointExtension><gpxtpx:hr>128</gpxtpx:hr></gpxtpx:TrackPointExtension></extensions></trkpt>
      <trkpt lat="40.670665" lon="-73.967557"><ele>49.6</ele><time>2026-09-23T22:26:29.000Z</time><extensions><gpxtpx:TrackPointExtension><gpxtpx:hr>128</gpxtpx:hr></gpxtpx:TrackPointExtension></extensions></trkpt>
      <trkpt lat="40.670687" lon="-73.967568"><ele>49.6</ele><time>2026-09-23T22:26:30.000Z</time><extensions><gpxtpx:TrackPointExtension><gpxtpx:hr>128</gpxtpx:hr></gpxtpx:TrackPointExtension></extensions></trkpt>
      <trkpt lat="40.670708" lon="-73.967587"><ele>49.6</ele><time>2026-09-23T22:26:31.000Z</time><extensions><gpxtpx:TrackPointExtension><gpxtpx:hr>128</gpxtpx:hr></gpxtpx:TrackPointExtension></extensions></trkpt>
      <trkpt lat="40.670728" lon="-73.967602"><ele>49.6</ele><time>2026-09-23T22:26:32.000Z</time><extensions><gpxtpx:TrackPointExtension><gpxtpx:hr>128</gpxtpx:hr></gpxtpx:TrackPointExtension></extensions></trkpt>
      <trkpt lat="40.670747" lon="-73.967621"><ele>49.6</ele><time>2026-09-23T22:26:33.000Z</time><extensions><gpxtpx:TrackPointExtension><gpxtpx:hr>128</gpxtpx:hr></gpxtpx:TrackPointExtension></extensions></trkpt>
      <trkpt lat="40.670762" lon="-73.967636"><ele>49.8</ele><time>2026-09-23T22:26:34.000Z</time><extensions><gpxtpx:TrackPointExtension><gpxtpx:hr>128</gpxtpx:hr></gpxtpx:TrackPointExtension></extensions></trkpt>
      <trkpt lat="40.670777" lon="-73.967656"><ele>49.8</ele><time>2026-09-23T22:26:35.000Z</time><extensions><gpxtpx:TrackPointExtension><gpxtpx:hr>128</gpxtpx:hr></gpxtpx:TrackPointExtension></extensions></trkpt>
      <trkpt lat="40.670796" lon="-73.967673"><ele>49.8</ele><time>2026-09-23T22:26:36.000Z</time><extensions><gpxtpx:TrackPointExtension><gpxtpx:hr>129</gpxtpx:hr></gpxtpx:TrackPointExtension></extensions></trkpt>
      <trkpt lat="40.670808" lon="-73.967692"><ele>50</ele><time>2026-09-23T22:26:37.000Z</time><extensions><gpxtpx:TrackPointExtension><gpxtpx:hr>129</gpxtpx:hr></gpxtpx:TrackPointExtension></extensions></trkpt>
      <trkpt lat="40.670832" lon="-73.967711"><ele>50</ele><time>2026-09-23T22:26:38.000Z</time><extensions><gpxtpx:TrackPointExtension><gpxtpx:hr>129</gpxtpx:hr></gpxtpx:TrackPointExtension></extensions></trkpt>
      <trkpt lat="40.670848" lon="-73.967728"><ele>50</ele><time>2026-09-23T22:26:39.000Z</time><extensions><gpxtpx:TrackPointExtension><gpxtpx:hr>129</gpxtpx:hr></gpxtpx:TrackPointExtension></extensions></trkpt>
      <trkpt lat="40.670872" lon="-73.967746"><ele>50</ele><time>2026-09-23T22:26:40.000Z</time><extensions><gpxtpx:TrackPointExtension><gpxtpx:hr>130</gpxtpx:hr></gpxtpx:TrackPointExtension></extensions></trkpt>
      <trkpt lat="40.670891" lon="-73.967762"><ele>50.2</ele><time>2026-09-23T22:26:41.000Z</time><extensions><gpxtpx:TrackPointExtension><gpxtpx:hr>130</gpxtpx:hr></gpxtpx:TrackPointExtension></extensions></trkpt>
      <trkpt lat="40.670915" lon="-73.967776"><ele>50.2</ele><time>2026-09-23T22:26:42.000Z</time><extensions><gpxtpx:TrackPointExtension><gpxtpx:hr>130</gpxtpx:hr></gpxtpx:TrackPointExtension></extensions></trkpt>
      <trkpt lat="40.670929" lon="-73.967792"><ele>50.2</ele><time>2026-09-23T22:26:43.000Z</time><extensions><gpxtpx:TrackPointExtension><gpxtpx:hr>130</gpxtpx:hr></gpxtpx:TrackPointExtension></extensions></trkpt>
      <trkpt lat="40.670954" lon="-73.96781"><ele>50.2</ele><time>2026-09-23T22:26:44.000Z</time><extensions><gpxtpx:TrackPointExtension><gpxtpx:hr>130</gpxtpx:hr></gpxtpx:TrackPointExtension></extensions></trkpt>
      <trkpt lat="40.670969" lon="-73.967823"><ele>50.2</ele><time>2026-09-23T22:26:45.000Z</time><extensions><gpxtpx:TrackPointExtension><gpxtpx:hr>130</gpxtpx:hr></gpxtpx:TrackPointExtension></extensions></trkpt>
      <trkpt lat="40.670996" lon="-73.967832"><ele>50.2</ele><time>2026-09-23T22:26:46.000Z</time><extensions><gpxtpx:TrackPointExtension><gpxtpx:hr>131</gpxtpx:hr></gpxtpx:TrackPointExtension></extensions></trkpt>
      <trkpt lat="40.67101" lon="-73.967844"><ele>50.2</ele><time>2026-09-23T22:26:47.000Z</time><extensions><gpxtpx:TrackPointExtension><gpxtpx:hr>131</gpxtpx:hr></gpxtpx:TrackPointExtension></extensions></trkpt>
      <trkpt lat="40.671033" lon="-73.967856"><ele>50.2</ele><time>2026-09-23T22:26:48.000Z</time><extensions><gpxtpx:TrackPointExtension><gpxtpx:hr>131</gpxtpx:hr></gpxtpx:TrackPointExtension></extensions></trkpt>
      <trkpt lat="40.671048" lon="-73.96787"><ele>50</ele><time>2026-09-23T22:26:49.000Z</time><extensions><gpxtpx:TrackPointExtension><gpxtpx:hr>131</gpxtpx:hr></gpxtpx:TrackPointExtension></extensions></trkpt>
      <trkpt lat="40.671072" lon="-73.967881"><ele>50</ele><time>2026-09-23T22:26:50.000Z</time><extensions><gpxtpx:TrackPointExtension><gpxtpx:hr>130</gpxtpx:hr></gpxtpx:TrackPointExtension></extensions></trkpt>
      <trkpt lat="40.671087" lon="-73.967895"><ele>50</ele><time>2026-09-23T22:26:51.000Z</time><extensions><gpxtpx:TrackPointExtension><gpxtpx:hr>130</gpxtpx:hr></gpxtpx:TrackPointExtension></extensions></trkpt>
      <trkpt lat="40.671106" lon="-73.967915"><ele>49.8</ele><time>2026-09-23T22:26:52.000Z</time><extensions><gpxtpx:TrackPointExtension><gpxtpx:hr>130</gpxtpx:hr></gpxtpx:TrackPointExtension></extensions></trkpt>
      <trkpt lat="40.671123" lon="-73.96793"><ele>49.8</ele><time>2026-09-23T22:26:53.000Z</time><extensions><gpxtpx:TrackPointExtension><gpxtpx:hr>130</gpxtpx:hr></gpxtpx:TrackPointExtension></extensions></trkpt>
      <trkpt lat="40.671149" lon="-73.967944"><ele>49.8</ele><time>2026-09-23T22:26:54.000Z</time><extensions><gpxtpx:TrackPointExtension><gpxtpx:hr>130</gpxtpx:hr></gpxtpx:TrackPointExtension></extensions></trkpt>
      <trkpt lat="40.671165" lon="-73.967961"><ele>49.8</ele><time>2026-09-23T22:26:55.000Z</time><extensions><gpxtpx:TrackPointExtension><gpxtpx:hr>130</gpxtpx:hr></gpxtpx:TrackPointExtension></extensions></trkpt>
      <trkpt lat="40.671189" lon="-73.967975"><ele>50</ele><time>2026-09-23T22:26:56.000Z</time><extensions><gpxtpx:TrackPointExtension><gpxtpx:hr>130</gpxtpx:hr></gpxtpx:TrackPointExtension></extensions></trkpt>
      <trkpt lat="40.671206" lon="-73.967992"><ele>50</ele><time>2026-09-23T22:26:57.000Z</time><extensions><gpxtpx:TrackPointExtension><gpxtpx:hr>130</gpxtpx:hr></gpxtpx:TrackPointExtension></extensions></trkpt>
      <trkpt lat="40.671235" lon="-73.968"><ele>50</ele><time>2026-09-23T22:26:58.000Z</time><extensions><gpxtpx:TrackPointExtension><gpxtpx:hr>130</gpxtpx:hr></gpxtpx:TrackPointExtension></extensions></trkpt>
      <trkpt lat="40.671252" lon="-73.968014"><ele>50.2</ele><time>2026-09-23T22:26:59.000Z</time><extensions><gpxtpx:TrackPointExtension><gpxtpx:hr>130</gpxtpx:hr></gpxtpx:TrackPointExtension></extensions></trkpt>
      <trkpt lat="40.671281" lon="-73.968027"><ele>50.2</ele><time>2026-09-23T22:27:00.000Z</time><extensions><gpxtpx:TrackPointExtension><gpxtpx:hr>130</gpxtpx:hr></gpxtpx:TrackPointExtension></extensions></trkpt>
      <trkpt lat="40.671298" lon="-73.968042"><ele>50.2</ele><time>2026-09-23T22:27:01.000Z</time><extensions><gpxtpx:TrackPointExtension><gpxtpx:hr>129</gpxtpx:hr></gpxtpx:TrackPointExtension></extensions></trkpt>
      <trkpt lat="40.671324" lon="-73.968055"><ele>50.2</ele><time>2026-09-23T22:27:02.000Z</time><extensions><gpxtpx:TrackPointExtension><gpxtpx:hr>129</gpxtpx:hr></gpxtpx:TrackPointExtension></extensions></trkpt>
      <trkpt lat="40.67134" lon="-73.96807"><ele>50.4</ele><time>2026-09-23T22:27:03.000Z</time><extensions><gpxtpx:TrackPointExtension><gpxtpx:hr>129</gpxtpx:hr></gpxtpx:TrackPointExtension></extensions></trkpt>
      <trkpt lat="40.671365" lon="-73.968088"><ele>50.4</ele><time>2026-09-23T22:27:04.000Z</time><extensions><gpxtpx:TrackPointExtension><gpxtpx:hr>128</gpxtpx:hr></gpxtpx:TrackPointExtension></extensions></trkpt>
      <trkpt lat="40.671379" lon="-73.968106"><ele>50.4</ele><time>2026-09-23T22:27:05.000Z</time><extensions><gpxtpx:TrackPointExtension><gpxtpx:hr>128</gpxtpx:hr></gpxtpx:TrackPointExtension></extensions></trkpt>
      <trkpt lat="40.671404" lon="-73.968127"><ele>50.2</ele><time>2026-09-23T22:27:06.000Z</time><extensions><gpxtpx:TrackPointExtension><gpxtpx:hr>127</gpxtpx:hr></gpxtpx:TrackPointExtension></extensions></trkpt>
      <trkpt lat="40.671422" lon="-73.968141"><ele>50.4</ele><time>2026-09-23T22:27:07.000Z</time><extensions><gpxtpx:TrackPointExtension><gpxtpx:hr>127</gpxtpx:hr></gpxtpx:TrackPointExtension></extensions></trkpt>
      <trkpt lat="40.671445" lon="-73.968155"><ele>50.4</ele><time>2026-09-23T22:27:08.000Z</time><extensions><gpxtpx:TrackPointExtension><gpxtpx:hr>127</gpxtpx:hr></gpxtpx:TrackPointExtension></extensions></trkpt>
      <trkpt lat="40.671462" lon="-73.968169"><ele>50.4</ele><time>2026-09-23T22:27:09.000Z</time><extensions><gpxtpx:TrackPointExtension><gpxtpx:hr>127</gpxtpx:hr></gpxtpx:TrackPointExtension></extensions></trkpt>
      <trkpt lat="40.671484" lon="-73.968187"><ele>50.4</ele><time>2026-09-23T22:27:10.000Z</time><extensions><gpxtpx:TrackPointExtension><gpxtpx:hr>127</gpxtpx:hr></gpxtpx:TrackPointExtension></extensions></trkpt>
      <trkpt lat="40.671502" lon="-73.968199"><ele>50.6</ele><time>2026-09-23T22:27:11.000Z</time><extensions><gpxtpx:TrackPointExtension><gpxtpx:hr>128</gpxtpx:hr></gpxtpx:TrackPointExtension></extensions></trkpt>
      <trkpt lat="40.671521" lon="-73.968212"><ele>50.6</ele><time>2026-09-23T22:27:12.000Z</time><extensions><gpxtpx:TrackPointExtension><gpxtpx:hr>128</gpxtpx:hr></gpxtpx:TrackPointExtension></extensions></trkpt>
      <trkpt lat="40.671543" lon="-73.96823"><ele>50.6</ele><time>2026-09-23T22:27:13.000Z</time><extensions><gpxtpx:TrackPointExtension><gpxtpx:hr>128</gpxtpx:hr></gpxtpx:TrackPointExtension></extensions></trkpt>
      <trkpt lat="40.67156" lon="-73.968243"><ele>50.6</ele><time>2026-09-23T22:27:14.000Z</time><extensions><gpxtpx:TrackPointExtension><gpxtpx:hr>127</gpxtpx:hr></gpxtpx:TrackPointExtension></extensions></trkpt>
      <trkpt lat="40.671581" lon="-73.96826"><ele>50.6</ele><time>2026-09-23T22:27:15.000Z</time><extensions><gpxtpx:TrackPointExtension><gpxtpx:hr>127</gpxtpx:hr></gpxtpx:TrackPointExtension></extensions></trkpt>
      <trkpt lat="40.671607" lon="-73.968271"><ele>50.4</ele><time>2026-09-23T22:27:16.000Z</time><extensions><gpxtpx:TrackPointExtension><gpxtpx:hr>127</gpxtpx:hr></gpxtpx:TrackPointExtension></extensions></trkpt>
      <trkpt lat="40.67163" lon="-73.968287"><ele>50.4</ele><time>2026-09-23T22:27:17.000Z</time><extensions><gpxtpx:TrackPointExtension><gpxtpx:hr>127</gpxtpx:hr></gpxtpx:TrackPointExtension></extensions></trkpt>
      <trkpt lat="40.671651" lon="-73.968303"><ele>50.2</ele><time>2026-09-23T22:27:18.000Z</time><extensions><gpxtpx:TrackPointExtension><gpxtpx:hr>127</gpxtpx:hr></gpxtpx:TrackPointExtension></extensions></trkpt>
      <trkpt lat="40.671679" lon="-73.968319"><ele>50</ele><time>2026-09-23T22:27:19.000Z</time><extensions><gpxtpx:TrackPointExtension><gpxtpx:hr>127</gpxtpx:hr></gpxtpx:TrackPointExtension></extensions></trkpt>
      <trkpt lat="40.671693" lon="-73.968333"><ele>50</ele><time>2026-09-23T22:27:20.000Z</time><extensions><gpxtpx:TrackPointExtension><gpxtpx:hr>127</gpxtpx:hr></gpxtpx:TrackPointExtension></extensions></trkpt>
      <trkpt lat="40.67172" lon="-73.968347"><ele>50</ele><time>2026-09-23T22:27:21.000Z</time><extensions><gpxtpx:TrackPointExtension><gpxtpx:hr>127</gpxtpx:hr></gpxtpx:TrackPointExtension></extensions></trkpt>
      <trkpt lat="40.671736" lon="-73.968365"><ele>49.8</ele><time>2026-09-23T22:27:22.000Z</time><extensions><gpxtpx:TrackPointExtension><gpxtpx:hr>127</gpxtpx:hr></gpxtpx:TrackPointExtension></extensions></trkpt>
      <trkpt lat="40.67176" lon="-73.968381"><ele>49.8</ele><time>2026-09-23T22:27:23.000Z</time><extensions><gpxtpx:TrackPointExtension><gpxtpx:hr>127</gpxtpx:hr></gpxtpx:TrackPointExtension></extensions></trkpt>
      <trkpt lat="40.671777" lon="-73.968394"><ele>49.8</ele><time>2026-09-23T22:27:24.000Z</time><extensions><gpxtpx:TrackPointExtension><gpxtpx:hr>127</gpxtpx:hr></gpxtpx:TrackPointExtension></extensions></trkpt>
      <trkpt lat="40.671799" lon="-73.968409"><ele>49.8</ele><time>2026-09-23T22:27:25.000Z</time><extensions><gpxtpx:TrackPointExtension><gpxtpx:hr>126</gpxtpx:hr></gpxtpx:TrackPointExtension></extensions></trkpt>
      <trkpt lat="40.671817" lon="-73.968418"><ele>49.6</ele><time>2026-09-23T22:27:26.000Z</time><extensions><gpxtpx:TrackPointExtension><gpxtpx:hr>126</gpxtpx:hr></gpxtpx:TrackPointExtension></extensions></trkpt>
      <trkpt lat="40.671842" lon="-73.968429"><ele>49.6</ele><time>2026-09-23T22:27:27.000Z</time><extensions><gpxtpx:TrackPointExtension><gpxtpx:hr>126</gpxtpx:hr></gpxtpx:TrackPointExtension></extensions></trkpt>
      <trkpt lat="40.671861" lon="-73.968438"><ele>49.6</ele><time>2026-09-23T22:27:28.000Z</time><extensions><gpxtpx:TrackPointExtension><gpxtpx:hr>126</gpxtpx:hr></gpxtpx:TrackPointExtension></extensions></trkpt>
      <trkpt lat="40.671886" lon="-73.968452"><ele>49.4</ele><time>2026-09-23T22:27:29.000Z</time><extensions><gpxtpx:TrackPointExtension><gpxtpx:hr>126</gpxtpx:hr></gpxtpx:TrackPointExtension></extensions></trkpt>
      <trkpt lat="40.671905" lon="-73.968468"><ele>49.2</ele><time>2026-09-23T22:27:30.000Z</time><extensions><gpxtpx:TrackPointExtension><gpxtpx:hr>126</gpxtpx:hr></gpxtpx:TrackPointExtension></extensions></trkpt>
      <trkpt lat="40.671928" lon="-73.968479"><ele>49</ele><time>2026-09-23T22:27:31.000Z</time><extensions><gpxtpx:TrackPointExtension><gpxtpx:hr>126</gpxtpx:hr></gpxtpx:TrackPointExtension></extensions></trkpt>
      <trkpt lat="40.671945" lon="-73.968491"><ele>48.8</ele><time>2026-09-23T22:27:32.000Z</time><extensions><gpxtpx:TrackPointExtension><gpxtpx:hr>126</gpxtpx:hr></gpxtpx:TrackPointExtension></extensions></trkpt>
      <trkpt lat="40.67197" lon="-73.968499"><ele>48.6</ele><time>2026-09-23T22:27:33.000Z</time><extensions><gpxtpx:TrackPointExtension><gpxtpx:hr>126</gpxtpx:hr></gpxtpx:TrackPointExtension></extensions></trkpt>
      <trkpt lat="40.671988" lon="-73.968518"><ele>48.4</ele><time>2026-09-23T22:27:34.000Z</time><extensions><gpxtpx:TrackPointExtension><gpxtpx:hr>126</gpxtpx:hr></gpxtpx:TrackPointExtension></extensions></trkpt>
      <trkpt lat="40.672012" lon="-73.968532"><ele>48.4</ele><time>2026-09-23T22:27:35.000Z</time><extensions><gpxtpx:TrackPointExtension><gpxtpx:hr>126</gpxtpx:hr></gpxtpx:TrackPointExtension></extensions></trkpt>
      <trkpt lat="40.67203" lon="-73.96855"><ele>48.4</ele><time>2026-09-23T22:27:36.000Z</time><extensions><gpxtpx:TrackPointExtension><gpxtpx:hr>126</gpxtpx:hr></gpxtpx:TrackPointExtension></extensions></trkpt>
      <trkpt lat="40.672053" lon="-73.968564"><ele>48.2</ele><time>2026-09-23T22:27:37.000Z</time><extensions><gpxtpx:TrackPointExtension><gpxtpx:hr>126</gpxtpx:hr></gpxtpx:TrackPointExtension></extensions></trkpt>
      <trkpt lat="40.67207" lon="-73.968584"><ele>48.2</ele><time>2026-09-23T22:27:38.000Z</time><extensions><gpxtpx:TrackPointExtension><gpxtpx:hr>126</gpxtpx:hr></gpxtpx:TrackPointExtension></extensions></trkpt>
      <trkpt lat="40.672089" lon="-73.968601"><ele>48.2</ele><time>2026-09-23T22:27:39.000Z</time><extensions><gpxtpx:TrackPointExtension><gpxtpx:hr>126</gpxtpx:hr></gpxtpx:TrackPointExtension></extensions></trkpt>
      <trkpt lat="40.672107" lon="-73.968614"><ele>48.2</ele><time>2026-09-23T22:27:40.000Z</time><extensions><gpxtpx:TrackPointExtension><gpxtpx:hr>125</gpxtpx:hr></gpxtpx:TrackPointExtension></extensions></trkpt>
      <trkpt lat="40.672134" lon="-73.968627"><ele>48.4</ele><time>2026-09-23T22:27:41.000Z</time><extensions><gpxtpx:TrackPointExtension><gpxtpx:hr>125</gpxtpx:hr></gpxtpx:TrackPointExtension></extensions></trkpt>
      <trkpt lat="40.672152" lon="-73.968636"><ele>48.4</ele><time>2026-09-23T22:27:42.000Z</time><extensions><gpxtpx:TrackPointExtension><gpxtpx:hr>125</gpxtpx:hr></gpxtpx:TrackPointExtension></extensions></trkpt>
      <trkpt lat="40.672178" lon="-73.968646"><ele>48.2</ele><time>2026-09-23T22:27:43.000Z</time><extensions><gpxtpx:TrackPointExtension><gpxtpx:hr>125</gpxtpx:hr></gpxtpx:TrackPointExtension></extensions></trkpt>
      <trkpt lat="40.672196" lon="-73.968658"><ele>48</ele><time>2026-09-23T22:27:44.000Z</time><extensions><gpxtpx:TrackPointExtension><gpxtpx:hr>125</gpxtpx:hr></gpxtpx:TrackPointExtension></extensions></trkpt>
      <trkpt lat="40.672221" lon="-73.968676"><ele>48</ele><time>2026-09-23T22:27:45.000Z</time><extensions><gpxtpx:TrackPointExtension><gpxtpx:hr>124</gpxtpx:hr></gpxtpx:TrackPointExtension></extensions></trkpt>
      <trkpt lat="40.672235" lon="-73.968694"><ele>47.8</ele><time>2026-09-23T22:27:46.000Z</time><extensions><gpxtpx:TrackPointExtension><gpxtpx:hr>124</gpxtpx:hr></gpxtpx:TrackPointExtension></extensions></trkpt>
      <trkpt lat="40.67226" lon="-73.96871"><ele>47.8</ele><time>2026-09-23T22:27:47.000Z</time><extensions><gpxtpx:TrackPointExtension><gpxtpx:hr>124</gpxtpx:hr></gpxtpx:TrackPointExtension></extensions></trkpt>
      <trkpt lat="40.672275" lon="-73.968724"><ele>47.8</ele><time>2026-09-23T22:27:48.000Z</time><extensions><gpxtpx:TrackPointExtension><gpxtpx:hr>124</gpxtpx:hr></gpxtpx:TrackPointExtension></extensions></trkpt>
      <trkpt lat="40.6723" lon="-73.968739"><ele>47.8</ele><time>2026-09-23T22:27:49.000Z</time><extensions><gpxtpx:TrackPointExtension><gpxtpx:hr>124</gpxtpx:hr></gpxtpx:TrackPointExtension></extensions></trkpt>
      <trkpt lat="40.672315" lon="-73.968756"><ele>48</ele><time>2026-09-23T22:27:50.000Z</time><extensions><gpxtpx:TrackPointExtension><gpxtpx:hr>124</gpxtpx:hr></gpxtpx:TrackPointExtension></extensions></trkpt>
      <trkpt lat="40.672339" lon="-73.968773"><ele>48</ele><time>2026-09-23T22:27:51.000Z</time><extensions><gpxtpx:TrackPointExtension><gpxtpx:hr>124</gpxtpx:hr></gpxtpx:TrackPointExtension></extensions></trkpt>
      <trkpt lat="40.672361" lon="-73.968782"><ele>48</ele><time>2026-09-23T22:27:52.000Z</time><extensions><gpxtpx:TrackPointExtension><gpxtpx:hr>123</gpxtpx:hr></gpxtpx:TrackPointExtension></extensions></trkpt>
      <trkpt lat="40.672386" lon="-73.968779"><ele>48.2</ele><time>2026-09-23T22:27:53.000Z</time><extensions><gpxtpx:TrackPointExtension><gpxtpx:hr>123</gpxtpx:hr></gpxtpx:TrackPointExtension></extensions></trkpt>
      <trkpt lat="40.672406" lon="-73.968758"><ele>48.2</ele><time>2026-09-23T22:27:54.000Z</time><extensions><gpxtpx:TrackPointExtension><gpxtpx:hr>122</gpxtpx:hr></gpxtpx:TrackPointExtension></extensions></trkpt>
      <trkpt lat="40.67242" lon="-73.968744"><ele>48.2</ele><time>2026-09-23T22:27:55.000Z</time><extensions><gpxtpx:TrackPointExtension><gpxtpx:hr>121</gpxtpx:hr></gpxtpx:TrackPointExtension></extensions></trkpt>
      <trkpt lat="40.672436" lon="-73.968722"><ele>48.2</ele><time>2026-09-23T22:27:56.000Z</time><extensions><gpxtpx:TrackPointExtension><gpxtpx:hr>121</gpxtpx:hr></gpxtpx:TrackPointExtension></extensions></trkpt>
      <trkpt lat="40.672446" lon="-73.968709"><ele>48.4</ele><time>2026-09-23T22:27:57.000Z</time><extensions><gpxtpx:TrackPointExtension><gpxtpx:hr>121</gpxtpx:hr></gpxtpx:TrackPointExtension></extensions></trkpt>
      <trkpt lat="40.672459" lon="-73.968698"><ele>48.6</ele><time>2026-09-23T22:27:58.000Z</time><extensions><gpxtpx:TrackPointExtension><gpxtpx:hr>120</gpxtpx:hr></gpxtpx:TrackPointExtension></extensions></trkpt>
      <trkpt lat="40.672476" lon="-73.968679"><ele>48.6</ele><time>2026-09-23T22:27:59.000Z</time><extensions><gpxtpx:TrackPointExtension><gpxtpx:hr>121</gpxtpx:hr></gpxtpx:TrackPointExtension></extensions></trkpt>
      <trkpt lat="40.672489" lon="-73.968667"><ele>48.8</ele><time>2026-09-23T22:28:00.000Z</time><extensions><gpxtpx:TrackPointExtension><gpxtpx:hr>122</gpxtpx:hr></gpxtpx:TrackPointExtension></extensions></trkpt>
      <trkpt lat="40.672506" lon="-73.968643"><ele>48.6</ele><time>2026-09-23T22:28:01.000Z</time><extensions><gpxtpx:TrackPointExtension><gpxtpx:hr>123</gpxtpx:hr></gpxtpx:TrackPointExtension></extensions></trkpt>
      <trkpt lat="40.672519" lon="-73.968633"><ele>48.4</ele><time>2026-09-23T22:28:02.000Z</time><extensions><gpxtpx:TrackPointExtension><gpxtpx:hr>124</gpxtpx:hr></gpxtpx:TrackPointExtension></extensions></trkpt>
      <trkpt lat="40.672537" lon="-73.968613"><ele>48.4</ele><time>2026-09-23T22:28:03.000Z</time><extensions><gpxtpx:TrackPointExtension><gpxtpx:hr>125</gpxtpx:hr></gpxtpx:TrackPointExtension></extensions></trkpt>
      <trkpt lat="40.672551" lon="-73.9686"><ele>48.6</ele><time>2026-09-23T22:28:04.000Z</time><extensions><gpxtpx:TrackPointExtension><gpxtpx:hr>126</gpxtpx:hr></gpxtpx:TrackPointExtension></extensions></trkpt>
      <trkpt lat="40.672567" lon="-73.968583"><ele>48.8</ele><time>2026-09-23T22:28:05.000Z</time><extensions><gpxtpx:TrackPointExtension><gpxtpx:hr>126</gpxtpx:hr></gpxtpx:TrackPointExtension></extensions></trkpt>
      <trkpt lat="40.672586" lon="-73.968568"><ele>49</ele><time>2026-09-23T22:28:06.000Z</time><extensions><gpxtpx:TrackPointExtension><gpxtpx:hr>127</gpxtpx:hr></gpxtpx:TrackPointExtension></extensions></trkpt>
      <trkpt lat="40.672608" lon="-73.968552"><ele>49.2</ele><time>2026-09-23T22:28:07.000Z</time><extensions><gpxtpx:TrackPointExtension><gpxtpx:hr>127</gpxtpx:hr></gpxtpx:TrackPointExtension></extensions></trkpt>
      <trkpt lat="40.672629" lon="-73.968541"><ele>49.4</ele><time>2026-09-23T22:28:08.000Z</time><extensions><gpxtpx:TrackPointExtension><gpxtpx:hr>128</gpxtpx:hr></gpxtpx:TrackPointExtension></extensions></trkpt>
      <trkpt lat="40.672654" lon="-73.968527"><ele>49.4</ele><time>2026-09-23T22:28:09.000Z</time><extensions><gpxtpx:TrackPointExtension><gpxtpx:hr>128</gpxtpx:hr></gpxtpx:TrackPointExtension></extensions></trkpt>
      <trkpt lat="40.672677" lon="-73.968521"><ele>49.4</ele><time>2026-09-23T22:28:10.000Z</time><extensions><gpxtpx:TrackPointExtension><gpxtpx:hr>128</gpxtpx:hr></gpxtpx:TrackPointExtension></extensions></trkpt>
      <trkpt lat="40.672702" lon="-73.968512"><ele>49.4</ele><time>2026-09-23T22:28:11.000Z</time><extensions><gpxtpx:TrackPointExtension><gpxtpx:hr>128</gpxtpx:hr></gpxtpx:TrackPointExtension></extensions></trkpt>
      <trkpt lat="40.672727" lon="-73.968507"><ele>49.4</ele><time>2026-09-23T22:28:12.000Z</time><extensions><gpxtpx:TrackPointExtension><gpxtpx:hr>128</gpxtpx:hr></gpxtpx:TrackPointExtension></extensions></trkpt>
      <trkpt lat="40.672741" lon="-73.968508"><ele>49.4</ele><time>2026-09-23T22:28:13.000Z</time><extensions><gpxtpx:TrackPointExtension><gpxtpx:hr>127</gpxtpx:hr></gpxtpx:TrackPointExtension></extensions></trkpt>
      <trkpt lat="40.672759" lon="-73.968497"><ele>49.2</ele><time>2026-09-23T22:28:14.000Z</time><extensions><gpxtpx:TrackPointExtension><gpxtpx:hr>127</gpxtpx:hr></gpxtpx:TrackPointExtension></extensions></trkpt>
      <trkpt lat="40.672773" lon="-73.968489"><ele>49</ele><time>2026-09-23T22:28:15.000Z</time><extensions><gpxtpx:TrackPointExtension><gpxtpx:hr>127</gpxtpx:hr></gpxtpx:TrackPointExtension></extensions></trkpt>
      <trkpt lat="40.672789" lon="-73.968479"><ele>48.8</ele><time>2026-09-23T22:28:16.000Z</time><extensions><gpxtpx:TrackPointExtension><gpxtpx:hr>127</gpxtpx:hr></gpxtpx:TrackPointExtension></extensions></trkpt>
      <trkpt lat="40.672804" lon="-73.968467"><ele>48.6</ele><time>2026-09-23T22:28:17.000Z</time><extensions><gpxtpx:TrackPointExtension><gpxtpx:hr>127</gpxtpx:hr></gpxtpx:TrackPointExtension></extensions></trkpt>
      <trkpt lat="40.672822" lon="-73.968455"><ele>48.2</ele><time>2026-09-23T22:28:18.000Z</time><extensions><gpxtpx:TrackPointExtension><gpxtpx:hr>127</gpxtpx:hr></gpxtpx:TrackPointExtension></extensions></trkpt>
      <trkpt lat="40.672828" lon="-73.968429"><ele>48.2</ele><time>2026-09-23T22:28:19.000Z</time><extensions><gpxtpx:TrackPointExtension><gpxtpx:hr>127</gpxtpx:hr></gpxtpx:TrackPointExtension></extensions></trkpt>
      <trkpt lat="40.672829" lon="-73.968404"><ele>48</ele><time>2026-09-23T22:28:20.000Z</time><extensions><gpxtpx:TrackPointExtension><gpxtpx:hr>127</gpxtpx:hr></gpxtpx:TrackPointExtension></extensions></trkpt>
      <trkpt lat="40.672823" lon="-73.968371"><ele>48</ele><time>2026-09-23T22:28:21.000Z</time><extensions><gpxtpx:TrackPointExtension><gpxtpx:hr>127</gpxtpx:hr></gpxtpx:TrackPointExtension></extensions></trkpt>
      <trkpt lat="40.672822" lon="-73.968346"><ele>48.2</ele><time>2026-09-23T22:28:22.000Z</time><extensions><gpxtpx:TrackPointExtension><gpxtpx:hr>127</gpxtpx:hr></gpxtpx:TrackPointExtension></extensions></trkpt>
      <trkpt lat="40.672819" lon="-73.968312"><ele>48.2</ele><time>2026-09-23T22:28:23.000Z</time><extensions><gpxtpx:TrackPointExtension><gpxtpx:hr>127</gpxtpx:hr></gpxtpx:TrackPointExtension></extensions></trkpt>
      <trkpt lat="40.672825" lon="-73.968287"><ele>48.4</ele><time>2026-09-23T22:28:24.000Z</time><extensions><gpxtpx:TrackPointExtension><gpxtpx:hr>127</gpxtpx:hr></gpxtpx:TrackPointExtension></extensions></trkpt>
      <trkpt lat="40.672825" lon="-73.968255"><ele>48.6</ele><time>2026-09-23T22:28:25.000Z</time><extensions><gpxtpx:TrackPointExtension><gpxtpx:hr>127</gpxtpx:hr></gpxtpx:TrackPointExtension></extensions></trkpt>
      <trkpt lat="40.672826" lon="-73.968227"><ele>48.8</ele><time>2026-09-23T22:28:26.000Z</time><extensions><gpxtpx:TrackPointExtension><gpxtpx:hr>128</gpxtpx:hr></gpxtpx:TrackPointExtension></extensions></trkpt>
      <trkpt lat="40.672821" lon="-73.968193"><ele>48.8</ele><time>2026-09-23T22:28:27.000Z</time><extensions><gpxtpx:TrackPointExtension><gpxtpx:hr>127</gpxtpx:hr></gpxtpx:TrackPointExtension></extensions></trkpt>
      <trkpt lat="40.672819" lon="-73.968169"><ele>49</ele><time>2026-09-23T22:28:28.000Z</time><extensions><gpxtpx:TrackPointExtension><gpxtpx:hr>127</gpxtpx:hr></gpxtpx:TrackPointExtension></extensions></trkpt>
      <trkpt lat="40.672816" lon="-73.968135"><ele>49</ele><time>2026-09-23T22:28:29.000Z</time><extensions><gpxtpx:TrackPointExtension><gpxtpx:hr>127</gpxtpx:hr></gpxtpx:TrackPointExtension></extensions></trkpt>
      <trkpt lat="40.672816" lon="-73.968111"><ele>49.2</ele><time>2026-09-23T22:28:30.000Z</time><extensions><gpxtpx:TrackPointExtension><gpxtpx:hr>127</gpxtpx:hr></gpxtpx:TrackPointExtension></extensions></trkpt>
      <trkpt lat="40.672814" lon="-73.968078"><ele>49.2</ele><time>2026-09-23T22:28:31.000Z</time><extensions><gpxtpx:TrackPointExtension><gpxtpx:hr>127</gpxtpx:hr></gpxtpx:TrackPointExtension></extensions></trkpt>
      <trkpt lat="40.672814" lon="-73.968054"><ele>49</ele><time>2026-09-23T22:28:32.000Z</time><extensions><gpxtpx:TrackPointExtension><gpxtpx:hr>127</gpxtpx:hr></gpxtpx:TrackPointExtension></extensions></trkpt>
      <trkpt lat="40.672807" lon="-73.96802"><ele>49</ele><time>2026-09-23T22:28:33.000Z</time><extensions><gpxtpx:TrackPointExtension><gpxtpx:hr>127</gpxtpx:hr></gpxtpx:TrackPointExtension></extensions></trkpt>
      <trkpt lat="40.672808" lon="-73.967994"><ele>48.8</ele><time>2026-09-23T22:28:34.000Z</time><extensions><gpxtpx:TrackPointExtension><gpxtpx:hr>128</gpxtpx:hr></gpxtpx:TrackPointExtension></extensions></trkpt>
      <trkpt lat="40.672804" lon="-73.967957"><ele>48.8</ele><time>2026-09-23T22:28:35.000Z</time><extensions><gpxtpx:TrackPointExtension><gpxtpx:hr>128</gpxtpx:hr></gpxtpx:TrackPointExtension></extensions></trkpt>
      <trkpt lat="40.672802" lon="-73.967936"><ele>48.8</ele><time>2026-09-23T22:28:36.000Z</time><extensions><gpxtpx:TrackPointExtension><gpxtpx:hr>128</gpxtpx:hr></gpxtpx:TrackPointExtension></extensions></trkpt>
      <trkpt lat="40.672796" lon="-73.967906"><ele>48.8</ele><time>2026-09-23T22:28:37.000Z</time><extensions><gpxtpx:TrackPointExtension><gpxtpx:hr>127</gpxtpx:hr></gpxtpx:TrackPointExtension></extensions></trkpt>
      <trkpt lat="40.672795" lon="-73.967882"><ele>48.8</ele><time>2026-09-23T22:28:38.000Z</time><extensions><gpxtpx:TrackPointExtension><gpxtpx:hr>127</gpxtpx:hr></gpxtpx:TrackPointExtension></extensions></trkpt>
      <trkpt lat="40.672789" lon="-73.967852"><ele>49</ele><time>2026-09-23T22:28:39.000Z</time><extensions><gpxtpx:TrackPointExtension><gpxtpx:hr>127</gpxtpx:hr></gpxtpx:TrackPointExtension></extensions></trkpt>
      <trkpt lat="40.672786" lon="-73.967827"><ele>49</ele><time>2026-09-23T22:28:40.000Z</time><extensions><gpxtpx:TrackPointExtension><gpxtpx:hr>127</gpxtpx:hr></gpxtpx:TrackPointExtension></extensions></trkpt>
      <trkpt lat="40.672779" lon="-73.967797"><ele>49.2</ele><time>2026-09-23T22:28:41.000Z</time><extensions><gpxtpx:TrackPointExtension><gpxtpx:hr>127</gpxtpx:hr></gpxtpx:TrackPointExtension></extensions></trkpt>
      <trkpt lat="40.672779" lon="-73.967771"><ele>49.2</ele><time>2026-09-23T22:28:42.000Z</time><extensions><gpxtpx:TrackPointExtension><gpxtpx:hr>126</gpxtpx:hr></gpxtpx:TrackPointExtension></extensions></trkpt>
      <trkpt lat="40.672773" lon="-73.967739"><ele>49.2</ele><time>2026-09-23T22:28:43.000Z</time><extensions><gpxtpx:TrackPointExtension><gpxtpx:hr>126</gpxtpx:hr></gpxtpx:TrackPointExtension></extensions></trkpt>
      <trkpt lat="40.672771" lon="-73.967713"><ele>49.2</ele><time>2026-09-23T22:28:44.000Z</time><extensions><gpxtpx:TrackPointExtension><gpxtpx:hr>126</gpxtpx:hr></gpxtpx:TrackPointExtension></extensions></trkpt>
      <trkpt lat="40.672766" lon="-73.967681"><ele>49.2</ele><time>2026-09-23T22:28:45.000Z</time><extensions><gpxtpx:TrackPointExtension><gpxtpx:hr>126</gpxtpx:hr></gpxtpx:TrackPointExtension></extensions></trkpt>
      <trkpt lat="40.672767" lon="-73.967655"><ele>49.4</ele><time>2026-09-23T22:28:46.000Z</time><extensions><gpxtpx:TrackPointExtension><gpxtpx:hr>126</gpxtpx:hr></gpxtpx:TrackPointExtension></extensions></trkpt>
      <trkpt lat="40.672767" lon="-73.967622"><ele>49.4</ele><time>2026-09-23T22:28:47.000Z</time><extensions><gpxtpx:TrackPointExtension><gpxtpx:hr>125</gpxtpx:hr></gpxtpx:TrackPointExtension></extensions></trkpt>
      <trkpt lat="40.672768" lon="-73.967594"><ele>49.6</ele><time>2026-09-23T22:28:48.000Z</time><extensions><gpxtpx:TrackPointExtension><gpxtpx:hr>125</gpxtpx:hr></gpxtpx:TrackPointExtension></extensions></trkpt>
      <trkpt lat="40.672766" lon="-73.967567"><ele>49.8</ele><time>2026-09-23T22:28:49.000Z</time><extensions><gpxtpx:TrackPointExtension><gpxtpx:hr>125</gpxtpx:hr></gpxtpx:TrackPointExtension></extensions></trkpt>
      <trkpt lat="40.672764" lon="-73.967536"><ele>49.8</ele><time>2026-09-23T22:28:50.000Z</time><extensions><gpxtpx:TrackPointExtension><gpxtpx:hr>125</gpxtpx:hr></gpxtpx:TrackPointExtension></extensions></trkpt>
      <trkpt lat="40.672764" lon="-73.967516"><ele>49.8</ele><time>2026-09-23T22:28:51.000Z</time><extensions><gpxtpx:TrackPointExtension><gpxtpx:hr>125</gpxtpx:hr></gpxtpx:TrackPointExtension></extensions></trkpt>
      <trkpt lat="40.67276" lon="-73.967485"><ele>49.8</ele><time>2026-09-23T22:28:52.000Z</time><extensions><gpxtpx:TrackPointExtension><gpxtpx:hr>125</gpxtpx:hr></gpxtpx:TrackPointExtension></extensions></trkpt>
      <trkpt lat="40.672763" lon="-73.967467"><ele>49.8</ele><time>2026-09-23T22:28:53.000Z</time><extensions><gpxtpx:TrackPointExtension><gpxtpx:hr>125</gpxtpx:hr></gpxtpx:TrackPointExtension></extensions></trkpt>
      <trkpt lat="40.672758" lon="-73.967434"><ele>49.8</ele><time>2026-09-23T22:28:54.000Z</time><extensions><gpxtpx:TrackPointExtension><gpxtpx:hr>126</gpxtpx:hr></gpxtpx:TrackPointExtension></extensions></trkpt>
      <trkpt lat="40.672752" lon="-73.967411"><ele>49.8</ele><time>2026-09-23T22:28:55.000Z</time><extensions><gpxtpx:TrackPointExtension><gpxtpx:hr>126</gpxtpx:hr></gpxtpx:TrackPointExtension></extensions></trkpt>
      <trkpt lat="40.672751" lon="-73.967385"><ele>49.8</ele><time>2026-09-23T22:28:56.000Z</time><extensions><gpxtpx:TrackPointExtension><gpxtpx:hr>126</gpxtpx:hr></gpxtpx:TrackPointExtension></extensions></trkpt>
      <trkpt lat="40.672746" lon="-73.967354"><ele>49.6</ele><time>2026-09-23T22:28:57.000Z</time><extensions><gpxtpx:TrackPointExtension><gpxtpx:hr>126</gpxtpx:hr></gpxtpx:TrackPointExtension></extensions></trkpt>
      <trkpt lat="40.672736" lon="-73.967325"><ele>49.6</ele><time>2026-09-23T22:28:58.000Z</time><extensions><gpxtpx:TrackPointExtension><gpxtpx:hr>127</gpxtpx:hr></gpxtpx:TrackPointExtension></extensions></trkpt>
      <trkpt lat="40.672721" lon="-73.96728"><ele>49.6</ele><time>2026-09-23T22:28:59.000Z</time><extensions><gpxtpx:TrackPointExtension><gpxtpx:hr>127</gpxtpx:hr></gpxtpx:TrackPointExtension></extensions></trkpt>
      <trkpt lat="40.672709" lon="-73.967244"><ele>49.4</ele><time>2026-09-23T22:29:00.000Z</time><extensions><gpxtpx:TrackPointExtension><gpxtpx:hr>127</gpxtpx:hr></gpxtpx:TrackPointExtension></extensions></trkpt>
      <trkpt lat="40.672702" lon="-73.967207"><ele>49.4</ele><time>2026-09-23T22:29:01.000Z</time><extensions><gpxtpx:TrackPointExtension><gpxtpx:hr>127</gpxtpx:hr></gpxtpx:TrackPointExtension></extensions></trkpt>
      <trkpt lat="40.672693" lon="-73.967172"><ele>49.8</ele><time>2026-09-23T22:29:02.000Z</time><extensions><gpxtpx:TrackPointExtension><gpxtpx:hr>127</gpxtpx:hr></gpxtpx:TrackPointExtension></extensions></trkpt>
      <trkpt lat="40.672689" lon="-73.967147"><ele>50</ele><time>2026-09-23T22:29:03.000Z</time><extensions><gpxtpx:TrackPointExtension><gpxtpx:hr>127</gpxtpx:hr></gpxtpx:TrackPointExtension></extensions></trkpt>
      <trkpt lat="40.672682" lon="-73.96712"><ele>50.2</ele><time>2026-09-23T22:29:04.000Z</time><extensions><gpxtpx:TrackPointExtension><gpxtpx:hr>127</gpxtpx:hr></gpxtpx:TrackPointExtension></extensions></trkpt>
      <trkpt lat="40.672678" lon="-73.967095"><ele>50.6</ele><time>2026-09-23T22:29:05.000Z</time><extensions><gpxtpx:TrackPointExtension><gpxtpx:hr>127</gpxtpx:hr></gpxtpx:TrackPointExtension></extensions></trkpt>
      <trkpt lat="40.672676" lon="-73.967069"><ele>50.8</ele><time>2026-09-23T22:29:06.000Z</time><extensions><gpxtpx:TrackPointExtension><gpxtpx:hr>128</gpxtpx:hr></gpxtpx:TrackPointExtension></extensions></trkpt>
      <trkpt lat="40.672671" lon="-73.967044"><ele>51</ele><time>2026-09-23T22:29:07.000Z</time><extensions><gpxtpx:TrackPointExtension><gpxtpx:hr>129</gpxtpx:hr></gpxtpx:TrackPointExtension></extensions></trkpt>
      <trkpt lat="40.672666" lon="-73.967017"><ele>51</ele><time>2026-09-23T22:29:08.000Z</time><extensions><gpxtpx:TrackPointExtension><gpxtpx:hr>129</gpxtpx:hr></gpxtpx:TrackPointExtension></extensions></trkpt>
      <trkpt lat="40.672663" lon="-73.966989"><ele>51</ele><time>2026-09-23T22:29:09.000Z</time><extensions><gpxtpx:TrackPointExtension><gpxtpx:hr>129</gpxtpx:hr></gpxtpx:TrackPointExtension></extensions></trkpt>
      <trkpt lat="40.672658" lon="-73.966961"><ele>51</ele><time>2026-09-23T22:29:10.000Z</time><extensions><gpxtpx:TrackPointExtension><gpxtpx:hr>130</gpxtpx:hr></gpxtpx:TrackPointExtension></extensions></trkpt>
      <trkpt lat="40.672654" lon="-73.966932"><ele>51</ele><time>2026-09-23T22:29:11.000Z</time><extensions><gpxtpx:TrackPointExtension><gpxtpx:hr>130</gpxtpx:hr></gpxtpx:TrackPointExtension></extensions></trkpt>
      <trkpt lat="40.67265" lon="-73.966905"><ele>51</ele><time>2026-09-23T22:29:12.000Z</time><extensions><gpxtpx:TrackPointExtension><gpxtpx:hr>130</gpxtpx:hr></gpxtpx:TrackPointExtension></extensions></trkpt>
      <trkpt lat="40.672643" lon="-73.966878"><ele>51</ele><time>2026-09-23T22:29:13.000Z</time><extensions><gpxtpx:TrackPointExtension><gpxtpx:hr>130</gpxtpx:hr></gpxtpx:TrackPointExtension></extensions></trkpt>
      <trkpt lat="40.672639" lon="-73.966849"><ele>51</ele><time>2026-09-23T22:29:14.000Z</time><extensions><gpxtpx:TrackPointExtension><gpxtpx:hr>130</gpxtpx:hr></gpxtpx:TrackPointExtension></extensions></trkpt>
      <trkpt lat="40.672635" lon="-73.966822"><ele>50.8</ele><time>2026-09-23T22:29:15.000Z</time><extensions><gpxtpx:TrackPointExtension><gpxtpx:hr>130</gpxtpx:hr></gpxtpx:TrackPointExtension></extensions></trkpt>
      <trkpt lat="40.67263" lon="-73.966795"><ele>50.6</ele><time>2026-09-23T22:29:16.000Z</time><extensions><gpxtpx:TrackPointExtension><gpxtpx:hr>131</gpxtpx:hr></gpxtpx:TrackPointExtension></extensions></trkpt>
      <trkpt lat="40.672622" lon="-73.96677"><ele>50.6</ele><time>2026-09-23T22:29:17.000Z</time><extensions><gpxtpx:TrackPointExtension><gpxtpx:hr>132</gpxtpx:hr></gpxtpx:TrackPointExtension></extensions></trkpt>
      <trkpt lat="40.672618" lon="-73.966746"><ele>50.6</ele><time>2026-09-23T22:29:18.000Z</time><extensions><gpxtpx:TrackPointExtension><gpxtpx:hr>132</gpxtpx:hr></gpxtpx:TrackPointExtension></extensions></trkpt>
      <trkpt lat="40.672608" lon="-73.96672"><ele>50.8</ele><time>2026-09-23T22:29:19.000Z</time><extensions><gpxtpx:TrackPointExtension><gpxtpx:hr>132</gpxtpx:hr></gpxtpx:TrackPointExtension></extensions></trkpt>
      <trkpt lat="40.672604" lon="-73.966692"><ele>51</ele><time>2026-09-23T22:29:20.000Z</time><extensions><gpxtpx:TrackPointExtension><gpxtpx:hr>132</gpxtpx:hr></gpxtpx:TrackPointExtension></extensions></trkpt>
      <trkpt lat="40.672597" lon="-73.966664"><ele>51.4</ele><time>2026-09-23T22:29:21.000Z</time><extensions><gpxtpx:TrackPointExtension><gpxtpx:hr>132</gpxtpx:hr></gpxtpx:TrackPointExtension></extensions></trkpt>
      <trkpt lat="40.672589" lon="-73.966639"><ele>51.6</ele><time>2026-09-23T22:29:22.000Z</time><extensions><gpxtpx:TrackPointExtension><gpxtpx:hr>132</gpxtpx:hr></gpxtpx:TrackPointExtension></extensions></trkpt>
      <trkpt lat="40.672581" lon="-73.966613"><ele>51.8</ele><time>2026-09-23T22:29:23.000Z</time><extensions><gpxtpx:TrackPointExtension><gpxtpx:hr>131</gpxtpx:hr></gpxtpx:TrackPointExtension></extensions></trkpt>
      <trkpt lat="40.672578" lon="-73.966592"><ele>51.8</ele><time>2026-09-23T22:29:24.000Z</time><extensions><gpxtpx:TrackPointExtension><gpxtpx:hr>131</gpxtpx:hr></gpxtpx:TrackPointExtension></extensions></trkpt>
      <trkpt lat="40.672571" lon="-73.966565"><ele>52</ele><time>2026-09-23T22:29:25.000Z</time><extensions><gpxtpx:TrackPointExtension><gpxtpx:hr>131</gpxtpx:hr></gpxtpx:TrackPointExtension></extensions></trkpt>
      <trkpt lat="40.672569" lon="-73.966543"><ele>52</ele><time>2026-09-23T22:29:26.000Z</time><extensions><gpxtpx:TrackPointExtension><gpxtpx:hr>131</gpxtpx:hr></gpxtpx:TrackPointExtension></extensions></trkpt>
      <trkpt lat="40.672562" lon="-73.966512"><ele>52.2</ele><time>2026-09-23T22:29:27.000Z</time><extensions><gpxtpx:TrackPointExtension><gpxtpx:hr>131</gpxtpx:hr></gpxtpx:TrackPointExtension></extensions></trkpt>
      <trkpt lat="40.67256" lon="-73.966486"><ele>52.2</ele><time>2026-09-23T22:29:28.000Z</time><extensions><gpxtpx:TrackPointExtension><gpxtpx:hr>131</gpxtpx:hr></gpxtpx:TrackPointExtension></extensions></trkpt>
      <trkpt lat="40.672552" lon="-73.966457"><ele>52.4</ele><time>2026-09-23T22:29:29.000Z</time><extensions><gpxtpx:TrackPointExtension><gpxtpx:hr>131</gpxtpx:hr></gpxtpx:TrackPointExtension></extensions></trkpt>
      <trkpt lat="40.672548" lon="-73.966434"><ele>52.4</ele><time>2026-09-23T22:29:30.000Z</time><extensions><gpxtpx:TrackPointExtension><gpxtpx:hr>131</gpxtpx:hr></gpxtpx:TrackPointExtension></extensions></trkpt>
      <trkpt lat="40.672536" lon="-73.966406"><ele>52.6</ele><time>2026-09-23T22:29:31.000Z</time><extensions><gpxtpx:TrackPointExtension><gpxtpx:hr>131</gpxtpx:hr></gpxtpx:TrackPointExtension></extensions></trkpt>
      <trkpt lat="40.67253" lon="-73.966387"><ele>52.6</ele><time>2026-09-23T22:29:32.000Z</time><extensions><gpxtpx:TrackPointExtension><gpxtpx:hr>130</gpxtpx:hr></gpxtpx:TrackPointExtension></extensions></trkpt>
      <trkpt lat="40.672517" lon="-73.966358"><ele>52.6</ele><time>2026-09-23T22:29:33.000Z</time><extensions><gpxtpx:TrackPointExtension><gpxtpx:hr>130</gpxtpx:hr></gpxtpx:TrackPointExtension></extensions></trkpt>
      <trkpt lat="40.672513" lon="-73.966334"><ele>52.6</ele><time>2026-09-23T22:29:34.000Z</time><extensions><gpxtpx:TrackPointExtension><gpxtpx:hr>130</gpxtpx:hr></gpxtpx:TrackPointExtension></extensions></trkpt>
      <trkpt lat="40.67251" lon="-73.966306"><ele>52.6</ele><time>2026-09-23T22:29:35.000Z</time><extensions><gpxtpx:TrackPointExtension><gpxtpx:hr>130</gpxtpx:hr></gpxtpx:TrackPointExtension></extensions></trkpt>
      <trkpt lat="40.672507" lon="-73.966282"><ele>52.6</ele><time>2026-09-23T22:29:36.000Z</time><extensions><gpxtpx:TrackPointExtension><gpxtpx:hr>130</gpxtpx:hr></gpxtpx:TrackPointExtension></extensions></trkpt>
      <trkpt lat="40.672495" lon="-73.966251"><ele>52.8</ele><time>2026-09-23T22:29:37.000Z</time><extensions><gpxtpx:TrackPointExtension><gpxtpx:hr>131</gpxtpx:hr></gpxtpx:TrackPointExtension></extensions></trkpt>
      <trkpt lat="40.67249" lon="-73.966226"><ele>52.8</ele><time>2026-09-23T22:29:38.000Z</time><extensions><gpxtpx:TrackPointExtension><gpxtpx:hr>131</gpxtpx:hr></gpxtpx:TrackPointExtension></extensions></trkpt>
      <trkpt lat="40.672482" lon="-73.966191"><ele>52.8</ele><time>2026-09-23T22:29:39.000Z</time><extensions><gpxtpx:TrackPointExtension><gpxtpx:hr>131</gpxtpx:hr></gpxtpx:TrackPointExtension></extensions></trkpt>
      <trkpt lat="40.672478" lon="-73.966168"><ele>52.8</ele><time>2026-09-23T22:29:40.000Z</time><extensions><gpxtpx:TrackPointExtension><gpxtpx:hr>131</gpxtpx:hr></gpxtpx:TrackPointExtension></extensions></trkpt>
      <trkpt lat="40.672474" lon="-73.966138"><ele>52.8</ele><time>2026-09-23T22:29:41.000Z</time><extensions><gpxtpx:TrackPointExtension><gpxtpx:hr>131</gpxtpx:hr></gpxtpx:TrackPointExtension></extensions></trkpt>
      <trkpt lat="40.672464" lon="-73.966109"><ele>52.8</ele><time>2026-09-23T22:29:42.000Z</time><extensions><gpxtpx:TrackPointExtension><gpxtpx:hr>131</gpxtpx:hr></gpxtpx:TrackPointExtension></extensions></trkpt>
      <trkpt lat="40.672456" lon="-73.966082"><ele>52.8</ele><time>2026-09-23T22:29:43.000Z</time><extensions><gpxtpx:TrackPointExtension><gpxtpx:hr>131</gpxtpx:hr></gpxtpx:TrackPointExtension></extensions></trkpt>
      <trkpt lat="40.672449" lon="-73.966052"><ele>52.8</ele><time>2026-09-23T22:29:44.000Z</time><extensions><gpxtpx:TrackPointExtension><gpxtpx:hr>131</gpxtpx:hr></gpxtpx:TrackPointExtension></extensions></trkpt>
      <trkpt lat="40.672447" lon="-73.96603"><ele>52.8</ele><time>2026-09-23T22:29:45.000Z</time><extensions><gpxtpx:TrackPointExtension><gpxtpx:hr>131</gpxtpx:hr></gpxtpx:TrackPointExtension></extensions></trkpt>
      <trkpt lat="40.672436" lon="-73.966"><ele>53</ele><time>2026-09-23T22:29:46.000Z</time><extensions><gpxtpx:TrackPointExtension><gpxtpx:hr>131</gpxtpx:hr></gpxtpx:TrackPointExtension></extensions></trkpt>
      <trkpt lat="40.672431" lon="-73.965975"><ele>53</ele><time>2026-09-23T22:29:47.000Z</time><extensions><gpxtpx:TrackPointExtension><gpxtpx:hr>132</gpxtpx:hr></gpxtpx:TrackPointExtension></extensions></trkpt>
      <trkpt lat="40.672418" lon="-73.965947"><ele>53.2</ele><time>2026-09-23T22:29:48.000Z</time><extensions><gpxtpx:TrackPointExtension><gpxtpx:hr>131</gpxtpx:hr></gpxtpx:TrackPointExtension></extensions></trkpt>
      <trkpt lat="40.672415" lon="-73.965926"><ele>53.4</ele><time>2026-09-23T22:29:49.000Z</time><extensions><gpxtpx:TrackPointExtension><gpxtpx:hr>131</gpxtpx:hr></gpxtpx:TrackPointExtension></extensions></trkpt>
      <trkpt lat="40.672404" lon="-73.965896"><ele>53.6</ele><time>2026-09-23T22:29:50.000Z</time><extensions><gpxtpx:TrackPointExtension><gpxtpx:hr>131</gpxtpx:hr></gpxtpx:TrackPointExtension></extensions></trkpt>
      <trkpt lat="40.672394" lon="-73.965875"><ele>53.8</ele><time>2026-09-23T22:29:51.000Z</time><extensions><gpxtpx:TrackPointExtension><gpxtpx:hr>131</gpxtpx:hr></gpxtpx:TrackPointExtension></extensions></trkpt>
      <trkpt lat="40.672382" lon="-73.965847"><ele>54</ele><time>2026-09-23T22:29:52.000Z</time><extensions><gpxtpx:TrackPointExtension><gpxtpx:hr>131</gpxtpx:hr></gpxtpx:TrackPointExtension></extensions></trkpt>
      <trkpt lat="40.672368" lon="-73.965823"><ele>54.2</ele><time>2026-09-23T22:29:53.000Z</time><extensions><gpxtpx:TrackPointExtension><gpxtpx:hr>131</gpxtpx:hr></gpxtpx:TrackPointExtension></extensions></trkpt>
      <trkpt lat="40.67236" lon="-73.965798"><ele>54.4</ele><time>2026-09-23T22:29:54.000Z</time><extensions><gpxtpx:TrackPointExtension><gpxtpx:hr>131</gpxtpx:hr></gpxtpx:TrackPointExtension></extensions></trkpt>
      <trkpt lat="40.67235" lon="-73.965771"><ele>54.4</ele><time>2026-09-23T22:29:55.000Z</time><extensions><gpxtpx:TrackPointExtension><gpxtpx:hr>131</gpxtpx:hr></gpxtpx:TrackPointExtension></extensions></trkpt>
      <trkpt lat="40.672346" lon="-73.965746"><ele>54.4</ele><time>2026-09-23T22:29:56.000Z</time><extensions><gpxtpx:TrackPointExtension><gpxtpx:hr>131</gpxtpx:hr></gpxtpx:TrackPointExtension></extensions></trkpt>
      <trkpt lat="40.672333" lon="-73.965719"><ele>54.6</ele><time>2026-09-23T22:29:57.000Z</time><extensions><gpxtpx:TrackPointExtension><gpxtpx:hr>131</gpxtpx:hr></gpxtpx:TrackPointExtension></extensions></trkpt>
      <trkpt lat="40.672328" lon="-73.965694"><ele>54.4</ele><time>2026-09-23T22:29:58.000Z</time><extensions><gpxtpx:TrackPointExtension><gpxtpx:hr>131</gpxtpx:hr></gpxtpx:TrackPointExtension></extensions></trkpt>
      <trkpt lat="40.672322" lon="-73.965664"><ele>54.4</ele><time>2026-09-23T22:29:59.000Z</time><extensions><gpxtpx:TrackPointExtension><gpxtpx:hr>131</gpxtpx:hr></gpxtpx:TrackPointExtension></extensions></trkpt>
      <trkpt lat="40.672319" lon="-73.96564"><ele>54.6</ele><time>2026-09-23T22:30:00.000Z</time><extensions><gpxtpx:TrackPointExtension><gpxtpx:hr>131</gpxtpx:hr></gpxtpx:TrackPointExtension></extensions></trkpt>
      <trkpt lat="40.672311" lon="-73.965609"><ele>54.6</ele><time>2026-09-23T22:30:01.000Z</time><extensions><gpxtpx:TrackPointExtension><gpxtpx:hr>131</gpxtpx:hr></gpxtpx:TrackPointExtension></extensions></trkpt>
      <trkpt lat="40.672303" lon="-73.965585"><ele>54.6</ele><time>2026-09-23T22:30:02.000Z</time><extensions><gpxtpx:TrackPointExtension><gpxtpx:hr>132</gpxtpx:hr></gpxtpx:TrackPointExtension></extensions></trkpt>
      <trkpt lat="40.672296" lon="-73.965557"><ele>54.8</ele><time>2026-09-23T22:30:03.000Z</time><extensions><gpxtpx:TrackPointExtension><gpxtpx:hr>133</gpxtpx:hr></gpxtpx:TrackPointExtension></extensions></trkpt>
      <trkpt lat="40.672294" lon="-73.965532"><ele>54.8</ele><time>2026-09-23T22:30:04.000Z</time><extensions><gpxtpx:TrackPointExtension><gpxtpx:hr>134</gpxtpx:hr></gpxtpx:TrackPointExtension></extensions></trkpt>
      <trkpt lat="40.672286" lon="-73.965499"><ele>54.8</ele><time>2026-09-23T22:30:05.000Z</time><extensions><gpxtpx:TrackPointExtension><gpxtpx:hr>135</gpxtpx:hr></gpxtpx:TrackPointExtension></extensions></trkpt>
      <trkpt lat="40.672283" lon="-73.965478"><ele>54.8</ele><time>2026-09-23T22:30:06.000Z</time><extensions><gpxtpx:TrackPointExtension><gpxtpx:hr>135</gpxtpx:hr></gpxtpx:TrackPointExtension></extensions></trkpt>
      <trkpt lat="40.672277" lon="-73.965445"><ele>54.8</ele><time>2026-09-23T22:30:07.000Z</time><extensions><gpxtpx:TrackPointExtension><gpxtpx:hr>135</gpxtpx:hr></gpxtpx:TrackPointExtension></extensions></trkpt>
      <trkpt lat="40.672272" lon="-73.965419"><ele>54.8</ele><time>2026-09-23T22:30:08.000Z</time><extensions><gpxtpx:TrackPointExtension><gpxtpx:hr>135</gpxtpx:hr></gpxtpx:TrackPointExtension></extensions></trkpt>
      <trkpt lat="40.672269" lon="-73.965384"><ele>55</ele><time>2026-09-23T22:30:09.000Z</time><extensions><gpxtpx:TrackPointExtension><gpxtpx:hr>135</gpxtpx:hr></gpxtpx:TrackPointExtension></extensions></trkpt>
      <trkpt lat="40.67226" lon="-73.965353"><ele>55.2</ele><time>2026-09-23T22:30:10.000Z</time><extensions><gpxtpx:TrackPointExtension><gpxtpx:hr>135</gpxtpx:hr></gpxtpx:TrackPointExtension></extensions></trkpt>
      <trkpt lat="40.672245" lon="-73.965328"><ele>55.2</ele><time>2026-09-23T22:30:11.000Z</time><extensions><gpxtpx:TrackPointExtension><gpxtpx:hr>135</gpxtpx:hr></gpxtpx:TrackPointExtension></extensions></trkpt>
      <trkpt lat="40.672229" lon="-73.965302"><ele>55.2</ele><time>2026-09-23T22:30:12.000Z</time><extensions><gpxtpx:TrackPointExtension><gpxtpx:hr>134</gpxtpx:hr></gpxtpx:TrackPointExtension></extensions></trkpt>
      <trkpt lat="40.67222" lon="-73.965274"><ele>55.4</ele><time>2026-09-23T22:30:13.000Z</time><extensions><gpxtpx:TrackPointExtension><gpxtpx:hr>134</gpxtpx:hr></gpxtpx:TrackPointExtension></extensions></trkpt>
      <trkpt lat="40.672209" lon="-73.96524"><ele>55.4</ele><time>2026-09-23T22:30:14.000Z</time><extensions><gpxtpx:TrackPointExtension><gpxtpx:hr>133</gpxtpx:hr></gpxtpx:TrackPointExtension></extensions></trkpt>
      <trkpt lat="40.672202" lon="-73.965211"><ele>55.2</ele><time>2026-09-23T22:30:15.000Z</time><extensions><gpxtpx:TrackPointExtension><gpxtpx:hr>133</gpxtpx:hr></gpxtpx:TrackPointExtension></extensions></trkpt>
      <trkpt lat="40.672196" lon="-73.965179"><ele>55.4</ele><time>2026-09-23T22:30:16.000Z</time><extensions><gpxtpx:TrackPointExtension><gpxtpx:hr>133</gpxtpx:hr></gpxtpx:TrackPointExtension></extensions></trkpt>
      <trkpt lat="40.672187" lon="-73.965153"><ele>55.4</ele><time>2026-09-23T22:30:17.000Z</time><extensions><gpxtpx:TrackPointExtension><gpxtpx:hr>133</gpxtpx:hr></gpxtpx:TrackPointExtension></extensions></trkpt>
      <trkpt lat="40.672173" lon="-73.965119"><ele>55.4</ele><time>2026-09-23T22:30:18.000Z</time><extensions><gpxtpx:TrackPointExtension><gpxtpx:hr>133</gpxtpx:hr></gpxtpx:TrackPointExtension></extensions></trkpt>
      <trkpt lat="40.672167" lon="-73.96509"><ele>55.4</ele><time>2026-09-23T22:30:19.000Z</time><extensions><gpxtpx:TrackPointExtension><gpxtpx:hr>134</gpxtpx:hr></gpxtpx:TrackPointExtension></extensions></trkpt>
      <trkpt lat="40.672155" lon="-73.965059"><ele>55.4</ele><time>2026-09-23T22:30:20.000Z</time><extensions><gpxtpx:TrackPointExtension><gpxtpx:hr>134</gpxtpx:hr></gpxtpx:TrackPointExtension></extensions></trkpt>
      <trkpt lat="40.672147" lon="-73.965031"><ele>55.4</ele><time>2026-09-23T22:30:21.000Z</time><extensions><gpxtpx:TrackPointExtension><gpxtpx:hr>135</gpxtpx:hr></gpxtpx:TrackPointExtension></extensions></trkpt>
      <trkpt lat="40.672135" lon="-73.965"><ele>55.2</ele><time>2026-09-23T22:30:22.000Z</time><extensions><gpxtpx:TrackPointExtension><gpxtpx:hr>135</gpxtpx:hr></gpxtpx:TrackPointExtension></extensions></trkpt>
      <trkpt lat="40.672125" lon="-73.964972"><ele>55.2</ele><time>2026-09-23T22:30:23.000Z</time><extensions><gpxtpx:TrackPointExtension><gpxtpx:hr>135</gpxtpx:hr></gpxtpx:TrackPointExtension></extensions></trkpt>
      <trkpt lat="40.672113" lon="-73.96494"><ele>55.2</ele><time>2026-09-23T22:30:24.000Z</time><extensions><gpxtpx:TrackPointExtension><gpxtpx:hr>135</gpxtpx:hr></gpxtpx:TrackPointExtension></extensions></trkpt>
      <trkpt lat="40.672101" lon="-73.964913"><ele>55.2</ele><time>2026-09-23T22:30:25.000Z</time><extensions><gpxtpx:TrackPointExtension><gpxtpx:hr>134</gpxtpx:hr></gpxtpx:TrackPointExtension></extensions></trkpt>
      <trkpt lat="40.672089" lon="-73.964883"><ele>55.2</ele><time>2026-09-23T22:30:26.000Z</time><extensions><gpxtpx:TrackPointExtension><gpxtpx:hr>134</gpxtpx:hr></gpxtpx:TrackPointExtension></extensions></trkpt>
      <trkpt lat="40.672077" lon="-73.964859"><ele>55.2</ele><time>2026-09-23T22:30:27.000Z</time><extensions><gpxtpx:TrackPointExtension><gpxtpx:hr>134</gpxtpx:hr></gpxtpx:TrackPointExtension></extensions></trkpt>
      <trkpt lat="40.672069" lon="-73.964829"><ele>55.2</ele><time>2026-09-23T22:30:28.000Z</time><extensions><gpxtpx:TrackPointExtension><gpxtpx:hr>134</gpxtpx:hr></gpxtpx:TrackPointExtension></extensions></trkpt>
      <trkpt lat="40.672057" lon="-73.964804"><ele>55.2</ele><time>2026-09-23T22:30:29.000Z</time><extensions><gpxtpx:TrackPointExtension><gpxtpx:hr>134</gpxtpx:hr></gpxtpx:TrackPointExtension></extensions></trkpt>
      <trkpt lat="40.672047" lon="-73.964775"><ele>55.4</ele><time>2026-09-23T22:30:30.000Z</time><extensions><gpxtpx:TrackPointExtension><gpxtpx:hr>133</gpxtpx:hr></gpxtpx:TrackPointExtension></extensions></trkpt>
      <trkpt lat="40.672034" lon="-73.96475"><ele>55.4</ele><time>2026-09-23T22:30:31.000Z</time><extensions><gpxtpx:TrackPointExtension><gpxtpx:hr>133</gpxtpx:hr></gpxtpx:TrackPointExtension></extensions></trkpt>
      <trkpt lat="40.672027" lon="-73.964723"><ele>55.6</ele><time>2026-09-23T22:30:32.000Z</time><extensions><gpxtpx:TrackPointExtension><gpxtpx:hr>133</gpxtpx:hr></gpxtpx:TrackPointExtension></extensions></trkpt>
      <trkpt lat="40.672015" lon="-73.964692"><ele>55.8</ele><time>2026-09-23T22:30:33.000Z</time><extensions><gpxtpx:TrackPointExtension><gpxtpx:hr>132</gpxtpx:hr></gpxtpx:TrackPointExtension></extensions></trkpt>
      <trkpt lat="40.672008" lon="-73.964666"><ele>55.8</ele><time>2026-09-23T22:30:34.000Z</time><extensions><gpxtpx:TrackPointExtension><gpxtpx:hr>132</gpxtpx:hr></gpxtpx:TrackPointExtension></extensions></trkpt>
      <trkpt lat="40.671999" lon="-73.964635"><ele>55.8</ele><time>2026-09-23T22:30:35.000Z</time><extensions><gpxtpx:TrackPointExtension><gpxtpx:hr>131</gpxtpx:hr></gpxtpx:TrackPointExtension></extensions></trkpt>
      <trkpt lat="40.671994" lon="-73.964609"><ele>55.8</ele><time>2026-09-23T22:30:36.000Z</time><extensions><gpxtpx:TrackPointExtension><gpxtpx:hr>131</gpxtpx:hr></gpxtpx:TrackPointExtension></extensions></trkpt>
      <trkpt lat="40.671987" lon="-73.964579"><ele>55.6</ele><time>2026-09-23T22:30:37.000Z</time><extensions><gpxtpx:TrackPointExtension><gpxtpx:hr>131</gpxtpx:hr></gpxtpx:TrackPointExtension></extensions></trkpt>
      <trkpt lat="40.671985" lon="-73.964552"><ele>55.6</ele><time>2026-09-23T22:30:38.000Z</time><extensions><gpxtpx:TrackPointExtension><gpxtpx:hr>131</gpxtpx:hr></gpxtpx:TrackPointExtension></extensions></trkpt>
      <trkpt lat="40.67198" lon="-73.964517"><ele>55.8</ele><time>2026-09-23T22:30:39.000Z</time><extensions><gpxtpx:TrackPointExtension><gpxtpx:hr>131</gpxtpx:hr></gpxtpx:TrackPointExtension></extensions></trkpt>
      <trkpt lat="40.671976" lon="-73.964488"><ele>56</ele><time>2026-09-23T22:30:40.000Z</time><extensions><gpxtpx:TrackPointExtension><gpxtpx:hr>130</gpxtpx:hr></gpxtpx:TrackPointExtension></extensions></trkpt>
      <trkpt lat="40.671966" lon="-73.96445"><ele>56.2</ele><time>2026-09-23T22:30:41.000Z</time><extensions><gpxtpx:TrackPointExtension><gpxtpx:hr>130</gpxtpx:hr></gpxtpx:TrackPointExtension></extensions></trkpt>
      <trkpt lat="40.671957" lon="-73.964425"><ele>56.2</ele><time>2026-09-23T22:30:42.000Z</time><extensions><gpxtpx:TrackPointExtension><gpxtpx:hr>130</gpxtpx:hr></gpxtpx:TrackPointExtension></extensions></trkpt>
      <trkpt lat="40.671948" lon="-73.964397"><ele>56.2</ele><time>2026-09-23T22:30:43.000Z</time><extensions><gpxtpx:TrackPointExtension><gpxtpx:hr>130</gpxtpx:hr></gpxtpx:TrackPointExtension></extensions></trkpt>
      <trkpt lat="40.671938" lon="-73.964368"><ele>56</ele><time>2026-09-23T22:30:44.000Z</time><extensions><gpxtpx:TrackPointExtension><gpxtpx:hr>130</gpxtpx:hr></gpxtpx:TrackPointExtension></extensions></trkpt>
      <trkpt lat="40.671927" lon="-73.96434"><ele>55.6</ele><time>2026-09-23T22:30:45.000Z</time><extensions><gpxtpx:TrackPointExtension><gpxtpx:hr>130</gpxtpx:hr></gpxtpx:TrackPointExtension></extensions></trkpt>
      <trkpt lat="40.67191" lon="-73.964312"><ele>55</ele><time>2026-09-23T22:30:46.000Z</time><extensions><gpxtpx:TrackPointExtension><gpxtpx:hr>130</gpxtpx:hr></gpxtpx:TrackPointExtension></extensions></trkpt>
      <trkpt lat="40.6719" lon="-73.964286"><ele>54.6</ele><time>2026-09-23T22:30:47.000Z</time><extensions><gpxtpx:TrackPointExtension><gpxtpx:hr>130</gpxtpx:hr></gpxtpx:TrackPointExtension></extensions></trkpt>
      <trkpt lat="40.671887" lon="-73.964256"><ele>54.4</ele><time>2026-09-23T22:30:48.000Z</time><extensions><gpxtpx:TrackPointExtension><gpxtpx:hr>130</gpxtpx:hr></gpxtpx:TrackPointExtension></extensions></trkpt>
      <trkpt lat="40.671883" lon="-73.96423"><ele>54.2</ele><time>2026-09-23T22:30:49.000Z</time><extensions><gpxtpx:TrackPointExtension><gpxtpx:hr>130</gpxtpx:hr></gpxtpx:TrackPointExtension></extensions></trkpt>
      <trkpt lat="40.671872" lon="-73.964198"><ele>54.2</ele><time>2026-09-23T22:30:50.000Z</time><extensions><gpxtpx:TrackPointExtension><gpxtpx:hr>129</gpxtpx:hr></gpxtpx:TrackPointExtension></extensions></trkpt>
      <trkpt lat="40.671868" lon="-73.964172"><ele>54.2</ele><time>2026-09-23T22:30:51.000Z</time><extensions><gpxtpx:TrackPointExtension><gpxtpx:hr>129</gpxtpx:hr></gpxtpx:TrackPointExtension></extensions></trkpt>
      <trkpt lat="40.671859" lon="-73.964138"><ele>54</ele><time>2026-09-23T22:30:52.000Z</time><extensions><gpxtpx:TrackPointExtension><gpxtpx:hr>129</gpxtpx:hr></gpxtpx:TrackPointExtension></extensions></trkpt>
      <trkpt lat="40.671853" lon="-73.964113"><ele>54</ele><time>2026-09-23T22:30:53.000Z</time><extensions><gpxtpx:TrackPointExtension><gpxtpx:hr>129</gpxtpx:hr></gpxtpx:TrackPointExtension></extensions></trkpt>
      <trkpt lat="40.671845" lon="-73.964079"><ele>54</ele><time>2026-09-23T22:30:54.000Z</time><extensions><gpxtpx:TrackPointExtension><gpxtpx:hr>129</gpxtpx:hr></gpxtpx:TrackPointExtension></extensions></trkpt>
      <trkpt lat="40.671843" lon="-73.964048"><ele>54</ele><time>2026-09-23T22:30:55.000Z</time><extensions><gpxtpx:TrackPointExtension><gpxtpx:hr>130</gpxtpx:hr></gpxtpx:TrackPointExtension></extensions></trkpt>
      <trkpt lat="40.671833" lon="-73.96401"><ele>54</ele><time>2026-09-23T22:30:56.000Z</time><extensions><gpxtpx:TrackPointExtension><gpxtpx:hr>129</gpxtpx:hr></gpxtpx:TrackPointExtension></extensions></trkpt>
      <trkpt lat="40.67183" lon="-73.963982"><ele>54</ele><time>2026-09-23T22:30:57.000Z</time><extensions><gpxtpx:TrackPointExtension><gpxtpx:hr>128</gpxtpx:hr></gpxtpx:TrackPointExtension></extensions></trkpt>
      <trkpt lat="40.671821" lon="-73.963947"><ele>53.6</ele><time>2026-09-23T22:30:58.000Z</time><extensions><gpxtpx:TrackPointExtension><gpxtpx:hr>128</gpxtpx:hr></gpxtpx:TrackPointExtension></extensions></trkpt>
      <trkpt lat="40.671813" lon="-73.96392"><ele>53.2</ele><time>2026-09-23T22:30:59.000Z</time><extensions><gpxtpx:TrackPointExtension><gpxtpx:hr>127</gpxtpx:hr></gpxtpx:TrackPointExtension></extensions></trkpt>
      <trkpt lat="40.671803" lon="-73.963887"><ele>53</ele><time>2026-09-23T22:31:00.000Z</time><extensions><gpxtpx:TrackPointExtension><gpxtpx:hr>127</gpxtpx:hr></gpxtpx:TrackPointExtension></extensions></trkpt>
      <trkpt lat="40.671797" lon="-73.963863"><ele>53</ele><time>2026-09-23T22:31:01.000Z</time><extensions><gpxtpx:TrackPointExtension><gpxtpx:hr>127</gpxtpx:hr></gpxtpx:TrackPointExtension></extensions></trkpt>
      <trkpt lat="40.671788" lon="-73.963832"><ele>53</ele><time>2026-09-23T22:31:02.000Z</time><extensions><gpxtpx:TrackPointExtension><gpxtpx:hr>127</gpxtpx:hr></gpxtpx:TrackPointExtension></extensions></trkpt>
      <trkpt lat="40.671783" lon="-73.963804"><ele>53.2</ele><time>2026-09-23T22:31:03.000Z</time><extensions><gpxtpx:TrackPointExtension><gpxtpx:hr>127</gpxtpx:hr></gpxtpx:TrackPointExtension></extensions></trkpt>
      <trkpt lat="40.671777" lon="-73.963771"><ele>53.6</ele><time>2026-09-23T22:31:04.000Z</time><extensions><gpxtpx:TrackPointExtension><gpxtpx:hr>127</gpxtpx:hr></gpxtpx:TrackPointExtension></extensions></trkpt>
      <trkpt lat="40.671769" lon="-73.96374"><ele>53.8</ele><time>2026-09-23T22:31:05.000Z</time><extensions><gpxtpx:TrackPointExtension><gpxtpx:hr>127</gpxtpx:hr></gpxtpx:TrackPointExtension></extensions></trkpt>
      <trkpt lat="40.671763" lon="-73.963711"><ele>54</ele><time>2026-09-23T22:31:06.000Z</time><extensions><gpxtpx:TrackPointExtension><gpxtpx:hr>127</gpxtpx:hr></gpxtpx:TrackPointExtension></extensions></trkpt>
      <trkpt lat="40.671749" lon="-73.963679"><ele>54.4</ele><time>2026-09-23T22:31:07.000Z</time><extensions><gpxtpx:TrackPointExtension><gpxtpx:hr>127</gpxtpx:hr></gpxtpx:TrackPointExtension></extensions></trkpt>
      <trkpt lat="40.671738" lon="-73.963649"><ele>54.6</ele><time>2026-09-23T22:31:08.000Z</time><extensions><gpxtpx:TrackPointExtension><gpxtpx:hr>127</gpxtpx:hr></gpxtpx:TrackPointExtension></extensions></trkpt>
      <trkpt lat="40.671728" lon="-73.963615"><ele>54.4</ele><time>2026-09-23T22:31:09.000Z</time><extensions><gpxtpx:TrackPointExtension><gpxtpx:hr>127</gpxtpx:hr></gpxtpx:TrackPointExtension></extensions></trkpt>
      <trkpt lat="40.671724" lon="-73.963589"><ele>54</ele><time>2026-09-23T22:31:10.000Z</time><extensions><gpxtpx:TrackPointExtension><gpxtpx:hr>127</gpxtpx:hr></gpxtpx:TrackPointExtension></extensions></trkpt>
      <trkpt lat="40.671712" lon="-73.963552"><ele>53.8</ele><time>2026-09-23T22:31:11.000Z</time><extensions><gpxtpx:TrackPointExtension><gpxtpx:hr>127</gpxtpx:hr></gpxtpx:TrackPointExtension></extensions></trkpt>
      <trkpt lat="40.671704" lon="-73.963523"><ele>53.4</ele><time>2026-09-23T22:31:12.000Z</time><extensions><gpxtpx:TrackPointExtension><gpxtpx:hr>128</gpxtpx:hr></gpxtpx:TrackPointExtension></extensions></trkpt>
      <trkpt lat="40.671694" lon="-73.963489"><ele>53.4</ele><time>2026-09-23T22:31:13.000Z</time><extensions><gpxtpx:TrackPointExtension><gpxtpx:hr>128</gpxtpx:hr></gpxtpx:TrackPointExtension></extensions></trkpt>
      <trkpt lat="40.671687" lon="-73.963459"><ele>53.4</ele><time>2026-09-23T22:31:14.000Z</time><extensions><gpxtpx:TrackPointExtension><gpxtpx:hr>129</gpxtpx:hr></gpxtpx:TrackPointExtension></extensions></trkpt>
      <trkpt lat="40.671675" lon="-73.963424"><ele>53.4</ele><time>2026-09-23T22:31:15.000Z</time><extensions><gpxtpx:TrackPointExtension><gpxtpx:hr>129</gpxtpx:hr></gpxtpx:TrackPointExtension></extensions></trkpt>
      <trkpt lat="40.671666" lon="-73.963397"><ele>53.4</ele><time>2026-09-23T22:31:16.000Z</time><extensions><gpxtpx:TrackPointExtension><gpxtpx:hr>129</gpxtpx:hr></gpxtpx:TrackPointExtension></extensions></trkpt>
      <trkpt lat="40.671653" lon="-73.963362"><ele>53.4</ele><time>2026-09-23T22:31:17.000Z</time><extensions><gpxtpx:TrackPointExtension><gpxtpx:hr>129</gpxtpx:hr></gpxtpx:TrackPointExtension></extensions></trkpt>
      <trkpt lat="40.671635" lon="-73.963334"><ele>53.4</ele><time>2026-09-23T22:31:18.000Z</time><extensions><gpxtpx:TrackPointExtension><gpxtpx:hr>129</gpxtpx:hr></gpxtpx:TrackPointExtension></extensions></trkpt>
      <trkpt lat="40.671624" lon="-73.9633"><ele>53.4</ele><time>2026-09-23T22:31:19.000Z</time><extensions><gpxtpx:TrackPointExtension><gpxtpx:hr>128</gpxtpx:hr></gpxtpx:TrackPointExtension></extensions></trkpt>
      <trkpt lat="40.671615" lon="-73.963266"><ele>53.4</ele><time>2026-09-23T22:31:20.000Z</time><extensions><gpxtpx:TrackPointExtension><gpxtpx:hr>128</gpxtpx:hr></gpxtpx:TrackPointExtension></extensions></trkpt>
      <trkpt lat="40.671609" lon="-73.963234"><ele>53.4</ele><time>2026-09-23T22:31:21.000Z</time><extensions><gpxtpx:TrackPointExtension><gpxtpx:hr>127</gpxtpx:hr></gpxtpx:TrackPointExtension></extensions></trkpt>
      <trkpt lat="40.671602" lon="-73.963196"><ele>53.6</ele><time>2026-09-23T22:31:22.000Z</time><extensions><gpxtpx:TrackPointExtension><gpxtpx:hr>127</gpxtpx:hr></gpxtpx:TrackPointExtension></extensions></trkpt>
      <trkpt lat="40.671602" lon="-73.963167"><ele>53.4</ele><time>2026-09-23T22:31:23.000Z</time><extensions><gpxtpx:TrackPointExtension><gpxtpx:hr>127</gpxtpx:hr></gpxtpx:TrackPointExtension></extensions></trkpt>
      <trkpt lat="40.671595" lon="-73.96313"><ele>53</ele><time>2026-09-23T22:31:24.000Z</time><extensions><gpxtpx:TrackPointExtension><gpxtpx:hr>128</gpxtpx:hr></gpxtpx:TrackPointExtension></extensions></trkpt>
      <trkpt lat="40.671597" lon="-73.9631"><ele>52.6</ele><time>2026-09-23T22:31:25.000Z</time><extensions><gpxtpx:TrackPointExtension><gpxtpx:hr>128</gpxtpx:hr></gpxtpx:TrackPointExtension></extensions></trkpt>
      <trkpt lat="40.671592" lon="-73.96306"><ele>52.4</ele><time>2026-09-23T22:31:26.000Z</time><extensions><gpxtpx:TrackPointExtension><gpxtpx:hr>128</gpxtpx:hr></gpxtpx:TrackPointExtension></extensions></trkpt>
      <trkpt lat="40.671598" lon="-73.963027"><ele>52</ele><time>2026-09-23T22:31:27.000Z</time><extensions><gpxtpx:TrackPointExtension><gpxtpx:hr>129</gpxtpx:hr></gpxtpx:TrackPointExtension></extensions></trkpt>
      <trkpt lat="40.671601" lon="-73.962987"><ele>52</ele><time>2026-09-23T22:31:28.000Z</time><extensions><gpxtpx:TrackPointExtension><gpxtpx:hr>129</gpxtpx:hr></gpxtpx:TrackPointExtension></extensions></trkpt>
      <trkpt lat="40.671602" lon="-73.96296"><ele>52</ele><time>2026-09-23T22:31:29.000Z</time><extensions><gpxtpx:TrackPointExtension><gpxtpx:hr>129</gpxtpx:hr></gpxtpx:TrackPointExtension></extensions></trkpt>
      <trkpt lat="40.671602" lon="-73.962927"><ele>52</ele><time>2026-09-23T22:31:30.000Z</time><extensions><gpxtpx:TrackPointExtension><gpxtpx:hr>128</gpxtpx:hr></gpxtpx:TrackPointExtension></extensions></trkpt>
      <trkpt lat="40.671596" lon="-73.962897"><ele>52</ele><time>2026-09-23T22:31:31.000Z</time><extensions><gpxtpx:TrackPointExtension><gpxtpx:hr>128</gpxtpx:hr></gpxtpx:TrackPointExtension></extensions></trkpt>
      <trkpt lat="40.671598" lon="-73.962866"><ele>52</ele><time>2026-09-23T22:31:32.000Z</time><extensions><gpxtpx:TrackPointExtension><gpxtpx:hr>128</gpxtpx:hr></gpxtpx:TrackPointExtension></extensions></trkpt>
      <trkpt lat="40.67159" lon="-73.962828"><ele>52</ele><time>2026-09-23T22:31:33.000Z</time><extensions><gpxtpx:TrackPointExtension><gpxtpx:hr>128</gpxtpx:hr></gpxtpx:TrackPointExtension></extensions></trkpt>
      <trkpt lat="40.671588" lon="-73.962801"><ele>52</ele><time>2026-09-23T22:31:34.000Z</time><extensions><gpxtpx:TrackPointExtension><gpxtpx:hr>128</gpxtpx:hr></gpxtpx:TrackPointExtension></extensions></trkpt>
      <trkpt lat="40.671599" lon="-73.962767"><ele>51.8</ele><time>2026-09-23T22:31:35.000Z</time><extensions><gpxtpx:TrackPointExtension><gpxtpx:hr>128</gpxtpx:hr></gpxtpx:TrackPointExtension></extensions></trkpt>
      <trkpt lat="40.671616" lon="-73.962745"><ele>51.8</ele><time>2026-09-23T22:31:36.000Z</time><extensions><gpxtpx:TrackPointExtension><gpxtpx:hr>129</gpxtpx:hr></gpxtpx:TrackPointExtension></extensions></trkpt>
      <trkpt lat="40.671639" lon="-73.962736"><ele>51.6</ele><time>2026-09-23T22:31:37.000Z</time><extensions><gpxtpx:TrackPointExtension><gpxtpx:hr>129</gpxtpx:hr></gpxtpx:TrackPointExtension></extensions></trkpt>
      <trkpt lat="40.671664" lon="-73.962738"><ele>51.6</ele><time>2026-09-23T22:31:38.000Z</time><extensions><gpxtpx:TrackPointExtension><gpxtpx:hr>129</gpxtpx:hr></gpxtpx:TrackPointExtension></extensions></trkpt>
      <trkpt lat="40.671681" lon="-73.962747"><ele>51.6</ele><time>2026-09-23T22:31:39.000Z</time><extensions><gpxtpx:TrackPointExtension><gpxtpx:hr>129</gpxtpx:hr></gpxtpx:TrackPointExtension></extensions></trkpt>
      <trkpt lat="40.67171" lon="-73.962755"><ele>51.6</ele><time>2026-09-23T22:31:40.000Z</time><extensions><gpxtpx:TrackPointExtension><gpxtpx:hr>129</gpxtpx:hr></gpxtpx:TrackPointExtension></extensions></trkpt>
      <trkpt lat="40.671734" lon="-73.962761"><ele>51.4</ele><time>2026-09-23T22:31:41.000Z</time><extensions><gpxtpx:TrackPointExtension><gpxtpx:hr>129</gpxtpx:hr></gpxtpx:TrackPointExtension></extensions></trkpt>
      <trkpt lat="40.67176" lon="-73.962752"><ele>51.4</ele><time>2026-09-23T22:31:42.000Z</time><extensions><gpxtpx:TrackPointExtension><gpxtpx:hr>130</gpxtpx:hr></gpxtpx:TrackPointExtension></extensions></trkpt>
      <trkpt lat="40.67177" lon="-73.962732"><ele>51.2</ele><time>2026-09-23T22:31:43.000Z</time><extensions><gpxtpx:TrackPointExtension><gpxtpx:hr>130</gpxtpx:hr></gpxtpx:TrackPointExtension></extensions></trkpt>
      <trkpt lat="40.671779" lon="-73.962717"><ele>51.2</ele><time>2026-09-23T22:31:44.000Z</time><extensions><gpxtpx:TrackPointExtension><gpxtpx:hr>131</gpxtpx:hr></gpxtpx:TrackPointExtension></extensions></trkpt>
      <trkpt lat="40.671782" lon="-73.96271"><ele>51.2</ele><time>2026-09-23T22:31:45.000Z</time><extensions><gpxtpx:TrackPointExtension><gpxtpx:hr>132</gpxtpx:hr></gpxtpx:TrackPointExtension></extensions></trkpt>
      <trkpt lat="40.671781" lon="-73.96271"><ele>51.2</ele><time>2026-09-23T22:31:46.000Z</time><extensions><gpxtpx:TrackPointExtension><gpxtpx:hr>133</gpxtpx:hr></gpxtpx:TrackPointExtension></extensions></trkpt>
      <trkpt lat="40.671783" lon="-73.962708"><ele>51.4</ele><time>2026-09-23T22:31:47.000Z</time><extensions><gpxtpx:TrackPointExtension><gpxtpx:hr>133</gpxtpx:hr></gpxtpx:TrackPointExtension></extensions></trkpt>
      <trkpt lat="40.671783" lon="-73.962708"><ele>51.4</ele><time>2026-09-23T22:31:48.000Z</time><extensions><gpxtpx:TrackPointExtension><gpxtpx:hr>133</gpxtpx:hr></gpxtpx:TrackPointExtension></extensions></trkpt>
      <trkpt lat="40.671783" lon="-73.962708"><ele>51.4</ele><time>2026-09-23T22:31:49.000Z</time><extensions><gpxtpx:TrackPointExtension><gpxtpx:hr>133</gpxtpx:hr></gpxtpx:TrackPointExtension></extensions></trkpt>
      <trkpt lat="40.671783" lon="-73.962708"><ele>51.6</ele><time>2026-09-23T22:31:50.000Z</time><extensions><gpxtpx:TrackPointExtension><gpxtpx:hr>132</gpxtpx:hr></gpxtpx:TrackPointExtension></extensions></trkpt>
      <trkpt lat="40.671783" lon="-73.962708"><ele>51.6</ele><time>2026-09-23T22:31:51.000Z</time><extensions><gpxtpx:TrackPointExtension><gpxtpx:hr>132</gpxtpx:hr></gpxtpx:TrackPointExtension></extensions></trkpt>
      <trkpt lat="40.671781" lon="-73.962543"><ele>50</ele><time>2026-09-23T22:32:21.000Z</time><extensions><gpxtpx:TrackPointExtension><gpxtpx:hr>115</gpxtpx:hr></gpxtpx:TrackPointExtension></extensions></trkpt>
      <trkpt lat="40.671772" lon="-73.962498"><ele>50</ele><time>2026-09-23T22:32:22.000Z</time><extensions><gpxtpx:TrackPointExtension><gpxtpx:hr>114</gpxtpx:hr></gpxtpx:TrackPointExtension></extensions></trkpt>
      <trkpt lat="40.671767" lon="-73.962464"><ele>49.8</ele><time>2026-09-23T22:32:23.000Z</time><extensions><gpxtpx:TrackPointExtension><gpxtpx:hr>113</gpxtpx:hr></gpxtpx:TrackPointExtension></extensions></trkpt>
      <trkpt lat="40.671763" lon="-73.962428"><ele>49.8</ele><time>2026-09-23T22:32:24.000Z</time><extensions><gpxtpx:TrackPointExtension><gpxtpx:hr>113</gpxtpx:hr></gpxtpx:TrackPointExtension></extensions></trkpt>
      <trkpt lat="40.671755" lon="-73.962396"><ele>49.8</ele><time>2026-09-23T22:32:25.000Z</time><extensions><gpxtpx:TrackPointExtension><gpxtpx:hr>113</gpxtpx:hr></gpxtpx:TrackPointExtension></extensions></trkpt>
      <trkpt lat="40.67175" lon="-73.962363"><ele>49.6</ele><time>2026-09-23T22:32:26.000Z</time><extensions><gpxtpx:TrackPointExtension><gpxtpx:hr>113</gpxtpx:hr></gpxtpx:TrackPointExtension></extensions></trkpt>
      <trkpt lat="40.67174" lon="-73.962332"><ele>49.6</ele><time>2026-09-23T22:32:27.000Z</time><extensions><gpxtpx:TrackPointExtension><gpxtpx:hr>113</gpxtpx:hr></gpxtpx:TrackPointExtension></extensions></trkpt>
      <trkpt lat="40.671736" lon="-73.962301"><ele>49.6</ele><time>2026-09-23T22:32:28.000Z</time><extensions><gpxtpx:TrackPointExtension><gpxtpx:hr>113</gpxtpx:hr></gpxtpx:TrackPointExtension></extensions></trkpt>
      <trkpt lat="40.671727" lon="-73.96227"><ele>49.6</ele><time>2026-09-23T22:32:29.000Z</time><extensions><gpxtpx:TrackPointExtension><gpxtpx:hr>112</gpxtpx:hr></gpxtpx:TrackPointExtension></extensions></trkpt>
      <trkpt lat="40.671725" lon="-73.96224"><ele>49.8</ele><time>2026-09-23T22:32:30.000Z</time><extensions><gpxtpx:TrackPointExtension><gpxtpx:hr>110</gpxtpx:hr></gpxtpx:TrackPointExtension></extensions></trkpt>
      <trkpt lat="40.671717" lon="-73.9622"><ele>49.8</ele><time>2026-09-23T22:32:31.000Z</time><extensions><gpxtpx:TrackPointExtension><gpxtpx:hr>109</gpxtpx:hr></gpxtpx:TrackPointExtension></extensions></trkpt>
      <trkpt lat="40.671716" lon="-73.962171"><ele>49.8</ele><time>2026-09-23T22:32:32.000Z</time><extensions><gpxtpx:TrackPointExtension><gpxtpx:hr>108</gpxtpx:hr></gpxtpx:TrackPointExtension></extensions></trkpt>
      <trkpt lat="40.671709" lon="-73.962133"><ele>49.8</ele><time>2026-09-23T22:32:33.000Z</time><extensions><gpxtpx:TrackPointExtension><gpxtpx:hr>108</gpxtpx:hr></gpxtpx:TrackPointExtension></extensions></trkpt>
      <trkpt lat="40.671703" lon="-73.962104"><ele>49.8</ele><time>2026-09-23T22:32:34.000Z</time><extensions><gpxtpx:TrackPointExtension><gpxtpx:hr>107</gpxtpx:hr></gpxtpx:TrackPointExtension></extensions></trkpt>
      <trkpt lat="40.671695" lon="-73.962068"><ele>49.6</ele><time>2026-09-23T22:32:35.000Z</time><extensions><gpxtpx:TrackPointExtension><gpxtpx:hr>107</gpxtpx:hr></gpxtpx:TrackPointExtension></extensions></trkpt>
      <trkpt lat="40.671696" lon="-73.962044"><ele>49.6</ele><time>2026-09-23T22:32:36.000Z</time><extensions><gpxtpx:TrackPointExtension><gpxtpx:hr>108</gpxtpx:hr></gpxtpx:TrackPointExtension></extensions></trkpt>
      <trkpt lat="40.67169" lon="-73.962008"><ele>49.6</ele><time>2026-09-23T22:32:37.000Z</time><extensions><gpxtpx:TrackPointExtension><gpxtpx:hr>108</gpxtpx:hr></gpxtpx:TrackPointExtension></extensions></trkpt>
      <trkpt lat="40.671686" lon="-73.961981"><ele>49.4</ele><time>2026-09-23T22:32:38.000Z</time><extensions><gpxtpx:TrackPointExtension><gpxtpx:hr>109</gpxtpx:hr></gpxtpx:TrackPointExtension></extensions></trkpt>
      <trkpt lat="40.671674" lon="-73.961946"><ele>49.4</ele><time>2026-09-23T22:32:39.000Z</time><extensions><gpxtpx:TrackPointExtension><gpxtpx:hr>109</gpxtpx:hr></gpxtpx:TrackPointExtension></extensions></trkpt>
      <trkpt lat="40.671666" lon="-73.961918"><ele>49.2</ele><time>2026-09-23T22:32:40.000Z</time><extensions><gpxtpx:TrackPointExtension><gpxtpx:hr>109</gpxtpx:hr></gpxtpx:TrackPointExtension></extensions></trkpt>
      <trkpt lat="40.671654" lon="-73.96188"><ele>49</ele><time>2026-09-23T22:32:41.000Z</time><extensions><gpxtpx:TrackPointExtension><gpxtpx:hr>110</gpxtpx:hr></gpxtpx:TrackPointExtension></extensions></trkpt>
      <trkpt lat="40.671651" lon="-73.961855"><ele>48.8</ele><time>2026-09-23T22:32:42.000Z</time><extensions><gpxtpx:TrackPointExtension><gpxtpx:hr>110</gpxtpx:hr></gpxtpx:TrackPointExtension></extensions></trkpt>
      <trkpt lat="40.671642" lon="-73.961823"><ele>48.6</ele><time>2026-09-23T22:32:43.000Z</time><extensions><gpxtpx:TrackPointExtension><gpxtpx:hr>111</gpxtpx:hr></gpxtpx:TrackPointExtension></extensions></trkpt>
      <trkpt lat="40.671635" lon="-73.961799"><ele>48.4</ele><time>2026-09-23T22:32:44.000Z</time><extensions><gpxtpx:TrackPointExtension><gpxtpx:hr>112</gpxtpx:hr></gpxtpx:TrackPointExtension></extensions></trkpt>
      <trkpt lat="40.67163" lon="-73.961774"><ele>48.4</ele><time>2026-09-23T22:32:45.000Z</time><extensions><gpxtpx:TrackPointExtension><gpxtpx:hr>113</gpxtpx:hr></gpxtpx:TrackPointExtension></extensions></trkpt>
      <trkpt lat="40.671621" lon="-73.96175"><ele>48.2</ele><time>2026-09-23T22:32:46.000Z</time><extensions><gpxtpx:TrackPointExtension><gpxtpx:hr>114</gpxtpx:hr></gpxtpx:TrackPointExtension></extensions></trkpt>
      <trkpt lat="40.671611" lon="-73.96171"><ele>48.2</ele><time>2026-09-23T22:32:47.000Z</time><extensions><gpxtpx:TrackPointExtension><gpxtpx:hr>115</gpxtpx:hr></gpxtpx:TrackPointExtension></extensions></trkpt>
      <trkpt lat="40.671601" lon="-73.961679"><ele>48.2</ele><time>2026-09-23T22:32:48.000Z</time><extensions><gpxtpx:TrackPointExtension><gpxtpx:hr>116</gpxtpx:hr></gpxtpx:TrackPointExtension></extensions></trkpt>
      <trkpt lat="40.671592" lon="-73.961649"><ele>48.4</ele><time>2026-09-23T22:32:49.000Z</time><extensions><gpxtpx:TrackPointExtension><gpxtpx:hr>116</gpxtpx:hr></gpxtpx:TrackPointExtension></extensions></trkpt>
      <trkpt lat="40.671586" lon="-73.961621"><ele>48.6</ele><time>2026-09-23T22:32:50.000Z</time><extensions><gpxtpx:TrackPointExtension><gpxtpx:hr>117</gpxtpx:hr></gpxtpx:TrackPointExtension></extensions></trkpt>
      <trkpt lat="40.671584" lon="-73.961591"><ele>49</ele><time>2026-09-23T22:32:51.000Z</time><extensions><gpxtpx:TrackPointExtension><gpxtpx:hr>117</gpxtpx:hr></gpxtpx:TrackPointExtension></extensions></trkpt>
      <trkpt lat="40.671578" lon="-73.961559"><ele>49.2</ele><time>2026-09-23T22:32:52.000Z</time><extensions><gpxtpx:TrackPointExtension><gpxtpx:hr>118</gpxtpx:hr></gpxtpx:TrackPointExtension></extensions></trkpt>
      <trkpt lat="40.671573" lon="-73.96153"><ele>49.4</ele><time>2026-09-23T22:32:53.000Z</time><extensions><gpxtpx:TrackPointExtension><gpxtpx:hr>118</gpxtpx:hr></gpxtpx:TrackPointExtension></extensions></trkpt>
      <trkpt lat="40.671567" lon="-73.961498"><ele>49.4</ele><time>2026-09-23T22:32:54.000Z</time><extensions><gpxtpx:TrackPointExtension><gpxtpx:hr>119</gpxtpx:hr></gpxtpx:TrackPointExtension></extensions></trkpt>
      <trkpt lat="40.671566" lon="-73.961471"><ele>49.4</ele><time>2026-09-23T22:32:55.000Z</time><extensions><gpxtpx:TrackPointExtension><gpxtpx:hr>119</gpxtpx:hr></gpxtpx:TrackPointExtension></extensions></trkpt>
      <trkpt lat="40.671566" lon="-73.961436"><ele>49.4</ele><time>2026-09-23T22:32:56.000Z</time><extensions><gpxtpx:TrackPointExtension><gpxtpx:hr>119</gpxtpx:hr></gpxtpx:TrackPointExtension></extensions></trkpt>
      <trkpt lat="40.671569" lon="-73.961413"><ele>49.2</ele><time>2026-09-23T22:32:57.000Z</time><extensions><gpxtpx:TrackPointExtension><gpxtpx:hr>119</gpxtpx:hr></gpxtpx:TrackPointExtension></extensions></trkpt>
      <trkpt lat="40.67158" lon="-73.961394"><ele>49</ele><time>2026-09-23T22:32:58.000Z</time><extensions><gpxtpx:TrackPointExtension><gpxtpx:hr>119</gpxtpx:hr></gpxtpx:TrackPointExtension></extensions></trkpt>
      <trkpt lat="40.671598" lon="-73.961375"><ele>48.8</ele><time>2026-09-23T22:32:59.000Z</time><extensions><gpxtpx:TrackPointExtension><gpxtpx:hr>119</gpxtpx:hr></gpxtpx:TrackPointExtension></extensions></trkpt>
      <trkpt lat="40.671615" lon="-73.961363"><ele>48.8</ele><time>2026-09-23T22:33:00.000Z</time><extensions><gpxtpx:TrackPointExtension><gpxtpx:hr>118</gpxtpx:hr></gpxtpx:TrackPointExtension></extensions></trkpt>
      <trkpt lat="40.67163" lon="-73.961337"><ele>48.6</ele><time>2026-09-23T22:33:01.000Z</time><extensions><gpxtpx:TrackPointExtension><gpxtpx:hr>118</gpxtpx:hr></gpxtpx:TrackPointExtension></extensions></trkpt>
      <trkpt lat="40.671642" lon="-73.961319"><ele>48.6</ele><time>2026-09-23T22:33:02.000Z</time><extensions><gpxtpx:TrackPointExtension><gpxtpx:hr>119</gpxtpx:hr></gpxtpx:TrackPointExtension></extensions></trkpt>
      <trkpt lat="40.671646" lon="-73.961288"><ele>48.4</ele><time>2026-09-23T22:33:03.000Z</time><extensions><gpxtpx:TrackPointExtension><gpxtpx:hr>119</gpxtpx:hr></gpxtpx:TrackPointExtension></extensions></trkpt>
      <trkpt lat="40.671643" lon="-73.961252"><ele>48.2</ele><time>2026-09-23T22:33:04.000Z</time><extensions><gpxtpx:TrackPointExtension><gpxtpx:hr>120</gpxtpx:hr></gpxtpx:TrackPointExtension></extensions></trkpt>
      <trkpt lat="40.671643" lon="-73.961224"><ele>48.2</ele><time>2026-09-23T22:33:05.000Z</time><extensions><gpxtpx:TrackPointExtension><gpxtpx:hr>121</gpxtpx:hr></gpxtpx:TrackPointExtension></extensions></trkpt>
      <trkpt lat="40.67164" lon="-73.961188"><ele>48.2</ele><time>2026-09-23T22:33:06.000Z</time><extensions><gpxtpx:TrackPointExtension><gpxtpx:hr>122</gpxtpx:hr></gpxtpx:TrackPointExtension></extensions></trkpt>
      <trkpt lat="40.671647" lon="-73.961163"><ele>48</ele><time>2026-09-23T22:33:07.000Z</time><extensions><gpxtpx:TrackPointExtension><gpxtpx:hr>122</gpxtpx:hr></gpxtpx:TrackPointExtension></extensions></trkpt>
      <trkpt lat="40.671666" lon="-73.96115"><ele>48</ele><time>2026-09-23T22:33:08.000Z</time><extensions><gpxtpx:TrackPointExtension><gpxtpx:hr>123</gpxtpx:hr></gpxtpx:TrackPointExtension></extensions></trkpt>
      <trkpt lat="40.671688" lon="-73.961141"><ele>48</ele><time>2026-09-23T22:33:09.000Z</time><extensions><gpxtpx:TrackPointExtension><gpxtpx:hr>123</gpxtpx:hr></gpxtpx:TrackPointExtension></extensions></trkpt>
      <trkpt lat="40.671706" lon="-73.961138"><ele>48</ele><time>2026-09-23T22:33:10.000Z</time><extensions><gpxtpx:TrackPointExtension><gpxtpx:hr>123</gpxtpx:hr></gpxtpx:TrackPointExtension></extensions></trkpt>
      <trkpt lat="40.671732" lon="-73.961129"><ele>48</ele><time>2026-09-23T22:33:11.000Z</time><extensions><gpxtpx:TrackPointExtension><gpxtpx:hr>123</gpxtpx:hr></gpxtpx:TrackPointExtension></extensions></trkpt>
      <trkpt lat="40.671752" lon="-73.961125"><ele>48.2</ele><time>2026-09-23T22:33:12.000Z</time><extensions><gpxtpx:TrackPointExtension><gpxtpx:hr>124</gpxtpx:hr></gpxtpx:TrackPointExtension></extensions></trkpt>
      <trkpt lat="40.671782" lon="-73.961116"><ele>48.2</ele><time>2026-09-23T22:33:13.000Z</time><extensions><gpxtpx:TrackPointExtension><gpxtpx:hr>124</gpxtpx:hr></gpxtpx:TrackPointExtension></extensions></trkpt>
      <trkpt lat="40.671803" lon="-73.961111"><ele>48.2</ele><time>2026-09-23T22:33:14.000Z</time><extensions><gpxtpx:TrackPointExtension><gpxtpx:hr>124</gpxtpx:hr></gpxtpx:TrackPointExtension></extensions></trkpt>
      <trkpt lat="40.671825" lon="-73.961102"><ele>48.2</ele><time>2026-09-23T22:33:15.000Z</time><extensions><gpxtpx:TrackPointExtension><gpxtpx:hr>125</gpxtpx:hr></gpxtpx:TrackPointExtension></extensions></trkpt>
      <trkpt lat="40.671844" lon="-73.961102"><ele>48.2</ele><time>2026-09-23T22:33:16.000Z</time><extensions><gpxtpx:TrackPointExtension><gpxtpx:hr>125</gpxtpx:hr></gpxtpx:TrackPointExtension></extensions></trkpt>
      <trkpt lat="40.671868" lon="-73.9611"><ele>48.2</ele><time>2026-09-23T22:33:17.000Z</time><extensions><gpxtpx:TrackPointExtension><gpxtpx:hr>125</gpxtpx:hr></gpxtpx:TrackPointExtension></extensions></trkpt>
      <trkpt lat="40.671891" lon="-73.961096"><ele>48.2</ele><time>2026-09-23T22:33:18.000Z</time><extensions><gpxtpx:TrackPointExtension><gpxtpx:hr>124</gpxtpx:hr></gpxtpx:TrackPointExtension></extensions></trkpt>
      <trkpt lat="40.671914" lon="-73.961095"><ele>48</ele><time>2026-09-23T22:33:19.000Z</time><extensions><gpxtpx:TrackPointExtension><gpxtpx:hr>124</gpxtpx:hr></gpxtpx:TrackPointExtension></extensions></trkpt>
      <trkpt lat="40.671939" lon="-73.961093"><ele>48</ele><time>2026-09-23T22:33:20.000Z</time><extensions><gpxtpx:TrackPointExtension><gpxtpx:hr>124</gpxtpx:hr></gpxtpx:TrackPointExtension></extensions></trkpt>
      <trkpt lat="40.671961" lon="-73.961093"><ele>48</ele><time>2026-09-23T22:33:21.000Z</time><extensions><gpxtpx:TrackPointExtension><gpxtpx:hr>124</gpxtpx:hr></gpxtpx:TrackPointExtension></extensions></trkpt>
      <trkpt lat="40.671987" lon="-73.961089"><ele>47.8</ele><time>2026-09-23T22:33:22.000Z</time><extensions><gpxtpx:TrackPointExtension><gpxtpx:hr>123</gpxtpx:hr></gpxtpx:TrackPointExtension></extensions></trkpt>
      <trkpt lat="40.672006" lon="-73.961091"><ele>48</ele><time>2026-09-23T22:33:23.000Z</time><extensions><gpxtpx:TrackPointExtension><gpxtpx:hr>123</gpxtpx:hr></gpxtpx:TrackPointExtension></extensions></trkpt>
      <trkpt lat="40.67203" lon="-73.961087"><ele>48</ele><time>2026-09-23T22:33:24.000Z</time><extensions><gpxtpx:TrackPointExtension><gpxtpx:hr>122</gpxtpx:hr></gpxtpx:TrackPointExtension></extensions></trkpt>
      <trkpt lat="40.672047" lon="-73.961084"><ele>48</ele><time>2026-09-23T22:33:25.000Z</time><extensions><gpxtpx:TrackPointExtension><gpxtpx:hr>121</gpxtpx:hr></gpxtpx:TrackPointExtension></extensions></trkpt>
      <trkpt lat="40.672074" lon="-73.961077"><ele>48</ele><time>2026-09-23T22:33:26.000Z</time><extensions><gpxtpx:TrackPointExtension><gpxtpx:hr>121</gpxtpx:hr></gpxtpx:TrackPointExtension></extensions></trkpt>
      <trkpt lat="40.672096" lon="-73.961073"><ele>48</ele><time>2026-09-23T22:33:27.000Z</time><extensions><gpxtpx:TrackPointExtension><gpxtpx:hr>121</gpxtpx:hr></gpxtpx:TrackPointExtension></extensions></trkpt>
      <trkpt lat="40.672117" lon="-73.961067"><ele>48</ele><time>2026-09-23T22:33:28.000Z</time><extensions><gpxtpx:TrackPointExtension><gpxtpx:hr>121</gpxtpx:hr></gpxtpx:TrackPointExtension></extensions></trkpt>
      <trkpt lat="40.672136" lon="-73.961053"><ele>48</ele><time>2026-09-23T22:33:29.000Z</time><extensions><gpxtpx:TrackPointExtension><gpxtpx:hr>122</gpxtpx:hr></gpxtpx:TrackPointExtension></extensions></trkpt>
      <trkpt lat="40.672153" lon="-73.961038"><ele>48</ele><time>2026-09-23T22:33:30.000Z</time><extensions><gpxtpx:TrackPointExtension><gpxtpx:hr>122</gpxtpx:hr></gpxtpx:TrackPointExtension></extensions></trkpt>
      <trkpt lat="40.672175" lon="-73.96102"><ele>48</ele><time>2026-09-23T22:33:31.000Z</time><extensions><gpxtpx:TrackPointExtension><gpxtpx:hr>122</gpxtpx:hr></gpxtpx:TrackPointExtension></extensions></trkpt>
      <trkpt lat="40.6722" lon="-73.960999"><ele>48</ele><time>2026-09-23T22:33:32.000Z</time><extensions><gpxtpx:TrackPointExtension><gpxtpx:hr>122</gpxtpx:hr></gpxtpx:TrackPointExtension></extensions></trkpt>
      <trkpt lat="40.67222" lon="-73.960988"><ele>47.8</ele><time>2026-09-23T22:33:33.000Z</time><extensions><gpxtpx:TrackPointExtension><gpxtpx:hr>122</gpxtpx:hr></gpxtpx:TrackPointExtension></extensions></trkpt>
      <trkpt lat="40.672245" lon="-73.960982"><ele>47.6</ele><time>2026-09-23T22:33:34.000Z</time><extensions><gpxtpx:TrackPointExtension><gpxtpx:hr>122</gpxtpx:hr></gpxtpx:TrackPointExtension></extensions></trkpt>
      <trkpt lat="40.67226" lon="-73.960978"><ele>47.4</ele><time>2026-09-23T22:33:35.000Z</time><extensions><gpxtpx:TrackPointExtension><gpxtpx:hr>122</gpxtpx:hr></gpxtpx:TrackPointExtension></extensions></trkpt>
      <trkpt lat="40.672276" lon="-73.960975"><ele>47.2</ele><time>2026-09-23T22:33:36.000Z</time><extensions><gpxtpx:TrackPointExtension><gpxtpx:hr>122</gpxtpx:hr></gpxtpx:TrackPointExtension></extensions></trkpt>
      <trkpt lat="40.672297" lon="-73.96096"><ele>47.2</ele><time>2026-09-23T22:33:37.000Z</time><extensions><gpxtpx:TrackPointExtension><gpxtpx:hr>122</gpxtpx:hr></gpxtpx:TrackPointExtension></extensions></trkpt>
      <trkpt lat="40.672315" lon="-73.960958"><ele>47</ele><time>2026-09-23T22:33:38.000Z</time><extensions><gpxtpx:TrackPointExtension><gpxtpx:hr>122</gpxtpx:hr></gpxtpx:TrackPointExtension></extensions></trkpt>
      <trkpt lat="40.672344" lon="-73.960953"><ele>46.8</ele><time>2026-09-23T22:33:39.000Z</time><extensions><gpxtpx:TrackPointExtension><gpxtpx:hr>122</gpxtpx:hr></gpxtpx:TrackPointExtension></extensions></trkpt>
      <trkpt lat="40.672358" lon="-73.960947"><ele>46.8</ele><time>2026-09-23T22:33:40.000Z</time><extensions><gpxtpx:TrackPointExtension><gpxtpx:hr>122</gpxtpx:hr></gpxtpx:TrackPointExtension></extensions></trkpt>
      <trkpt lat="40.672386" lon="-73.960933"><ele>46.6</ele><time>2026-09-23T22:33:41.000Z</time><extensions><gpxtpx:TrackPointExtension><gpxtpx:hr>122</gpxtpx:hr></gpxtpx:TrackPointExtension></extensions></trkpt>
      <trkpt lat="40.672403" lon="-73.960926"><ele>46.4</ele><time>2026-09-23T22:33:42.000Z</time><extensions><gpxtpx:TrackPointExtension><gpxtpx:hr>122</gpxtpx:hr></gpxtpx:TrackPointExtension></extensions></trkpt>
      <trkpt lat="40.672423" lon="-73.960919"><ele>46.4</ele><time>2026-09-23T22:33:43.000Z</time><extensions><gpxtpx:TrackPointExtension><gpxtpx:hr>122</gpxtpx:hr></gpxtpx:TrackPointExtension></extensions></trkpt>
      <trkpt lat="40.672438" lon="-73.960917"><ele>46.2</ele><time>2026-09-23T22:33:44.000Z</time><extensions><gpxtpx:TrackPointExtension><gpxtpx:hr>122</gpxtpx:hr></gpxtpx:TrackPointExtension></extensions></trkpt>
      <trkpt lat="40.672452" lon="-73.960917"><ele>46.2</ele><time>2026-09-23T22:33:45.000Z</time><extensions><gpxtpx:TrackPointExtension><gpxtpx:hr>123</gpxtpx:hr></gpxtpx:TrackPointExtension></extensions></trkpt>
      <trkpt lat="40.672469" lon="-73.96092"><ele>46.2</ele><time>2026-09-23T22:33:46.000Z</time><extensions><gpxtpx:TrackPointExtension><gpxtpx:hr>123</gpxtpx:hr></gpxtpx:TrackPointExtension></extensions></trkpt>
      <trkpt lat="40.672484" lon="-73.960924"><ele>46.4</ele><time>2026-09-23T22:33:47.000Z</time><extensions><gpxtpx:TrackPointExtension><gpxtpx:hr>123</gpxtpx:hr></gpxtpx:TrackPointExtension></extensions></trkpt>
      <trkpt lat="40.672508" lon="-73.960919"><ele>46.4</ele><time>2026-09-23T22:33:48.000Z</time><extensions><gpxtpx:TrackPointExtension><gpxtpx:hr>123</gpxtpx:hr></gpxtpx:TrackPointExtension></extensions></trkpt>
      <trkpt lat="40.672525" lon="-73.960914"><ele>46.4</ele><time>2026-09-23T22:33:49.000Z</time><extensions><gpxtpx:TrackPointExtension><gpxtpx:hr>123</gpxtpx:hr></gpxtpx:TrackPointExtension></extensions></trkpt>
      <trkpt lat="40.672544" lon="-73.960912"><ele>46.2</ele><time>2026-09-23T22:33:50.000Z</time><extensions><gpxtpx:TrackPointExtension><gpxtpx:hr>123</gpxtpx:hr></gpxtpx:TrackPointExtension></extensions></trkpt>
      <trkpt lat="40.67256" lon="-73.960912"><ele>46.2</ele><time>2026-09-23T22:33:51.000Z</time><extensions><gpxtpx:TrackPointExtension><gpxtpx:hr>123</gpxtpx:hr></gpxtpx:TrackPointExtension></extensions></trkpt>
      <trkpt lat="40.672581" lon="-73.960912"><ele>46</ele><time>2026-09-23T22:33:52.000Z</time><extensions><gpxtpx:TrackPointExtension><gpxtpx:hr>123</gpxtpx:hr></gpxtpx:TrackPointExtension></extensions></trkpt>
      <trkpt lat="40.672603" lon="-73.960908"><ele>46</ele><time>2026-09-23T22:33:53.000Z</time><extensions><gpxtpx:TrackPointExtension><gpxtpx:hr>123</gpxtpx:hr></gpxtpx:TrackPointExtension></extensions></trkpt>
      <trkpt lat="40.672624" lon="-73.960907"><ele>46</ele><time>2026-09-23T22:33:54.000Z</time><extensions><gpxtpx:TrackPointExtension><gpxtpx:hr>123</gpxtpx:hr></gpxtpx:TrackPointExtension></extensions></trkpt>
      <trkpt lat="40.672654" lon="-73.960902"><ele>45.8</ele><time>2026-09-23T22:33:55.000Z</time><extensions><gpxtpx:TrackPointExtension><gpxtpx:hr>123</gpxtpx:hr></gpxtpx:TrackPointExtension></extensions></trkpt>
      <trkpt lat="40.672684" lon="-73.960896"><ele>45.8</ele><time>2026-09-23T22:33:56.000Z</time><extensions><gpxtpx:TrackPointExtension><gpxtpx:hr>123</gpxtpx:hr></gpxtpx:TrackPointExtension></extensions></trkpt>
      <trkpt lat="40.672711" lon="-73.960893"><ele>45.8</ele><time>2026-09-23T22:33:57.000Z</time><extensions><gpxtpx:TrackPointExtension><gpxtpx:hr>123</gpxtpx:hr></gpxtpx:TrackPointExtension></extensions></trkpt>
      <trkpt lat="40.672742" lon="-73.960875"><ele>45.6</ele><time>2026-09-23T22:33:58.000Z</time><extensions><gpxtpx:TrackPointExtension><gpxtpx:hr>123</gpxtpx:hr></gpxtpx:TrackPointExtension></extensions></trkpt>
      <trkpt lat="40.672764" lon="-73.960867"><ele>45.6</ele><time>2026-09-23T22:33:59.000Z</time><extensions><gpxtpx:TrackPointExtension><gpxtpx:hr>123</gpxtpx:hr></gpxtpx:TrackPointExtension></extensions></trkpt>
      <trkpt lat="40.672792" lon="-73.960857"><ele>45.6</ele><time>2026-09-23T22:34:00.000Z</time><extensions><gpxtpx:TrackPointExtension><gpxtpx:hr>123</gpxtpx:hr></gpxtpx:TrackPointExtension></extensions></trkpt>
      <trkpt lat="40.672814" lon="-73.960855"><ele>45.4</ele><time>2026-09-23T22:34:01.000Z</time><extensions><gpxtpx:TrackPointExtension><gpxtpx:hr>122</gpxtpx:hr></gpxtpx:TrackPointExtension></extensions></trkpt>
      <trkpt lat="40.672845" lon="-73.960845"><ele>45.2</ele><time>2026-09-23T22:34:02.000Z</time><extensions><gpxtpx:TrackPointExtension><gpxtpx:hr>122</gpxtpx:hr></gpxtpx:TrackPointExtension></extensions></trkpt>
      <trkpt lat="40.672863" lon="-73.960841"><ele>45</ele><time>2026-09-23T22:34:03.000Z</time><extensions><gpxtpx:TrackPointExtension><gpxtpx:hr>121</gpxtpx:hr></gpxtpx:TrackPointExtension></extensions></trkpt>
      <trkpt lat="40.672886" lon="-73.960835"><ele>44.8</ele><time>2026-09-23T22:34:04.000Z</time><extensions><gpxtpx:TrackPointExtension><gpxtpx:hr>121</gpxtpx:hr></gpxtpx:TrackPointExtension></extensions></trkpt>
      <trkpt lat="40.6729" lon="-73.960832"><ele>44.8</ele><time>2026-09-23T22:34:05.000Z</time><extensions><gpxtpx:TrackPointExtension><gpxtpx:hr>122</gpxtpx:hr></gpxtpx:TrackPointExtension></extensions></trkpt>
      <trkpt lat="40.672922" lon="-73.960826"><ele>44.8</ele><time>2026-09-23T22:34:06.000Z</time><extensions><gpxtpx:TrackPointExtension><gpxtpx:hr>122</gpxtpx:hr></gpxtpx:TrackPointExtension></extensions></trkpt>
      <trkpt lat="40.672942" lon="-73.960815"><ele>44.8</ele><time>2026-09-23T22:34:07.000Z</time><extensions><gpxtpx:TrackPointExtension><gpxtpx:hr>122</gpxtpx:hr></gpxtpx:TrackPointExtension></extensions></trkpt>
      <trkpt lat="40.672966" lon="-73.960805"><ele>44.8</ele><time>2026-09-23T22:34:08.000Z</time><extensions><gpxtpx:TrackPointExtension><gpxtpx:hr>123</gpxtpx:hr></gpxtpx:TrackPointExtension></extensions></trkpt>
      <trkpt lat="40.672993" lon="-73.960788"><ele>44.8</ele><time>2026-09-23T22:34:09.000Z</time><extensions><gpxtpx:TrackPointExtension><gpxtpx:hr>123</gpxtpx:hr></gpxtpx:TrackPointExtension></extensions></trkpt>
      <trkpt lat="40.673002" lon="-73.960772"><ele>44.8</ele><time>2026-09-23T22:34:10.000Z</time><extensions><gpxtpx:TrackPointExtension><gpxtpx:hr>122</gpxtpx:hr></gpxtpx:TrackPointExtension></extensions></trkpt>
      <trkpt lat="40.673017" lon="-73.960757"><ele>44.4</ele><time>2026-09-23T22:34:11.000Z</time><extensions><gpxtpx:TrackPointExtension><gpxtpx:hr>123</gpxtpx:hr></gpxtpx:TrackPointExtension></extensions></trkpt>
      <trkpt lat="40.673026" lon="-73.960742"><ele>44.2</ele><time>2026-09-23T22:34:12.000Z</time><extensions><gpxtpx:TrackPointExtension><gpxtpx:hr>123</gpxtpx:hr></gpxtpx:TrackPointExtension></extensions></trkpt>
      <trkpt lat="40.673037" lon="-73.960725"><ele>44</ele><time>2026-09-23T22:34:13.000Z</time><extensions><gpxtpx:TrackPointExtension><gpxtpx:hr>123</gpxtpx:hr></gpxtpx:TrackPointExtension></extensions></trkpt>
      <trkpt lat="40.673037" lon="-73.960725"><ele>43.8</ele><time>2026-09-23T22:34:14.000Z</time><extensions><gpxtpx:TrackPointExtension><gpxtpx:hr>123</gpxtpx:hr></gpxtpx:TrackPointExtension></extensions></trkpt>
      <trkpt lat="40.673037" lon="-73.960725"><ele>43.8</ele><time>2026-09-23T22:34:15.000Z</time><extensions><gpxtpx:TrackPointExtension><gpxtpx:hr>123</gpxtpx:hr></gpxtpx:TrackPointExtension></extensions></trkpt>
      <trkpt lat="40.673037" lon="-73.960725"><ele>44</ele><time>2026-09-23T22:34:16.000Z</time><extensions><gpxtpx:TrackPointExtension><gpxtpx:hr>123</gpxtpx:hr></gpxtpx:TrackPointExtension></extensions></trkpt>
      <trkpt lat="40.673037" lon="-73.960725"><ele>44</ele><time>2026-09-23T22:34:17.000Z</time><extensions><gpxtpx:TrackPointExtension><gpxtpx:hr>123</gpxtpx:hr></gpxtpx:TrackPointExtension></extensions></trkpt>
      <trkpt lat="40.673037" lon="-73.960725"><ele>44.2</ele><time>2026-09-23T22:34:18.000Z</time><extensions><gpxtpx:TrackPointExtension><gpxtpx:hr>123</gpxtpx:hr></gpxtpx:TrackPointExtension></extensions></trkpt>
      <trkpt lat="40.673037" lon="-73.960725"><ele>44.2</ele><time>2026-09-23T22:34:19.000Z</time><extensions><gpxtpx:TrackPointExtension><gpxtpx:hr>123</gpxtpx:hr></gpxtpx:TrackPointExtension></extensions></trkpt>
      <trkpt lat="40.673032" lon="-73.960737"><ele>44.2</ele><time>2026-09-23T22:34:20.000Z</time><extensions><gpxtpx:TrackPointExtension><gpxtpx:hr>122</gpxtpx:hr></gpxtpx:TrackPointExtension></extensions></trkpt>
      <trkpt lat="40.673059" lon="-73.960529"><ele>44.2</ele><time>2026-09-23T22:34:24.000Z</time><extensions><gpxtpx:TrackPointExtension><gpxtpx:hr>122</gpxtpx:hr></gpxtpx:TrackPointExtension></extensions></trkpt>
      <trkpt lat="40.673057" lon="-73.960499"><ele>44.4</ele><time>2026-09-23T22:34:25.000Z</time><extensions><gpxtpx:TrackPointExtension><gpxtpx:hr>123</gpxtpx:hr></gpxtpx:TrackPointExtension></extensions></trkpt>
      <trkpt lat="40.673055" lon="-73.960466"><ele>44.2</ele><time>2026-09-23T22:34:26.000Z</time><extensions><gpxtpx:TrackPointExtension><gpxtpx:hr>124</gpxtpx:hr></gpxtpx:TrackPointExtension></extensions></trkpt>
      <trkpt lat="40.673052" lon="-73.960438"><ele>44.2</ele><time>2026-09-23T22:34:27.000Z</time><extensions><gpxtpx:TrackPointExtension><gpxtpx:hr>124</gpxtpx:hr></gpxtpx:TrackPointExtension></extensions></trkpt>
      <trkpt lat="40.673041" lon="-73.960399"><ele>44</ele><time>2026-09-23T22:34:28.000Z</time><extensions><gpxtpx:TrackPointExtension><gpxtpx:hr>125</gpxtpx:hr></gpxtpx:TrackPointExtension></extensions></trkpt>
      <trkpt lat="40.673039" lon="-73.960373"><ele>44</ele><time>2026-09-23T22:34:29.000Z</time><extensions><gpxtpx:TrackPointExtension><gpxtpx:hr>125</gpxtpx:hr></gpxtpx:TrackPointExtension></extensions></trkpt>
      <trkpt lat="40.673035" lon="-73.960341"><ele>44</ele><time>2026-09-23T22:34:30.000Z</time><extensions><gpxtpx:TrackPointExtension><gpxtpx:hr>125</gpxtpx:hr></gpxtpx:TrackPointExtension></extensions></trkpt>
      <trkpt lat="40.673031" lon="-73.96031"><ele>44</ele><time>2026-09-23T22:34:31.000Z</time><extensions><gpxtpx:TrackPointExtension><gpxtpx:hr>124</gpxtpx:hr></gpxtpx:TrackPointExtension></extensions></trkpt>
      <trkpt lat="40.673025" lon="-73.960274"><ele>44</ele><time>2026-09-23T22:34:32.000Z</time><extensions><gpxtpx:TrackPointExtension><gpxtpx:hr>124</gpxtpx:hr></gpxtpx:TrackPointExtension></extensions></trkpt>
      <trkpt lat="40.673018" lon="-73.960243"><ele>44</ele><time>2026-09-23T22:34:33.000Z</time><extensions><gpxtpx:TrackPointExtension><gpxtpx:hr>123</gpxtpx:hr></gpxtpx:TrackPointExtension></extensions></trkpt>
      <trkpt lat="40.673011" lon="-73.960215"><ele>44</ele><time>2026-09-23T22:34:34.000Z</time><extensions><gpxtpx:TrackPointExtension><gpxtpx:hr>122</gpxtpx:hr></gpxtpx:TrackPointExtension></extensions></trkpt>
      <trkpt lat="40.673004" lon="-73.960183"><ele>44</ele><time>2026-09-23T22:34:35.000Z</time><extensions><gpxtpx:TrackPointExtension><gpxtpx:hr>121</gpxtpx:hr></gpxtpx:TrackPointExtension></extensions></trkpt>
      <trkpt lat="40.672995" lon="-73.960155"><ele>44</ele><time>2026-09-23T22:34:36.000Z</time><extensions><gpxtpx:TrackPointExtension><gpxtpx:hr>120</gpxtpx:hr></gpxtpx:TrackPointExtension></extensions></trkpt>
      <trkpt lat="40.672987" lon="-73.960124"><ele>43.8</ele><time>2026-09-23T22:34:37.000Z</time><extensions><gpxtpx:TrackPointExtension><gpxtpx:hr>119</gpxtpx:hr></gpxtpx:TrackPointExtension></extensions></trkpt>
      <trkpt lat="40.672981" lon="-73.960097"><ele>43.8</ele><time>2026-09-23T22:34:38.000Z</time><extensions><gpxtpx:TrackPointExtension><gpxtpx:hr>118</gpxtpx:hr></gpxtpx:TrackPointExtension></extensions></trkpt>
      <trkpt lat="40.672971" lon="-73.960062"><ele>43.8</ele><time>2026-09-23T22:34:39.000Z</time><extensions><gpxtpx:TrackPointExtension><gpxtpx:hr>118</gpxtpx:hr></gpxtpx:TrackPointExtension></extensions></trkpt>
      <trkpt lat="40.672966" lon="-73.960041"><ele>43.8</ele><time>2026-09-23T22:34:40.000Z</time><extensions><gpxtpx:TrackPointExtension><gpxtpx:hr>118</gpxtpx:hr></gpxtpx:TrackPointExtension></extensions></trkpt>
      <trkpt lat="40.672959" lon="-73.960004"><ele>43.8</ele><time>2026-09-23T22:34:41.000Z</time><extensions><gpxtpx:TrackPointExtension><gpxtpx:hr>117</gpxtpx:hr></gpxtpx:TrackPointExtension></extensions></trkpt>
      <trkpt lat="40.672956" lon="-73.959985"><ele>43.8</ele><time>2026-09-23T22:34:42.000Z</time><extensions><gpxtpx:TrackPointExtension><gpxtpx:hr>117</gpxtpx:hr></gpxtpx:TrackPointExtension></extensions></trkpt>
      <trkpt lat="40.67295" lon="-73.959954"><ele>43.8</ele><time>2026-09-23T22:34:43.000Z</time><extensions><gpxtpx:TrackPointExtension><gpxtpx:hr>117</gpxtpx:hr></gpxtpx:TrackPointExtension></extensions></trkpt>
      <trkpt lat="40.672948" lon="-73.959932"><ele>43.8</ele><time>2026-09-23T22:34:44.000Z</time><extensions><gpxtpx:TrackPointExtension><gpxtpx:hr>116</gpxtpx:hr></gpxtpx:TrackPointExtension></extensions></trkpt>
      <trkpt lat="40.67294" lon="-73.959898"><ele>43.6</ele><time>2026-09-23T22:34:45.000Z</time><extensions><gpxtpx:TrackPointExtension><gpxtpx:hr>116</gpxtpx:hr></gpxtpx:TrackPointExtension></extensions></trkpt>
      <trkpt lat="40.672932" lon="-73.959871"><ele>43.6</ele><time>2026-09-23T22:34:46.000Z</time><extensions><gpxtpx:TrackPointExtension><gpxtpx:hr>116</gpxtpx:hr></gpxtpx:TrackPointExtension></extensions></trkpt>
      <trkpt lat="40.672927" lon="-73.95984"><ele>43.6</ele><time>2026-09-23T22:34:47.000Z</time><extensions><gpxtpx:TrackPointExtension><gpxtpx:hr>116</gpxtpx:hr></gpxtpx:TrackPointExtension></extensions></trkpt>
      <trkpt lat="40.672927" lon="-73.959811"><ele>43.4</ele><time>2026-09-23T22:34:48.000Z</time><extensions><gpxtpx:TrackPointExtension><gpxtpx:hr>116</gpxtpx:hr></gpxtpx:TrackPointExtension></extensions></trkpt>
      <trkpt lat="40.672924" lon="-73.959788"><ele>43.6</ele><time>2026-09-23T22:34:49.000Z</time><extensions><gpxtpx:TrackPointExtension><gpxtpx:hr>116</gpxtpx:hr></gpxtpx:TrackPointExtension></extensions></trkpt>
      <trkpt lat="40.672917" lon="-73.959745"><ele>43.8</ele><time>2026-09-23T22:34:50.000Z</time><extensions><gpxtpx:TrackPointExtension><gpxtpx:hr>117</gpxtpx:hr></gpxtpx:TrackPointExtension></extensions></trkpt>
      <trkpt lat="40.672919" lon="-73.959716"><ele>43.8</ele><time>2026-09-23T22:34:51.000Z</time><extensions><gpxtpx:TrackPointExtension><gpxtpx:hr>117</gpxtpx:hr></gpxtpx:TrackPointExtension></extensions></trkpt>
      <trkpt lat="40.672917" lon="-73.959674"><ele>44</ele><time>2026-09-23T22:34:52.000Z</time><extensions><gpxtpx:TrackPointExtension><gpxtpx:hr>117</gpxtpx:hr></gpxtpx:TrackPointExtension></extensions></trkpt>
      <trkpt lat="40.672917" lon="-73.959642"><ele>44.2</ele><time>2026-09-23T22:34:53.000Z</time><extensions><gpxtpx:TrackPointExtension><gpxtpx:hr>117</gpxtpx:hr></gpxtpx:TrackPointExtension></extensions></trkpt>
      <trkpt lat="40.672911" lon="-73.959608"><ele>44.2</ele><time>2026-09-23T22:34:54.000Z</time><extensions><gpxtpx:TrackPointExtension><gpxtpx:hr>117</gpxtpx:hr></gpxtpx:TrackPointExtension></extensions></trkpt>
      <trkpt lat="40.672908" lon="-73.95957"><ele>44</ele><time>2026-09-23T22:34:55.000Z</time><extensions><gpxtpx:TrackPointExtension><gpxtpx:hr>118</gpxtpx:hr></gpxtpx:TrackPointExtension></extensions></trkpt>
      <trkpt lat="40.672901" lon="-73.959534"><ele>44</ele><time>2026-09-23T22:34:56.000Z</time><extensions><gpxtpx:TrackPointExtension><gpxtpx:hr>119</gpxtpx:hr></gpxtpx:TrackPointExtension></extensions></trkpt>
      <trkpt lat="40.672889" lon="-73.959468"><ele>44</ele><time>2026-09-23T22:34:57.000Z</time><extensions><gpxtpx:TrackPointExtension><gpxtpx:hr>120</gpxtpx:hr></gpxtpx:TrackPointExtension></extensions></trkpt>
      <trkpt lat="40.672884" lon="-73.959444"><ele>44</ele><time>2026-09-23T22:34:58.000Z</time><extensions><gpxtpx:TrackPointExtension><gpxtpx:hr>121</gpxtpx:hr></gpxtpx:TrackPointExtension></extensions></trkpt>
      <trkpt lat="40.672882" lon="-73.959418"><ele>43.8</ele><time>2026-09-23T22:34:59.000Z</time><extensions><gpxtpx:TrackPointExtension><gpxtpx:hr>122</gpxtpx:hr></gpxtpx:TrackPointExtension></extensions></trkpt>
      <trkpt lat="40.672877" lon="-73.959398"><ele>43.6</ele><time>2026-09-23T22:35:00.000Z</time><extensions><gpxtpx:TrackPointExtension><gpxtpx:hr>123</gpxtpx:hr></gpxtpx:TrackPointExtension></extensions></trkpt>
      <trkpt lat="40.67286" lon="-73.959381"><ele>43.4</ele><time>2026-09-23T22:35:01.000Z</time><extensions><gpxtpx:TrackPointExtension><gpxtpx:hr>123</gpxtpx:hr></gpxtpx:TrackPointExtension></extensions></trkpt>
      <trkpt lat="40.672841" lon="-73.959367"><ele>43.2</ele><time>2026-09-23T22:35:02.000Z</time><extensions><gpxtpx:TrackPointExtension><gpxtpx:hr>124</gpxtpx:hr></gpxtpx:TrackPointExtension></extensions></trkpt>
      <trkpt lat="40.672827" lon="-73.95936"><ele>43</ele><time>2026-09-23T22:35:03.000Z</time><extensions><gpxtpx:TrackPointExtension><gpxtpx:hr>124</gpxtpx:hr></gpxtpx:TrackPointExtension></extensions></trkpt>
      <trkpt lat="40.672817" lon="-73.959351"><ele>42.8</ele><time>2026-09-23T22:35:04.000Z</time><extensions><gpxtpx:TrackPointExtension><gpxtpx:hr>124</gpxtpx:hr></gpxtpx:TrackPointExtension></extensions></trkpt>
    </trkseg>
  </trk>
</gpx>
