<?xml version="1.0" encoding="UTF-8"?>
<gpx version="1.1" creator="pull-strava.mjs"
  xmlns="http://www.topografix.com/GPX/1/1"
  xmlns:gpxtpx="http://www.garmin.com/xmlschemas/TrackPointExtension/v1">
  <metadata><name>Afternoon Run</name><time>2026-08-20T11:00:03.000Z</time></metadata>
  <trk><name>Afternoon Run</name><type>running</type>
    <trkseg>
      <trkpt lat="55.668084" lon="12.573289"><ele>6</ele><time>2026-08-20T11:00:03.000Z</time><extensions><gpxtpx:TrackPointExtension><gpxtpx:hr>85</gpxtpx:hr></gpxtpx:TrackPointExtension></extensions></trkpt>
      <trkpt lat="55.668084" lon="12.573289"><ele>6</ele><time>2026-08-20T11:00:04.000Z</time><extensions><gpxtpx:TrackPointExtension><gpxtpx:hr>85</gpxtpx:hr></gpxtpx:TrackPointExtension></extensions></trkpt>
      <trkpt lat="55.668099" lon="12.573312"><ele>5.4</ele><time>2026-08-20T11:00:05.000Z</time><extensions><gpxtpx:TrackPointExtension><gpxtpx:hr>85</gpxtpx:hr></gpxtpx:TrackPointExtension></extensions></trkpt>
      <trkpt lat="55.668116" lon="12.57334"><ele>5</ele><time>2026-08-20T11:00:06.000Z</time><extensions><gpxtpx:TrackPointExtension><gpxtpx:hr>85</gpxtpx:hr></gpxtpx:TrackPointExtension></extensions></trkpt>
      <trkpt lat="55.668133" lon="12.573369"><ele>4.8</ele><time>2026-08-20T11:00:07.000Z</time><extensions><gpxtpx:TrackPointExtension><gpxtpx:hr>85</gpxtpx:hr></gpxtpx:TrackPointExtension></extensions></trkpt>
      <trkpt lat="55.668151" lon="12.573399"><ele>4.4</ele><time>2026-08-20T11:00:08.000Z</time><extensions><gpxtpx:TrackPointExtension><gpxtpx:hr>85</gpxtpx:hr></gpxtpx:TrackPointExtension></extensions></trkpt>
      <trkpt lat="55.668171" lon="12.57343"><ele>4.2</ele><time>2026-08-20T11:00:09.000Z</time><extensions><gpxtpx:TrackPointExtension><gpxtpx:hr>86</gpxtpx:hr></gpxtpx:TrackPointExtension></extensions></trkpt>
      <trkpt lat="55.66819" lon="12.573462"><ele>4.2</ele><time>2026-08-20T11:00:10.000Z</time><extensions><gpxtpx:TrackPointExtension><gpxtpx:hr>86</gpxtpx:hr></gpxtpx:TrackPointExtension></extensions></trkpt>
      <trkpt lat="55.668209" lon="12.573494"><ele>4</ele><time>2026-08-20T11:00:11.000Z</time><extensions><gpxtpx:TrackPointExtension><gpxtpx:hr>86</gpxtpx:hr></gpxtpx:TrackPointExtension></extensions></trkpt>
      <trkpt lat="55.668227" lon="12.573526"><ele>4</ele><time>2026-08-20T11:00:12.000Z</time><extensions><gpxtpx:TrackPointExtension><gpxtpx:hr>86</gpxtpx:hr></gpxtpx:TrackPointExtension></extensions></trkpt>
      <trkpt lat="55.668243" lon="12.573559"><ele>4</ele><time>2026-08-20T11:00:13.000Z</time><extensions><gpxtpx:TrackPointExtension><gpxtpx:hr>97</gpxtpx:hr></gpxtpx:TrackPointExtension></extensions></trkpt>
      <trkpt lat="55.668259" lon="12.573595"><ele>3.8</ele><time>2026-08-20T11:00:14.000Z</time><extensions><gpxtpx:TrackPointExtension><gpxtpx:hr>97</gpxtpx:hr></gpxtpx:TrackPointExtension></extensions></trkpt>
      <trkpt lat="55.668275" lon="12.573633"><ele>3.8</ele><time>2026-08-20T11:00:15.000Z</time><extensions><gpxtpx:TrackPointExtension><gpxtpx:hr>97</gpxtpx:hr></gpxtpx:TrackPointExtension></extensions></trkpt>
      <trkpt lat="55.668291" lon="12.573671"><ele>3.8</ele><time>2026-08-20T11:00:16.000Z</time><extensions><gpxtpx:TrackPointExtension><gpxtpx:hr>97</gpxtpx:hr></gpxtpx:TrackPointExtension></extensions></trkpt>
      <trkpt lat="55.668308" lon="12.573707"><ele>3.8</ele><time>2026-08-20T11:00:17.000Z</time><extensions><gpxtpx:TrackPointExtension><gpxtpx:hr>97</gpxtpx:hr></gpxtpx:TrackPointExtension></extensions></trkpt>
      <trkpt lat="55.668327" lon="12.573738"><ele>3.8</ele><time>2026-08-20T11:00:18.000Z</time><extensions><gpxtpx:TrackPointExtension><gpxtpx:hr>97</gpxtpx:hr></gpxtpx:TrackPointExtension></extensions></trkpt>
      <trkpt lat="55.668348" lon="12.573766"><ele>3.8</ele><time>2026-08-20T11:00:19.000Z</time><extensions><gpxtpx:TrackPointExtension><gpxtpx:hr>97</gpxtpx:hr></gpxtpx:TrackPointExtension></extensions></trkpt>
      <trkpt lat="55.668369" lon="12.573792"><ele>3.8</ele><time>2026-08-20T11:00:20.000Z</time><extensions><gpxtpx:TrackPointExtension><gpxtpx:hr>97</gpxtpx:hr></gpxtpx:TrackPointExtension></extensions></trkpt>
      <trkpt lat="55.668388" lon="12.57382"><ele>3.8</ele><time>2026-08-20T11:00:21.000Z</time><extensions><gpxtpx:TrackPointExtension><gpxtpx:hr>97</gpxtpx:hr></gpxtpx:TrackPointExtension></extensions></trkpt>
      <trkpt lat="55.668406" lon="12.573849"><ele>3.8</ele><time>2026-08-20T11:00:22.000Z</time><extensions><gpxtpx:TrackPointExtension><gpxtpx:hr>109</gpxtpx:hr></gpxtpx:TrackPointExtension></extensions></trkpt>
      <trkpt lat="55.668424" lon="12.573879"><ele>3.8</ele><time>2026-08-20T11:00:23.000Z</time><extensions><gpxtpx:TrackPointExtension><gpxtpx:hr>109</gpxtpx:hr></gpxtpx:TrackPointExtension></extensions></trkpt>
      <trkpt lat="55.668443" lon="12.573906"><ele>3.6</ele><time>2026-08-20T11:00:24.000Z</time><extensions><gpxtpx:TrackPointExtension><gpxtpx:hr>109</gpxtpx:hr></gpxtpx:TrackPointExtension></extensions></trkpt>
      <trkpt lat="55.668462" lon="12.573932"><ele>3.6</ele><time>2026-08-20T11:00:25.000Z</time><extensions><gpxtpx:TrackPointExtension><gpxtpx:hr>109</gpxtpx:hr></gpxtpx:TrackPointExtension></extensions></trkpt>
      <trkpt lat="55.668484" lon="12.573954"><ele>3.6</ele><time>2026-08-20T11:00:26.000Z</time><extensions><gpxtpx:TrackPointExtension><gpxtpx:hr>108</gpxtpx:hr></gpxtpx:TrackPointExtension></extensions></trkpt>
      <trkpt lat="55.668506" lon="12.573976"><ele>3.6</ele><time>2026-08-20T11:00:27.000Z</time><extensions><gpxtpx:TrackPointExtension><gpxtpx:hr>108</gpxtpx:hr></gpxtpx:TrackPointExtension></extensions></trkpt>
      <trkpt lat="55.66853" lon="12.573996"><ele>3.6</ele><time>2026-08-20T11:00:28.000Z</time><extensions><gpxtpx:TrackPointExtension><gpxtpx:hr>111</gpxtpx:hr></gpxtpx:TrackPointExtension></extensions></trkpt>
      <trkpt lat="55.668552" lon="12.574019"><ele>3.6</ele><time>2026-08-20T11:00:29.000Z</time><extensions><gpxtpx:TrackPointExtension><gpxtpx:hr>111</gpxtpx:hr></gpxtpx:TrackPointExtension></extensions></trkpt>
      <trkpt lat="55.668574" lon="12.574042"><ele>3.8</ele><time>2026-08-20T11:00:30.000Z</time><extensions><gpxtpx:TrackPointExtension><gpxtpx:hr>111</gpxtpx:hr></gpxtpx:TrackPointExtension></extensions></trkpt>
      <trkpt lat="55.668595" lon="12.574066"><ele>3.8</ele><time>2026-08-20T11:00:31.000Z</time><extensions><gpxtpx:TrackPointExtension><gpxtpx:hr>111</gpxtpx:hr></gpxtpx:TrackPointExtension></extensions></trkpt>
      <trkpt lat="55.668616" lon="12.574091"><ele>3.8</ele><time>2026-08-20T11:00:32.000Z</time><extensions><gpxtpx:TrackPointExtension><gpxtpx:hr>111</gpxtpx:hr></gpxtpx:TrackPointExtension></extensions></trkpt>
      <trkpt lat="55.668636" lon="12.574118"><ele>3.8</ele><time>2026-08-20T11:00:33.000Z</time><extensions><gpxtpx:TrackPointExtension><gpxtpx:hr>111</gpxtpx:hr></gpxtpx:TrackPointExtension></extensions></trkpt>
      <trkpt lat="55.668656" lon="12.574143"><ele>3.8</ele><time>2026-08-20T11:00:34.000Z</time><extensions><gpxtpx:TrackPointExtension><gpxtpx:hr>120</gpxtpx:hr></gpxtpx:TrackPointExtension></extensions></trkpt>
      <trkpt lat="55.668677" lon="12.574167"><ele>3.8</ele><time>2026-08-20T11:00:35.000Z</time><extensions><gpxtpx:TrackPointExtension><gpxtpx:hr>120</gpxtpx:hr></gpxtpx:TrackPointExtension></extensions></trkpt>
      <trkpt lat="55.668701" lon="12.574184"><ele>3.8</ele><time>2026-08-20T11:00:36.000Z</time><extensions><gpxtpx:TrackPointExtension><gpxtpx:hr>120</gpxtpx:hr></gpxtpx:TrackPointExtension></extensions></trkpt>
      <trkpt lat="55.668728" lon="12.574195"><ele>3.8</ele><time>2026-08-20T11:00:37.000Z</time><extensions><gpxtpx:TrackPointExtension><gpxtpx:hr>120</gpxtpx:hr></gpxtpx:TrackPointExtension></extensions></trkpt>
      <trkpt lat="55.668755" lon="12.574204"><ele>3.8</ele><time>2026-08-20T11:00:38.000Z</time><extensions><gpxtpx:TrackPointExtension><gpxtpx:hr>120</gpxtpx:hr></gpxtpx:TrackPointExtension></extensions></trkpt>
      <trkpt lat="55.66878" lon="12.574216"><ele>3.8</ele><time>2026-08-20T11:00:39.000Z</time><extensions><gpxtpx:TrackPointExtension><gpxtpx:hr>120</gpxtpx:hr></gpxtpx:TrackPointExtension></extensions></trkpt>
      <trkpt lat="55.668804" lon="12.574234"><ele>3.8</ele><time>2026-08-20T11:00:40.000Z</time><extensions><gpxtpx:TrackPointExtension><gpxtpx:hr>120</gpxtpx:hr></gpxtpx:TrackPointExtension></extensions></trkpt>
      <trkpt lat="55.668827" lon="12.574257"><ele>3.8</ele><time>2026-08-20T11:00:41.000Z</time><extensions><gpxtpx:TrackPointExtension><gpxtpx:hr>120</gpxtpx:hr></gpxtpx:TrackPointExtension></extensions></trkpt>
      <trkpt lat="55.668847" lon="12.574284"><ele>3.8</ele><time>2026-08-20T11:00:42.000Z</time><extensions><gpxtpx:TrackPointExtension><gpxtpx:hr>122</gpxtpx:hr></gpxtpx:TrackPointExtension></extensions></trkpt>
      <trkpt lat="55.668866" lon="12.574313"><ele>3.8</ele><time>2026-08-20T11:00:43.000Z</time><extensions><gpxtpx:TrackPointExtension><gpxtpx:hr>122</gpxtpx:hr></gpxtpx:TrackPointExtension></extensions></trkpt>
      <trkpt lat="55.668883" lon="12.574342"><ele>3.8</ele><time>2026-08-20T11:00:44.000Z</time><extensions><gpxtpx:TrackPointExtension><gpxtpx:hr>122</gpxtpx:hr></gpxtpx:TrackPointExtension></extensions></trkpt>
      <trkpt lat="55.6689" lon="12.574371"><ele>3.6</ele><time>2026-08-20T11:00:45.000Z</time><extensions><gpxtpx:TrackPointExtension><gpxtpx:hr>122</gpxtpx:hr></gpxtpx:TrackPointExtension></extensions></trkpt>
      <trkpt lat="55.668917" lon="12.574398"><ele>3.6</ele><time>2026-08-20T11:00:46.000Z</time><extensions><gpxtpx:TrackPointExtension><gpxtpx:hr>122</gpxtpx:hr></gpxtpx:TrackPointExtension></extensions></trkpt>
      <trkpt lat="55.668934" lon="12.574423"><ele>3.6</ele><time>2026-08-20T11:00:47.000Z</time><extensions><gpxtpx:TrackPointExtension><gpxtpx:hr>121</gpxtpx:hr></gpxtpx:TrackPointExtension></extensions></trkpt>
      <trkpt lat="55.66895" lon="12.574448"><ele>3.6</ele><time>2026-08-20T11:00:48.000Z</time><extensions><gpxtpx:TrackPointExtension><gpxtpx:hr>121</gpxtpx:hr></gpxtpx:TrackPointExtension></extensions></trkpt>
      <trkpt lat="55.668963" lon="12.574472"><ele>3.6</ele><time>2026-08-20T11:00:49.000Z</time><extensions><gpxtpx:TrackPointExtension><gpxtpx:hr>121</gpxtpx:hr></gpxtpx:TrackPointExtension></extensions></trkpt>
      <trkpt lat="55.668974" lon="12.574495"><ele>3.6</ele><time>2026-08-20T11:00:50.000Z</time><extensions><gpxtpx:TrackPointExtension><gpxtpx:hr>121</gpxtpx:hr></gpxtpx:TrackPointExtension></extensions></trkpt>
      <trkpt lat="55.668984" lon="12.574516"><ele>3.6</ele><time>2026-08-20T11:00:51.000Z</time><extensions><gpxtpx:TrackPointExtension><gpxtpx:hr>122</gpxtpx:hr></gpxtpx:TrackPointExtension></extensions></trkpt>
      <trkpt lat="55.668995" lon="12.574533"><ele>3.6</ele><time>2026-08-20T11:00:52.000Z</time><extensions><gpxtpx:TrackPointExtension><gpxtpx:hr>122</gpxtpx:hr></gpxtpx:TrackPointExtension></extensions></trkpt>
      <trkpt lat="55.669007" lon="12.574548"><ele>3.6</ele><time>2026-08-20T11:00:53.000Z</time><extensions><gpxtpx:TrackPointExtension><gpxtpx:hr>122</gpxtpx:hr></gpxtpx:TrackPointExtension></extensions></trkpt>
      <trkpt lat="55.669021" lon="12.574564"><ele>3.6</ele><time>2026-08-20T11:00:54.000Z</time><extensions><gpxtpx:TrackPointExtension><gpxtpx:hr>123</gpxtpx:hr></gpxtpx:TrackPointExtension></extensions></trkpt>
      <trkpt lat="55.669036" lon="12.574583"><ele>3.6</ele><time>2026-08-20T11:00:55.000Z</time><extensions><gpxtpx:TrackPointExtension><gpxtpx:hr>123</gpxtpx:hr></gpxtpx:TrackPointExtension></extensions></trkpt>
      <trkpt lat="55.669053" lon="12.574606"><ele>3.6</ele><time>2026-08-20T11:00:56.000Z</time><extensions><gpxtpx:TrackPointExtension><gpxtpx:hr>123</gpxtpx:hr></gpxtpx:TrackPointExtension></extensions></trkpt>
      <trkpt lat="55.66907" lon="12.574633"><ele>3.6</ele><time>2026-08-20T11:00:57.000Z</time><extensions><gpxtpx:TrackPointExtension><gpxtpx:hr>123</gpxtpx:hr></gpxtpx:TrackPointExtension></extensions></trkpt>
      <trkpt lat="55.669086" lon="12.574663"><ele>3.6</ele><time>2026-08-20T11:00:58.000Z</time><extensions><gpxtpx:TrackPointExtension><gpxtpx:hr>123</gpxtpx:hr></gpxtpx:TrackPointExtension></extensions></trkpt>
      <trkpt lat="55.669102" lon="12.574692"><ele>3.6</ele><time>2026-08-20T11:00:59.000Z</time><extensions><gpxtpx:TrackPointExtension><gpxtpx:hr>123</gpxtpx:hr></gpxtpx:TrackPointExtension></extensions></trkpt>
      <trkpt lat="55.669117" lon="12.574719"><ele>3.6</ele><time>2026-08-20T11:01:00.000Z</time><extensions><gpxtpx:TrackPointExtension><gpxtpx:hr>123</gpxtpx:hr></gpxtpx:TrackPointExtension></extensions></trkpt>
      <trkpt lat="55.669131" lon="12.574746"><ele>3.6</ele><time>2026-08-20T11:01:01.000Z</time><extensions><gpxtpx:TrackPointExtension><gpxtpx:hr>123</gpxtpx:hr></gpxtpx:TrackPointExtension></extensions></trkpt>
      <trkpt lat="55.669146" lon="12.574773"><ele>3.6</ele><time>2026-08-20T11:01:02.000Z</time><extensions><gpxtpx:TrackPointExtension><gpxtpx:hr>123</gpxtpx:hr></gpxtpx:TrackPointExtension></extensions></trkpt>
      <trkpt lat="55.669159" lon="12.574803"><ele>3.6</ele><time>2026-08-20T11:01:03.000Z</time><extensions><gpxtpx:TrackPointExtension><gpxtpx:hr>123</gpxtpx:hr></gpxtpx:TrackPointExtension></extensions></trkpt>
      <trkpt lat="55.669174" lon="12.574835"><ele>3.6</ele><time>2026-08-20T11:01:04.000Z</time><extensions><gpxtpx:TrackPointExtension><gpxtpx:hr>123</gpxtpx:hr></gpxtpx:TrackPointExtension></extensions></trkpt>
      <trkpt lat="55.669189" lon="12.57487"><ele>3.6</ele><time>2026-08-20T11:01:05.000Z</time><extensions><gpxtpx:TrackPointExtension><gpxtpx:hr>123</gpxtpx:hr></gpxtpx:TrackPointExtension></extensions></trkpt>
      <trkpt lat="55.669205" lon="12.574903"><ele>3.6</ele><time>2026-08-20T11:01:06.000Z</time><extensions><gpxtpx:TrackPointExtension><gpxtpx:hr>123</gpxtpx:hr></gpxtpx:TrackPointExtension></extensions></trkpt>
      <trkpt lat="55.669221" lon="12.574935"><ele>3.6</ele><time>2026-08-20T11:01:07.000Z</time><extensions><gpxtpx:TrackPointExtension><gpxtpx:hr>126</gpxtpx:hr></gpxtpx:TrackPointExtension></extensions></trkpt>
      <trkpt lat="55.669238" lon="12.574966"><ele>3.6</ele><time>2026-08-20T11:01:08.000Z</time><extensions><gpxtpx:TrackPointExtension><gpxtpx:hr>126</gpxtpx:hr></gpxtpx:TrackPointExtension></extensions></trkpt>
      <trkpt lat="55.669254" lon="12.574997"><ele>3.6</ele><time>2026-08-20T11:01:09.000Z</time><extensions><gpxtpx:TrackPointExtension><gpxtpx:hr>126</gpxtpx:hr></gpxtpx:TrackPointExtension></extensions></trkpt>
      <trkpt lat="55.66927" lon="12.575031"><ele>3.6</ele><time>2026-08-20T11:01:10.000Z</time><extensions><gpxtpx:TrackPointExtension><gpxtpx:hr>126</gpxtpx:hr></gpxtpx:TrackPointExtension></extensions></trkpt>
      <trkpt lat="55.669286" lon="12.575067"><ele>3.6</ele><time>2026-08-20T11:01:11.000Z</time><extensions><gpxtpx:TrackPointExtension><gpxtpx:hr>126</gpxtpx:hr></gpxtpx:TrackPointExtension></extensions></trkpt>
      <trkpt lat="55.6693" lon="12.575106"><ele>3.6</ele><time>2026-08-20T11:01:12.000Z</time><extensions><gpxtpx:TrackPointExtension><gpxtpx:hr>126</gpxtpx:hr></gpxtpx:TrackPointExtension></extensions></trkpt>
      <trkpt lat="55.669312" lon="12.575148"><ele>3.6</ele><time>2026-08-20T11:01:13.000Z</time><extensions><gpxtpx:TrackPointExtension><gpxtpx:hr>126</gpxtpx:hr></gpxtpx:TrackPointExtension></extensions></trkpt>
      <trkpt lat="55.669322" lon="12.575193"><ele>3.6</ele><time>2026-08-20T11:01:14.000Z</time><extensions><gpxtpx:TrackPointExtension><gpxtpx:hr>127</gpxtpx:hr></gpxtpx:TrackPointExtension></extensions></trkpt>
      <trkpt lat="55.669329" lon="12.575238"><ele>3.6</ele><time>2026-08-20T11:01:15.000Z</time><extensions><gpxtpx:TrackPointExtension><gpxtpx:hr>127</gpxtpx:hr></gpxtpx:TrackPointExtension></extensions></trkpt>
      <trkpt lat="55.669335" lon="12.575282"><ele>3.6</ele><time>2026-08-20T11:01:16.000Z</time><extensions><gpxtpx:TrackPointExtension><gpxtpx:hr>127</gpxtpx:hr></gpxtpx:TrackPointExtension></extensions></trkpt>
      <trkpt lat="55.669339" lon="12.575327"><ele>3.4</ele><time>2026-08-20T11:01:17.000Z</time><extensions><gpxtpx:TrackPointExtension><gpxtpx:hr>127</gpxtpx:hr></gpxtpx:TrackPointExtension></extensions></trkpt>
      <trkpt lat="55.66934" lon="12.575375"><ele>3.4</ele><time>2026-08-20T11:01:18.000Z</time><extensions><gpxtpx:TrackPointExtension><gpxtpx:hr>127</gpxtpx:hr></gpxtpx:TrackPointExtension></extensions></trkpt>
      <trkpt lat="55.669341" lon="12.575425"><ele>3.4</ele><time>2026-08-20T11:01:19.000Z</time><extensions><gpxtpx:TrackPointExtension><gpxtpx:hr>127</gpxtpx:hr></gpxtpx:TrackPointExtension></extensions></trkpt>
      <trkpt lat="55.669344" lon="12.575476"><ele>3.4</ele><time>2026-08-20T11:01:20.000Z</time><extensions><gpxtpx:TrackPointExtension><gpxtpx:hr>127</gpxtpx:hr></gpxtpx:TrackPointExtension></extensions></trkpt>
      <trkpt lat="55.669349" lon="12.575525"><ele>3.6</ele><time>2026-08-20T11:01:21.000Z</time><extensions><gpxtpx:TrackPointExtension><gpxtpx:hr>127</gpxtpx:hr></gpxtpx:TrackPointExtension></extensions></trkpt>
      <trkpt lat="55.669359" lon="12.575572"><ele>3.6</ele><time>2026-08-20T11:01:22.000Z</time><extensions><gpxtpx:TrackPointExtension><gpxtpx:hr>128</gpxtpx:hr></gpxtpx:TrackPointExtension></extensions></trkpt>
      <trkpt lat="55.669373" lon="12.575616"><ele>3.6</ele><time>2026-08-20T11:01:23.000Z</time><extensions><gpxtpx:TrackPointExtension><gpxtpx:hr>128</gpxtpx:hr></gpxtpx:TrackPointExtension></extensions></trkpt>
      <trkpt lat="55.669391" lon="12.57566"><ele>3.6</ele><time>2026-08-20T11:01:24.000Z</time><extensions><gpxtpx:TrackPointExtension><gpxtpx:hr>128</gpxtpx:hr></gpxtpx:TrackPointExtension></extensions></trkpt>
      <trkpt lat="55.669411" lon="12.575701"><ele>3.6</ele><time>2026-08-20T11:01:25.000Z</time><extensions><gpxtpx:TrackPointExtension><gpxtpx:hr>128</gpxtpx:hr></gpxtpx:TrackPointExtension></extensions></trkpt>
      <trkpt lat="55.669432" lon="12.575738"><ele>3.8</ele><time>2026-08-20T11:01:26.000Z</time><extensions><gpxtpx:TrackPointExtension><gpxtpx:hr>128</gpxtpx:hr></gpxtpx:TrackPointExtension></extensions></trkpt>
      <trkpt lat="55.669454" lon="12.575773"><ele>3.8</ele><time>2026-08-20T11:01:27.000Z</time><extensions><gpxtpx:TrackPointExtension><gpxtpx:hr>128</gpxtpx:hr></gpxtpx:TrackPointExtension></extensions></trkpt>
      <trkpt lat="55.669476" lon="12.575809"><ele>3.8</ele><time>2026-08-20T11:01:28.000Z</time><extensions><gpxtpx:TrackPointExtension><gpxtpx:hr>129</gpxtpx:hr></gpxtpx:TrackPointExtension></extensions></trkpt>
      <trkpt lat="55.669498" lon="12.575843"><ele>3.8</ele><time>2026-08-20T11:01:29.000Z</time><extensions><gpxtpx:TrackPointExtension><gpxtpx:hr>129</gpxtpx:hr></gpxtpx:TrackPointExtension></extensions></trkpt>
      <trkpt lat="55.66952" lon="12.575877"><ele>3.8</ele><time>2026-08-20T11:01:30.000Z</time><extensions><gpxtpx:TrackPointExtension><gpxtpx:hr>129</gpxtpx:hr></gpxtpx:TrackPointExtension></extensions></trkpt>
      <trkpt lat="55.669562" lon="12.575941"><ele>4</ele><time>2026-08-20T11:01:31.000Z</time><extensions><gpxtpx:TrackPointExtension><gpxtpx:hr>129</gpxtpx:hr></gpxtpx:TrackPointExtension></extensions></trkpt>
      <trkpt lat="55.669582" lon="12.575969"><ele>4</ele><time>2026-08-20T11:01:32.000Z</time><extensions><gpxtpx:TrackPointExtension><gpxtpx:hr>129</gpxtpx:hr></gpxtpx:TrackPointExtension></extensions></trkpt>
      <trkpt lat="55.669601" lon="12.575996"><ele>4</ele><time>2026-08-20T11:01:33.000Z</time><extensions><gpxtpx:TrackPointExtension><gpxtpx:hr>129</gpxtpx:hr></gpxtpx:TrackPointExtension></extensions></trkpt>
      <trkpt lat="55.66962" lon="12.576022"><ele>4</ele><time>2026-08-20T11:01:34.000Z</time><extensions><gpxtpx:TrackPointExtension><gpxtpx:hr>129</gpxtpx:hr></gpxtpx:TrackPointExtension></extensions></trkpt>
      <trkpt lat="55.66964" lon="12.576048"><ele>4</ele><time>2026-08-20T11:01:35.000Z</time><extensions><gpxtpx:TrackPointExtension><gpxtpx:hr>129</gpxtpx:hr></gpxtpx:TrackPointExtension></extensions></trkpt>
      <trkpt lat="55.66966" lon="12.576074"><ele>4</ele><time>2026-08-20T11:01:36.000Z</time><extensions><gpxtpx:TrackPointExtension><gpxtpx:hr>129</gpxtpx:hr></gpxtpx:TrackPointExtension></extensions></trkpt>
      <trkpt lat="55.66968" lon="12.5761"><ele>4</ele><time>2026-08-20T11:01:37.000Z</time><extensions><gpxtpx:TrackPointExtension><gpxtpx:hr>129</gpxtpx:hr></gpxtpx:TrackPointExtension></extensions></trkpt>
      <trkpt lat="55.6697" lon="12.576126"><ele>4</ele><time>2026-08-20T11:01:38.000Z</time><extensions><gpxtpx:TrackPointExtension><gpxtpx:hr>130</gpxtpx:hr></gpxtpx:TrackPointExtension></extensions></trkpt>
      <trkpt lat="55.669719" lon="12.576151"><ele>4</ele><time>2026-08-20T11:01:39.000Z</time><extensions><gpxtpx:TrackPointExtension><gpxtpx:hr>130</gpxtpx:hr></gpxtpx:TrackPointExtension></extensions></trkpt>
      <trkpt lat="55.669736" lon="12.576177"><ele>4</ele><time>2026-08-20T11:01:40.000Z</time><extensions><gpxtpx:TrackPointExtension><gpxtpx:hr>130</gpxtpx:hr></gpxtpx:TrackPointExtension></extensions></trkpt>
      <trkpt lat="55.669752" lon="12.576201"><ele>4</ele><time>2026-08-20T11:01:41.000Z</time><extensions><gpxtpx:TrackPointExtension><gpxtpx:hr>130</gpxtpx:hr></gpxtpx:TrackPointExtension></extensions></trkpt>
      <trkpt lat="55.669767" lon="12.576223"><ele>3.8</ele><time>2026-08-20T11:01:42.000Z</time><extensions><gpxtpx:TrackPointExtension><gpxtpx:hr>130</gpxtpx:hr></gpxtpx:TrackPointExtension></extensions></trkpt>
      <trkpt lat="55.669783" lon="12.576241"><ele>3.8</ele><time>2026-08-20T11:01:43.000Z</time><extensions><gpxtpx:TrackPointExtension><gpxtpx:hr>130</gpxtpx:hr></gpxtpx:TrackPointExtension></extensions></trkpt>
      <trkpt lat="55.669799" lon="12.576254"><ele>3.8</ele><time>2026-08-20T11:01:44.000Z</time><extensions><gpxtpx:TrackPointExtension><gpxtpx:hr>130</gpxtpx:hr></gpxtpx:TrackPointExtension></extensions></trkpt>
      <trkpt lat="55.669816" lon="12.57626"><ele>3.8</ele><time>2026-08-20T11:01:45.000Z</time><extensions><gpxtpx:TrackPointExtension><gpxtpx:hr>130</gpxtpx:hr></gpxtpx:TrackPointExtension></extensions></trkpt>
      <trkpt lat="55.669832" lon="12.576257"><ele>3.8</ele><time>2026-08-20T11:01:46.000Z</time><extensions><gpxtpx:TrackPointExtension><gpxtpx:hr>132</gpxtpx:hr></gpxtpx:TrackPointExtension></extensions></trkpt>
      <trkpt lat="55.669847" lon="12.576246"><ele>3.8</ele><time>2026-08-20T11:01:47.000Z</time><extensions><gpxtpx:TrackPointExtension><gpxtpx:hr>132</gpxtpx:hr></gpxtpx:TrackPointExtension></extensions></trkpt>
      <trkpt lat="55.669861" lon="12.576227"><ele>3.8</ele><time>2026-08-20T11:01:48.000Z</time><extensions><gpxtpx:TrackPointExtension><gpxtpx:hr>132</gpxtpx:hr></gpxtpx:TrackPointExtension></extensions></trkpt>
      <trkpt lat="55.669875" lon="12.576203"><ele>3.8</ele><time>2026-08-20T11:01:49.000Z</time><extensions><gpxtpx:TrackPointExtension><gpxtpx:hr>133</gpxtpx:hr></gpxtpx:TrackPointExtension></extensions></trkpt>
      <trkpt lat="55.669889" lon="12.57618"><ele>3.8</ele><time>2026-08-20T11:01:50.000Z</time><extensions><gpxtpx:TrackPointExtension><gpxtpx:hr>133</gpxtpx:hr></gpxtpx:TrackPointExtension></extensions></trkpt>
      <trkpt lat="55.669902" lon="12.576159"><ele>3.8</ele><time>2026-08-20T11:01:51.000Z</time><extensions><gpxtpx:TrackPointExtension><gpxtpx:hr>133</gpxtpx:hr></gpxtpx:TrackPointExtension></extensions></trkpt>
      <trkpt lat="55.669915" lon="12.57614"><ele>3.6</ele><time>2026-08-20T11:01:52.000Z</time><extensions><gpxtpx:TrackPointExtension><gpxtpx:hr>133</gpxtpx:hr></gpxtpx:TrackPointExtension></extensions></trkpt>
      <trkpt lat="55.669926" lon="12.576125"><ele>3.6</ele><time>2026-08-20T11:01:53.000Z</time><extensions><gpxtpx:TrackPointExtension><gpxtpx:hr>133</gpxtpx:hr></gpxtpx:TrackPointExtension></extensions></trkpt>
      <trkpt lat="55.669938" lon="12.576119"><ele>3.6</ele><time>2026-08-20T11:01:54.000Z</time><extensions><gpxtpx:TrackPointExtension><gpxtpx:hr>134</gpxtpx:hr></gpxtpx:TrackPointExtension></extensions></trkpt>
      <trkpt lat="55.669948" lon="12.576128"><ele>3.6</ele><time>2026-08-20T11:01:55.000Z</time><extensions><gpxtpx:TrackPointExtension><gpxtpx:hr>134</gpxtpx:hr></gpxtpx:TrackPointExtension></extensions></trkpt>
      <trkpt lat="55.66996" lon="12.576148"><ele>3.6</ele><time>2026-08-20T11:01:56.000Z</time><extensions><gpxtpx:TrackPointExtension><gpxtpx:hr>134</gpxtpx:hr></gpxtpx:TrackPointExtension></extensions></trkpt>
      <trkpt lat="55.669971" lon="12.576167"><ele>3.6</ele><time>2026-08-20T11:01:57.000Z</time><extensions><gpxtpx:TrackPointExtension><gpxtpx:hr>134</gpxtpx:hr></gpxtpx:TrackPointExtension></extensions></trkpt>
      <trkpt lat="55.669982" lon="12.576177"><ele>3.6</ele><time>2026-08-20T11:01:58.000Z</time><extensions><gpxtpx:TrackPointExtension><gpxtpx:hr>133</gpxtpx:hr></gpxtpx:TrackPointExtension></extensions></trkpt>
      <trkpt lat="55.669991" lon="12.576181"><ele>3.6</ele><time>2026-08-20T11:01:59.000Z</time><extensions><gpxtpx:TrackPointExtension><gpxtpx:hr>133</gpxtpx:hr></gpxtpx:TrackPointExtension></extensions></trkpt>
      <trkpt lat="55.669999" lon="12.576189"><ele>3.6</ele><time>2026-08-20T11:02:00.000Z</time><extensions><gpxtpx:TrackPointExtension><gpxtpx:hr>133</gpxtpx:hr></gpxtpx:TrackPointExtension></extensions></trkpt>
      <trkpt lat="55.67001" lon="12.576205"><ele>3.6</ele><time>2026-08-20T11:02:01.000Z</time><extensions><gpxtpx:TrackPointExtension><gpxtpx:hr>133</gpxtpx:hr></gpxtpx:TrackPointExtension></extensions></trkpt>
      <trkpt lat="55.670031" lon="12.576241"><ele>3.6</ele><time>2026-08-20T11:02:02.000Z</time><extensions><gpxtpx:TrackPointExtension><gpxtpx:hr>133</gpxtpx:hr></gpxtpx:TrackPointExtension></extensions></trkpt>
      <trkpt lat="55.670046" lon="12.576264"><ele>3.6</ele><time>2026-08-20T11:02:03.000Z</time><extensions><gpxtpx:TrackPointExtension><gpxtpx:hr>133</gpxtpx:hr></gpxtpx:TrackPointExtension></extensions></trkpt>
      <trkpt lat="55.67006" lon="12.576288"><ele>3.6</ele><time>2026-08-20T11:02:04.000Z</time><extensions><gpxtpx:TrackPointExtension><gpxtpx:hr>132</gpxtpx:hr></gpxtpx:TrackPointExtension></extensions></trkpt>
      <trkpt lat="55.670076" lon="12.576314"><ele>3.6</ele><time>2026-08-20T11:02:05.000Z</time><extensions><gpxtpx:TrackPointExtension><gpxtpx:hr>132</gpxtpx:hr></gpxtpx:TrackPointExtension></extensions></trkpt>
      <trkpt lat="55.670092" lon="12.576341"><ele>3.6</ele><time>2026-08-20T11:02:06.000Z</time><extensions><gpxtpx:TrackPointExtension><gpxtpx:hr>132</gpxtpx:hr></gpxtpx:TrackPointExtension></extensions></trkpt>
      <trkpt lat="55.670108" lon="12.576369"><ele>3.6</ele><time>2026-08-20T11:02:07.000Z</time><extensions><gpxtpx:TrackPointExtension><gpxtpx:hr>132</gpxtpx:hr></gpxtpx:TrackPointExtension></extensions></trkpt>
      <trkpt lat="55.670126" lon="12.576399"><ele>3.6</ele><time>2026-08-20T11:02:08.000Z</time><extensions><gpxtpx:TrackPointExtension><gpxtpx:hr>132</gpxtpx:hr></gpxtpx:TrackPointExtension></extensions></trkpt>
      <trkpt lat="55.670144" lon="12.57643"><ele>3.6</ele><time>2026-08-20T11:02:09.000Z</time><extensions><gpxtpx:TrackPointExtension><gpxtpx:hr>132</gpxtpx:hr></gpxtpx:TrackPointExtension></extensions></trkpt>
      <trkpt lat="55.670163" lon="12.576463"><ele>3.6</ele><time>2026-08-20T11:02:10.000Z</time><extensions><gpxtpx:TrackPointExtension><gpxtpx:hr>132</gpxtpx:hr></gpxtpx:TrackPointExtension></extensions></trkpt>
      <trkpt lat="55.670183" lon="12.576497"><ele>3.6</ele><time>2026-08-20T11:02:11.000Z</time><extensions><gpxtpx:TrackPointExtension><gpxtpx:hr>133</gpxtpx:hr></gpxtpx:TrackPointExtension></extensions></trkpt>
      <trkpt lat="55.670203" lon="12.576531"><ele>3.6</ele><time>2026-08-20T11:02:12.000Z</time><extensions><gpxtpx:TrackPointExtension><gpxtpx:hr>133</gpxtpx:hr></gpxtpx:TrackPointExtension></extensions></trkpt>
      <trkpt lat="55.670223" lon="12.576566"><ele>3.6</ele><time>2026-08-20T11:02:13.000Z</time><extensions><gpxtpx:TrackPointExtension><gpxtpx:hr>133</gpxtpx:hr></gpxtpx:TrackPointExtension></extensions></trkpt>
      <trkpt lat="55.670244" lon="12.576602"><ele>3.6</ele><time>2026-08-20T11:02:14.000Z</time><extensions><gpxtpx:TrackPointExtension><gpxtpx:hr>133</gpxtpx:hr></gpxtpx:TrackPointExtension></extensions></trkpt>
      <trkpt lat="55.670265" lon="12.576639"><ele>3.4</ele><time>2026-08-20T11:02:15.000Z</time><extensions><gpxtpx:TrackPointExtension><gpxtpx:hr>133</gpxtpx:hr></gpxtpx:TrackPointExtension></extensions></trkpt>
      <trkpt lat="55.670285" lon="12.576677"><ele>3.4</ele><time>2026-08-20T11:02:16.000Z</time><extensions><gpxtpx:TrackPointExtension><gpxtpx:hr>133</gpxtpx:hr></gpxtpx:TrackPointExtension></extensions></trkpt>
      <trkpt lat="55.670306" lon="12.576717"><ele>3.4</ele><time>2026-08-20T11:02:17.000Z</time><extensions><gpxtpx:TrackPointExtension><gpxtpx:hr>133</gpxtpx:hr></gpxtpx:TrackPointExtension></extensions></trkpt>
      <trkpt lat="55.670325" lon="12.57676"><ele>3.4</ele><time>2026-08-20T11:02:18.000Z</time><extensions><gpxtpx:TrackPointExtension><gpxtpx:hr>133</gpxtpx:hr></gpxtpx:TrackPointExtension></extensions></trkpt>
      <trkpt lat="55.670346" lon="12.576802"><ele>3.4</ele><time>2026-08-20T11:02:19.000Z</time><extensions><gpxtpx:TrackPointExtension><gpxtpx:hr>133</gpxtpx:hr></gpxtpx:TrackPointExtension></extensions></trkpt>
      <trkpt lat="55.670368" lon="12.576842"><ele>3.4</ele><time>2026-08-20T11:02:20.000Z</time><extensions><gpxtpx:TrackPointExtension><gpxtpx:hr>133</gpxtpx:hr></gpxtpx:TrackPointExtension></extensions></trkpt>
      <trkpt lat="55.67039" lon="12.576882"><ele>3.4</ele><time>2026-08-20T11:02:21.000Z</time><extensions><gpxtpx:TrackPointExtension><gpxtpx:hr>133</gpxtpx:hr></gpxtpx:TrackPointExtension></extensions></trkpt>
      <trkpt lat="55.670411" lon="12.576921"><ele>3.4</ele><time>2026-08-20T11:02:22.000Z</time><extensions><gpxtpx:TrackPointExtension><gpxtpx:hr>132</gpxtpx:hr></gpxtpx:TrackPointExtension></extensions></trkpt>
      <trkpt lat="55.670432" lon="12.576959"><ele>3.4</ele><time>2026-08-20T11:02:23.000Z</time><extensions><gpxtpx:TrackPointExtension><gpxtpx:hr>132</gpxtpx:hr></gpxtpx:TrackPointExtension></extensions></trkpt>
      <trkpt lat="55.670451" lon="12.576996"><ele>3.4</ele><time>2026-08-20T11:02:24.000Z</time><extensions><gpxtpx:TrackPointExtension><gpxtpx:hr>132</gpxtpx:hr></gpxtpx:TrackPointExtension></extensions></trkpt>
      <trkpt lat="55.670471" lon="12.577035"><ele>3.4</ele><time>2026-08-20T11:02:25.000Z</time><extensions><gpxtpx:TrackPointExtension><gpxtpx:hr>132</gpxtpx:hr></gpxtpx:TrackPointExtension></extensions></trkpt>
      <trkpt lat="55.67049" lon="12.577074"><ele>3.4</ele><time>2026-08-20T11:02:26.000Z</time><extensions><gpxtpx:TrackPointExtension><gpxtpx:hr>132</gpxtpx:hr></gpxtpx:TrackPointExtension></extensions></trkpt>
      <trkpt lat="55.670508" lon="12.577113"><ele>3.4</ele><time>2026-08-20T11:02:27.000Z</time><extensions><gpxtpx:TrackPointExtension><gpxtpx:hr>132</gpxtpx:hr></gpxtpx:TrackPointExtension></extensions></trkpt>
      <trkpt lat="55.670526" lon="12.577153"><ele>3.4</ele><time>2026-08-20T11:02:28.000Z</time><extensions><gpxtpx:TrackPointExtension><gpxtpx:hr>132</gpxtpx:hr></gpxtpx:TrackPointExtension></extensions></trkpt>
      <trkpt lat="55.670544" lon="12.577193"><ele>3.4</ele><time>2026-08-20T11:02:29.000Z</time><extensions><gpxtpx:TrackPointExtension><gpxtpx:hr>134</gpxtpx:hr></gpxtpx:TrackPointExtension></extensions></trkpt>
      <trkpt lat="55.670561" lon="12.577232"><ele>3.4</ele><time>2026-08-20T11:02:30.000Z</time><extensions><gpxtpx:TrackPointExtension><gpxtpx:hr>134</gpxtpx:hr></gpxtpx:TrackPointExtension></extensions></trkpt>
      <trkpt lat="55.670577" lon="12.57727"><ele>3.4</ele><time>2026-08-20T11:02:31.000Z</time><extensions><gpxtpx:TrackPointExtension><gpxtpx:hr>134</gpxtpx:hr></gpxtpx:TrackPointExtension></extensions></trkpt>
      <trkpt lat="55.670593" lon="12.577308"><ele>3.4</ele><time>2026-08-20T11:02:32.000Z</time><extensions><gpxtpx:TrackPointExtension><gpxtpx:hr>134</gpxtpx:hr></gpxtpx:TrackPointExtension></extensions></trkpt>
      <trkpt lat="55.670608" lon="12.577346"><ele>3.4</ele><time>2026-08-20T11:02:33.000Z</time><extensions><gpxtpx:TrackPointExtension><gpxtpx:hr>134</gpxtpx:hr></gpxtpx:TrackPointExtension></extensions></trkpt>
      <trkpt lat="55.670622" lon="12.577385"><ele>3.2</ele><time>2026-08-20T11:02:34.000Z</time><extensions><gpxtpx:TrackPointExtension><gpxtpx:hr>134</gpxtpx:hr></gpxtpx:TrackPointExtension></extensions></trkpt>
      <trkpt lat="55.67063" lon="12.577428"><ele>3.2</ele><time>2026-08-20T11:02:35.000Z</time><extensions><gpxtpx:TrackPointExtension><gpxtpx:hr>134</gpxtpx:hr></gpxtpx:TrackPointExtension></extensions></trkpt>
      <trkpt lat="55.670639" lon="12.577471"><ele>3.2</ele><time>2026-08-20T11:02:36.000Z</time><extensions><gpxtpx:TrackPointExtension><gpxtpx:hr>135</gpxtpx:hr></gpxtpx:TrackPointExtension></extensions></trkpt>
      <trkpt lat="55.670654" lon="12.577511"><ele>3.2</ele><time>2026-08-20T11:02:37.000Z</time><extensions><gpxtpx:TrackPointExtension><gpxtpx:hr>135</gpxtpx:hr></gpxtpx:TrackPointExtension></extensions></trkpt>
      <trkpt lat="55.670673" lon="12.577548"><ele>3</ele><time>2026-08-20T11:02:38.000Z</time><extensions><gpxtpx:TrackPointExtension><gpxtpx:hr>135</gpxtpx:hr></gpxtpx:TrackPointExtension></extensions></trkpt>
      <trkpt lat="55.670692" lon="12.577583"><ele>3</ele><time>2026-08-20T11:02:39.000Z</time><extensions><gpxtpx:TrackPointExtension><gpxtpx:hr>135</gpxtpx:hr></gpxtpx:TrackPointExtension></extensions></trkpt>
      <trkpt lat="55.670711" lon="12.577615"><ele>3</ele><time>2026-08-20T11:02:40.000Z</time><extensions><gpxtpx:TrackPointExtension><gpxtpx:hr>135</gpxtpx:hr></gpxtpx:TrackPointExtension></extensions></trkpt>
      <trkpt lat="55.670731" lon="12.577647"><ele>3</ele><time>2026-08-20T11:02:41.000Z</time><extensions><gpxtpx:TrackPointExtension><gpxtpx:hr>135</gpxtpx:hr></gpxtpx:TrackPointExtension></extensions></trkpt>
      <trkpt lat="55.67075" lon="12.577678"><ele>3</ele><time>2026-08-20T11:02:42.000Z</time><extensions><gpxtpx:TrackPointExtension><gpxtpx:hr>135</gpxtpx:hr></gpxtpx:TrackPointExtension></extensions></trkpt>
      <trkpt lat="55.67077" lon="12.57771"><ele>3</ele><time>2026-08-20T11:02:43.000Z</time><extensions><gpxtpx:TrackPointExtension><gpxtpx:hr>135</gpxtpx:hr></gpxtpx:TrackPointExtension></extensions></trkpt>
      <trkpt lat="55.670789" lon="12.577742"><ele>3</ele><time>2026-08-20T11:02:44.000Z</time><extensions><gpxtpx:TrackPointExtension><gpxtpx:hr>135</gpxtpx:hr></gpxtpx:TrackPointExtension></extensions></trkpt>
      <trkpt lat="55.670809" lon="12.577775"><ele>3</ele><time>2026-08-20T11:02:45.000Z</time><extensions><gpxtpx:TrackPointExtension><gpxtpx:hr>136</gpxtpx:hr></gpxtpx:TrackPointExtension></extensions></trkpt>
      <trkpt lat="55.67083" lon="12.577808"><ele>3</ele><time>2026-08-20T11:02:46.000Z</time><extensions><gpxtpx:TrackPointExtension><gpxtpx:hr>136</gpxtpx:hr></gpxtpx:TrackPointExtension></extensions></trkpt>
      <trkpt lat="55.67085" lon="12.577842"><ele>3</ele><time>2026-08-20T11:02:47.000Z</time><extensions><gpxtpx:TrackPointExtension><gpxtpx:hr>136</gpxtpx:hr></gpxtpx:TrackPointExtension></extensions></trkpt>
      <trkpt lat="55.67087" lon="12.577875"><ele>3</ele><time>2026-08-20T11:02:48.000Z</time><extensions><gpxtpx:TrackPointExtension><gpxtpx:hr>136</gpxtpx:hr></gpxtpx:TrackPointExtension></extensions></trkpt>
      <trkpt lat="55.67089" lon="12.577907"><ele>3.2</ele><time>2026-08-20T11:02:49.000Z</time><extensions><gpxtpx:TrackPointExtension><gpxtpx:hr>136</gpxtpx:hr></gpxtpx:TrackPointExtension></extensions></trkpt>
      <trkpt lat="55.670909" lon="12.577938"><ele>3</ele><time>2026-08-20T11:02:50.000Z</time><extensions><gpxtpx:TrackPointExtension><gpxtpx:hr>136</gpxtpx:hr></gpxtpx:TrackPointExtension></extensions></trkpt>
      <trkpt lat="55.670927" lon="12.577968"><ele>3</ele><time>2026-08-20T11:02:51.000Z</time><extensions><gpxtpx:TrackPointExtension><gpxtpx:hr>135</gpxtpx:hr></gpxtpx:TrackPointExtension></extensions></trkpt>
      <trkpt lat="55.670944" lon="12.577995"><ele>3</ele><time>2026-08-20T11:02:52.000Z</time><extensions><gpxtpx:TrackPointExtension><gpxtpx:hr>135</gpxtpx:hr></gpxtpx:TrackPointExtension></extensions></trkpt>
      <trkpt lat="55.67096" lon="12.578022"><ele>3</ele><time>2026-08-20T11:02:53.000Z</time><extensions><gpxtpx:TrackPointExtension><gpxtpx:hr>135</gpxtpx:hr></gpxtpx:TrackPointExtension></extensions></trkpt>
      <trkpt lat="55.670977" lon="12.578049"><ele>3</ele><time>2026-08-20T11:02:54.000Z</time><extensions><gpxtpx:TrackPointExtension><gpxtpx:hr>135</gpxtpx:hr></gpxtpx:TrackPointExtension></extensions></trkpt>
      <trkpt lat="55.670994" lon="12.578078"><ele>3.2</ele><time>2026-08-20T11:02:55.000Z</time><extensions><gpxtpx:TrackPointExtension><gpxtpx:hr>135</gpxtpx:hr></gpxtpx:TrackPointExtension></extensions></trkpt>
      <trkpt lat="55.671012" lon="12.578107"><ele>3.2</ele><time>2026-08-20T11:02:56.000Z</time><extensions><gpxtpx:TrackPointExtension><gpxtpx:hr>135</gpxtpx:hr></gpxtpx:TrackPointExtension></extensions></trkpt>
      <trkpt lat="55.67103" lon="12.578137"><ele>3.2</ele><time>2026-08-20T11:02:57.000Z</time><extensions><gpxtpx:TrackPointExtension><gpxtpx:hr>135</gpxtpx:hr></gpxtpx:TrackPointExtension></extensions></trkpt>
      <trkpt lat="55.671049" lon="12.578167"><ele>3.2</ele><time>2026-08-20T11:02:58.000Z</time><extensions><gpxtpx:TrackPointExtension><gpxtpx:hr>135</gpxtpx:hr></gpxtpx:TrackPointExtension></extensions></trkpt>
      <trkpt lat="55.671066" lon="12.578196"><ele>3.2</ele><time>2026-08-20T11:02:59.000Z</time><extensions><gpxtpx:TrackPointExtension><gpxtpx:hr>135</gpxtpx:hr></gpxtpx:TrackPointExtension></extensions></trkpt>
      <trkpt lat="55.671084" lon="12.578226"><ele>3.2</ele><time>2026-08-20T11:03:00.000Z</time><extensions><gpxtpx:TrackPointExtension><gpxtpx:hr>135</gpxtpx:hr></gpxtpx:TrackPointExtension></extensions></trkpt>
      <trkpt lat="55.671102" lon="12.578255"><ele>3.2</ele><time>2026-08-20T11:03:01.000Z</time><extensions><gpxtpx:TrackPointExtension><gpxtpx:hr>135</gpxtpx:hr></gpxtpx:TrackPointExtension></extensions></trkpt>
      <trkpt lat="55.67112" lon="12.578284"><ele>3.2</ele><time>2026-08-20T11:03:02.000Z</time><extensions><gpxtpx:TrackPointExtension><gpxtpx:hr>135</gpxtpx:hr></gpxtpx:TrackPointExtension></extensions></trkpt>
      <trkpt lat="55.671137" lon="12.578312"><ele>3.2</ele><time>2026-08-20T11:03:03.000Z</time><extensions><gpxtpx:TrackPointExtension><gpxtpx:hr>135</gpxtpx:hr></gpxtpx:TrackPointExtension></extensions></trkpt>
      <trkpt lat="55.671154" lon="12.57834"><ele>3.2</ele><time>2026-08-20T11:03:04.000Z</time><extensions><gpxtpx:TrackPointExtension><gpxtpx:hr>135</gpxtpx:hr></gpxtpx:TrackPointExtension></extensions></trkpt>
      <trkpt lat="55.67117" lon="12.578368"><ele>3.2</ele><time>2026-08-20T11:03:05.000Z</time><extensions><gpxtpx:TrackPointExtension><gpxtpx:hr>135</gpxtpx:hr></gpxtpx:TrackPointExtension></extensions></trkpt>
      <trkpt lat="55.671187" lon="12.578396"><ele>3.2</ele><time>2026-08-20T11:03:06.000Z</time><extensions><gpxtpx:TrackPointExtension><gpxtpx:hr>135</gpxtpx:hr></gpxtpx:TrackPointExtension></extensions></trkpt>
      <trkpt lat="55.671203" lon="12.578422"><ele>3.2</ele><time>2026-08-20T11:03:07.000Z</time><extensions><gpxtpx:TrackPointExtension><gpxtpx:hr>135</gpxtpx:hr></gpxtpx:TrackPointExtension></extensions></trkpt>
      <trkpt lat="55.671219" lon="12.578449"><ele>3.2</ele><time>2026-08-20T11:03:08.000Z</time><extensions><gpxtpx:TrackPointExtension><gpxtpx:hr>135</gpxtpx:hr></gpxtpx:TrackPointExtension></extensions></trkpt>
      <trkpt lat="55.671235" lon="12.578476"><ele>3.2</ele><time>2026-08-20T11:03:09.000Z</time><extensions><gpxtpx:TrackPointExtension><gpxtpx:hr>135</gpxtpx:hr></gpxtpx:TrackPointExtension></extensions></trkpt>
      <trkpt lat="55.671252" lon="12.578504"><ele>3.2</ele><time>2026-08-20T11:03:10.000Z</time><extensions><gpxtpx:TrackPointExtension><gpxtpx:hr>135</gpxtpx:hr></gpxtpx:TrackPointExtension></extensions></trkpt>
      <trkpt lat="55.671269" lon="12.578532"><ele>3.2</ele><time>2026-08-20T11:03:11.000Z</time><extensions><gpxtpx:TrackPointExtension><gpxtpx:hr>135</gpxtpx:hr></gpxtpx:TrackPointExtension></extensions></trkpt>
      <trkpt lat="55.671286" lon="12.578561"><ele>3.2</ele><time>2026-08-20T11:03:12.000Z</time><extensions><gpxtpx:TrackPointExtension><gpxtpx:hr>134</gpxtpx:hr></gpxtpx:TrackPointExtension></extensions></trkpt>
      <trkpt lat="55.671303" lon="12.578588"><ele>3.2</ele><time>2026-08-20T11:03:13.000Z</time><extensions><gpxtpx:TrackPointExtension><gpxtpx:hr>134</gpxtpx:hr></gpxtpx:TrackPointExtension></extensions></trkpt>
      <trkpt lat="55.671319" lon="12.578615"><ele>3.2</ele><time>2026-08-20T11:03:14.000Z</time><extensions><gpxtpx:TrackPointExtension><gpxtpx:hr>134</gpxtpx:hr></gpxtpx:TrackPointExtension></extensions></trkpt>
      <trkpt lat="55.671336" lon="12.578641"><ele>3.2</ele><time>2026-08-20T11:03:15.000Z</time><extensions><gpxtpx:TrackPointExtension><gpxtpx:hr>134</gpxtpx:hr></gpxtpx:TrackPointExtension></extensions></trkpt>
      <trkpt lat="55.671351" lon="12.578666"><ele>3.2</ele><time>2026-08-20T11:03:16.000Z</time><extensions><gpxtpx:TrackPointExtension><gpxtpx:hr>134</gpxtpx:hr></gpxtpx:TrackPointExtension></extensions></trkpt>
      <trkpt lat="55.671367" lon="12.578689"><ele>3.2</ele><time>2026-08-20T11:03:17.000Z</time><extensions><gpxtpx:TrackPointExtension><gpxtpx:hr>134</gpxtpx:hr></gpxtpx:TrackPointExtension></extensions></trkpt>
      <trkpt lat="55.671381" lon="12.578712"><ele>3.2</ele><time>2026-08-20T11:03:18.000Z</time><extensions><gpxtpx:TrackPointExtension><gpxtpx:hr>134</gpxtpx:hr></gpxtpx:TrackPointExtension></extensions></trkpt>
      <trkpt lat="55.671396" lon="12.578734"><ele>3.4</ele><time>2026-08-20T11:03:19.000Z</time><extensions><gpxtpx:TrackPointExtension><gpxtpx:hr>134</gpxtpx:hr></gpxtpx:TrackPointExtension></extensions></trkpt>
      <trkpt lat="55.67141" lon="12.578756"><ele>3.4</ele><time>2026-08-20T11:03:20.000Z</time><extensions><gpxtpx:TrackPointExtension><gpxtpx:hr>133</gpxtpx:hr></gpxtpx:TrackPointExtension></extensions></trkpt>
      <trkpt lat="55.671423" lon="12.578777"><ele>3.4</ele><time>2026-08-20T11:03:21.000Z</time><extensions><gpxtpx:TrackPointExtension><gpxtpx:hr>133</gpxtpx:hr></gpxtpx:TrackPointExtension></extensions></trkpt>
      <trkpt lat="55.671437" lon="12.578797"><ele>3.4</ele><time>2026-08-20T11:03:22.000Z</time><extensions><gpxtpx:TrackPointExtension><gpxtpx:hr>133</gpxtpx:hr></gpxtpx:TrackPointExtension></extensions></trkpt>
      <trkpt lat="55.67145" lon="12.578818"><ele>3.4</ele><time>2026-08-20T11:03:23.000Z</time><extensions><gpxtpx:TrackPointExtension><gpxtpx:hr>133</gpxtpx:hr></gpxtpx:TrackPointExtension></extensions></trkpt>
      <trkpt lat="55.671461" lon="12.578837"><ele>3.6</ele><time>2026-08-20T11:03:24.000Z</time><extensions><gpxtpx:TrackPointExtension><gpxtpx:hr>133</gpxtpx:hr></gpxtpx:TrackPointExtension></extensions></trkpt>
      <trkpt lat="55.671468" lon="12.578857"><ele>3.6</ele><time>2026-08-20T11:03:25.000Z</time><extensions><gpxtpx:TrackPointExtension><gpxtpx:hr>133</gpxtpx:hr></gpxtpx:TrackPointExtension></extensions></trkpt>
      <trkpt lat="55.671472" lon="12.578875"><ele>3.6</ele><time>2026-08-20T11:03:26.000Z</time><extensions><gpxtpx:TrackPointExtension><gpxtpx:hr>133</gpxtpx:hr></gpxtpx:TrackPointExtension></extensions></trkpt>
      <trkpt lat="55.671433" lon="12.578979"><ele>4</ele><time>2026-08-20T11:03:30.000Z</time><extensions><gpxtpx:TrackPointExtension><gpxtpx:hr>133</gpxtpx:hr></gpxtpx:TrackPointExtension></extensions></trkpt>
      <trkpt lat="55.671416" lon="12.579012"><ele>4</ele><time>2026-08-20T11:03:31.000Z</time><extensions><gpxtpx:TrackPointExtension><gpxtpx:hr>133</gpxtpx:hr></gpxtpx:TrackPointExtension></extensions></trkpt>
      <trkpt lat="55.6714" lon="12.579043"><ele>4</ele><time>2026-08-20T11:03:32.000Z</time><extensions><gpxtpx:TrackPointExtension><gpxtpx:hr>133</gpxtpx:hr></gpxtpx:TrackPointExtension></extensions></trkpt>
      <trkpt lat="55.671384" lon="12.579075"><ele>4.2</ele><time>2026-08-20T11:03:33.000Z</time><extensions><gpxtpx:TrackPointExtension><gpxtpx:hr>133</gpxtpx:hr></gpxtpx:TrackPointExtension></extensions></trkpt>
      <trkpt lat="55.671367" lon="12.579107"><ele>4.2</ele><time>2026-08-20T11:03:34.000Z</time><extensions><gpxtpx:TrackPointExtension><gpxtpx:hr>133</gpxtpx:hr></gpxtpx:TrackPointExtension></extensions></trkpt>
      <trkpt lat="55.67135" lon="12.57914"><ele>4.2</ele><time>2026-08-20T11:03:35.000Z</time><extensions><gpxtpx:TrackPointExtension><gpxtpx:hr>133</gpxtpx:hr></gpxtpx:TrackPointExtension></extensions></trkpt>
      <trkpt lat="55.671333" lon="12.579172"><ele>4.4</ele><time>2026-08-20T11:03:36.000Z</time><extensions><gpxtpx:TrackPointExtension><gpxtpx:hr>133</gpxtpx:hr></gpxtpx:TrackPointExtension></extensions></trkpt>
      <trkpt lat="55.671315" lon="12.579205"><ele>4.4</ele><time>2026-08-20T11:03:37.000Z</time><extensions><gpxtpx:TrackPointExtension><gpxtpx:hr>133</gpxtpx:hr></gpxtpx:TrackPointExtension></extensions></trkpt>
      <trkpt lat="55.671298" lon="12.579239"><ele>4.6</ele><time>2026-08-20T11:03:38.000Z</time><extensions><gpxtpx:TrackPointExtension><gpxtpx:hr>134</gpxtpx:hr></gpxtpx:TrackPointExtension></extensions></trkpt>
      <trkpt lat="55.67128" lon="12.579271"><ele>4.6</ele><time>2026-08-20T11:03:39.000Z</time><extensions><gpxtpx:TrackPointExtension><gpxtpx:hr>134</gpxtpx:hr></gpxtpx:TrackPointExtension></extensions></trkpt>
      <trkpt lat="55.671264" lon="12.579301"><ele>4.8</ele><time>2026-08-20T11:03:40.000Z</time><extensions><gpxtpx:TrackPointExtension><gpxtpx:hr>134</gpxtpx:hr></gpxtpx:TrackPointExtension></extensions></trkpt>
      <trkpt lat="55.671249" lon="12.57933"><ele>5</ele><time>2026-08-20T11:03:41.000Z</time><extensions><gpxtpx:TrackPointExtension><gpxtpx:hr>134</gpxtpx:hr></gpxtpx:TrackPointExtension></extensions></trkpt>
      <trkpt lat="55.671236" lon="12.579359"><ele>5</ele><time>2026-08-20T11:03:42.000Z</time><extensions><gpxtpx:TrackPointExtension><gpxtpx:hr>134</gpxtpx:hr></gpxtpx:TrackPointExtension></extensions></trkpt>
      <trkpt lat="55.671222" lon="12.57939"><ele>5.2</ele><time>2026-08-20T11:03:43.000Z</time><extensions><gpxtpx:TrackPointExtension><gpxtpx:hr>134</gpxtpx:hr></gpxtpx:TrackPointExtension></extensions></trkpt>
      <trkpt lat="55.671207" lon="12.579424"><ele>5.4</ele><time>2026-08-20T11:03:44.000Z</time><extensions><gpxtpx:TrackPointExtension><gpxtpx:hr>134</gpxtpx:hr></gpxtpx:TrackPointExtension></extensions></trkpt>
      <trkpt lat="55.671192" lon="12.579459"><ele>5.4</ele><time>2026-08-20T11:03:45.000Z</time><extensions><gpxtpx:TrackPointExtension><gpxtpx:hr>134</gpxtpx:hr></gpxtpx:TrackPointExtension></extensions></trkpt>
      <trkpt lat="55.671177" lon="12.579493"><ele>5.6</ele><time>2026-08-20T11:03:46.000Z</time><extensions><gpxtpx:TrackPointExtension><gpxtpx:hr>134</gpxtpx:hr></gpxtpx:TrackPointExtension></extensions></trkpt>
      <trkpt lat="55.671164" lon="12.579524"><ele>5.6</ele><time>2026-08-20T11:03:47.000Z</time><extensions><gpxtpx:TrackPointExtension><gpxtpx:hr>137</gpxtpx:hr></gpxtpx:TrackPointExtension></extensions></trkpt>
      <trkpt lat="55.67115" lon="12.579556"><ele>5.8</ele><time>2026-08-20T11:03:48.000Z</time><extensions><gpxtpx:TrackPointExtension><gpxtpx:hr>137</gpxtpx:hr></gpxtpx:TrackPointExtension></extensions></trkpt>
      <trkpt lat="55.671136" lon="12.579589"><ele>6</ele><time>2026-08-20T11:03:49.000Z</time><extensions><gpxtpx:TrackPointExtension><gpxtpx:hr>137</gpxtpx:hr></gpxtpx:TrackPointExtension></extensions></trkpt>
      <trkpt lat="55.671123" lon="12.579623"><ele>6</ele><time>2026-08-20T11:03:50.000Z</time><extensions><gpxtpx:TrackPointExtension><gpxtpx:hr>137</gpxtpx:hr></gpxtpx:TrackPointExtension></extensions></trkpt>
      <trkpt lat="55.671108" lon="12.579659"><ele>6.2</ele><time>2026-08-20T11:03:51.000Z</time><extensions><gpxtpx:TrackPointExtension><gpxtpx:hr>137</gpxtpx:hr></gpxtpx:TrackPointExtension></extensions></trkpt>
      <trkpt lat="55.671094" lon="12.579697"><ele>6.4</ele><time>2026-08-20T11:03:52.000Z</time><extensions><gpxtpx:TrackPointExtension><gpxtpx:hr>139</gpxtpx:hr></gpxtpx:TrackPointExtension></extensions></trkpt>
      <trkpt lat="55.67108" lon="12.579735"><ele>6.4</ele><time>2026-08-20T11:03:53.000Z</time><extensions><gpxtpx:TrackPointExtension><gpxtpx:hr>139</gpxtpx:hr></gpxtpx:TrackPointExtension></extensions></trkpt>
      <trkpt lat="55.671067" lon="12.579773"><ele>6.6</ele><time>2026-08-20T11:03:54.000Z</time><extensions><gpxtpx:TrackPointExtension><gpxtpx:hr>139</gpxtpx:hr></gpxtpx:TrackPointExtension></extensions></trkpt>
      <trkpt lat="55.671054" lon="12.579812"><ele>6.6</ele><time>2026-08-20T11:03:55.000Z</time><extensions><gpxtpx:TrackPointExtension><gpxtpx:hr>139</gpxtpx:hr></gpxtpx:TrackPointExtension></extensions></trkpt>
      <trkpt lat="55.671042" lon="12.579849"><ele>6.6</ele><time>2026-08-20T11:03:56.000Z</time><extensions><gpxtpx:TrackPointExtension><gpxtpx:hr>139</gpxtpx:hr></gpxtpx:TrackPointExtension></extensions></trkpt>
      <trkpt lat="55.671032" lon="12.579884"><ele>6.8</ele><time>2026-08-20T11:03:57.000Z</time><extensions><gpxtpx:TrackPointExtension><gpxtpx:hr>139</gpxtpx:hr></gpxtpx:TrackPointExtension></extensions></trkpt>
      <trkpt lat="55.671023" lon="12.579917"><ele>6.8</ele><time>2026-08-20T11:03:58.000Z</time><extensions><gpxtpx:TrackPointExtension><gpxtpx:hr>139</gpxtpx:hr></gpxtpx:TrackPointExtension></extensions></trkpt>
      <trkpt lat="55.671014" lon="12.579951"><ele>7</ele><time>2026-08-20T11:03:59.000Z</time><extensions><gpxtpx:TrackPointExtension><gpxtpx:hr>139</gpxtpx:hr></gpxtpx:TrackPointExtension></extensions></trkpt>
      <trkpt lat="55.671005" lon="12.579989"><ele>7</ele><time>2026-08-20T11:04:00.000Z</time><extensions><gpxtpx:TrackPointExtension><gpxtpx:hr>140</gpxtpx:hr></gpxtpx:TrackPointExtension></extensions></trkpt>
      <trkpt lat="55.670997" lon="12.580029"><ele>7</ele><time>2026-08-20T11:04:01.000Z</time><extensions><gpxtpx:TrackPointExtension><gpxtpx:hr>140</gpxtpx:hr></gpxtpx:TrackPointExtension></extensions></trkpt>
      <trkpt lat="55.670991" lon="12.580072"><ele>7</ele><time>2026-08-20T11:04:02.000Z</time><extensions><gpxtpx:TrackPointExtension><gpxtpx:hr>140</gpxtpx:hr></gpxtpx:TrackPointExtension></extensions></trkpt>
      <trkpt lat="55.670986" lon="12.580116"><ele>7</ele><time>2026-08-20T11:04:03.000Z</time><extensions><gpxtpx:TrackPointExtension><gpxtpx:hr>140</gpxtpx:hr></gpxtpx:TrackPointExtension></extensions></trkpt>
      <trkpt lat="55.670981" lon="12.580162"><ele>7</ele><time>2026-08-20T11:04:04.000Z</time><extensions><gpxtpx:TrackPointExtension><gpxtpx:hr>140</gpxtpx:hr></gpxtpx:TrackPointExtension></extensions></trkpt>
      <trkpt lat="55.670976" lon="12.580206"><ele>7</ele><time>2026-08-20T11:04:05.000Z</time><extensions><gpxtpx:TrackPointExtension><gpxtpx:hr>140</gpxtpx:hr></gpxtpx:TrackPointExtension></extensions></trkpt>
      <trkpt lat="55.670969" lon="12.58025"><ele>7</ele><time>2026-08-20T11:04:06.000Z</time><extensions><gpxtpx:TrackPointExtension><gpxtpx:hr>140</gpxtpx:hr></gpxtpx:TrackPointExtension></extensions></trkpt>
      <trkpt lat="55.670961" lon="12.580295"><ele>7</ele><time>2026-08-20T11:04:07.000Z</time><extensions><gpxtpx:TrackPointExtension><gpxtpx:hr>141</gpxtpx:hr></gpxtpx:TrackPointExtension></extensions></trkpt>
      <trkpt lat="55.670952" lon="12.580342"><ele>7</ele><time>2026-08-20T11:04:08.000Z</time><extensions><gpxtpx:TrackPointExtension><gpxtpx:hr>141</gpxtpx:hr></gpxtpx:TrackPointExtension></extensions></trkpt>
      <trkpt lat="55.670943" lon="12.580389"><ele>6.8</ele><time>2026-08-20T11:04:09.000Z</time><extensions><gpxtpx:TrackPointExtension><gpxtpx:hr>141</gpxtpx:hr></gpxtpx:TrackPointExtension></extensions></trkpt>
      <trkpt lat="55.670935" lon="12.580432"><ele>6.8</ele><time>2026-08-20T11:04:10.000Z</time><extensions><gpxtpx:TrackPointExtension><gpxtpx:hr>141</gpxtpx:hr></gpxtpx:TrackPointExtension></extensions></trkpt>
      <trkpt lat="55.670928" lon="12.580472"><ele>6.6</ele><time>2026-08-20T11:04:11.000Z</time><extensions><gpxtpx:TrackPointExtension><gpxtpx:hr>141</gpxtpx:hr></gpxtpx:TrackPointExtension></extensions></trkpt>
      <trkpt lat="55.670921" lon="12.580509"><ele>6.6</ele><time>2026-08-20T11:04:12.000Z</time><extensions><gpxtpx:TrackPointExtension><gpxtpx:hr>141</gpxtpx:hr></gpxtpx:TrackPointExtension></extensions></trkpt>
      <trkpt lat="55.670914" lon="12.580546"><ele>6.4</ele><time>2026-08-20T11:04:13.000Z</time><extensions><gpxtpx:TrackPointExtension><gpxtpx:hr>141</gpxtpx:hr></gpxtpx:TrackPointExtension></extensions></trkpt>
      <trkpt lat="55.670906" lon="12.580583"><ele>6.4</ele><time>2026-08-20T11:04:14.000Z</time><extensions><gpxtpx:TrackPointExtension><gpxtpx:hr>141</gpxtpx:hr></gpxtpx:TrackPointExtension></extensions></trkpt>
      <trkpt lat="55.6709" lon="12.58062"><ele>6.2</ele><time>2026-08-20T11:04:15.000Z</time><extensions><gpxtpx:TrackPointExtension><gpxtpx:hr>141</gpxtpx:hr></gpxtpx:TrackPointExtension></extensions></trkpt>
      <trkpt lat="55.670893" lon="12.580657"><ele>6.2</ele><time>2026-08-20T11:04:16.000Z</time><extensions><gpxtpx:TrackPointExtension><gpxtpx:hr>140</gpxtpx:hr></gpxtpx:TrackPointExtension></extensions></trkpt>
      <trkpt lat="55.670886" lon="12.580695"><ele>6.2</ele><time>2026-08-20T11:04:17.000Z</time><extensions><gpxtpx:TrackPointExtension><gpxtpx:hr>140</gpxtpx:hr></gpxtpx:TrackPointExtension></extensions></trkpt>
      <trkpt lat="55.670879" lon="12.580733"><ele>6</ele><time>2026-08-20T11:04:18.000Z</time><extensions><gpxtpx:TrackPointExtension><gpxtpx:hr>140</gpxtpx:hr></gpxtpx:TrackPointExtension></extensions></trkpt>
      <trkpt lat="55.670872" lon="12.58077"><ele>6</ele><time>2026-08-20T11:04:19.000Z</time><extensions><gpxtpx:TrackPointExtension><gpxtpx:hr>140</gpxtpx:hr></gpxtpx:TrackPointExtension></extensions></trkpt>
      <trkpt lat="55.670865" lon="12.580806"><ele>5.8</ele><time>2026-08-20T11:04:20.000Z</time><extensions><gpxtpx:TrackPointExtension><gpxtpx:hr>140</gpxtpx:hr></gpxtpx:TrackPointExtension></extensions></trkpt>
      <trkpt lat="55.670857" lon="12.580842"><ele>5.8</ele><time>2026-08-20T11:04:21.000Z</time><extensions><gpxtpx:TrackPointExtension><gpxtpx:hr>139</gpxtpx:hr></gpxtpx:TrackPointExtension></extensions></trkpt>
      <trkpt lat="55.67085" lon="12.580879"><ele>5.6</ele><time>2026-08-20T11:04:22.000Z</time><extensions><gpxtpx:TrackPointExtension><gpxtpx:hr>139</gpxtpx:hr></gpxtpx:TrackPointExtension></extensions></trkpt>
      <trkpt lat="55.670843" lon="12.580915"><ele>5.6</ele><time>2026-08-20T11:04:23.000Z</time><extensions><gpxtpx:TrackPointExtension><gpxtpx:hr>139</gpxtpx:hr></gpxtpx:TrackPointExtension></extensions></trkpt>
      <trkpt lat="55.670837" lon="12.580948"><ele>5.4</ele><time>2026-08-20T11:04:24.000Z</time><extensions><gpxtpx:TrackPointExtension><gpxtpx:hr>139</gpxtpx:hr></gpxtpx:TrackPointExtension></extensions></trkpt>
      <trkpt lat="55.670833" lon="12.580975"><ele>5.4</ele><time>2026-08-20T11:04:25.000Z</time><extensions><gpxtpx:TrackPointExtension><gpxtpx:hr>139</gpxtpx:hr></gpxtpx:TrackPointExtension></extensions></trkpt>
      <trkpt lat="55.67083" lon="12.580995"><ele>5.2</ele><time>2026-08-20T11:04:26.000Z</time><extensions><gpxtpx:TrackPointExtension><gpxtpx:hr>139</gpxtpx:hr></gpxtpx:TrackPointExtension></extensions></trkpt>
      <trkpt lat="55.670828" lon="12.581008"><ele>5.2</ele><time>2026-08-20T11:04:27.000Z</time><extensions><gpxtpx:TrackPointExtension><gpxtpx:hr>138</gpxtpx:hr></gpxtpx:TrackPointExtension></extensions></trkpt>
      <trkpt lat="55.670828" lon="12.581015"><ele>5</ele><time>2026-08-20T11:04:28.000Z</time><extensions><gpxtpx:TrackPointExtension><gpxtpx:hr>138</gpxtpx:hr></gpxtpx:TrackPointExtension></extensions></trkpt>
      <trkpt lat="55.670818" lon="12.581106"><ele>4.8</ele><time>2026-08-20T11:04:32.000Z</time><extensions><gpxtpx:TrackPointExtension><gpxtpx:hr>138</gpxtpx:hr></gpxtpx:TrackPointExtension></extensions></trkpt>
      <trkpt lat="55.67081" lon="12.58115"><ele>4.6</ele><time>2026-08-20T11:04:33.000Z</time><extensions><gpxtpx:TrackPointExtension><gpxtpx:hr>136</gpxtpx:hr></gpxtpx:TrackPointExtension></extensions></trkpt>
      <trkpt lat="55.670803" lon="12.581191"><ele>4.6</ele><time>2026-08-20T11:04:34.000Z</time><extensions><gpxtpx:TrackPointExtension><gpxtpx:hr>136</gpxtpx:hr></gpxtpx:TrackPointExtension></extensions></trkpt>
      <trkpt lat="55.670797" lon="12.581227"><ele>4.4</ele><time>2026-08-20T11:04:35.000Z</time><extensions><gpxtpx:TrackPointExtension><gpxtpx:hr>136</gpxtpx:hr></gpxtpx:TrackPointExtension></extensions></trkpt>
      <trkpt lat="55.670792" lon="12.581258"><ele>4.4</ele><time>2026-08-20T11:04:36.000Z</time><extensions><gpxtpx:TrackPointExtension><gpxtpx:hr>136</gpxtpx:hr></gpxtpx:TrackPointExtension></extensions></trkpt>
      <trkpt lat="55.670785" lon="12.581293"><ele>4.2</ele><time>2026-08-20T11:04:37.000Z</time><extensions><gpxtpx:TrackPointExtension><gpxtpx:hr>136</gpxtpx:hr></gpxtpx:TrackPointExtension></extensions></trkpt>
      <trkpt lat="55.670776" lon="12.581334"><ele>4.2</ele><time>2026-08-20T11:04:38.000Z</time><extensions><gpxtpx:TrackPointExtension><gpxtpx:hr>135</gpxtpx:hr></gpxtpx:TrackPointExtension></extensions></trkpt>
      <trkpt lat="55.670766" lon="12.581378"><ele>4</ele><time>2026-08-20T11:04:39.000Z</time><extensions><gpxtpx:TrackPointExtension><gpxtpx:hr>135</gpxtpx:hr></gpxtpx:TrackPointExtension></extensions></trkpt>
      <trkpt lat="55.670755" lon="12.581422"><ele>4</ele><time>2026-08-20T11:04:40.000Z</time><extensions><gpxtpx:TrackPointExtension><gpxtpx:hr>135</gpxtpx:hr></gpxtpx:TrackPointExtension></extensions></trkpt>
      <trkpt lat="55.670745" lon="12.581469"><ele>3.8</ele><time>2026-08-20T11:04:41.000Z</time><extensions><gpxtpx:TrackPointExtension><gpxtpx:hr>135</gpxtpx:hr></gpxtpx:TrackPointExtension></extensions></trkpt>
      <trkpt lat="55.670737" lon="12.581515"><ele>3.6</ele><time>2026-08-20T11:04:42.000Z</time><extensions><gpxtpx:TrackPointExtension><gpxtpx:hr>135</gpxtpx:hr></gpxtpx:TrackPointExtension></extensions></trkpt>
      <trkpt lat="55.670733" lon="12.581559"><ele>3.6</ele><time>2026-08-20T11:04:43.000Z</time><extensions><gpxtpx:TrackPointExtension><gpxtpx:hr>135</gpxtpx:hr></gpxtpx:TrackPointExtension></extensions></trkpt>
      <trkpt lat="55.670731" lon="12.581603"><ele>3.4</ele><time>2026-08-20T11:04:44.000Z</time><extensions><gpxtpx:TrackPointExtension><gpxtpx:hr>135</gpxtpx:hr></gpxtpx:TrackPointExtension></extensions></trkpt>
      <trkpt lat="55.670731" lon="12.581647"><ele>3.4</ele><time>2026-08-20T11:04:45.000Z</time><extensions><gpxtpx:TrackPointExtension><gpxtpx:hr>135</gpxtpx:hr></gpxtpx:TrackPointExtension></extensions></trkpt>
      <trkpt lat="55.670732" lon="12.581691"><ele>3.2</ele><time>2026-08-20T11:04:46.000Z</time><extensions><gpxtpx:TrackPointExtension><gpxtpx:hr>135</gpxtpx:hr></gpxtpx:TrackPointExtension></extensions></trkpt>
      <trkpt lat="55.670732" lon="12.581734"><ele>3.2</ele><time>2026-08-20T11:04:47.000Z</time><extensions><gpxtpx:TrackPointExtension><gpxtpx:hr>135</gpxtpx:hr></gpxtpx:TrackPointExtension></extensions></trkpt>
      <trkpt lat="55.670729" lon="12.581776"><ele>3.2</ele><time>2026-08-20T11:04:48.000Z</time><extensions><gpxtpx:TrackPointExtension><gpxtpx:hr>135</gpxtpx:hr></gpxtpx:TrackPointExtension></extensions></trkpt>
      <trkpt lat="55.670723" lon="12.581817"><ele>3.2</ele><time>2026-08-20T11:04:49.000Z</time><extensions><gpxtpx:TrackPointExtension><gpxtpx:hr>135</gpxtpx:hr></gpxtpx:TrackPointExtension></extensions></trkpt>
      <trkpt lat="55.670718" lon="12.581858"><ele>3</ele><time>2026-08-20T11:04:50.000Z</time><extensions><gpxtpx:TrackPointExtension><gpxtpx:hr>135</gpxtpx:hr></gpxtpx:TrackPointExtension></extensions></trkpt>
      <trkpt lat="55.670712" lon="12.581898"><ele>3</ele><time>2026-08-20T11:04:51.000Z</time><extensions><gpxtpx:TrackPointExtension><gpxtpx:hr>135</gpxtpx:hr></gpxtpx:TrackPointExtension></extensions></trkpt>
      <trkpt lat="55.670706" lon="12.581938"><ele>3</ele><time>2026-08-20T11:04:52.000Z</time><extensions><gpxtpx:TrackPointExtension><gpxtpx:hr>136</gpxtpx:hr></gpxtpx:TrackPointExtension></extensions></trkpt>
      <trkpt lat="55.670701" lon="12.58198"><ele>3</ele><time>2026-08-20T11:04:53.000Z</time><extensions><gpxtpx:TrackPointExtension><gpxtpx:hr>136</gpxtpx:hr></gpxtpx:TrackPointExtension></extensions></trkpt>
      <trkpt lat="55.670698" lon="12.582021"><ele>3</ele><time>2026-08-20T11:04:54.000Z</time><extensions><gpxtpx:TrackPointExtension><gpxtpx:hr>136</gpxtpx:hr></gpxtpx:TrackPointExtension></extensions></trkpt>
      <trkpt lat="55.670697" lon="12.582063"><ele>3</ele><time>2026-08-20T11:04:55.000Z</time><extensions><gpxtpx:TrackPointExtension><gpxtpx:hr>136</gpxtpx:hr></gpxtpx:TrackPointExtension></extensions></trkpt>
      <trkpt lat="55.670696" lon="12.582108"><ele>3</ele><time>2026-08-20T11:04:56.000Z</time><extensions><gpxtpx:TrackPointExtension><gpxtpx:hr>136</gpxtpx:hr></gpxtpx:TrackPointExtension></extensions></trkpt>
      <trkpt lat="55.670695" lon="12.582156"><ele>3</ele><time>2026-08-20T11:04:57.000Z</time><extensions><gpxtpx:TrackPointExtension><gpxtpx:hr>136</gpxtpx:hr></gpxtpx:TrackPointExtension></extensions></trkpt>
      <trkpt lat="55.670692" lon="12.582206"><ele>3</ele><time>2026-08-20T11:04:58.000Z</time><extensions><gpxtpx:TrackPointExtension><gpxtpx:hr>135</gpxtpx:hr></gpxtpx:TrackPointExtension></extensions></trkpt>
      <trkpt lat="55.670689" lon="12.582257"><ele>3</ele><time>2026-08-20T11:04:59.000Z</time><extensions><gpxtpx:TrackPointExtension><gpxtpx:hr>135</gpxtpx:hr></gpxtpx:TrackPointExtension></extensions></trkpt>
      <trkpt lat="55.670685" lon="12.582308"><ele>3</ele><time>2026-08-20T11:05:00.000Z</time><extensions><gpxtpx:TrackPointExtension><gpxtpx:hr>135</gpxtpx:hr></gpxtpx:TrackPointExtension></extensions></trkpt>
      <trkpt lat="55.670682" lon="12.582357"><ele>3</ele><time>2026-08-20T11:05:01.000Z</time><extensions><gpxtpx:TrackPointExtension><gpxtpx:hr>135</gpxtpx:hr></gpxtpx:TrackPointExtension></extensions></trkpt>
      <trkpt lat="55.670679" lon="12.582405"><ele>3</ele><time>2026-08-20T11:05:02.000Z</time><extensions><gpxtpx:TrackPointExtension><gpxtpx:hr>135</gpxtpx:hr></gpxtpx:TrackPointExtension></extensions></trkpt>
      <trkpt lat="55.670677" lon="12.582451"><ele>3</ele><time>2026-08-20T11:05:03.000Z</time><extensions><gpxtpx:TrackPointExtension><gpxtpx:hr>135</gpxtpx:hr></gpxtpx:TrackPointExtension></extensions></trkpt>
      <trkpt lat="55.670674" lon="12.582494"><ele>3</ele><time>2026-08-20T11:05:04.000Z</time><extensions><gpxtpx:TrackPointExtension><gpxtpx:hr>134</gpxtpx:hr></gpxtpx:TrackPointExtension></extensions></trkpt>
      <trkpt lat="55.670671" lon="12.582536"><ele>3</ele><time>2026-08-20T11:05:05.000Z</time><extensions><gpxtpx:TrackPointExtension><gpxtpx:hr>134</gpxtpx:hr></gpxtpx:TrackPointExtension></extensions></trkpt>
      <trkpt lat="55.670669" lon="12.582578"><ele>3</ele><time>2026-08-20T11:05:06.000Z</time><extensions><gpxtpx:TrackPointExtension><gpxtpx:hr>134</gpxtpx:hr></gpxtpx:TrackPointExtension></extensions></trkpt>
      <trkpt lat="55.670666" lon="12.582623"><ele>3</ele><time>2026-08-20T11:05:07.000Z</time><extensions><gpxtpx:TrackPointExtension><gpxtpx:hr>134</gpxtpx:hr></gpxtpx:TrackPointExtension></extensions></trkpt>
      <trkpt lat="55.670661" lon="12.582672"><ele>3</ele><time>2026-08-20T11:05:08.000Z</time><extensions><gpxtpx:TrackPointExtension><gpxtpx:hr>135</gpxtpx:hr></gpxtpx:TrackPointExtension></extensions></trkpt>
      <trkpt lat="55.670653" lon="12.582723"><ele>3</ele><time>2026-08-20T11:05:09.000Z</time><extensions><gpxtpx:TrackPointExtension><gpxtpx:hr>135</gpxtpx:hr></gpxtpx:TrackPointExtension></extensions></trkpt>
      <trkpt lat="55.670642" lon="12.58277"><ele>3</ele><time>2026-08-20T11:05:10.000Z</time><extensions><gpxtpx:TrackPointExtension><gpxtpx:hr>135</gpxtpx:hr></gpxtpx:TrackPointExtension></extensions></trkpt>
      <trkpt lat="55.670631" lon="12.582814"><ele>3</ele><time>2026-08-20T11:05:11.000Z</time><extensions><gpxtpx:TrackPointExtension><gpxtpx:hr>135</gpxtpx:hr></gpxtpx:TrackPointExtension></extensions></trkpt>
      <trkpt lat="55.670621" lon="12.582854"><ele>3.2</ele><time>2026-08-20T11:05:12.000Z</time><extensions><gpxtpx:TrackPointExtension><gpxtpx:hr>135</gpxtpx:hr></gpxtpx:TrackPointExtension></extensions></trkpt>
      <trkpt lat="55.670611" lon="12.582889"><ele>3.2</ele><time>2026-08-20T11:05:13.000Z</time><extensions><gpxtpx:TrackPointExtension><gpxtpx:hr>135</gpxtpx:hr></gpxtpx:TrackPointExtension></extensions></trkpt>
      <trkpt lat="55.670602" lon="12.58292"><ele>3.4</ele><time>2026-08-20T11:05:14.000Z</time><extensions><gpxtpx:TrackPointExtension><gpxtpx:hr>135</gpxtpx:hr></gpxtpx:TrackPointExtension></extensions></trkpt>
      <trkpt lat="55.670593" lon="12.582947"><ele>3.6</ele><time>2026-08-20T11:05:15.000Z</time><extensions><gpxtpx:TrackPointExtension><gpxtpx:hr>137</gpxtpx:hr></gpxtpx:TrackPointExtension></extensions></trkpt>
      <trkpt lat="55.670583" lon="12.582972"><ele>3.8</ele><time>2026-08-20T11:05:16.000Z</time><extensions><gpxtpx:TrackPointExtension><gpxtpx:hr>137</gpxtpx:hr></gpxtpx:TrackPointExtension></extensions></trkpt>
      <trkpt lat="55.670573" lon="12.582996"><ele>4</ele><time>2026-08-20T11:05:17.000Z</time><extensions><gpxtpx:TrackPointExtension><gpxtpx:hr>137</gpxtpx:hr></gpxtpx:TrackPointExtension></extensions></trkpt>
      <trkpt lat="55.670563" lon="12.583021"><ele>4.4</ele><time>2026-08-20T11:05:18.000Z</time><extensions><gpxtpx:TrackPointExtension><gpxtpx:hr>137</gpxtpx:hr></gpxtpx:TrackPointExtension></extensions></trkpt>
      <trkpt lat="55.670551" lon="12.583046"><ele>4.6</ele><time>2026-08-20T11:05:19.000Z</time><extensions><gpxtpx:TrackPointExtension><gpxtpx:hr>140</gpxtpx:hr></gpxtpx:TrackPointExtension></extensions></trkpt>
      <trkpt lat="55.670538" lon="12.583069"><ele>5</ele><time>2026-08-20T11:05:20.000Z</time><extensions><gpxtpx:TrackPointExtension><gpxtpx:hr>140</gpxtpx:hr></gpxtpx:TrackPointExtension></extensions></trkpt>
      <trkpt lat="55.670525" lon="12.583092"><ele>5.2</ele><time>2026-08-20T11:05:21.000Z</time><extensions><gpxtpx:TrackPointExtension><gpxtpx:hr>140</gpxtpx:hr></gpxtpx:TrackPointExtension></extensions></trkpt>
      <trkpt lat="55.670512" lon="12.583112"><ele>5.4</ele><time>2026-08-20T11:05:22.000Z</time><extensions><gpxtpx:TrackPointExtension><gpxtpx:hr>140</gpxtpx:hr></gpxtpx:TrackPointExtension></extensions></trkpt>
      <trkpt lat="55.670497" lon="12.583131"><ele>5.8</ele><time>2026-08-20T11:05:23.000Z</time><extensions><gpxtpx:TrackPointExtension><gpxtpx:hr>140</gpxtpx:hr></gpxtpx:TrackPointExtension></extensions></trkpt>
      <trkpt lat="55.670479" lon="12.583146"><ele>6</ele><time>2026-08-20T11:05:24.000Z</time><extensions><gpxtpx:TrackPointExtension><gpxtpx:hr>140</gpxtpx:hr></gpxtpx:TrackPointExtension></extensions></trkpt>
      <trkpt lat="55.67046" lon="12.583155"><ele>6.4</ele><time>2026-08-20T11:05:25.000Z</time><extensions><gpxtpx:TrackPointExtension><gpxtpx:hr>140</gpxtpx:hr></gpxtpx:TrackPointExtension></extensions></trkpt>
      <trkpt lat="55.670442" lon="12.583162"><ele>6.6</ele><time>2026-08-20T11:05:26.000Z</time><extensions><gpxtpx:TrackPointExtension><gpxtpx:hr>140</gpxtpx:hr></gpxtpx:TrackPointExtension></extensions></trkpt>
      <trkpt lat="55.670427" lon="12.583172"><ele>6.8</ele><time>2026-08-20T11:05:27.000Z</time><extensions><gpxtpx:TrackPointExtension><gpxtpx:hr>143</gpxtpx:hr></gpxtpx:TrackPointExtension></extensions></trkpt>
      <trkpt lat="55.670416" lon="12.583189"><ele>7</ele><time>2026-08-20T11:05:28.000Z</time><extensions><gpxtpx:TrackPointExtension><gpxtpx:hr>144</gpxtpx:hr></gpxtpx:TrackPointExtension></extensions></trkpt>
      <trkpt lat="55.670406" lon="12.583211"><ele>7.2</ele><time>2026-08-20T11:05:29.000Z</time><extensions><gpxtpx:TrackPointExtension><gpxtpx:hr>144</gpxtpx:hr></gpxtpx:TrackPointExtension></extensions></trkpt>
      <trkpt lat="55.670398" lon="12.58324"><ele>7.4</ele><time>2026-08-20T11:05:30.000Z</time><extensions><gpxtpx:TrackPointExtension><gpxtpx:hr>144</gpxtpx:hr></gpxtpx:TrackPointExtension></extensions></trkpt>
      <trkpt lat="55.670391" lon="12.583272"><ele>7.4</ele><time>2026-08-20T11:05:31.000Z</time><extensions><gpxtpx:TrackPointExtension><gpxtpx:hr>144</gpxtpx:hr></gpxtpx:TrackPointExtension></extensions></trkpt>
      <trkpt lat="55.670387" lon="12.583307"><ele>7.6</ele><time>2026-08-20T11:05:32.000Z</time><extensions><gpxtpx:TrackPointExtension><gpxtpx:hr>144</gpxtpx:hr></gpxtpx:TrackPointExtension></extensions></trkpt>
      <trkpt lat="55.670384" lon="12.583344"><ele>7.8</ele><time>2026-08-20T11:05:33.000Z</time><extensions><gpxtpx:TrackPointExtension><gpxtpx:hr>142</gpxtpx:hr></gpxtpx:TrackPointExtension></extensions></trkpt>
      <trkpt lat="55.670381" lon="12.583378"><ele>7.8</ele><time>2026-08-20T11:05:34.000Z</time><extensions><gpxtpx:TrackPointExtension><gpxtpx:hr>142</gpxtpx:hr></gpxtpx:TrackPointExtension></extensions></trkpt>
      <trkpt lat="55.670377" lon="12.583412"><ele>7.8</ele><time>2026-08-20T11:05:35.000Z</time><extensions><gpxtpx:TrackPointExtension><gpxtpx:hr>142</gpxtpx:hr></gpxtpx:TrackPointExtension></extensions></trkpt>
      <trkpt lat="55.670373" lon="12.583446"><ele>7.8</ele><time>2026-08-20T11:05:36.000Z</time><extensions><gpxtpx:TrackPointExtension><gpxtpx:hr>142</gpxtpx:hr></gpxtpx:TrackPointExtension></extensions></trkpt>
      <trkpt lat="55.670369" lon="12.58348"><ele>7.8</ele><time>2026-08-20T11:05:37.000Z</time><extensions><gpxtpx:TrackPointExtension><gpxtpx:hr>142</gpxtpx:hr></gpxtpx:TrackPointExtension></extensions></trkpt>
      <trkpt lat="55.670366" lon="12.583514"><ele>7.8</ele><time>2026-08-20T11:05:38.000Z</time><extensions><gpxtpx:TrackPointExtension><gpxtpx:hr>142</gpxtpx:hr></gpxtpx:TrackPointExtension></extensions></trkpt>
      <trkpt lat="55.670364" lon="12.583549"><ele>7.8</ele><time>2026-08-20T11:05:39.000Z</time><extensions><gpxtpx:TrackPointExtension><gpxtpx:hr>142</gpxtpx:hr></gpxtpx:TrackPointExtension></extensions></trkpt>
      <trkpt lat="55.67036" lon="12.583585"><ele>7.8</ele><time>2026-08-20T11:05:40.000Z</time><extensions><gpxtpx:TrackPointExtension><gpxtpx:hr>142</gpxtpx:hr></gpxtpx:TrackPointExtension></extensions></trkpt>
      <trkpt lat="55.670356" lon="12.583622"><ele>7.8</ele><time>2026-08-20T11:05:41.000Z</time><extensions><gpxtpx:TrackPointExtension><gpxtpx:hr>142</gpxtpx:hr></gpxtpx:TrackPointExtension></extensions></trkpt>
      <trkpt lat="55.67035" lon="12.583661"><ele>7.8</ele><time>2026-08-20T11:05:42.000Z</time><extensions><gpxtpx:TrackPointExtension><gpxtpx:hr>142</gpxtpx:hr></gpxtpx:TrackPointExtension></extensions></trkpt>
      <trkpt lat="55.670343" lon="12.583701"><ele>7.8</ele><time>2026-08-20T11:05:43.000Z</time><extensions><gpxtpx:TrackPointExtension><gpxtpx:hr>142</gpxtpx:hr></gpxtpx:TrackPointExtension></extensions></trkpt>
      <trkpt lat="55.670336" lon="12.58374"><ele>7.8</ele><time>2026-08-20T11:05:44.000Z</time><extensions><gpxtpx:TrackPointExtension><gpxtpx:hr>142</gpxtpx:hr></gpxtpx:TrackPointExtension></extensions></trkpt>
      <trkpt lat="55.67033" lon="12.583777"><ele>7.8</ele><time>2026-08-20T11:05:45.000Z</time><extensions><gpxtpx:TrackPointExtension><gpxtpx:hr>142</gpxtpx:hr></gpxtpx:TrackPointExtension></extensions></trkpt>
      <trkpt lat="55.670323" lon="12.583815"><ele>7.8</ele><time>2026-08-20T11:05:46.000Z</time><extensions><gpxtpx:TrackPointExtension><gpxtpx:hr>142</gpxtpx:hr></gpxtpx:TrackPointExtension></extensions></trkpt>
      <trkpt lat="55.670316" lon="12.583853"><ele>7.8</ele><time>2026-08-20T11:05:47.000Z</time><extensions><gpxtpx:TrackPointExtension><gpxtpx:hr>145</gpxtpx:hr></gpxtpx:TrackPointExtension></extensions></trkpt>
      <trkpt lat="55.67031" lon="12.58389"><ele>7.8</ele><time>2026-08-20T11:05:48.000Z</time><extensions><gpxtpx:TrackPointExtension><gpxtpx:hr>145</gpxtpx:hr></gpxtpx:TrackPointExtension></extensions></trkpt>
      <trkpt lat="55.670304" lon="12.583927"><ele>7.8</ele><time>2026-08-20T11:05:49.000Z</time><extensions><gpxtpx:TrackPointExtension><gpxtpx:hr>145</gpxtpx:hr></gpxtpx:TrackPointExtension></extensions></trkpt>
      <trkpt lat="55.670299" lon="12.583964"><ele>7.6</ele><time>2026-08-20T11:05:50.000Z</time><extensions><gpxtpx:TrackPointExtension><gpxtpx:hr>145</gpxtpx:hr></gpxtpx:TrackPointExtension></extensions></trkpt>
      <trkpt lat="55.670294" lon="12.584001"><ele>7.6</ele><time>2026-08-20T11:05:51.000Z</time><extensions><gpxtpx:TrackPointExtension><gpxtpx:hr>145</gpxtpx:hr></gpxtpx:TrackPointExtension></extensions></trkpt>
      <trkpt lat="55.670289" lon="12.584039"><ele>7.6</ele><time>2026-08-20T11:05:52.000Z</time><extensions><gpxtpx:TrackPointExtension><gpxtpx:hr>145</gpxtpx:hr></gpxtpx:TrackPointExtension></extensions></trkpt>
      <trkpt lat="55.670285" lon="12.584076"><ele>7.6</ele><time>2026-08-20T11:05:53.000Z</time><extensions><gpxtpx:TrackPointExtension><gpxtpx:hr>145</gpxtpx:hr></gpxtpx:TrackPointExtension></extensions></trkpt>
      <trkpt lat="55.67028" lon="12.584112"><ele>7.6</ele><time>2026-08-20T11:05:54.000Z</time><extensions><gpxtpx:TrackPointExtension><gpxtpx:hr>145</gpxtpx:hr></gpxtpx:TrackPointExtension></extensions></trkpt>
      <trkpt lat="55.670275" lon="12.584149"><ele>7.6</ele><time>2026-08-20T11:05:55.000Z</time><extensions><gpxtpx:TrackPointExtension><gpxtpx:hr>145</gpxtpx:hr></gpxtpx:TrackPointExtension></extensions></trkpt>
      <trkpt lat="55.67027" lon="12.584186"><ele>7.6</ele><time>2026-08-20T11:05:56.000Z</time><extensions><gpxtpx:TrackPointExtension><gpxtpx:hr>144</gpxtpx:hr></gpxtpx:TrackPointExtension></extensions></trkpt>
      <trkpt lat="55.670263" lon="12.584223"><ele>7.6</ele><time>2026-08-20T11:05:57.000Z</time><extensions><gpxtpx:TrackPointExtension><gpxtpx:hr>144</gpxtpx:hr></gpxtpx:TrackPointExtension></extensions></trkpt>
      <trkpt lat="55.670256" lon="12.584259"><ele>7.8</ele><time>2026-08-20T11:05:58.000Z</time><extensions><gpxtpx:TrackPointExtension><gpxtpx:hr>144</gpxtpx:hr></gpxtpx:TrackPointExtension></extensions></trkpt>
      <trkpt lat="55.670248" lon="12.584293"><ele>7.8</ele><time>2026-08-20T11:05:59.000Z</time><extensions><gpxtpx:TrackPointExtension><gpxtpx:hr>144</gpxtpx:hr></gpxtpx:TrackPointExtension></extensions></trkpt>
      <trkpt lat="55.670242" lon="12.584325"><ele>7.8</ele><time>2026-08-20T11:06:00.000Z</time><extensions><gpxtpx:TrackPointExtension><gpxtpx:hr>144</gpxtpx:hr></gpxtpx:TrackPointExtension></extensions></trkpt>
      <trkpt lat="55.670236" lon="12.584357"><ele>7.8</ele><time>2026-08-20T11:06:01.000Z</time><extensions><gpxtpx:TrackPointExtension><gpxtpx:hr>141</gpxtpx:hr></gpxtpx:TrackPointExtension></extensions></trkpt>
      <trkpt lat="55.670231" lon="12.584389"><ele>7.8</ele><time>2026-08-20T11:06:02.000Z</time><extensions><gpxtpx:TrackPointExtension><gpxtpx:hr>141</gpxtpx:hr></gpxtpx:TrackPointExtension></extensions></trkpt>
      <trkpt lat="55.670225" lon="12.584423"><ele>7.8</ele><time>2026-08-20T11:06:03.000Z</time><extensions><gpxtpx:TrackPointExtension><gpxtpx:hr>141</gpxtpx:hr></gpxtpx:TrackPointExtension></extensions></trkpt>
      <trkpt lat="55.670218" lon="12.584459"><ele>7.8</ele><time>2026-08-20T11:06:04.000Z</time><extensions><gpxtpx:TrackPointExtension><gpxtpx:hr>141</gpxtpx:hr></gpxtpx:TrackPointExtension></extensions></trkpt>
      <trkpt lat="55.670211" lon="12.584495"><ele>7.8</ele><time>2026-08-20T11:06:05.000Z</time><extensions><gpxtpx:TrackPointExtension><gpxtpx:hr>140</gpxtpx:hr></gpxtpx:TrackPointExtension></extensions></trkpt>
      <trkpt lat="55.670203" lon="12.58453"><ele>7.8</ele><time>2026-08-20T11:06:06.000Z</time><extensions><gpxtpx:TrackPointExtension><gpxtpx:hr>140</gpxtpx:hr></gpxtpx:TrackPointExtension></extensions></trkpt>
      <trkpt lat="55.670195" lon="12.584562"><ele>7.8</ele><time>2026-08-20T11:06:07.000Z</time><extensions><gpxtpx:TrackPointExtension><gpxtpx:hr>140</gpxtpx:hr></gpxtpx:TrackPointExtension></extensions></trkpt>
      <trkpt lat="55.670187" lon="12.58459"><ele>7.8</ele><time>2026-08-20T11:06:08.000Z</time><extensions><gpxtpx:TrackPointExtension><gpxtpx:hr>140</gpxtpx:hr></gpxtpx:TrackPointExtension></extensions></trkpt>
      <trkpt lat="55.670179" lon="12.584616"><ele>7.8</ele><time>2026-08-20T11:06:09.000Z</time><extensions><gpxtpx:TrackPointExtension><gpxtpx:hr>140</gpxtpx:hr></gpxtpx:TrackPointExtension></extensions></trkpt>
      <trkpt lat="55.670169" lon="12.584646"><ele>8</ele><time>2026-08-20T11:06:10.000Z</time><extensions><gpxtpx:TrackPointExtension><gpxtpx:hr>140</gpxtpx:hr></gpxtpx:TrackPointExtension></extensions></trkpt>
      <trkpt lat="55.670155" lon="12.584677"><ele>8</ele><time>2026-08-20T11:06:11.000Z</time><extensions><gpxtpx:TrackPointExtension><gpxtpx:hr>140</gpxtpx:hr></gpxtpx:TrackPointExtension></extensions></trkpt>
      <trkpt lat="55.670138" lon="12.584702"><ele>7.8</ele><time>2026-08-20T11:06:12.000Z</time><extensions><gpxtpx:TrackPointExtension><gpxtpx:hr>140</gpxtpx:hr></gpxtpx:TrackPointExtension></extensions></trkpt>
      <trkpt lat="55.670116" lon="12.584722"><ele>7.8</ele><time>2026-08-20T11:06:13.000Z</time><extensions><gpxtpx:TrackPointExtension><gpxtpx:hr>140</gpxtpx:hr></gpxtpx:TrackPointExtension></extensions></trkpt>
      <trkpt lat="55.670092" lon="12.584737"><ele>7.8</ele><time>2026-08-20T11:06:14.000Z</time><extensions><gpxtpx:TrackPointExtension><gpxtpx:hr>140</gpxtpx:hr></gpxtpx:TrackPointExtension></extensions></trkpt>
      <trkpt lat="55.670069" lon="12.58475"><ele>7.8</ele><time>2026-08-20T11:06:15.000Z</time><extensions><gpxtpx:TrackPointExtension><gpxtpx:hr>140</gpxtpx:hr></gpxtpx:TrackPointExtension></extensions></trkpt>
      <trkpt lat="55.670045" lon="12.584763"><ele>7.8</ele><time>2026-08-20T11:06:16.000Z</time><extensions><gpxtpx:TrackPointExtension><gpxtpx:hr>140</gpxtpx:hr></gpxtpx:TrackPointExtension></extensions></trkpt>
      <trkpt lat="55.670022" lon="12.584777"><ele>7.8</ele><time>2026-08-20T11:06:17.000Z</time><extensions><gpxtpx:TrackPointExtension><gpxtpx:hr>140</gpxtpx:hr></gpxtpx:TrackPointExtension></extensions></trkpt>
      <trkpt lat="55.67" lon="12.58479"><ele>7.8</ele><time>2026-08-20T11:06:18.000Z</time><extensions><gpxtpx:TrackPointExtension><gpxtpx:hr>140</gpxtpx:hr></gpxtpx:TrackPointExtension></extensions></trkpt>
      <trkpt lat="55.669979" lon="12.584803"><ele>7.8</ele><time>2026-08-20T11:06:19.000Z</time><extensions><gpxtpx:TrackPointExtension><gpxtpx:hr>140</gpxtpx:hr></gpxtpx:TrackPointExtension></extensions></trkpt>
      <trkpt lat="55.669956" lon="12.584814"><ele>7.8</ele><time>2026-08-20T11:06:20.000Z</time><extensions><gpxtpx:TrackPointExtension><gpxtpx:hr>140</gpxtpx:hr></gpxtpx:TrackPointExtension></extensions></trkpt>
      <trkpt lat="55.669933" lon="12.584824"><ele>7.8</ele><time>2026-08-20T11:06:21.000Z</time><extensions><gpxtpx:TrackPointExtension><gpxtpx:hr>140</gpxtpx:hr></gpxtpx:TrackPointExtension></extensions></trkpt>
      <trkpt lat="55.669909" lon="12.584832"><ele>7.8</ele><time>2026-08-20T11:06:22.000Z</time><extensions><gpxtpx:TrackPointExtension><gpxtpx:hr>140</gpxtpx:hr></gpxtpx:TrackPointExtension></extensions></trkpt>
      <trkpt lat="55.669883" lon="12.584838"><ele>7.8</ele><time>2026-08-20T11:06:23.000Z</time><extensions><gpxtpx:TrackPointExtension><gpxtpx:hr>140</gpxtpx:hr></gpxtpx:TrackPointExtension></extensions></trkpt>
      <trkpt lat="55.669857" lon="12.584843"><ele>7.8</ele><time>2026-08-20T11:06:24.000Z</time><extensions><gpxtpx:TrackPointExtension><gpxtpx:hr>140</gpxtpx:hr></gpxtpx:TrackPointExtension></extensions></trkpt>
      <trkpt lat="55.669831" lon="12.584847"><ele>7.8</ele><time>2026-08-20T11:06:25.000Z</time><extensions><gpxtpx:TrackPointExtension><gpxtpx:hr>140</gpxtpx:hr></gpxtpx:TrackPointExtension></extensions></trkpt>
      <trkpt lat="55.669806" lon="12.58485"><ele>7.8</ele><time>2026-08-20T11:06:26.000Z</time><extensions><gpxtpx:TrackPointExtension><gpxtpx:hr>140</gpxtpx:hr></gpxtpx:TrackPointExtension></extensions></trkpt>
      <trkpt lat="55.66978" lon="12.584853"><ele>7.8</ele><time>2026-08-20T11:06:27.000Z</time><extensions><gpxtpx:TrackPointExtension><gpxtpx:hr>140</gpxtpx:hr></gpxtpx:TrackPointExtension></extensions></trkpt>
      <trkpt lat="55.669754" lon="12.584857"><ele>7.8</ele><time>2026-08-20T11:06:28.000Z</time><extensions><gpxtpx:TrackPointExtension><gpxtpx:hr>140</gpxtpx:hr></gpxtpx:TrackPointExtension></extensions></trkpt>
      <trkpt lat="55.669727" lon="12.584864"><ele>7.8</ele><time>2026-08-20T11:06:29.000Z</time><extensions><gpxtpx:TrackPointExtension><gpxtpx:hr>140</gpxtpx:hr></gpxtpx:TrackPointExtension></extensions></trkpt>
      <trkpt lat="55.669701" lon="12.584874"><ele>7.8</ele><time>2026-08-20T11:06:30.000Z</time><extensions><gpxtpx:TrackPointExtension><gpxtpx:hr>139</gpxtpx:hr></gpxtpx:TrackPointExtension></extensions></trkpt>
      <trkpt lat="55.669675" lon="12.584888"><ele>7.8</ele><time>2026-08-20T11:06:31.000Z</time><extensions><gpxtpx:TrackPointExtension><gpxtpx:hr>139</gpxtpx:hr></gpxtpx:TrackPointExtension></extensions></trkpt>
      <trkpt lat="55.669648" lon="12.584905"><ele>7.6</ele><time>2026-08-20T11:06:32.000Z</time><extensions><gpxtpx:TrackPointExtension><gpxtpx:hr>139</gpxtpx:hr></gpxtpx:TrackPointExtension></extensions></trkpt>
      <trkpt lat="55.669621" lon="12.584927"><ele>7.6</ele><time>2026-08-20T11:06:33.000Z</time><extensions><gpxtpx:TrackPointExtension><gpxtpx:hr>139</gpxtpx:hr></gpxtpx:TrackPointExtension></extensions></trkpt>
      <trkpt lat="55.669593" lon="12.584951"><ele>7.6</ele><time>2026-08-20T11:06:34.000Z</time><extensions><gpxtpx:TrackPointExtension><gpxtpx:hr>139</gpxtpx:hr></gpxtpx:TrackPointExtension></extensions></trkpt>
      <trkpt lat="55.669567" lon="12.584976"><ele>7.4</ele><time>2026-08-20T11:06:35.000Z</time><extensions><gpxtpx:TrackPointExtension><gpxtpx:hr>139</gpxtpx:hr></gpxtpx:TrackPointExtension></extensions></trkpt>
      <trkpt lat="55.669543" lon="12.584998"><ele>7.4</ele><time>2026-08-20T11:06:36.000Z</time><extensions><gpxtpx:TrackPointExtension><gpxtpx:hr>139</gpxtpx:hr></gpxtpx:TrackPointExtension></extensions></trkpt>
      <trkpt lat="55.66952" lon="12.585017"><ele>7.2</ele><time>2026-08-20T11:06:37.000Z</time><extensions><gpxtpx:TrackPointExtension><gpxtpx:hr>139</gpxtpx:hr></gpxtpx:TrackPointExtension></extensions></trkpt>
      <trkpt lat="55.669498" lon="12.585033"><ele>7.2</ele><time>2026-08-20T11:06:38.000Z</time><extensions><gpxtpx:TrackPointExtension><gpxtpx:hr>139</gpxtpx:hr></gpxtpx:TrackPointExtension></extensions></trkpt>
      <trkpt lat="55.669477" lon="12.58505"><ele>7.2</ele><time>2026-08-20T11:06:39.000Z</time><extensions><gpxtpx:TrackPointExtension><gpxtpx:hr>138</gpxtpx:hr></gpxtpx:TrackPointExtension></extensions></trkpt>
      <trkpt lat="55.669456" lon="12.58507"><ele>7</ele><time>2026-08-20T11:06:40.000Z</time><extensions><gpxtpx:TrackPointExtension><gpxtpx:hr>138</gpxtpx:hr></gpxtpx:TrackPointExtension></extensions></trkpt>
      <trkpt lat="55.669436" lon="12.585092"><ele>7</ele><time>2026-08-20T11:06:41.000Z</time><extensions><gpxtpx:TrackPointExtension><gpxtpx:hr>138</gpxtpx:hr></gpxtpx:TrackPointExtension></extensions></trkpt>
      <trkpt lat="55.669416" lon="12.585115"><ele>7</ele><time>2026-08-20T11:06:42.000Z</time><extensions><gpxtpx:TrackPointExtension><gpxtpx:hr>138</gpxtpx:hr></gpxtpx:TrackPointExtension></extensions></trkpt>
      <trkpt lat="55.669398" lon="12.585139"><ele>7</ele><time>2026-08-20T11:06:43.000Z</time><extensions><gpxtpx:TrackPointExtension><gpxtpx:hr>138</gpxtpx:hr></gpxtpx:TrackPointExtension></extensions></trkpt>
      <trkpt lat="55.66938" lon="12.585162"><ele>7</ele><time>2026-08-20T11:06:44.000Z</time><extensions><gpxtpx:TrackPointExtension><gpxtpx:hr>138</gpxtpx:hr></gpxtpx:TrackPointExtension></extensions></trkpt>
      <trkpt lat="55.669363" lon="12.585186"><ele>7</ele><time>2026-08-20T11:06:45.000Z</time><extensions><gpxtpx:TrackPointExtension><gpxtpx:hr>138</gpxtpx:hr></gpxtpx:TrackPointExtension></extensions></trkpt>
      <trkpt lat="55.669345" lon="12.585211"><ele>7</ele><time>2026-08-20T11:06:46.000Z</time><extensions><gpxtpx:TrackPointExtension><gpxtpx:hr>138</gpxtpx:hr></gpxtpx:TrackPointExtension></extensions></trkpt>
      <trkpt lat="55.669326" lon="12.585237"><ele>7</ele><time>2026-08-20T11:06:47.000Z</time><extensions><gpxtpx:TrackPointExtension><gpxtpx:hr>140</gpxtpx:hr></gpxtpx:TrackPointExtension></extensions></trkpt>
      <trkpt lat="55.669308" lon="12.585263"><ele>7</ele><time>2026-08-20T11:06:48.000Z</time><extensions><gpxtpx:TrackPointExtension><gpxtpx:hr>140</gpxtpx:hr></gpxtpx:TrackPointExtension></extensions></trkpt>
      <trkpt lat="55.669291" lon="12.58529"><ele>7</ele><time>2026-08-20T11:06:49.000Z</time><extensions><gpxtpx:TrackPointExtension><gpxtpx:hr>140</gpxtpx:hr></gpxtpx:TrackPointExtension></extensions></trkpt>
      <trkpt lat="55.669275" lon="12.585316"><ele>7</ele><time>2026-08-20T11:06:50.000Z</time><extensions><gpxtpx:TrackPointExtension><gpxtpx:hr>140</gpxtpx:hr></gpxtpx:TrackPointExtension></extensions></trkpt>
      <trkpt lat="55.66926" lon="12.585342"><ele>7.2</ele><time>2026-08-20T11:06:51.000Z</time><extensions><gpxtpx:TrackPointExtension><gpxtpx:hr>140</gpxtpx:hr></gpxtpx:TrackPointExtension></extensions></trkpt>
      <trkpt lat="55.669247" lon="12.585371"><ele>7.2</ele><time>2026-08-20T11:06:52.000Z</time><extensions><gpxtpx:TrackPointExtension><gpxtpx:hr>140</gpxtpx:hr></gpxtpx:TrackPointExtension></extensions></trkpt>
      <trkpt lat="55.669235" lon="12.585402"><ele>7.2</ele><time>2026-08-20T11:06:53.000Z</time><extensions><gpxtpx:TrackPointExtension><gpxtpx:hr>140</gpxtpx:hr></gpxtpx:TrackPointExtension></extensions></trkpt>
      <trkpt lat="55.669224" lon="12.585437"><ele>7.2</ele><time>2026-08-20T11:06:54.000Z</time><extensions><gpxtpx:TrackPointExtension><gpxtpx:hr>140</gpxtpx:hr></gpxtpx:TrackPointExtension></extensions></trkpt>
      <trkpt lat="55.669214" lon="12.585475"><ele>7.2</ele><time>2026-08-20T11:06:55.000Z</time><extensions><gpxtpx:TrackPointExtension><gpxtpx:hr>140</gpxtpx:hr></gpxtpx:TrackPointExtension></extensions></trkpt>
      <trkpt lat="55.669208" lon="12.585513"><ele>7.2</ele><time>2026-08-20T11:06:56.000Z</time><extensions><gpxtpx:TrackPointExtension><gpxtpx:hr>140</gpxtpx:hr></gpxtpx:TrackPointExtension></extensions></trkpt>
      <trkpt lat="55.669204" lon="12.585551"><ele>7.2</ele><time>2026-08-20T11:06:57.000Z</time><extensions><gpxtpx:TrackPointExtension><gpxtpx:hr>138</gpxtpx:hr></gpxtpx:TrackPointExtension></extensions></trkpt>
      <trkpt lat="55.669202" lon="12.58559"><ele>7.2</ele><time>2026-08-20T11:06:58.000Z</time><extensions><gpxtpx:TrackPointExtension><gpxtpx:hr>138</gpxtpx:hr></gpxtpx:TrackPointExtension></extensions></trkpt>
      <trkpt lat="55.669203" lon="12.58563"><ele>7.2</ele><time>2026-08-20T11:06:59.000Z</time><extensions><gpxtpx:TrackPointExtension><gpxtpx:hr>138</gpxtpx:hr></gpxtpx:TrackPointExtension></extensions></trkpt>
      <trkpt lat="55.669207" lon="12.585671"><ele>7.2</ele><time>2026-08-20T11:07:00.000Z</time><extensions><gpxtpx:TrackPointExtension><gpxtpx:hr>138</gpxtpx:hr></gpxtpx:TrackPointExtension></extensions></trkpt>
      <trkpt lat="55.669211" lon="12.585711"><ele>7.2</ele><time>2026-08-20T11:07:01.000Z</time><extensions><gpxtpx:TrackPointExtension><gpxtpx:hr>138</gpxtpx:hr></gpxtpx:TrackPointExtension></extensions></trkpt>
      <trkpt lat="55.669218" lon="12.58575"><ele>7.2</ele><time>2026-08-20T11:07:02.000Z</time><extensions><gpxtpx:TrackPointExtension><gpxtpx:hr>138</gpxtpx:hr></gpxtpx:TrackPointExtension></extensions></trkpt>
      <trkpt lat="55.669227" lon="12.585786"><ele>7.2</ele><time>2026-08-20T11:07:03.000Z</time><extensions><gpxtpx:TrackPointExtension><gpxtpx:hr>138</gpxtpx:hr></gpxtpx:TrackPointExtension></extensions></trkpt>
      <trkpt lat="55.669237" lon="12.585821"><ele>7.2</ele><time>2026-08-20T11:07:04.000Z</time><extensions><gpxtpx:TrackPointExtension><gpxtpx:hr>138</gpxtpx:hr></gpxtpx:TrackPointExtension></extensions></trkpt>
      <trkpt lat="55.669249" lon="12.585855"><ele>7.2</ele><time>2026-08-20T11:07:05.000Z</time><extensions><gpxtpx:TrackPointExtension><gpxtpx:hr>139</gpxtpx:hr></gpxtpx:TrackPointExtension></extensions></trkpt>
      <trkpt lat="55.669261" lon="12.585886"><ele>7.2</ele><time>2026-08-20T11:07:06.000Z</time><extensions><gpxtpx:TrackPointExtension><gpxtpx:hr>139</gpxtpx:hr></gpxtpx:TrackPointExtension></extensions></trkpt>
      <trkpt lat="55.669274" lon="12.585914"><ele>7.2</ele><time>2026-08-20T11:07:07.000Z</time><extensions><gpxtpx:TrackPointExtension><gpxtpx:hr>139</gpxtpx:hr></gpxtpx:TrackPointExtension></extensions></trkpt>
      <trkpt lat="55.669289" lon="12.585941"><ele>7</ele><time>2026-08-20T11:07:08.000Z</time><extensions><gpxtpx:TrackPointExtension><gpxtpx:hr>139</gpxtpx:hr></gpxtpx:TrackPointExtension></extensions></trkpt>
      <trkpt lat="55.669304" lon="12.585967"><ele>7</ele><time>2026-08-20T11:07:09.000Z</time><extensions><gpxtpx:TrackPointExtension><gpxtpx:hr>139</gpxtpx:hr></gpxtpx:TrackPointExtension></extensions></trkpt>
      <trkpt lat="55.66932" lon="12.585991"><ele>7</ele><time>2026-08-20T11:07:10.000Z</time><extensions><gpxtpx:TrackPointExtension><gpxtpx:hr>139</gpxtpx:hr></gpxtpx:TrackPointExtension></extensions></trkpt>
      <trkpt lat="55.669337" lon="12.586011"><ele>7</ele><time>2026-08-20T11:07:11.000Z</time><extensions><gpxtpx:TrackPointExtension><gpxtpx:hr>139</gpxtpx:hr></gpxtpx:TrackPointExtension></extensions></trkpt>
      <trkpt lat="55.669354" lon="12.586029"><ele>6.8</ele><time>2026-08-20T11:07:12.000Z</time><extensions><gpxtpx:TrackPointExtension><gpxtpx:hr>139</gpxtpx:hr></gpxtpx:TrackPointExtension></extensions></trkpt>
      <trkpt lat="55.669373" lon="12.586045"><ele>6.8</ele><time>2026-08-20T11:07:13.000Z</time><extensions><gpxtpx:TrackPointExtension><gpxtpx:hr>139</gpxtpx:hr></gpxtpx:TrackPointExtension></extensions></trkpt>
      <trkpt lat="55.669392" lon="12.586059"><ele>6.8</ele><time>2026-08-20T11:07:14.000Z</time><extensions><gpxtpx:TrackPointExtension><gpxtpx:hr>138</gpxtpx:hr></gpxtpx:TrackPointExtension></extensions></trkpt>
      <trkpt lat="55.66941" lon="12.586073"><ele>6.8</ele><time>2026-08-20T11:07:15.000Z</time><extensions><gpxtpx:TrackPointExtension><gpxtpx:hr>138</gpxtpx:hr></gpxtpx:TrackPointExtension></extensions></trkpt>
      <trkpt lat="55.669429" lon="12.586086"><ele>6.8</ele><time>2026-08-20T11:07:16.000Z</time><extensions><gpxtpx:TrackPointExtension><gpxtpx:hr>138</gpxtpx:hr></gpxtpx:TrackPointExtension></extensions></trkpt>
      <trkpt lat="55.669448" lon="12.586098"><ele>6.6</ele><time>2026-08-20T11:07:17.000Z</time><extensions><gpxtpx:TrackPointExtension><gpxtpx:hr>138</gpxtpx:hr></gpxtpx:TrackPointExtension></extensions></trkpt>
      <trkpt lat="55.669467" lon="12.58611"><ele>6.6</ele><time>2026-08-20T11:07:18.000Z</time><extensions><gpxtpx:TrackPointExtension><gpxtpx:hr>137</gpxtpx:hr></gpxtpx:TrackPointExtension></extensions></trkpt>
      <trkpt lat="55.669487" lon="12.586123"><ele>6.6</ele><time>2026-08-20T11:07:19.000Z</time><extensions><gpxtpx:TrackPointExtension><gpxtpx:hr>137</gpxtpx:hr></gpxtpx:TrackPointExtension></extensions></trkpt>
      <trkpt lat="55.669506" lon="12.586137"><ele>6.6</ele><time>2026-08-20T11:07:20.000Z</time><extensions><gpxtpx:TrackPointExtension><gpxtpx:hr>137</gpxtpx:hr></gpxtpx:TrackPointExtension></extensions></trkpt>
      <trkpt lat="55.669526" lon="12.586151"><ele>6.6</ele><time>2026-08-20T11:07:21.000Z</time><extensions><gpxtpx:TrackPointExtension><gpxtpx:hr>137</gpxtpx:hr></gpxtpx:TrackPointExtension></extensions></trkpt>
      <trkpt lat="55.669545" lon="12.586165"><ele>6.6</ele><time>2026-08-20T11:07:22.000Z</time><extensions><gpxtpx:TrackPointExtension><gpxtpx:hr>137</gpxtpx:hr></gpxtpx:TrackPointExtension></extensions></trkpt>
      <trkpt lat="55.669563" lon="12.586179"><ele>6.6</ele><time>2026-08-20T11:07:23.000Z</time><extensions><gpxtpx:TrackPointExtension><gpxtpx:hr>137</gpxtpx:hr></gpxtpx:TrackPointExtension></extensions></trkpt>
      <trkpt lat="55.669582" lon="12.586194"><ele>6.6</ele><time>2026-08-20T11:07:24.000Z</time><extensions><gpxtpx:TrackPointExtension><gpxtpx:hr>137</gpxtpx:hr></gpxtpx:TrackPointExtension></extensions></trkpt>
      <trkpt lat="55.669601" lon="12.586209"><ele>6.6</ele><time>2026-08-20T11:07:25.000Z</time><extensions><gpxtpx:TrackPointExtension><gpxtpx:hr>137</gpxtpx:hr></gpxtpx:TrackPointExtension></extensions></trkpt>
      <trkpt lat="55.669622" lon="12.586225"><ele>6.6</ele><time>2026-08-20T11:07:26.000Z</time><extensions><gpxtpx:TrackPointExtension><gpxtpx:hr>132</gpxtpx:hr></gpxtpx:TrackPointExtension></extensions></trkpt>
      <trkpt lat="55.669642" lon="12.586242"><ele>6.6</ele><time>2026-08-20T11:07:27.000Z</time><extensions><gpxtpx:TrackPointExtension><gpxtpx:hr>132</gpxtpx:hr></gpxtpx:TrackPointExtension></extensions></trkpt>
      <trkpt lat="55.669661" lon="12.586259"><ele>6.6</ele><time>2026-08-20T11:07:28.000Z</time><extensions><gpxtpx:TrackPointExtension><gpxtpx:hr>132</gpxtpx:hr></gpxtpx:TrackPointExtension></extensions></trkpt>
      <trkpt lat="55.66968" lon="12.586275"><ele>6.4</ele><time>2026-08-20T11:07:29.000Z</time><extensions><gpxtpx:TrackPointExtension><gpxtpx:hr>132</gpxtpx:hr></gpxtpx:TrackPointExtension></extensions></trkpt>
      <trkpt lat="55.669699" lon="12.586291"><ele>6.4</ele><time>2026-08-20T11:07:30.000Z</time><extensions><gpxtpx:TrackPointExtension><gpxtpx:hr>132</gpxtpx:hr></gpxtpx:TrackPointExtension></extensions></trkpt>
      <trkpt lat="55.669718" lon="12.586306"><ele>6.4</ele><time>2026-08-20T11:07:31.000Z</time><extensions><gpxtpx:TrackPointExtension><gpxtpx:hr>132</gpxtpx:hr></gpxtpx:TrackPointExtension></extensions></trkpt>
      <trkpt lat="55.669737" lon="12.58632"><ele>6.4</ele><time>2026-08-20T11:07:32.000Z</time><extensions><gpxtpx:TrackPointExtension><gpxtpx:hr>133</gpxtpx:hr></gpxtpx:TrackPointExtension></extensions></trkpt>
      <trkpt lat="55.669758" lon="12.586335"><ele>6.4</ele><time>2026-08-20T11:07:33.000Z</time><extensions><gpxtpx:TrackPointExtension><gpxtpx:hr>132</gpxtpx:hr></gpxtpx:TrackPointExtension></extensions></trkpt>
      <trkpt lat="55.669779" lon="12.586349"><ele>6.4</ele><time>2026-08-20T11:07:34.000Z</time><extensions><gpxtpx:TrackPointExtension><gpxtpx:hr>132</gpxtpx:hr></gpxtpx:TrackPointExtension></extensions></trkpt>
      <trkpt lat="55.6698" lon="12.586363"><ele>6.4</ele><time>2026-08-20T11:07:35.000Z</time><extensions><gpxtpx:TrackPointExtension><gpxtpx:hr>132</gpxtpx:hr></gpxtpx:TrackPointExtension></extensions></trkpt>
      <trkpt lat="55.669822" lon="12.586375"><ele>6.4</ele><time>2026-08-20T11:07:36.000Z</time><extensions><gpxtpx:TrackPointExtension><gpxtpx:hr>132</gpxtpx:hr></gpxtpx:TrackPointExtension></extensions></trkpt>
      <trkpt lat="55.669844" lon="12.586388"><ele>6.4</ele><time>2026-08-20T11:07:37.000Z</time><extensions><gpxtpx:TrackPointExtension><gpxtpx:hr>132</gpxtpx:hr></gpxtpx:TrackPointExtension></extensions></trkpt>
      <trkpt lat="55.669866" lon="12.586404"><ele>6.4</ele><time>2026-08-20T11:07:38.000Z</time><extensions><gpxtpx:TrackPointExtension><gpxtpx:hr>134</gpxtpx:hr></gpxtpx:TrackPointExtension></extensions></trkpt>
      <trkpt lat="55.669886" lon="12.586423"><ele>6.2</ele><time>2026-08-20T11:07:39.000Z</time><extensions><gpxtpx:TrackPointExtension><gpxtpx:hr>134</gpxtpx:hr></gpxtpx:TrackPointExtension></extensions></trkpt>
      <trkpt lat="55.669905" lon="12.586445"><ele>6.2</ele><time>2026-08-20T11:07:40.000Z</time><extensions><gpxtpx:TrackPointExtension><gpxtpx:hr>134</gpxtpx:hr></gpxtpx:TrackPointExtension></extensions></trkpt>
      <trkpt lat="55.669923" lon="12.586472"><ele>6.2</ele><time>2026-08-20T11:07:41.000Z</time><extensions><gpxtpx:TrackPointExtension><gpxtpx:hr>134</gpxtpx:hr></gpxtpx:TrackPointExtension></extensions></trkpt>
      <trkpt lat="55.669938" lon="12.586503"><ele>6.2</ele><time>2026-08-20T11:07:42.000Z</time><extensions><gpxtpx:TrackPointExtension><gpxtpx:hr>134</gpxtpx:hr></gpxtpx:TrackPointExtension></extensions></trkpt>
      <trkpt lat="55.669949" lon="12.586538"><ele>6.2</ele><time>2026-08-20T11:07:43.000Z</time><extensions><gpxtpx:TrackPointExtension><gpxtpx:hr>134</gpxtpx:hr></gpxtpx:TrackPointExtension></extensions></trkpt>
      <trkpt lat="55.669958" lon="12.586576"><ele>6.2</ele><time>2026-08-20T11:07:44.000Z</time><extensions><gpxtpx:TrackPointExtension><gpxtpx:hr>134</gpxtpx:hr></gpxtpx:TrackPointExtension></extensions></trkpt>
      <trkpt lat="55.669963" lon="12.586617"><ele>6.2</ele><time>2026-08-20T11:07:45.000Z</time><extensions><gpxtpx:TrackPointExtension><gpxtpx:hr>134</gpxtpx:hr></gpxtpx:TrackPointExtension></extensions></trkpt>
      <trkpt lat="55.669966" lon="12.586659"><ele>6.2</ele><time>2026-08-20T11:07:46.000Z</time><extensions><gpxtpx:TrackPointExtension><gpxtpx:hr>133</gpxtpx:hr></gpxtpx:TrackPointExtension></extensions></trkpt>
      <trkpt lat="55.669967" lon="12.586701"><ele>6.2</ele><time>2026-08-20T11:07:47.000Z</time><extensions><gpxtpx:TrackPointExtension><gpxtpx:hr>133</gpxtpx:hr></gpxtpx:TrackPointExtension></extensions></trkpt>
      <trkpt lat="55.669967" lon="12.586744"><ele>6.2</ele><time>2026-08-20T11:07:48.000Z</time><extensions><gpxtpx:TrackPointExtension><gpxtpx:hr>133</gpxtpx:hr></gpxtpx:TrackPointExtension></extensions></trkpt>
      <trkpt lat="55.669968" lon="12.586785"><ele>6.2</ele><time>2026-08-20T11:07:49.000Z</time><extensions><gpxtpx:TrackPointExtension><gpxtpx:hr>133</gpxtpx:hr></gpxtpx:TrackPointExtension></extensions></trkpt>
      <trkpt lat="55.669969" lon="12.586828"><ele>6.2</ele><time>2026-08-20T11:07:50.000Z</time><extensions><gpxtpx:TrackPointExtension><gpxtpx:hr>133</gpxtpx:hr></gpxtpx:TrackPointExtension></extensions></trkpt>
      <trkpt lat="55.66997" lon="12.58687"><ele>6.2</ele><time>2026-08-20T11:07:51.000Z</time><extensions><gpxtpx:TrackPointExtension><gpxtpx:hr>133</gpxtpx:hr></gpxtpx:TrackPointExtension></extensions></trkpt>
      <trkpt lat="55.669969" lon="12.586911"><ele>6.2</ele><time>2026-08-20T11:07:52.000Z</time><extensions><gpxtpx:TrackPointExtension><gpxtpx:hr>133</gpxtpx:hr></gpxtpx:TrackPointExtension></extensions></trkpt>
      <trkpt lat="55.669967" lon="12.586951"><ele>6.2</ele><time>2026-08-20T11:07:53.000Z</time><extensions><gpxtpx:TrackPointExtension><gpxtpx:hr>133</gpxtpx:hr></gpxtpx:TrackPointExtension></extensions></trkpt>
      <trkpt lat="55.669964" lon="12.586993"><ele>6.4</ele><time>2026-08-20T11:07:54.000Z</time><extensions><gpxtpx:TrackPointExtension><gpxtpx:hr>133</gpxtpx:hr></gpxtpx:TrackPointExtension></extensions></trkpt>
      <trkpt lat="55.669961" lon="12.587033"><ele>6.4</ele><time>2026-08-20T11:07:55.000Z</time><extensions><gpxtpx:TrackPointExtension><gpxtpx:hr>135</gpxtpx:hr></gpxtpx:TrackPointExtension></extensions></trkpt>
      <trkpt lat="55.669957" lon="12.587074"><ele>6.4</ele><time>2026-08-20T11:07:56.000Z</time><extensions><gpxtpx:TrackPointExtension><gpxtpx:hr>135</gpxtpx:hr></gpxtpx:TrackPointExtension></extensions></trkpt>
      <trkpt lat="55.669954" lon="12.587114"><ele>6.4</ele><time>2026-08-20T11:07:57.000Z</time><extensions><gpxtpx:TrackPointExtension><gpxtpx:hr>135</gpxtpx:hr></gpxtpx:TrackPointExtension></extensions></trkpt>
      <trkpt lat="55.669951" lon="12.587154"><ele>6.4</ele><time>2026-08-20T11:07:58.000Z</time><extensions><gpxtpx:TrackPointExtension><gpxtpx:hr>137</gpxtpx:hr></gpxtpx:TrackPointExtension></extensions></trkpt>
      <trkpt lat="55.669949" lon="12.587194"><ele>6.4</ele><time>2026-08-20T11:07:59.000Z</time><extensions><gpxtpx:TrackPointExtension><gpxtpx:hr>137</gpxtpx:hr></gpxtpx:TrackPointExtension></extensions></trkpt>
      <trkpt lat="55.669947" lon="12.587233"><ele>6.4</ele><time>2026-08-20T11:08:00.000Z</time><extensions><gpxtpx:TrackPointExtension><gpxtpx:hr>137</gpxtpx:hr></gpxtpx:TrackPointExtension></extensions></trkpt>
      <trkpt lat="55.669945" lon="12.587273"><ele>6.4</ele><time>2026-08-20T11:08:01.000Z</time><extensions><gpxtpx:TrackPointExtension><gpxtpx:hr>137</gpxtpx:hr></gpxtpx:TrackPointExtension></extensions></trkpt>
      <trkpt lat="55.669944" lon="12.587312"><ele>6.4</ele><time>2026-08-20T11:08:02.000Z</time><extensions><gpxtpx:TrackPointExtension><gpxtpx:hr>137</gpxtpx:hr></gpxtpx:TrackPointExtension></extensions></trkpt>
      <trkpt lat="55.669942" lon="12.58735"><ele>6.4</ele><time>2026-08-20T11:08:03.000Z</time><extensions><gpxtpx:TrackPointExtension><gpxtpx:hr>137</gpxtpx:hr></gpxtpx:TrackPointExtension></extensions></trkpt>
      <trkpt lat="55.669939" lon="12.587388"><ele>6.6</ele><time>2026-08-20T11:08:04.000Z</time><extensions><gpxtpx:TrackPointExtension><gpxtpx:hr>137</gpxtpx:hr></gpxtpx:TrackPointExtension></extensions></trkpt>
      <trkpt lat="55.669937" lon="12.587429"><ele>6.6</ele><time>2026-08-20T11:08:05.000Z</time><extensions><gpxtpx:TrackPointExtension><gpxtpx:hr>137</gpxtpx:hr></gpxtpx:TrackPointExtension></extensions></trkpt>
      <trkpt lat="55.669934" lon="12.58747"><ele>6.6</ele><time>2026-08-20T11:08:06.000Z</time><extensions><gpxtpx:TrackPointExtension><gpxtpx:hr>137</gpxtpx:hr></gpxtpx:TrackPointExtension></extensions></trkpt>
      <trkpt lat="55.669931" lon="12.58751"><ele>6.6</ele><time>2026-08-20T11:08:07.000Z</time><extensions><gpxtpx:TrackPointExtension><gpxtpx:hr>137</gpxtpx:hr></gpxtpx:TrackPointExtension></extensions></trkpt>
      <trkpt lat="55.669929" lon="12.587551"><ele>6.6</ele><time>2026-08-20T11:08:08.000Z</time><extensions><gpxtpx:TrackPointExtension><gpxtpx:hr>137</gpxtpx:hr></gpxtpx:TrackPointExtension></extensions></trkpt>
      <trkpt lat="55.669927" lon="12.587592"><ele>6.6</ele><time>2026-08-20T11:08:09.000Z</time><extensions><gpxtpx:TrackPointExtension><gpxtpx:hr>137</gpxtpx:hr></gpxtpx:TrackPointExtension></extensions></trkpt>
      <trkpt lat="55.669927" lon="12.587633"><ele>6.6</ele><time>2026-08-20T11:08:10.000Z</time><extensions><gpxtpx:TrackPointExtension><gpxtpx:hr>136</gpxtpx:hr></gpxtpx:TrackPointExtension></extensions></trkpt>
      <trkpt lat="55.669926" lon="12.587674"><ele>6.4</ele><time>2026-08-20T11:08:11.000Z</time><extensions><gpxtpx:TrackPointExtension><gpxtpx:hr>136</gpxtpx:hr></gpxtpx:TrackPointExtension></extensions></trkpt>
      <trkpt lat="55.669926" lon="12.587716"><ele>6.4</ele><time>2026-08-20T11:08:12.000Z</time><extensions><gpxtpx:TrackPointExtension><gpxtpx:hr>136</gpxtpx:hr></gpxtpx:TrackPointExtension></extensions></trkpt>
      <trkpt lat="55.669927" lon="12.587759"><ele>6.4</ele><time>2026-08-20T11:08:13.000Z</time><extensions><gpxtpx:TrackPointExtension><gpxtpx:hr>136</gpxtpx:hr></gpxtpx:TrackPointExtension></extensions></trkpt>
      <trkpt lat="55.669927" lon="12.587802"><ele>6.4</ele><time>2026-08-20T11:08:14.000Z</time><extensions><gpxtpx:TrackPointExtension><gpxtpx:hr>136</gpxtpx:hr></gpxtpx:TrackPointExtension></extensions></trkpt>
      <trkpt lat="55.669926" lon="12.587846"><ele>6.4</ele><time>2026-08-20T11:08:15.000Z</time><extensions><gpxtpx:TrackPointExtension><gpxtpx:hr>136</gpxtpx:hr></gpxtpx:TrackPointExtension></extensions></trkpt>
      <trkpt lat="55.669925" lon="12.587889"><ele>6.4</ele><time>2026-08-20T11:08:16.000Z</time><extensions><gpxtpx:TrackPointExtension><gpxtpx:hr>136</gpxtpx:hr></gpxtpx:TrackPointExtension></extensions></trkpt>
      <trkpt lat="55.669923" lon="12.587931"><ele>6.4</ele><time>2026-08-20T11:08:17.000Z</time><extensions><gpxtpx:TrackPointExtension><gpxtpx:hr>133</gpxtpx:hr></gpxtpx:TrackPointExtension></extensions></trkpt>
      <trkpt lat="55.669921" lon="12.587972"><ele>6.4</ele><time>2026-08-20T11:08:18.000Z</time><extensions><gpxtpx:TrackPointExtension><gpxtpx:hr>133</gpxtpx:hr></gpxtpx:TrackPointExtension></extensions></trkpt>
      <trkpt lat="55.669917" lon="12.588012"><ele>6.4</ele><time>2026-08-20T11:08:19.000Z</time><extensions><gpxtpx:TrackPointExtension><gpxtpx:hr>133</gpxtpx:hr></gpxtpx:TrackPointExtension></extensions></trkpt>
      <trkpt lat="55.669913" lon="12.588052"><ele>6.4</ele><time>2026-08-20T11:08:20.000Z</time><extensions><gpxtpx:TrackPointExtension><gpxtpx:hr>133</gpxtpx:hr></gpxtpx:TrackPointExtension></extensions></trkpt>
      <trkpt lat="55.669907" lon="12.588093"><ele>6.4</ele><time>2026-08-20T11:08:21.000Z</time><extensions><gpxtpx:TrackPointExtension><gpxtpx:hr>133</gpxtpx:hr></gpxtpx:TrackPointExtension></extensions></trkpt>
      <trkpt lat="55.669901" lon="12.588134"><ele>6.4</ele><time>2026-08-20T11:08:22.000Z</time><extensions><gpxtpx:TrackPointExtension><gpxtpx:hr>133</gpxtpx:hr></gpxtpx:TrackPointExtension></extensions></trkpt>
      <trkpt lat="55.669893" lon="12.588173"><ele>6.4</ele><time>2026-08-20T11:08:23.000Z</time><extensions><gpxtpx:TrackPointExtension><gpxtpx:hr>133</gpxtpx:hr></gpxtpx:TrackPointExtension></extensions></trkpt>
      <trkpt lat="55.669886" lon="12.588212"><ele>6.4</ele><time>2026-08-20T11:08:24.000Z</time><extensions><gpxtpx:TrackPointExtension><gpxtpx:hr>133</gpxtpx:hr></gpxtpx:TrackPointExtension></extensions></trkpt>
      <trkpt lat="55.66988" lon="12.58825"><ele>6.4</ele><time>2026-08-20T11:08:25.000Z</time><extensions><gpxtpx:TrackPointExtension><gpxtpx:hr>133</gpxtpx:hr></gpxtpx:TrackPointExtension></extensions></trkpt>
      <trkpt lat="55.669874" lon="12.588287"><ele>6.4</ele><time>2026-08-20T11:08:26.000Z</time><extensions><gpxtpx:TrackPointExtension><gpxtpx:hr>133</gpxtpx:hr></gpxtpx:TrackPointExtension></extensions></trkpt>
      <trkpt lat="55.669868" lon="12.588325"><ele>6.4</ele><time>2026-08-20T11:08:27.000Z</time><extensions><gpxtpx:TrackPointExtension><gpxtpx:hr>133</gpxtpx:hr></gpxtpx:TrackPointExtension></extensions></trkpt>
      <trkpt lat="55.669863" lon="12.588361"><ele>6.4</ele><time>2026-08-20T11:08:28.000Z</time><extensions><gpxtpx:TrackPointExtension><gpxtpx:hr>133</gpxtpx:hr></gpxtpx:TrackPointExtension></extensions></trkpt>
      <trkpt lat="55.669856" lon="12.588394"><ele>6.4</ele><time>2026-08-20T11:08:29.000Z</time><extensions><gpxtpx:TrackPointExtension><gpxtpx:hr>133</gpxtpx:hr></gpxtpx:TrackPointExtension></extensions></trkpt>
      <trkpt lat="55.669848" lon="12.588424"><ele>6.4</ele><time>2026-08-20T11:08:30.000Z</time><extensions><gpxtpx:TrackPointExtension><gpxtpx:hr>133</gpxtpx:hr></gpxtpx:TrackPointExtension></extensions></trkpt>
      <trkpt lat="55.669839" lon="12.58845"><ele>6.6</ele><time>2026-08-20T11:08:31.000Z</time><extensions><gpxtpx:TrackPointExtension><gpxtpx:hr>133</gpxtpx:hr></gpxtpx:TrackPointExtension></extensions></trkpt>
      <trkpt lat="55.669827" lon="12.588473"><ele>6.6</ele><time>2026-08-20T11:08:32.000Z</time><extensions><gpxtpx:TrackPointExtension><gpxtpx:hr>133</gpxtpx:hr></gpxtpx:TrackPointExtension></extensions></trkpt>
      <trkpt lat="55.669814" lon="12.588496"><ele>6.6</ele><time>2026-08-20T11:08:33.000Z</time><extensions><gpxtpx:TrackPointExtension><gpxtpx:hr>133</gpxtpx:hr></gpxtpx:TrackPointExtension></extensions></trkpt>
      <trkpt lat="55.669801" lon="12.58852"><ele>6.6</ele><time>2026-08-20T11:08:34.000Z</time><extensions><gpxtpx:TrackPointExtension><gpxtpx:hr>133</gpxtpx:hr></gpxtpx:TrackPointExtension></extensions></trkpt>
      <trkpt lat="55.669788" lon="12.588545"><ele>6.6</ele><time>2026-08-20T11:08:35.000Z</time><extensions><gpxtpx:TrackPointExtension><gpxtpx:hr>133</gpxtpx:hr></gpxtpx:TrackPointExtension></extensions></trkpt>
      <trkpt lat="55.669777" lon="12.588574"><ele>6.8</ele><time>2026-08-20T11:08:36.000Z</time><extensions><gpxtpx:TrackPointExtension><gpxtpx:hr>133</gpxtpx:hr></gpxtpx:TrackPointExtension></extensions></trkpt>
      <trkpt lat="55.669768" lon="12.588606"><ele>6.8</ele><time>2026-08-20T11:08:37.000Z</time><extensions><gpxtpx:TrackPointExtension><gpxtpx:hr>134</gpxtpx:hr></gpxtpx:TrackPointExtension></extensions></trkpt>
      <trkpt lat="55.669759" lon="12.588641"><ele>6.8</ele><time>2026-08-20T11:08:38.000Z</time><extensions><gpxtpx:TrackPointExtension><gpxtpx:hr>134</gpxtpx:hr></gpxtpx:TrackPointExtension></extensions></trkpt>
      <trkpt lat="55.669751" lon="12.588677"><ele>7</ele><time>2026-08-20T11:08:39.000Z</time><extensions><gpxtpx:TrackPointExtension><gpxtpx:hr>134</gpxtpx:hr></gpxtpx:TrackPointExtension></extensions></trkpt>
      <trkpt lat="55.669742" lon="12.588714"><ele>7</ele><time>2026-08-20T11:08:40.000Z</time><extensions><gpxtpx:TrackPointExtension><gpxtpx:hr>134</gpxtpx:hr></gpxtpx:TrackPointExtension></extensions></trkpt>
      <trkpt lat="55.669733" lon="12.588751"><ele>7</ele><time>2026-08-20T11:08:41.000Z</time><extensions><gpxtpx:TrackPointExtension><gpxtpx:hr>134</gpxtpx:hr></gpxtpx:TrackPointExtension></extensions></trkpt>
      <trkpt lat="55.669723" lon="12.588784"><ele>7</ele><time>2026-08-20T11:08:42.000Z</time><extensions><gpxtpx:TrackPointExtension><gpxtpx:hr>134</gpxtpx:hr></gpxtpx:TrackPointExtension></extensions></trkpt>
      <trkpt lat="55.669712" lon="12.588816"><ele>7</ele><time>2026-08-20T11:08:43.000Z</time><extensions><gpxtpx:TrackPointExtension><gpxtpx:hr>135</gpxtpx:hr></gpxtpx:TrackPointExtension></extensions></trkpt>
      <trkpt lat="55.669697" lon="12.588845"><ele>7</ele><time>2026-08-20T11:08:44.000Z</time><extensions><gpxtpx:TrackPointExtension><gpxtpx:hr>135</gpxtpx:hr></gpxtpx:TrackPointExtension></extensions></trkpt>
      <trkpt lat="55.669679" lon="12.588872"><ele>7</ele><time>2026-08-20T11:08:45.000Z</time><extensions><gpxtpx:TrackPointExtension><gpxtpx:hr>135</gpxtpx:hr></gpxtpx:TrackPointExtension></extensions></trkpt>
      <trkpt lat="55.669658" lon="12.588895"><ele>7</ele><time>2026-08-20T11:08:46.000Z</time><extensions><gpxtpx:TrackPointExtension><gpxtpx:hr>135</gpxtpx:hr></gpxtpx:TrackPointExtension></extensions></trkpt>
      <trkpt lat="55.669635" lon="12.588913"><ele>6.8</ele><time>2026-08-20T11:08:47.000Z</time><extensions><gpxtpx:TrackPointExtension><gpxtpx:hr>135</gpxtpx:hr></gpxtpx:TrackPointExtension></extensions></trkpt>
      <trkpt lat="55.669613" lon="12.588927"><ele>6.8</ele><time>2026-08-20T11:08:48.000Z</time><extensions><gpxtpx:TrackPointExtension><gpxtpx:hr>134</gpxtpx:hr></gpxtpx:TrackPointExtension></extensions></trkpt>
      <trkpt lat="55.669591" lon="12.58894"><ele>6.6</ele><time>2026-08-20T11:08:49.000Z</time><extensions><gpxtpx:TrackPointExtension><gpxtpx:hr>134</gpxtpx:hr></gpxtpx:TrackPointExtension></extensions></trkpt>
      <trkpt lat="55.669568" lon="12.588951"><ele>6.6</ele><time>2026-08-20T11:08:50.000Z</time><extensions><gpxtpx:TrackPointExtension><gpxtpx:hr>134</gpxtpx:hr></gpxtpx:TrackPointExtension></extensions></trkpt>
      <trkpt lat="55.669543" lon="12.588961"><ele>6.6</ele><time>2026-08-20T11:08:51.000Z</time><extensions><gpxtpx:TrackPointExtension><gpxtpx:hr>134</gpxtpx:hr></gpxtpx:TrackPointExtension></extensions></trkpt>
      <trkpt lat="55.669518" lon="12.588971"><ele>6.6</ele><time>2026-08-20T11:08:52.000Z</time><extensions><gpxtpx:TrackPointExtension><gpxtpx:hr>134</gpxtpx:hr></gpxtpx:TrackPointExtension></extensions></trkpt>
      <trkpt lat="55.669494" lon="12.588982"><ele>6.4</ele><time>2026-08-20T11:08:53.000Z</time><extensions><gpxtpx:TrackPointExtension><gpxtpx:hr>134</gpxtpx:hr></gpxtpx:TrackPointExtension></extensions></trkpt>
      <trkpt lat="55.66947" lon="12.588994"><ele>6.4</ele><time>2026-08-20T11:08:54.000Z</time><extensions><gpxtpx:TrackPointExtension><gpxtpx:hr>134</gpxtpx:hr></gpxtpx:TrackPointExtension></extensions></trkpt>
      <trkpt lat="55.669446" lon="12.589005"><ele>6.4</ele><time>2026-08-20T11:08:55.000Z</time><extensions><gpxtpx:TrackPointExtension><gpxtpx:hr>132</gpxtpx:hr></gpxtpx:TrackPointExtension></extensions></trkpt>
      <trkpt lat="55.669423" lon="12.589016"><ele>6.4</ele><time>2026-08-20T11:08:56.000Z</time><extensions><gpxtpx:TrackPointExtension><gpxtpx:hr>132</gpxtpx:hr></gpxtpx:TrackPointExtension></extensions></trkpt>
      <trkpt lat="55.669399" lon="12.589026"><ele>6.4</ele><time>2026-08-20T11:08:57.000Z</time><extensions><gpxtpx:TrackPointExtension><gpxtpx:hr>132</gpxtpx:hr></gpxtpx:TrackPointExtension></extensions></trkpt>
      <trkpt lat="55.669376" lon="12.589036"><ele>6.4</ele><time>2026-08-20T11:08:58.000Z</time><extensions><gpxtpx:TrackPointExtension><gpxtpx:hr>132</gpxtpx:hr></gpxtpx:TrackPointExtension></extensions></trkpt>
      <trkpt lat="55.669354" lon="12.589045"><ele>6.4</ele><time>2026-08-20T11:08:59.000Z</time><extensions><gpxtpx:TrackPointExtension><gpxtpx:hr>132</gpxtpx:hr></gpxtpx:TrackPointExtension></extensions></trkpt>
      <trkpt lat="55.669332" lon="12.589053"><ele>6.4</ele><time>2026-08-20T11:09:00.000Z</time><extensions><gpxtpx:TrackPointExtension><gpxtpx:hr>132</gpxtpx:hr></gpxtpx:TrackPointExtension></extensions></trkpt>
      <trkpt lat="55.66931" lon="12.589059"><ele>6.4</ele><time>2026-08-20T11:09:01.000Z</time><extensions><gpxtpx:TrackPointExtension><gpxtpx:hr>133</gpxtpx:hr></gpxtpx:TrackPointExtension></extensions></trkpt>
      <trkpt lat="55.669289" lon="12.589065"><ele>6.4</ele><time>2026-08-20T11:09:02.000Z</time><extensions><gpxtpx:TrackPointExtension><gpxtpx:hr>133</gpxtpx:hr></gpxtpx:TrackPointExtension></extensions></trkpt>
      <trkpt lat="55.669267" lon="12.58907"><ele>6.4</ele><time>2026-08-20T11:09:03.000Z</time><extensions><gpxtpx:TrackPointExtension><gpxtpx:hr>133</gpxtpx:hr></gpxtpx:TrackPointExtension></extensions></trkpt>
      <trkpt lat="55.669245" lon="12.589074"><ele>6.2</ele><time>2026-08-20T11:09:04.000Z</time><extensions><gpxtpx:TrackPointExtension><gpxtpx:hr>133</gpxtpx:hr></gpxtpx:TrackPointExtension></extensions></trkpt>
      <trkpt lat="55.669223" lon="12.589079"><ele>6.2</ele><time>2026-08-20T11:09:05.000Z</time><extensions><gpxtpx:TrackPointExtension><gpxtpx:hr>133</gpxtpx:hr></gpxtpx:TrackPointExtension></extensions></trkpt>
      <trkpt lat="55.669202" lon="12.589086"><ele>6.2</ele><time>2026-08-20T11:09:06.000Z</time><extensions><gpxtpx:TrackPointExtension><gpxtpx:hr>133</gpxtpx:hr></gpxtpx:TrackPointExtension></extensions></trkpt>
      <trkpt lat="55.66918" lon="12.589095"><ele>6.2</ele><time>2026-08-20T11:09:07.000Z</time><extensions><gpxtpx:TrackPointExtension><gpxtpx:hr>133</gpxtpx:hr></gpxtpx:TrackPointExtension></extensions></trkpt>
      <trkpt lat="55.669158" lon="12.589107"><ele>6.2</ele><time>2026-08-20T11:09:08.000Z</time><extensions><gpxtpx:TrackPointExtension><gpxtpx:hr>133</gpxtpx:hr></gpxtpx:TrackPointExtension></extensions></trkpt>
      <trkpt lat="55.669137" lon="12.589124"><ele>6.2</ele><time>2026-08-20T11:09:09.000Z</time><extensions><gpxtpx:TrackPointExtension><gpxtpx:hr>132</gpxtpx:hr></gpxtpx:TrackPointExtension></extensions></trkpt>
      <trkpt lat="55.669117" lon="12.589144"><ele>6.2</ele><time>2026-08-20T11:09:10.000Z</time><extensions><gpxtpx:TrackPointExtension><gpxtpx:hr>132</gpxtpx:hr></gpxtpx:TrackPointExtension></extensions></trkpt>
      <trkpt lat="55.669098" lon="12.589165"><ele>6.2</ele><time>2026-08-20T11:09:11.000Z</time><extensions><gpxtpx:TrackPointExtension><gpxtpx:hr>132</gpxtpx:hr></gpxtpx:TrackPointExtension></extensions></trkpt>
      <trkpt lat="55.669081" lon="12.589189"><ele>6.2</ele><time>2026-08-20T11:09:12.000Z</time><extensions><gpxtpx:TrackPointExtension><gpxtpx:hr>132</gpxtpx:hr></gpxtpx:TrackPointExtension></extensions></trkpt>
      <trkpt lat="55.669065" lon="12.589214"><ele>6.2</ele><time>2026-08-20T11:09:13.000Z</time><extensions><gpxtpx:TrackPointExtension><gpxtpx:hr>132</gpxtpx:hr></gpxtpx:TrackPointExtension></extensions></trkpt>
      <trkpt lat="55.669051" lon="12.589242"><ele>6.2</ele><time>2026-08-20T11:09:14.000Z</time><extensions><gpxtpx:TrackPointExtension><gpxtpx:hr>132</gpxtpx:hr></gpxtpx:TrackPointExtension></extensions></trkpt>
      <trkpt lat="55.669037" lon="12.589271"><ele>6.2</ele><time>2026-08-20T11:09:15.000Z</time><extensions><gpxtpx:TrackPointExtension><gpxtpx:hr>133</gpxtpx:hr></gpxtpx:TrackPointExtension></extensions></trkpt>
      <trkpt lat="55.669025" lon="12.589302"><ele>6.2</ele><time>2026-08-20T11:09:16.000Z</time><extensions><gpxtpx:TrackPointExtension><gpxtpx:hr>133</gpxtpx:hr></gpxtpx:TrackPointExtension></extensions></trkpt>
      <trkpt lat="55.669012" lon="12.589336"><ele>6.2</ele><time>2026-08-20T11:09:17.000Z</time><extensions><gpxtpx:TrackPointExtension><gpxtpx:hr>133</gpxtpx:hr></gpxtpx:TrackPointExtension></extensions></trkpt>
      <trkpt lat="55.669001" lon="12.589371"><ele>6.2</ele><time>2026-08-20T11:09:18.000Z</time><extensions><gpxtpx:TrackPointExtension><gpxtpx:hr>133</gpxtpx:hr></gpxtpx:TrackPointExtension></extensions></trkpt>
      <trkpt lat="55.668991" lon="12.589407"><ele>6.2</ele><time>2026-08-20T11:09:19.000Z</time><extensions><gpxtpx:TrackPointExtension><gpxtpx:hr>133</gpxtpx:hr></gpxtpx:TrackPointExtension></extensions></trkpt>
      <trkpt lat="55.668982" lon="12.589444"><ele>6.2</ele><time>2026-08-20T11:09:20.000Z</time><extensions><gpxtpx:TrackPointExtension><gpxtpx:hr>133</gpxtpx:hr></gpxtpx:TrackPointExtension></extensions></trkpt>
      <trkpt lat="55.668975" lon="12.589482"><ele>6.2</ele><time>2026-08-20T11:09:21.000Z</time><extensions><gpxtpx:TrackPointExtension><gpxtpx:hr>135</gpxtpx:hr></gpxtpx:TrackPointExtension></extensions></trkpt>
      <trkpt lat="55.668972" lon="12.589519"><ele>6.2</ele><time>2026-08-20T11:09:22.000Z</time><extensions><gpxtpx:TrackPointExtension><gpxtpx:hr>135</gpxtpx:hr></gpxtpx:TrackPointExtension></extensions></trkpt>
      <trkpt lat="55.668974" lon="12.589558"><ele>6.2</ele><time>2026-08-20T11:09:23.000Z</time><extensions><gpxtpx:TrackPointExtension><gpxtpx:hr>135</gpxtpx:hr></gpxtpx:TrackPointExtension></extensions></trkpt>
      <trkpt lat="55.668979" lon="12.589595"><ele>6.2</ele><time>2026-08-20T11:09:24.000Z</time><extensions><gpxtpx:TrackPointExtension><gpxtpx:hr>135</gpxtpx:hr></gpxtpx:TrackPointExtension></extensions></trkpt>
      <trkpt lat="55.668987" lon="12.589632"><ele>6.2</ele><time>2026-08-20T11:09:25.000Z</time><extensions><gpxtpx:TrackPointExtension><gpxtpx:hr>135</gpxtpx:hr></gpxtpx:TrackPointExtension></extensions></trkpt>
      <trkpt lat="55.668996" lon="12.589667"><ele>6.2</ele><time>2026-08-20T11:09:26.000Z</time><extensions><gpxtpx:TrackPointExtension><gpxtpx:hr>135</gpxtpx:hr></gpxtpx:TrackPointExtension></extensions></trkpt>
      <trkpt lat="55.669007" lon="12.589703"><ele>6.2</ele><time>2026-08-20T11:09:27.000Z</time><extensions><gpxtpx:TrackPointExtension><gpxtpx:hr>135</gpxtpx:hr></gpxtpx:TrackPointExtension></extensions></trkpt>
      <trkpt lat="55.669017" lon="12.589737"><ele>6.2</ele><time>2026-08-20T11:09:28.000Z</time><extensions><gpxtpx:TrackPointExtension><gpxtpx:hr>136</gpxtpx:hr></gpxtpx:TrackPointExtension></extensions></trkpt>
      <trkpt lat="55.669028" lon="12.58977"><ele>6.2</ele><time>2026-08-20T11:09:29.000Z</time><extensions><gpxtpx:TrackPointExtension><gpxtpx:hr>136</gpxtpx:hr></gpxtpx:TrackPointExtension></extensions></trkpt>
      <trkpt lat="55.669039" lon="12.589801"><ele>6.2</ele><time>2026-08-20T11:09:30.000Z</time><extensions><gpxtpx:TrackPointExtension><gpxtpx:hr>136</gpxtpx:hr></gpxtpx:TrackPointExtension></extensions></trkpt>
      <trkpt lat="55.66905" lon="12.589831"><ele>6.2</ele><time>2026-08-20T11:09:31.000Z</time><extensions><gpxtpx:TrackPointExtension><gpxtpx:hr>136</gpxtpx:hr></gpxtpx:TrackPointExtension></extensions></trkpt>
      <trkpt lat="55.669063" lon="12.58986"><ele>6.2</ele><time>2026-08-20T11:09:32.000Z</time><extensions><gpxtpx:TrackPointExtension><gpxtpx:hr>136</gpxtpx:hr></gpxtpx:TrackPointExtension></extensions></trkpt>
      <trkpt lat="55.669077" lon="12.589887"><ele>6.2</ele><time>2026-08-20T11:09:33.000Z</time><extensions><gpxtpx:TrackPointExtension><gpxtpx:hr>136</gpxtpx:hr></gpxtpx:TrackPointExtension></extensions></trkpt>
      <trkpt lat="55.669092" lon="12.589913"><ele>6.2</ele><time>2026-08-20T11:09:34.000Z</time><extensions><gpxtpx:TrackPointExtension><gpxtpx:hr>136</gpxtpx:hr></gpxtpx:TrackPointExtension></extensions></trkpt>
      <trkpt lat="55.669109" lon="12.589936"><ele>6.2</ele><time>2026-08-20T11:09:35.000Z</time><extensions><gpxtpx:TrackPointExtension><gpxtpx:hr>134</gpxtpx:hr></gpxtpx:TrackPointExtension></extensions></trkpt>
      <trkpt lat="55.669125" lon="12.589956"><ele>6.2</ele><time>2026-08-20T11:09:36.000Z</time><extensions><gpxtpx:TrackPointExtension><gpxtpx:hr>134</gpxtpx:hr></gpxtpx:TrackPointExtension></extensions></trkpt>
      <trkpt lat="55.669142" lon="12.589971"><ele>6.2</ele><time>2026-08-20T11:09:37.000Z</time><extensions><gpxtpx:TrackPointExtension><gpxtpx:hr>134</gpxtpx:hr></gpxtpx:TrackPointExtension></extensions></trkpt>
      <trkpt lat="55.669157" lon="12.589982"><ele>6.2</ele><time>2026-08-20T11:09:38.000Z</time><extensions><gpxtpx:TrackPointExtension><gpxtpx:hr>134</gpxtpx:hr></gpxtpx:TrackPointExtension></extensions></trkpt>
      <trkpt lat="55.669173" lon="12.589991"><ele>6.2</ele><time>2026-08-20T11:09:39.000Z</time><extensions><gpxtpx:TrackPointExtension><gpxtpx:hr>134</gpxtpx:hr></gpxtpx:TrackPointExtension></extensions></trkpt>
      <trkpt lat="55.669189" lon="12.589997"><ele>6.2</ele><time>2026-08-20T11:09:40.000Z</time><extensions><gpxtpx:TrackPointExtension><gpxtpx:hr>134</gpxtpx:hr></gpxtpx:TrackPointExtension></extensions></trkpt>
      <trkpt lat="55.669206" lon="12.59"><ele>6.2</ele><time>2026-08-20T11:09:41.000Z</time><extensions><gpxtpx:TrackPointExtension><gpxtpx:hr>134</gpxtpx:hr></gpxtpx:TrackPointExtension></extensions></trkpt>
      <trkpt lat="55.669225" lon="12.590001"><ele>6.2</ele><time>2026-08-20T11:09:42.000Z</time><extensions><gpxtpx:TrackPointExtension><gpxtpx:hr>134</gpxtpx:hr></gpxtpx:TrackPointExtension></extensions></trkpt>
      <trkpt lat="55.669244" lon="12.590002"><ele>6.2</ele><time>2026-08-20T11:09:43.000Z</time><extensions><gpxtpx:TrackPointExtension><gpxtpx:hr>134</gpxtpx:hr></gpxtpx:TrackPointExtension></extensions></trkpt>
      <trkpt lat="55.669262" lon="12.590003"><ele>6.2</ele><time>2026-08-20T11:09:44.000Z</time><extensions><gpxtpx:TrackPointExtension><gpxtpx:hr>134</gpxtpx:hr></gpxtpx:TrackPointExtension></extensions></trkpt>
      <trkpt lat="55.669281" lon="12.590004"><ele>6.2</ele><time>2026-08-20T11:09:45.000Z</time><extensions><gpxtpx:TrackPointExtension><gpxtpx:hr>134</gpxtpx:hr></gpxtpx:TrackPointExtension></extensions></trkpt>
      <trkpt lat="55.669299" lon="12.590005"><ele>6.2</ele><time>2026-08-20T11:09:46.000Z</time><extensions><gpxtpx:TrackPointExtension><gpxtpx:hr>134</gpxtpx:hr></gpxtpx:TrackPointExtension></extensions></trkpt>
      <trkpt lat="55.669319" lon="12.590006"><ele>6.2</ele><time>2026-08-20T11:09:47.000Z</time><extensions><gpxtpx:TrackPointExtension><gpxtpx:hr>133</gpxtpx:hr></gpxtpx:TrackPointExtension></extensions></trkpt>
      <trkpt lat="55.669338" lon="12.590008"><ele>6.2</ele><time>2026-08-20T11:09:48.000Z</time><extensions><gpxtpx:TrackPointExtension><gpxtpx:hr>133</gpxtpx:hr></gpxtpx:TrackPointExtension></extensions></trkpt>
      <trkpt lat="55.669357" lon="12.59001"><ele>6.2</ele><time>2026-08-20T11:09:49.000Z</time><extensions><gpxtpx:TrackPointExtension><gpxtpx:hr>133</gpxtpx:hr></gpxtpx:TrackPointExtension></extensions></trkpt>
      <trkpt lat="55.669376" lon="12.590012"><ele>6.4</ele><time>2026-08-20T11:09:50.000Z</time><extensions><gpxtpx:TrackPointExtension><gpxtpx:hr>133</gpxtpx:hr></gpxtpx:TrackPointExtension></extensions></trkpt>
      <trkpt lat="55.669396" lon="12.590015"><ele>6.4</ele><time>2026-08-20T11:09:51.000Z</time><extensions><gpxtpx:TrackPointExtension><gpxtpx:hr>133</gpxtpx:hr></gpxtpx:TrackPointExtension></extensions></trkpt>
      <trkpt lat="55.669416" lon="12.590017"><ele>6.4</ele><time>2026-08-20T11:09:52.000Z</time><extensions><gpxtpx:TrackPointExtension><gpxtpx:hr>133</gpxtpx:hr></gpxtpx:TrackPointExtension></extensions></trkpt>
      <trkpt lat="55.669438" lon="12.59002"><ele>6.4</ele><time>2026-08-20T11:09:53.000Z</time><extensions><gpxtpx:TrackPointExtension><gpxtpx:hr>134</gpxtpx:hr></gpxtpx:TrackPointExtension></extensions></trkpt>
      <trkpt lat="55.669461" lon="12.590023"><ele>6.4</ele><time>2026-08-20T11:09:54.000Z</time><extensions><gpxtpx:TrackPointExtension><gpxtpx:hr>134</gpxtpx:hr></gpxtpx:TrackPointExtension></extensions></trkpt>
      <trkpt lat="55.669485" lon="12.590026"><ele>6.4</ele><time>2026-08-20T11:09:55.000Z</time><extensions><gpxtpx:TrackPointExtension><gpxtpx:hr>134</gpxtpx:hr></gpxtpx:TrackPointExtension></extensions></trkpt>
      <trkpt lat="55.669509" lon="12.59003"><ele>6.4</ele><time>2026-08-20T11:09:56.000Z</time><extensions><gpxtpx:TrackPointExtension><gpxtpx:hr>134</gpxtpx:hr></gpxtpx:TrackPointExtension></extensions></trkpt>
      <trkpt lat="55.669531" lon="12.590032"><ele>6.4</ele><time>2026-08-20T11:09:57.000Z</time><extensions><gpxtpx:TrackPointExtension><gpxtpx:hr>134</gpxtpx:hr></gpxtpx:TrackPointExtension></extensions></trkpt>
      <trkpt lat="55.669552" lon="12.590035"><ele>6.4</ele><time>2026-08-20T11:09:58.000Z</time><extensions><gpxtpx:TrackPointExtension><gpxtpx:hr>134</gpxtpx:hr></gpxtpx:TrackPointExtension></extensions></trkpt>
      <trkpt lat="55.669573" lon="12.590038"><ele>6.4</ele><time>2026-08-20T11:09:59.000Z</time><extensions><gpxtpx:TrackPointExtension><gpxtpx:hr>134</gpxtpx:hr></gpxtpx:TrackPointExtension></extensions></trkpt>
      <trkpt lat="55.669594" lon="12.590041"><ele>6.4</ele><time>2026-08-20T11:10:00.000Z</time><extensions><gpxtpx:TrackPointExtension><gpxtpx:hr>137</gpxtpx:hr></gpxtpx:TrackPointExtension></extensions></trkpt>
      <trkpt lat="55.669615" lon="12.590045"><ele>6.4</ele><time>2026-08-20T11:10:01.000Z</time><extensions><gpxtpx:TrackPointExtension><gpxtpx:hr>137</gpxtpx:hr></gpxtpx:TrackPointExtension></extensions></trkpt>
      <trkpt lat="55.669638" lon="12.59005"><ele>6.4</ele><time>2026-08-20T11:10:02.000Z</time><extensions><gpxtpx:TrackPointExtension><gpxtpx:hr>137</gpxtpx:hr></gpxtpx:TrackPointExtension></extensions></trkpt>
      <trkpt lat="55.66966" lon="12.590055"><ele>6.4</ele><time>2026-08-20T11:10:03.000Z</time><extensions><gpxtpx:TrackPointExtension><gpxtpx:hr>137</gpxtpx:hr></gpxtpx:TrackPointExtension></extensions></trkpt>
      <trkpt lat="55.669681" lon="12.59006"><ele>6.4</ele><time>2026-08-20T11:10:04.000Z</time><extensions><gpxtpx:TrackPointExtension><gpxtpx:hr>137</gpxtpx:hr></gpxtpx:TrackPointExtension></extensions></trkpt>
      <trkpt lat="55.669704" lon="12.590066"><ele>6.4</ele><time>2026-08-20T11:10:05.000Z</time><extensions><gpxtpx:TrackPointExtension><gpxtpx:hr>137</gpxtpx:hr></gpxtpx:TrackPointExtension></extensions></trkpt>
      <trkpt lat="55.669727" lon="12.590075"><ele>6.4</ele><time>2026-08-20T11:10:06.000Z</time><extensions><gpxtpx:TrackPointExtension><gpxtpx:hr>137</gpxtpx:hr></gpxtpx:TrackPointExtension></extensions></trkpt>
      <trkpt lat="55.669751" lon="12.590088"><ele>6.4</ele><time>2026-08-20T11:10:07.000Z</time><extensions><gpxtpx:TrackPointExtension><gpxtpx:hr>135</gpxtpx:hr></gpxtpx:TrackPointExtension></extensions></trkpt>
      <trkpt lat="55.669773" lon="12.590103"><ele>6.4</ele><time>2026-08-20T11:10:08.000Z</time><extensions><gpxtpx:TrackPointExtension><gpxtpx:hr>135</gpxtpx:hr></gpxtpx:TrackPointExtension></extensions></trkpt>
      <trkpt lat="55.669793" lon="12.590123"><ele>6.4</ele><time>2026-08-20T11:10:09.000Z</time><extensions><gpxtpx:TrackPointExtension><gpxtpx:hr>135</gpxtpx:hr></gpxtpx:TrackPointExtension></extensions></trkpt>
      <trkpt lat="55.669811" lon="12.590149"><ele>6.4</ele><time>2026-08-20T11:10:10.000Z</time><extensions><gpxtpx:TrackPointExtension><gpxtpx:hr>136</gpxtpx:hr></gpxtpx:TrackPointExtension></extensions></trkpt>
      <trkpt lat="55.669827" lon="12.590181"><ele>6.4</ele><time>2026-08-20T11:10:11.000Z</time><extensions><gpxtpx:TrackPointExtension><gpxtpx:hr>136</gpxtpx:hr></gpxtpx:TrackPointExtension></extensions></trkpt>
      <trkpt lat="55.669839" lon="12.590219"><ele>6.4</ele><time>2026-08-20T11:10:12.000Z</time><extensions><gpxtpx:TrackPointExtension><gpxtpx:hr>136</gpxtpx:hr></gpxtpx:TrackPointExtension></extensions></trkpt>
      <trkpt lat="55.66985" lon="12.59026"><ele>6.6</ele><time>2026-08-20T11:10:13.000Z</time><extensions><gpxtpx:TrackPointExtension><gpxtpx:hr>136</gpxtpx:hr></gpxtpx:TrackPointExtension></extensions></trkpt>
      <trkpt lat="55.669859" lon="12.590303"><ele>6.6</ele><time>2026-08-20T11:10:14.000Z</time><extensions><gpxtpx:TrackPointExtension><gpxtpx:hr>136</gpxtpx:hr></gpxtpx:TrackPointExtension></extensions></trkpt>
      <trkpt lat="55.669869" lon="12.590346"><ele>6.6</ele><time>2026-08-20T11:10:15.000Z</time><extensions><gpxtpx:TrackPointExtension><gpxtpx:hr>136</gpxtpx:hr></gpxtpx:TrackPointExtension></extensions></trkpt>
      <trkpt lat="55.669879" lon="12.590391"><ele>6.6</ele><time>2026-08-20T11:10:16.000Z</time><extensions><gpxtpx:TrackPointExtension><gpxtpx:hr>135</gpxtpx:hr></gpxtpx:TrackPointExtension></extensions></trkpt>
      <trkpt lat="55.669888" lon="12.590437"><ele>6.6</ele><time>2026-08-20T11:10:17.000Z</time><extensions><gpxtpx:TrackPointExtension><gpxtpx:hr>135</gpxtpx:hr></gpxtpx:TrackPointExtension></extensions></trkpt>
      <trkpt lat="55.669896" lon="12.590481"><ele>6.6</ele><time>2026-08-20T11:10:18.000Z</time><extensions><gpxtpx:TrackPointExtension><gpxtpx:hr>135</gpxtpx:hr></gpxtpx:TrackPointExtension></extensions></trkpt>
      <trkpt lat="55.669904" lon="12.590524"><ele>6.6</ele><time>2026-08-20T11:10:19.000Z</time><extensions><gpxtpx:TrackPointExtension><gpxtpx:hr>135</gpxtpx:hr></gpxtpx:TrackPointExtension></extensions></trkpt>
      <trkpt lat="55.669911" lon="12.590567"><ele>6.6</ele><time>2026-08-20T11:10:20.000Z</time><extensions><gpxtpx:TrackPointExtension><gpxtpx:hr>136</gpxtpx:hr></gpxtpx:TrackPointExtension></extensions></trkpt>
      <trkpt lat="55.669918" lon="12.590611"><ele>6.6</ele><time>2026-08-20T11:10:21.000Z</time><extensions><gpxtpx:TrackPointExtension><gpxtpx:hr>136</gpxtpx:hr></gpxtpx:TrackPointExtension></extensions></trkpt>
      <trkpt lat="55.669925" lon="12.590654"><ele>6.6</ele><time>2026-08-20T11:10:22.000Z</time><extensions><gpxtpx:TrackPointExtension><gpxtpx:hr>136</gpxtpx:hr></gpxtpx:TrackPointExtension></extensions></trkpt>
      <trkpt lat="55.669932" lon="12.590697"><ele>6.6</ele><time>2026-08-20T11:10:23.000Z</time><extensions><gpxtpx:TrackPointExtension><gpxtpx:hr>136</gpxtpx:hr></gpxtpx:TrackPointExtension></extensions></trkpt>
      <trkpt lat="55.669939" lon="12.590738"><ele>6.6</ele><time>2026-08-20T11:10:24.000Z</time><extensions><gpxtpx:TrackPointExtension><gpxtpx:hr>136</gpxtpx:hr></gpxtpx:TrackPointExtension></extensions></trkpt>
      <trkpt lat="55.669946" lon="12.590779"><ele>6.6</ele><time>2026-08-20T11:10:25.000Z</time><extensions><gpxtpx:TrackPointExtension><gpxtpx:hr>138</gpxtpx:hr></gpxtpx:TrackPointExtension></extensions></trkpt>
      <trkpt lat="55.669952" lon="12.590816"><ele>6.6</ele><time>2026-08-20T11:10:26.000Z</time><extensions><gpxtpx:TrackPointExtension><gpxtpx:hr>138</gpxtpx:hr></gpxtpx:TrackPointExtension></extensions></trkpt>
      <trkpt lat="55.669958" lon="12.590851"><ele>6.6</ele><time>2026-08-20T11:10:27.000Z</time><extensions><gpxtpx:TrackPointExtension><gpxtpx:hr>138</gpxtpx:hr></gpxtpx:TrackPointExtension></extensions></trkpt>
      <trkpt lat="55.669964" lon="12.590887"><ele>6.6</ele><time>2026-08-20T11:10:28.000Z</time><extensions><gpxtpx:TrackPointExtension><gpxtpx:hr>138</gpxtpx:hr></gpxtpx:TrackPointExtension></extensions></trkpt>
      <trkpt lat="55.669971" lon="12.590925"><ele>6.6</ele><time>2026-08-20T11:10:29.000Z</time><extensions><gpxtpx:TrackPointExtension><gpxtpx:hr>138</gpxtpx:hr></gpxtpx:TrackPointExtension></extensions></trkpt>
      <trkpt lat="55.669978" lon="12.590965"><ele>6.6</ele><time>2026-08-20T11:10:30.000Z</time><extensions><gpxtpx:TrackPointExtension><gpxtpx:hr>138</gpxtpx:hr></gpxtpx:TrackPointExtension></extensions></trkpt>
      <trkpt lat="55.669985" lon="12.591006"><ele>6.6</ele><time>2026-08-20T11:10:31.000Z</time><extensions><gpxtpx:TrackPointExtension><gpxtpx:hr>137</gpxtpx:hr></gpxtpx:TrackPointExtension></extensions></trkpt>
      <trkpt lat="55.669992" lon="12.591047"><ele>6.6</ele><time>2026-08-20T11:10:32.000Z</time><extensions><gpxtpx:TrackPointExtension><gpxtpx:hr>137</gpxtpx:hr></gpxtpx:TrackPointExtension></extensions></trkpt>
      <trkpt lat="55.669999" lon="12.591089"><ele>6.6</ele><time>2026-08-20T11:10:33.000Z</time><extensions><gpxtpx:TrackPointExtension><gpxtpx:hr>137</gpxtpx:hr></gpxtpx:TrackPointExtension></extensions></trkpt>
      <trkpt lat="55.670006" lon="12.591131"><ele>6.6</ele><time>2026-08-20T11:10:34.000Z</time><extensions><gpxtpx:TrackPointExtension><gpxtpx:hr>137</gpxtpx:hr></gpxtpx:TrackPointExtension></extensions></trkpt>
      <trkpt lat="55.670012" lon="12.591172"><ele>6.6</ele><time>2026-08-20T11:10:35.000Z</time><extensions><gpxtpx:TrackPointExtension><gpxtpx:hr>137</gpxtpx:hr></gpxtpx:TrackPointExtension></extensions></trkpt>
      <trkpt lat="55.670018" lon="12.591212"><ele>6.6</ele><time>2026-08-20T11:10:36.000Z</time><extensions><gpxtpx:TrackPointExtension><gpxtpx:hr>137</gpxtpx:hr></gpxtpx:TrackPointExtension></extensions></trkpt>
      <trkpt lat="55.670024" lon="12.591251"><ele>6.6</ele><time>2026-08-20T11:10:37.000Z</time><extensions><gpxtpx:TrackPointExtension><gpxtpx:hr>137</gpxtpx:hr></gpxtpx:TrackPointExtension></extensions></trkpt>
      <trkpt lat="55.67003" lon="12.591291"><ele>6.6</ele><time>2026-08-20T11:10:38.000Z</time><extensions><gpxtpx:TrackPointExtension><gpxtpx:hr>137</gpxtpx:hr></gpxtpx:TrackPointExtension></extensions></trkpt>
      <trkpt lat="55.670037" lon="12.591332"><ele>6.6</ele><time>2026-08-20T11:10:39.000Z</time><extensions><gpxtpx:TrackPointExtension><gpxtpx:hr>137</gpxtpx:hr></gpxtpx:TrackPointExtension></extensions></trkpt>
      <trkpt lat="55.670044" lon="12.591374"><ele>6.6</ele><time>2026-08-20T11:10:40.000Z</time><extensions><gpxtpx:TrackPointExtension><gpxtpx:hr>138</gpxtpx:hr></gpxtpx:TrackPointExtension></extensions></trkpt>
      <trkpt lat="55.670051" lon="12.591416"><ele>6.6</ele><time>2026-08-20T11:10:41.000Z</time><extensions><gpxtpx:TrackPointExtension><gpxtpx:hr>138</gpxtpx:hr></gpxtpx:TrackPointExtension></extensions></trkpt>
      <trkpt lat="55.670058" lon="12.591459"><ele>6.6</ele><time>2026-08-20T11:10:42.000Z</time><extensions><gpxtpx:TrackPointExtension><gpxtpx:hr>138</gpxtpx:hr></gpxtpx:TrackPointExtension></extensions></trkpt>
      <trkpt lat="55.670066" lon="12.591503"><ele>6.6</ele><time>2026-08-20T11:10:43.000Z</time><extensions><gpxtpx:TrackPointExtension><gpxtpx:hr>138</gpxtpx:hr></gpxtpx:TrackPointExtension></extensions></trkpt>
      <trkpt lat="55.670073" lon="12.591549"><ele>6.6</ele><time>2026-08-20T11:10:44.000Z</time><extensions><gpxtpx:TrackPointExtension><gpxtpx:hr>138</gpxtpx:hr></gpxtpx:TrackPointExtension></extensions></trkpt>
      <trkpt lat="55.670081" lon="12.591595"><ele>6.6</ele><time>2026-08-20T11:10:45.000Z</time><extensions><gpxtpx:TrackPointExtension><gpxtpx:hr>138</gpxtpx:hr></gpxtpx:TrackPointExtension></extensions></trkpt>
      <trkpt lat="55.670089" lon="12.591639"><ele>6.6</ele><time>2026-08-20T11:10:46.000Z</time><extensions><gpxtpx:TrackPointExtension><gpxtpx:hr>138</gpxtpx:hr></gpxtpx:TrackPointExtension></extensions></trkpt>
      <trkpt lat="55.670096" lon="12.591679"><ele>6.6</ele><time>2026-08-20T11:10:47.000Z</time><extensions><gpxtpx:TrackPointExtension><gpxtpx:hr>138</gpxtpx:hr></gpxtpx:TrackPointExtension></extensions></trkpt>
      <trkpt lat="55.670102" lon="12.591718"><ele>6.6</ele><time>2026-08-20T11:10:48.000Z</time><extensions><gpxtpx:TrackPointExtension><gpxtpx:hr>138</gpxtpx:hr></gpxtpx:TrackPointExtension></extensions></trkpt>
      <trkpt lat="55.670109" lon="12.591756"><ele>6.6</ele><time>2026-08-20T11:10:49.000Z</time><extensions><gpxtpx:TrackPointExtension><gpxtpx:hr>138</gpxtpx:hr></gpxtpx:TrackPointExtension></extensions></trkpt>
      <trkpt lat="55.670115" lon="12.591793"><ele>6.6</ele><time>2026-08-20T11:10:50.000Z</time><extensions><gpxtpx:TrackPointExtension><gpxtpx:hr>138</gpxtpx:hr></gpxtpx:TrackPointExtension></extensions></trkpt>
      <trkpt lat="55.670121" lon="12.591831"><ele>6.6</ele><time>2026-08-20T11:10:51.000Z</time><extensions><gpxtpx:TrackPointExtension><gpxtpx:hr>138</gpxtpx:hr></gpxtpx:TrackPointExtension></extensions></trkpt>
      <trkpt lat="55.670127" lon="12.591867"><ele>6.6</ele><time>2026-08-20T11:10:52.000Z</time><extensions><gpxtpx:TrackPointExtension><gpxtpx:hr>138</gpxtpx:hr></gpxtpx:TrackPointExtension></extensions></trkpt>
      <trkpt lat="55.670132" lon="12.591902"><ele>6.8</ele><time>2026-08-20T11:10:53.000Z</time><extensions><gpxtpx:TrackPointExtension><gpxtpx:hr>138</gpxtpx:hr></gpxtpx:TrackPointExtension></extensions></trkpt>
      <trkpt lat="55.670138" lon="12.591936"><ele>6.8</ele><time>2026-08-20T11:10:54.000Z</time><extensions><gpxtpx:TrackPointExtension><gpxtpx:hr>138</gpxtpx:hr></gpxtpx:TrackPointExtension></extensions></trkpt>
      <trkpt lat="55.670143" lon="12.59197"><ele>6.8</ele><time>2026-08-20T11:10:55.000Z</time><extensions><gpxtpx:TrackPointExtension><gpxtpx:hr>139</gpxtpx:hr></gpxtpx:TrackPointExtension></extensions></trkpt>
      <trkpt lat="55.670149" lon="12.592003"><ele>6.8</ele><time>2026-08-20T11:10:56.000Z</time><extensions><gpxtpx:TrackPointExtension><gpxtpx:hr>139</gpxtpx:hr></gpxtpx:TrackPointExtension></extensions></trkpt>
      <trkpt lat="55.670156" lon="12.592038"><ele>6.8</ele><time>2026-08-20T11:10:57.000Z</time><extensions><gpxtpx:TrackPointExtension><gpxtpx:hr>139</gpxtpx:hr></gpxtpx:TrackPointExtension></extensions></trkpt>
      <trkpt lat="55.670162" lon="12.592075"><ele>6.8</ele><time>2026-08-20T11:10:58.000Z</time><extensions><gpxtpx:TrackPointExtension><gpxtpx:hr>139</gpxtpx:hr></gpxtpx:TrackPointExtension></extensions></trkpt>
      <trkpt lat="55.67017" lon="12.592114"><ele>6.8</ele><time>2026-08-20T11:10:59.000Z</time><extensions><gpxtpx:TrackPointExtension><gpxtpx:hr>138</gpxtpx:hr></gpxtpx:TrackPointExtension></extensions></trkpt>
      <trkpt lat="55.670177" lon="12.592152"><ele>6.8</ele><time>2026-08-20T11:11:00.000Z</time><extensions><gpxtpx:TrackPointExtension><gpxtpx:hr>138</gpxtpx:hr></gpxtpx:TrackPointExtension></extensions></trkpt>
      <trkpt lat="55.670184" lon="12.592188"><ele>6.8</ele><time>2026-08-20T11:11:01.000Z</time><extensions><gpxtpx:TrackPointExtension><gpxtpx:hr>138</gpxtpx:hr></gpxtpx:TrackPointExtension></extensions></trkpt>
      <trkpt lat="55.67019" lon="12.592223"><ele>6.6</ele><time>2026-08-20T11:11:02.000Z</time><extensions><gpxtpx:TrackPointExtension><gpxtpx:hr>138</gpxtpx:hr></gpxtpx:TrackPointExtension></extensions></trkpt>
      <trkpt lat="55.670194" lon="12.592258"><ele>6.6</ele><time>2026-08-20T11:11:03.000Z</time><extensions><gpxtpx:TrackPointExtension><gpxtpx:hr>138</gpxtpx:hr></gpxtpx:TrackPointExtension></extensions></trkpt>
      <trkpt lat="55.670196" lon="12.592292"><ele>6.6</ele><time>2026-08-20T11:11:04.000Z</time><extensions><gpxtpx:TrackPointExtension><gpxtpx:hr>138</gpxtpx:hr></gpxtpx:TrackPointExtension></extensions></trkpt>
      <trkpt lat="55.670196" lon="12.592325"><ele>6.6</ele><time>2026-08-20T11:11:05.000Z</time><extensions><gpxtpx:TrackPointExtension><gpxtpx:hr>138</gpxtpx:hr></gpxtpx:TrackPointExtension></extensions></trkpt>
      <trkpt lat="55.670194" lon="12.592353"><ele>6.6</ele><time>2026-08-20T11:11:06.000Z</time><extensions><gpxtpx:TrackPointExtension><gpxtpx:hr>138</gpxtpx:hr></gpxtpx:TrackPointExtension></extensions></trkpt>
      <trkpt lat="55.670192" lon="12.592375"><ele>6.6</ele><time>2026-08-20T11:11:07.000Z</time><extensions><gpxtpx:TrackPointExtension><gpxtpx:hr>138</gpxtpx:hr></gpxtpx:TrackPointExtension></extensions></trkpt>
      <trkpt lat="55.67019" lon="12.592388"><ele>6.4</ele><time>2026-08-20T11:11:08.000Z</time><extensions><gpxtpx:TrackPointExtension><gpxtpx:hr>138</gpxtpx:hr></gpxtpx:TrackPointExtension></extensions></trkpt>
      <trkpt lat="55.670189" lon="12.592389"><ele>6.4</ele><time>2026-08-20T11:11:09.000Z</time><extensions><gpxtpx:TrackPointExtension><gpxtpx:hr>138</gpxtpx:hr></gpxtpx:TrackPointExtension></extensions></trkpt>
      <trkpt lat="55.670191" lon="12.592389"><ele>6.4</ele><time>2026-08-20T11:11:10.000Z</time><extensions><gpxtpx:TrackPointExtension><gpxtpx:hr>138</gpxtpx:hr></gpxtpx:TrackPointExtension></extensions></trkpt>
      <trkpt lat="55.670193" lon="12.592391"><ele>6.4</ele><time>2026-08-20T11:11:11.000Z</time><extensions><gpxtpx:TrackPointExtension><gpxtpx:hr>138</gpxtpx:hr></gpxtpx:TrackPointExtension></extensions></trkpt>
      <trkpt lat="55.670197" lon="12.592394"><ele>6.4</ele><time>2026-08-20T11:11:12.000Z</time><extensions><gpxtpx:TrackPointExtension><gpxtpx:hr>138</gpxtpx:hr></gpxtpx:TrackPointExtension></extensions></trkpt>
      <trkpt lat="55.670199" lon="12.592398"><ele>6.4</ele><time>2026-08-20T11:11:13.000Z</time><extensions><gpxtpx:TrackPointExtension><gpxtpx:hr>138</gpxtpx:hr></gpxtpx:TrackPointExtension></extensions></trkpt>
      <trkpt lat="55.670201" lon="12.592403"><ele>6.4</ele><time>2026-08-20T11:11:14.000Z</time><extensions><gpxtpx:TrackPointExtension><gpxtpx:hr>138</gpxtpx:hr></gpxtpx:TrackPointExtension></extensions></trkpt>
      <trkpt lat="55.670183" lon="12.592499"><ele>6.4</ele><time>2026-08-20T11:11:20.000Z</time><extensions><gpxtpx:TrackPointExtension><gpxtpx:hr>138</gpxtpx:hr></gpxtpx:TrackPointExtension></extensions></trkpt>
      <trkpt lat="55.670178" lon="12.592535"><ele>6.2</ele><time>2026-08-20T11:11:21.000Z</time><extensions><gpxtpx:TrackPointExtension><gpxtpx:hr>138</gpxtpx:hr></gpxtpx:TrackPointExtension></extensions></trkpt>
      <trkpt lat="55.670176" lon="12.592573"><ele>6.2</ele><time>2026-08-20T11:11:22.000Z</time><extensions><gpxtpx:TrackPointExtension><gpxtpx:hr>133</gpxtpx:hr></gpxtpx:TrackPointExtension></extensions></trkpt>
      <trkpt lat="55.670179" lon="12.59261"><ele>6.2</ele><time>2026-08-20T11:11:23.000Z</time><extensions><gpxtpx:TrackPointExtension><gpxtpx:hr>132</gpxtpx:hr></gpxtpx:TrackPointExtension></extensions></trkpt>
      <trkpt lat="55.670186" lon="12.592646"><ele>6.2</ele><time>2026-08-20T11:11:24.000Z</time><extensions><gpxtpx:TrackPointExtension><gpxtpx:hr>132</gpxtpx:hr></gpxtpx:TrackPointExtension></extensions></trkpt>
      <trkpt lat="55.670193" lon="12.592681"><ele>6.2</ele><time>2026-08-20T11:11:25.000Z</time><extensions><gpxtpx:TrackPointExtension><gpxtpx:hr>132</gpxtpx:hr></gpxtpx:TrackPointExtension></extensions></trkpt>
      <trkpt lat="55.670203" lon="12.592714"><ele>6.2</ele><time>2026-08-20T11:11:26.000Z</time><extensions><gpxtpx:TrackPointExtension><gpxtpx:hr>132</gpxtpx:hr></gpxtpx:TrackPointExtension></extensions></trkpt>
      <trkpt lat="55.670213" lon="12.592746"><ele>6.2</ele><time>2026-08-20T11:11:27.000Z</time><extensions><gpxtpx:TrackPointExtension><gpxtpx:hr>132</gpxtpx:hr></gpxtpx:TrackPointExtension></extensions></trkpt>
      <trkpt lat="55.670225" lon="12.592775"><ele>6</ele><time>2026-08-20T11:11:28.000Z</time><extensions><gpxtpx:TrackPointExtension><gpxtpx:hr>132</gpxtpx:hr></gpxtpx:TrackPointExtension></extensions></trkpt>
      <trkpt lat="55.670237" lon="12.592802"><ele>6</ele><time>2026-08-20T11:11:29.000Z</time><extensions><gpxtpx:TrackPointExtension><gpxtpx:hr>132</gpxtpx:hr></gpxtpx:TrackPointExtension></extensions></trkpt>
      <trkpt lat="55.670252" lon="12.592826"><ele>6</ele><time>2026-08-20T11:11:30.000Z</time><extensions><gpxtpx:TrackPointExtension><gpxtpx:hr>132</gpxtpx:hr></gpxtpx:TrackPointExtension></extensions></trkpt>
      <trkpt lat="55.670268" lon="12.592848"><ele>6</ele><time>2026-08-20T11:11:31.000Z</time><extensions><gpxtpx:TrackPointExtension><gpxtpx:hr>132</gpxtpx:hr></gpxtpx:TrackPointExtension></extensions></trkpt>
      <trkpt lat="55.670285" lon="12.592871"><ele>6</ele><time>2026-08-20T11:11:32.000Z</time><extensions><gpxtpx:TrackPointExtension><gpxtpx:hr>129</gpxtpx:hr></gpxtpx:TrackPointExtension></extensions></trkpt>
      <trkpt lat="55.670301" lon="12.592893"><ele>6</ele><time>2026-08-20T11:11:33.000Z</time><extensions><gpxtpx:TrackPointExtension><gpxtpx:hr>129</gpxtpx:hr></gpxtpx:TrackPointExtension></extensions></trkpt>
      <trkpt lat="55.670316" lon="12.592913"><ele>6</ele><time>2026-08-20T11:11:34.000Z</time><extensions><gpxtpx:TrackPointExtension><gpxtpx:hr>129</gpxtpx:hr></gpxtpx:TrackPointExtension></extensions></trkpt>
      <trkpt lat="55.670331" lon="12.592932"><ele>6</ele><time>2026-08-20T11:11:35.000Z</time><extensions><gpxtpx:TrackPointExtension><gpxtpx:hr>129</gpxtpx:hr></gpxtpx:TrackPointExtension></extensions></trkpt>
      <trkpt lat="55.670346" lon="12.592952"><ele>6</ele><time>2026-08-20T11:11:36.000Z</time><extensions><gpxtpx:TrackPointExtension><gpxtpx:hr>129</gpxtpx:hr></gpxtpx:TrackPointExtension></extensions></trkpt>
      <trkpt lat="55.670363" lon="12.592971"><ele>6</ele><time>2026-08-20T11:11:37.000Z</time><extensions><gpxtpx:TrackPointExtension><gpxtpx:hr>129</gpxtpx:hr></gpxtpx:TrackPointExtension></extensions></trkpt>
      <trkpt lat="55.670381" lon="12.592992"><ele>6</ele><time>2026-08-20T11:11:38.000Z</time><extensions><gpxtpx:TrackPointExtension><gpxtpx:hr>129</gpxtpx:hr></gpxtpx:TrackPointExtension></extensions></trkpt>
      <trkpt lat="55.6704" lon="12.593012"><ele>6.2</ele><time>2026-08-20T11:11:39.000Z</time><extensions><gpxtpx:TrackPointExtension><gpxtpx:hr>129</gpxtpx:hr></gpxtpx:TrackPointExtension></extensions></trkpt>
      <trkpt lat="55.67042" lon="12.593033"><ele>6.2</ele><time>2026-08-20T11:11:40.000Z</time><extensions><gpxtpx:TrackPointExtension><gpxtpx:hr>129</gpxtpx:hr></gpxtpx:TrackPointExtension></extensions></trkpt>
      <trkpt lat="55.670438" lon="12.593054"><ele>6.2</ele><time>2026-08-20T11:11:41.000Z</time><extensions><gpxtpx:TrackPointExtension><gpxtpx:hr>129</gpxtpx:hr></gpxtpx:TrackPointExtension></extensions></trkpt>
      <trkpt lat="55.670456" lon="12.593075"><ele>6.2</ele><time>2026-08-20T11:11:42.000Z</time><extensions><gpxtpx:TrackPointExtension><gpxtpx:hr>131</gpxtpx:hr></gpxtpx:TrackPointExtension></extensions></trkpt>
      <trkpt lat="55.670473" lon="12.593095"><ele>6.2</ele><time>2026-08-20T11:11:43.000Z</time><extensions><gpxtpx:TrackPointExtension><gpxtpx:hr>131</gpxtpx:hr></gpxtpx:TrackPointExtension></extensions></trkpt>
      <trkpt lat="55.670489" lon="12.593115"><ele>6.4</ele><time>2026-08-20T11:11:44.000Z</time><extensions><gpxtpx:TrackPointExtension><gpxtpx:hr>131</gpxtpx:hr></gpxtpx:TrackPointExtension></extensions></trkpt>
      <trkpt lat="55.670505" lon="12.593136"><ele>6.4</ele><time>2026-08-20T11:11:45.000Z</time><extensions><gpxtpx:TrackPointExtension><gpxtpx:hr>132</gpxtpx:hr></gpxtpx:TrackPointExtension></extensions></trkpt>
      <trkpt lat="55.67052" lon="12.593158"><ele>6.4</ele><time>2026-08-20T11:11:46.000Z</time><extensions><gpxtpx:TrackPointExtension><gpxtpx:hr>132</gpxtpx:hr></gpxtpx:TrackPointExtension></extensions></trkpt>
      <trkpt lat="55.670536" lon="12.593182"><ele>6.4</ele><time>2026-08-20T11:11:47.000Z</time><extensions><gpxtpx:TrackPointExtension><gpxtpx:hr>132</gpxtpx:hr></gpxtpx:TrackPointExtension></extensions></trkpt>
      <trkpt lat="55.670553" lon="12.593206"><ele>6.4</ele><time>2026-08-20T11:11:48.000Z</time><extensions><gpxtpx:TrackPointExtension><gpxtpx:hr>132</gpxtpx:hr></gpxtpx:TrackPointExtension></extensions></trkpt>
      <trkpt lat="55.670572" lon="12.593229"><ele>6.6</ele><time>2026-08-20T11:11:49.000Z</time><extensions><gpxtpx:TrackPointExtension><gpxtpx:hr>132</gpxtpx:hr></gpxtpx:TrackPointExtension></extensions></trkpt>
      <trkpt lat="55.670591" lon="12.593252"><ele>6.6</ele><time>2026-08-20T11:11:50.000Z</time><extensions><gpxtpx:TrackPointExtension><gpxtpx:hr>132</gpxtpx:hr></gpxtpx:TrackPointExtension></extensions></trkpt>
      <trkpt lat="55.67061" lon="12.593275"><ele>6.6</ele><time>2026-08-20T11:11:51.000Z</time><extensions><gpxtpx:TrackPointExtension><gpxtpx:hr>132</gpxtpx:hr></gpxtpx:TrackPointExtension></extensions></trkpt>
      <trkpt lat="55.670628" lon="12.593298"><ele>6.4</ele><time>2026-08-20T11:11:52.000Z</time><extensions><gpxtpx:TrackPointExtension><gpxtpx:hr>132</gpxtpx:hr></gpxtpx:TrackPointExtension></extensions></trkpt>
      <trkpt lat="55.670647" lon="12.593323"><ele>6.4</ele><time>2026-08-20T11:11:53.000Z</time><extensions><gpxtpx:TrackPointExtension><gpxtpx:hr>131</gpxtpx:hr></gpxtpx:TrackPointExtension></extensions></trkpt>
      <trkpt lat="55.670666" lon="12.593351"><ele>6.4</ele><time>2026-08-20T11:11:54.000Z</time><extensions><gpxtpx:TrackPointExtension><gpxtpx:hr>131</gpxtpx:hr></gpxtpx:TrackPointExtension></extensions></trkpt>
      <trkpt lat="55.670685" lon="12.593382"><ele>6.2</ele><time>2026-08-20T11:11:55.000Z</time><extensions><gpxtpx:TrackPointExtension><gpxtpx:hr>131</gpxtpx:hr></gpxtpx:TrackPointExtension></extensions></trkpt>
      <trkpt lat="55.670703" lon="12.593413"><ele>6.2</ele><time>2026-08-20T11:11:56.000Z</time><extensions><gpxtpx:TrackPointExtension><gpxtpx:hr>131</gpxtpx:hr></gpxtpx:TrackPointExtension></extensions></trkpt>
      <trkpt lat="55.670721" lon="12.593445"><ele>6</ele><time>2026-08-20T11:11:57.000Z</time><extensions><gpxtpx:TrackPointExtension><gpxtpx:hr>131</gpxtpx:hr></gpxtpx:TrackPointExtension></extensions></trkpt>
      <trkpt lat="55.670738" lon="12.593477"><ele>6</ele><time>2026-08-20T11:11:58.000Z</time><extensions><gpxtpx:TrackPointExtension><gpxtpx:hr>131</gpxtpx:hr></gpxtpx:TrackPointExtension></extensions></trkpt>
      <trkpt lat="55.670756" lon="12.593508"><ele>5.8</ele><time>2026-08-20T11:11:59.000Z</time><extensions><gpxtpx:TrackPointExtension><gpxtpx:hr>131</gpxtpx:hr></gpxtpx:TrackPointExtension></extensions></trkpt>
      <trkpt lat="55.670775" lon="12.59354"><ele>5.8</ele><time>2026-08-20T11:12:00.000Z</time><extensions><gpxtpx:TrackPointExtension><gpxtpx:hr>131</gpxtpx:hr></gpxtpx:TrackPointExtension></extensions></trkpt>
      <trkpt lat="55.670793" lon="12.593571"><ele>5.6</ele><time>2026-08-20T11:12:01.000Z</time><extensions><gpxtpx:TrackPointExtension><gpxtpx:hr>131</gpxtpx:hr></gpxtpx:TrackPointExtension></extensions></trkpt>
      <trkpt lat="55.670812" lon="12.593603"><ele>5.4</ele><time>2026-08-20T11:12:02.000Z</time><extensions><gpxtpx:TrackPointExtension><gpxtpx:hr>133</gpxtpx:hr></gpxtpx:TrackPointExtension></extensions></trkpt>
      <trkpt lat="55.670831" lon="12.593636"><ele>5.2</ele><time>2026-08-20T11:12:03.000Z</time><extensions><gpxtpx:TrackPointExtension><gpxtpx:hr>133</gpxtpx:hr></gpxtpx:TrackPointExtension></extensions></trkpt>
      <trkpt lat="55.670849" lon="12.593668"><ele>5.2</ele><time>2026-08-20T11:12:04.000Z</time><extensions><gpxtpx:TrackPointExtension><gpxtpx:hr>133</gpxtpx:hr></gpxtpx:TrackPointExtension></extensions></trkpt>
      <trkpt lat="55.670867" lon="12.593698"><ele>5</ele><time>2026-08-20T11:12:05.000Z</time><extensions><gpxtpx:TrackPointExtension><gpxtpx:hr>133</gpxtpx:hr></gpxtpx:TrackPointExtension></extensions></trkpt>
      <trkpt lat="55.670883" lon="12.593728"><ele>4.8</ele><time>2026-08-20T11:12:06.000Z</time><extensions><gpxtpx:TrackPointExtension><gpxtpx:hr>133</gpxtpx:hr></gpxtpx:TrackPointExtension></extensions></trkpt>
      <trkpt lat="55.670897" lon="12.593758"><ele>4.8</ele><time>2026-08-20T11:12:07.000Z</time><extensions><gpxtpx:TrackPointExtension><gpxtpx:hr>133</gpxtpx:hr></gpxtpx:TrackPointExtension></extensions></trkpt>
      <trkpt lat="55.67091" lon="12.59379"><ele>4.6</ele><time>2026-08-20T11:12:08.000Z</time><extensions><gpxtpx:TrackPointExtension><gpxtpx:hr>133</gpxtpx:hr></gpxtpx:TrackPointExtension></extensions></trkpt>
      <trkpt lat="55.670923" lon="12.593825"><ele>4.4</ele><time>2026-08-20T11:12:09.000Z</time><extensions><gpxtpx:TrackPointExtension><gpxtpx:hr>133</gpxtpx:hr></gpxtpx:TrackPointExtension></extensions></trkpt>
      <trkpt lat="55.670934" lon="12.593862"><ele>4.4</ele><time>2026-08-20T11:12:10.000Z</time><extensions><gpxtpx:TrackPointExtension><gpxtpx:hr>133</gpxtpx:hr></gpxtpx:TrackPointExtension></extensions></trkpt>
      <trkpt lat="55.670941" lon="12.593901"><ele>4.2</ele><time>2026-08-20T11:12:11.000Z</time><extensions><gpxtpx:TrackPointExtension><gpxtpx:hr>131</gpxtpx:hr></gpxtpx:TrackPointExtension></extensions></trkpt>
      <trkpt lat="55.670941" lon="12.593942"><ele>4</ele><time>2026-08-20T11:12:12.000Z</time><extensions><gpxtpx:TrackPointExtension><gpxtpx:hr>131</gpxtpx:hr></gpxtpx:TrackPointExtension></extensions></trkpt>
      <trkpt lat="55.670932" lon="12.593981"><ele>4</ele><time>2026-08-20T11:12:13.000Z</time><extensions><gpxtpx:TrackPointExtension><gpxtpx:hr>131</gpxtpx:hr></gpxtpx:TrackPointExtension></extensions></trkpt>
      <trkpt lat="55.670916" lon="12.594017"><ele>3.8</ele><time>2026-08-20T11:12:14.000Z</time><extensions><gpxtpx:TrackPointExtension><gpxtpx:hr>131</gpxtpx:hr></gpxtpx:TrackPointExtension></extensions></trkpt>
      <trkpt lat="55.670896" lon="12.594049"><ele>3.6</ele><time>2026-08-20T11:12:15.000Z</time><extensions><gpxtpx:TrackPointExtension><gpxtpx:hr>131</gpxtpx:hr></gpxtpx:TrackPointExtension></extensions></trkpt>
      <trkpt lat="55.670877" lon="12.594079"><ele>3.6</ele><time>2026-08-20T11:12:16.000Z</time><extensions><gpxtpx:TrackPointExtension><gpxtpx:hr>131</gpxtpx:hr></gpxtpx:TrackPointExtension></extensions></trkpt>
      <trkpt lat="55.67086" lon="12.594108"><ele>3.6</ele><time>2026-08-20T11:12:17.000Z</time><extensions><gpxtpx:TrackPointExtension><gpxtpx:hr>128</gpxtpx:hr></gpxtpx:TrackPointExtension></extensions></trkpt>
      <trkpt lat="55.670844" lon="12.594138"><ele>3.4</ele><time>2026-08-20T11:12:18.000Z</time><extensions><gpxtpx:TrackPointExtension><gpxtpx:hr>129</gpxtpx:hr></gpxtpx:TrackPointExtension></extensions></trkpt>
      <trkpt lat="55.67083" lon="12.594167"><ele>3.4</ele><time>2026-08-20T11:12:19.000Z</time><extensions><gpxtpx:TrackPointExtension><gpxtpx:hr>129</gpxtpx:hr></gpxtpx:TrackPointExtension></extensions></trkpt>
      <trkpt lat="55.670819" lon="12.594193"><ele>3.4</ele><time>2026-08-20T11:12:20.000Z</time><extensions><gpxtpx:TrackPointExtension><gpxtpx:hr>129</gpxtpx:hr></gpxtpx:TrackPointExtension></extensions></trkpt>
      <trkpt lat="55.670812" lon="12.594216"><ele>3.4</ele><time>2026-08-20T11:12:21.000Z</time><extensions><gpxtpx:TrackPointExtension><gpxtpx:hr>129</gpxtpx:hr></gpxtpx:TrackPointExtension></extensions></trkpt>
      <trkpt lat="55.670811" lon="12.594236"><ele>3.4</ele><time>2026-08-20T11:12:22.000Z</time><extensions><gpxtpx:TrackPointExtension><gpxtpx:hr>129</gpxtpx:hr></gpxtpx:TrackPointExtension></extensions></trkpt>
      <trkpt lat="55.670815" lon="12.594254"><ele>3.4</ele><time>2026-08-20T11:12:23.000Z</time><extensions><gpxtpx:TrackPointExtension><gpxtpx:hr>129</gpxtpx:hr></gpxtpx:TrackPointExtension></extensions></trkpt>
      <trkpt lat="55.670824" lon="12.594274"><ele>3.4</ele><time>2026-08-20T11:12:24.000Z</time><extensions><gpxtpx:TrackPointExtension><gpxtpx:hr>131</gpxtpx:hr></gpxtpx:TrackPointExtension></extensions></trkpt>
      <trkpt lat="55.670838" lon="12.594298"><ele>3.4</ele><time>2026-08-20T11:12:25.000Z</time><extensions><gpxtpx:TrackPointExtension><gpxtpx:hr>131</gpxtpx:hr></gpxtpx:TrackPointExtension></extensions></trkpt>
      <trkpt lat="55.670855" lon="12.594324"><ele>3.4</ele><time>2026-08-20T11:12:26.000Z</time><extensions><gpxtpx:TrackPointExtension><gpxtpx:hr>131</gpxtpx:hr></gpxtpx:TrackPointExtension></extensions></trkpt>
      <trkpt lat="55.670874" lon="12.594348"><ele>3.4</ele><time>2026-08-20T11:12:27.000Z</time><extensions><gpxtpx:TrackPointExtension><gpxtpx:hr>131</gpxtpx:hr></gpxtpx:TrackPointExtension></extensions></trkpt>
      <trkpt lat="55.670892" lon="12.59437"><ele>3.4</ele><time>2026-08-20T11:12:28.000Z</time><extensions><gpxtpx:TrackPointExtension><gpxtpx:hr>131</gpxtpx:hr></gpxtpx:TrackPointExtension></extensions></trkpt>
      <trkpt lat="55.670909" lon="12.594393"><ele>3.4</ele><time>2026-08-20T11:12:29.000Z</time><extensions><gpxtpx:TrackPointExtension><gpxtpx:hr>131</gpxtpx:hr></gpxtpx:TrackPointExtension></extensions></trkpt>
      <trkpt lat="55.670925" lon="12.594422"><ele>3.6</ele><time>2026-08-20T11:12:30.000Z</time><extensions><gpxtpx:TrackPointExtension><gpxtpx:hr>131</gpxtpx:hr></gpxtpx:TrackPointExtension></extensions></trkpt>
      <trkpt lat="55.670936" lon="12.594456"><ele>3.6</ele><time>2026-08-20T11:12:31.000Z</time><extensions><gpxtpx:TrackPointExtension><gpxtpx:hr>131</gpxtpx:hr></gpxtpx:TrackPointExtension></extensions></trkpt>
      <trkpt lat="55.670942" lon="12.594493"><ele>3.6</ele><time>2026-08-20T11:12:32.000Z</time><extensions><gpxtpx:TrackPointExtension><gpxtpx:hr>131</gpxtpx:hr></gpxtpx:TrackPointExtension></extensions></trkpt>
      <trkpt lat="55.670941" lon="12.594532"><ele>3.6</ele><time>2026-08-20T11:12:33.000Z</time><extensions><gpxtpx:TrackPointExtension><gpxtpx:hr>131</gpxtpx:hr></gpxtpx:TrackPointExtension></extensions></trkpt>
      <trkpt lat="55.670933" lon="12.594568"><ele>3.6</ele><time>2026-08-20T11:12:34.000Z</time><extensions><gpxtpx:TrackPointExtension><gpxtpx:hr>131</gpxtpx:hr></gpxtpx:TrackPointExtension></extensions></trkpt>
      <trkpt lat="55.670917" lon="12.594599"><ele>3.6</ele><time>2026-08-20T11:12:35.000Z</time><extensions><gpxtpx:TrackPointExtension><gpxtpx:hr>131</gpxtpx:hr></gpxtpx:TrackPointExtension></extensions></trkpt>
      <trkpt lat="55.670898" lon="12.594625"><ele>3.6</ele><time>2026-08-20T11:12:36.000Z</time><extensions><gpxtpx:TrackPointExtension><gpxtpx:hr>131</gpxtpx:hr></gpxtpx:TrackPointExtension></extensions></trkpt>
      <trkpt lat="55.670879" lon="12.594649"><ele>3.6</ele><time>2026-08-20T11:12:37.000Z</time><extensions><gpxtpx:TrackPointExtension><gpxtpx:hr>132</gpxtpx:hr></gpxtpx:TrackPointExtension></extensions></trkpt>
      <trkpt lat="55.670861" lon="12.594672"><ele>3.4</ele><time>2026-08-20T11:12:38.000Z</time><extensions><gpxtpx:TrackPointExtension><gpxtpx:hr>132</gpxtpx:hr></gpxtpx:TrackPointExtension></extensions></trkpt>
      <trkpt lat="55.670843" lon="12.594697"><ele>3.4</ele><time>2026-08-20T11:12:39.000Z</time><extensions><gpxtpx:TrackPointExtension><gpxtpx:hr>132</gpxtpx:hr></gpxtpx:TrackPointExtension></extensions></trkpt>
      <trkpt lat="55.670825" lon="12.594722"><ele>3.4</ele><time>2026-08-20T11:12:40.000Z</time><extensions><gpxtpx:TrackPointExtension><gpxtpx:hr>132</gpxtpx:hr></gpxtpx:TrackPointExtension></extensions></trkpt>
      <trkpt lat="55.670808" lon="12.59475"><ele>3.4</ele><time>2026-08-20T11:12:41.000Z</time><extensions><gpxtpx:TrackPointExtension><gpxtpx:hr>132</gpxtpx:hr></gpxtpx:TrackPointExtension></extensions></trkpt>
      <trkpt lat="55.670808" lon="12.59475"><ele>3.4</ele><time>2026-08-20T11:12:42.000Z</time><extensions><gpxtpx:TrackPointExtension><gpxtpx:hr>136</gpxtpx:hr></gpxtpx:TrackPointExtension></extensions></trkpt>
      <trkpt lat="55.670792" lon="12.594778"><ele>3.4</ele><time>2026-08-20T11:12:43.000Z</time><extensions><gpxtpx:TrackPointExtension><gpxtpx:hr>136</gpxtpx:hr></gpxtpx:TrackPointExtension></extensions></trkpt>
      <trkpt lat="55.670776" lon="12.594805"><ele>3.4</ele><time>2026-08-20T11:12:44.000Z</time><extensions><gpxtpx:TrackPointExtension><gpxtpx:hr>136</gpxtpx:hr></gpxtpx:TrackPointExtension></extensions></trkpt>
      <trkpt lat="55.670759" lon="12.594828"><ele>3.4</ele><time>2026-08-20T11:12:45.000Z</time><extensions><gpxtpx:TrackPointExtension><gpxtpx:hr>136</gpxtpx:hr></gpxtpx:TrackPointExtension></extensions></trkpt>
      <trkpt lat="55.67074" lon="12.594847"><ele>3.4</ele><time>2026-08-20T11:12:46.000Z</time><extensions><gpxtpx:TrackPointExtension><gpxtpx:hr>136</gpxtpx:hr></gpxtpx:TrackPointExtension></extensions></trkpt>
      <trkpt lat="55.670722" lon="12.594861"><ele>3.2</ele><time>2026-08-20T11:12:47.000Z</time><extensions><gpxtpx:TrackPointExtension><gpxtpx:hr>136</gpxtpx:hr></gpxtpx:TrackPointExtension></extensions></trkpt>
      <trkpt lat="55.670705" lon="12.594873"><ele>3.2</ele><time>2026-08-20T11:12:48.000Z</time><extensions><gpxtpx:TrackPointExtension><gpxtpx:hr>136</gpxtpx:hr></gpxtpx:TrackPointExtension></extensions></trkpt>
      <trkpt lat="55.670686" lon="12.594887"><ele>3.2</ele><time>2026-08-20T11:12:49.000Z</time><extensions><gpxtpx:TrackPointExtension><gpxtpx:hr>136</gpxtpx:hr></gpxtpx:TrackPointExtension></extensions></trkpt>
      <trkpt lat="55.670665" lon="12.594907"><ele>3.2</ele><time>2026-08-20T11:12:50.000Z</time><extensions><gpxtpx:TrackPointExtension><gpxtpx:hr>133</gpxtpx:hr></gpxtpx:TrackPointExtension></extensions></trkpt>
      <trkpt lat="55.670644" lon="12.594933"><ele>3.2</ele><time>2026-08-20T11:12:51.000Z</time><extensions><gpxtpx:TrackPointExtension><gpxtpx:hr>133</gpxtpx:hr></gpxtpx:TrackPointExtension></extensions></trkpt>
      <trkpt lat="55.670622" lon="12.594963"><ele>3.2</ele><time>2026-08-20T11:12:52.000Z</time><extensions><gpxtpx:TrackPointExtension><gpxtpx:hr>133</gpxtpx:hr></gpxtpx:TrackPointExtension></extensions></trkpt>
      <trkpt lat="55.670602" lon="12.594992"><ele>3.2</ele><time>2026-08-20T11:12:53.000Z</time><extensions><gpxtpx:TrackPointExtension><gpxtpx:hr>133</gpxtpx:hr></gpxtpx:TrackPointExtension></extensions></trkpt>
      <trkpt lat="55.670581" lon="12.595021"><ele>3.2</ele><time>2026-08-20T11:12:54.000Z</time><extensions><gpxtpx:TrackPointExtension><gpxtpx:hr>133</gpxtpx:hr></gpxtpx:TrackPointExtension></extensions></trkpt>
      <trkpt lat="55.670561" lon="12.595048"><ele>3.2</ele><time>2026-08-20T11:12:55.000Z</time><extensions><gpxtpx:TrackPointExtension><gpxtpx:hr>134</gpxtpx:hr></gpxtpx:TrackPointExtension></extensions></trkpt>
      <trkpt lat="55.67054" lon="12.595072"><ele>3.2</ele><time>2026-08-20T11:12:56.000Z</time><extensions><gpxtpx:TrackPointExtension><gpxtpx:hr>134</gpxtpx:hr></gpxtpx:TrackPointExtension></extensions></trkpt>
      <trkpt lat="55.670518" lon="12.595094"><ele>3.2</ele><time>2026-08-20T11:12:57.000Z</time><extensions><gpxtpx:TrackPointExtension><gpxtpx:hr>134</gpxtpx:hr></gpxtpx:TrackPointExtension></extensions></trkpt>
      <trkpt lat="55.670496" lon="12.595115"><ele>3.2</ele><time>2026-08-20T11:12:58.000Z</time><extensions><gpxtpx:TrackPointExtension><gpxtpx:hr>134</gpxtpx:hr></gpxtpx:TrackPointExtension></extensions></trkpt>
      <trkpt lat="55.670475" lon="12.595135"><ele>3.2</ele><time>2026-08-20T11:12:59.000Z</time><extensions><gpxtpx:TrackPointExtension><gpxtpx:hr>134</gpxtpx:hr></gpxtpx:TrackPointExtension></extensions></trkpt>
      <trkpt lat="55.670454" lon="12.595156"><ele>3.2</ele><time>2026-08-20T11:13:00.000Z</time><extensions><gpxtpx:TrackPointExtension><gpxtpx:hr>134</gpxtpx:hr></gpxtpx:TrackPointExtension></extensions></trkpt>
      <trkpt lat="55.670434" lon="12.595178"><ele>3.2</ele><time>2026-08-20T11:13:01.000Z</time><extensions><gpxtpx:TrackPointExtension><gpxtpx:hr>134</gpxtpx:hr></gpxtpx:TrackPointExtension></extensions></trkpt>
      <trkpt lat="55.670415" lon="12.5952"><ele>3.2</ele><time>2026-08-20T11:13:02.000Z</time><extensions><gpxtpx:TrackPointExtension><gpxtpx:hr>134</gpxtpx:hr></gpxtpx:TrackPointExtension></extensions></trkpt>
      <trkpt lat="55.670399" lon="12.595222"><ele>3</ele><time>2026-08-20T11:13:03.000Z</time><extensions><gpxtpx:TrackPointExtension><gpxtpx:hr>134</gpxtpx:hr></gpxtpx:TrackPointExtension></extensions></trkpt>
      <trkpt lat="55.670388" lon="12.595241"><ele>3</ele><time>2026-08-20T11:13:04.000Z</time><extensions><gpxtpx:TrackPointExtension><gpxtpx:hr>138</gpxtpx:hr></gpxtpx:TrackPointExtension></extensions></trkpt>
      <trkpt lat="55.670384" lon="12.595255"><ele>3</ele><time>2026-08-20T11:13:05.000Z</time><extensions><gpxtpx:TrackPointExtension><gpxtpx:hr>138</gpxtpx:hr></gpxtpx:TrackPointExtension></extensions></trkpt>
      <trkpt lat="55.67039" lon="12.595268"><ele>3</ele><time>2026-08-20T11:13:06.000Z</time><extensions><gpxtpx:TrackPointExtension><gpxtpx:hr>138</gpxtpx:hr></gpxtpx:TrackPointExtension></extensions></trkpt>
      <trkpt lat="55.670402" lon="12.595282"><ele>3</ele><time>2026-08-20T11:13:07.000Z</time><extensions><gpxtpx:TrackPointExtension><gpxtpx:hr>138</gpxtpx:hr></gpxtpx:TrackPointExtension></extensions></trkpt>
      <trkpt lat="55.670415" lon="12.595301"><ele>3</ele><time>2026-08-20T11:13:08.000Z</time><extensions><gpxtpx:TrackPointExtension><gpxtpx:hr>138</gpxtpx:hr></gpxtpx:TrackPointExtension></extensions></trkpt>
      <trkpt lat="55.670425" lon="12.595323"><ele>2.8</ele><time>2026-08-20T11:13:09.000Z</time><extensions><gpxtpx:TrackPointExtension><gpxtpx:hr>138</gpxtpx:hr></gpxtpx:TrackPointExtension></extensions></trkpt>
      <trkpt lat="55.670436" lon="12.595348"><ele>2.8</ele><time>2026-08-20T11:13:10.000Z</time><extensions><gpxtpx:TrackPointExtension><gpxtpx:hr>138</gpxtpx:hr></gpxtpx:TrackPointExtension></extensions></trkpt>
      <trkpt lat="55.670449" lon="12.595377"><ele>2.6</ele><time>2026-08-20T11:13:11.000Z</time><extensions><gpxtpx:TrackPointExtension><gpxtpx:hr>138</gpxtpx:hr></gpxtpx:TrackPointExtension></extensions></trkpt>
      <trkpt lat="55.670463" lon="12.595409"><ele>2.6</ele><time>2026-08-20T11:13:12.000Z</time><extensions><gpxtpx:TrackPointExtension><gpxtpx:hr>138</gpxtpx:hr></gpxtpx:TrackPointExtension></extensions></trkpt>
      <trkpt lat="55.670476" lon="12.595443"><ele>2.4</ele><time>2026-08-20T11:13:13.000Z</time><extensions><gpxtpx:TrackPointExtension><gpxtpx:hr>138</gpxtpx:hr></gpxtpx:TrackPointExtension></extensions></trkpt>
      <trkpt lat="55.670489" lon="12.595479"><ele>2.4</ele><time>2026-08-20T11:13:14.000Z</time><extensions><gpxtpx:TrackPointExtension><gpxtpx:hr>138</gpxtpx:hr></gpxtpx:TrackPointExtension></extensions></trkpt>
      <trkpt lat="55.670501" lon="12.595517"><ele>2.2</ele><time>2026-08-20T11:13:15.000Z</time><extensions><gpxtpx:TrackPointExtension><gpxtpx:hr>138</gpxtpx:hr></gpxtpx:TrackPointExtension></extensions></trkpt>
      <trkpt lat="55.670513" lon="12.595555"><ele>2.2</ele><time>2026-08-20T11:13:16.000Z</time><extensions><gpxtpx:TrackPointExtension><gpxtpx:hr>138</gpxtpx:hr></gpxtpx:TrackPointExtension></extensions></trkpt>
      <trkpt lat="55.670524" lon="12.595591"><ele>2</ele><time>2026-08-20T11:13:17.000Z</time><extensions><gpxtpx:TrackPointExtension><gpxtpx:hr>138</gpxtpx:hr></gpxtpx:TrackPointExtension></extensions></trkpt>
      <trkpt lat="55.670535" lon="12.595625"><ele>2</ele><time>2026-08-20T11:13:18.000Z</time><extensions><gpxtpx:TrackPointExtension><gpxtpx:hr>138</gpxtpx:hr></gpxtpx:TrackPointExtension></extensions></trkpt>
      <trkpt lat="55.670546" lon="12.595656"><ele>2</ele><time>2026-08-20T11:13:19.000Z</time><extensions><gpxtpx:TrackPointExtension><gpxtpx:hr>138</gpxtpx:hr></gpxtpx:TrackPointExtension></extensions></trkpt>
      <trkpt lat="55.670556" lon="12.595687"><ele>2</ele><time>2026-08-20T11:13:20.000Z</time><extensions><gpxtpx:TrackPointExtension><gpxtpx:hr>138</gpxtpx:hr></gpxtpx:TrackPointExtension></extensions></trkpt>
      <trkpt lat="55.670563" lon="12.595715"><ele>1.8</ele><time>2026-08-20T11:13:21.000Z</time><extensions><gpxtpx:TrackPointExtension><gpxtpx:hr>138</gpxtpx:hr></gpxtpx:TrackPointExtension></extensions></trkpt>
      <trkpt lat="55.670567" lon="12.595736"><ele>1.8</ele><time>2026-08-20T11:13:22.000Z</time><extensions><gpxtpx:TrackPointExtension><gpxtpx:hr>138</gpxtpx:hr></gpxtpx:TrackPointExtension></extensions></trkpt>
      <trkpt lat="55.670567" lon="12.595744"><ele>1.8</ele><time>2026-08-20T11:13:23.000Z</time><extensions><gpxtpx:TrackPointExtension><gpxtpx:hr>138</gpxtpx:hr></gpxtpx:TrackPointExtension></extensions></trkpt>
      <trkpt lat="55.670563" lon="12.595735"><ele>1.8</ele><time>2026-08-20T11:13:24.000Z</time><extensions><gpxtpx:TrackPointExtension><gpxtpx:hr>138</gpxtpx:hr></gpxtpx:TrackPointExtension></extensions></trkpt>
      <trkpt lat="55.670559" lon="12.595715"><ele>1.8</ele><time>2026-08-20T11:13:25.000Z</time><extensions><gpxtpx:TrackPointExtension><gpxtpx:hr>138</gpxtpx:hr></gpxtpx:TrackPointExtension></extensions></trkpt>
      <trkpt lat="55.670553" lon="12.595691"><ele>1.8</ele><time>2026-08-20T11:13:26.000Z</time><extensions><gpxtpx:TrackPointExtension><gpxtpx:hr>138</gpxtpx:hr></gpxtpx:TrackPointExtension></extensions></trkpt>
      <trkpt lat="55.670547" lon="12.595669"><ele>1.8</ele><time>2026-08-20T11:13:27.000Z</time><extensions><gpxtpx:TrackPointExtension><gpxtpx:hr>138</gpxtpx:hr></gpxtpx:TrackPointExtension></extensions></trkpt>
      <trkpt lat="55.670544" lon="12.595655"><ele>1.8</ele><time>2026-08-20T11:13:28.000Z</time><extensions><gpxtpx:TrackPointExtension><gpxtpx:hr>138</gpxtpx:hr></gpxtpx:TrackPointExtension></extensions></trkpt>
      <trkpt lat="55.670542" lon="12.595649"><ele>1.8</ele><time>2026-08-20T11:13:29.000Z</time><extensions><gpxtpx:TrackPointExtension><gpxtpx:hr>138</gpxtpx:hr></gpxtpx:TrackPointExtension></extensions></trkpt>
      <trkpt lat="55.670559" lon="12.595743"><ele>1.6</ele><time>2026-08-20T11:14:06.000Z</time><extensions><gpxtpx:TrackPointExtension><gpxtpx:hr>138</gpxtpx:hr></gpxtpx:TrackPointExtension></extensions></trkpt>
      <trkpt lat="55.670563" lon="12.595767"><ele>1.6</ele><time>2026-08-20T11:14:07.000Z</time><extensions><gpxtpx:TrackPointExtension><gpxtpx:hr>123</gpxtpx:hr></gpxtpx:TrackPointExtension></extensions></trkpt>
      <trkpt lat="55.670569" lon="12.5958"><ele>1.6</ele><time>2026-08-20T11:14:08.000Z</time><extensions><gpxtpx:TrackPointExtension><gpxtpx:hr>123</gpxtpx:hr></gpxtpx:TrackPointExtension></extensions></trkpt>
      <trkpt lat="55.670572" lon="12.595839"><ele>1.6</ele><time>2026-08-20T11:14:09.000Z</time><extensions><gpxtpx:TrackPointExtension><gpxtpx:hr>123</gpxtpx:hr></gpxtpx:TrackPointExtension></extensions></trkpt>
      <trkpt lat="55.670571" lon="12.595882"><ele>1.6</ele><time>2026-08-20T11:14:10.000Z</time><extensions><gpxtpx:TrackPointExtension><gpxtpx:hr>123</gpxtpx:hr></gpxtpx:TrackPointExtension></extensions></trkpt>
      <trkpt lat="55.670562" lon="12.595921"><ele>1.6</ele><time>2026-08-20T11:14:11.000Z</time><extensions><gpxtpx:TrackPointExtension><gpxtpx:hr>123</gpxtpx:hr></gpxtpx:TrackPointExtension></extensions></trkpt>
      <trkpt lat="55.670546" lon="12.595954"><ele>1.6</ele><time>2026-08-20T11:14:12.000Z</time><extensions><gpxtpx:TrackPointExtension><gpxtpx:hr>123</gpxtpx:hr></gpxtpx:TrackPointExtension></extensions></trkpt>
      <trkpt lat="55.670524" lon="12.595979"><ele>1.6</ele><time>2026-08-20T11:14:13.000Z</time><extensions><gpxtpx:TrackPointExtension><gpxtpx:hr>124</gpxtpx:hr></gpxtpx:TrackPointExtension></extensions></trkpt>
      <trkpt lat="55.670501" lon="12.595997"><ele>1.8</ele><time>2026-08-20T11:14:14.000Z</time><extensions><gpxtpx:TrackPointExtension><gpxtpx:hr>124</gpxtpx:hr></gpxtpx:TrackPointExtension></extensions></trkpt>
      <trkpt lat="55.670478" lon="12.596012"><ele>1.8</ele><time>2026-08-20T11:14:15.000Z</time><extensions><gpxtpx:TrackPointExtension><gpxtpx:hr>124</gpxtpx:hr></gpxtpx:TrackPointExtension></extensions></trkpt>
      <trkpt lat="55.670456" lon="12.596027"><ele>1.8</ele><time>2026-08-20T11:14:16.000Z</time><extensions><gpxtpx:TrackPointExtension><gpxtpx:hr>124</gpxtpx:hr></gpxtpx:TrackPointExtension></extensions></trkpt>
      <trkpt lat="55.670434" lon="12.596044"><ele>1.8</ele><time>2026-08-20T11:14:17.000Z</time><extensions><gpxtpx:TrackPointExtension><gpxtpx:hr>124</gpxtpx:hr></gpxtpx:TrackPointExtension></extensions></trkpt>
      <trkpt lat="55.670412" lon="12.596064"><ele>1.8</ele><time>2026-08-20T11:14:18.000Z</time><extensions><gpxtpx:TrackPointExtension><gpxtpx:hr>124</gpxtpx:hr></gpxtpx:TrackPointExtension></extensions></trkpt>
      <trkpt lat="55.67039" lon="12.596082"><ele>1.8</ele><time>2026-08-20T11:14:19.000Z</time><extensions><gpxtpx:TrackPointExtension><gpxtpx:hr>124</gpxtpx:hr></gpxtpx:TrackPointExtension></extensions></trkpt>
      <trkpt lat="55.670368" lon="12.596098"><ele>1.8</ele><time>2026-08-20T11:14:20.000Z</time><extensions><gpxtpx:TrackPointExtension><gpxtpx:hr>124</gpxtpx:hr></gpxtpx:TrackPointExtension></extensions></trkpt>
      <trkpt lat="55.670345" lon="12.596111"><ele>1.8</ele><time>2026-08-20T11:14:21.000Z</time><extensions><gpxtpx:TrackPointExtension><gpxtpx:hr>124</gpxtpx:hr></gpxtpx:TrackPointExtension></extensions></trkpt>
      <trkpt lat="55.670323" lon="12.596122"><ele>1.8</ele><time>2026-08-20T11:14:22.000Z</time><extensions><gpxtpx:TrackPointExtension><gpxtpx:hr>113</gpxtpx:hr></gpxtpx:TrackPointExtension></extensions></trkpt>
      <trkpt lat="55.670301" lon="12.596133"><ele>1.8</ele><time>2026-08-20T11:14:23.000Z</time><extensions><gpxtpx:TrackPointExtension><gpxtpx:hr>113</gpxtpx:hr></gpxtpx:TrackPointExtension></extensions></trkpt>
      <trkpt lat="55.670279" lon="12.596143"><ele>1.8</ele><time>2026-08-20T11:14:24.000Z</time><extensions><gpxtpx:TrackPointExtension><gpxtpx:hr>113</gpxtpx:hr></gpxtpx:TrackPointExtension></extensions></trkpt>
      <trkpt lat="55.670257" lon="12.596155"><ele>1.8</ele><time>2026-08-20T11:14:25.000Z</time><extensions><gpxtpx:TrackPointExtension><gpxtpx:hr>113</gpxtpx:hr></gpxtpx:TrackPointExtension></extensions></trkpt>
      <trkpt lat="55.670237" lon="12.596168"><ele>1.8</ele><time>2026-08-20T11:14:26.000Z</time><extensions><gpxtpx:TrackPointExtension><gpxtpx:hr>114</gpxtpx:hr></gpxtpx:TrackPointExtension></extensions></trkpt>
      <trkpt lat="55.670216" lon="12.596181"><ele>1.8</ele><time>2026-08-20T11:14:27.000Z</time><extensions><gpxtpx:TrackPointExtension><gpxtpx:hr>114</gpxtpx:hr></gpxtpx:TrackPointExtension></extensions></trkpt>
      <trkpt lat="55.670196" lon="12.596193"><ele>1.8</ele><time>2026-08-20T11:14:28.000Z</time><extensions><gpxtpx:TrackPointExtension><gpxtpx:hr>115</gpxtpx:hr></gpxtpx:TrackPointExtension></extensions></trkpt>
      <trkpt lat="55.670175" lon="12.596206"><ele>1.8</ele><time>2026-08-20T11:14:29.000Z</time><extensions><gpxtpx:TrackPointExtension><gpxtpx:hr>115</gpxtpx:hr></gpxtpx:TrackPointExtension></extensions></trkpt>
      <trkpt lat="55.670153" lon="12.596218"><ele>1.8</ele><time>2026-08-20T11:14:30.000Z</time><extensions><gpxtpx:TrackPointExtension><gpxtpx:hr>115</gpxtpx:hr></gpxtpx:TrackPointExtension></extensions></trkpt>
      <trkpt lat="55.670131" lon="12.596227"><ele>1.8</ele><time>2026-08-20T11:14:31.000Z</time><extensions><gpxtpx:TrackPointExtension><gpxtpx:hr>115</gpxtpx:hr></gpxtpx:TrackPointExtension></extensions></trkpt>
      <trkpt lat="55.670109" lon="12.596235"><ele>1.8</ele><time>2026-08-20T11:14:32.000Z</time><extensions><gpxtpx:TrackPointExtension><gpxtpx:hr>115</gpxtpx:hr></gpxtpx:TrackPointExtension></extensions></trkpt>
      <trkpt lat="55.670088" lon="12.596241"><ele>2</ele><time>2026-08-20T11:14:33.000Z</time><extensions><gpxtpx:TrackPointExtension><gpxtpx:hr>118</gpxtpx:hr></gpxtpx:TrackPointExtension></extensions></trkpt>
      <trkpt lat="55.670066" lon="12.596246"><ele>2</ele><time>2026-08-20T11:14:34.000Z</time><extensions><gpxtpx:TrackPointExtension><gpxtpx:hr>118</gpxtpx:hr></gpxtpx:TrackPointExtension></extensions></trkpt>
      <trkpt lat="55.670045" lon="12.596252"><ele>2</ele><time>2026-08-20T11:14:35.000Z</time><extensions><gpxtpx:TrackPointExtension><gpxtpx:hr>118</gpxtpx:hr></gpxtpx:TrackPointExtension></extensions></trkpt>
      <trkpt lat="55.670024" lon="12.596259"><ele>2</ele><time>2026-08-20T11:14:36.000Z</time><extensions><gpxtpx:TrackPointExtension><gpxtpx:hr>118</gpxtpx:hr></gpxtpx:TrackPointExtension></extensions></trkpt>
      <trkpt lat="55.670002" lon="12.596267"><ele>2</ele><time>2026-08-20T11:14:37.000Z</time><extensions><gpxtpx:TrackPointExtension><gpxtpx:hr>118</gpxtpx:hr></gpxtpx:TrackPointExtension></extensions></trkpt>
      <trkpt lat="55.669981" lon="12.596274"><ele>2</ele><time>2026-08-20T11:14:38.000Z</time><extensions><gpxtpx:TrackPointExtension><gpxtpx:hr>118</gpxtpx:hr></gpxtpx:TrackPointExtension></extensions></trkpt>
      <trkpt lat="55.669958" lon="12.59628"><ele>2</ele><time>2026-08-20T11:14:39.000Z</time><extensions><gpxtpx:TrackPointExtension><gpxtpx:hr>118</gpxtpx:hr></gpxtpx:TrackPointExtension></extensions></trkpt>
      <trkpt lat="55.669936" lon="12.596283"><ele>2</ele><time>2026-08-20T11:14:40.000Z</time><extensions><gpxtpx:TrackPointExtension><gpxtpx:hr>118</gpxtpx:hr></gpxtpx:TrackPointExtension></extensions></trkpt>
      <trkpt lat="55.669913" lon="12.596285"><ele>2</ele><time>2026-08-20T11:14:41.000Z</time><extensions><gpxtpx:TrackPointExtension><gpxtpx:hr>118</gpxtpx:hr></gpxtpx:TrackPointExtension></extensions></trkpt>
      <trkpt lat="55.66989" lon="12.596285"><ele>2</ele><time>2026-08-20T11:14:42.000Z</time><extensions><gpxtpx:TrackPointExtension><gpxtpx:hr>123</gpxtpx:hr></gpxtpx:TrackPointExtension></extensions></trkpt>
      <trkpt lat="55.669867" lon="12.596282"><ele>2</ele><time>2026-08-20T11:14:43.000Z</time><extensions><gpxtpx:TrackPointExtension><gpxtpx:hr>123</gpxtpx:hr></gpxtpx:TrackPointExtension></extensions></trkpt>
      <trkpt lat="55.669844" lon="12.596275"><ele>1.8</ele><time>2026-08-20T11:14:44.000Z</time><extensions><gpxtpx:TrackPointExtension><gpxtpx:hr>123</gpxtpx:hr></gpxtpx:TrackPointExtension></extensions></trkpt>
      <trkpt lat="55.669823" lon="12.59626"><ele>1.8</ele><time>2026-08-20T11:14:45.000Z</time><extensions><gpxtpx:TrackPointExtension><gpxtpx:hr>123</gpxtpx:hr></gpxtpx:TrackPointExtension></extensions></trkpt>
      <trkpt lat="55.669803" lon="12.596235"><ele>1.8</ele><time>2026-08-20T11:14:46.000Z</time><extensions><gpxtpx:TrackPointExtension><gpxtpx:hr>123</gpxtpx:hr></gpxtpx:TrackPointExtension></extensions></trkpt>
      <trkpt lat="55.669787" lon="12.5962"><ele>1.8</ele><time>2026-08-20T11:14:47.000Z</time><extensions><gpxtpx:TrackPointExtension><gpxtpx:hr>126</gpxtpx:hr></gpxtpx:TrackPointExtension></extensions></trkpt>
      <trkpt lat="55.669776" lon="12.59616"><ele>1.8</ele><time>2026-08-20T11:14:48.000Z</time><extensions><gpxtpx:TrackPointExtension><gpxtpx:hr>126</gpxtpx:hr></gpxtpx:TrackPointExtension></extensions></trkpt>
      <trkpt lat="55.669767" lon="12.596119"><ele>1.8</ele><time>2026-08-20T11:14:49.000Z</time><extensions><gpxtpx:TrackPointExtension><gpxtpx:hr>126</gpxtpx:hr></gpxtpx:TrackPointExtension></extensions></trkpt>
      <trkpt lat="55.66976" lon="12.596077"><ele>1.8</ele><time>2026-08-20T11:14:50.000Z</time><extensions><gpxtpx:TrackPointExtension><gpxtpx:hr>126</gpxtpx:hr></gpxtpx:TrackPointExtension></extensions></trkpt>
      <trkpt lat="55.669753" lon="12.596036"><ele>1.8</ele><time>2026-08-20T11:14:51.000Z</time><extensions><gpxtpx:TrackPointExtension><gpxtpx:hr>126</gpxtpx:hr></gpxtpx:TrackPointExtension></extensions></trkpt>
      <trkpt lat="55.669743" lon="12.595998"><ele>1.8</ele><time>2026-08-20T11:14:52.000Z</time><extensions><gpxtpx:TrackPointExtension><gpxtpx:hr>126</gpxtpx:hr></gpxtpx:TrackPointExtension></extensions></trkpt>
      <trkpt lat="55.669729" lon="12.595967"><ele>1.6</ele><time>2026-08-20T11:14:53.000Z</time><extensions><gpxtpx:TrackPointExtension><gpxtpx:hr>126</gpxtpx:hr></gpxtpx:TrackPointExtension></extensions></trkpt>
      <trkpt lat="55.669712" lon="12.595946"><ele>1.6</ele><time>2026-08-20T11:14:54.000Z</time><extensions><gpxtpx:TrackPointExtension><gpxtpx:hr>129</gpxtpx:hr></gpxtpx:TrackPointExtension></extensions></trkpt>
      <trkpt lat="55.669693" lon="12.595936"><ele>1.6</ele><time>2026-08-20T11:14:55.000Z</time><extensions><gpxtpx:TrackPointExtension><gpxtpx:hr>129</gpxtpx:hr></gpxtpx:TrackPointExtension></extensions></trkpt>
      <trkpt lat="55.669674" lon="12.595936"><ele>1.6</ele><time>2026-08-20T11:14:56.000Z</time><extensions><gpxtpx:TrackPointExtension><gpxtpx:hr>129</gpxtpx:hr></gpxtpx:TrackPointExtension></extensions></trkpt>
      <trkpt lat="55.669656" lon="12.595943"><ele>1.6</ele><time>2026-08-20T11:14:57.000Z</time><extensions><gpxtpx:TrackPointExtension><gpxtpx:hr>129</gpxtpx:hr></gpxtpx:TrackPointExtension></extensions></trkpt>
      <trkpt lat="55.669641" lon="12.595954"><ele>1.6</ele><time>2026-08-20T11:14:58.000Z</time><extensions><gpxtpx:TrackPointExtension><gpxtpx:hr>129</gpxtpx:hr></gpxtpx:TrackPointExtension></extensions></trkpt>
      <trkpt lat="55.669626" lon="12.595968"><ele>1.6</ele><time>2026-08-20T11:14:59.000Z</time><extensions><gpxtpx:TrackPointExtension><gpxtpx:hr>129</gpxtpx:hr></gpxtpx:TrackPointExtension></extensions></trkpt>
      <trkpt lat="55.669612" lon="12.595985"><ele>1.6</ele><time>2026-08-20T11:15:00.000Z</time><extensions><gpxtpx:TrackPointExtension><gpxtpx:hr>129</gpxtpx:hr></gpxtpx:TrackPointExtension></extensions></trkpt>
      <trkpt lat="55.669598" lon="12.596004"><ele>1.6</ele><time>2026-08-20T11:15:01.000Z</time><extensions><gpxtpx:TrackPointExtension><gpxtpx:hr>129</gpxtpx:hr></gpxtpx:TrackPointExtension></extensions></trkpt>
      <trkpt lat="55.669586" lon="12.596025"><ele>1.6</ele><time>2026-08-20T11:15:02.000Z</time><extensions><gpxtpx:TrackPointExtension><gpxtpx:hr>129</gpxtpx:hr></gpxtpx:TrackPointExtension></extensions></trkpt>
      <trkpt lat="55.669577" lon="12.596048"><ele>1.6</ele><time>2026-08-20T11:15:03.000Z</time><extensions><gpxtpx:TrackPointExtension><gpxtpx:hr>129</gpxtpx:hr></gpxtpx:TrackPointExtension></extensions></trkpt>
      <trkpt lat="55.669571" lon="12.596073"><ele>1.6</ele><time>2026-08-20T11:15:04.000Z</time><extensions><gpxtpx:TrackPointExtension><gpxtpx:hr>129</gpxtpx:hr></gpxtpx:TrackPointExtension></extensions></trkpt>
      <trkpt lat="55.669566" lon="12.596103"><ele>1.6</ele><time>2026-08-20T11:15:05.000Z</time><extensions><gpxtpx:TrackPointExtension><gpxtpx:hr>129</gpxtpx:hr></gpxtpx:TrackPointExtension></extensions></trkpt>
      <trkpt lat="55.669562" lon="12.596135"><ele>1.6</ele><time>2026-08-20T11:15:06.000Z</time><extensions><gpxtpx:TrackPointExtension><gpxtpx:hr>129</gpxtpx:hr></gpxtpx:TrackPointExtension></extensions></trkpt>
      <trkpt lat="55.669558" lon="12.596169"><ele>1.6</ele><time>2026-08-20T11:15:07.000Z</time><extensions><gpxtpx:TrackPointExtension><gpxtpx:hr>129</gpxtpx:hr></gpxtpx:TrackPointExtension></extensions></trkpt>
      <trkpt lat="55.669555" lon="12.596203"><ele>1.6</ele><time>2026-08-20T11:15:08.000Z</time><extensions><gpxtpx:TrackPointExtension><gpxtpx:hr>128</gpxtpx:hr></gpxtpx:TrackPointExtension></extensions></trkpt>
      <trkpt lat="55.669553" lon="12.596237"><ele>1.6</ele><time>2026-08-20T11:15:09.000Z</time><extensions><gpxtpx:TrackPointExtension><gpxtpx:hr>128</gpxtpx:hr></gpxtpx:TrackPointExtension></extensions></trkpt>
      <trkpt lat="55.669551" lon="12.59627"><ele>1.8</ele><time>2026-08-20T11:15:10.000Z</time><extensions><gpxtpx:TrackPointExtension><gpxtpx:hr>128</gpxtpx:hr></gpxtpx:TrackPointExtension></extensions></trkpt>
      <trkpt lat="55.669548" lon="12.596301"><ele>1.8</ele><time>2026-08-20T11:15:11.000Z</time><extensions><gpxtpx:TrackPointExtension><gpxtpx:hr>128</gpxtpx:hr></gpxtpx:TrackPointExtension></extensions></trkpt>
      <trkpt lat="55.669542" lon="12.596332"><ele>2</ele><time>2026-08-20T11:15:12.000Z</time><extensions><gpxtpx:TrackPointExtension><gpxtpx:hr>128</gpxtpx:hr></gpxtpx:TrackPointExtension></extensions></trkpt>
      <trkpt lat="55.669536" lon="12.596365"><ele>2</ele><time>2026-08-20T11:15:13.000Z</time><extensions><gpxtpx:TrackPointExtension><gpxtpx:hr>128</gpxtpx:hr></gpxtpx:TrackPointExtension></extensions></trkpt>
      <trkpt lat="55.66953" lon="12.596399"><ele>2.2</ele><time>2026-08-20T11:15:14.000Z</time><extensions><gpxtpx:TrackPointExtension><gpxtpx:hr>130</gpxtpx:hr></gpxtpx:TrackPointExtension></extensions></trkpt>
      <trkpt lat="55.669527" lon="12.596435"><ele>2.4</ele><time>2026-08-20T11:15:15.000Z</time><extensions><gpxtpx:TrackPointExtension><gpxtpx:hr>130</gpxtpx:hr></gpxtpx:TrackPointExtension></extensions></trkpt>
      <trkpt lat="55.669526" lon="12.596472"><ele>2.4</ele><time>2026-08-20T11:15:16.000Z</time><extensions><gpxtpx:TrackPointExtension><gpxtpx:hr>130</gpxtpx:hr></gpxtpx:TrackPointExtension></extensions></trkpt>
      <trkpt lat="55.669528" lon="12.596508"><ele>2.6</ele><time>2026-08-20T11:15:17.000Z</time><extensions><gpxtpx:TrackPointExtension><gpxtpx:hr>130</gpxtpx:hr></gpxtpx:TrackPointExtension></extensions></trkpt>
      <trkpt lat="55.669533" lon="12.596542"><ele>2.8</ele><time>2026-08-20T11:15:18.000Z</time><extensions><gpxtpx:TrackPointExtension><gpxtpx:hr>130</gpxtpx:hr></gpxtpx:TrackPointExtension></extensions></trkpt>
      <trkpt lat="55.669538" lon="12.596578"><ele>2.8</ele><time>2026-08-20T11:15:19.000Z</time><extensions><gpxtpx:TrackPointExtension><gpxtpx:hr>130</gpxtpx:hr></gpxtpx:TrackPointExtension></extensions></trkpt>
      <trkpt lat="55.669543" lon="12.596616"><ele>2.8</ele><time>2026-08-20T11:15:20.000Z</time><extensions><gpxtpx:TrackPointExtension><gpxtpx:hr>130</gpxtpx:hr></gpxtpx:TrackPointExtension></extensions></trkpt>
      <trkpt lat="55.669548" lon="12.596655"><ele>3</ele><time>2026-08-20T11:15:21.000Z</time><extensions><gpxtpx:TrackPointExtension><gpxtpx:hr>130</gpxtpx:hr></gpxtpx:TrackPointExtension></extensions></trkpt>
      <trkpt lat="55.669551" lon="12.596693"><ele>3</ele><time>2026-08-20T11:15:22.000Z</time><extensions><gpxtpx:TrackPointExtension><gpxtpx:hr>130</gpxtpx:hr></gpxtpx:TrackPointExtension></extensions></trkpt>
      <trkpt lat="55.669554" lon="12.596731"><ele>3</ele><time>2026-08-20T11:15:23.000Z</time><extensions><gpxtpx:TrackPointExtension><gpxtpx:hr>130</gpxtpx:hr></gpxtpx:TrackPointExtension></extensions></trkpt>
      <trkpt lat="55.669559" lon="12.596771"><ele>3</ele><time>2026-08-20T11:15:24.000Z</time><extensions><gpxtpx:TrackPointExtension><gpxtpx:hr>132</gpxtpx:hr></gpxtpx:TrackPointExtension></extensions></trkpt>
      <trkpt lat="55.669566" lon="12.59681"><ele>3</ele><time>2026-08-20T11:15:25.000Z</time><extensions><gpxtpx:TrackPointExtension><gpxtpx:hr>132</gpxtpx:hr></gpxtpx:TrackPointExtension></extensions></trkpt>
      <trkpt lat="55.669573" lon="12.596849"><ele>3</ele><time>2026-08-20T11:15:26.000Z</time><extensions><gpxtpx:TrackPointExtension><gpxtpx:hr>132</gpxtpx:hr></gpxtpx:TrackPointExtension></extensions></trkpt>
      <trkpt lat="55.669582" lon="12.596887"><ele>3</ele><time>2026-08-20T11:15:27.000Z</time><extensions><gpxtpx:TrackPointExtension><gpxtpx:hr>132</gpxtpx:hr></gpxtpx:TrackPointExtension></extensions></trkpt>
      <trkpt lat="55.669589" lon="12.596926"><ele>3</ele><time>2026-08-20T11:15:28.000Z</time><extensions><gpxtpx:TrackPointExtension><gpxtpx:hr>132</gpxtpx:hr></gpxtpx:TrackPointExtension></extensions></trkpt>
      <trkpt lat="55.669597" lon="12.596964"><ele>2.8</ele><time>2026-08-20T11:15:29.000Z</time><extensions><gpxtpx:TrackPointExtension><gpxtpx:hr>132</gpxtpx:hr></gpxtpx:TrackPointExtension></extensions></trkpt>
      <trkpt lat="55.669603" lon="12.597003"><ele>2.8</ele><time>2026-08-20T11:15:30.000Z</time><extensions><gpxtpx:TrackPointExtension><gpxtpx:hr>132</gpxtpx:hr></gpxtpx:TrackPointExtension></extensions></trkpt>
      <trkpt lat="55.669609" lon="12.597044"><ele>2.8</ele><time>2026-08-20T11:15:31.000Z</time><extensions><gpxtpx:TrackPointExtension><gpxtpx:hr>132</gpxtpx:hr></gpxtpx:TrackPointExtension></extensions></trkpt>
      <trkpt lat="55.669615" lon="12.597084"><ele>2.8</ele><time>2026-08-20T11:15:32.000Z</time><extensions><gpxtpx:TrackPointExtension><gpxtpx:hr>137</gpxtpx:hr></gpxtpx:TrackPointExtension></extensions></trkpt>
      <trkpt lat="55.669622" lon="12.597125"><ele>2.8</ele><time>2026-08-20T11:15:33.000Z</time><extensions><gpxtpx:TrackPointExtension><gpxtpx:hr>138</gpxtpx:hr></gpxtpx:TrackPointExtension></extensions></trkpt>
      <trkpt lat="55.669628" lon="12.597166"><ele>2.8</ele><time>2026-08-20T11:15:34.000Z</time><extensions><gpxtpx:TrackPointExtension><gpxtpx:hr>138</gpxtpx:hr></gpxtpx:TrackPointExtension></extensions></trkpt>
      <trkpt lat="55.669635" lon="12.597208"><ele>2.8</ele><time>2026-08-20T11:15:35.000Z</time><extensions><gpxtpx:TrackPointExtension><gpxtpx:hr>138</gpxtpx:hr></gpxtpx:TrackPointExtension></extensions></trkpt>
      <trkpt lat="55.669644" lon="12.59725"><ele>2.8</ele><time>2026-08-20T11:15:36.000Z</time><extensions><gpxtpx:TrackPointExtension><gpxtpx:hr>138</gpxtpx:hr></gpxtpx:TrackPointExtension></extensions></trkpt>
      <trkpt lat="55.669653" lon="12.597291"><ele>2.8</ele><time>2026-08-20T11:15:37.000Z</time><extensions><gpxtpx:TrackPointExtension><gpxtpx:hr>138</gpxtpx:hr></gpxtpx:TrackPointExtension></extensions></trkpt>
      <trkpt lat="55.669662" lon="12.597331"><ele>2.8</ele><time>2026-08-20T11:15:38.000Z</time><extensions><gpxtpx:TrackPointExtension><gpxtpx:hr>138</gpxtpx:hr></gpxtpx:TrackPointExtension></extensions></trkpt>
      <trkpt lat="55.669671" lon="12.597374"><ele>2.8</ele><time>2026-08-20T11:15:39.000Z</time><extensions><gpxtpx:TrackPointExtension><gpxtpx:hr>138</gpxtpx:hr></gpxtpx:TrackPointExtension></extensions></trkpt>
      <trkpt lat="55.669681" lon="12.597418"><ele>2.8</ele><time>2026-08-20T11:15:40.000Z</time><extensions><gpxtpx:TrackPointExtension><gpxtpx:hr>138</gpxtpx:hr></gpxtpx:TrackPointExtension></extensions></trkpt>
      <trkpt lat="55.669691" lon="12.597462"><ele>2.8</ele><time>2026-08-20T11:15:41.000Z</time><extensions><gpxtpx:TrackPointExtension><gpxtpx:hr>138</gpxtpx:hr></gpxtpx:TrackPointExtension></extensions></trkpt>
      <trkpt lat="55.6697" lon="12.597504"><ele>2.8</ele><time>2026-08-20T11:15:42.000Z</time><extensions><gpxtpx:TrackPointExtension><gpxtpx:hr>138</gpxtpx:hr></gpxtpx:TrackPointExtension></extensions></trkpt>
      <trkpt lat="55.66971" lon="12.597545"><ele>2.8</ele><time>2026-08-20T11:15:43.000Z</time><extensions><gpxtpx:TrackPointExtension><gpxtpx:hr>138</gpxtpx:hr></gpxtpx:TrackPointExtension></extensions></trkpt>
      <trkpt lat="55.669719" lon="12.597586"><ele>2.8</ele><time>2026-08-20T11:15:44.000Z</time><extensions><gpxtpx:TrackPointExtension><gpxtpx:hr>138</gpxtpx:hr></gpxtpx:TrackPointExtension></extensions></trkpt>
      <trkpt lat="55.669728" lon="12.597628"><ele>2.8</ele><time>2026-08-20T11:15:45.000Z</time><extensions><gpxtpx:TrackPointExtension><gpxtpx:hr>138</gpxtpx:hr></gpxtpx:TrackPointExtension></extensions></trkpt>
      <trkpt lat="55.669736" lon="12.59767"><ele>2.8</ele><time>2026-08-20T11:15:46.000Z</time><extensions><gpxtpx:TrackPointExtension><gpxtpx:hr>138</gpxtpx:hr></gpxtpx:TrackPointExtension></extensions></trkpt>
      <trkpt lat="55.669744" lon="12.597712"><ele>2.8</ele><time>2026-08-20T11:15:47.000Z</time><extensions><gpxtpx:TrackPointExtension><gpxtpx:hr>137</gpxtpx:hr></gpxtpx:TrackPointExtension></extensions></trkpt>
      <trkpt lat="55.669753" lon="12.597754"><ele>2.8</ele><time>2026-08-20T11:15:48.000Z</time><extensions><gpxtpx:TrackPointExtension><gpxtpx:hr>137</gpxtpx:hr></gpxtpx:TrackPointExtension></extensions></trkpt>
      <trkpt lat="55.669762" lon="12.597796"><ele>2.8</ele><time>2026-08-20T11:15:49.000Z</time><extensions><gpxtpx:TrackPointExtension><gpxtpx:hr>137</gpxtpx:hr></gpxtpx:TrackPointExtension></extensions></trkpt>
      <trkpt lat="55.66977" lon="12.597837"><ele>2.8</ele><time>2026-08-20T11:15:50.000Z</time><extensions><gpxtpx:TrackPointExtension><gpxtpx:hr>137</gpxtpx:hr></gpxtpx:TrackPointExtension></extensions></trkpt>
      <trkpt lat="55.669777" lon="12.597877"><ele>2.8</ele><time>2026-08-20T11:15:51.000Z</time><extensions><gpxtpx:TrackPointExtension><gpxtpx:hr>137</gpxtpx:hr></gpxtpx:TrackPointExtension></extensions></trkpt>
      <trkpt lat="55.669785" lon="12.597917"><ele>2.8</ele><time>2026-08-20T11:15:52.000Z</time><extensions><gpxtpx:TrackPointExtension><gpxtpx:hr>138</gpxtpx:hr></gpxtpx:TrackPointExtension></extensions></trkpt>
      <trkpt lat="55.669792" lon="12.597958"><ele>2.8</ele><time>2026-08-20T11:15:53.000Z</time><extensions><gpxtpx:TrackPointExtension><gpxtpx:hr>137</gpxtpx:hr></gpxtpx:TrackPointExtension></extensions></trkpt>
      <trkpt lat="55.6698" lon="12.598"><ele>2.8</ele><time>2026-08-20T11:15:54.000Z</time><extensions><gpxtpx:TrackPointExtension><gpxtpx:hr>137</gpxtpx:hr></gpxtpx:TrackPointExtension></extensions></trkpt>
      <trkpt lat="55.669807" lon="12.598044"><ele>2.8</ele><time>2026-08-20T11:15:55.000Z</time><extensions><gpxtpx:TrackPointExtension><gpxtpx:hr>137</gpxtpx:hr></gpxtpx:TrackPointExtension></extensions></trkpt>
      <trkpt lat="55.669815" lon="12.598087"><ele>2.8</ele><time>2026-08-20T11:15:56.000Z</time><extensions><gpxtpx:TrackPointExtension><gpxtpx:hr>137</gpxtpx:hr></gpxtpx:TrackPointExtension></extensions></trkpt>
      <trkpt lat="55.669822" lon="12.598128"><ele>2.8</ele><time>2026-08-20T11:15:57.000Z</time><extensions><gpxtpx:TrackPointExtension><gpxtpx:hr>137</gpxtpx:hr></gpxtpx:TrackPointExtension></extensions></trkpt>
      <trkpt lat="55.66983" lon="12.598169"><ele>2.8</ele><time>2026-08-20T11:15:58.000Z</time><extensions><gpxtpx:TrackPointExtension><gpxtpx:hr>137</gpxtpx:hr></gpxtpx:TrackPointExtension></extensions></trkpt>
      <trkpt lat="55.669839" lon="12.598208"><ele>2.8</ele><time>2026-08-20T11:15:59.000Z</time><extensions><gpxtpx:TrackPointExtension><gpxtpx:hr>137</gpxtpx:hr></gpxtpx:TrackPointExtension></extensions></trkpt>
      <trkpt lat="55.669849" lon="12.598247"><ele>2.8</ele><time>2026-08-20T11:16:00.000Z</time><extensions><gpxtpx:TrackPointExtension><gpxtpx:hr>137</gpxtpx:hr></gpxtpx:TrackPointExtension></extensions></trkpt>
      <trkpt lat="55.66986" lon="12.598286"><ele>2.8</ele><time>2026-08-20T11:16:01.000Z</time><extensions><gpxtpx:TrackPointExtension><gpxtpx:hr>137</gpxtpx:hr></gpxtpx:TrackPointExtension></extensions></trkpt>
      <trkpt lat="55.669871" lon="12.598327"><ele>2.8</ele><time>2026-08-20T11:16:02.000Z</time><extensions><gpxtpx:TrackPointExtension><gpxtpx:hr>139</gpxtpx:hr></gpxtpx:TrackPointExtension></extensions></trkpt>
      <trkpt lat="55.669881" lon="12.598367"><ele>2.8</ele><time>2026-08-20T11:16:03.000Z</time><extensions><gpxtpx:TrackPointExtension><gpxtpx:hr>139</gpxtpx:hr></gpxtpx:TrackPointExtension></extensions></trkpt>
      <trkpt lat="55.669889" lon="12.598405"><ele>2.8</ele><time>2026-08-20T11:16:04.000Z</time><extensions><gpxtpx:TrackPointExtension><gpxtpx:hr>138</gpxtpx:hr></gpxtpx:TrackPointExtension></extensions></trkpt>
      <trkpt lat="55.669897" lon="12.598443"><ele>2.8</ele><time>2026-08-20T11:16:05.000Z</time><extensions><gpxtpx:TrackPointExtension><gpxtpx:hr>138</gpxtpx:hr></gpxtpx:TrackPointExtension></extensions></trkpt>
      <trkpt lat="55.669904" lon="12.598483"><ele>2.8</ele><time>2026-08-20T11:16:06.000Z</time><extensions><gpxtpx:TrackPointExtension><gpxtpx:hr>138</gpxtpx:hr></gpxtpx:TrackPointExtension></extensions></trkpt>
      <trkpt lat="55.669911" lon="12.598523"><ele>2.8</ele><time>2026-08-20T11:16:07.000Z</time><extensions><gpxtpx:TrackPointExtension><gpxtpx:hr>138</gpxtpx:hr></gpxtpx:TrackPointExtension></extensions></trkpt>
      <trkpt lat="55.669918" lon="12.598565"><ele>2.8</ele><time>2026-08-20T11:16:08.000Z</time><extensions><gpxtpx:TrackPointExtension><gpxtpx:hr>138</gpxtpx:hr></gpxtpx:TrackPointExtension></extensions></trkpt>
      <trkpt lat="55.669926" lon="12.598605"><ele>2.8</ele><time>2026-08-20T11:16:09.000Z</time><extensions><gpxtpx:TrackPointExtension><gpxtpx:hr>138</gpxtpx:hr></gpxtpx:TrackPointExtension></extensions></trkpt>
      <trkpt lat="55.669934" lon="12.598645"><ele>2.8</ele><time>2026-08-20T11:16:10.000Z</time><extensions><gpxtpx:TrackPointExtension><gpxtpx:hr>138</gpxtpx:hr></gpxtpx:TrackPointExtension></extensions></trkpt>
      <trkpt lat="55.669942" lon="12.598684"><ele>2.8</ele><time>2026-08-20T11:16:11.000Z</time><extensions><gpxtpx:TrackPointExtension><gpxtpx:hr>138</gpxtpx:hr></gpxtpx:TrackPointExtension></extensions></trkpt>
      <trkpt lat="55.66995" lon="12.598724"><ele>2.8</ele><time>2026-08-20T11:16:12.000Z</time><extensions><gpxtpx:TrackPointExtension><gpxtpx:hr>138</gpxtpx:hr></gpxtpx:TrackPointExtension></extensions></trkpt>
      <trkpt lat="55.669959" lon="12.598764"><ele>2.8</ele><time>2026-08-20T11:16:13.000Z</time><extensions><gpxtpx:TrackPointExtension><gpxtpx:hr>138</gpxtpx:hr></gpxtpx:TrackPointExtension></extensions></trkpt>
      <trkpt lat="55.669967" lon="12.598804"><ele>2.8</ele><time>2026-08-20T11:16:14.000Z</time><extensions><gpxtpx:TrackPointExtension><gpxtpx:hr>138</gpxtpx:hr></gpxtpx:TrackPointExtension></extensions></trkpt>
      <trkpt lat="55.669975" lon="12.598844"><ele>2.8</ele><time>2026-08-20T11:16:15.000Z</time><extensions><gpxtpx:TrackPointExtension><gpxtpx:hr>138</gpxtpx:hr></gpxtpx:TrackPointExtension></extensions></trkpt>
      <trkpt lat="55.669984" lon="12.598885"><ele>2.8</ele><time>2026-08-20T11:16:16.000Z</time><extensions><gpxtpx:TrackPointExtension><gpxtpx:hr>138</gpxtpx:hr></gpxtpx:TrackPointExtension></extensions></trkpt>
      <trkpt lat="55.669992" lon="12.598925"><ele>2.8</ele><time>2026-08-20T11:16:17.000Z</time><extensions><gpxtpx:TrackPointExtension><gpxtpx:hr>138</gpxtpx:hr></gpxtpx:TrackPointExtension></extensions></trkpt>
      <trkpt lat="55.669999" lon="12.598965"><ele>2.8</ele><time>2026-08-20T11:16:18.000Z</time><extensions><gpxtpx:TrackPointExtension><gpxtpx:hr>138</gpxtpx:hr></gpxtpx:TrackPointExtension></extensions></trkpt>
      <trkpt lat="55.670007" lon="12.599005"><ele>3</ele><time>2026-08-20T11:16:19.000Z</time><extensions><gpxtpx:TrackPointExtension><gpxtpx:hr>138</gpxtpx:hr></gpxtpx:TrackPointExtension></extensions></trkpt>
      <trkpt lat="55.670014" lon="12.599046"><ele>3</ele><time>2026-08-20T11:16:20.000Z</time><extensions><gpxtpx:TrackPointExtension><gpxtpx:hr>138</gpxtpx:hr></gpxtpx:TrackPointExtension></extensions></trkpt>
      <trkpt lat="55.670021" lon="12.599088"><ele>3</ele><time>2026-08-20T11:16:21.000Z</time><extensions><gpxtpx:TrackPointExtension><gpxtpx:hr>139</gpxtpx:hr></gpxtpx:TrackPointExtension></extensions></trkpt>
      <trkpt lat="55.670028" lon="12.59913"><ele>3</ele><time>2026-08-20T11:16:22.000Z</time><extensions><gpxtpx:TrackPointExtension><gpxtpx:hr>139</gpxtpx:hr></gpxtpx:TrackPointExtension></extensions></trkpt>
      <trkpt lat="55.670034" lon="12.599172"><ele>3</ele><time>2026-08-20T11:16:23.000Z</time><extensions><gpxtpx:TrackPointExtension><gpxtpx:hr>138</gpxtpx:hr></gpxtpx:TrackPointExtension></extensions></trkpt>
      <trkpt lat="55.670039" lon="12.599215"><ele>3</ele><time>2026-08-20T11:16:24.000Z</time><extensions><gpxtpx:TrackPointExtension><gpxtpx:hr>138</gpxtpx:hr></gpxtpx:TrackPointExtension></extensions></trkpt>
      <trkpt lat="55.670042" lon="12.599257"><ele>3</ele><time>2026-08-20T11:16:25.000Z</time><extensions><gpxtpx:TrackPointExtension><gpxtpx:hr>138</gpxtpx:hr></gpxtpx:TrackPointExtension></extensions></trkpt>
      <trkpt lat="55.670044" lon="12.599299"><ele>2.8</ele><time>2026-08-20T11:16:26.000Z</time><extensions><gpxtpx:TrackPointExtension><gpxtpx:hr>138</gpxtpx:hr></gpxtpx:TrackPointExtension></extensions></trkpt>
      <trkpt lat="55.670045" lon="12.599341"><ele>2.8</ele><time>2026-08-20T11:16:27.000Z</time><extensions><gpxtpx:TrackPointExtension><gpxtpx:hr>138</gpxtpx:hr></gpxtpx:TrackPointExtension></extensions></trkpt>
      <trkpt lat="55.670045" lon="12.599384"><ele>2.8</ele><time>2026-08-20T11:16:28.000Z</time><extensions><gpxtpx:TrackPointExtension><gpxtpx:hr>138</gpxtpx:hr></gpxtpx:TrackPointExtension></extensions></trkpt>
      <trkpt lat="55.670044" lon="12.599428"><ele>2.8</ele><time>2026-08-20T11:16:29.000Z</time><extensions><gpxtpx:TrackPointExtension><gpxtpx:hr>138</gpxtpx:hr></gpxtpx:TrackPointExtension></extensions></trkpt>
      <trkpt lat="55.670044" lon="12.599472"><ele>2.8</ele><time>2026-08-20T11:16:30.000Z</time><extensions><gpxtpx:TrackPointExtension><gpxtpx:hr>138</gpxtpx:hr></gpxtpx:TrackPointExtension></extensions></trkpt>
      <trkpt lat="55.670043" lon="12.599515"><ele>2.8</ele><time>2026-08-20T11:16:31.000Z</time><extensions><gpxtpx:TrackPointExtension><gpxtpx:hr>138</gpxtpx:hr></gpxtpx:TrackPointExtension></extensions></trkpt>
      <trkpt lat="55.670043" lon="12.599558"><ele>2.8</ele><time>2026-08-20T11:16:32.000Z</time><extensions><gpxtpx:TrackPointExtension><gpxtpx:hr>137</gpxtpx:hr></gpxtpx:TrackPointExtension></extensions></trkpt>
      <trkpt lat="55.670044" lon="12.599601"><ele>2.8</ele><time>2026-08-20T11:16:33.000Z</time><extensions><gpxtpx:TrackPointExtension><gpxtpx:hr>138</gpxtpx:hr></gpxtpx:TrackPointExtension></extensions></trkpt>
      <trkpt lat="55.670044" lon="12.599645"><ele>2.8</ele><time>2026-08-20T11:16:34.000Z</time><extensions><gpxtpx:TrackPointExtension><gpxtpx:hr>138</gpxtpx:hr></gpxtpx:TrackPointExtension></extensions></trkpt>
      <trkpt lat="55.670046" lon="12.599689"><ele>2.8</ele><time>2026-08-20T11:16:35.000Z</time><extensions><gpxtpx:TrackPointExtension><gpxtpx:hr>138</gpxtpx:hr></gpxtpx:TrackPointExtension></extensions></trkpt>
      <trkpt lat="55.670049" lon="12.599733"><ele>2.8</ele><time>2026-08-20T11:16:36.000Z</time><extensions><gpxtpx:TrackPointExtension><gpxtpx:hr>138</gpxtpx:hr></gpxtpx:TrackPointExtension></extensions></trkpt>
      <trkpt lat="55.670053" lon="12.599777"><ele>2.8</ele><time>2026-08-20T11:16:37.000Z</time><extensions><gpxtpx:TrackPointExtension><gpxtpx:hr>138</gpxtpx:hr></gpxtpx:TrackPointExtension></extensions></trkpt>
      <trkpt lat="55.67006" lon="12.59982"><ele>2.8</ele><time>2026-08-20T11:16:38.000Z</time><extensions><gpxtpx:TrackPointExtension><gpxtpx:hr>138</gpxtpx:hr></gpxtpx:TrackPointExtension></extensions></trkpt>
      <trkpt lat="55.670067" lon="12.599862"><ele>2.8</ele><time>2026-08-20T11:16:39.000Z</time><extensions><gpxtpx:TrackPointExtension><gpxtpx:hr>138</gpxtpx:hr></gpxtpx:TrackPointExtension></extensions></trkpt>
      <trkpt lat="55.670075" lon="12.599901"><ele>2.8</ele><time>2026-08-20T11:16:40.000Z</time><extensions><gpxtpx:TrackPointExtension><gpxtpx:hr>138</gpxtpx:hr></gpxtpx:TrackPointExtension></extensions></trkpt>
      <trkpt lat="55.670082" lon="12.59994"><ele>2.8</ele><time>2026-08-20T11:16:41.000Z</time><extensions><gpxtpx:TrackPointExtension><gpxtpx:hr>138</gpxtpx:hr></gpxtpx:TrackPointExtension></extensions></trkpt>
      <trkpt lat="55.670091" lon="12.599979"><ele>2.8</ele><time>2026-08-20T11:16:42.000Z</time><extensions><gpxtpx:TrackPointExtension><gpxtpx:hr>138</gpxtpx:hr></gpxtpx:TrackPointExtension></extensions></trkpt>
      <trkpt lat="55.6701" lon="12.600016"><ele>2.8</ele><time>2026-08-20T11:16:43.000Z</time><extensions><gpxtpx:TrackPointExtension><gpxtpx:hr>138</gpxtpx:hr></gpxtpx:TrackPointExtension></extensions></trkpt>
      <trkpt lat="55.670113" lon="12.60005"><ele>2.6</ele><time>2026-08-20T11:16:44.000Z</time><extensions><gpxtpx:TrackPointExtension><gpxtpx:hr>138</gpxtpx:hr></gpxtpx:TrackPointExtension></extensions></trkpt>
      <trkpt lat="55.670127" lon="12.600082"><ele>2.6</ele><time>2026-08-20T11:16:45.000Z</time><extensions><gpxtpx:TrackPointExtension><gpxtpx:hr>140</gpxtpx:hr></gpxtpx:TrackPointExtension></extensions></trkpt>
      <trkpt lat="55.67016" lon="12.600138"><ele>2.8</ele><time>2026-08-20T11:16:46.000Z</time><extensions><gpxtpx:TrackPointExtension><gpxtpx:hr>140</gpxtpx:hr></gpxtpx:TrackPointExtension></extensions></trkpt>
      <trkpt lat="55.670179" lon="12.600162"><ele>2.8</ele><time>2026-08-20T11:16:47.000Z</time><extensions><gpxtpx:TrackPointExtension><gpxtpx:hr>140</gpxtpx:hr></gpxtpx:TrackPointExtension></extensions></trkpt>
      <trkpt lat="55.670199" lon="12.600185"><ele>2.8</ele><time>2026-08-20T11:16:48.000Z</time><extensions><gpxtpx:TrackPointExtension><gpxtpx:hr>140</gpxtpx:hr></gpxtpx:TrackPointExtension></extensions></trkpt>
      <trkpt lat="55.670218" lon="12.600207"><ele>2.8</ele><time>2026-08-20T11:16:49.000Z</time><extensions><gpxtpx:TrackPointExtension><gpxtpx:hr>140</gpxtpx:hr></gpxtpx:TrackPointExtension></extensions></trkpt>
      <trkpt lat="55.670238" lon="12.600229"><ele>2.8</ele><time>2026-08-20T11:16:50.000Z</time><extensions><gpxtpx:TrackPointExtension><gpxtpx:hr>140</gpxtpx:hr></gpxtpx:TrackPointExtension></extensions></trkpt>
      <trkpt lat="55.670258" lon="12.600251"><ele>2.8</ele><time>2026-08-20T11:16:52.000Z</time><extensions><gpxtpx:TrackPointExtension><gpxtpx:hr>140</gpxtpx:hr></gpxtpx:TrackPointExtension></extensions></trkpt>
      <trkpt lat="55.670297" lon="12.600298"><ele>2.8</ele><time>2026-08-20T11:16:53.000Z</time><extensions><gpxtpx:TrackPointExtension><gpxtpx:hr>140</gpxtpx:hr></gpxtpx:TrackPointExtension></extensions></trkpt>
      <trkpt lat="55.670315" lon="12.600326"><ele>2.8</ele><time>2026-08-20T11:16:54.000Z</time><extensions><gpxtpx:TrackPointExtension><gpxtpx:hr>140</gpxtpx:hr></gpxtpx:TrackPointExtension></extensions></trkpt>
      <trkpt lat="55.670333" lon="12.600355"><ele>2.8</ele><time>2026-08-20T11:16:55.000Z</time><extensions><gpxtpx:TrackPointExtension><gpxtpx:hr>140</gpxtpx:hr></gpxtpx:TrackPointExtension></extensions></trkpt>
      <trkpt lat="55.67035" lon="12.600385"><ele>2.8</ele><time>2026-08-20T11:16:56.000Z</time><extensions><gpxtpx:TrackPointExtension><gpxtpx:hr>141</gpxtpx:hr></gpxtpx:TrackPointExtension></extensions></trkpt>
      <trkpt lat="55.670367" lon="12.600416"><ele>2.8</ele><time>2026-08-20T11:16:57.000Z</time><extensions><gpxtpx:TrackPointExtension><gpxtpx:hr>141</gpxtpx:hr></gpxtpx:TrackPointExtension></extensions></trkpt>
      <trkpt lat="55.670383" lon="12.600447"><ele>2.8</ele><time>2026-08-20T11:16:58.000Z</time><extensions><gpxtpx:TrackPointExtension><gpxtpx:hr>141</gpxtpx:hr></gpxtpx:TrackPointExtension></extensions></trkpt>
      <trkpt lat="55.670399" lon="12.60048"><ele>2.8</ele><time>2026-08-20T11:16:59.000Z</time><extensions><gpxtpx:TrackPointExtension><gpxtpx:hr>140</gpxtpx:hr></gpxtpx:TrackPointExtension></extensions></trkpt>
      <trkpt lat="55.670414" lon="12.600513"><ele>2.8</ele><time>2026-08-20T11:17:00.000Z</time><extensions><gpxtpx:TrackPointExtension><gpxtpx:hr>140</gpxtpx:hr></gpxtpx:TrackPointExtension></extensions></trkpt>
      <trkpt lat="55.67043" lon="12.600546"><ele>2.8</ele><time>2026-08-20T11:17:01.000Z</time><extensions><gpxtpx:TrackPointExtension><gpxtpx:hr>140</gpxtpx:hr></gpxtpx:TrackPointExtension></extensions></trkpt>
      <trkpt lat="55.670445" lon="12.600581"><ele>2.8</ele><time>2026-08-20T11:17:02.000Z</time><extensions><gpxtpx:TrackPointExtension><gpxtpx:hr>140</gpxtpx:hr></gpxtpx:TrackPointExtension></extensions></trkpt>
      <trkpt lat="55.670461" lon="12.600616"><ele>2.8</ele><time>2026-08-20T11:17:03.000Z</time><extensions><gpxtpx:TrackPointExtension><gpxtpx:hr>140</gpxtpx:hr></gpxtpx:TrackPointExtension></extensions></trkpt>
      <trkpt lat="55.670477" lon="12.600653"><ele>2.8</ele><time>2026-08-20T11:17:05.000Z</time><extensions><gpxtpx:TrackPointExtension><gpxtpx:hr>140</gpxtpx:hr></gpxtpx:TrackPointExtension></extensions></trkpt>
      <trkpt lat="55.670493" lon="12.60069"><ele>2.8</ele><time>2026-08-20T11:17:06.000Z</time><extensions><gpxtpx:TrackPointExtension><gpxtpx:hr>140</gpxtpx:hr></gpxtpx:TrackPointExtension></extensions></trkpt>
      <trkpt lat="55.67051" lon="12.600728"><ele>3</ele><time>2026-08-20T11:17:07.000Z</time><extensions><gpxtpx:TrackPointExtension><gpxtpx:hr>140</gpxtpx:hr></gpxtpx:TrackPointExtension></extensions></trkpt>
      <trkpt lat="55.670527" lon="12.600766"><ele>3</ele><time>2026-08-20T11:17:08.000Z</time><extensions><gpxtpx:TrackPointExtension><gpxtpx:hr>141</gpxtpx:hr></gpxtpx:TrackPointExtension></extensions></trkpt>
      <trkpt lat="55.670543" lon="12.600805"><ele>3</ele><time>2026-08-20T11:17:09.000Z</time><extensions><gpxtpx:TrackPointExtension><gpxtpx:hr>141</gpxtpx:hr></gpxtpx:TrackPointExtension></extensions></trkpt>
      <trkpt lat="55.670559" lon="12.600843"><ele>3</ele><time>2026-08-20T11:17:10.000Z</time><extensions><gpxtpx:TrackPointExtension><gpxtpx:hr>141</gpxtpx:hr></gpxtpx:TrackPointExtension></extensions></trkpt>
      <trkpt lat="55.670575" lon="12.60088"><ele>3</ele><time>2026-08-20T11:17:11.000Z</time><extensions><gpxtpx:TrackPointExtension><gpxtpx:hr>141</gpxtpx:hr></gpxtpx:TrackPointExtension></extensions></trkpt>
      <trkpt lat="55.670591" lon="12.600917"><ele>3</ele><time>2026-08-20T11:17:12.000Z</time><extensions><gpxtpx:TrackPointExtension><gpxtpx:hr>141</gpxtpx:hr></gpxtpx:TrackPointExtension></extensions></trkpt>
      <trkpt lat="55.670606" lon="12.600952"><ele>3</ele><time>2026-08-20T11:17:13.000Z</time><extensions><gpxtpx:TrackPointExtension><gpxtpx:hr>141</gpxtpx:hr></gpxtpx:TrackPointExtension></extensions></trkpt>
      <trkpt lat="55.67062" lon="12.600988"><ele>3</ele><time>2026-08-20T11:17:14.000Z</time><extensions><gpxtpx:TrackPointExtension><gpxtpx:hr>141</gpxtpx:hr></gpxtpx:TrackPointExtension></extensions></trkpt>
      <trkpt lat="55.670635" lon="12.601023"><ele>3</ele><time>2026-08-20T11:17:15.000Z</time><extensions><gpxtpx:TrackPointExtension><gpxtpx:hr>141</gpxtpx:hr></gpxtpx:TrackPointExtension></extensions></trkpt>
      <trkpt lat="55.67065" lon="12.601059"><ele>3</ele><time>2026-08-20T11:17:16.000Z</time><extensions><gpxtpx:TrackPointExtension><gpxtpx:hr>141</gpxtpx:hr></gpxtpx:TrackPointExtension></extensions></trkpt>
      <trkpt lat="55.670665" lon="12.601095"><ele>3</ele><time>2026-08-20T11:17:17.000Z</time><extensions><gpxtpx:TrackPointExtension><gpxtpx:hr>139</gpxtpx:hr></gpxtpx:TrackPointExtension></extensions></trkpt>
      <trkpt lat="55.67068" lon="12.601131"><ele>3</ele><time>2026-08-20T11:17:18.000Z</time><extensions><gpxtpx:TrackPointExtension><gpxtpx:hr>139</gpxtpx:hr></gpxtpx:TrackPointExtension></extensions></trkpt>
      <trkpt lat="55.670694" lon="12.601167"><ele>3</ele><time>2026-08-20T11:17:19.000Z</time><extensions><gpxtpx:TrackPointExtension><gpxtpx:hr>139</gpxtpx:hr></gpxtpx:TrackPointExtension></extensions></trkpt>
      <trkpt lat="55.670709" lon="12.601203"><ele>3</ele><time>2026-08-20T11:17:20.000Z</time><extensions><gpxtpx:TrackPointExtension><gpxtpx:hr>139</gpxtpx:hr></gpxtpx:TrackPointExtension></extensions></trkpt>
      <trkpt lat="55.670724" lon="12.60124"><ele>2.8</ele><time>2026-08-20T11:17:21.000Z</time><extensions><gpxtpx:TrackPointExtension><gpxtpx:hr>139</gpxtpx:hr></gpxtpx:TrackPointExtension></extensions></trkpt>
      <trkpt lat="55.670739" lon="12.601276"><ele>2.8</ele><time>2026-08-20T11:17:22.000Z</time><extensions><gpxtpx:TrackPointExtension><gpxtpx:hr>139</gpxtpx:hr></gpxtpx:TrackPointExtension></extensions></trkpt>
      <trkpt lat="55.670755" lon="12.601313"><ele>2.8</ele><time>2026-08-20T11:17:23.000Z</time><extensions><gpxtpx:TrackPointExtension><gpxtpx:hr>139</gpxtpx:hr></gpxtpx:TrackPointExtension></extensions></trkpt>
      <trkpt lat="55.67077" lon="12.601351"><ele>2.8</ele><time>2026-08-20T11:17:24.000Z</time><extensions><gpxtpx:TrackPointExtension><gpxtpx:hr>139</gpxtpx:hr></gpxtpx:TrackPointExtension></extensions></trkpt>
      <trkpt lat="55.670787" lon="12.60139"><ele>2.8</ele><time>2026-08-20T11:17:25.000Z</time><extensions><gpxtpx:TrackPointExtension><gpxtpx:hr>139</gpxtpx:hr></gpxtpx:TrackPointExtension></extensions></trkpt>
      <trkpt lat="55.670803" lon="12.601429"><ele>2.8</ele><time>2026-08-20T11:17:26.000Z</time><extensions><gpxtpx:TrackPointExtension><gpxtpx:hr>139</gpxtpx:hr></gpxtpx:TrackPointExtension></extensions></trkpt>
      <trkpt lat="55.670818" lon="12.601466"><ele>2.8</ele><time>2026-08-20T11:17:27.000Z</time><extensions><gpxtpx:TrackPointExtension><gpxtpx:hr>140</gpxtpx:hr></gpxtpx:TrackPointExtension></extensions></trkpt>
      <trkpt lat="55.670834" lon="12.601502"><ele>2.8</ele><time>2026-08-20T11:17:28.000Z</time><extensions><gpxtpx:TrackPointExtension><gpxtpx:hr>140</gpxtpx:hr></gpxtpx:TrackPointExtension></extensions></trkpt>
      <trkpt lat="55.670849" lon="12.601539"><ele>2.8</ele><time>2026-08-20T11:17:29.000Z</time><extensions><gpxtpx:TrackPointExtension><gpxtpx:hr>140</gpxtpx:hr></gpxtpx:TrackPointExtension></extensions></trkpt>
      <trkpt lat="55.670865" lon="12.601576"><ele>2.8</ele><time>2026-08-20T11:17:30.000Z</time><extensions><gpxtpx:TrackPointExtension><gpxtpx:hr>140</gpxtpx:hr></gpxtpx:TrackPointExtension></extensions></trkpt>
      <trkpt lat="55.670881" lon="12.601613"><ele>2.8</ele><time>2026-08-20T11:17:31.000Z</time><extensions><gpxtpx:TrackPointExtension><gpxtpx:hr>140</gpxtpx:hr></gpxtpx:TrackPointExtension></extensions></trkpt>
      <trkpt lat="55.670897" lon="12.60165"><ele>2.8</ele><time>2026-08-20T11:17:32.000Z</time><extensions><gpxtpx:TrackPointExtension><gpxtpx:hr>139</gpxtpx:hr></gpxtpx:TrackPointExtension></extensions></trkpt>
      <trkpt lat="55.670912" lon="12.601687"><ele>2.8</ele><time>2026-08-20T11:17:33.000Z</time><extensions><gpxtpx:TrackPointExtension><gpxtpx:hr>139</gpxtpx:hr></gpxtpx:TrackPointExtension></extensions></trkpt>
      <trkpt lat="55.670927" lon="12.601723"><ele>3</ele><time>2026-08-20T11:17:34.000Z</time><extensions><gpxtpx:TrackPointExtension><gpxtpx:hr>139</gpxtpx:hr></gpxtpx:TrackPointExtension></extensions></trkpt>
      <trkpt lat="55.670942" lon="12.601759"><ele>3</ele><time>2026-08-20T11:17:35.000Z</time><extensions><gpxtpx:TrackPointExtension><gpxtpx:hr>139</gpxtpx:hr></gpxtpx:TrackPointExtension></extensions></trkpt>
      <trkpt lat="55.670957" lon="12.601796"><ele>3</ele><time>2026-08-20T11:17:36.000Z</time><extensions><gpxtpx:TrackPointExtension><gpxtpx:hr>140</gpxtpx:hr></gpxtpx:TrackPointExtension></extensions></trkpt>
      <trkpt lat="55.670973" lon="12.601832"><ele>3</ele><time>2026-08-20T11:17:37.000Z</time><extensions><gpxtpx:TrackPointExtension><gpxtpx:hr>140</gpxtpx:hr></gpxtpx:TrackPointExtension></extensions></trkpt>
      <trkpt lat="55.670988" lon="12.601868"><ele>3</ele><time>2026-08-20T11:17:38.000Z</time><extensions><gpxtpx:TrackPointExtension><gpxtpx:hr>140</gpxtpx:hr></gpxtpx:TrackPointExtension></extensions></trkpt>
      <trkpt lat="55.671003" lon="12.601905"><ele>3</ele><time>2026-08-20T11:17:39.000Z</time><extensions><gpxtpx:TrackPointExtension><gpxtpx:hr>140</gpxtpx:hr></gpxtpx:TrackPointExtension></extensions></trkpt>
      <trkpt lat="55.671018" lon="12.601941"><ele>3</ele><time>2026-08-20T11:17:40.000Z</time><extensions><gpxtpx:TrackPointExtension><gpxtpx:hr>140</gpxtpx:hr></gpxtpx:TrackPointExtension></extensions></trkpt>
      <trkpt lat="55.671033" lon="12.601979"><ele>3</ele><time>2026-08-20T11:17:41.000Z</time><extensions><gpxtpx:TrackPointExtension><gpxtpx:hr>140</gpxtpx:hr></gpxtpx:TrackPointExtension></extensions></trkpt>
      <trkpt lat="55.671049" lon="12.602018"><ele>3</ele><time>2026-08-20T11:17:42.000Z</time><extensions><gpxtpx:TrackPointExtension><gpxtpx:hr>140</gpxtpx:hr></gpxtpx:TrackPointExtension></extensions></trkpt>
      <trkpt lat="55.671064" lon="12.602056"><ele>3</ele><time>2026-08-20T11:17:43.000Z</time><extensions><gpxtpx:TrackPointExtension><gpxtpx:hr>140</gpxtpx:hr></gpxtpx:TrackPointExtension></extensions></trkpt>
      <trkpt lat="55.671079" lon="12.602094"><ele>3</ele><time>2026-08-20T11:17:44.000Z</time><extensions><gpxtpx:TrackPointExtension><gpxtpx:hr>141</gpxtpx:hr></gpxtpx:TrackPointExtension></extensions></trkpt>
      <trkpt lat="55.671094" lon="12.602132"><ele>3</ele><time>2026-08-20T11:17:45.000Z</time><extensions><gpxtpx:TrackPointExtension><gpxtpx:hr>141</gpxtpx:hr></gpxtpx:TrackPointExtension></extensions></trkpt>
      <trkpt lat="55.671109" lon="12.60217"><ele>3</ele><time>2026-08-20T11:17:46.000Z</time><extensions><gpxtpx:TrackPointExtension><gpxtpx:hr>141</gpxtpx:hr></gpxtpx:TrackPointExtension></extensions></trkpt>
      <trkpt lat="55.671124" lon="12.602207"><ele>3</ele><time>2026-08-20T11:17:47.000Z</time><extensions><gpxtpx:TrackPointExtension><gpxtpx:hr>141</gpxtpx:hr></gpxtpx:TrackPointExtension></extensions></trkpt>
      <trkpt lat="55.671139" lon="12.602243"><ele>3</ele><time>2026-08-20T11:17:48.000Z</time><extensions><gpxtpx:TrackPointExtension><gpxtpx:hr>141</gpxtpx:hr></gpxtpx:TrackPointExtension></extensions></trkpt>
      <trkpt lat="55.671154" lon="12.602278"><ele>3</ele><time>2026-08-20T11:17:49.000Z</time><extensions><gpxtpx:TrackPointExtension><gpxtpx:hr>141</gpxtpx:hr></gpxtpx:TrackPointExtension></extensions></trkpt>
      <trkpt lat="55.671169" lon="12.602315"><ele>3</ele><time>2026-08-20T11:17:50.000Z</time><extensions><gpxtpx:TrackPointExtension><gpxtpx:hr>141</gpxtpx:hr></gpxtpx:TrackPointExtension></extensions></trkpt>
      <trkpt lat="55.671183" lon="12.602353"><ele>3</ele><time>2026-08-20T11:17:51.000Z</time><extensions><gpxtpx:TrackPointExtension><gpxtpx:hr>141</gpxtpx:hr></gpxtpx:TrackPointExtension></extensions></trkpt>
      <trkpt lat="55.671198" lon="12.602392"><ele>3</ele><time>2026-08-20T11:17:52.000Z</time><extensions><gpxtpx:TrackPointExtension><gpxtpx:hr>141</gpxtpx:hr></gpxtpx:TrackPointExtension></extensions></trkpt>
      <trkpt lat="55.671214" lon="12.602429"><ele>3</ele><time>2026-08-20T11:17:53.000Z</time><extensions><gpxtpx:TrackPointExtension><gpxtpx:hr>141</gpxtpx:hr></gpxtpx:TrackPointExtension></extensions></trkpt>
      <trkpt lat="55.67123" lon="12.602466"><ele>3</ele><time>2026-08-20T11:17:54.000Z</time><extensions><gpxtpx:TrackPointExtension><gpxtpx:hr>141</gpxtpx:hr></gpxtpx:TrackPointExtension></extensions></trkpt>
      <trkpt lat="55.671245" lon="12.602502"><ele>3</ele><time>2026-08-20T11:17:55.000Z</time><extensions><gpxtpx:TrackPointExtension><gpxtpx:hr>141</gpxtpx:hr></gpxtpx:TrackPointExtension></extensions></trkpt>
      <trkpt lat="55.67126" lon="12.602538"><ele>3</ele><time>2026-08-20T11:17:56.000Z</time><extensions><gpxtpx:TrackPointExtension><gpxtpx:hr>141</gpxtpx:hr></gpxtpx:TrackPointExtension></extensions></trkpt>
      <trkpt lat="55.671275" lon="12.602572"><ele>3</ele><time>2026-08-20T11:17:57.000Z</time><extensions><gpxtpx:TrackPointExtension><gpxtpx:hr>141</gpxtpx:hr></gpxtpx:TrackPointExtension></extensions></trkpt>
      <trkpt lat="55.671289" lon="12.602606"><ele>3</ele><time>2026-08-20T11:17:58.000Z</time><extensions><gpxtpx:TrackPointExtension><gpxtpx:hr>141</gpxtpx:hr></gpxtpx:TrackPointExtension></extensions></trkpt>
      <trkpt lat="55.671304" lon="12.60264"><ele>3</ele><time>2026-08-20T11:17:59.000Z</time><extensions><gpxtpx:TrackPointExtension><gpxtpx:hr>141</gpxtpx:hr></gpxtpx:TrackPointExtension></extensions></trkpt>
      <trkpt lat="55.671318" lon="12.602674"><ele>3</ele><time>2026-08-20T11:18:00.000Z</time><extensions><gpxtpx:TrackPointExtension><gpxtpx:hr>141</gpxtpx:hr></gpxtpx:TrackPointExtension></extensions></trkpt>
      <trkpt lat="55.671332" lon="12.602706"><ele>3</ele><time>2026-08-20T11:18:01.000Z</time><extensions><gpxtpx:TrackPointExtension><gpxtpx:hr>141</gpxtpx:hr></gpxtpx:TrackPointExtension></extensions></trkpt>
      <trkpt lat="55.671346" lon="12.602739"><ele>3</ele><time>2026-08-20T11:18:02.000Z</time><extensions><gpxtpx:TrackPointExtension><gpxtpx:hr>141</gpxtpx:hr></gpxtpx:TrackPointExtension></extensions></trkpt>
      <trkpt lat="55.671361" lon="12.602771"><ele>3</ele><time>2026-08-20T11:18:03.000Z</time><extensions><gpxtpx:TrackPointExtension><gpxtpx:hr>141</gpxtpx:hr></gpxtpx:TrackPointExtension></extensions></trkpt>
      <trkpt lat="55.671376" lon="12.602805"><ele>3</ele><time>2026-08-20T11:18:04.000Z</time><extensions><gpxtpx:TrackPointExtension><gpxtpx:hr>141</gpxtpx:hr></gpxtpx:TrackPointExtension></extensions></trkpt>
      <trkpt lat="55.67139" lon="12.602839"><ele>3</ele><time>2026-08-20T11:18:05.000Z</time><extensions><gpxtpx:TrackPointExtension><gpxtpx:hr>141</gpxtpx:hr></gpxtpx:TrackPointExtension></extensions></trkpt>
      <trkpt lat="55.671405" lon="12.602874"><ele>3</ele><time>2026-08-20T11:18:06.000Z</time><extensions><gpxtpx:TrackPointExtension><gpxtpx:hr>141</gpxtpx:hr></gpxtpx:TrackPointExtension></extensions></trkpt>
      <trkpt lat="55.671421" lon="12.60291"><ele>3</ele><time>2026-08-20T11:18:07.000Z</time><extensions><gpxtpx:TrackPointExtension><gpxtpx:hr>141</gpxtpx:hr></gpxtpx:TrackPointExtension></extensions></trkpt>
      <trkpt lat="55.671436" lon="12.602945"><ele>3</ele><time>2026-08-20T11:18:08.000Z</time><extensions><gpxtpx:TrackPointExtension><gpxtpx:hr>141</gpxtpx:hr></gpxtpx:TrackPointExtension></extensions></trkpt>
      <trkpt lat="55.671451" lon="12.602981"><ele>3</ele><time>2026-08-20T11:18:09.000Z</time><extensions><gpxtpx:TrackPointExtension><gpxtpx:hr>141</gpxtpx:hr></gpxtpx:TrackPointExtension></extensions></trkpt>
      <trkpt lat="55.671467" lon="12.603018"><ele>3</ele><time>2026-08-20T11:18:10.000Z</time><extensions><gpxtpx:TrackPointExtension><gpxtpx:hr>141</gpxtpx:hr></gpxtpx:TrackPointExtension></extensions></trkpt>
      <trkpt lat="55.671482" lon="12.603056"><ele>3</ele><time>2026-08-20T11:18:11.000Z</time><extensions><gpxtpx:TrackPointExtension><gpxtpx:hr>141</gpxtpx:hr></gpxtpx:TrackPointExtension></extensions></trkpt>
      <trkpt lat="55.671496" lon="12.603094"><ele>3</ele><time>2026-08-20T11:18:12.000Z</time><extensions><gpxtpx:TrackPointExtension><gpxtpx:hr>141</gpxtpx:hr></gpxtpx:TrackPointExtension></extensions></trkpt>
      <trkpt lat="55.67151" lon="12.603133"><ele>3</ele><time>2026-08-20T11:18:13.000Z</time><extensions><gpxtpx:TrackPointExtension><gpxtpx:hr>141</gpxtpx:hr></gpxtpx:TrackPointExtension></extensions></trkpt>
      <trkpt lat="55.671524" lon="12.603172"><ele>3</ele><time>2026-08-20T11:18:14.000Z</time><extensions><gpxtpx:TrackPointExtension><gpxtpx:hr>141</gpxtpx:hr></gpxtpx:TrackPointExtension></extensions></trkpt>
      <trkpt lat="55.671544" lon="12.603256"><ele>3</ele><time>2026-08-20T11:18:15.000Z</time><extensions><gpxtpx:TrackPointExtension><gpxtpx:hr>141</gpxtpx:hr></gpxtpx:TrackPointExtension></extensions></trkpt>
      <trkpt lat="55.67155" lon="12.603303"><ele>3</ele><time>2026-08-20T11:18:16.000Z</time><extensions><gpxtpx:TrackPointExtension><gpxtpx:hr>141</gpxtpx:hr></gpxtpx:TrackPointExtension></extensions></trkpt>
      <trkpt lat="55.671552" lon="12.60335"><ele>3</ele><time>2026-08-20T11:18:17.000Z</time><extensions><gpxtpx:TrackPointExtension><gpxtpx:hr>141</gpxtpx:hr></gpxtpx:TrackPointExtension></extensions></trkpt>
      <trkpt lat="55.671551" lon="12.603396"><ele>3</ele><time>2026-08-20T11:18:18.000Z</time><extensions><gpxtpx:TrackPointExtension><gpxtpx:hr>141</gpxtpx:hr></gpxtpx:TrackPointExtension></extensions></trkpt>
      <trkpt lat="55.671547" lon="12.603441"><ele>3</ele><time>2026-08-20T11:18:19.000Z</time><extensions><gpxtpx:TrackPointExtension><gpxtpx:hr>141</gpxtpx:hr></gpxtpx:TrackPointExtension></extensions></trkpt>
      <trkpt lat="55.671542" lon="12.603485"><ele>3</ele><time>2026-08-20T11:18:20.000Z</time><extensions><gpxtpx:TrackPointExtension><gpxtpx:hr>141</gpxtpx:hr></gpxtpx:TrackPointExtension></extensions></trkpt>
      <trkpt lat="55.671536" lon="12.603529"><ele>3</ele><time>2026-08-20T11:18:21.000Z</time><extensions><gpxtpx:TrackPointExtension><gpxtpx:hr>141</gpxtpx:hr></gpxtpx:TrackPointExtension></extensions></trkpt>
      <trkpt lat="55.671529" lon="12.603574"><ele>3</ele><time>2026-08-20T11:18:22.000Z</time><extensions><gpxtpx:TrackPointExtension><gpxtpx:hr>143</gpxtpx:hr></gpxtpx:TrackPointExtension></extensions></trkpt>
      <trkpt lat="55.671524" lon="12.60362"><ele>3</ele><time>2026-08-20T11:18:23.000Z</time><extensions><gpxtpx:TrackPointExtension><gpxtpx:hr>143</gpxtpx:hr></gpxtpx:TrackPointExtension></extensions></trkpt>
      <trkpt lat="55.671519" lon="12.603666"><ele>3</ele><time>2026-08-20T11:18:24.000Z</time><extensions><gpxtpx:TrackPointExtension><gpxtpx:hr>143</gpxtpx:hr></gpxtpx:TrackPointExtension></extensions></trkpt>
      <trkpt lat="55.671517" lon="12.603712"><ele>3</ele><time>2026-08-20T11:18:25.000Z</time><extensions><gpxtpx:TrackPointExtension><gpxtpx:hr>144</gpxtpx:hr></gpxtpx:TrackPointExtension></extensions></trkpt>
      <trkpt lat="55.671515" lon="12.603756"><ele>3</ele><time>2026-08-20T11:18:26.000Z</time><extensions><gpxtpx:TrackPointExtension><gpxtpx:hr>144</gpxtpx:hr></gpxtpx:TrackPointExtension></extensions></trkpt>
      <trkpt lat="55.671513" lon="12.603801"><ele>3</ele><time>2026-08-20T11:18:27.000Z</time><extensions><gpxtpx:TrackPointExtension><gpxtpx:hr>144</gpxtpx:hr></gpxtpx:TrackPointExtension></extensions></trkpt>
      <trkpt lat="55.671513" lon="12.603846"><ele>3</ele><time>2026-08-20T11:18:28.000Z</time><extensions><gpxtpx:TrackPointExtension><gpxtpx:hr>144</gpxtpx:hr></gpxtpx:TrackPointExtension></extensions></trkpt>
      <trkpt lat="55.671513" lon="12.603887"><ele>3.2</ele><time>2026-08-20T11:18:29.000Z</time><extensions><gpxtpx:TrackPointExtension><gpxtpx:hr>144</gpxtpx:hr></gpxtpx:TrackPointExtension></extensions></trkpt>
      <trkpt lat="55.671516" lon="12.603926"><ele>3.2</ele><time>2026-08-20T11:18:30.000Z</time><extensions><gpxtpx:TrackPointExtension><gpxtpx:hr>144</gpxtpx:hr></gpxtpx:TrackPointExtension></extensions></trkpt>
      <trkpt lat="55.671524" lon="12.603962"><ele>3.2</ele><time>2026-08-20T11:18:31.000Z</time><extensions><gpxtpx:TrackPointExtension><gpxtpx:hr>144</gpxtpx:hr></gpxtpx:TrackPointExtension></extensions></trkpt>
      <trkpt lat="55.671535" lon="12.603993"><ele>3.2</ele><time>2026-08-20T11:18:32.000Z</time><extensions><gpxtpx:TrackPointExtension><gpxtpx:hr>144</gpxtpx:hr></gpxtpx:TrackPointExtension></extensions></trkpt>
      <trkpt lat="55.671551" lon="12.604018"><ele>3.2</ele><time>2026-08-20T11:18:33.000Z</time><extensions><gpxtpx:TrackPointExtension><gpxtpx:hr>144</gpxtpx:hr></gpxtpx:TrackPointExtension></extensions></trkpt>
      <trkpt lat="55.67157" lon="12.604036"><ele>3.2</ele><time>2026-08-20T11:18:34.000Z</time><extensions><gpxtpx:TrackPointExtension><gpxtpx:hr>144</gpxtpx:hr></gpxtpx:TrackPointExtension></extensions></trkpt>
      <trkpt lat="55.671591" lon="12.604045"><ele>3.2</ele><time>2026-08-20T11:18:35.000Z</time><extensions><gpxtpx:TrackPointExtension><gpxtpx:hr>144</gpxtpx:hr></gpxtpx:TrackPointExtension></extensions></trkpt>
      <trkpt lat="55.671612" lon="12.604048"><ele>3.2</ele><time>2026-08-20T11:18:36.000Z</time><extensions><gpxtpx:TrackPointExtension><gpxtpx:hr>144</gpxtpx:hr></gpxtpx:TrackPointExtension></extensions></trkpt>
      <trkpt lat="55.671635" lon="12.604047"><ele>3.2</ele><time>2026-08-20T11:18:37.000Z</time><extensions><gpxtpx:TrackPointExtension><gpxtpx:hr>144</gpxtpx:hr></gpxtpx:TrackPointExtension></extensions></trkpt>
      <trkpt lat="55.671658" lon="12.604046"><ele>3.2</ele><time>2026-08-20T11:18:38.000Z</time><extensions><gpxtpx:TrackPointExtension><gpxtpx:hr>144</gpxtpx:hr></gpxtpx:TrackPointExtension></extensions></trkpt>
      <trkpt lat="55.671682" lon="12.604043"><ele>3.2</ele><time>2026-08-20T11:18:39.000Z</time><extensions><gpxtpx:TrackPointExtension><gpxtpx:hr>144</gpxtpx:hr></gpxtpx:TrackPointExtension></extensions></trkpt>
      <trkpt lat="55.671706" lon="12.604039"><ele>3.2</ele><time>2026-08-20T11:18:40.000Z</time><extensions><gpxtpx:TrackPointExtension><gpxtpx:hr>144</gpxtpx:hr></gpxtpx:TrackPointExtension></extensions></trkpt>
      <trkpt lat="55.671729" lon="12.604034"><ele>3.4</ele><time>2026-08-20T11:18:41.000Z</time><extensions><gpxtpx:TrackPointExtension><gpxtpx:hr>143</gpxtpx:hr></gpxtpx:TrackPointExtension></extensions></trkpt>
      <trkpt lat="55.671752" lon="12.60403"><ele>3.4</ele><time>2026-08-20T11:18:42.000Z</time><extensions><gpxtpx:TrackPointExtension><gpxtpx:hr>143</gpxtpx:hr></gpxtpx:TrackPointExtension></extensions></trkpt>
      <trkpt lat="55.671774" lon="12.604028"><ele>3.4</ele><time>2026-08-20T11:18:43.000Z</time><extensions><gpxtpx:TrackPointExtension><gpxtpx:hr>143</gpxtpx:hr></gpxtpx:TrackPointExtension></extensions></trkpt>
      <trkpt lat="55.671796" lon="12.60403"><ele>3.4</ele><time>2026-08-20T11:18:44.000Z</time><extensions><gpxtpx:TrackPointExtension><gpxtpx:hr>143</gpxtpx:hr></gpxtpx:TrackPointExtension></extensions></trkpt>
      <trkpt lat="55.67182" lon="12.604035"><ele>3.4</ele><time>2026-08-20T11:18:45.000Z</time><extensions><gpxtpx:TrackPointExtension><gpxtpx:hr>143</gpxtpx:hr></gpxtpx:TrackPointExtension></extensions></trkpt>
      <trkpt lat="55.671843" lon="12.604045"><ele>3.4</ele><time>2026-08-20T11:18:46.000Z</time><extensions><gpxtpx:TrackPointExtension><gpxtpx:hr>143</gpxtpx:hr></gpxtpx:TrackPointExtension></extensions></trkpt>
      <trkpt lat="55.671866" lon="12.604062"><ele>3.4</ele><time>2026-08-20T11:18:47.000Z</time><extensions><gpxtpx:TrackPointExtension><gpxtpx:hr>143</gpxtpx:hr></gpxtpx:TrackPointExtension></extensions></trkpt>
      <trkpt lat="55.671887" lon="12.604085"><ele>3.4</ele><time>2026-08-20T11:18:48.000Z</time><extensions><gpxtpx:TrackPointExtension><gpxtpx:hr>143</gpxtpx:hr></gpxtpx:TrackPointExtension></extensions></trkpt>
      <trkpt lat="55.671907" lon="12.604114"><ele>3.4</ele><time>2026-08-20T11:18:49.000Z</time><extensions><gpxtpx:TrackPointExtension><gpxtpx:hr>143</gpxtpx:hr></gpxtpx:TrackPointExtension></extensions></trkpt>
      <trkpt lat="55.671926" lon="12.604147"><ele>3.4</ele><time>2026-08-20T11:18:50.000Z</time><extensions><gpxtpx:TrackPointExtension><gpxtpx:hr>143</gpxtpx:hr></gpxtpx:TrackPointExtension></extensions></trkpt>
      <trkpt lat="55.671942" lon="12.604183"><ele>3.4</ele><time>2026-08-20T11:18:51.000Z</time><extensions><gpxtpx:TrackPointExtension><gpxtpx:hr>143</gpxtpx:hr></gpxtpx:TrackPointExtension></extensions></trkpt>
      <trkpt lat="55.671956" lon="12.60422"><ele>3.4</ele><time>2026-08-20T11:18:52.000Z</time><extensions><gpxtpx:TrackPointExtension><gpxtpx:hr>143</gpxtpx:hr></gpxtpx:TrackPointExtension></extensions></trkpt>
      <trkpt lat="55.67197" lon="12.604255"><ele>3.4</ele><time>2026-08-20T11:18:53.000Z</time><extensions><gpxtpx:TrackPointExtension><gpxtpx:hr>143</gpxtpx:hr></gpxtpx:TrackPointExtension></extensions></trkpt>
      <trkpt lat="55.671985" lon="12.604292"><ele>3.4</ele><time>2026-08-20T11:18:54.000Z</time><extensions><gpxtpx:TrackPointExtension><gpxtpx:hr>143</gpxtpx:hr></gpxtpx:TrackPointExtension></extensions></trkpt>
      <trkpt lat="55.672002" lon="12.60433"><ele>3.4</ele><time>2026-08-20T11:18:55.000Z</time><extensions><gpxtpx:TrackPointExtension><gpxtpx:hr>143</gpxtpx:hr></gpxtpx:TrackPointExtension></extensions></trkpt>
      <trkpt lat="55.672018" lon="12.604366"><ele>3.4</ele><time>2026-08-20T11:18:56.000Z</time><extensions><gpxtpx:TrackPointExtension><gpxtpx:hr>143</gpxtpx:hr></gpxtpx:TrackPointExtension></extensions></trkpt>
      <trkpt lat="55.672034" lon="12.604401"><ele>3.4</ele><time>2026-08-20T11:18:57.000Z</time><extensions><gpxtpx:TrackPointExtension><gpxtpx:hr>143</gpxtpx:hr></gpxtpx:TrackPointExtension></extensions></trkpt>
      <trkpt lat="55.67205" lon="12.604436"><ele>3.4</ele><time>2026-08-20T11:18:58.000Z</time><extensions><gpxtpx:TrackPointExtension><gpxtpx:hr>143</gpxtpx:hr></gpxtpx:TrackPointExtension></extensions></trkpt>
      <trkpt lat="55.672067" lon="12.60447"><ele>3.4</ele><time>2026-08-20T11:18:59.000Z</time><extensions><gpxtpx:TrackPointExtension><gpxtpx:hr>143</gpxtpx:hr></gpxtpx:TrackPointExtension></extensions></trkpt>
      <trkpt lat="55.672084" lon="12.604503"><ele>3.4</ele><time>2026-08-20T11:19:00.000Z</time><extensions><gpxtpx:TrackPointExtension><gpxtpx:hr>143</gpxtpx:hr></gpxtpx:TrackPointExtension></extensions></trkpt>
      <trkpt lat="55.672101" lon="12.604536"><ele>3.4</ele><time>2026-08-20T11:19:01.000Z</time><extensions><gpxtpx:TrackPointExtension><gpxtpx:hr>143</gpxtpx:hr></gpxtpx:TrackPointExtension></extensions></trkpt>
      <trkpt lat="55.672116" lon="12.604569"><ele>3.4</ele><time>2026-08-20T11:19:02.000Z</time><extensions><gpxtpx:TrackPointExtension><gpxtpx:hr>143</gpxtpx:hr></gpxtpx:TrackPointExtension></extensions></trkpt>
      <trkpt lat="55.67213" lon="12.604601"><ele>3.4</ele><time>2026-08-20T11:19:03.000Z</time><extensions><gpxtpx:TrackPointExtension><gpxtpx:hr>143</gpxtpx:hr></gpxtpx:TrackPointExtension></extensions></trkpt>
      <trkpt lat="55.672144" lon="12.604635"><ele>3.4</ele><time>2026-08-20T11:19:04.000Z</time><extensions><gpxtpx:TrackPointExtension><gpxtpx:hr>143</gpxtpx:hr></gpxtpx:TrackPointExtension></extensions></trkpt>
      <trkpt lat="55.672158" lon="12.60467"><ele>3.4</ele><time>2026-08-20T11:19:05.000Z</time><extensions><gpxtpx:TrackPointExtension><gpxtpx:hr>143</gpxtpx:hr></gpxtpx:TrackPointExtension></extensions></trkpt>
      <trkpt lat="55.672172" lon="12.604705"><ele>3.4</ele><time>2026-08-20T11:19:06.000Z</time><extensions><gpxtpx:TrackPointExtension><gpxtpx:hr>143</gpxtpx:hr></gpxtpx:TrackPointExtension></extensions></trkpt>
      <trkpt lat="55.672186" lon="12.60474"><ele>3.2</ele><time>2026-08-20T11:19:07.000Z</time><extensions><gpxtpx:TrackPointExtension><gpxtpx:hr>143</gpxtpx:hr></gpxtpx:TrackPointExtension></extensions></trkpt>
      <trkpt lat="55.6722" lon="12.604776"><ele>3.2</ele><time>2026-08-20T11:19:08.000Z</time><extensions><gpxtpx:TrackPointExtension><gpxtpx:hr>143</gpxtpx:hr></gpxtpx:TrackPointExtension></extensions></trkpt>
      <trkpt lat="55.672216" lon="12.604813"><ele>3.2</ele><time>2026-08-20T11:19:09.000Z</time><extensions><gpxtpx:TrackPointExtension><gpxtpx:hr>143</gpxtpx:hr></gpxtpx:TrackPointExtension></extensions></trkpt>
      <trkpt lat="55.672232" lon="12.604851"><ele>3.2</ele><time>2026-08-20T11:19:10.000Z</time><extensions><gpxtpx:TrackPointExtension><gpxtpx:hr>141</gpxtpx:hr></gpxtpx:TrackPointExtension></extensions></trkpt>
      <trkpt lat="55.672248" lon="12.604888"><ele>3.2</ele><time>2026-08-20T11:19:11.000Z</time><extensions><gpxtpx:TrackPointExtension><gpxtpx:hr>141</gpxtpx:hr></gpxtpx:TrackPointExtension></extensions></trkpt>
      <trkpt lat="55.672263" lon="12.604923"><ele>3.2</ele><time>2026-08-20T11:19:12.000Z</time><extensions><gpxtpx:TrackPointExtension><gpxtpx:hr>141</gpxtpx:hr></gpxtpx:TrackPointExtension></extensions></trkpt>
      <trkpt lat="55.672277" lon="12.604958"><ele>3.2</ele><time>2026-08-20T11:19:13.000Z</time><extensions><gpxtpx:TrackPointExtension><gpxtpx:hr>141</gpxtpx:hr></gpxtpx:TrackPointExtension></extensions></trkpt>
      <trkpt lat="55.67229" lon="12.604994"><ele>3.2</ele><time>2026-08-20T11:19:14.000Z</time><extensions><gpxtpx:TrackPointExtension><gpxtpx:hr>141</gpxtpx:hr></gpxtpx:TrackPointExtension></extensions></trkpt>
      <trkpt lat="55.672303" lon="12.605029"><ele>3.2</ele><time>2026-08-20T11:19:15.000Z</time><extensions><gpxtpx:TrackPointExtension><gpxtpx:hr>141</gpxtpx:hr></gpxtpx:TrackPointExtension></extensions></trkpt>
      <trkpt lat="55.672317" lon="12.605064"><ele>3.2</ele><time>2026-08-20T11:19:16.000Z</time><extensions><gpxtpx:TrackPointExtension><gpxtpx:hr>141</gpxtpx:hr></gpxtpx:TrackPointExtension></extensions></trkpt>
      <trkpt lat="55.672331" lon="12.605099"><ele>3.2</ele><time>2026-08-20T11:19:17.000Z</time><extensions><gpxtpx:TrackPointExtension><gpxtpx:hr>142</gpxtpx:hr></gpxtpx:TrackPointExtension></extensions></trkpt>
      <trkpt lat="55.672346" lon="12.605133"><ele>3.2</ele><time>2026-08-20T11:19:18.000Z</time><extensions><gpxtpx:TrackPointExtension><gpxtpx:hr>142</gpxtpx:hr></gpxtpx:TrackPointExtension></extensions></trkpt>
      <trkpt lat="55.67236" lon="12.605168"><ele>3.2</ele><time>2026-08-20T11:19:19.000Z</time><extensions><gpxtpx:TrackPointExtension><gpxtpx:hr>142</gpxtpx:hr></gpxtpx:TrackPointExtension></extensions></trkpt>
      <trkpt lat="55.672373" lon="12.605204"><ele>3.2</ele><time>2026-08-20T11:19:20.000Z</time><extensions><gpxtpx:TrackPointExtension><gpxtpx:hr>142</gpxtpx:hr></gpxtpx:TrackPointExtension></extensions></trkpt>
      <trkpt lat="55.672384" lon="12.605239"><ele>3</ele><time>2026-08-20T11:19:21.000Z</time><extensions><gpxtpx:TrackPointExtension><gpxtpx:hr>142</gpxtpx:hr></gpxtpx:TrackPointExtension></extensions></trkpt>
      <trkpt lat="55.672395" lon="12.605273"><ele>3</ele><time>2026-08-20T11:19:22.000Z</time><extensions><gpxtpx:TrackPointExtension><gpxtpx:hr>142</gpxtpx:hr></gpxtpx:TrackPointExtension></extensions></trkpt>
      <trkpt lat="55.672407" lon="12.605307"><ele>3</ele><time>2026-08-20T11:19:23.000Z</time><extensions><gpxtpx:TrackPointExtension><gpxtpx:hr>142</gpxtpx:hr></gpxtpx:TrackPointExtension></extensions></trkpt>
      <trkpt lat="55.672421" lon="12.605341"><ele>3</ele><time>2026-08-20T11:19:24.000Z</time><extensions><gpxtpx:TrackPointExtension><gpxtpx:hr>142</gpxtpx:hr></gpxtpx:TrackPointExtension></extensions></trkpt>
      <trkpt lat="55.672435" lon="12.605376"><ele>3</ele><time>2026-08-20T11:19:25.000Z</time><extensions><gpxtpx:TrackPointExtension><gpxtpx:hr>142</gpxtpx:hr></gpxtpx:TrackPointExtension></extensions></trkpt>
      <trkpt lat="55.672449" lon="12.605411"><ele>3</ele><time>2026-08-20T11:19:26.000Z</time><extensions><gpxtpx:TrackPointExtension><gpxtpx:hr>142</gpxtpx:hr></gpxtpx:TrackPointExtension></extensions></trkpt>
      <trkpt lat="55.672463" lon="12.605446"><ele>3</ele><time>2026-08-20T11:19:27.000Z</time><extensions><gpxtpx:TrackPointExtension><gpxtpx:hr>142</gpxtpx:hr></gpxtpx:TrackPointExtension></extensions></trkpt>
      <trkpt lat="55.672477" lon="12.60548"><ele>3</ele><time>2026-08-20T11:19:28.000Z</time><extensions><gpxtpx:TrackPointExtension><gpxtpx:hr>142</gpxtpx:hr></gpxtpx:TrackPointExtension></extensions></trkpt>
      <trkpt lat="55.672491" lon="12.605514"><ele>3</ele><time>2026-08-20T11:19:29.000Z</time><extensions><gpxtpx:TrackPointExtension><gpxtpx:hr>142</gpxtpx:hr></gpxtpx:TrackPointExtension></extensions></trkpt>
      <trkpt lat="55.672507" lon="12.605548"><ele>3</ele><time>2026-08-20T11:19:30.000Z</time><extensions><gpxtpx:TrackPointExtension><gpxtpx:hr>142</gpxtpx:hr></gpxtpx:TrackPointExtension></extensions></trkpt>
      <trkpt lat="55.672523" lon="12.60558"><ele>3</ele><time>2026-08-20T11:19:31.000Z</time><extensions><gpxtpx:TrackPointExtension><gpxtpx:hr>142</gpxtpx:hr></gpxtpx:TrackPointExtension></extensions></trkpt>
      <trkpt lat="55.67254" lon="12.60561"><ele>3</ele><time>2026-08-20T11:19:32.000Z</time><extensions><gpxtpx:TrackPointExtension><gpxtpx:hr>142</gpxtpx:hr></gpxtpx:TrackPointExtension></extensions></trkpt>
      <trkpt lat="55.672556" lon="12.60564"><ele>2.8</ele><time>2026-08-20T11:19:33.000Z</time><extensions><gpxtpx:TrackPointExtension><gpxtpx:hr>142</gpxtpx:hr></gpxtpx:TrackPointExtension></extensions></trkpt>
      <trkpt lat="55.672573" lon="12.605669"><ele>2.8</ele><time>2026-08-20T11:19:34.000Z</time><extensions><gpxtpx:TrackPointExtension><gpxtpx:hr>142</gpxtpx:hr></gpxtpx:TrackPointExtension></extensions></trkpt>
      <trkpt lat="55.672589" lon="12.605698"><ele>2.8</ele><time>2026-08-20T11:19:35.000Z</time><extensions><gpxtpx:TrackPointExtension><gpxtpx:hr>142</gpxtpx:hr></gpxtpx:TrackPointExtension></extensions></trkpt>
      <trkpt lat="55.672604" lon="12.605728"><ele>2.8</ele><time>2026-08-20T11:19:36.000Z</time><extensions><gpxtpx:TrackPointExtension><gpxtpx:hr>140</gpxtpx:hr></gpxtpx:TrackPointExtension></extensions></trkpt>
      <trkpt lat="55.67262" lon="12.60576"><ele>2.8</ele><time>2026-08-20T11:19:37.000Z</time><extensions><gpxtpx:TrackPointExtension><gpxtpx:hr>140</gpxtpx:hr></gpxtpx:TrackPointExtension></extensions></trkpt>
      <trkpt lat="55.672636" lon="12.605794"><ele>2.8</ele><time>2026-08-20T11:19:38.000Z</time><extensions><gpxtpx:TrackPointExtension><gpxtpx:hr>139</gpxtpx:hr></gpxtpx:TrackPointExtension></extensions></trkpt>
      <trkpt lat="55.672651" lon="12.605829"><ele>2.8</ele><time>2026-08-20T11:19:39.000Z</time><extensions><gpxtpx:TrackPointExtension><gpxtpx:hr>139</gpxtpx:hr></gpxtpx:TrackPointExtension></extensions></trkpt>
      <trkpt lat="55.672667" lon="12.605864"><ele>2.8</ele><time>2026-08-20T11:19:40.000Z</time><extensions><gpxtpx:TrackPointExtension><gpxtpx:hr>139</gpxtpx:hr></gpxtpx:TrackPointExtension></extensions></trkpt>
      <trkpt lat="55.672682" lon="12.6059"><ele>2.6</ele><time>2026-08-20T11:19:41.000Z</time><extensions><gpxtpx:TrackPointExtension><gpxtpx:hr>139</gpxtpx:hr></gpxtpx:TrackPointExtension></extensions></trkpt>
      <trkpt lat="55.672696" lon="12.605938"><ele>2.6</ele><time>2026-08-20T11:19:42.000Z</time><extensions><gpxtpx:TrackPointExtension><gpxtpx:hr>139</gpxtpx:hr></gpxtpx:TrackPointExtension></extensions></trkpt>
      <trkpt lat="55.67271" lon="12.605976"><ele>2.6</ele><time>2026-08-20T11:19:43.000Z</time><extensions><gpxtpx:TrackPointExtension><gpxtpx:hr>139</gpxtpx:hr></gpxtpx:TrackPointExtension></extensions></trkpt>
      <trkpt lat="55.672723" lon="12.606013"><ele>2.6</ele><time>2026-08-20T11:19:44.000Z</time><extensions><gpxtpx:TrackPointExtension><gpxtpx:hr>139</gpxtpx:hr></gpxtpx:TrackPointExtension></extensions></trkpt>
      <trkpt lat="55.672735" lon="12.606051"><ele>2.6</ele><time>2026-08-20T11:19:45.000Z</time><extensions><gpxtpx:TrackPointExtension><gpxtpx:hr>135</gpxtpx:hr></gpxtpx:TrackPointExtension></extensions></trkpt>
      <trkpt lat="55.672748" lon="12.60609"><ele>2.6</ele><time>2026-08-20T11:19:46.000Z</time><extensions><gpxtpx:TrackPointExtension><gpxtpx:hr>135</gpxtpx:hr></gpxtpx:TrackPointExtension></extensions></trkpt>
      <trkpt lat="55.672762" lon="12.606131"><ele>2.6</ele><time>2026-08-20T11:19:47.000Z</time><extensions><gpxtpx:TrackPointExtension><gpxtpx:hr>135</gpxtpx:hr></gpxtpx:TrackPointExtension></extensions></trkpt>
      <trkpt lat="55.672774" lon="12.606172"><ele>2.6</ele><time>2026-08-20T11:19:48.000Z</time><extensions><gpxtpx:TrackPointExtension><gpxtpx:hr>135</gpxtpx:hr></gpxtpx:TrackPointExtension></extensions></trkpt>
      <trkpt lat="55.672786" lon="12.606214"><ele>2.6</ele><time>2026-08-20T11:19:49.000Z</time><extensions><gpxtpx:TrackPointExtension><gpxtpx:hr>135</gpxtpx:hr></gpxtpx:TrackPointExtension></extensions></trkpt>
      <trkpt lat="55.672796" lon="12.606255"><ele>2.6</ele><time>2026-08-20T11:19:50.000Z</time><extensions><gpxtpx:TrackPointExtension><gpxtpx:hr>135</gpxtpx:hr></gpxtpx:TrackPointExtension></extensions></trkpt>
      <trkpt lat="55.672806" lon="12.606296"><ele>2.6</ele><time>2026-08-20T11:19:51.000Z</time><extensions><gpxtpx:TrackPointExtension><gpxtpx:hr>138</gpxtpx:hr></gpxtpx:TrackPointExtension></extensions></trkpt>
      <trkpt lat="55.672816" lon="12.606338"><ele>2.6</ele><time>2026-08-20T11:19:52.000Z</time><extensions><gpxtpx:TrackPointExtension><gpxtpx:hr>138</gpxtpx:hr></gpxtpx:TrackPointExtension></extensions></trkpt>
      <trkpt lat="55.672826" lon="12.60638"><ele>2.6</ele><time>2026-08-20T11:19:53.000Z</time><extensions><gpxtpx:TrackPointExtension><gpxtpx:hr>138</gpxtpx:hr></gpxtpx:TrackPointExtension></extensions></trkpt>
      <trkpt lat="55.672838" lon="12.606421"><ele>2.4</ele><time>2026-08-20T11:19:54.000Z</time><extensions><gpxtpx:TrackPointExtension><gpxtpx:hr>138</gpxtpx:hr></gpxtpx:TrackPointExtension></extensions></trkpt>
      <trkpt lat="55.67285" lon="12.606461"><ele>2.4</ele><time>2026-08-20T11:19:55.000Z</time><extensions><gpxtpx:TrackPointExtension><gpxtpx:hr>138</gpxtpx:hr></gpxtpx:TrackPointExtension></extensions></trkpt>
      <trkpt lat="55.672864" lon="12.6065"><ele>2.4</ele><time>2026-08-20T11:19:56.000Z</time><extensions><gpxtpx:TrackPointExtension><gpxtpx:hr>138</gpxtpx:hr></gpxtpx:TrackPointExtension></extensions></trkpt>
      <trkpt lat="55.672878" lon="12.606537"><ele>2.4</ele><time>2026-08-20T11:19:57.000Z</time><extensions><gpxtpx:TrackPointExtension><gpxtpx:hr>140</gpxtpx:hr></gpxtpx:TrackPointExtension></extensions></trkpt>
      <trkpt lat="55.672893" lon="12.606574"><ele>2.2</ele><time>2026-08-20T11:19:58.000Z</time><extensions><gpxtpx:TrackPointExtension><gpxtpx:hr>140</gpxtpx:hr></gpxtpx:TrackPointExtension></extensions></trkpt>
      <trkpt lat="55.672907" lon="12.60661"><ele>2.2</ele><time>2026-08-20T11:19:59.000Z</time><extensions><gpxtpx:TrackPointExtension><gpxtpx:hr>140</gpxtpx:hr></gpxtpx:TrackPointExtension></extensions></trkpt>
      <trkpt lat="55.672923" lon="12.606645"><ele>2.2</ele><time>2026-08-20T11:20:00.000Z</time><extensions><gpxtpx:TrackPointExtension><gpxtpx:hr>140</gpxtpx:hr></gpxtpx:TrackPointExtension></extensions></trkpt>
      <trkpt lat="55.672938" lon="12.606679"><ele>2.2</ele><time>2026-08-20T11:20:01.000Z</time><extensions><gpxtpx:TrackPointExtension><gpxtpx:hr>141</gpxtpx:hr></gpxtpx:TrackPointExtension></extensions></trkpt>
      <trkpt lat="55.672954" lon="12.606712"><ele>2.2</ele><time>2026-08-20T11:20:02.000Z</time><extensions><gpxtpx:TrackPointExtension><gpxtpx:hr>141</gpxtpx:hr></gpxtpx:TrackPointExtension></extensions></trkpt>
      <trkpt lat="55.67297" lon="12.606745"><ele>2</ele><time>2026-08-20T11:20:03.000Z</time><extensions><gpxtpx:TrackPointExtension><gpxtpx:hr>141</gpxtpx:hr></gpxtpx:TrackPointExtension></extensions></trkpt>
      <trkpt lat="55.672986" lon="12.606778"><ele>2</ele><time>2026-08-20T11:20:04.000Z</time><extensions><gpxtpx:TrackPointExtension><gpxtpx:hr>141</gpxtpx:hr></gpxtpx:TrackPointExtension></extensions></trkpt>
      <trkpt lat="55.673002" lon="12.606808"><ele>2</ele><time>2026-08-20T11:20:05.000Z</time><extensions><gpxtpx:TrackPointExtension><gpxtpx:hr>141</gpxtpx:hr></gpxtpx:TrackPointExtension></extensions></trkpt>
      <trkpt lat="55.673019" lon="12.606835"><ele>2</ele><time>2026-08-20T11:20:06.000Z</time><extensions><gpxtpx:TrackPointExtension><gpxtpx:hr>141</gpxtpx:hr></gpxtpx:TrackPointExtension></extensions></trkpt>
      <trkpt lat="55.673036" lon="12.606859"><ele>2</ele><time>2026-08-20T11:20:07.000Z</time><extensions><gpxtpx:TrackPointExtension><gpxtpx:hr>140</gpxtpx:hr></gpxtpx:TrackPointExtension></extensions></trkpt>
      <trkpt lat="55.673055" lon="12.60688"><ele>1.8</ele><time>2026-08-20T11:20:08.000Z</time><extensions><gpxtpx:TrackPointExtension><gpxtpx:hr>140</gpxtpx:hr></gpxtpx:TrackPointExtension></extensions></trkpt>
      <trkpt lat="55.673076" lon="12.606894"><ele>1.6</ele><time>2026-08-20T11:20:09.000Z</time><extensions><gpxtpx:TrackPointExtension><gpxtpx:hr>139</gpxtpx:hr></gpxtpx:TrackPointExtension></extensions></trkpt>
      <trkpt lat="55.673098" lon="12.6069"><ele>1.4</ele><time>2026-08-20T11:20:10.000Z</time><extensions><gpxtpx:TrackPointExtension><gpxtpx:hr>139</gpxtpx:hr></gpxtpx:TrackPointExtension></extensions></trkpt>
      <trkpt lat="55.67312" lon="12.606897"><ele>1</ele><time>2026-08-20T11:20:11.000Z</time><extensions><gpxtpx:TrackPointExtension><gpxtpx:hr>139</gpxtpx:hr></gpxtpx:TrackPointExtension></extensions></trkpt>
      <trkpt lat="55.673141" lon="12.606886"><ele>0.8</ele><time>2026-08-20T11:20:12.000Z</time><extensions><gpxtpx:TrackPointExtension><gpxtpx:hr>139</gpxtpx:hr></gpxtpx:TrackPointExtension></extensions></trkpt>
      <trkpt lat="55.673161" lon="12.606867"><ele>0.4</ele><time>2026-08-20T11:20:13.000Z</time><extensions><gpxtpx:TrackPointExtension><gpxtpx:hr>139</gpxtpx:hr></gpxtpx:TrackPointExtension></extensions></trkpt>
      <trkpt lat="55.673178" lon="12.606846"><ele>0</ele><time>2026-08-20T11:20:14.000Z</time><extensions><gpxtpx:TrackPointExtension><gpxtpx:hr>139</gpxtpx:hr></gpxtpx:TrackPointExtension></extensions></trkpt>
      <trkpt lat="55.673193" lon="12.606829"><ele>-0.6</ele><time>2026-08-20T11:20:15.000Z</time><extensions><gpxtpx:TrackPointExtension><gpxtpx:hr>140</gpxtpx:hr></gpxtpx:TrackPointExtension></extensions></trkpt>
      <trkpt lat="55.673205" lon="12.606816"><ele>-1</ele><time>2026-08-20T11:20:16.000Z</time><extensions><gpxtpx:TrackPointExtension><gpxtpx:hr>140</gpxtpx:hr></gpxtpx:TrackPointExtension></extensions></trkpt>
      <trkpt lat="55.673126" lon="12.607047"><ele>4.2</ele><time>2026-08-20T11:21:17.000Z</time><extensions><gpxtpx:TrackPointExtension><gpxtpx:hr>140</gpxtpx:hr></gpxtpx:TrackPointExtension></extensions></trkpt>
      <trkpt lat="55.673123" lon="12.607065"><ele>3.6</ele><time>2026-08-20T11:21:18.000Z</time><extensions><gpxtpx:TrackPointExtension><gpxtpx:hr>119</gpxtpx:hr></gpxtpx:TrackPointExtension></extensions></trkpt>
      <trkpt lat="55.673123" lon="12.607085"><ele>3</ele><time>2026-08-20T11:21:19.000Z</time><extensions><gpxtpx:TrackPointExtension><gpxtpx:hr>119</gpxtpx:hr></gpxtpx:TrackPointExtension></extensions></trkpt>
      <trkpt lat="55.673126" lon="12.607107"><ele>2.6</ele><time>2026-08-20T11:21:20.000Z</time><extensions><gpxtpx:TrackPointExtension><gpxtpx:hr>119</gpxtpx:hr></gpxtpx:TrackPointExtension></extensions></trkpt>
      <trkpt lat="55.673131" lon="12.607132"><ele>2.2</ele><time>2026-08-20T11:21:21.000Z</time><extensions><gpxtpx:TrackPointExtension><gpxtpx:hr>119</gpxtpx:hr></gpxtpx:TrackPointExtension></extensions></trkpt>
      <trkpt lat="55.673138" lon="12.607159"><ele>2</ele><time>2026-08-20T11:21:22.000Z</time><extensions><gpxtpx:TrackPointExtension><gpxtpx:hr>119</gpxtpx:hr></gpxtpx:TrackPointExtension></extensions></trkpt>
      <trkpt lat="55.673148" lon="12.607185"><ele>1.8</ele><time>2026-08-20T11:21:23.000Z</time><extensions><gpxtpx:TrackPointExtension><gpxtpx:hr>116</gpxtpx:hr></gpxtpx:TrackPointExtension></extensions></trkpt>
      <trkpt lat="55.673159" lon="12.607209"><ele>1.6</ele><time>2026-08-20T11:21:24.000Z</time><extensions><gpxtpx:TrackPointExtension><gpxtpx:hr>116</gpxtpx:hr></gpxtpx:TrackPointExtension></extensions></trkpt>
      <trkpt lat="55.673171" lon="12.60723"><ele>1.6</ele><time>2026-08-20T11:21:25.000Z</time><extensions><gpxtpx:TrackPointExtension><gpxtpx:hr>116</gpxtpx:hr></gpxtpx:TrackPointExtension></extensions></trkpt>
      <trkpt lat="55.673183" lon="12.607249"><ele>1.4</ele><time>2026-08-20T11:21:26.000Z</time><extensions><gpxtpx:TrackPointExtension><gpxtpx:hr>116</gpxtpx:hr></gpxtpx:TrackPointExtension></extensions></trkpt>
      <trkpt lat="55.673196" lon="12.607269"><ele>1.4</ele><time>2026-08-20T11:21:27.000Z</time><extensions><gpxtpx:TrackPointExtension><gpxtpx:hr>116</gpxtpx:hr></gpxtpx:TrackPointExtension></extensions></trkpt>
      <trkpt lat="55.673208" lon="12.60729"><ele>1.4</ele><time>2026-08-20T11:21:28.000Z</time><extensions><gpxtpx:TrackPointExtension><gpxtpx:hr>116</gpxtpx:hr></gpxtpx:TrackPointExtension></extensions></trkpt>
      <trkpt lat="55.67322" lon="12.607313"><ele>1.4</ele><time>2026-08-20T11:21:29.000Z</time><extensions><gpxtpx:TrackPointExtension><gpxtpx:hr>116</gpxtpx:hr></gpxtpx:TrackPointExtension></extensions></trkpt>
      <trkpt lat="55.673233" lon="12.607336"><ele>1.4</ele><time>2026-08-20T11:21:30.000Z</time><extensions><gpxtpx:TrackPointExtension><gpxtpx:hr>116</gpxtpx:hr></gpxtpx:TrackPointExtension></extensions></trkpt>
      <trkpt lat="55.673248" lon="12.607359"><ele>1.4</ele><time>2026-08-20T11:21:31.000Z</time><extensions><gpxtpx:TrackPointExtension><gpxtpx:hr>116</gpxtpx:hr></gpxtpx:TrackPointExtension></extensions></trkpt>
      <trkpt lat="55.673263" lon="12.607383"><ele>1.4</ele><time>2026-08-20T11:21:32.000Z</time><extensions><gpxtpx:TrackPointExtension><gpxtpx:hr>116</gpxtpx:hr></gpxtpx:TrackPointExtension></extensions></trkpt>
      <trkpt lat="55.673278" lon="12.607407"><ele>1.4</ele><time>2026-08-20T11:21:33.000Z</time><extensions><gpxtpx:TrackPointExtension><gpxtpx:hr>116</gpxtpx:hr></gpxtpx:TrackPointExtension></extensions></trkpt>
      <trkpt lat="55.673293" lon="12.60743"><ele>1.4</ele><time>2026-08-20T11:21:34.000Z</time><extensions><gpxtpx:TrackPointExtension><gpxtpx:hr>116</gpxtpx:hr></gpxtpx:TrackPointExtension></extensions></trkpt>
      <trkpt lat="55.673306" lon="12.607449"><ele>1.4</ele><time>2026-08-20T11:21:35.000Z</time><extensions><gpxtpx:TrackPointExtension><gpxtpx:hr>116</gpxtpx:hr></gpxtpx:TrackPointExtension></extensions></trkpt>
      <trkpt lat="55.673365" lon="12.607507"><ele>1.4</ele><time>2026-08-20T11:21:42.000Z</time><extensions><gpxtpx:TrackPointExtension><gpxtpx:hr>116</gpxtpx:hr></gpxtpx:TrackPointExtension></extensions></trkpt>
      <trkpt lat="55.673381" lon="12.607529"><ele>1.4</ele><time>2026-08-20T11:21:43.000Z</time><extensions><gpxtpx:TrackPointExtension><gpxtpx:hr>116</gpxtpx:hr></gpxtpx:TrackPointExtension></extensions></trkpt>
      <trkpt lat="55.673398" lon="12.60755"><ele>1.4</ele><time>2026-08-20T11:21:44.000Z</time><extensions><gpxtpx:TrackPointExtension><gpxtpx:hr>116</gpxtpx:hr></gpxtpx:TrackPointExtension></extensions></trkpt>
      <trkpt lat="55.673417" lon="12.607572"><ele>1.4</ele><time>2026-08-20T11:21:45.000Z</time><extensions><gpxtpx:TrackPointExtension><gpxtpx:hr>116</gpxtpx:hr></gpxtpx:TrackPointExtension></extensions></trkpt>
      <trkpt lat="55.673436" lon="12.607595"><ele>1.6</ele><time>2026-08-20T11:21:46.000Z</time><extensions><gpxtpx:TrackPointExtension><gpxtpx:hr>116</gpxtpx:hr></gpxtpx:TrackPointExtension></extensions></trkpt>
      <trkpt lat="55.673457" lon="12.607619"><ele>1.6</ele><time>2026-08-20T11:21:47.000Z</time><extensions><gpxtpx:TrackPointExtension><gpxtpx:hr>116</gpxtpx:hr></gpxtpx:TrackPointExtension></extensions></trkpt>
      <trkpt lat="55.673479" lon="12.607643"><ele>1.6</ele><time>2026-08-20T11:21:48.000Z</time><extensions><gpxtpx:TrackPointExtension><gpxtpx:hr>116</gpxtpx:hr></gpxtpx:TrackPointExtension></extensions></trkpt>
      <trkpt lat="55.673502" lon="12.607667"><ele>1.6</ele><time>2026-08-20T11:21:49.000Z</time><extensions><gpxtpx:TrackPointExtension><gpxtpx:hr>116</gpxtpx:hr></gpxtpx:TrackPointExtension></extensions></trkpt>
      <trkpt lat="55.673529" lon="12.607697"><ele>1.6</ele><time>2026-08-20T11:21:50.000Z</time><extensions><gpxtpx:TrackPointExtension><gpxtpx:hr>116</gpxtpx:hr></gpxtpx:TrackPointExtension></extensions></trkpt>
      <trkpt lat="55.67356" lon="12.607734"><ele>1.6</ele><time>2026-08-20T11:21:51.000Z</time><extensions><gpxtpx:TrackPointExtension><gpxtpx:hr>121</gpxtpx:hr></gpxtpx:TrackPointExtension></extensions></trkpt>
      <trkpt lat="55.673588" lon="12.607773"><ele>1.6</ele><time>2026-08-20T11:21:52.000Z</time><extensions><gpxtpx:TrackPointExtension><gpxtpx:hr>121</gpxtpx:hr></gpxtpx:TrackPointExtension></extensions></trkpt>
      <trkpt lat="55.673613" lon="12.607812"><ele>1.6</ele><time>2026-08-20T11:21:53.000Z</time><extensions><gpxtpx:TrackPointExtension><gpxtpx:hr>122</gpxtpx:hr></gpxtpx:TrackPointExtension></extensions></trkpt>
      <trkpt lat="55.673637" lon="12.607848"><ele>1.6</ele><time>2026-08-20T11:21:54.000Z</time><extensions><gpxtpx:TrackPointExtension><gpxtpx:hr>122</gpxtpx:hr></gpxtpx:TrackPointExtension></extensions></trkpt>
      <trkpt lat="55.673659" lon="12.607882"><ele>1.4</ele><time>2026-08-20T11:21:55.000Z</time><extensions><gpxtpx:TrackPointExtension><gpxtpx:hr>122</gpxtpx:hr></gpxtpx:TrackPointExtension></extensions></trkpt>
      <trkpt lat="55.673679" lon="12.607914"><ele>1.4</ele><time>2026-08-20T11:21:56.000Z</time><extensions><gpxtpx:TrackPointExtension><gpxtpx:hr>122</gpxtpx:hr></gpxtpx:TrackPointExtension></extensions></trkpt>
      <trkpt lat="55.6737" lon="12.607945"><ele>1.4</ele><time>2026-08-20T11:21:57.000Z</time><extensions><gpxtpx:TrackPointExtension><gpxtpx:hr>122</gpxtpx:hr></gpxtpx:TrackPointExtension></extensions></trkpt>
      <trkpt lat="55.673721" lon="12.607973"><ele>1.4</ele><time>2026-08-20T11:21:58.000Z</time><extensions><gpxtpx:TrackPointExtension><gpxtpx:hr>127</gpxtpx:hr></gpxtpx:TrackPointExtension></extensions></trkpt>
      <trkpt lat="55.673742" lon="12.607997"><ele>1.4</ele><time>2026-08-20T11:21:59.000Z</time><extensions><gpxtpx:TrackPointExtension><gpxtpx:hr>127</gpxtpx:hr></gpxtpx:TrackPointExtension></extensions></trkpt>
      <trkpt lat="55.673762" lon="12.60802"><ele>1.4</ele><time>2026-08-20T11:22:00.000Z</time><extensions><gpxtpx:TrackPointExtension><gpxtpx:hr>127</gpxtpx:hr></gpxtpx:TrackPointExtension></extensions></trkpt>
      <trkpt lat="55.673783" lon="12.608043"><ele>1.4</ele><time>2026-08-20T11:22:01.000Z</time><extensions><gpxtpx:TrackPointExtension><gpxtpx:hr>127</gpxtpx:hr></gpxtpx:TrackPointExtension></extensions></trkpt>
      <trkpt lat="55.673803" lon="12.608066"><ele>1.4</ele><time>2026-08-20T11:22:02.000Z</time><extensions><gpxtpx:TrackPointExtension><gpxtpx:hr>127</gpxtpx:hr></gpxtpx:TrackPointExtension></extensions></trkpt>
      <trkpt lat="55.673824" lon="12.60809"><ele>1.4</ele><time>2026-08-20T11:22:03.000Z</time><extensions><gpxtpx:TrackPointExtension><gpxtpx:hr>127</gpxtpx:hr></gpxtpx:TrackPointExtension></extensions></trkpt>
      <trkpt lat="55.673845" lon="12.608116"><ele>1.4</ele><time>2026-08-20T11:22:04.000Z</time><extensions><gpxtpx:TrackPointExtension><gpxtpx:hr>127</gpxtpx:hr></gpxtpx:TrackPointExtension></extensions></trkpt>
      <trkpt lat="55.673866" lon="12.608143"><ele>1.4</ele><time>2026-08-20T11:22:05.000Z</time><extensions><gpxtpx:TrackPointExtension><gpxtpx:hr>127</gpxtpx:hr></gpxtpx:TrackPointExtension></extensions></trkpt>
      <trkpt lat="55.673886" lon="12.608172"><ele>1.4</ele><time>2026-08-20T11:22:06.000Z</time><extensions><gpxtpx:TrackPointExtension><gpxtpx:hr>127</gpxtpx:hr></gpxtpx:TrackPointExtension></extensions></trkpt>
      <trkpt lat="55.673907" lon="12.6082"><ele>1.4</ele><time>2026-08-20T11:22:07.000Z</time><extensions><gpxtpx:TrackPointExtension><gpxtpx:hr>127</gpxtpx:hr></gpxtpx:TrackPointExtension></extensions></trkpt>
      <trkpt lat="55.673929" lon="12.608229"><ele>1.4</ele><time>2026-08-20T11:22:08.000Z</time><extensions><gpxtpx:TrackPointExtension><gpxtpx:hr>127</gpxtpx:hr></gpxtpx:TrackPointExtension></extensions></trkpt>
      <trkpt lat="55.673951" lon="12.608259"><ele>1.4</ele><time>2026-08-20T11:22:09.000Z</time><extensions><gpxtpx:TrackPointExtension><gpxtpx:hr>127</gpxtpx:hr></gpxtpx:TrackPointExtension></extensions></trkpt>
      <trkpt lat="55.673973" lon="12.608288"><ele>1.4</ele><time>2026-08-20T11:22:10.000Z</time><extensions><gpxtpx:TrackPointExtension><gpxtpx:hr>127</gpxtpx:hr></gpxtpx:TrackPointExtension></extensions></trkpt>
      <trkpt lat="55.673993" lon="12.608317"><ele>1.4</ele><time>2026-08-20T11:22:11.000Z</time><extensions><gpxtpx:TrackPointExtension><gpxtpx:hr>127</gpxtpx:hr></gpxtpx:TrackPointExtension></extensions></trkpt>
      <trkpt lat="55.674012" lon="12.608346"><ele>1.4</ele><time>2026-08-20T11:22:12.000Z</time><extensions><gpxtpx:TrackPointExtension><gpxtpx:hr>131</gpxtpx:hr></gpxtpx:TrackPointExtension></extensions></trkpt>
      <trkpt lat="55.67403" lon="12.608377"><ele>1.4</ele><time>2026-08-20T11:22:13.000Z</time><extensions><gpxtpx:TrackPointExtension><gpxtpx:hr>131</gpxtpx:hr></gpxtpx:TrackPointExtension></extensions></trkpt>
      <trkpt lat="55.674049" lon="12.608409"><ele>1.4</ele><time>2026-08-20T11:22:14.000Z</time><extensions><gpxtpx:TrackPointExtension><gpxtpx:hr>131</gpxtpx:hr></gpxtpx:TrackPointExtension></extensions></trkpt>
      <trkpt lat="55.674068" lon="12.608441"><ele>1.4</ele><time>2026-08-20T11:22:15.000Z</time><extensions><gpxtpx:TrackPointExtension><gpxtpx:hr>131</gpxtpx:hr></gpxtpx:TrackPointExtension></extensions></trkpt>
      <trkpt lat="55.674087" lon="12.608474"><ele>1.4</ele><time>2026-08-20T11:22:16.000Z</time><extensions><gpxtpx:TrackPointExtension><gpxtpx:hr>131</gpxtpx:hr></gpxtpx:TrackPointExtension></extensions></trkpt>
      <trkpt lat="55.674105" lon="12.608506"><ele>1.4</ele><time>2026-08-20T11:22:17.000Z</time><extensions><gpxtpx:TrackPointExtension><gpxtpx:hr>134</gpxtpx:hr></gpxtpx:TrackPointExtension></extensions></trkpt>
      <trkpt lat="55.674121" lon="12.608538"><ele>1.4</ele><time>2026-08-20T11:22:18.000Z</time><extensions><gpxtpx:TrackPointExtension><gpxtpx:hr>134</gpxtpx:hr></gpxtpx:TrackPointExtension></extensions></trkpt>
      <trkpt lat="55.674138" lon="12.608572"><ele>1.4</ele><time>2026-08-20T11:22:19.000Z</time><extensions><gpxtpx:TrackPointExtension><gpxtpx:hr>134</gpxtpx:hr></gpxtpx:TrackPointExtension></extensions></trkpt>
      <trkpt lat="55.674154" lon="12.608609"><ele>1.4</ele><time>2026-08-20T11:22:20.000Z</time><extensions><gpxtpx:TrackPointExtension><gpxtpx:hr>134</gpxtpx:hr></gpxtpx:TrackPointExtension></extensions></trkpt>
      <trkpt lat="55.674169" lon="12.60865"><ele>1.4</ele><time>2026-08-20T11:22:21.000Z</time><extensions><gpxtpx:TrackPointExtension><gpxtpx:hr>133</gpxtpx:hr></gpxtpx:TrackPointExtension></extensions></trkpt>
      <trkpt lat="55.674182" lon="12.608692"><ele>1.4</ele><time>2026-08-20T11:22:22.000Z</time><extensions><gpxtpx:TrackPointExtension><gpxtpx:hr>133</gpxtpx:hr></gpxtpx:TrackPointExtension></extensions></trkpt>
      <trkpt lat="55.674192" lon="12.608736"><ele>1.4</ele><time>2026-08-20T11:22:23.000Z</time><extensions><gpxtpx:TrackPointExtension><gpxtpx:hr>133</gpxtpx:hr></gpxtpx:TrackPointExtension></extensions></trkpt>
      <trkpt lat="55.674198" lon="12.608781"><ele>1.4</ele><time>2026-08-20T11:22:24.000Z</time><extensions><gpxtpx:TrackPointExtension><gpxtpx:hr>133</gpxtpx:hr></gpxtpx:TrackPointExtension></extensions></trkpt>
      <trkpt lat="55.674202" lon="12.608828"><ele>1.4</ele><time>2026-08-20T11:22:25.000Z</time><extensions><gpxtpx:TrackPointExtension><gpxtpx:hr>133</gpxtpx:hr></gpxtpx:TrackPointExtension></extensions></trkpt>
      <trkpt lat="55.674204" lon="12.608877"><ele>1.4</ele><time>2026-08-20T11:22:26.000Z</time><extensions><gpxtpx:TrackPointExtension><gpxtpx:hr>133</gpxtpx:hr></gpxtpx:TrackPointExtension></extensions></trkpt>
      <trkpt lat="55.674207" lon="12.608924"><ele>1.4</ele><time>2026-08-20T11:22:27.000Z</time><extensions><gpxtpx:TrackPointExtension><gpxtpx:hr>133</gpxtpx:hr></gpxtpx:TrackPointExtension></extensions></trkpt>
      <trkpt lat="55.674209" lon="12.60897"><ele>1.4</ele><time>2026-08-20T11:22:28.000Z</time><extensions><gpxtpx:TrackPointExtension><gpxtpx:hr>133</gpxtpx:hr></gpxtpx:TrackPointExtension></extensions></trkpt>
      <trkpt lat="55.674211" lon="12.609014"><ele>1.4</ele><time>2026-08-20T11:22:29.000Z</time><extensions><gpxtpx:TrackPointExtension><gpxtpx:hr>133</gpxtpx:hr></gpxtpx:TrackPointExtension></extensions></trkpt>
      <trkpt lat="55.674213" lon="12.609058"><ele>1.4</ele><time>2026-08-20T11:22:30.000Z</time><extensions><gpxtpx:TrackPointExtension><gpxtpx:hr>134</gpxtpx:hr></gpxtpx:TrackPointExtension></extensions></trkpt>
      <trkpt lat="55.674215" lon="12.609101"><ele>1.4</ele><time>2026-08-20T11:22:31.000Z</time><extensions><gpxtpx:TrackPointExtension><gpxtpx:hr>134</gpxtpx:hr></gpxtpx:TrackPointExtension></extensions></trkpt>
      <trkpt lat="55.674218" lon="12.609145"><ele>1.4</ele><time>2026-08-20T11:22:32.000Z</time><extensions><gpxtpx:TrackPointExtension><gpxtpx:hr>134</gpxtpx:hr></gpxtpx:TrackPointExtension></extensions></trkpt>
      <trkpt lat="55.674221" lon="12.609188"><ele>1.2</ele><time>2026-08-20T11:22:33.000Z</time><extensions><gpxtpx:TrackPointExtension><gpxtpx:hr>134</gpxtpx:hr></gpxtpx:TrackPointExtension></extensions></trkpt>
      <trkpt lat="55.674225" lon="12.609231"><ele>1.2</ele><time>2026-08-20T11:22:34.000Z</time><extensions><gpxtpx:TrackPointExtension><gpxtpx:hr>134</gpxtpx:hr></gpxtpx:TrackPointExtension></extensions></trkpt>
      <trkpt lat="55.674231" lon="12.609272"><ele>1.4</ele><time>2026-08-20T11:22:35.000Z</time><extensions><gpxtpx:TrackPointExtension><gpxtpx:hr>134</gpxtpx:hr></gpxtpx:TrackPointExtension></extensions></trkpt>
      <trkpt lat="55.67424" lon="12.609308"><ele>1.4</ele><time>2026-08-20T11:22:36.000Z</time><extensions><gpxtpx:TrackPointExtension><gpxtpx:hr>134</gpxtpx:hr></gpxtpx:TrackPointExtension></extensions></trkpt>
      <trkpt lat="55.674252" lon="12.609338"><ele>1.4</ele><time>2026-08-20T11:22:37.000Z</time><extensions><gpxtpx:TrackPointExtension><gpxtpx:hr>134</gpxtpx:hr></gpxtpx:TrackPointExtension></extensions></trkpt>
      <trkpt lat="55.674266" lon="12.609357"><ele>1.4</ele><time>2026-08-20T11:22:38.000Z</time><extensions><gpxtpx:TrackPointExtension><gpxtpx:hr>134</gpxtpx:hr></gpxtpx:TrackPointExtension></extensions></trkpt>
      <trkpt lat="55.674283" lon="12.609365"><ele>1.4</ele><time>2026-08-20T11:22:39.000Z</time><extensions><gpxtpx:TrackPointExtension><gpxtpx:hr>134</gpxtpx:hr></gpxtpx:TrackPointExtension></extensions></trkpt>
      <trkpt lat="55.674302" lon="12.609363"><ele>1.4</ele><time>2026-08-20T11:22:40.000Z</time><extensions><gpxtpx:TrackPointExtension><gpxtpx:hr>133</gpxtpx:hr></gpxtpx:TrackPointExtension></extensions></trkpt>
      <trkpt lat="55.674323" lon="12.609355"><ele>1.4</ele><time>2026-08-20T11:22:41.000Z</time><extensions><gpxtpx:TrackPointExtension><gpxtpx:hr>133</gpxtpx:hr></gpxtpx:TrackPointExtension></extensions></trkpt>
      <trkpt lat="55.674344" lon="12.609342"><ele>1.4</ele><time>2026-08-20T11:22:42.000Z</time><extensions><gpxtpx:TrackPointExtension><gpxtpx:hr>133</gpxtpx:hr></gpxtpx:TrackPointExtension></extensions></trkpt>
      <trkpt lat="55.674365" lon="12.609327"><ele>1.4</ele><time>2026-08-20T11:22:43.000Z</time><extensions><gpxtpx:TrackPointExtension><gpxtpx:hr>133</gpxtpx:hr></gpxtpx:TrackPointExtension></extensions></trkpt>
      <trkpt lat="55.674386" lon="12.609311"><ele>1.4</ele><time>2026-08-20T11:22:44.000Z</time><extensions><gpxtpx:TrackPointExtension><gpxtpx:hr>133</gpxtpx:hr></gpxtpx:TrackPointExtension></extensions></trkpt>
      <trkpt lat="55.674407" lon="12.609299"><ele>1.4</ele><time>2026-08-20T11:22:45.000Z</time><extensions><gpxtpx:TrackPointExtension><gpxtpx:hr>133</gpxtpx:hr></gpxtpx:TrackPointExtension></extensions></trkpt>
      <trkpt lat="55.674428" lon="12.609289"><ele>1.4</ele><time>2026-08-20T11:22:46.000Z</time><extensions><gpxtpx:TrackPointExtension><gpxtpx:hr>133</gpxtpx:hr></gpxtpx:TrackPointExtension></extensions></trkpt>
      <trkpt lat="55.674449" lon="12.609281"><ele>1.4</ele><time>2026-08-20T11:22:47.000Z</time><extensions><gpxtpx:TrackPointExtension><gpxtpx:hr>135</gpxtpx:hr></gpxtpx:TrackPointExtension></extensions></trkpt>
      <trkpt lat="55.674471" lon="12.60927"><ele>1.4</ele><time>2026-08-20T11:22:48.000Z</time><extensions><gpxtpx:TrackPointExtension><gpxtpx:hr>135</gpxtpx:hr></gpxtpx:TrackPointExtension></extensions></trkpt>
      <trkpt lat="55.674494" lon="12.609259"><ele>1.2</ele><time>2026-08-20T11:22:49.000Z</time><extensions><gpxtpx:TrackPointExtension><gpxtpx:hr>136</gpxtpx:hr></gpxtpx:TrackPointExtension></extensions></trkpt>
      <trkpt lat="55.674517" lon="12.609248"><ele>1.2</ele><time>2026-08-20T11:22:50.000Z</time><extensions><gpxtpx:TrackPointExtension><gpxtpx:hr>136</gpxtpx:hr></gpxtpx:TrackPointExtension></extensions></trkpt>
      <trkpt lat="55.674541" lon="12.60924"><ele>1.2</ele><time>2026-08-20T11:22:51.000Z</time><extensions><gpxtpx:TrackPointExtension><gpxtpx:hr>136</gpxtpx:hr></gpxtpx:TrackPointExtension></extensions></trkpt>
      <trkpt lat="55.674565" lon="12.609235"><ele>1.2</ele><time>2026-08-20T11:22:52.000Z</time><extensions><gpxtpx:TrackPointExtension><gpxtpx:hr>136</gpxtpx:hr></gpxtpx:TrackPointExtension></extensions></trkpt>
      <trkpt lat="55.674589" lon="12.609233"><ele>1.2</ele><time>2026-08-20T11:22:53.000Z</time><extensions><gpxtpx:TrackPointExtension><gpxtpx:hr>136</gpxtpx:hr></gpxtpx:TrackPointExtension></extensions></trkpt>
      <trkpt lat="55.674613" lon="12.609234"><ele>1.2</ele><time>2026-08-20T11:22:54.000Z</time><extensions><gpxtpx:TrackPointExtension><gpxtpx:hr>137</gpxtpx:hr></gpxtpx:TrackPointExtension></extensions></trkpt>
      <trkpt lat="55.674637" lon="12.609242"><ele>1.2</ele><time>2026-08-20T11:22:55.000Z</time><extensions><gpxtpx:TrackPointExtension><gpxtpx:hr>137</gpxtpx:hr></gpxtpx:TrackPointExtension></extensions></trkpt>
      <trkpt lat="55.67466" lon="12.609258"><ele>1.2</ele><time>2026-08-20T11:22:56.000Z</time><extensions><gpxtpx:TrackPointExtension><gpxtpx:hr>137</gpxtpx:hr></gpxtpx:TrackPointExtension></extensions></trkpt>
      <trkpt lat="55.674683" lon="12.609278"><ele>1.2</ele><time>2026-08-20T11:22:57.000Z</time><extensions><gpxtpx:TrackPointExtension><gpxtpx:hr>137</gpxtpx:hr></gpxtpx:TrackPointExtension></extensions></trkpt>
      <trkpt lat="55.674705" lon="12.609301"><ele>1.2</ele><time>2026-08-20T11:22:58.000Z</time><extensions><gpxtpx:TrackPointExtension><gpxtpx:hr>137</gpxtpx:hr></gpxtpx:TrackPointExtension></extensions></trkpt>
      <trkpt lat="55.674727" lon="12.609324"><ele>1.2</ele><time>2026-08-20T11:22:59.000Z</time><extensions><gpxtpx:TrackPointExtension><gpxtpx:hr>137</gpxtpx:hr></gpxtpx:TrackPointExtension></extensions></trkpt>
      <trkpt lat="55.674749" lon="12.609346"><ele>1.2</ele><time>2026-08-20T11:23:00.000Z</time><extensions><gpxtpx:TrackPointExtension><gpxtpx:hr>137</gpxtpx:hr></gpxtpx:TrackPointExtension></extensions></trkpt>
      <trkpt lat="55.674771" lon="12.60937"><ele>1.2</ele><time>2026-08-20T11:23:01.000Z</time><extensions><gpxtpx:TrackPointExtension><gpxtpx:hr>137</gpxtpx:hr></gpxtpx:TrackPointExtension></extensions></trkpt>
      <trkpt lat="55.674792" lon="12.609396"><ele>1.2</ele><time>2026-08-20T11:23:02.000Z</time><extensions><gpxtpx:TrackPointExtension><gpxtpx:hr>137</gpxtpx:hr></gpxtpx:TrackPointExtension></extensions></trkpt>
      <trkpt lat="55.674813" lon="12.609423"><ele>1.2</ele><time>2026-08-20T11:23:03.000Z</time><extensions><gpxtpx:TrackPointExtension><gpxtpx:hr>137</gpxtpx:hr></gpxtpx:TrackPointExtension></extensions></trkpt>
      <trkpt lat="55.674834" lon="12.609452"><ele>1.2</ele><time>2026-08-20T11:23:04.000Z</time><extensions><gpxtpx:TrackPointExtension><gpxtpx:hr>137</gpxtpx:hr></gpxtpx:TrackPointExtension></extensions></trkpt>
      <trkpt lat="55.674855" lon="12.609483"><ele>1.2</ele><time>2026-08-20T11:23:05.000Z</time><extensions><gpxtpx:TrackPointExtension><gpxtpx:hr>137</gpxtpx:hr></gpxtpx:TrackPointExtension></extensions></trkpt>
      <trkpt lat="55.674876" lon="12.609513"><ele>1.2</ele><time>2026-08-20T11:23:06.000Z</time><extensions><gpxtpx:TrackPointExtension><gpxtpx:hr>137</gpxtpx:hr></gpxtpx:TrackPointExtension></extensions></trkpt>
      <trkpt lat="55.674896" lon="12.609545"><ele>1.2</ele><time>2026-08-20T11:23:07.000Z</time><extensions><gpxtpx:TrackPointExtension><gpxtpx:hr>140</gpxtpx:hr></gpxtpx:TrackPointExtension></extensions></trkpt>
      <trkpt lat="55.674917" lon="12.609576"><ele>1.2</ele><time>2026-08-20T11:23:08.000Z</time><extensions><gpxtpx:TrackPointExtension><gpxtpx:hr>140</gpxtpx:hr></gpxtpx:TrackPointExtension></extensions></trkpt>
      <trkpt lat="55.674937" lon="12.609606"><ele>1.2</ele><time>2026-08-20T11:23:09.000Z</time><extensions><gpxtpx:TrackPointExtension><gpxtpx:hr>140</gpxtpx:hr></gpxtpx:TrackPointExtension></extensions></trkpt>
      <trkpt lat="55.674958" lon="12.609634"><ele>1.2</ele><time>2026-08-20T11:23:10.000Z</time><extensions><gpxtpx:TrackPointExtension><gpxtpx:hr>140</gpxtpx:hr></gpxtpx:TrackPointExtension></extensions></trkpt>
      <trkpt lat="55.674978" lon="12.609662"><ele>1.2</ele><time>2026-08-20T11:23:11.000Z</time><extensions><gpxtpx:TrackPointExtension><gpxtpx:hr>140</gpxtpx:hr></gpxtpx:TrackPointExtension></extensions></trkpt>
      <trkpt lat="55.674998" lon="12.609691"><ele>1.2</ele><time>2026-08-20T11:23:12.000Z</time><extensions><gpxtpx:TrackPointExtension><gpxtpx:hr>141</gpxtpx:hr></gpxtpx:TrackPointExtension></extensions></trkpt>
      <trkpt lat="55.675017" lon="12.609719"><ele>1.2</ele><time>2026-08-20T11:23:13.000Z</time><extensions><gpxtpx:TrackPointExtension><gpxtpx:hr>140</gpxtpx:hr></gpxtpx:TrackPointExtension></extensions></trkpt>
      <trkpt lat="55.675037" lon="12.609749"><ele>1.2</ele><time>2026-08-20T11:23:14.000Z</time><extensions><gpxtpx:TrackPointExtension><gpxtpx:hr>140</gpxtpx:hr></gpxtpx:TrackPointExtension></extensions></trkpt>
      <trkpt lat="55.675056" lon="12.609779"><ele>1.2</ele><time>2026-08-20T11:23:15.000Z</time><extensions><gpxtpx:TrackPointExtension><gpxtpx:hr>140</gpxtpx:hr></gpxtpx:TrackPointExtension></extensions></trkpt>
      <trkpt lat="55.675075" lon="12.609809"><ele>1.2</ele><time>2026-08-20T11:23:16.000Z</time><extensions><gpxtpx:TrackPointExtension><gpxtpx:hr>140</gpxtpx:hr></gpxtpx:TrackPointExtension></extensions></trkpt>
      <trkpt lat="55.675093" lon="12.609838"><ele>1.2</ele><time>2026-08-20T11:23:17.000Z</time><extensions><gpxtpx:TrackPointExtension><gpxtpx:hr>140</gpxtpx:hr></gpxtpx:TrackPointExtension></extensions></trkpt>
      <trkpt lat="55.67511" lon="12.609865"><ele>1.4</ele><time>2026-08-20T11:23:18.000Z</time><extensions><gpxtpx:TrackPointExtension><gpxtpx:hr>141</gpxtpx:hr></gpxtpx:TrackPointExtension></extensions></trkpt>
      <trkpt lat="55.675129" lon="12.609893"><ele>1.4</ele><time>2026-08-20T11:23:19.000Z</time><extensions><gpxtpx:TrackPointExtension><gpxtpx:hr>141</gpxtpx:hr></gpxtpx:TrackPointExtension></extensions></trkpt>
      <trkpt lat="55.675147" lon="12.60992"><ele>1.4</ele><time>2026-08-20T11:23:20.000Z</time><extensions><gpxtpx:TrackPointExtension><gpxtpx:hr>141</gpxtpx:hr></gpxtpx:TrackPointExtension></extensions></trkpt>
      <trkpt lat="55.675165" lon="12.609948"><ele>1.4</ele><time>2026-08-20T11:23:21.000Z</time><extensions><gpxtpx:TrackPointExtension><gpxtpx:hr>141</gpxtpx:hr></gpxtpx:TrackPointExtension></extensions></trkpt>
      <trkpt lat="55.675183" lon="12.609976"><ele>1.4</ele><time>2026-08-20T11:23:22.000Z</time><extensions><gpxtpx:TrackPointExtension><gpxtpx:hr>141</gpxtpx:hr></gpxtpx:TrackPointExtension></extensions></trkpt>
      <trkpt lat="55.675202" lon="12.610003"><ele>1.4</ele><time>2026-08-20T11:23:23.000Z</time><extensions><gpxtpx:TrackPointExtension><gpxtpx:hr>141</gpxtpx:hr></gpxtpx:TrackPointExtension></extensions></trkpt>
      <trkpt lat="55.675221" lon="12.610028"><ele>1.4</ele><time>2026-08-20T11:23:24.000Z</time><extensions><gpxtpx:TrackPointExtension><gpxtpx:hr>141</gpxtpx:hr></gpxtpx:TrackPointExtension></extensions></trkpt>
      <trkpt lat="55.675242" lon="12.610054"><ele>1.4</ele><time>2026-08-20T11:23:25.000Z</time><extensions><gpxtpx:TrackPointExtension><gpxtpx:hr>141</gpxtpx:hr></gpxtpx:TrackPointExtension></extensions></trkpt>
      <trkpt lat="55.675263" lon="12.61008"><ele>1.4</ele><time>2026-08-20T11:23:26.000Z</time><extensions><gpxtpx:TrackPointExtension><gpxtpx:hr>141</gpxtpx:hr></gpxtpx:TrackPointExtension></extensions></trkpt>
      <trkpt lat="55.675285" lon="12.610107"><ele>1.4</ele><time>2026-08-20T11:23:27.000Z</time><extensions><gpxtpx:TrackPointExtension><gpxtpx:hr>141</gpxtpx:hr></gpxtpx:TrackPointExtension></extensions></trkpt>
      <trkpt lat="55.675305" lon="12.610134"><ele>1.4</ele><time>2026-08-20T11:23:28.000Z</time><extensions><gpxtpx:TrackPointExtension><gpxtpx:hr>141</gpxtpx:hr></gpxtpx:TrackPointExtension></extensions></trkpt>
      <trkpt lat="55.675326" lon="12.610161"><ele>1.4</ele><time>2026-08-20T11:23:29.000Z</time><extensions><gpxtpx:TrackPointExtension><gpxtpx:hr>141</gpxtpx:hr></gpxtpx:TrackPointExtension></extensions></trkpt>
      <trkpt lat="55.675348" lon="12.610186"><ele>1.4</ele><time>2026-08-20T11:23:30.000Z</time><extensions><gpxtpx:TrackPointExtension><gpxtpx:hr>141</gpxtpx:hr></gpxtpx:TrackPointExtension></extensions></trkpt>
      <trkpt lat="55.675369" lon="12.610211"><ele>1.4</ele><time>2026-08-20T11:23:31.000Z</time><extensions><gpxtpx:TrackPointExtension><gpxtpx:hr>141</gpxtpx:hr></gpxtpx:TrackPointExtension></extensions></trkpt>
      <trkpt lat="55.675391" lon="12.610237"><ele>1.4</ele><time>2026-08-20T11:23:32.000Z</time><extensions><gpxtpx:TrackPointExtension><gpxtpx:hr>141</gpxtpx:hr></gpxtpx:TrackPointExtension></extensions></trkpt>
      <trkpt lat="55.675412" lon="12.610262"><ele>1.4</ele><time>2026-08-20T11:23:33.000Z</time><extensions><gpxtpx:TrackPointExtension><gpxtpx:hr>141</gpxtpx:hr></gpxtpx:TrackPointExtension></extensions></trkpt>
      <trkpt lat="55.675435" lon="12.610287"><ele>1.4</ele><time>2026-08-20T11:23:34.000Z</time><extensions><gpxtpx:TrackPointExtension><gpxtpx:hr>141</gpxtpx:hr></gpxtpx:TrackPointExtension></extensions></trkpt>
      <trkpt lat="55.675458" lon="12.610313"><ele>1.4</ele><time>2026-08-20T11:23:35.000Z</time><extensions><gpxtpx:TrackPointExtension><gpxtpx:hr>141</gpxtpx:hr></gpxtpx:TrackPointExtension></extensions></trkpt>
      <trkpt lat="55.67548" lon="12.610339"><ele>1.6</ele><time>2026-08-20T11:23:36.000Z</time><extensions><gpxtpx:TrackPointExtension><gpxtpx:hr>141</gpxtpx:hr></gpxtpx:TrackPointExtension></extensions></trkpt>
      <trkpt lat="55.675501" lon="12.610368"><ele>1.6</ele><time>2026-08-20T11:23:37.000Z</time><extensions><gpxtpx:TrackPointExtension><gpxtpx:hr>141</gpxtpx:hr></gpxtpx:TrackPointExtension></extensions></trkpt>
      <trkpt lat="55.675521" lon="12.610398"><ele>1.6</ele><time>2026-08-20T11:23:38.000Z</time><extensions><gpxtpx:TrackPointExtension><gpxtpx:hr>141</gpxtpx:hr></gpxtpx:TrackPointExtension></extensions></trkpt>
      <trkpt lat="55.675539" lon="12.610427"><ele>1.6</ele><time>2026-08-20T11:23:39.000Z</time><extensions><gpxtpx:TrackPointExtension><gpxtpx:hr>141</gpxtpx:hr></gpxtpx:TrackPointExtension></extensions></trkpt>
      <trkpt lat="55.675558" lon="12.610453"><ele>1.6</ele><time>2026-08-20T11:23:40.000Z</time><extensions><gpxtpx:TrackPointExtension><gpxtpx:hr>141</gpxtpx:hr></gpxtpx:TrackPointExtension></extensions></trkpt>
      <trkpt lat="55.675577" lon="12.610474"><ele>1.6</ele><time>2026-08-20T11:23:41.000Z</time><extensions><gpxtpx:TrackPointExtension><gpxtpx:hr>141</gpxtpx:hr></gpxtpx:TrackPointExtension></extensions></trkpt>
      <trkpt lat="55.675597" lon="12.610491"><ele>1.6</ele><time>2026-08-20T11:23:42.000Z</time><extensions><gpxtpx:TrackPointExtension><gpxtpx:hr>141</gpxtpx:hr></gpxtpx:TrackPointExtension></extensions></trkpt>
      <trkpt lat="55.675619" lon="12.610506"><ele>1.6</ele><time>2026-08-20T11:23:43.000Z</time><extensions><gpxtpx:TrackPointExtension><gpxtpx:hr>141</gpxtpx:hr></gpxtpx:TrackPointExtension></extensions></trkpt>
      <trkpt lat="55.675643" lon="12.610516"><ele>1.6</ele><time>2026-08-20T11:23:44.000Z</time><extensions><gpxtpx:TrackPointExtension><gpxtpx:hr>141</gpxtpx:hr></gpxtpx:TrackPointExtension></extensions></trkpt>
      <trkpt lat="55.675668" lon="12.610524"><ele>1.6</ele><time>2026-08-20T11:23:45.000Z</time><extensions><gpxtpx:TrackPointExtension><gpxtpx:hr>141</gpxtpx:hr></gpxtpx:TrackPointExtension></extensions></trkpt>
      <trkpt lat="55.675692" lon="12.610528"><ele>1.6</ele><time>2026-08-20T11:23:46.000Z</time><extensions><gpxtpx:TrackPointExtension><gpxtpx:hr>141</gpxtpx:hr></gpxtpx:TrackPointExtension></extensions></trkpt>
      <trkpt lat="55.675716" lon="12.610528"><ele>1.6</ele><time>2026-08-20T11:23:47.000Z</time><extensions><gpxtpx:TrackPointExtension><gpxtpx:hr>143</gpxtpx:hr></gpxtpx:TrackPointExtension></extensions></trkpt>
      <trkpt lat="55.675739" lon="12.610526"><ele>1.6</ele><time>2026-08-20T11:23:48.000Z</time><extensions><gpxtpx:TrackPointExtension><gpxtpx:hr>143</gpxtpx:hr></gpxtpx:TrackPointExtension></extensions></trkpt>
      <trkpt lat="55.675762" lon="12.610521"><ele>1.6</ele><time>2026-08-20T11:23:49.000Z</time><extensions><gpxtpx:TrackPointExtension><gpxtpx:hr>143</gpxtpx:hr></gpxtpx:TrackPointExtension></extensions></trkpt>
      <trkpt lat="55.675785" lon="12.610514"><ele>1.6</ele><time>2026-08-20T11:23:50.000Z</time><extensions><gpxtpx:TrackPointExtension><gpxtpx:hr>143</gpxtpx:hr></gpxtpx:TrackPointExtension></extensions></trkpt>
      <trkpt lat="55.675808" lon="12.610511"><ele>1.6</ele><time>2026-08-20T11:23:51.000Z</time><extensions><gpxtpx:TrackPointExtension><gpxtpx:hr>143</gpxtpx:hr></gpxtpx:TrackPointExtension></extensions></trkpt>
      <trkpt lat="55.675832" lon="12.610514"><ele>1.4</ele><time>2026-08-20T11:23:52.000Z</time><extensions><gpxtpx:TrackPointExtension><gpxtpx:hr>143</gpxtpx:hr></gpxtpx:TrackPointExtension></extensions></trkpt>
      <trkpt lat="55.675857" lon="12.610523"><ele>1.4</ele><time>2026-08-20T11:23:53.000Z</time><extensions><gpxtpx:TrackPointExtension><gpxtpx:hr>142</gpxtpx:hr></gpxtpx:TrackPointExtension></extensions></trkpt>
      <trkpt lat="55.675883" lon="12.610536"><ele>1.4</ele><time>2026-08-20T11:23:54.000Z</time><extensions><gpxtpx:TrackPointExtension><gpxtpx:hr>142</gpxtpx:hr></gpxtpx:TrackPointExtension></extensions></trkpt>
      <trkpt lat="55.67591" lon="12.610552"><ele>1.4</ele><time>2026-08-20T11:23:55.000Z</time><extensions><gpxtpx:TrackPointExtension><gpxtpx:hr>142</gpxtpx:hr></gpxtpx:TrackPointExtension></extensions></trkpt>
      <trkpt lat="55.675935" lon="12.610571"><ele>1.2</ele><time>2026-08-20T11:23:56.000Z</time><extensions><gpxtpx:TrackPointExtension><gpxtpx:hr>142</gpxtpx:hr></gpxtpx:TrackPointExtension></extensions></trkpt>
      <trkpt lat="55.675959" lon="12.610592"><ele>1.2</ele><time>2026-08-20T11:23:57.000Z</time><extensions><gpxtpx:TrackPointExtension><gpxtpx:hr>142</gpxtpx:hr></gpxtpx:TrackPointExtension></extensions></trkpt>
      <trkpt lat="55.675982" lon="12.610615"><ele>1.2</ele><time>2026-08-20T11:23:58.000Z</time><extensions><gpxtpx:TrackPointExtension><gpxtpx:hr>142</gpxtpx:hr></gpxtpx:TrackPointExtension></extensions></trkpt>
      <trkpt lat="55.676004" lon="12.61064"><ele>1.2</ele><time>2026-08-20T11:23:59.000Z</time><extensions><gpxtpx:TrackPointExtension><gpxtpx:hr>142</gpxtpx:hr></gpxtpx:TrackPointExtension></extensions></trkpt>
      <trkpt lat="55.676025" lon="12.610666"><ele>1.2</ele><time>2026-08-20T11:24:00.000Z</time><extensions><gpxtpx:TrackPointExtension><gpxtpx:hr>142</gpxtpx:hr></gpxtpx:TrackPointExtension></extensions></trkpt>
      <trkpt lat="55.676046" lon="12.610693"><ele>1.2</ele><time>2026-08-20T11:24:01.000Z</time><extensions><gpxtpx:TrackPointExtension><gpxtpx:hr>142</gpxtpx:hr></gpxtpx:TrackPointExtension></extensions></trkpt>
      <trkpt lat="55.676066" lon="12.610724"><ele>1.2</ele><time>2026-08-20T11:24:02.000Z</time><extensions><gpxtpx:TrackPointExtension><gpxtpx:hr>141</gpxtpx:hr></gpxtpx:TrackPointExtension></extensions></trkpt>
      <trkpt lat="55.676084" lon="12.610757"><ele>1.2</ele><time>2026-08-20T11:24:03.000Z</time><extensions><gpxtpx:TrackPointExtension><gpxtpx:hr>141</gpxtpx:hr></gpxtpx:TrackPointExtension></extensions></trkpt>
      <trkpt lat="55.676102" lon="12.610792"><ele>1.2</ele><time>2026-08-20T11:24:04.000Z</time><extensions><gpxtpx:TrackPointExtension><gpxtpx:hr>142</gpxtpx:hr></gpxtpx:TrackPointExtension></extensions></trkpt>
      <trkpt lat="55.67612" lon="12.610828"><ele>1.2</ele><time>2026-08-20T11:24:05.000Z</time><extensions><gpxtpx:TrackPointExtension><gpxtpx:hr>142</gpxtpx:hr></gpxtpx:TrackPointExtension></extensions></trkpt>
      <trkpt lat="55.676139" lon="12.610859"><ele>1.2</ele><time>2026-08-20T11:24:06.000Z</time><extensions><gpxtpx:TrackPointExtension><gpxtpx:hr>142</gpxtpx:hr></gpxtpx:TrackPointExtension></extensions></trkpt>
      <trkpt lat="55.676159" lon="12.610887"><ele>1.2</ele><time>2026-08-20T11:24:07.000Z</time><extensions><gpxtpx:TrackPointExtension><gpxtpx:hr>142</gpxtpx:hr></gpxtpx:TrackPointExtension></extensions></trkpt>
      <trkpt lat="55.676179" lon="12.610911"><ele>1.2</ele><time>2026-08-20T11:24:08.000Z</time><extensions><gpxtpx:TrackPointExtension><gpxtpx:hr>142</gpxtpx:hr></gpxtpx:TrackPointExtension></extensions></trkpt>
      <trkpt lat="55.676199" lon="12.610932"><ele>1.2</ele><time>2026-08-20T11:24:09.000Z</time><extensions><gpxtpx:TrackPointExtension><gpxtpx:hr>142</gpxtpx:hr></gpxtpx:TrackPointExtension></extensions></trkpt>
      <trkpt lat="55.67622" lon="12.610952"><ele>1.2</ele><time>2026-08-20T11:24:10.000Z</time><extensions><gpxtpx:TrackPointExtension><gpxtpx:hr>142</gpxtpx:hr></gpxtpx:TrackPointExtension></extensions></trkpt>
      <trkpt lat="55.67624" lon="12.61097"><ele>1.2</ele><time>2026-08-20T11:24:11.000Z</time><extensions><gpxtpx:TrackPointExtension><gpxtpx:hr>142</gpxtpx:hr></gpxtpx:TrackPointExtension></extensions></trkpt>
      <trkpt lat="55.67626" lon="12.610986"><ele>1.2</ele><time>2026-08-20T11:24:12.000Z</time><extensions><gpxtpx:TrackPointExtension><gpxtpx:hr>142</gpxtpx:hr></gpxtpx:TrackPointExtension></extensions></trkpt>
      <trkpt lat="55.67628" lon="12.611"><ele>1.2</ele><time>2026-08-20T11:24:13.000Z</time><extensions><gpxtpx:TrackPointExtension><gpxtpx:hr>142</gpxtpx:hr></gpxtpx:TrackPointExtension></extensions></trkpt>
      <trkpt lat="55.6763" lon="12.611014"><ele>1.2</ele><time>2026-08-20T11:24:14.000Z</time><extensions><gpxtpx:TrackPointExtension><gpxtpx:hr>141</gpxtpx:hr></gpxtpx:TrackPointExtension></extensions></trkpt>
      <trkpt lat="55.676322" lon="12.611029"><ele>1.2</ele><time>2026-08-20T11:24:15.000Z</time><extensions><gpxtpx:TrackPointExtension><gpxtpx:hr>141</gpxtpx:hr></gpxtpx:TrackPointExtension></extensions></trkpt>
      <trkpt lat="55.676345" lon="12.611043"><ele>1.2</ele><time>2026-08-20T11:24:16.000Z</time><extensions><gpxtpx:TrackPointExtension><gpxtpx:hr>141</gpxtpx:hr></gpxtpx:TrackPointExtension></extensions></trkpt>
      <trkpt lat="55.676368" lon="12.611058"><ele>1.2</ele><time>2026-08-20T11:24:17.000Z</time><extensions><gpxtpx:TrackPointExtension><gpxtpx:hr>141</gpxtpx:hr></gpxtpx:TrackPointExtension></extensions></trkpt>
      <trkpt lat="55.676391" lon="12.611076"><ele>1.2</ele><time>2026-08-20T11:24:18.000Z</time><extensions><gpxtpx:TrackPointExtension><gpxtpx:hr>141</gpxtpx:hr></gpxtpx:TrackPointExtension></extensions></trkpt>
      <trkpt lat="55.676414" lon="12.611096"><ele>1.2</ele><time>2026-08-20T11:24:19.000Z</time><extensions><gpxtpx:TrackPointExtension><gpxtpx:hr>141</gpxtpx:hr></gpxtpx:TrackPointExtension></extensions></trkpt>
      <trkpt lat="55.676438" lon="12.611117"><ele>1.2</ele><time>2026-08-20T11:24:20.000Z</time><extensions><gpxtpx:TrackPointExtension><gpxtpx:hr>141</gpxtpx:hr></gpxtpx:TrackPointExtension></extensions></trkpt>
      <trkpt lat="55.676461" lon="12.611137"><ele>1.2</ele><time>2026-08-20T11:24:21.000Z</time><extensions><gpxtpx:TrackPointExtension><gpxtpx:hr>141</gpxtpx:hr></gpxtpx:TrackPointExtension></extensions></trkpt>
      <trkpt lat="55.676483" lon="12.611156"><ele>1.2</ele><time>2026-08-20T11:24:22.000Z</time><extensions><gpxtpx:TrackPointExtension><gpxtpx:hr>141</gpxtpx:hr></gpxtpx:TrackPointExtension></extensions></trkpt>
      <trkpt lat="55.676506" lon="12.611175"><ele>1.2</ele><time>2026-08-20T11:24:23.000Z</time><extensions><gpxtpx:TrackPointExtension><gpxtpx:hr>141</gpxtpx:hr></gpxtpx:TrackPointExtension></extensions></trkpt>
      <trkpt lat="55.676529" lon="12.611194"><ele>1.2</ele><time>2026-08-20T11:24:24.000Z</time><extensions><gpxtpx:TrackPointExtension><gpxtpx:hr>141</gpxtpx:hr></gpxtpx:TrackPointExtension></extensions></trkpt>
      <trkpt lat="55.676552" lon="12.611213"><ele>1.2</ele><time>2026-08-20T11:24:25.000Z</time><extensions><gpxtpx:TrackPointExtension><gpxtpx:hr>141</gpxtpx:hr></gpxtpx:TrackPointExtension></extensions></trkpt>
      <trkpt lat="55.676575" lon="12.611233"><ele>1.2</ele><time>2026-08-20T11:24:26.000Z</time><extensions><gpxtpx:TrackPointExtension><gpxtpx:hr>141</gpxtpx:hr></gpxtpx:TrackPointExtension></extensions></trkpt>
      <trkpt lat="55.676596" lon="12.611256"><ele>1.2</ele><time>2026-08-20T11:24:27.000Z</time><extensions><gpxtpx:TrackPointExtension><gpxtpx:hr>138</gpxtpx:hr></gpxtpx:TrackPointExtension></extensions></trkpt>
      <trkpt lat="55.676616" lon="12.61128"><ele>1.2</ele><time>2026-08-20T11:24:28.000Z</time><extensions><gpxtpx:TrackPointExtension><gpxtpx:hr>138</gpxtpx:hr></gpxtpx:TrackPointExtension></extensions></trkpt>
      <trkpt lat="55.676635" lon="12.611306"><ele>1.2</ele><time>2026-08-20T11:24:29.000Z</time><extensions><gpxtpx:TrackPointExtension><gpxtpx:hr>138</gpxtpx:hr></gpxtpx:TrackPointExtension></extensions></trkpt>
      <trkpt lat="55.676653" lon="12.611335"><ele>1.2</ele><time>2026-08-20T11:24:30.000Z</time><extensions><gpxtpx:TrackPointExtension><gpxtpx:hr>138</gpxtpx:hr></gpxtpx:TrackPointExtension></extensions></trkpt>
      <trkpt lat="55.67667" lon="12.611368"><ele>1.2</ele><time>2026-08-20T11:24:31.000Z</time><extensions><gpxtpx:TrackPointExtension><gpxtpx:hr>138</gpxtpx:hr></gpxtpx:TrackPointExtension></extensions></trkpt>
      <trkpt lat="55.676685" lon="12.611402"><ele>1.2</ele><time>2026-08-20T11:24:32.000Z</time><extensions><gpxtpx:TrackPointExtension><gpxtpx:hr>138</gpxtpx:hr></gpxtpx:TrackPointExtension></extensions></trkpt>
      <trkpt lat="55.676698" lon="12.611442"><ele>1.2</ele><time>2026-08-20T11:24:33.000Z</time><extensions><gpxtpx:TrackPointExtension><gpxtpx:hr>138</gpxtpx:hr></gpxtpx:TrackPointExtension></extensions></trkpt>
      <trkpt lat="55.676709" lon="12.611485"><ele>1.2</ele><time>2026-08-20T11:24:34.000Z</time><extensions><gpxtpx:TrackPointExtension><gpxtpx:hr>138</gpxtpx:hr></gpxtpx:TrackPointExtension></extensions></trkpt>
      <trkpt lat="55.676719" lon="12.611531"><ele>1.2</ele><time>2026-08-20T11:24:35.000Z</time><extensions><gpxtpx:TrackPointExtension><gpxtpx:hr>140</gpxtpx:hr></gpxtpx:TrackPointExtension></extensions></trkpt>
      <trkpt lat="55.676729" lon="12.611577"><ele>1.2</ele><time>2026-08-20T11:24:36.000Z</time><extensions><gpxtpx:TrackPointExtension><gpxtpx:hr>140</gpxtpx:hr></gpxtpx:TrackPointExtension></extensions></trkpt>
      <trkpt lat="55.676737" lon="12.611622"><ele>1</ele><time>2026-08-20T11:24:37.000Z</time><extensions><gpxtpx:TrackPointExtension><gpxtpx:hr>140</gpxtpx:hr></gpxtpx:TrackPointExtension></extensions></trkpt>
      <trkpt lat="55.676744" lon="12.611666"><ele>1</ele><time>2026-08-20T11:24:38.000Z</time><extensions><gpxtpx:TrackPointExtension><gpxtpx:hr>140</gpxtpx:hr></gpxtpx:TrackPointExtension></extensions></trkpt>
      <trkpt lat="55.676751" lon="12.611709"><ele>1</ele><time>2026-08-20T11:24:39.000Z</time><extensions><gpxtpx:TrackPointExtension><gpxtpx:hr>141</gpxtpx:hr></gpxtpx:TrackPointExtension></extensions></trkpt>
      <trkpt lat="55.676759" lon="12.611751"><ele>1</ele><time>2026-08-20T11:24:40.000Z</time><extensions><gpxtpx:TrackPointExtension><gpxtpx:hr>141</gpxtpx:hr></gpxtpx:TrackPointExtension></extensions></trkpt>
      <trkpt lat="55.676766" lon="12.611791"><ele>1</ele><time>2026-08-20T11:24:41.000Z</time><extensions><gpxtpx:TrackPointExtension><gpxtpx:hr>141</gpxtpx:hr></gpxtpx:TrackPointExtension></extensions></trkpt>
      <trkpt lat="55.676774" lon="12.611831"><ele>1</ele><time>2026-08-20T11:24:42.000Z</time><extensions><gpxtpx:TrackPointExtension><gpxtpx:hr>141</gpxtpx:hr></gpxtpx:TrackPointExtension></extensions></trkpt>
      <trkpt lat="55.676782" lon="12.61187"><ele>1</ele><time>2026-08-20T11:24:43.000Z</time><extensions><gpxtpx:TrackPointExtension><gpxtpx:hr>141</gpxtpx:hr></gpxtpx:TrackPointExtension></extensions></trkpt>
      <trkpt lat="55.67679" lon="12.611909"><ele>1</ele><time>2026-08-20T11:24:44.000Z</time><extensions><gpxtpx:TrackPointExtension><gpxtpx:hr>141</gpxtpx:hr></gpxtpx:TrackPointExtension></extensions></trkpt>
      <trkpt lat="55.676799" lon="12.611946"><ele>1</ele><time>2026-08-20T11:24:45.000Z</time><extensions><gpxtpx:TrackPointExtension><gpxtpx:hr>141</gpxtpx:hr></gpxtpx:TrackPointExtension></extensions></trkpt>
      <trkpt lat="55.67681" lon="12.611979"><ele>1</ele><time>2026-08-20T11:24:46.000Z</time><extensions><gpxtpx:TrackPointExtension><gpxtpx:hr>141</gpxtpx:hr></gpxtpx:TrackPointExtension></extensions></trkpt>
      <trkpt lat="55.676823" lon="12.612005"><ele>1</ele><time>2026-08-20T11:24:47.000Z</time><extensions><gpxtpx:TrackPointExtension><gpxtpx:hr>140</gpxtpx:hr></gpxtpx:TrackPointExtension></extensions></trkpt>
      <trkpt lat="55.676839" lon="12.612024"><ele>1</ele><time>2026-08-20T11:24:48.000Z</time><extensions><gpxtpx:TrackPointExtension><gpxtpx:hr>140</gpxtpx:hr></gpxtpx:TrackPointExtension></extensions></trkpt>
      <trkpt lat="55.676856" lon="12.612033"><ele>1</ele><time>2026-08-20T11:24:49.000Z</time><extensions><gpxtpx:TrackPointExtension><gpxtpx:hr>140</gpxtpx:hr></gpxtpx:TrackPointExtension></extensions></trkpt>
      <trkpt lat="55.676876" lon="12.612034"><ele>1</ele><time>2026-08-20T11:24:50.000Z</time><extensions><gpxtpx:TrackPointExtension><gpxtpx:hr>140</gpxtpx:hr></gpxtpx:TrackPointExtension></extensions></trkpt>
      <trkpt lat="55.676897" lon="12.612029"><ele>1</ele><time>2026-08-20T11:24:51.000Z</time><extensions><gpxtpx:TrackPointExtension><gpxtpx:hr>140</gpxtpx:hr></gpxtpx:TrackPointExtension></extensions></trkpt>
      <trkpt lat="55.676918" lon="12.612018"><ele>1</ele><time>2026-08-20T11:24:52.000Z</time><extensions><gpxtpx:TrackPointExtension><gpxtpx:hr>140</gpxtpx:hr></gpxtpx:TrackPointExtension></extensions></trkpt>
      <trkpt lat="55.676938" lon="12.612003"><ele>1</ele><time>2026-08-20T11:24:53.000Z</time><extensions><gpxtpx:TrackPointExtension><gpxtpx:hr>140</gpxtpx:hr></gpxtpx:TrackPointExtension></extensions></trkpt>
      <trkpt lat="55.676956" lon="12.611983"><ele>1</ele><time>2026-08-20T11:24:54.000Z</time><extensions><gpxtpx:TrackPointExtension><gpxtpx:hr>140</gpxtpx:hr></gpxtpx:TrackPointExtension></extensions></trkpt>
      <trkpt lat="55.676973" lon="12.611962"><ele>1</ele><time>2026-08-20T11:24:55.000Z</time><extensions><gpxtpx:TrackPointExtension><gpxtpx:hr>140</gpxtpx:hr></gpxtpx:TrackPointExtension></extensions></trkpt>
      <trkpt lat="55.676991" lon="12.611939"><ele>1</ele><time>2026-08-20T11:24:56.000Z</time><extensions><gpxtpx:TrackPointExtension><gpxtpx:hr>140</gpxtpx:hr></gpxtpx:TrackPointExtension></extensions></trkpt>
      <trkpt lat="55.677008" lon="12.611917"><ele>1</ele><time>2026-08-20T11:24:57.000Z</time><extensions><gpxtpx:TrackPointExtension><gpxtpx:hr>139</gpxtpx:hr></gpxtpx:TrackPointExtension></extensions></trkpt>
      <trkpt lat="55.677025" lon="12.611893"><ele>1</ele><time>2026-08-20T11:24:58.000Z</time><extensions><gpxtpx:TrackPointExtension><gpxtpx:hr>138</gpxtpx:hr></gpxtpx:TrackPointExtension></extensions></trkpt>
      <trkpt lat="55.677044" lon="12.611867"><ele>1</ele><time>2026-08-20T11:24:59.000Z</time><extensions><gpxtpx:TrackPointExtension><gpxtpx:hr>138</gpxtpx:hr></gpxtpx:TrackPointExtension></extensions></trkpt>
      <trkpt lat="55.677062" lon="12.61184"><ele>1</ele><time>2026-08-20T11:25:00.000Z</time><extensions><gpxtpx:TrackPointExtension><gpxtpx:hr>138</gpxtpx:hr></gpxtpx:TrackPointExtension></extensions></trkpt>
      <trkpt lat="55.677081" lon="12.611814"><ele>1</ele><time>2026-08-20T11:25:01.000Z</time><extensions><gpxtpx:TrackPointExtension><gpxtpx:hr>138</gpxtpx:hr></gpxtpx:TrackPointExtension></extensions></trkpt>
      <trkpt lat="55.6771" lon="12.611791"><ele>0.8</ele><time>2026-08-20T11:25:02.000Z</time><extensions><gpxtpx:TrackPointExtension><gpxtpx:hr>138</gpxtpx:hr></gpxtpx:TrackPointExtension></extensions></trkpt>
      <trkpt lat="55.677119" lon="12.611771"><ele>0.8</ele><time>2026-08-20T11:25:03.000Z</time><extensions><gpxtpx:TrackPointExtension><gpxtpx:hr>137</gpxtpx:hr></gpxtpx:TrackPointExtension></extensions></trkpt>
      <trkpt lat="55.677138" lon="12.611755"><ele>0.8</ele><time>2026-08-20T11:25:04.000Z</time><extensions><gpxtpx:TrackPointExtension><gpxtpx:hr>137</gpxtpx:hr></gpxtpx:TrackPointExtension></extensions></trkpt>
      <trkpt lat="55.677159" lon="12.611742"><ele>0.8</ele><time>2026-08-20T11:25:05.000Z</time><extensions><gpxtpx:TrackPointExtension><gpxtpx:hr>137</gpxtpx:hr></gpxtpx:TrackPointExtension></extensions></trkpt>
      <trkpt lat="55.677179" lon="12.611731"><ele>0.8</ele><time>2026-08-20T11:25:06.000Z</time><extensions><gpxtpx:TrackPointExtension><gpxtpx:hr>137</gpxtpx:hr></gpxtpx:TrackPointExtension></extensions></trkpt>
      <trkpt lat="55.677201" lon="12.611725"><ele>0.8</ele><time>2026-08-20T11:25:07.000Z</time><extensions><gpxtpx:TrackPointExtension><gpxtpx:hr>137</gpxtpx:hr></gpxtpx:TrackPointExtension></extensions></trkpt>
      <trkpt lat="55.677222" lon="12.611723"><ele>0.8</ele><time>2026-08-20T11:25:08.000Z</time><extensions><gpxtpx:TrackPointExtension><gpxtpx:hr>137</gpxtpx:hr></gpxtpx:TrackPointExtension></extensions></trkpt>
      <trkpt lat="55.677243" lon="12.611727"><ele>0.8</ele><time>2026-08-20T11:25:09.000Z</time><extensions><gpxtpx:TrackPointExtension><gpxtpx:hr>137</gpxtpx:hr></gpxtpx:TrackPointExtension></extensions></trkpt>
      <trkpt lat="55.677265" lon="12.611733"><ele>0.8</ele><time>2026-08-20T11:25:10.000Z</time><extensions><gpxtpx:TrackPointExtension><gpxtpx:hr>137</gpxtpx:hr></gpxtpx:TrackPointExtension></extensions></trkpt>
      <trkpt lat="55.677289" lon="12.611741"><ele>1</ele><time>2026-08-20T11:25:11.000Z</time><extensions><gpxtpx:TrackPointExtension><gpxtpx:hr>137</gpxtpx:hr></gpxtpx:TrackPointExtension></extensions></trkpt>
      <trkpt lat="55.677312" lon="12.61175"><ele>1</ele><time>2026-08-20T11:25:12.000Z</time><extensions><gpxtpx:TrackPointExtension><gpxtpx:hr>137</gpxtpx:hr></gpxtpx:TrackPointExtension></extensions></trkpt>
      <trkpt lat="55.677334" lon="12.611761"><ele>1</ele><time>2026-08-20T11:25:13.000Z</time><extensions><gpxtpx:TrackPointExtension><gpxtpx:hr>137</gpxtpx:hr></gpxtpx:TrackPointExtension></extensions></trkpt>
      <trkpt lat="55.677355" lon="12.611771"><ele>1</ele><time>2026-08-20T11:25:14.000Z</time><extensions><gpxtpx:TrackPointExtension><gpxtpx:hr>137</gpxtpx:hr></gpxtpx:TrackPointExtension></extensions></trkpt>
      <trkpt lat="55.677376" lon="12.611782"><ele>1</ele><time>2026-08-20T11:25:15.000Z</time><extensions><gpxtpx:TrackPointExtension><gpxtpx:hr>136</gpxtpx:hr></gpxtpx:TrackPointExtension></extensions></trkpt>
      <trkpt lat="55.677396" lon="12.611793"><ele>1.2</ele><time>2026-08-20T11:25:16.000Z</time><extensions><gpxtpx:TrackPointExtension><gpxtpx:hr>136</gpxtpx:hr></gpxtpx:TrackPointExtension></extensions></trkpt>
      <trkpt lat="55.677418" lon="12.611805"><ele>1.2</ele><time>2026-08-20T11:25:17.000Z</time><extensions><gpxtpx:TrackPointExtension><gpxtpx:hr>136</gpxtpx:hr></gpxtpx:TrackPointExtension></extensions></trkpt>
      <trkpt lat="55.67744" lon="12.611818"><ele>1.2</ele><time>2026-08-20T11:25:18.000Z</time><extensions><gpxtpx:TrackPointExtension><gpxtpx:hr>136</gpxtpx:hr></gpxtpx:TrackPointExtension></extensions></trkpt>
      <trkpt lat="55.677461" lon="12.611832"><ele>1.2</ele><time>2026-08-20T11:25:19.000Z</time><extensions><gpxtpx:TrackPointExtension><gpxtpx:hr>136</gpxtpx:hr></gpxtpx:TrackPointExtension></extensions></trkpt>
      <trkpt lat="55.677481" lon="12.611847"><ele>1.2</ele><time>2026-08-20T11:25:20.000Z</time><extensions><gpxtpx:TrackPointExtension><gpxtpx:hr>137</gpxtpx:hr></gpxtpx:TrackPointExtension></extensions></trkpt>
      <trkpt lat="55.6775" lon="12.611862"><ele>1.2</ele><time>2026-08-20T11:25:21.000Z</time><extensions><gpxtpx:TrackPointExtension><gpxtpx:hr>137</gpxtpx:hr></gpxtpx:TrackPointExtension></extensions></trkpt>
      <trkpt lat="55.677521" lon="12.611877"><ele>1.2</ele><time>2026-08-20T11:25:22.000Z</time><extensions><gpxtpx:TrackPointExtension><gpxtpx:hr>137</gpxtpx:hr></gpxtpx:TrackPointExtension></extensions></trkpt>
      <trkpt lat="55.677542" lon="12.611893"><ele>1.2</ele><time>2026-08-20T11:25:23.000Z</time><extensions><gpxtpx:TrackPointExtension><gpxtpx:hr>137</gpxtpx:hr></gpxtpx:TrackPointExtension></extensions></trkpt>
      <trkpt lat="55.677565" lon="12.611911"><ele>1.2</ele><time>2026-08-20T11:25:24.000Z</time><extensions><gpxtpx:TrackPointExtension><gpxtpx:hr>137</gpxtpx:hr></gpxtpx:TrackPointExtension></extensions></trkpt>
      <trkpt lat="55.677587" lon="12.611928"><ele>1.2</ele><time>2026-08-20T11:25:25.000Z</time><extensions><gpxtpx:TrackPointExtension><gpxtpx:hr>137</gpxtpx:hr></gpxtpx:TrackPointExtension></extensions></trkpt>
      <trkpt lat="55.67761" lon="12.611944"><ele>1.2</ele><time>2026-08-20T11:25:26.000Z</time><extensions><gpxtpx:TrackPointExtension><gpxtpx:hr>137</gpxtpx:hr></gpxtpx:TrackPointExtension></extensions></trkpt>
      <trkpt lat="55.677631" lon="12.611958"><ele>1.2</ele><time>2026-08-20T11:25:27.000Z</time><extensions><gpxtpx:TrackPointExtension><gpxtpx:hr>137</gpxtpx:hr></gpxtpx:TrackPointExtension></extensions></trkpt>
      <trkpt lat="55.677652" lon="12.61197"><ele>1.2</ele><time>2026-08-20T11:25:28.000Z</time><extensions><gpxtpx:TrackPointExtension><gpxtpx:hr>136</gpxtpx:hr></gpxtpx:TrackPointExtension></extensions></trkpt>
      <trkpt lat="55.677674" lon="12.611984"><ele>1.2</ele><time>2026-08-20T11:25:29.000Z</time><extensions><gpxtpx:TrackPointExtension><gpxtpx:hr>136</gpxtpx:hr></gpxtpx:TrackPointExtension></extensions></trkpt>
      <trkpt lat="55.677696" lon="12.611999"><ele>1.2</ele><time>2026-08-20T11:25:30.000Z</time><extensions><gpxtpx:TrackPointExtension><gpxtpx:hr>136</gpxtpx:hr></gpxtpx:TrackPointExtension></extensions></trkpt>
      <trkpt lat="55.677718" lon="12.612013"><ele>1.2</ele><time>2026-08-20T11:25:31.000Z</time><extensions><gpxtpx:TrackPointExtension><gpxtpx:hr>136</gpxtpx:hr></gpxtpx:TrackPointExtension></extensions></trkpt>
      <trkpt lat="55.677739" lon="12.612027"><ele>1.2</ele><time>2026-08-20T11:25:32.000Z</time><extensions><gpxtpx:TrackPointExtension><gpxtpx:hr>136</gpxtpx:hr></gpxtpx:TrackPointExtension></extensions></trkpt>
      <trkpt lat="55.677759" lon="12.612044"><ele>1.2</ele><time>2026-08-20T11:25:33.000Z</time><extensions><gpxtpx:TrackPointExtension><gpxtpx:hr>136</gpxtpx:hr></gpxtpx:TrackPointExtension></extensions></trkpt>
      <trkpt lat="55.677779" lon="12.612061"><ele>1.2</ele><time>2026-08-20T11:25:34.000Z</time><extensions><gpxtpx:TrackPointExtension><gpxtpx:hr>136</gpxtpx:hr></gpxtpx:TrackPointExtension></extensions></trkpt>
      <trkpt lat="55.677797" lon="12.612078"><ele>1.2</ele><time>2026-08-20T11:25:35.000Z</time><extensions><gpxtpx:TrackPointExtension><gpxtpx:hr>138</gpxtpx:hr></gpxtpx:TrackPointExtension></extensions></trkpt>
      <trkpt lat="55.677815" lon="12.612095"><ele>1.4</ele><time>2026-08-20T11:25:36.000Z</time><extensions><gpxtpx:TrackPointExtension><gpxtpx:hr>138</gpxtpx:hr></gpxtpx:TrackPointExtension></extensions></trkpt>
      <trkpt lat="55.677832" lon="12.612109"><ele>1.4</ele><time>2026-08-20T11:25:37.000Z</time><extensions><gpxtpx:TrackPointExtension><gpxtpx:hr>138</gpxtpx:hr></gpxtpx:TrackPointExtension></extensions></trkpt>
      <trkpt lat="55.677851" lon="12.612123"><ele>1.4</ele><time>2026-08-20T11:25:38.000Z</time><extensions><gpxtpx:TrackPointExtension><gpxtpx:hr>138</gpxtpx:hr></gpxtpx:TrackPointExtension></extensions></trkpt>
      <trkpt lat="55.677869" lon="12.612137"><ele>1.4</ele><time>2026-08-20T11:25:39.000Z</time><extensions><gpxtpx:TrackPointExtension><gpxtpx:hr>138</gpxtpx:hr></gpxtpx:TrackPointExtension></extensions></trkpt>
      <trkpt lat="55.677889" lon="12.612151"><ele>1.4</ele><time>2026-08-20T11:25:40.000Z</time><extensions><gpxtpx:TrackPointExtension><gpxtpx:hr>138</gpxtpx:hr></gpxtpx:TrackPointExtension></extensions></trkpt>
      <trkpt lat="55.677908" lon="12.612164"><ele>1.4</ele><time>2026-08-20T11:25:41.000Z</time><extensions><gpxtpx:TrackPointExtension><gpxtpx:hr>138</gpxtpx:hr></gpxtpx:TrackPointExtension></extensions></trkpt>
      <trkpt lat="55.677928" lon="12.612174"><ele>1.6</ele><time>2026-08-20T11:25:42.000Z</time><extensions><gpxtpx:TrackPointExtension><gpxtpx:hr>138</gpxtpx:hr></gpxtpx:TrackPointExtension></extensions></trkpt>
      <trkpt lat="55.67795" lon="12.612181"><ele>1.6</ele><time>2026-08-20T11:25:43.000Z</time><extensions><gpxtpx:TrackPointExtension><gpxtpx:hr>138</gpxtpx:hr></gpxtpx:TrackPointExtension></extensions></trkpt>
      <trkpt lat="55.677972" lon="12.612188"><ele>1.6</ele><time>2026-08-20T11:25:44.000Z</time><extensions><gpxtpx:TrackPointExtension><gpxtpx:hr>138</gpxtpx:hr></gpxtpx:TrackPointExtension></extensions></trkpt>
      <trkpt lat="55.677993" lon="12.612194"><ele>1.6</ele><time>2026-08-20T11:25:45.000Z</time><extensions><gpxtpx:TrackPointExtension><gpxtpx:hr>138</gpxtpx:hr></gpxtpx:TrackPointExtension></extensions></trkpt>
      <trkpt lat="55.678015" lon="12.6122"><ele>1.6</ele><time>2026-08-20T11:25:46.000Z</time><extensions><gpxtpx:TrackPointExtension><gpxtpx:hr>137</gpxtpx:hr></gpxtpx:TrackPointExtension></extensions></trkpt>
      <trkpt lat="55.678035" lon="12.612206"><ele>1.6</ele><time>2026-08-20T11:25:47.000Z</time><extensions><gpxtpx:TrackPointExtension><gpxtpx:hr>137</gpxtpx:hr></gpxtpx:TrackPointExtension></extensions></trkpt>
      <trkpt lat="55.678055" lon="12.612213"><ele>1.6</ele><time>2026-08-20T11:25:48.000Z</time><extensions><gpxtpx:TrackPointExtension><gpxtpx:hr>137</gpxtpx:hr></gpxtpx:TrackPointExtension></extensions></trkpt>
      <trkpt lat="55.678075" lon="12.612221"><ele>1.6</ele><time>2026-08-20T11:25:49.000Z</time><extensions><gpxtpx:TrackPointExtension><gpxtpx:hr>137</gpxtpx:hr></gpxtpx:TrackPointExtension></extensions></trkpt>
      <trkpt lat="55.678097" lon="12.61223"><ele>1.6</ele><time>2026-08-20T11:25:50.000Z</time><extensions><gpxtpx:TrackPointExtension><gpxtpx:hr>137</gpxtpx:hr></gpxtpx:TrackPointExtension></extensions></trkpt>
      <trkpt lat="55.67812" lon="12.612241"><ele>1.6</ele><time>2026-08-20T11:25:51.000Z</time><extensions><gpxtpx:TrackPointExtension><gpxtpx:hr>137</gpxtpx:hr></gpxtpx:TrackPointExtension></extensions></trkpt>
      <trkpt lat="55.678145" lon="12.612254"><ele>1.6</ele><time>2026-08-20T11:25:52.000Z</time><extensions><gpxtpx:TrackPointExtension><gpxtpx:hr>137</gpxtpx:hr></gpxtpx:TrackPointExtension></extensions></trkpt>
      <trkpt lat="55.678171" lon="12.612268"><ele>1.6</ele><time>2026-08-20T11:25:53.000Z</time><extensions><gpxtpx:TrackPointExtension><gpxtpx:hr>137</gpxtpx:hr></gpxtpx:TrackPointExtension></extensions></trkpt>
      <trkpt lat="55.678195" lon="12.612284"><ele>1.4</ele><time>2026-08-20T11:25:54.000Z</time><extensions><gpxtpx:TrackPointExtension><gpxtpx:hr>139</gpxtpx:hr></gpxtpx:TrackPointExtension></extensions></trkpt>
      <trkpt lat="55.678217" lon="12.6123"><ele>1.4</ele><time>2026-08-20T11:25:55.000Z</time><extensions><gpxtpx:TrackPointExtension><gpxtpx:hr>139</gpxtpx:hr></gpxtpx:TrackPointExtension></extensions></trkpt>
      <trkpt lat="55.67824" lon="12.612316"><ele>1.4</ele><time>2026-08-20T11:25:56.000Z</time><extensions><gpxtpx:TrackPointExtension><gpxtpx:hr>139</gpxtpx:hr></gpxtpx:TrackPointExtension></extensions></trkpt>
      <trkpt lat="55.678262" lon="12.612329"><ele>1.4</ele><time>2026-08-20T11:25:57.000Z</time><extensions><gpxtpx:TrackPointExtension><gpxtpx:hr>139</gpxtpx:hr></gpxtpx:TrackPointExtension></extensions></trkpt>
      <trkpt lat="55.678284" lon="12.61234"><ele>1.4</ele><time>2026-08-20T11:25:58.000Z</time><extensions><gpxtpx:TrackPointExtension><gpxtpx:hr>139</gpxtpx:hr></gpxtpx:TrackPointExtension></extensions></trkpt>
      <trkpt lat="55.678308" lon="12.612349"><ele>1.2</ele><time>2026-08-20T11:25:59.000Z</time><extensions><gpxtpx:TrackPointExtension><gpxtpx:hr>139</gpxtpx:hr></gpxtpx:TrackPointExtension></extensions></trkpt>
      <trkpt lat="55.678332" lon="12.612357"><ele>1.2</ele><time>2026-08-20T11:26:00.000Z</time><extensions><gpxtpx:TrackPointExtension><gpxtpx:hr>139</gpxtpx:hr></gpxtpx:TrackPointExtension></extensions></trkpt>
      <trkpt lat="55.678358" lon="12.612366"><ele>1.2</ele><time>2026-08-20T11:26:01.000Z</time><extensions><gpxtpx:TrackPointExtension><gpxtpx:hr>139</gpxtpx:hr></gpxtpx:TrackPointExtension></extensions></trkpt>
      <trkpt lat="55.678382" lon="12.612376"><ele>1.2</ele><time>2026-08-20T11:26:02.000Z</time><extensions><gpxtpx:TrackPointExtension><gpxtpx:hr>137</gpxtpx:hr></gpxtpx:TrackPointExtension></extensions></trkpt>
      <trkpt lat="55.678405" lon="12.612388"><ele>1.2</ele><time>2026-08-20T11:26:03.000Z</time><extensions><gpxtpx:TrackPointExtension><gpxtpx:hr>137</gpxtpx:hr></gpxtpx:TrackPointExtension></extensions></trkpt>
      <trkpt lat="55.678427" lon="12.6124"><ele>1.2</ele><time>2026-08-20T11:26:04.000Z</time><extensions><gpxtpx:TrackPointExtension><gpxtpx:hr>137</gpxtpx:hr></gpxtpx:TrackPointExtension></extensions></trkpt>
      <trkpt lat="55.67845" lon="12.612414"><ele>1.2</ele><time>2026-08-20T11:26:05.000Z</time><extensions><gpxtpx:TrackPointExtension><gpxtpx:hr>137</gpxtpx:hr></gpxtpx:TrackPointExtension></extensions></trkpt>
      <trkpt lat="55.678473" lon="12.612428"><ele>1.2</ele><time>2026-08-20T11:26:06.000Z</time><extensions><gpxtpx:TrackPointExtension><gpxtpx:hr>137</gpxtpx:hr></gpxtpx:TrackPointExtension></extensions></trkpt>
      <trkpt lat="55.678496" lon="12.612443"><ele>1.2</ele><time>2026-08-20T11:26:07.000Z</time><extensions><gpxtpx:TrackPointExtension><gpxtpx:hr>137</gpxtpx:hr></gpxtpx:TrackPointExtension></extensions></trkpt>
      <trkpt lat="55.67852" lon="12.612457"><ele>1.2</ele><time>2026-08-20T11:26:08.000Z</time><extensions><gpxtpx:TrackPointExtension><gpxtpx:hr>137</gpxtpx:hr></gpxtpx:TrackPointExtension></extensions></trkpt>
      <trkpt lat="55.678543" lon="12.612468"><ele>1.2</ele><time>2026-08-20T11:26:09.000Z</time><extensions><gpxtpx:TrackPointExtension><gpxtpx:hr>137</gpxtpx:hr></gpxtpx:TrackPointExtension></extensions></trkpt>
      <trkpt lat="55.678565" lon="12.612478"><ele>1.2</ele><time>2026-08-20T11:26:10.000Z</time><extensions><gpxtpx:TrackPointExtension><gpxtpx:hr>137</gpxtpx:hr></gpxtpx:TrackPointExtension></extensions></trkpt>
      <trkpt lat="55.678587" lon="12.612488"><ele>1.2</ele><time>2026-08-20T11:26:11.000Z</time><extensions><gpxtpx:TrackPointExtension><gpxtpx:hr>137</gpxtpx:hr></gpxtpx:TrackPointExtension></extensions></trkpt>
      <trkpt lat="55.678609" lon="12.612501"><ele>1.2</ele><time>2026-08-20T11:26:12.000Z</time><extensions><gpxtpx:TrackPointExtension><gpxtpx:hr>137</gpxtpx:hr></gpxtpx:TrackPointExtension></extensions></trkpt>
      <trkpt lat="55.678631" lon="12.612515"><ele>1.2</ele><time>2026-08-20T11:26:13.000Z</time><extensions><gpxtpx:TrackPointExtension><gpxtpx:hr>137</gpxtpx:hr></gpxtpx:TrackPointExtension></extensions></trkpt>
      <trkpt lat="55.678654" lon="12.61253"><ele>1.2</ele><time>2026-08-20T11:26:14.000Z</time><extensions><gpxtpx:TrackPointExtension><gpxtpx:hr>137</gpxtpx:hr></gpxtpx:TrackPointExtension></extensions></trkpt>
      <trkpt lat="55.678677" lon="12.612545"><ele>1.2</ele><time>2026-08-20T11:26:15.000Z</time><extensions><gpxtpx:TrackPointExtension><gpxtpx:hr>136</gpxtpx:hr></gpxtpx:TrackPointExtension></extensions></trkpt>
      <trkpt lat="55.678701" lon="12.612561"><ele>1.2</ele><time>2026-08-20T11:26:16.000Z</time><extensions><gpxtpx:TrackPointExtension><gpxtpx:hr>136</gpxtpx:hr></gpxtpx:TrackPointExtension></extensions></trkpt>
      <trkpt lat="55.678725" lon="12.612575"><ele>1.2</ele><time>2026-08-20T11:26:17.000Z</time><extensions><gpxtpx:TrackPointExtension><gpxtpx:hr>136</gpxtpx:hr></gpxtpx:TrackPointExtension></extensions></trkpt>
      <trkpt lat="55.678748" lon="12.612588"><ele>1.2</ele><time>2026-08-20T11:26:18.000Z</time><extensions><gpxtpx:TrackPointExtension><gpxtpx:hr>136</gpxtpx:hr></gpxtpx:TrackPointExtension></extensions></trkpt>
      <trkpt lat="55.678773" lon="12.6126"><ele>1.2</ele><time>2026-08-20T11:26:19.000Z</time><extensions><gpxtpx:TrackPointExtension><gpxtpx:hr>136</gpxtpx:hr></gpxtpx:TrackPointExtension></extensions></trkpt>
      <trkpt lat="55.678798" lon="12.61261"><ele>1.2</ele><time>2026-08-20T11:26:20.000Z</time><extensions><gpxtpx:TrackPointExtension><gpxtpx:hr>136</gpxtpx:hr></gpxtpx:TrackPointExtension></extensions></trkpt>
      <trkpt lat="55.678823" lon="12.61262"><ele>1.2</ele><time>2026-08-20T11:26:21.000Z</time><extensions><gpxtpx:TrackPointExtension><gpxtpx:hr>136</gpxtpx:hr></gpxtpx:TrackPointExtension></extensions></trkpt>
      <trkpt lat="55.678848" lon="12.61263"><ele>1.2</ele><time>2026-08-20T11:26:22.000Z</time><extensions><gpxtpx:TrackPointExtension><gpxtpx:hr>136</gpxtpx:hr></gpxtpx:TrackPointExtension></extensions></trkpt>
      <trkpt lat="55.678872" lon="12.612642"><ele>1.2</ele><time>2026-08-20T11:26:23.000Z</time><extensions><gpxtpx:TrackPointExtension><gpxtpx:hr>136</gpxtpx:hr></gpxtpx:TrackPointExtension></extensions></trkpt>
      <trkpt lat="55.678895" lon="12.612654"><ele>1.2</ele><time>2026-08-20T11:26:24.000Z</time><extensions><gpxtpx:TrackPointExtension><gpxtpx:hr>136</gpxtpx:hr></gpxtpx:TrackPointExtension></extensions></trkpt>
      <trkpt lat="55.678919" lon="12.612666"><ele>1.2</ele><time>2026-08-20T11:26:25.000Z</time><extensions><gpxtpx:TrackPointExtension><gpxtpx:hr>136</gpxtpx:hr></gpxtpx:TrackPointExtension></extensions></trkpt>
      <trkpt lat="55.678944" lon="12.612678"><ele>1.2</ele><time>2026-08-20T11:26:26.000Z</time><extensions><gpxtpx:TrackPointExtension><gpxtpx:hr>136</gpxtpx:hr></gpxtpx:TrackPointExtension></extensions></trkpt>
      <trkpt lat="55.678969" lon="12.612689"><ele>1.2</ele><time>2026-08-20T11:26:27.000Z</time><extensions><gpxtpx:TrackPointExtension><gpxtpx:hr>136</gpxtpx:hr></gpxtpx:TrackPointExtension></extensions></trkpt>
      <trkpt lat="55.678995" lon="12.6127"><ele>1</ele><time>2026-08-20T11:26:28.000Z</time><extensions><gpxtpx:TrackPointExtension><gpxtpx:hr>136</gpxtpx:hr></gpxtpx:TrackPointExtension></extensions></trkpt>
      <trkpt lat="55.679019" lon="12.612709"><ele>1</ele><time>2026-08-20T11:26:29.000Z</time><extensions><gpxtpx:TrackPointExtension><gpxtpx:hr>136</gpxtpx:hr></gpxtpx:TrackPointExtension></extensions></trkpt>
      <trkpt lat="55.679044" lon="12.612717"><ele>1</ele><time>2026-08-20T11:26:30.000Z</time><extensions><gpxtpx:TrackPointExtension><gpxtpx:hr>137</gpxtpx:hr></gpxtpx:TrackPointExtension></extensions></trkpt>
      <trkpt lat="55.679068" lon="12.612726"><ele>1</ele><time>2026-08-20T11:26:31.000Z</time><extensions><gpxtpx:TrackPointExtension><gpxtpx:hr>137</gpxtpx:hr></gpxtpx:TrackPointExtension></extensions></trkpt>
      <trkpt lat="55.679093" lon="12.612734"><ele>1</ele><time>2026-08-20T11:26:32.000Z</time><extensions><gpxtpx:TrackPointExtension><gpxtpx:hr>137</gpxtpx:hr></gpxtpx:TrackPointExtension></extensions></trkpt>
      <trkpt lat="55.679116" lon="12.612743"><ele>1</ele><time>2026-08-20T11:26:33.000Z</time><extensions><gpxtpx:TrackPointExtension><gpxtpx:hr>137</gpxtpx:hr></gpxtpx:TrackPointExtension></extensions></trkpt>
      <trkpt lat="55.679139" lon="12.612751"><ele>1</ele><time>2026-08-20T11:26:34.000Z</time><extensions><gpxtpx:TrackPointExtension><gpxtpx:hr>137</gpxtpx:hr></gpxtpx:TrackPointExtension></extensions></trkpt>
      <trkpt lat="55.679162" lon="12.612758"><ele>1</ele><time>2026-08-20T11:26:35.000Z</time><extensions><gpxtpx:TrackPointExtension><gpxtpx:hr>137</gpxtpx:hr></gpxtpx:TrackPointExtension></extensions></trkpt>
      <trkpt lat="55.679186" lon="12.612766"><ele>1</ele><time>2026-08-20T11:26:36.000Z</time><extensions><gpxtpx:TrackPointExtension><gpxtpx:hr>137</gpxtpx:hr></gpxtpx:TrackPointExtension></extensions></trkpt>
      <trkpt lat="55.679209" lon="12.612774"><ele>1.2</ele><time>2026-08-20T11:26:37.000Z</time><extensions><gpxtpx:TrackPointExtension><gpxtpx:hr>138</gpxtpx:hr></gpxtpx:TrackPointExtension></extensions></trkpt>
      <trkpt lat="55.679233" lon="12.612781"><ele>1.2</ele><time>2026-08-20T11:26:38.000Z</time><extensions><gpxtpx:TrackPointExtension><gpxtpx:hr>138</gpxtpx:hr></gpxtpx:TrackPointExtension></extensions></trkpt>
      <trkpt lat="55.679256" lon="12.612789"><ele>1.2</ele><time>2026-08-20T11:26:39.000Z</time><extensions><gpxtpx:TrackPointExtension><gpxtpx:hr>138</gpxtpx:hr></gpxtpx:TrackPointExtension></extensions></trkpt>
      <trkpt lat="55.679279" lon="12.612797"><ele>1.2</ele><time>2026-08-20T11:26:40.000Z</time><extensions><gpxtpx:TrackPointExtension><gpxtpx:hr>138</gpxtpx:hr></gpxtpx:TrackPointExtension></extensions></trkpt>
      <trkpt lat="55.679302" lon="12.612805"><ele>1.2</ele><time>2026-08-20T11:26:41.000Z</time><extensions><gpxtpx:TrackPointExtension><gpxtpx:hr>138</gpxtpx:hr></gpxtpx:TrackPointExtension></extensions></trkpt>
      <trkpt lat="55.679326" lon="12.612812"><ele>1.2</ele><time>2026-08-20T11:26:42.000Z</time><extensions><gpxtpx:TrackPointExtension><gpxtpx:hr>138</gpxtpx:hr></gpxtpx:TrackPointExtension></extensions></trkpt>
      <trkpt lat="55.679349" lon="12.612818"><ele>1.2</ele><time>2026-08-20T11:26:43.000Z</time><extensions><gpxtpx:TrackPointExtension><gpxtpx:hr>138</gpxtpx:hr></gpxtpx:TrackPointExtension></extensions></trkpt>
      <trkpt lat="55.679372" lon="12.612823"><ele>1.2</ele><time>2026-08-20T11:26:44.000Z</time><extensions><gpxtpx:TrackPointExtension><gpxtpx:hr>138</gpxtpx:hr></gpxtpx:TrackPointExtension></extensions></trkpt>
      <trkpt lat="55.679395" lon="12.612829"><ele>1.2</ele><time>2026-08-20T11:26:45.000Z</time><extensions><gpxtpx:TrackPointExtension><gpxtpx:hr>138</gpxtpx:hr></gpxtpx:TrackPointExtension></extensions></trkpt>
      <trkpt lat="55.679418" lon="12.612836"><ele>1.2</ele><time>2026-08-20T11:26:46.000Z</time><extensions><gpxtpx:TrackPointExtension><gpxtpx:hr>138</gpxtpx:hr></gpxtpx:TrackPointExtension></extensions></trkpt>
      <trkpt lat="55.679441" lon="12.612843"><ele>1.2</ele><time>2026-08-20T11:26:47.000Z</time><extensions><gpxtpx:TrackPointExtension><gpxtpx:hr>138</gpxtpx:hr></gpxtpx:TrackPointExtension></extensions></trkpt>
      <trkpt lat="55.679465" lon="12.612852"><ele>1.2</ele><time>2026-08-20T11:26:48.000Z</time><extensions><gpxtpx:TrackPointExtension><gpxtpx:hr>138</gpxtpx:hr></gpxtpx:TrackPointExtension></extensions></trkpt>
      <trkpt lat="55.679489" lon="12.612862"><ele>1.2</ele><time>2026-08-20T11:26:49.000Z</time><extensions><gpxtpx:TrackPointExtension><gpxtpx:hr>138</gpxtpx:hr></gpxtpx:TrackPointExtension></extensions></trkpt>
      <trkpt lat="55.679513" lon="12.612876"><ele>1.2</ele><time>2026-08-20T11:26:50.000Z</time><extensions><gpxtpx:TrackPointExtension><gpxtpx:hr>139</gpxtpx:hr></gpxtpx:TrackPointExtension></extensions></trkpt>
      <trkpt lat="55.679536" lon="12.612893"><ele>1.2</ele><time>2026-08-20T11:26:51.000Z</time><extensions><gpxtpx:TrackPointExtension><gpxtpx:hr>139</gpxtpx:hr></gpxtpx:TrackPointExtension></extensions></trkpt>
      <trkpt lat="55.679558" lon="12.612911"><ele>1.2</ele><time>2026-08-20T11:26:52.000Z</time><extensions><gpxtpx:TrackPointExtension><gpxtpx:hr>139</gpxtpx:hr></gpxtpx:TrackPointExtension></extensions></trkpt>
      <trkpt lat="55.679579" lon="12.612929"><ele>1.2</ele><time>2026-08-20T11:26:53.000Z</time><extensions><gpxtpx:TrackPointExtension><gpxtpx:hr>139</gpxtpx:hr></gpxtpx:TrackPointExtension></extensions></trkpt>
      <trkpt lat="55.6796" lon="12.612948"><ele>1.2</ele><time>2026-08-20T11:26:54.000Z</time><extensions><gpxtpx:TrackPointExtension><gpxtpx:hr>139</gpxtpx:hr></gpxtpx:TrackPointExtension></extensions></trkpt>
      <trkpt lat="55.679619" lon="12.612972"><ele>1.2</ele><time>2026-08-20T11:26:55.000Z</time><extensions><gpxtpx:TrackPointExtension><gpxtpx:hr>139</gpxtpx:hr></gpxtpx:TrackPointExtension></extensions></trkpt>
      <trkpt lat="55.679637" lon="12.612999"><ele>1.2</ele><time>2026-08-20T11:26:56.000Z</time><extensions><gpxtpx:TrackPointExtension><gpxtpx:hr>140</gpxtpx:hr></gpxtpx:TrackPointExtension></extensions></trkpt>
      <trkpt lat="55.679654" lon="12.613031"><ele>1.2</ele><time>2026-08-20T11:26:57.000Z</time><extensions><gpxtpx:TrackPointExtension><gpxtpx:hr>140</gpxtpx:hr></gpxtpx:TrackPointExtension></extensions></trkpt>
      <trkpt lat="55.67967" lon="12.613065"><ele>1.2</ele><time>2026-08-20T11:26:58.000Z</time><extensions><gpxtpx:TrackPointExtension><gpxtpx:hr>139</gpxtpx:hr></gpxtpx:TrackPointExtension></extensions></trkpt>
      <trkpt lat="55.679684" lon="12.6131"><ele>1.2</ele><time>2026-08-20T11:26:59.000Z</time><extensions><gpxtpx:TrackPointExtension><gpxtpx:hr>139</gpxtpx:hr></gpxtpx:TrackPointExtension></extensions></trkpt>
      <trkpt lat="55.679697" lon="12.613135"><ele>1.2</ele><time>2026-08-20T11:27:00.000Z</time><extensions><gpxtpx:TrackPointExtension><gpxtpx:hr>139</gpxtpx:hr></gpxtpx:TrackPointExtension></extensions></trkpt>
      <trkpt lat="55.67971" lon="12.61317"><ele>1.2</ele><time>2026-08-20T11:27:01.000Z</time><extensions><gpxtpx:TrackPointExtension><gpxtpx:hr>139</gpxtpx:hr></gpxtpx:TrackPointExtension></extensions></trkpt>
      <trkpt lat="55.679721" lon="12.613206"><ele>1.2</ele><time>2026-08-20T11:27:02.000Z</time><extensions><gpxtpx:TrackPointExtension><gpxtpx:hr>139</gpxtpx:hr></gpxtpx:TrackPointExtension></extensions></trkpt>
      <trkpt lat="55.679732" lon="12.613242"><ele>1.2</ele><time>2026-08-20T11:27:03.000Z</time><extensions><gpxtpx:TrackPointExtension><gpxtpx:hr>139</gpxtpx:hr></gpxtpx:TrackPointExtension></extensions></trkpt>
      <trkpt lat="55.679743" lon="12.613278"><ele>1.2</ele><time>2026-08-20T11:27:04.000Z</time><extensions><gpxtpx:TrackPointExtension><gpxtpx:hr>139</gpxtpx:hr></gpxtpx:TrackPointExtension></extensions></trkpt>
      <trkpt lat="55.679754" lon="12.613314"><ele>1.2</ele><time>2026-08-20T11:27:05.000Z</time><extensions><gpxtpx:TrackPointExtension><gpxtpx:hr>139</gpxtpx:hr></gpxtpx:TrackPointExtension></extensions></trkpt>
      <trkpt lat="55.679766" lon="12.613348"><ele>1.2</ele><time>2026-08-20T11:27:06.000Z</time><extensions><gpxtpx:TrackPointExtension><gpxtpx:hr>139</gpxtpx:hr></gpxtpx:TrackPointExtension></extensions></trkpt>
      <trkpt lat="55.679777" lon="12.613383"><ele>1.2</ele><time>2026-08-20T11:27:07.000Z</time><extensions><gpxtpx:TrackPointExtension><gpxtpx:hr>136</gpxtpx:hr></gpxtpx:TrackPointExtension></extensions></trkpt>
      <trkpt lat="55.679787" lon="12.613416"><ele>1.2</ele><time>2026-08-20T11:27:08.000Z</time><extensions><gpxtpx:TrackPointExtension><gpxtpx:hr>136</gpxtpx:hr></gpxtpx:TrackPointExtension></extensions></trkpt>
      <trkpt lat="55.679797" lon="12.613447"><ele>1.2</ele><time>2026-08-20T11:27:09.000Z</time><extensions><gpxtpx:TrackPointExtension><gpxtpx:hr>136</gpxtpx:hr></gpxtpx:TrackPointExtension></extensions></trkpt>
      <trkpt lat="55.679809" lon="12.613474"><ele>1.2</ele><time>2026-08-20T11:27:10.000Z</time><extensions><gpxtpx:TrackPointExtension><gpxtpx:hr>135</gpxtpx:hr></gpxtpx:TrackPointExtension></extensions></trkpt>
      <trkpt lat="55.679823" lon="12.613494"><ele>1.2</ele><time>2026-08-20T11:27:11.000Z</time><extensions><gpxtpx:TrackPointExtension><gpxtpx:hr>135</gpxtpx:hr></gpxtpx:TrackPointExtension></extensions></trkpt>
      <trkpt lat="55.679839" lon="12.613506"><ele>1.2</ele><time>2026-08-20T11:27:12.000Z</time><extensions><gpxtpx:TrackPointExtension><gpxtpx:hr>135</gpxtpx:hr></gpxtpx:TrackPointExtension></extensions></trkpt>
      <trkpt lat="55.679855" lon="12.613511"><ele>1.2</ele><time>2026-08-20T11:27:13.000Z</time><extensions><gpxtpx:TrackPointExtension><gpxtpx:hr>135</gpxtpx:hr></gpxtpx:TrackPointExtension></extensions></trkpt>
      <trkpt lat="55.679871" lon="12.613511"><ele>1.2</ele><time>2026-08-20T11:27:14.000Z</time><extensions><gpxtpx:TrackPointExtension><gpxtpx:hr>135</gpxtpx:hr></gpxtpx:TrackPointExtension></extensions></trkpt>
      <trkpt lat="55.679888" lon="12.613506"><ele>1.2</ele><time>2026-08-20T11:27:15.000Z</time><extensions><gpxtpx:TrackPointExtension><gpxtpx:hr>135</gpxtpx:hr></gpxtpx:TrackPointExtension></extensions></trkpt>
      <trkpt lat="55.679903" lon="12.613495"><ele>1.2</ele><time>2026-08-20T11:27:16.000Z</time><extensions><gpxtpx:TrackPointExtension><gpxtpx:hr>135</gpxtpx:hr></gpxtpx:TrackPointExtension></extensions></trkpt>
      <trkpt lat="55.679918" lon="12.613477"><ele>1.2</ele><time>2026-08-20T11:27:17.000Z</time><extensions><gpxtpx:TrackPointExtension><gpxtpx:hr>135</gpxtpx:hr></gpxtpx:TrackPointExtension></extensions></trkpt>
      <trkpt lat="55.679932" lon="12.613452"><ele>1.2</ele><time>2026-08-20T11:27:18.000Z</time><extensions><gpxtpx:TrackPointExtension><gpxtpx:hr>135</gpxtpx:hr></gpxtpx:TrackPointExtension></extensions></trkpt>
      <trkpt lat="55.679945" lon="12.613423"><ele>1.2</ele><time>2026-08-20T11:27:19.000Z</time><extensions><gpxtpx:TrackPointExtension><gpxtpx:hr>135</gpxtpx:hr></gpxtpx:TrackPointExtension></extensions></trkpt>
      <trkpt lat="55.679958" lon="12.613392"><ele>1.2</ele><time>2026-08-20T11:27:20.000Z</time><extensions><gpxtpx:TrackPointExtension><gpxtpx:hr>134</gpxtpx:hr></gpxtpx:TrackPointExtension></extensions></trkpt>
      <trkpt lat="55.679972" lon="12.613362"><ele>1</ele><time>2026-08-20T11:27:21.000Z</time><extensions><gpxtpx:TrackPointExtension><gpxtpx:hr>134</gpxtpx:hr></gpxtpx:TrackPointExtension></extensions></trkpt>
      <trkpt lat="55.679986" lon="12.613333"><ele>1</ele><time>2026-08-20T11:27:22.000Z</time><extensions><gpxtpx:TrackPointExtension><gpxtpx:hr>134</gpxtpx:hr></gpxtpx:TrackPointExtension></extensions></trkpt>
      <trkpt lat="55.68" lon="12.613304"><ele>1</ele><time>2026-08-20T11:27:23.000Z</time><extensions><gpxtpx:TrackPointExtension><gpxtpx:hr>134</gpxtpx:hr></gpxtpx:TrackPointExtension></extensions></trkpt>
      <trkpt lat="55.680014" lon="12.613275"><ele>1</ele><time>2026-08-20T11:27:24.000Z</time><extensions><gpxtpx:TrackPointExtension><gpxtpx:hr>136</gpxtpx:hr></gpxtpx:TrackPointExtension></extensions></trkpt>
      <trkpt lat="55.680029" lon="12.613246"><ele>1</ele><time>2026-08-20T11:27:25.000Z</time><extensions><gpxtpx:TrackPointExtension><gpxtpx:hr>136</gpxtpx:hr></gpxtpx:TrackPointExtension></extensions></trkpt>
      <trkpt lat="55.680044" lon="12.613217"><ele>1</ele><time>2026-08-20T11:27:26.000Z</time><extensions><gpxtpx:TrackPointExtension><gpxtpx:hr>136</gpxtpx:hr></gpxtpx:TrackPointExtension></extensions></trkpt>
      <trkpt lat="55.680059" lon="12.613189"><ele>1</ele><time>2026-08-20T11:27:27.000Z</time><extensions><gpxtpx:TrackPointExtension><gpxtpx:hr>136</gpxtpx:hr></gpxtpx:TrackPointExtension></extensions></trkpt>
      <trkpt lat="55.680073" lon="12.613161"><ele>1</ele><time>2026-08-20T11:27:28.000Z</time><extensions><gpxtpx:TrackPointExtension><gpxtpx:hr>136</gpxtpx:hr></gpxtpx:TrackPointExtension></extensions></trkpt>
      <trkpt lat="55.680089" lon="12.613136"><ele>0.8</ele><time>2026-08-20T11:27:29.000Z</time><extensions><gpxtpx:TrackPointExtension><gpxtpx:hr>136</gpxtpx:hr></gpxtpx:TrackPointExtension></extensions></trkpt>
      <trkpt lat="55.680107" lon="12.613112"><ele>0.8</ele><time>2026-08-20T11:27:30.000Z</time><extensions><gpxtpx:TrackPointExtension><gpxtpx:hr>136</gpxtpx:hr></gpxtpx:TrackPointExtension></extensions></trkpt>
      <trkpt lat="55.680126" lon="12.613092"><ele>0.8</ele><time>2026-08-20T11:27:31.000Z</time><extensions><gpxtpx:TrackPointExtension><gpxtpx:hr>136</gpxtpx:hr></gpxtpx:TrackPointExtension></extensions></trkpt>
      <trkpt lat="55.680146" lon="12.613074"><ele>0.8</ele><time>2026-08-20T11:27:32.000Z</time><extensions><gpxtpx:TrackPointExtension><gpxtpx:hr>136</gpxtpx:hr></gpxtpx:TrackPointExtension></extensions></trkpt>
      <trkpt lat="55.680165" lon="12.613061"><ele>0.8</ele><time>2026-08-20T11:27:33.000Z</time><extensions><gpxtpx:TrackPointExtension><gpxtpx:hr>136</gpxtpx:hr></gpxtpx:TrackPointExtension></extensions></trkpt>
      <trkpt lat="55.680186" lon="12.613049"><ele>1</ele><time>2026-08-20T11:27:34.000Z</time><extensions><gpxtpx:TrackPointExtension><gpxtpx:hr>136</gpxtpx:hr></gpxtpx:TrackPointExtension></extensions></trkpt>
      <trkpt lat="55.680207" lon="12.613041"><ele>1</ele><time>2026-08-20T11:27:35.000Z</time><extensions><gpxtpx:TrackPointExtension><gpxtpx:hr>136</gpxtpx:hr></gpxtpx:TrackPointExtension></extensions></trkpt>
      <trkpt lat="55.680228" lon="12.613038"><ele>1</ele><time>2026-08-20T11:27:36.000Z</time><extensions><gpxtpx:TrackPointExtension><gpxtpx:hr>136</gpxtpx:hr></gpxtpx:TrackPointExtension></extensions></trkpt>
      <trkpt lat="55.68025" lon="12.613039"><ele>1</ele><time>2026-08-20T11:27:37.000Z</time><extensions><gpxtpx:TrackPointExtension><gpxtpx:hr>136</gpxtpx:hr></gpxtpx:TrackPointExtension></extensions></trkpt>
      <trkpt lat="55.680272" lon="12.613042"><ele>1</ele><time>2026-08-20T11:27:38.000Z</time><extensions><gpxtpx:TrackPointExtension><gpxtpx:hr>136</gpxtpx:hr></gpxtpx:TrackPointExtension></extensions></trkpt>
      <trkpt lat="55.680293" lon="12.613047"><ele>1</ele><time>2026-08-20T11:27:39.000Z</time><extensions><gpxtpx:TrackPointExtension><gpxtpx:hr>136</gpxtpx:hr></gpxtpx:TrackPointExtension></extensions></trkpt>
      <trkpt lat="55.680313" lon="12.613053"><ele>1</ele><time>2026-08-20T11:27:40.000Z</time><extensions><gpxtpx:TrackPointExtension><gpxtpx:hr>136</gpxtpx:hr></gpxtpx:TrackPointExtension></extensions></trkpt>
      <trkpt lat="55.680334" lon="12.613058"><ele>1</ele><time>2026-08-20T11:27:41.000Z</time><extensions><gpxtpx:TrackPointExtension><gpxtpx:hr>136</gpxtpx:hr></gpxtpx:TrackPointExtension></extensions></trkpt>
      <trkpt lat="55.680355" lon="12.613063"><ele>1</ele><time>2026-08-20T11:27:42.000Z</time><extensions><gpxtpx:TrackPointExtension><gpxtpx:hr>136</gpxtpx:hr></gpxtpx:TrackPointExtension></extensions></trkpt>
      <trkpt lat="55.680377" lon="12.613069"><ele>1</ele><time>2026-08-20T11:27:43.000Z</time><extensions><gpxtpx:TrackPointExtension><gpxtpx:hr>135</gpxtpx:hr></gpxtpx:TrackPointExtension></extensions></trkpt>
      <trkpt lat="55.6804" lon="12.613075"><ele>1</ele><time>2026-08-20T11:27:44.000Z</time><extensions><gpxtpx:TrackPointExtension><gpxtpx:hr>135</gpxtpx:hr></gpxtpx:TrackPointExtension></extensions></trkpt>
      <trkpt lat="55.680423" lon="12.613081"><ele>1</ele><time>2026-08-20T11:27:45.000Z</time><extensions><gpxtpx:TrackPointExtension><gpxtpx:hr>135</gpxtpx:hr></gpxtpx:TrackPointExtension></extensions></trkpt>
      <trkpt lat="55.680446" lon="12.613088"><ele>1</ele><time>2026-08-20T11:27:46.000Z</time><extensions><gpxtpx:TrackPointExtension><gpxtpx:hr>135</gpxtpx:hr></gpxtpx:TrackPointExtension></extensions></trkpt>
      <trkpt lat="55.680469" lon="12.613096"><ele>1</ele><time>2026-08-20T11:27:47.000Z</time><extensions><gpxtpx:TrackPointExtension><gpxtpx:hr>135</gpxtpx:hr></gpxtpx:TrackPointExtension></extensions></trkpt>
      <trkpt lat="55.680491" lon="12.613105"><ele>1</ele><time>2026-08-20T11:27:48.000Z</time><extensions><gpxtpx:TrackPointExtension><gpxtpx:hr>135</gpxtpx:hr></gpxtpx:TrackPointExtension></extensions></trkpt>
      <trkpt lat="55.680513" lon="12.613116"><ele>1</ele><time>2026-08-20T11:27:49.000Z</time><extensions><gpxtpx:TrackPointExtension><gpxtpx:hr>135</gpxtpx:hr></gpxtpx:TrackPointExtension></extensions></trkpt>
      <trkpt lat="55.680536" lon="12.613126"><ele>1</ele><time>2026-08-20T11:27:50.000Z</time><extensions><gpxtpx:TrackPointExtension><gpxtpx:hr>135</gpxtpx:hr></gpxtpx:TrackPointExtension></extensions></trkpt>
      <trkpt lat="55.680558" lon="12.613137"><ele>1</ele><time>2026-08-20T11:27:51.000Z</time><extensions><gpxtpx:TrackPointExtension><gpxtpx:hr>135</gpxtpx:hr></gpxtpx:TrackPointExtension></extensions></trkpt>
      <trkpt lat="55.680581" lon="12.613147"><ele>1</ele><time>2026-08-20T11:27:52.000Z</time><extensions><gpxtpx:TrackPointExtension><gpxtpx:hr>134</gpxtpx:hr></gpxtpx:TrackPointExtension></extensions></trkpt>
      <trkpt lat="55.680604" lon="12.613158"><ele>1</ele><time>2026-08-20T11:27:53.000Z</time><extensions><gpxtpx:TrackPointExtension><gpxtpx:hr>134</gpxtpx:hr></gpxtpx:TrackPointExtension></extensions></trkpt>
      <trkpt lat="55.680626" lon="12.613168"><ele>1</ele><time>2026-08-20T11:27:54.000Z</time><extensions><gpxtpx:TrackPointExtension><gpxtpx:hr>134</gpxtpx:hr></gpxtpx:TrackPointExtension></extensions></trkpt>
      <trkpt lat="55.680648" lon="12.613178"><ele>1</ele><time>2026-08-20T11:27:55.000Z</time><extensions><gpxtpx:TrackPointExtension><gpxtpx:hr>134</gpxtpx:hr></gpxtpx:TrackPointExtension></extensions></trkpt>
      <trkpt lat="55.680669" lon="12.613186"><ele>1</ele><time>2026-08-20T11:27:56.000Z</time><extensions><gpxtpx:TrackPointExtension><gpxtpx:hr>134</gpxtpx:hr></gpxtpx:TrackPointExtension></extensions></trkpt>
      <trkpt lat="55.68069" lon="12.613191"><ele>1</ele><time>2026-08-20T11:27:57.000Z</time><extensions><gpxtpx:TrackPointExtension><gpxtpx:hr>134</gpxtpx:hr></gpxtpx:TrackPointExtension></extensions></trkpt>
      <trkpt lat="55.680711" lon="12.613196"><ele>1</ele><time>2026-08-20T11:27:58.000Z</time><extensions><gpxtpx:TrackPointExtension><gpxtpx:hr>134</gpxtpx:hr></gpxtpx:TrackPointExtension></extensions></trkpt>
      <trkpt lat="55.680732" lon="12.6132"><ele>1</ele><time>2026-08-20T11:27:59.000Z</time><extensions><gpxtpx:TrackPointExtension><gpxtpx:hr>134</gpxtpx:hr></gpxtpx:TrackPointExtension></extensions></trkpt>
      <trkpt lat="55.680754" lon="12.613204"><ele>1</ele><time>2026-08-20T11:28:00.000Z</time><extensions><gpxtpx:TrackPointExtension><gpxtpx:hr>134</gpxtpx:hr></gpxtpx:TrackPointExtension></extensions></trkpt>
      <trkpt lat="55.680777" lon="12.613209"><ele>1.2</ele><time>2026-08-20T11:28:01.000Z</time><extensions><gpxtpx:TrackPointExtension><gpxtpx:hr>134</gpxtpx:hr></gpxtpx:TrackPointExtension></extensions></trkpt>
      <trkpt lat="55.6808" lon="12.613214"><ele>1.2</ele><time>2026-08-20T11:28:02.000Z</time><extensions><gpxtpx:TrackPointExtension><gpxtpx:hr>134</gpxtpx:hr></gpxtpx:TrackPointExtension></extensions></trkpt>
      <trkpt lat="55.680822" lon="12.613218"><ele>1.2</ele><time>2026-08-20T11:28:03.000Z</time><extensions><gpxtpx:TrackPointExtension><gpxtpx:hr>134</gpxtpx:hr></gpxtpx:TrackPointExtension></extensions></trkpt>
      <trkpt lat="55.680844" lon="12.613223"><ele>1.2</ele><time>2026-08-20T11:28:04.000Z</time><extensions><gpxtpx:TrackPointExtension><gpxtpx:hr>134</gpxtpx:hr></gpxtpx:TrackPointExtension></extensions></trkpt>
      <trkpt lat="55.680864" lon="12.613229"><ele>1.2</ele><time>2026-08-20T11:28:05.000Z</time><extensions><gpxtpx:TrackPointExtension><gpxtpx:hr>134</gpxtpx:hr></gpxtpx:TrackPointExtension></extensions></trkpt>
      <trkpt lat="55.680885" lon="12.613238"><ele>1.2</ele><time>2026-08-20T11:28:06.000Z</time><extensions><gpxtpx:TrackPointExtension><gpxtpx:hr>134</gpxtpx:hr></gpxtpx:TrackPointExtension></extensions></trkpt>
      <trkpt lat="55.680906" lon="12.613247"><ele>1.2</ele><time>2026-08-20T11:28:07.000Z</time><extensions><gpxtpx:TrackPointExtension><gpxtpx:hr>133</gpxtpx:hr></gpxtpx:TrackPointExtension></extensions></trkpt>
      <trkpt lat="55.680926" lon="12.613255"><ele>1.2</ele><time>2026-08-20T11:28:08.000Z</time><extensions><gpxtpx:TrackPointExtension><gpxtpx:hr>133</gpxtpx:hr></gpxtpx:TrackPointExtension></extensions></trkpt>
      <trkpt lat="55.680946" lon="12.61326"><ele>1.2</ele><time>2026-08-20T11:28:09.000Z</time><extensions><gpxtpx:TrackPointExtension><gpxtpx:hr>133</gpxtpx:hr></gpxtpx:TrackPointExtension></extensions></trkpt>
      <trkpt lat="55.680967" lon="12.613266"><ele>1.2</ele><time>2026-08-20T11:28:10.000Z</time><extensions><gpxtpx:TrackPointExtension><gpxtpx:hr>133</gpxtpx:hr></gpxtpx:TrackPointExtension></extensions></trkpt>
      <trkpt lat="55.680988" lon="12.613273"><ele>1.2</ele><time>2026-08-20T11:28:11.000Z</time><extensions><gpxtpx:TrackPointExtension><gpxtpx:hr>133</gpxtpx:hr></gpxtpx:TrackPointExtension></extensions></trkpt>
      <trkpt lat="55.68101" lon="12.613281"><ele>1.2</ele><time>2026-08-20T11:28:12.000Z</time><extensions><gpxtpx:TrackPointExtension><gpxtpx:hr>133</gpxtpx:hr></gpxtpx:TrackPointExtension></extensions></trkpt>
      <trkpt lat="55.681032" lon="12.613289"><ele>1.2</ele><time>2026-08-20T11:28:13.000Z</time><extensions><gpxtpx:TrackPointExtension><gpxtpx:hr>133</gpxtpx:hr></gpxtpx:TrackPointExtension></extensions></trkpt>
      <trkpt lat="55.681054" lon="12.613294"><ele>1.2</ele><time>2026-08-20T11:28:14.000Z</time><extensions><gpxtpx:TrackPointExtension><gpxtpx:hr>133</gpxtpx:hr></gpxtpx:TrackPointExtension></extensions></trkpt>
      <trkpt lat="55.681075" lon="12.613299"><ele>1.2</ele><time>2026-08-20T11:28:15.000Z</time><extensions><gpxtpx:TrackPointExtension><gpxtpx:hr>133</gpxtpx:hr></gpxtpx:TrackPointExtension></extensions></trkpt>
      <trkpt lat="55.681096" lon="12.613303"><ele>1</ele><time>2026-08-20T11:28:16.000Z</time><extensions><gpxtpx:TrackPointExtension><gpxtpx:hr>133</gpxtpx:hr></gpxtpx:TrackPointExtension></extensions></trkpt>
      <trkpt lat="55.681117" lon="12.613307"><ele>1</ele><time>2026-08-20T11:28:17.000Z</time><extensions><gpxtpx:TrackPointExtension><gpxtpx:hr>132</gpxtpx:hr></gpxtpx:TrackPointExtension></extensions></trkpt>
      <trkpt lat="55.681138" lon="12.613311"><ele>1</ele><time>2026-08-20T11:28:18.000Z</time><extensions><gpxtpx:TrackPointExtension><gpxtpx:hr>133</gpxtpx:hr></gpxtpx:TrackPointExtension></extensions></trkpt>
      <trkpt lat="55.681159" lon="12.613313"><ele>1</ele><time>2026-08-20T11:28:19.000Z</time><extensions><gpxtpx:TrackPointExtension><gpxtpx:hr>133</gpxtpx:hr></gpxtpx:TrackPointExtension></extensions></trkpt>
      <trkpt lat="55.68118" lon="12.613314"><ele>1</ele><time>2026-08-20T11:28:20.000Z</time><extensions><gpxtpx:TrackPointExtension><gpxtpx:hr>133</gpxtpx:hr></gpxtpx:TrackPointExtension></extensions></trkpt>
      <trkpt lat="55.681201" lon="12.613314"><ele>1</ele><time>2026-08-20T11:28:21.000Z</time><extensions><gpxtpx:TrackPointExtension><gpxtpx:hr>133</gpxtpx:hr></gpxtpx:TrackPointExtension></extensions></trkpt>
      <trkpt lat="55.681222" lon="12.613313"><ele>1</ele><time>2026-08-20T11:28:22.000Z</time><extensions><gpxtpx:TrackPointExtension><gpxtpx:hr>133</gpxtpx:hr></gpxtpx:TrackPointExtension></extensions></trkpt>
      <trkpt lat="55.681243" lon="12.613313"><ele>1</ele><time>2026-08-20T11:28:23.000Z</time><extensions><gpxtpx:TrackPointExtension><gpxtpx:hr>133</gpxtpx:hr></gpxtpx:TrackPointExtension></extensions></trkpt>
      <trkpt lat="55.681265" lon="12.613314"><ele>1</ele><time>2026-08-20T11:28:24.000Z</time><extensions><gpxtpx:TrackPointExtension><gpxtpx:hr>133</gpxtpx:hr></gpxtpx:TrackPointExtension></extensions></trkpt>
      <trkpt lat="55.681286" lon="12.613316"><ele>1</ele><time>2026-08-20T11:28:25.000Z</time><extensions><gpxtpx:TrackPointExtension><gpxtpx:hr>133</gpxtpx:hr></gpxtpx:TrackPointExtension></extensions></trkpt>
      <trkpt lat="55.681307" lon="12.613319"><ele>1</ele><time>2026-08-20T11:28:26.000Z</time><extensions><gpxtpx:TrackPointExtension><gpxtpx:hr>132</gpxtpx:hr></gpxtpx:TrackPointExtension></extensions></trkpt>
      <trkpt lat="55.681327" lon="12.613322"><ele>1</ele><time>2026-08-20T11:28:27.000Z</time><extensions><gpxtpx:TrackPointExtension><gpxtpx:hr>132</gpxtpx:hr></gpxtpx:TrackPointExtension></extensions></trkpt>
      <trkpt lat="55.681347" lon="12.613327"><ele>1</ele><time>2026-08-20T11:28:28.000Z</time><extensions><gpxtpx:TrackPointExtension><gpxtpx:hr>132</gpxtpx:hr></gpxtpx:TrackPointExtension></extensions></trkpt>
      <trkpt lat="55.681366" lon="12.613333"><ele>1</ele><time>2026-08-20T11:28:29.000Z</time><extensions><gpxtpx:TrackPointExtension><gpxtpx:hr>132</gpxtpx:hr></gpxtpx:TrackPointExtension></extensions></trkpt>
      <trkpt lat="55.681386" lon="12.613338"><ele>1</ele><time>2026-08-20T11:28:30.000Z</time><extensions><gpxtpx:TrackPointExtension><gpxtpx:hr>132</gpxtpx:hr></gpxtpx:TrackPointExtension></extensions></trkpt>
      <trkpt lat="55.681406" lon="12.613343"><ele>1</ele><time>2026-08-20T11:28:31.000Z</time><extensions><gpxtpx:TrackPointExtension><gpxtpx:hr>131</gpxtpx:hr></gpxtpx:TrackPointExtension></extensions></trkpt>
      <trkpt lat="55.681426" lon="12.613344"><ele>1</ele><time>2026-08-20T11:28:32.000Z</time><extensions><gpxtpx:TrackPointExtension><gpxtpx:hr>131</gpxtpx:hr></gpxtpx:TrackPointExtension></extensions></trkpt>
      <trkpt lat="55.681446" lon="12.613341"><ele>1</ele><time>2026-08-20T11:28:33.000Z</time><extensions><gpxtpx:TrackPointExtension><gpxtpx:hr>131</gpxtpx:hr></gpxtpx:TrackPointExtension></extensions></trkpt>
      <trkpt lat="55.681466" lon="12.613338"><ele>1</ele><time>2026-08-20T11:28:34.000Z</time><extensions><gpxtpx:TrackPointExtension><gpxtpx:hr>131</gpxtpx:hr></gpxtpx:TrackPointExtension></extensions></trkpt>
      <trkpt lat="55.681487" lon="12.613334"><ele>1</ele><time>2026-08-20T11:28:35.000Z</time><extensions><gpxtpx:TrackPointExtension><gpxtpx:hr>131</gpxtpx:hr></gpxtpx:TrackPointExtension></extensions></trkpt>
      <trkpt lat="55.681507" lon="12.613331"><ele>1</ele><time>2026-08-20T11:28:36.000Z</time><extensions><gpxtpx:TrackPointExtension><gpxtpx:hr>131</gpxtpx:hr></gpxtpx:TrackPointExtension></extensions></trkpt>
      <trkpt lat="55.681528" lon="12.613328"><ele>1</ele><time>2026-08-20T11:28:37.000Z</time><extensions><gpxtpx:TrackPointExtension><gpxtpx:hr>131</gpxtpx:hr></gpxtpx:TrackPointExtension></extensions></trkpt>
      <trkpt lat="55.681549" lon="12.613325"><ele>1</ele><time>2026-08-20T11:28:38.000Z</time><extensions><gpxtpx:TrackPointExtension><gpxtpx:hr>131</gpxtpx:hr></gpxtpx:TrackPointExtension></extensions></trkpt>
      <trkpt lat="55.681569" lon="12.613322"><ele>1.2</ele><time>2026-08-20T11:28:39.000Z</time><extensions><gpxtpx:TrackPointExtension><gpxtpx:hr>131</gpxtpx:hr></gpxtpx:TrackPointExtension></extensions></trkpt>
      <trkpt lat="55.681589" lon="12.61332"><ele>1.2</ele><time>2026-08-20T11:28:40.000Z</time><extensions><gpxtpx:TrackPointExtension><gpxtpx:hr>131</gpxtpx:hr></gpxtpx:TrackPointExtension></extensions></trkpt>
      <trkpt lat="55.681608" lon="12.613319"><ele>1.2</ele><time>2026-08-20T11:28:41.000Z</time><extensions><gpxtpx:TrackPointExtension><gpxtpx:hr>131</gpxtpx:hr></gpxtpx:TrackPointExtension></extensions></trkpt>
      <trkpt lat="55.681626" lon="12.61332"><ele>1.2</ele><time>2026-08-20T11:28:42.000Z</time><extensions><gpxtpx:TrackPointExtension><gpxtpx:hr>131</gpxtpx:hr></gpxtpx:TrackPointExtension></extensions></trkpt>
      <trkpt lat="55.681646" lon="12.613322"><ele>1.2</ele><time>2026-08-20T11:28:43.000Z</time><extensions><gpxtpx:TrackPointExtension><gpxtpx:hr>131</gpxtpx:hr></gpxtpx:TrackPointExtension></extensions></trkpt>
      <trkpt lat="55.681666" lon="12.613323"><ele>1.2</ele><time>2026-08-20T11:28:44.000Z</time><extensions><gpxtpx:TrackPointExtension><gpxtpx:hr>131</gpxtpx:hr></gpxtpx:TrackPointExtension></extensions></trkpt>
      <trkpt lat="55.681686" lon="12.613321"><ele>1.2</ele><time>2026-08-20T11:28:45.000Z</time><extensions><gpxtpx:TrackPointExtension><gpxtpx:hr>131</gpxtpx:hr></gpxtpx:TrackPointExtension></extensions></trkpt>
      <trkpt lat="55.681707" lon="12.61332"><ele>1.2</ele><time>2026-08-20T11:28:46.000Z</time><extensions><gpxtpx:TrackPointExtension><gpxtpx:hr>131</gpxtpx:hr></gpxtpx:TrackPointExtension></extensions></trkpt>
      <trkpt lat="55.681729" lon="12.61332"><ele>1.2</ele><time>2026-08-20T11:28:47.000Z</time><extensions><gpxtpx:TrackPointExtension><gpxtpx:hr>131</gpxtpx:hr></gpxtpx:TrackPointExtension></extensions></trkpt>
      <trkpt lat="55.68175" lon="12.613321"><ele>1.2</ele><time>2026-08-20T11:28:48.000Z</time><extensions><gpxtpx:TrackPointExtension><gpxtpx:hr>131</gpxtpx:hr></gpxtpx:TrackPointExtension></extensions></trkpt>
      <trkpt lat="55.681772" lon="12.613323"><ele>1.2</ele><time>2026-08-20T11:28:49.000Z</time><extensions><gpxtpx:TrackPointExtension><gpxtpx:hr>130</gpxtpx:hr></gpxtpx:TrackPointExtension></extensions></trkpt>
      <trkpt lat="55.681793" lon="12.613324"><ele>1.2</ele><time>2026-08-20T11:28:50.000Z</time><extensions><gpxtpx:TrackPointExtension><gpxtpx:hr>130</gpxtpx:hr></gpxtpx:TrackPointExtension></extensions></trkpt>
      <trkpt lat="55.681815" lon="12.613322"><ele>1.2</ele><time>2026-08-20T11:28:51.000Z</time><extensions><gpxtpx:TrackPointExtension><gpxtpx:hr>130</gpxtpx:hr></gpxtpx:TrackPointExtension></extensions></trkpt>
      <trkpt lat="55.681837" lon="12.613319"><ele>1.2</ele><time>2026-08-20T11:28:52.000Z</time><extensions><gpxtpx:TrackPointExtension><gpxtpx:hr>130</gpxtpx:hr></gpxtpx:TrackPointExtension></extensions></trkpt>
      <trkpt lat="55.68186" lon="12.613315"><ele>1</ele><time>2026-08-20T11:28:53.000Z</time><extensions><gpxtpx:TrackPointExtension><gpxtpx:hr>130</gpxtpx:hr></gpxtpx:TrackPointExtension></extensions></trkpt>
      <trkpt lat="55.681883" lon="12.613309"><ele>1</ele><time>2026-08-20T11:28:54.000Z</time><extensions><gpxtpx:TrackPointExtension><gpxtpx:hr>131</gpxtpx:hr></gpxtpx:TrackPointExtension></extensions></trkpt>
      <trkpt lat="55.681906" lon="12.613303"><ele>1</ele><time>2026-08-20T11:28:55.000Z</time><extensions><gpxtpx:TrackPointExtension><gpxtpx:hr>131</gpxtpx:hr></gpxtpx:TrackPointExtension></extensions></trkpt>
      <trkpt lat="55.681931" lon="12.613295"><ele>1</ele><time>2026-08-20T11:28:56.000Z</time><extensions><gpxtpx:TrackPointExtension><gpxtpx:hr>131</gpxtpx:hr></gpxtpx:TrackPointExtension></extensions></trkpt>
      <trkpt lat="55.681957" lon="12.613287"><ele>1</ele><time>2026-08-20T11:28:57.000Z</time><extensions><gpxtpx:TrackPointExtension><gpxtpx:hr>131</gpxtpx:hr></gpxtpx:TrackPointExtension></extensions></trkpt>
      <trkpt lat="55.681986" lon="12.613279"><ele>1</ele><time>2026-08-20T11:28:58.000Z</time><extensions><gpxtpx:TrackPointExtension><gpxtpx:hr>131</gpxtpx:hr></gpxtpx:TrackPointExtension></extensions></trkpt>
      <trkpt lat="55.682017" lon="12.613272"><ele>1</ele><time>2026-08-20T11:28:59.000Z</time><extensions><gpxtpx:TrackPointExtension><gpxtpx:hr>131</gpxtpx:hr></gpxtpx:TrackPointExtension></extensions></trkpt>
      <trkpt lat="55.682049" lon="12.613268"><ele>0.8</ele><time>2026-08-20T11:29:00.000Z</time><extensions><gpxtpx:TrackPointExtension><gpxtpx:hr>131</gpxtpx:hr></gpxtpx:TrackPointExtension></extensions></trkpt>
      <trkpt lat="55.68208" lon="12.613266"><ele>0.8</ele><time>2026-08-20T11:29:01.000Z</time><extensions><gpxtpx:TrackPointExtension><gpxtpx:hr>132</gpxtpx:hr></gpxtpx:TrackPointExtension></extensions></trkpt>
      <trkpt lat="55.682109" lon="12.613266"><ele>0.8</ele><time>2026-08-20T11:29:02.000Z</time><extensions><gpxtpx:TrackPointExtension><gpxtpx:hr>132</gpxtpx:hr></gpxtpx:TrackPointExtension></extensions></trkpt>
      <trkpt lat="55.682134" lon="12.613266"><ele>0.8</ele><time>2026-08-20T11:29:03.000Z</time><extensions><gpxtpx:TrackPointExtension><gpxtpx:hr>132</gpxtpx:hr></gpxtpx:TrackPointExtension></extensions></trkpt>
      <trkpt lat="55.682156" lon="12.613266"><ele>0.8</ele><time>2026-08-20T11:29:04.000Z</time><extensions><gpxtpx:TrackPointExtension><gpxtpx:hr>132</gpxtpx:hr></gpxtpx:TrackPointExtension></extensions></trkpt>
      <trkpt lat="55.682178" lon="12.613265"><ele>0.8</ele><time>2026-08-20T11:29:05.000Z</time><extensions><gpxtpx:TrackPointExtension><gpxtpx:hr>132</gpxtpx:hr></gpxtpx:TrackPointExtension></extensions></trkpt>
      <trkpt lat="55.6822" lon="12.613264"><ele>0.8</ele><time>2026-08-20T11:29:06.000Z</time><extensions><gpxtpx:TrackPointExtension><gpxtpx:hr>132</gpxtpx:hr></gpxtpx:TrackPointExtension></extensions></trkpt>
      <trkpt lat="55.682222" lon="12.613264"><ele>0.8</ele><time>2026-08-20T11:29:07.000Z</time><extensions><gpxtpx:TrackPointExtension><gpxtpx:hr>132</gpxtpx:hr></gpxtpx:TrackPointExtension></extensions></trkpt>
      <trkpt lat="55.682244" lon="12.613264"><ele>1</ele><time>2026-08-20T11:29:08.000Z</time><extensions><gpxtpx:TrackPointExtension><gpxtpx:hr>132</gpxtpx:hr></gpxtpx:TrackPointExtension></extensions></trkpt>
      <trkpt lat="55.682268" lon="12.613264"><ele>1</ele><time>2026-08-20T11:29:09.000Z</time><extensions><gpxtpx:TrackPointExtension><gpxtpx:hr>132</gpxtpx:hr></gpxtpx:TrackPointExtension></extensions></trkpt>
      <trkpt lat="55.682292" lon="12.613265"><ele>1</ele><time>2026-08-20T11:29:10.000Z</time><extensions><gpxtpx:TrackPointExtension><gpxtpx:hr>132</gpxtpx:hr></gpxtpx:TrackPointExtension></extensions></trkpt>
      <trkpt lat="55.682316" lon="12.613268"><ele>1</ele><time>2026-08-20T11:29:11.000Z</time><extensions><gpxtpx:TrackPointExtension><gpxtpx:hr>136</gpxtpx:hr></gpxtpx:TrackPointExtension></extensions></trkpt>
      <trkpt lat="55.682341" lon="12.613272"><ele>1</ele><time>2026-08-20T11:29:12.000Z</time><extensions><gpxtpx:TrackPointExtension><gpxtpx:hr>136</gpxtpx:hr></gpxtpx:TrackPointExtension></extensions></trkpt>
      <trkpt lat="55.682364" lon="12.613274"><ele>1</ele><time>2026-08-20T11:29:13.000Z</time><extensions><gpxtpx:TrackPointExtension><gpxtpx:hr>136</gpxtpx:hr></gpxtpx:TrackPointExtension></extensions></trkpt>
      <trkpt lat="55.682386" lon="12.613274"><ele>1</ele><time>2026-08-20T11:29:14.000Z</time><extensions><gpxtpx:TrackPointExtension><gpxtpx:hr>136</gpxtpx:hr></gpxtpx:TrackPointExtension></extensions></trkpt>
      <trkpt lat="55.682407" lon="12.613273"><ele>1</ele><time>2026-08-20T11:29:15.000Z</time><extensions><gpxtpx:TrackPointExtension><gpxtpx:hr>136</gpxtpx:hr></gpxtpx:TrackPointExtension></extensions></trkpt>
      <trkpt lat="55.682428" lon="12.613273"><ele>1</ele><time>2026-08-20T11:29:16.000Z</time><extensions><gpxtpx:TrackPointExtension><gpxtpx:hr>137</gpxtpx:hr></gpxtpx:TrackPointExtension></extensions></trkpt>
      <trkpt lat="55.682448" lon="12.613276"><ele>1</ele><time>2026-08-20T11:29:17.000Z</time><extensions><gpxtpx:TrackPointExtension><gpxtpx:hr>137</gpxtpx:hr></gpxtpx:TrackPointExtension></extensions></trkpt>
      <trkpt lat="55.682468" lon="12.613279"><ele>1</ele><time>2026-08-20T11:29:18.000Z</time><extensions><gpxtpx:TrackPointExtension><gpxtpx:hr>137</gpxtpx:hr></gpxtpx:TrackPointExtension></extensions></trkpt>
      <trkpt lat="55.682487" lon="12.613282"><ele>1</ele><time>2026-08-20T11:29:19.000Z</time><extensions><gpxtpx:TrackPointExtension><gpxtpx:hr>137</gpxtpx:hr></gpxtpx:TrackPointExtension></extensions></trkpt>
      <trkpt lat="55.682507" lon="12.613283"><ele>1</ele><time>2026-08-20T11:29:20.000Z</time><extensions><gpxtpx:TrackPointExtension><gpxtpx:hr>137</gpxtpx:hr></gpxtpx:TrackPointExtension></extensions></trkpt>
      <trkpt lat="55.682527" lon="12.613283"><ele>1.2</ele><time>2026-08-20T11:29:21.000Z</time><extensions><gpxtpx:TrackPointExtension><gpxtpx:hr>135</gpxtpx:hr></gpxtpx:TrackPointExtension></extensions></trkpt>
      <trkpt lat="55.682546" lon="12.613282"><ele>1.2</ele><time>2026-08-20T11:29:22.000Z</time><extensions><gpxtpx:TrackPointExtension><gpxtpx:hr>135</gpxtpx:hr></gpxtpx:TrackPointExtension></extensions></trkpt>
      <trkpt lat="55.682564" lon="12.61328"><ele>1.2</ele><time>2026-08-20T11:29:23.000Z</time><extensions><gpxtpx:TrackPointExtension><gpxtpx:hr>135</gpxtpx:hr></gpxtpx:TrackPointExtension></extensions></trkpt>
      <trkpt lat="55.682583" lon="12.613279"><ele>1.2</ele><time>2026-08-20T11:29:24.000Z</time><extensions><gpxtpx:TrackPointExtension><gpxtpx:hr>135</gpxtpx:hr></gpxtpx:TrackPointExtension></extensions></trkpt>
      <trkpt lat="55.682602" lon="12.61328"><ele>1.2</ele><time>2026-08-20T11:29:25.000Z</time><extensions><gpxtpx:TrackPointExtension><gpxtpx:hr>135</gpxtpx:hr></gpxtpx:TrackPointExtension></extensions></trkpt>
      <trkpt lat="55.682621" lon="12.613283"><ele>1.2</ele><time>2026-08-20T11:29:26.000Z</time><extensions><gpxtpx:TrackPointExtension><gpxtpx:hr>135</gpxtpx:hr></gpxtpx:TrackPointExtension></extensions></trkpt>
      <trkpt lat="55.68264" lon="12.613287"><ele>1.2</ele><time>2026-08-20T11:29:27.000Z</time><extensions><gpxtpx:TrackPointExtension><gpxtpx:hr>135</gpxtpx:hr></gpxtpx:TrackPointExtension></extensions></trkpt>
      <trkpt lat="55.682659" lon="12.613291"><ele>1.2</ele><time>2026-08-20T11:29:28.000Z</time><extensions><gpxtpx:TrackPointExtension><gpxtpx:hr>135</gpxtpx:hr></gpxtpx:TrackPointExtension></extensions></trkpt>
      <trkpt lat="55.682679" lon="12.613295"><ele>1.2</ele><time>2026-08-20T11:29:29.000Z</time><extensions><gpxtpx:TrackPointExtension><gpxtpx:hr>135</gpxtpx:hr></gpxtpx:TrackPointExtension></extensions></trkpt>
      <trkpt lat="55.682699" lon="12.613298"><ele>1.2</ele><time>2026-08-20T11:29:30.000Z</time><extensions><gpxtpx:TrackPointExtension><gpxtpx:hr>135</gpxtpx:hr></gpxtpx:TrackPointExtension></extensions></trkpt>
      <trkpt lat="55.68272" lon="12.613301"><ele>1.2</ele><time>2026-08-20T11:29:31.000Z</time><extensions><gpxtpx:TrackPointExtension><gpxtpx:hr>135</gpxtpx:hr></gpxtpx:TrackPointExtension></extensions></trkpt>
      <trkpt lat="55.682742" lon="12.613303"><ele>1.2</ele><time>2026-08-20T11:29:32.000Z</time><extensions><gpxtpx:TrackPointExtension><gpxtpx:hr>134</gpxtpx:hr></gpxtpx:TrackPointExtension></extensions></trkpt>
      <trkpt lat="55.682763" lon="12.613303"><ele>1.2</ele><time>2026-08-20T11:29:33.000Z</time><extensions><gpxtpx:TrackPointExtension><gpxtpx:hr>134</gpxtpx:hr></gpxtpx:TrackPointExtension></extensions></trkpt>
      <trkpt lat="55.682784" lon="12.613303"><ele>1.2</ele><time>2026-08-20T11:29:34.000Z</time><extensions><gpxtpx:TrackPointExtension><gpxtpx:hr>134</gpxtpx:hr></gpxtpx:TrackPointExtension></extensions></trkpt>
      <trkpt lat="55.682806" lon="12.613302"><ele>1.2</ele><time>2026-08-20T11:29:35.000Z</time><extensions><gpxtpx:TrackPointExtension><gpxtpx:hr>134</gpxtpx:hr></gpxtpx:TrackPointExtension></extensions></trkpt>
      <trkpt lat="55.682828" lon="12.6133"><ele>1.2</ele><time>2026-08-20T11:29:36.000Z</time><extensions><gpxtpx:TrackPointExtension><gpxtpx:hr>134</gpxtpx:hr></gpxtpx:TrackPointExtension></extensions></trkpt>
      <trkpt lat="55.68285" lon="12.613296"><ele>1.2</ele><time>2026-08-20T11:29:37.000Z</time><extensions><gpxtpx:TrackPointExtension><gpxtpx:hr>134</gpxtpx:hr></gpxtpx:TrackPointExtension></extensions></trkpt>
      <trkpt lat="55.682871" lon="12.613293"><ele>1.2</ele><time>2026-08-20T11:29:38.000Z</time><extensions><gpxtpx:TrackPointExtension><gpxtpx:hr>134</gpxtpx:hr></gpxtpx:TrackPointExtension></extensions></trkpt>
      <trkpt lat="55.682891" lon="12.613289"><ele>1.2</ele><time>2026-08-20T11:29:39.000Z</time><extensions><gpxtpx:TrackPointExtension><gpxtpx:hr>134</gpxtpx:hr></gpxtpx:TrackPointExtension></extensions></trkpt>
      <trkpt lat="55.682911" lon="12.613285"><ele>1</ele><time>2026-08-20T11:29:40.000Z</time><extensions><gpxtpx:TrackPointExtension><gpxtpx:hr>134</gpxtpx:hr></gpxtpx:TrackPointExtension></extensions></trkpt>
      <trkpt lat="55.682929" lon="12.613281"><ele>1</ele><time>2026-08-20T11:29:41.000Z</time><extensions><gpxtpx:TrackPointExtension><gpxtpx:hr>134</gpxtpx:hr></gpxtpx:TrackPointExtension></extensions></trkpt>
      <trkpt lat="55.682948" lon="12.613277"><ele>1</ele><time>2026-08-20T11:29:42.000Z</time><extensions><gpxtpx:TrackPointExtension><gpxtpx:hr>134</gpxtpx:hr></gpxtpx:TrackPointExtension></extensions></trkpt>
      <trkpt lat="55.682967" lon="12.613273"><ele>1</ele><time>2026-08-20T11:29:43.000Z</time><extensions><gpxtpx:TrackPointExtension><gpxtpx:hr>133</gpxtpx:hr></gpxtpx:TrackPointExtension></extensions></trkpt>
      <trkpt lat="55.682985" lon="12.613268"><ele>1</ele><time>2026-08-20T11:29:44.000Z</time><extensions><gpxtpx:TrackPointExtension><gpxtpx:hr>133</gpxtpx:hr></gpxtpx:TrackPointExtension></extensions></trkpt>
      <trkpt lat="55.683004" lon="12.613263"><ele>1</ele><time>2026-08-20T11:29:45.000Z</time><extensions><gpxtpx:TrackPointExtension><gpxtpx:hr>133</gpxtpx:hr></gpxtpx:TrackPointExtension></extensions></trkpt>
      <trkpt lat="55.683023" lon="12.613257"><ele>1</ele><time>2026-08-20T11:29:46.000Z</time><extensions><gpxtpx:TrackPointExtension><gpxtpx:hr>133</gpxtpx:hr></gpxtpx:TrackPointExtension></extensions></trkpt>
      <trkpt lat="55.683041" lon="12.613254"><ele>1</ele><time>2026-08-20T11:29:47.000Z</time><extensions><gpxtpx:TrackPointExtension><gpxtpx:hr>133</gpxtpx:hr></gpxtpx:TrackPointExtension></extensions></trkpt>
      <trkpt lat="55.683059" lon="12.613252"><ele>1</ele><time>2026-08-20T11:29:48.000Z</time><extensions><gpxtpx:TrackPointExtension><gpxtpx:hr>133</gpxtpx:hr></gpxtpx:TrackPointExtension></extensions></trkpt>
      <trkpt lat="55.683076" lon="12.613251"><ele>1</ele><time>2026-08-20T11:29:49.000Z</time><extensions><gpxtpx:TrackPointExtension><gpxtpx:hr>133</gpxtpx:hr></gpxtpx:TrackPointExtension></extensions></trkpt>
      <trkpt lat="55.683093" lon="12.61325"><ele>1</ele><time>2026-08-20T11:29:50.000Z</time><extensions><gpxtpx:TrackPointExtension><gpxtpx:hr>133</gpxtpx:hr></gpxtpx:TrackPointExtension></extensions></trkpt>
      <trkpt lat="55.683111" lon="12.613248"><ele>1</ele><time>2026-08-20T11:29:51.000Z</time><extensions><gpxtpx:TrackPointExtension><gpxtpx:hr>131</gpxtpx:hr></gpxtpx:TrackPointExtension></extensions></trkpt>
      <trkpt lat="55.68313" lon="12.613244"><ele>1</ele><time>2026-08-20T11:29:52.000Z</time><extensions><gpxtpx:TrackPointExtension><gpxtpx:hr>131</gpxtpx:hr></gpxtpx:TrackPointExtension></extensions></trkpt>
      <trkpt lat="55.683151" lon="12.61324"><ele>1</ele><time>2026-08-20T11:29:53.000Z</time><extensions><gpxtpx:TrackPointExtension><gpxtpx:hr>131</gpxtpx:hr></gpxtpx:TrackPointExtension></extensions></trkpt>
      <trkpt lat="55.683173" lon="12.613235"><ele>1.2</ele><time>2026-08-20T11:29:54.000Z</time><extensions><gpxtpx:TrackPointExtension><gpxtpx:hr>131</gpxtpx:hr></gpxtpx:TrackPointExtension></extensions></trkpt>
      <trkpt lat="55.683195" lon="12.613229"><ele>1.2</ele><time>2026-08-20T11:29:55.000Z</time><extensions><gpxtpx:TrackPointExtension><gpxtpx:hr>131</gpxtpx:hr></gpxtpx:TrackPointExtension></extensions></trkpt>
      <trkpt lat="55.683216" lon="12.613222"><ele>1.2</ele><time>2026-08-20T11:29:56.000Z</time><extensions><gpxtpx:TrackPointExtension><gpxtpx:hr>131</gpxtpx:hr></gpxtpx:TrackPointExtension></extensions></trkpt>
      <trkpt lat="55.683236" lon="12.613213"><ele>1.2</ele><time>2026-08-20T11:29:57.000Z</time><extensions><gpxtpx:TrackPointExtension><gpxtpx:hr>131</gpxtpx:hr></gpxtpx:TrackPointExtension></extensions></trkpt>
      <trkpt lat="55.683256" lon="12.613203"><ele>1.2</ele><time>2026-08-20T11:29:58.000Z</time><extensions><gpxtpx:TrackPointExtension><gpxtpx:hr>131</gpxtpx:hr></gpxtpx:TrackPointExtension></extensions></trkpt>
      <trkpt lat="55.683277" lon="12.613194"><ele>1.2</ele><time>2026-08-20T11:29:59.000Z</time><extensions><gpxtpx:TrackPointExtension><gpxtpx:hr>131</gpxtpx:hr></gpxtpx:TrackPointExtension></extensions></trkpt>
      <trkpt lat="55.683299" lon="12.613186"><ele>1.2</ele><time>2026-08-20T11:30:00.000Z</time><extensions><gpxtpx:TrackPointExtension><gpxtpx:hr>131</gpxtpx:hr></gpxtpx:TrackPointExtension></extensions></trkpt>
      <trkpt lat="55.683321" lon="12.613179"><ele>1.2</ele><time>2026-08-20T11:30:01.000Z</time><extensions><gpxtpx:TrackPointExtension><gpxtpx:hr>131</gpxtpx:hr></gpxtpx:TrackPointExtension></extensions></trkpt>
      <trkpt lat="55.683343" lon="12.613174"><ele>1.2</ele><time>2026-08-20T11:30:02.000Z</time><extensions><gpxtpx:TrackPointExtension><gpxtpx:hr>131</gpxtpx:hr></gpxtpx:TrackPointExtension></extensions></trkpt>
      <trkpt lat="55.683365" lon="12.613172"><ele>1.2</ele><time>2026-08-20T11:30:03.000Z</time><extensions><gpxtpx:TrackPointExtension><gpxtpx:hr>131</gpxtpx:hr></gpxtpx:TrackPointExtension></extensions></trkpt>
      <trkpt lat="55.683387" lon="12.613176"><ele>1.2</ele><time>2026-08-20T11:30:04.000Z</time><extensions><gpxtpx:TrackPointExtension><gpxtpx:hr>129</gpxtpx:hr></gpxtpx:TrackPointExtension></extensions></trkpt>
      <trkpt lat="55.683409" lon="12.613185"><ele>1.2</ele><time>2026-08-20T11:30:05.000Z</time><extensions><gpxtpx:TrackPointExtension><gpxtpx:hr>129</gpxtpx:hr></gpxtpx:TrackPointExtension></extensions></trkpt>
      <trkpt lat="55.68343" lon="12.613197"><ele>1.2</ele><time>2026-08-20T11:30:06.000Z</time><extensions><gpxtpx:TrackPointExtension><gpxtpx:hr>129</gpxtpx:hr></gpxtpx:TrackPointExtension></extensions></trkpt>
      <trkpt lat="55.68345" lon="12.613214"><ele>1.2</ele><time>2026-08-20T11:30:07.000Z</time><extensions><gpxtpx:TrackPointExtension><gpxtpx:hr>129</gpxtpx:hr></gpxtpx:TrackPointExtension></extensions></trkpt>
      <trkpt lat="55.683468" lon="12.613233"><ele>1.2</ele><time>2026-08-20T11:30:08.000Z</time><extensions><gpxtpx:TrackPointExtension><gpxtpx:hr>129</gpxtpx:hr></gpxtpx:TrackPointExtension></extensions></trkpt>
      <trkpt lat="55.683481" lon="12.613253"><ele>1.2</ele><time>2026-08-20T11:30:09.000Z</time><extensions><gpxtpx:TrackPointExtension><gpxtpx:hr>129</gpxtpx:hr></gpxtpx:TrackPointExtension></extensions></trkpt>
      <trkpt lat="55.683489" lon="12.613268"><ele>1.2</ele><time>2026-08-20T11:30:10.000Z</time><extensions><gpxtpx:TrackPointExtension><gpxtpx:hr>129</gpxtpx:hr></gpxtpx:TrackPointExtension></extensions></trkpt>
      <trkpt lat="55.683493" lon="12.613275"><ele>1.2</ele><time>2026-08-20T11:30:11.000Z</time><extensions><gpxtpx:TrackPointExtension><gpxtpx:hr>129</gpxtpx:hr></gpxtpx:TrackPointExtension></extensions></trkpt>
      <trkpt lat="55.683509" lon="12.613426"><ele>1.6</ele><time>2026-08-20T11:30:47.000Z</time><extensions><gpxtpx:TrackPointExtension><gpxtpx:hr>129</gpxtpx:hr></gpxtpx:TrackPointExtension></extensions></trkpt>
      <trkpt lat="55.683506" lon="12.613459"><ele>1.6</ele><time>2026-08-20T11:30:48.000Z</time><extensions><gpxtpx:TrackPointExtension><gpxtpx:hr>129</gpxtpx:hr></gpxtpx:TrackPointExtension></extensions></trkpt>
      <trkpt lat="55.683497" lon="12.613496"><ele>1.6</ele><time>2026-08-20T11:30:49.000Z</time><extensions><gpxtpx:TrackPointExtension><gpxtpx:hr>123</gpxtpx:hr></gpxtpx:TrackPointExtension></extensions></trkpt>
      <trkpt lat="55.683483" lon="12.613534"><ele>1.6</ele><time>2026-08-20T11:30:50.000Z</time><extensions><gpxtpx:TrackPointExtension><gpxtpx:hr>123</gpxtpx:hr></gpxtpx:TrackPointExtension></extensions></trkpt>
      <trkpt lat="55.683468" lon="12.613571"><ele>1.6</ele><time>2026-08-20T11:30:51.000Z</time><extensions><gpxtpx:TrackPointExtension><gpxtpx:hr>123</gpxtpx:hr></gpxtpx:TrackPointExtension></extensions></trkpt>
      <trkpt lat="55.683453" lon="12.61361"><ele>1.6</ele><time>2026-08-20T11:30:52.000Z</time><extensions><gpxtpx:TrackPointExtension><gpxtpx:hr>123</gpxtpx:hr></gpxtpx:TrackPointExtension></extensions></trkpt>
      <trkpt lat="55.683439" lon="12.613649"><ele>1.6</ele><time>2026-08-20T11:30:53.000Z</time><extensions><gpxtpx:TrackPointExtension><gpxtpx:hr>123</gpxtpx:hr></gpxtpx:TrackPointExtension></extensions></trkpt>
      <trkpt lat="55.683427" lon="12.613688"><ele>1.6</ele><time>2026-08-20T11:30:54.000Z</time><extensions><gpxtpx:TrackPointExtension><gpxtpx:hr>123</gpxtpx:hr></gpxtpx:TrackPointExtension></extensions></trkpt>
      <trkpt lat="55.683416" lon="12.613727"><ele>1.6</ele><time>2026-08-20T11:30:55.000Z</time><extensions><gpxtpx:TrackPointExtension><gpxtpx:hr>123</gpxtpx:hr></gpxtpx:TrackPointExtension></extensions></trkpt>
      <trkpt lat="55.683404" lon="12.613764"><ele>1.6</ele><time>2026-08-20T11:30:56.000Z</time><extensions><gpxtpx:TrackPointExtension><gpxtpx:hr>122</gpxtpx:hr></gpxtpx:TrackPointExtension></extensions></trkpt>
      <trkpt lat="55.683393" lon="12.6138"><ele>1.6</ele><time>2026-08-20T11:30:57.000Z</time><extensions><gpxtpx:TrackPointExtension><gpxtpx:hr>122</gpxtpx:hr></gpxtpx:TrackPointExtension></extensions></trkpt>
      <trkpt lat="55.683382" lon="12.613835"><ele>1.6</ele><time>2026-08-20T11:30:58.000Z</time><extensions><gpxtpx:TrackPointExtension><gpxtpx:hr>121</gpxtpx:hr></gpxtpx:TrackPointExtension></extensions></trkpt>
      <trkpt lat="55.683372" lon="12.613869"><ele>1.6</ele><time>2026-08-20T11:30:59.000Z</time><extensions><gpxtpx:TrackPointExtension><gpxtpx:hr>121</gpxtpx:hr></gpxtpx:TrackPointExtension></extensions></trkpt>
      <trkpt lat="55.683361" lon="12.613904"><ele>1.6</ele><time>2026-08-20T11:31:00.000Z</time><extensions><gpxtpx:TrackPointExtension><gpxtpx:hr>121</gpxtpx:hr></gpxtpx:TrackPointExtension></extensions></trkpt>
      <trkpt lat="55.68335" lon="12.61394"><ele>1.6</ele><time>2026-08-20T11:31:01.000Z</time><extensions><gpxtpx:TrackPointExtension><gpxtpx:hr>121</gpxtpx:hr></gpxtpx:TrackPointExtension></extensions></trkpt>
      <trkpt lat="55.683339" lon="12.613978"><ele>1.6</ele><time>2026-08-20T11:31:02.000Z</time><extensions><gpxtpx:TrackPointExtension><gpxtpx:hr>121</gpxtpx:hr></gpxtpx:TrackPointExtension></extensions></trkpt>
      <trkpt lat="55.683327" lon="12.614014"><ele>1.6</ele><time>2026-08-20T11:31:03.000Z</time><extensions><gpxtpx:TrackPointExtension><gpxtpx:hr>123</gpxtpx:hr></gpxtpx:TrackPointExtension></extensions></trkpt>
      <trkpt lat="55.683316" lon="12.61405"><ele>1.6</ele><time>2026-08-20T11:31:04.000Z</time><extensions><gpxtpx:TrackPointExtension><gpxtpx:hr>123</gpxtpx:hr></gpxtpx:TrackPointExtension></extensions></trkpt>
      <trkpt lat="55.683305" lon="12.614087"><ele>1.6</ele><time>2026-08-20T11:31:05.000Z</time><extensions><gpxtpx:TrackPointExtension><gpxtpx:hr>123</gpxtpx:hr></gpxtpx:TrackPointExtension></extensions></trkpt>
      <trkpt lat="55.683293" lon="12.614124"><ele>1.6</ele><time>2026-08-20T11:31:06.000Z</time><extensions><gpxtpx:TrackPointExtension><gpxtpx:hr>123</gpxtpx:hr></gpxtpx:TrackPointExtension></extensions></trkpt>
      <trkpt lat="55.683281" lon="12.614162"><ele>1.6</ele><time>2026-08-20T11:31:07.000Z</time><extensions><gpxtpx:TrackPointExtension><gpxtpx:hr>123</gpxtpx:hr></gpxtpx:TrackPointExtension></extensions></trkpt>
      <trkpt lat="55.683268" lon="12.6142"><ele>1.6</ele><time>2026-08-20T11:31:08.000Z</time><extensions><gpxtpx:TrackPointExtension><gpxtpx:hr>123</gpxtpx:hr></gpxtpx:TrackPointExtension></extensions></trkpt>
      <trkpt lat="55.683254" lon="12.614237"><ele>1.6</ele><time>2026-08-20T11:31:09.000Z</time><extensions><gpxtpx:TrackPointExtension><gpxtpx:hr>123</gpxtpx:hr></gpxtpx:TrackPointExtension></extensions></trkpt>
      <trkpt lat="55.683239" lon="12.614273"><ele>1.6</ele><time>2026-08-20T11:31:10.000Z</time><extensions><gpxtpx:TrackPointExtension><gpxtpx:hr>123</gpxtpx:hr></gpxtpx:TrackPointExtension></extensions></trkpt>
      <trkpt lat="55.683224" lon="12.614308"><ele>1.6</ele><time>2026-08-20T11:31:11.000Z</time><extensions><gpxtpx:TrackPointExtension><gpxtpx:hr>123</gpxtpx:hr></gpxtpx:TrackPointExtension></extensions></trkpt>
      <trkpt lat="55.683208" lon="12.614343"><ele>1.6</ele><time>2026-08-20T11:31:12.000Z</time><extensions><gpxtpx:TrackPointExtension><gpxtpx:hr>121</gpxtpx:hr></gpxtpx:TrackPointExtension></extensions></trkpt>
      <trkpt lat="55.68319" lon="12.614376"><ele>1.6</ele><time>2026-08-20T11:31:13.000Z</time><extensions><gpxtpx:TrackPointExtension><gpxtpx:hr>121</gpxtpx:hr></gpxtpx:TrackPointExtension></extensions></trkpt>
      <trkpt lat="55.683171" lon="12.614408"><ele>1.6</ele><time>2026-08-20T11:31:14.000Z</time><extensions><gpxtpx:TrackPointExtension><gpxtpx:hr>121</gpxtpx:hr></gpxtpx:TrackPointExtension></extensions></trkpt>
      <trkpt lat="55.68315" lon="12.614437"><ele>1.6</ele><time>2026-08-20T11:31:15.000Z</time><extensions><gpxtpx:TrackPointExtension><gpxtpx:hr>121</gpxtpx:hr></gpxtpx:TrackPointExtension></extensions></trkpt>
      <trkpt lat="55.683127" lon="12.614463"><ele>1.6</ele><time>2026-08-20T11:31:16.000Z</time><extensions><gpxtpx:TrackPointExtension><gpxtpx:hr>121</gpxtpx:hr></gpxtpx:TrackPointExtension></extensions></trkpt>
      <trkpt lat="55.683104" lon="12.614488"><ele>1.6</ele><time>2026-08-20T11:31:17.000Z</time><extensions><gpxtpx:TrackPointExtension><gpxtpx:hr>123</gpxtpx:hr></gpxtpx:TrackPointExtension></extensions></trkpt>
      <trkpt lat="55.683082" lon="12.61451"><ele>1.6</ele><time>2026-08-20T11:31:18.000Z</time><extensions><gpxtpx:TrackPointExtension><gpxtpx:hr>123</gpxtpx:hr></gpxtpx:TrackPointExtension></extensions></trkpt>
      <trkpt lat="55.683061" lon="12.614531"><ele>1.6</ele><time>2026-08-20T11:31:19.000Z</time><extensions><gpxtpx:TrackPointExtension><gpxtpx:hr>123</gpxtpx:hr></gpxtpx:TrackPointExtension></extensions></trkpt>
      <trkpt lat="55.68304" lon="12.614549"><ele>1.6</ele><time>2026-08-20T11:31:20.000Z</time><extensions><gpxtpx:TrackPointExtension><gpxtpx:hr>123</gpxtpx:hr></gpxtpx:TrackPointExtension></extensions></trkpt>
      <trkpt lat="55.683019" lon="12.614567"><ele>1.6</ele><time>2026-08-20T11:31:21.000Z</time><extensions><gpxtpx:TrackPointExtension><gpxtpx:hr>126</gpxtpx:hr></gpxtpx:TrackPointExtension></extensions></trkpt>
      <trkpt lat="55.682998" lon="12.614582"><ele>1.6</ele><time>2026-08-20T11:31:22.000Z</time><extensions><gpxtpx:TrackPointExtension><gpxtpx:hr>126</gpxtpx:hr></gpxtpx:TrackPointExtension></extensions></trkpt>
      <trkpt lat="55.682977" lon="12.614595"><ele>1.6</ele><time>2026-08-20T11:31:23.000Z</time><extensions><gpxtpx:TrackPointExtension><gpxtpx:hr>126</gpxtpx:hr></gpxtpx:TrackPointExtension></extensions></trkpt>
      <trkpt lat="55.682953" lon="12.614605"><ele>1.6</ele><time>2026-08-20T11:31:24.000Z</time><extensions><gpxtpx:TrackPointExtension><gpxtpx:hr>126</gpxtpx:hr></gpxtpx:TrackPointExtension></extensions></trkpt>
      <trkpt lat="55.682929" lon="12.614613"><ele>1.6</ele><time>2026-08-20T11:31:25.000Z</time><extensions><gpxtpx:TrackPointExtension><gpxtpx:hr>126</gpxtpx:hr></gpxtpx:TrackPointExtension></extensions></trkpt>
      <trkpt lat="55.682906" lon="12.614618"><ele>1.6</ele><time>2026-08-20T11:31:26.000Z</time><extensions><gpxtpx:TrackPointExtension><gpxtpx:hr>126</gpxtpx:hr></gpxtpx:TrackPointExtension></extensions></trkpt>
      <trkpt lat="55.682884" lon="12.61462"><ele>1.6</ele><time>2026-08-20T11:31:27.000Z</time><extensions><gpxtpx:TrackPointExtension><gpxtpx:hr>125</gpxtpx:hr></gpxtpx:TrackPointExtension></extensions></trkpt>
      <trkpt lat="55.682864" lon="12.614622"><ele>1.6</ele><time>2026-08-20T11:31:28.000Z</time><extensions><gpxtpx:TrackPointExtension><gpxtpx:hr>125</gpxtpx:hr></gpxtpx:TrackPointExtension></extensions></trkpt>
      <trkpt lat="55.682845" lon="12.614624"><ele>1.6</ele><time>2026-08-20T11:31:29.000Z</time><extensions><gpxtpx:TrackPointExtension><gpxtpx:hr>125</gpxtpx:hr></gpxtpx:TrackPointExtension></extensions></trkpt>
      <trkpt lat="55.682827" lon="12.614627"><ele>1.6</ele><time>2026-08-20T11:31:30.000Z</time><extensions><gpxtpx:TrackPointExtension><gpxtpx:hr>125</gpxtpx:hr></gpxtpx:TrackPointExtension></extensions></trkpt>
      <trkpt lat="55.682812" lon="12.614631"><ele>1.6</ele><time>2026-08-20T11:31:31.000Z</time><extensions><gpxtpx:TrackPointExtension><gpxtpx:hr>125</gpxtpx:hr></gpxtpx:TrackPointExtension></extensions></trkpt>
      <trkpt lat="55.6828" lon="12.614643"><ele>1.6</ele><time>2026-08-20T11:31:32.000Z</time><extensions><gpxtpx:TrackPointExtension><gpxtpx:hr>125</gpxtpx:hr></gpxtpx:TrackPointExtension></extensions></trkpt>
      <trkpt lat="55.682791" lon="12.614666"><ele>1.6</ele><time>2026-08-20T11:31:33.000Z</time><extensions><gpxtpx:TrackPointExtension><gpxtpx:hr>125</gpxtpx:hr></gpxtpx:TrackPointExtension></extensions></trkpt>
      <trkpt lat="55.682781" lon="12.614701"><ele>1.6</ele><time>2026-08-20T11:31:34.000Z</time><extensions><gpxtpx:TrackPointExtension><gpxtpx:hr>125</gpxtpx:hr></gpxtpx:TrackPointExtension></extensions></trkpt>
      <trkpt lat="55.682769" lon="12.614739"><ele>1.4</ele><time>2026-08-20T11:31:35.000Z</time><extensions><gpxtpx:TrackPointExtension><gpxtpx:hr>125</gpxtpx:hr></gpxtpx:TrackPointExtension></extensions></trkpt>
      <trkpt lat="55.682754" lon="12.614771"><ele>1.4</ele><time>2026-08-20T11:31:36.000Z</time><extensions><gpxtpx:TrackPointExtension><gpxtpx:hr>125</gpxtpx:hr></gpxtpx:TrackPointExtension></extensions></trkpt>
      <trkpt lat="55.682733" lon="12.614794"><ele>1.4</ele><time>2026-08-20T11:31:37.000Z</time><extensions><gpxtpx:TrackPointExtension><gpxtpx:hr>125</gpxtpx:hr></gpxtpx:TrackPointExtension></extensions></trkpt>
      <trkpt lat="55.68271" lon="12.614807"><ele>1.4</ele><time>2026-08-20T11:31:38.000Z</time><extensions><gpxtpx:TrackPointExtension><gpxtpx:hr>126</gpxtpx:hr></gpxtpx:TrackPointExtension></extensions></trkpt>
      <trkpt lat="55.682685" lon="12.614812"><ele>1.4</ele><time>2026-08-20T11:31:39.000Z</time><extensions><gpxtpx:TrackPointExtension><gpxtpx:hr>126</gpxtpx:hr></gpxtpx:TrackPointExtension></extensions></trkpt>
      <trkpt lat="55.682662" lon="12.614813"><ele>1.4</ele><time>2026-08-20T11:31:40.000Z</time><extensions><gpxtpx:TrackPointExtension><gpxtpx:hr>126</gpxtpx:hr></gpxtpx:TrackPointExtension></extensions></trkpt>
      <trkpt lat="55.682639" lon="12.614813"><ele>1.4</ele><time>2026-08-20T11:31:41.000Z</time><extensions><gpxtpx:TrackPointExtension><gpxtpx:hr>126</gpxtpx:hr></gpxtpx:TrackPointExtension></extensions></trkpt>
      <trkpt lat="55.682616" lon="12.614817"><ele>1.4</ele><time>2026-08-20T11:31:42.000Z</time><extensions><gpxtpx:TrackPointExtension><gpxtpx:hr>126</gpxtpx:hr></gpxtpx:TrackPointExtension></extensions></trkpt>
      <trkpt lat="55.682596" lon="12.614828"><ele>1.6</ele><time>2026-08-20T11:31:43.000Z</time><extensions><gpxtpx:TrackPointExtension><gpxtpx:hr>126</gpxtpx:hr></gpxtpx:TrackPointExtension></extensions></trkpt>
      <trkpt lat="55.682579" lon="12.614849"><ele>1.6</ele><time>2026-08-20T11:31:44.000Z</time><extensions><gpxtpx:TrackPointExtension><gpxtpx:hr>126</gpxtpx:hr></gpxtpx:TrackPointExtension></extensions></trkpt>
      <trkpt lat="55.682566" lon="12.61488"><ele>1.6</ele><time>2026-08-20T11:31:45.000Z</time><extensions><gpxtpx:TrackPointExtension><gpxtpx:hr>131</gpxtpx:hr></gpxtpx:TrackPointExtension></extensions></trkpt>
      <trkpt lat="55.682556" lon="12.614913"><ele>1.6</ele><time>2026-08-20T11:31:46.000Z</time><extensions><gpxtpx:TrackPointExtension><gpxtpx:hr>131</gpxtpx:hr></gpxtpx:TrackPointExtension></extensions></trkpt>
      <trkpt lat="55.68255" lon="12.614948"><ele>1.6</ele><time>2026-08-20T11:31:47.000Z</time><extensions><gpxtpx:TrackPointExtension><gpxtpx:hr>131</gpxtpx:hr></gpxtpx:TrackPointExtension></extensions></trkpt>
      <trkpt lat="55.682547" lon="12.614983"><ele>1.8</ele><time>2026-08-20T11:31:48.000Z</time><extensions><gpxtpx:TrackPointExtension><gpxtpx:hr>131</gpxtpx:hr></gpxtpx:TrackPointExtension></extensions></trkpt>
      <trkpt lat="55.682546" lon="12.615019"><ele>1.8</ele><time>2026-08-20T11:31:49.000Z</time><extensions><gpxtpx:TrackPointExtension><gpxtpx:hr>131</gpxtpx:hr></gpxtpx:TrackPointExtension></extensions></trkpt>
      <trkpt lat="55.682546" lon="12.615057"><ele>1.8</ele><time>2026-08-20T11:31:50.000Z</time><extensions><gpxtpx:TrackPointExtension><gpxtpx:hr>131</gpxtpx:hr></gpxtpx:TrackPointExtension></extensions></trkpt>
      <trkpt lat="55.682547" lon="12.615095"><ele>2</ele><time>2026-08-20T11:31:51.000Z</time><extensions><gpxtpx:TrackPointExtension><gpxtpx:hr>131</gpxtpx:hr></gpxtpx:TrackPointExtension></extensions></trkpt>
      <trkpt lat="55.682548" lon="12.615134"><ele>2</ele><time>2026-08-20T11:31:52.000Z</time><extensions><gpxtpx:TrackPointExtension><gpxtpx:hr>132</gpxtpx:hr></gpxtpx:TrackPointExtension></extensions></trkpt>
      <trkpt lat="55.682548" lon="12.615171"><ele>2.2</ele><time>2026-08-20T11:31:53.000Z</time><extensions><gpxtpx:TrackPointExtension><gpxtpx:hr>132</gpxtpx:hr></gpxtpx:TrackPointExtension></extensions></trkpt>
      <trkpt lat="55.682548" lon="12.615208"><ele>2.2</ele><time>2026-08-20T11:31:54.000Z</time><extensions><gpxtpx:TrackPointExtension><gpxtpx:hr>132</gpxtpx:hr></gpxtpx:TrackPointExtension></extensions></trkpt>
      <trkpt lat="55.682548" lon="12.615244"><ele>2.4</ele><time>2026-08-20T11:31:55.000Z</time><extensions><gpxtpx:TrackPointExtension><gpxtpx:hr>132</gpxtpx:hr></gpxtpx:TrackPointExtension></extensions></trkpt>
      <trkpt lat="55.682547" lon="12.615279"><ele>2.4</ele><time>2026-08-20T11:31:56.000Z</time><extensions><gpxtpx:TrackPointExtension><gpxtpx:hr>133</gpxtpx:hr></gpxtpx:TrackPointExtension></extensions></trkpt>
      <trkpt lat="55.682546" lon="12.615315"><ele>2.4</ele><time>2026-08-20T11:31:57.000Z</time><extensions><gpxtpx:TrackPointExtension><gpxtpx:hr>133</gpxtpx:hr></gpxtpx:TrackPointExtension></extensions></trkpt>
      <trkpt lat="55.682545" lon="12.615351"><ele>2.4</ele><time>2026-08-20T11:31:58.000Z</time><extensions><gpxtpx:TrackPointExtension><gpxtpx:hr>133</gpxtpx:hr></gpxtpx:TrackPointExtension></extensions></trkpt>
      <trkpt lat="55.682543" lon="12.615389"><ele>2.6</ele><time>2026-08-20T11:31:59.000Z</time><extensions><gpxtpx:TrackPointExtension><gpxtpx:hr>133</gpxtpx:hr></gpxtpx:TrackPointExtension></extensions></trkpt>
      <trkpt lat="55.682541" lon="12.615429"><ele>2.6</ele><time>2026-08-20T11:32:00.000Z</time><extensions><gpxtpx:TrackPointExtension><gpxtpx:hr>135</gpxtpx:hr></gpxtpx:TrackPointExtension></extensions></trkpt>
      <trkpt lat="55.682539" lon="12.615469"><ele>2.6</ele><time>2026-08-20T11:32:01.000Z</time><extensions><gpxtpx:TrackPointExtension><gpxtpx:hr>135</gpxtpx:hr></gpxtpx:TrackPointExtension></extensions></trkpt>
      <trkpt lat="55.682538" lon="12.615509"><ele>2.6</ele><time>2026-08-20T11:32:02.000Z</time><extensions><gpxtpx:TrackPointExtension><gpxtpx:hr>135</gpxtpx:hr></gpxtpx:TrackPointExtension></extensions></trkpt>
      <trkpt lat="55.68254" lon="12.615549"><ele>2.6</ele><time>2026-08-20T11:32:03.000Z</time><extensions><gpxtpx:TrackPointExtension><gpxtpx:hr>135</gpxtpx:hr></gpxtpx:TrackPointExtension></extensions></trkpt>
      <trkpt lat="55.682544" lon="12.615589"><ele>2.6</ele><time>2026-08-20T11:32:04.000Z</time><extensions><gpxtpx:TrackPointExtension><gpxtpx:hr>135</gpxtpx:hr></gpxtpx:TrackPointExtension></extensions></trkpt>
      <trkpt lat="55.682552" lon="12.615628"><ele>2.6</ele><time>2026-08-20T11:32:05.000Z</time><extensions><gpxtpx:TrackPointExtension><gpxtpx:hr>135</gpxtpx:hr></gpxtpx:TrackPointExtension></extensions></trkpt>
      <trkpt lat="55.682562" lon="12.615664"><ele>2.8</ele><time>2026-08-20T11:32:06.000Z</time><extensions><gpxtpx:TrackPointExtension><gpxtpx:hr>135</gpxtpx:hr></gpxtpx:TrackPointExtension></extensions></trkpt>
      <trkpt lat="55.682574" lon="12.615694"><ele>2.8</ele><time>2026-08-20T11:32:07.000Z</time><extensions><gpxtpx:TrackPointExtension><gpxtpx:hr>135</gpxtpx:hr></gpxtpx:TrackPointExtension></extensions></trkpt>
      <trkpt lat="55.682589" lon="12.615719"><ele>2.8</ele><time>2026-08-20T11:32:08.000Z</time><extensions><gpxtpx:TrackPointExtension><gpxtpx:hr>135</gpxtpx:hr></gpxtpx:TrackPointExtension></extensions></trkpt>
      <trkpt lat="55.682608" lon="12.61574"><ele>2.8</ele><time>2026-08-20T11:32:09.000Z</time><extensions><gpxtpx:TrackPointExtension><gpxtpx:hr>135</gpxtpx:hr></gpxtpx:TrackPointExtension></extensions></trkpt>
      <trkpt lat="55.682629" lon="12.615761"><ele>2.8</ele><time>2026-08-20T11:32:10.000Z</time><extensions><gpxtpx:TrackPointExtension><gpxtpx:hr>135</gpxtpx:hr></gpxtpx:TrackPointExtension></extensions></trkpt>
      <trkpt lat="55.68265" lon="12.615781"><ele>3</ele><time>2026-08-20T11:32:11.000Z</time><extensions><gpxtpx:TrackPointExtension><gpxtpx:hr>135</gpxtpx:hr></gpxtpx:TrackPointExtension></extensions></trkpt>
      <trkpt lat="55.68267" lon="12.615801"><ele>3</ele><time>2026-08-20T11:32:12.000Z</time><extensions><gpxtpx:TrackPointExtension><gpxtpx:hr>135</gpxtpx:hr></gpxtpx:TrackPointExtension></extensions></trkpt>
      <trkpt lat="55.68269" lon="12.615821"><ele>3</ele><time>2026-08-20T11:32:13.000Z</time><extensions><gpxtpx:TrackPointExtension><gpxtpx:hr>135</gpxtpx:hr></gpxtpx:TrackPointExtension></extensions></trkpt>
      <trkpt lat="55.68271" lon="12.615841"><ele>3.2</ele><time>2026-08-20T11:32:14.000Z</time><extensions><gpxtpx:TrackPointExtension><gpxtpx:hr>134</gpxtpx:hr></gpxtpx:TrackPointExtension></extensions></trkpt>
      <trkpt lat="55.682731" lon="12.615862"><ele>3.2</ele><time>2026-08-20T11:32:15.000Z</time><extensions><gpxtpx:TrackPointExtension><gpxtpx:hr>134</gpxtpx:hr></gpxtpx:TrackPointExtension></extensions></trkpt>
      <trkpt lat="55.682751" lon="12.615881"><ele>3.4</ele><time>2026-08-20T11:32:16.000Z</time><extensions><gpxtpx:TrackPointExtension><gpxtpx:hr>134</gpxtpx:hr></gpxtpx:TrackPointExtension></extensions></trkpt>
      <trkpt lat="55.682769" lon="12.615901"><ele>3.4</ele><time>2026-08-20T11:32:17.000Z</time><extensions><gpxtpx:TrackPointExtension><gpxtpx:hr>134</gpxtpx:hr></gpxtpx:TrackPointExtension></extensions></trkpt>
      <trkpt lat="55.682786" lon="12.615922"><ele>3.4</ele><time>2026-08-20T11:32:18.000Z</time><extensions><gpxtpx:TrackPointExtension><gpxtpx:hr>134</gpxtpx:hr></gpxtpx:TrackPointExtension></extensions></trkpt>
      <trkpt lat="55.682803" lon="12.615947"><ele>3.4</ele><time>2026-08-20T11:32:19.000Z</time><extensions><gpxtpx:TrackPointExtension><gpxtpx:hr>134</gpxtpx:hr></gpxtpx:TrackPointExtension></extensions></trkpt>
      <trkpt lat="55.682818" lon="12.615978"><ele>3.4</ele><time>2026-08-20T11:32:20.000Z</time><extensions><gpxtpx:TrackPointExtension><gpxtpx:hr>134</gpxtpx:hr></gpxtpx:TrackPointExtension></extensions></trkpt>
      <trkpt lat="55.682831" lon="12.616012"><ele>3.4</ele><time>2026-08-20T11:32:21.000Z</time><extensions><gpxtpx:TrackPointExtension><gpxtpx:hr>134</gpxtpx:hr></gpxtpx:TrackPointExtension></extensions></trkpt>
      <trkpt lat="55.682839" lon="12.616048"><ele>3.4</ele><time>2026-08-20T11:32:22.000Z</time><extensions><gpxtpx:TrackPointExtension><gpxtpx:hr>134</gpxtpx:hr></gpxtpx:TrackPointExtension></extensions></trkpt>
      <trkpt lat="55.682844" lon="12.616083"><ele>3.2</ele><time>2026-08-20T11:32:23.000Z</time><extensions><gpxtpx:TrackPointExtension><gpxtpx:hr>134</gpxtpx:hr></gpxtpx:TrackPointExtension></extensions></trkpt>
      <trkpt lat="55.682848" lon="12.616119"><ele>3.2</ele><time>2026-08-20T11:32:24.000Z</time><extensions><gpxtpx:TrackPointExtension><gpxtpx:hr>134</gpxtpx:hr></gpxtpx:TrackPointExtension></extensions></trkpt>
      <trkpt lat="55.682851" lon="12.61616"><ele>3</ele><time>2026-08-20T11:32:25.000Z</time><extensions><gpxtpx:TrackPointExtension><gpxtpx:hr>134</gpxtpx:hr></gpxtpx:TrackPointExtension></extensions></trkpt>
      <trkpt lat="55.682857" lon="12.616202"><ele>2.8</ele><time>2026-08-20T11:32:26.000Z</time><extensions><gpxtpx:TrackPointExtension><gpxtpx:hr>134</gpxtpx:hr></gpxtpx:TrackPointExtension></extensions></trkpt>
      <trkpt lat="55.682865" lon="12.616244"><ele>2.6</ele><time>2026-08-20T11:32:27.000Z</time><extensions><gpxtpx:TrackPointExtension><gpxtpx:hr>133</gpxtpx:hr></gpxtpx:TrackPointExtension></extensions></trkpt>
      <trkpt lat="55.682875" lon="12.616286"><ele>2.4</ele><time>2026-08-20T11:32:28.000Z</time><extensions><gpxtpx:TrackPointExtension><gpxtpx:hr>133</gpxtpx:hr></gpxtpx:TrackPointExtension></extensions></trkpt>
      <trkpt lat="55.682888" lon="12.616324"><ele>2.4</ele><time>2026-08-20T11:32:29.000Z</time><extensions><gpxtpx:TrackPointExtension><gpxtpx:hr>133</gpxtpx:hr></gpxtpx:TrackPointExtension></extensions></trkpt>
      <trkpt lat="55.682903" lon="12.616357"><ele>2.4</ele><time>2026-08-20T11:32:30.000Z</time><extensions><gpxtpx:TrackPointExtension><gpxtpx:hr>133</gpxtpx:hr></gpxtpx:TrackPointExtension></extensions></trkpt>
      <trkpt lat="55.68292" lon="12.616384"><ele>2.2</ele><time>2026-08-20T11:32:31.000Z</time><extensions><gpxtpx:TrackPointExtension><gpxtpx:hr>133</gpxtpx:hr></gpxtpx:TrackPointExtension></extensions></trkpt>
      <trkpt lat="55.682937" lon="12.616407"><ele>2.2</ele><time>2026-08-20T11:32:32.000Z</time><extensions><gpxtpx:TrackPointExtension><gpxtpx:hr>133</gpxtpx:hr></gpxtpx:TrackPointExtension></extensions></trkpt>
      <trkpt lat="55.682953" lon="12.61643"><ele>2.2</ele><time>2026-08-20T11:32:33.000Z</time><extensions><gpxtpx:TrackPointExtension><gpxtpx:hr>134</gpxtpx:hr></gpxtpx:TrackPointExtension></extensions></trkpt>
      <trkpt lat="55.682971" lon="12.616454"><ele>2.4</ele><time>2026-08-20T11:32:34.000Z</time><extensions><gpxtpx:TrackPointExtension><gpxtpx:hr>134</gpxtpx:hr></gpxtpx:TrackPointExtension></extensions></trkpt>
      <trkpt lat="55.682991" lon="12.61648"><ele>2.4</ele><time>2026-08-20T11:32:35.000Z</time><extensions><gpxtpx:TrackPointExtension><gpxtpx:hr>134</gpxtpx:hr></gpxtpx:TrackPointExtension></extensions></trkpt>
      <trkpt lat="55.68301" lon="12.616505"><ele>2.4</ele><time>2026-08-20T11:32:36.000Z</time><extensions><gpxtpx:TrackPointExtension><gpxtpx:hr>134</gpxtpx:hr></gpxtpx:TrackPointExtension></extensions></trkpt>
      <trkpt lat="55.683029" lon="12.61653"><ele>2.4</ele><time>2026-08-20T11:32:37.000Z</time><extensions><gpxtpx:TrackPointExtension><gpxtpx:hr>134</gpxtpx:hr></gpxtpx:TrackPointExtension></extensions></trkpt>
      <trkpt lat="55.683048" lon="12.616556"><ele>2.4</ele><time>2026-08-20T11:32:38.000Z</time><extensions><gpxtpx:TrackPointExtension><gpxtpx:hr>134</gpxtpx:hr></gpxtpx:TrackPointExtension></extensions></trkpt>
      <trkpt lat="55.683066" lon="12.616583"><ele>2.6</ele><time>2026-08-20T11:32:39.000Z</time><extensions><gpxtpx:TrackPointExtension><gpxtpx:hr>134</gpxtpx:hr></gpxtpx:TrackPointExtension></extensions></trkpt>
      <trkpt lat="55.683085" lon="12.616611"><ele>2.6</ele><time>2026-08-20T11:32:40.000Z</time><extensions><gpxtpx:TrackPointExtension><gpxtpx:hr>137</gpxtpx:hr></gpxtpx:TrackPointExtension></extensions></trkpt>
      <trkpt lat="55.683104" lon="12.61664"><ele>2.6</ele><time>2026-08-20T11:32:41.000Z</time><extensions><gpxtpx:TrackPointExtension><gpxtpx:hr>137</gpxtpx:hr></gpxtpx:TrackPointExtension></extensions></trkpt>
      <trkpt lat="55.683124" lon="12.616671"><ele>2.6</ele><time>2026-08-20T11:32:42.000Z</time><extensions><gpxtpx:TrackPointExtension><gpxtpx:hr>137</gpxtpx:hr></gpxtpx:TrackPointExtension></extensions></trkpt>
      <trkpt lat="55.683145" lon="12.616703"><ele>2.6</ele><time>2026-08-20T11:32:43.000Z</time><extensions><gpxtpx:TrackPointExtension><gpxtpx:hr>137</gpxtpx:hr></gpxtpx:TrackPointExtension></extensions></trkpt>
      <trkpt lat="55.683165" lon="12.616734"><ele>2.6</ele><time>2026-08-20T11:32:44.000Z</time><extensions><gpxtpx:TrackPointExtension><gpxtpx:hr>137</gpxtpx:hr></gpxtpx:TrackPointExtension></extensions></trkpt>
      <trkpt lat="55.683185" lon="12.616765"><ele>2.6</ele><time>2026-08-20T11:32:45.000Z</time><extensions><gpxtpx:TrackPointExtension><gpxtpx:hr>136</gpxtpx:hr></gpxtpx:TrackPointExtension></extensions></trkpt>
      <trkpt lat="55.683203" lon="12.616795"><ele>2.6</ele><time>2026-08-20T11:32:46.000Z</time><extensions><gpxtpx:TrackPointExtension><gpxtpx:hr>136</gpxtpx:hr></gpxtpx:TrackPointExtension></extensions></trkpt>
      <trkpt lat="55.683221" lon="12.616824"><ele>2.6</ele><time>2026-08-20T11:32:47.000Z</time><extensions><gpxtpx:TrackPointExtension><gpxtpx:hr>136</gpxtpx:hr></gpxtpx:TrackPointExtension></extensions></trkpt>
      <trkpt lat="55.683239" lon="12.616853"><ele>2.6</ele><time>2026-08-20T11:32:48.000Z</time><extensions><gpxtpx:TrackPointExtension><gpxtpx:hr>136</gpxtpx:hr></gpxtpx:TrackPointExtension></extensions></trkpt>
      <trkpt lat="55.683256" lon="12.616883"><ele>2.6</ele><time>2026-08-20T11:32:49.000Z</time><extensions><gpxtpx:TrackPointExtension><gpxtpx:hr>136</gpxtpx:hr></gpxtpx:TrackPointExtension></extensions></trkpt>
      <trkpt lat="55.683274" lon="12.616912"><ele>2.6</ele><time>2026-08-20T11:32:50.000Z</time><extensions><gpxtpx:TrackPointExtension><gpxtpx:hr>136</gpxtpx:hr></gpxtpx:TrackPointExtension></extensions></trkpt>
      <trkpt lat="55.683291" lon="12.61694"><ele>2.6</ele><time>2026-08-20T11:32:51.000Z</time><extensions><gpxtpx:TrackPointExtension><gpxtpx:hr>136</gpxtpx:hr></gpxtpx:TrackPointExtension></extensions></trkpt>
      <trkpt lat="55.683309" lon="12.616968"><ele>2.6</ele><time>2026-08-20T11:32:52.000Z</time><extensions><gpxtpx:TrackPointExtension><gpxtpx:hr>136</gpxtpx:hr></gpxtpx:TrackPointExtension></extensions></trkpt>
      <trkpt lat="55.683327" lon="12.616997"><ele>2.6</ele><time>2026-08-20T11:32:53.000Z</time><extensions><gpxtpx:TrackPointExtension><gpxtpx:hr>136</gpxtpx:hr></gpxtpx:TrackPointExtension></extensions></trkpt>
      <trkpt lat="55.683344" lon="12.617026"><ele>2.6</ele><time>2026-08-20T11:32:54.000Z</time><extensions><gpxtpx:TrackPointExtension><gpxtpx:hr>136</gpxtpx:hr></gpxtpx:TrackPointExtension></extensions></trkpt>
      <trkpt lat="55.683362" lon="12.617053"><ele>2.6</ele><time>2026-08-20T11:32:55.000Z</time><extensions><gpxtpx:TrackPointExtension><gpxtpx:hr>136</gpxtpx:hr></gpxtpx:TrackPointExtension></extensions></trkpt>
      <trkpt lat="55.683381" lon="12.617079"><ele>2.6</ele><time>2026-08-20T11:32:56.000Z</time><extensions><gpxtpx:TrackPointExtension><gpxtpx:hr>136</gpxtpx:hr></gpxtpx:TrackPointExtension></extensions></trkpt>
      <trkpt lat="55.6834" lon="12.617104"><ele>2.6</ele><time>2026-08-20T11:32:57.000Z</time><extensions><gpxtpx:TrackPointExtension><gpxtpx:hr>136</gpxtpx:hr></gpxtpx:TrackPointExtension></extensions></trkpt>
      <trkpt lat="55.683418" lon="12.61713"><ele>2.6</ele><time>2026-08-20T11:32:58.000Z</time><extensions><gpxtpx:TrackPointExtension><gpxtpx:hr>136</gpxtpx:hr></gpxtpx:TrackPointExtension></extensions></trkpt>
      <trkpt lat="55.683436" lon="12.617156"><ele>2.6</ele><time>2026-08-20T11:32:59.000Z</time><extensions><gpxtpx:TrackPointExtension><gpxtpx:hr>136</gpxtpx:hr></gpxtpx:TrackPointExtension></extensions></trkpt>
      <trkpt lat="55.683454" lon="12.617183"><ele>2.6</ele><time>2026-08-20T11:33:00.000Z</time><extensions><gpxtpx:TrackPointExtension><gpxtpx:hr>136</gpxtpx:hr></gpxtpx:TrackPointExtension></extensions></trkpt>
      <trkpt lat="55.683473" lon="12.617211"><ele>2.6</ele><time>2026-08-20T11:33:01.000Z</time><extensions><gpxtpx:TrackPointExtension><gpxtpx:hr>136</gpxtpx:hr></gpxtpx:TrackPointExtension></extensions></trkpt>
      <trkpt lat="55.683491" lon="12.61724"><ele>2.4</ele><time>2026-08-20T11:33:02.000Z</time><extensions><gpxtpx:TrackPointExtension><gpxtpx:hr>136</gpxtpx:hr></gpxtpx:TrackPointExtension></extensions></trkpt>
      <trkpt lat="55.683508" lon="12.617267"><ele>2.4</ele><time>2026-08-20T11:33:03.000Z</time><extensions><gpxtpx:TrackPointExtension><gpxtpx:hr>136</gpxtpx:hr></gpxtpx:TrackPointExtension></extensions></trkpt>
      <trkpt lat="55.683523" lon="12.617294"><ele>2.4</ele><time>2026-08-20T11:33:04.000Z</time><extensions><gpxtpx:TrackPointExtension><gpxtpx:hr>136</gpxtpx:hr></gpxtpx:TrackPointExtension></extensions></trkpt>
      <trkpt lat="55.683538" lon="12.617321"><ele>2.4</ele><time>2026-08-20T11:33:05.000Z</time><extensions><gpxtpx:TrackPointExtension><gpxtpx:hr>136</gpxtpx:hr></gpxtpx:TrackPointExtension></extensions></trkpt>
      <trkpt lat="55.683554" lon="12.617349"><ele>2.4</ele><time>2026-08-20T11:33:06.000Z</time><extensions><gpxtpx:TrackPointExtension><gpxtpx:hr>137</gpxtpx:hr></gpxtpx:TrackPointExtension></extensions></trkpt>
      <trkpt lat="55.683571" lon="12.617377"><ele>2.4</ele><time>2026-08-20T11:33:07.000Z</time><extensions><gpxtpx:TrackPointExtension><gpxtpx:hr>137</gpxtpx:hr></gpxtpx:TrackPointExtension></extensions></trkpt>
      <trkpt lat="55.683589" lon="12.617406"><ele>2.4</ele><time>2026-08-20T11:33:08.000Z</time><extensions><gpxtpx:TrackPointExtension><gpxtpx:hr>136</gpxtpx:hr></gpxtpx:TrackPointExtension></extensions></trkpt>
      <trkpt lat="55.683607" lon="12.617433"><ele>2.4</ele><time>2026-08-20T11:33:09.000Z</time><extensions><gpxtpx:TrackPointExtension><gpxtpx:hr>136</gpxtpx:hr></gpxtpx:TrackPointExtension></extensions></trkpt>
      <trkpt lat="55.683625" lon="12.617458"><ele>2.2</ele><time>2026-08-20T11:33:10.000Z</time><extensions><gpxtpx:TrackPointExtension><gpxtpx:hr>136</gpxtpx:hr></gpxtpx:TrackPointExtension></extensions></trkpt>
      <trkpt lat="55.683643" lon="12.617482"><ele>2.2</ele><time>2026-08-20T11:33:11.000Z</time><extensions><gpxtpx:TrackPointExtension><gpxtpx:hr>136</gpxtpx:hr></gpxtpx:TrackPointExtension></extensions></trkpt>
      <trkpt lat="55.683662" lon="12.617506"><ele>2.2</ele><time>2026-08-20T11:33:12.000Z</time><extensions><gpxtpx:TrackPointExtension><gpxtpx:hr>136</gpxtpx:hr></gpxtpx:TrackPointExtension></extensions></trkpt>
      <trkpt lat="55.683681" lon="12.617531"><ele>2.2</ele><time>2026-08-20T11:33:13.000Z</time><extensions><gpxtpx:TrackPointExtension><gpxtpx:hr>136</gpxtpx:hr></gpxtpx:TrackPointExtension></extensions></trkpt>
      <trkpt lat="55.6837" lon="12.617558"><ele>2.2</ele><time>2026-08-20T11:33:14.000Z</time><extensions><gpxtpx:TrackPointExtension><gpxtpx:hr>136</gpxtpx:hr></gpxtpx:TrackPointExtension></extensions></trkpt>
      <trkpt lat="55.683718" lon="12.617587"><ele>2.2</ele><time>2026-08-20T11:33:15.000Z</time><extensions><gpxtpx:TrackPointExtension><gpxtpx:hr>136</gpxtpx:hr></gpxtpx:TrackPointExtension></extensions></trkpt>
      <trkpt lat="55.683735" lon="12.617618"><ele>2.2</ele><time>2026-08-20T11:33:16.000Z</time><extensions><gpxtpx:TrackPointExtension><gpxtpx:hr>139</gpxtpx:hr></gpxtpx:TrackPointExtension></extensions></trkpt>
      <trkpt lat="55.683751" lon="12.617647"><ele>2.2</ele><time>2026-08-20T11:33:17.000Z</time><extensions><gpxtpx:TrackPointExtension><gpxtpx:hr>139</gpxtpx:hr></gpxtpx:TrackPointExtension></extensions></trkpt>
      <trkpt lat="55.683767" lon="12.617677"><ele>2.2</ele><time>2026-08-20T11:33:18.000Z</time><extensions><gpxtpx:TrackPointExtension><gpxtpx:hr>139</gpxtpx:hr></gpxtpx:TrackPointExtension></extensions></trkpt>
      <trkpt lat="55.683781" lon="12.617706"><ele>2.2</ele><time>2026-08-20T11:33:19.000Z</time><extensions><gpxtpx:TrackPointExtension><gpxtpx:hr>139</gpxtpx:hr></gpxtpx:TrackPointExtension></extensions></trkpt>
      <trkpt lat="55.683793" lon="12.617738"><ele>2.2</ele><time>2026-08-20T11:33:20.000Z</time><extensions><gpxtpx:TrackPointExtension><gpxtpx:hr>139</gpxtpx:hr></gpxtpx:TrackPointExtension></extensions></trkpt>
      <trkpt lat="55.683801" lon="12.617773"><ele>2.2</ele><time>2026-08-20T11:33:21.000Z</time><extensions><gpxtpx:TrackPointExtension><gpxtpx:hr>139</gpxtpx:hr></gpxtpx:TrackPointExtension></extensions></trkpt>
      <trkpt lat="55.683802" lon="12.617812"><ele>2.2</ele><time>2026-08-20T11:33:22.000Z</time><extensions><gpxtpx:TrackPointExtension><gpxtpx:hr>139</gpxtpx:hr></gpxtpx:TrackPointExtension></extensions></trkpt>
      <trkpt lat="55.683796" lon="12.617851"><ele>2.2</ele><time>2026-08-20T11:33:23.000Z</time><extensions><gpxtpx:TrackPointExtension><gpxtpx:hr>139</gpxtpx:hr></gpxtpx:TrackPointExtension></extensions></trkpt>
      <trkpt lat="55.683789" lon="12.617887"><ele>2.2</ele><time>2026-08-20T11:33:24.000Z</time><extensions><gpxtpx:TrackPointExtension><gpxtpx:hr>139</gpxtpx:hr></gpxtpx:TrackPointExtension></extensions></trkpt>
      <trkpt lat="55.683785" lon="12.617922"><ele>2.2</ele><time>2026-08-20T11:33:25.000Z</time><extensions><gpxtpx:TrackPointExtension><gpxtpx:hr>139</gpxtpx:hr></gpxtpx:TrackPointExtension></extensions></trkpt>
      <trkpt lat="55.683785" lon="12.617956"><ele>2.2</ele><time>2026-08-20T11:33:26.000Z</time><extensions><gpxtpx:TrackPointExtension><gpxtpx:hr>139</gpxtpx:hr></gpxtpx:TrackPointExtension></extensions></trkpt>
      <trkpt lat="55.683789" lon="12.617987"><ele>2.2</ele><time>2026-08-20T11:33:27.000Z</time><extensions><gpxtpx:TrackPointExtension><gpxtpx:hr>139</gpxtpx:hr></gpxtpx:TrackPointExtension></extensions></trkpt>
      <trkpt lat="55.683793" lon="12.618013"><ele>2.4</ele><time>2026-08-20T11:33:28.000Z</time><extensions><gpxtpx:TrackPointExtension><gpxtpx:hr>138</gpxtpx:hr></gpxtpx:TrackPointExtension></extensions></trkpt>
      <trkpt lat="55.683795" lon="12.61803"><ele>2.4</ele><time>2026-08-20T11:33:29.000Z</time><extensions><gpxtpx:TrackPointExtension><gpxtpx:hr>138</gpxtpx:hr></gpxtpx:TrackPointExtension></extensions></trkpt>
      <trkpt lat="55.683794" lon="12.618036"><ele>2.4</ele><time>2026-08-20T11:33:30.000Z</time><extensions><gpxtpx:TrackPointExtension><gpxtpx:hr>138</gpxtpx:hr></gpxtpx:TrackPointExtension></extensions></trkpt>
      <trkpt lat="55.683848" lon="12.61801"><ele>2.6</ele><time>2026-08-20T11:33:53.000Z</time><extensions><gpxtpx:TrackPointExtension><gpxtpx:hr>138</gpxtpx:hr></gpxtpx:TrackPointExtension></extensions></trkpt>
      <trkpt lat="55.68387" lon="12.618024"><ele>2.6</ele><time>2026-08-20T11:33:54.000Z</time><extensions><gpxtpx:TrackPointExtension><gpxtpx:hr>138</gpxtpx:hr></gpxtpx:TrackPointExtension></extensions></trkpt>
      <trkpt lat="55.68389" lon="12.618042"><ele>2.4</ele><time>2026-08-20T11:33:55.000Z</time><extensions><gpxtpx:TrackPointExtension><gpxtpx:hr>131</gpxtpx:hr></gpxtpx:TrackPointExtension></extensions></trkpt>
      <trkpt lat="55.683911" lon="12.618064"><ele>2.4</ele><time>2026-08-20T11:33:56.000Z</time><extensions><gpxtpx:TrackPointExtension><gpxtpx:hr>131</gpxtpx:hr></gpxtpx:TrackPointExtension></extensions></trkpt>
      <trkpt lat="55.683931" lon="12.61809"><ele>2.4</ele><time>2026-08-20T11:33:57.000Z</time><extensions><gpxtpx:TrackPointExtension><gpxtpx:hr>131</gpxtpx:hr></gpxtpx:TrackPointExtension></extensions></trkpt>
      <trkpt lat="55.683951" lon="12.618116"><ele>2.4</ele><time>2026-08-20T11:33:58.000Z</time><extensions><gpxtpx:TrackPointExtension><gpxtpx:hr>130</gpxtpx:hr></gpxtpx:TrackPointExtension></extensions></trkpt>
      <trkpt lat="55.68397" lon="12.61814"><ele>2.4</ele><time>2026-08-20T11:33:59.000Z</time><extensions><gpxtpx:TrackPointExtension><gpxtpx:hr>130</gpxtpx:hr></gpxtpx:TrackPointExtension></extensions></trkpt>
      <trkpt lat="55.68399" lon="12.618162"><ele>2.4</ele><time>2026-08-20T11:34:00.000Z</time><extensions><gpxtpx:TrackPointExtension><gpxtpx:hr>130</gpxtpx:hr></gpxtpx:TrackPointExtension></extensions></trkpt>
      <trkpt lat="55.68401" lon="12.618186"><ele>2.2</ele><time>2026-08-20T11:34:01.000Z</time><extensions><gpxtpx:TrackPointExtension><gpxtpx:hr>130</gpxtpx:hr></gpxtpx:TrackPointExtension></extensions></trkpt>
      <trkpt lat="55.68403" lon="12.618212"><ele>2.2</ele><time>2026-08-20T11:34:02.000Z</time><extensions><gpxtpx:TrackPointExtension><gpxtpx:hr>130</gpxtpx:hr></gpxtpx:TrackPointExtension></extensions></trkpt>
      <trkpt lat="55.684049" lon="12.61824"><ele>2.2</ele><time>2026-08-20T11:34:03.000Z</time><extensions><gpxtpx:TrackPointExtension><gpxtpx:hr>126</gpxtpx:hr></gpxtpx:TrackPointExtension></extensions></trkpt>
      <trkpt lat="55.684067" lon="12.61827"><ele>2.2</ele><time>2026-08-20T11:34:04.000Z</time><extensions><gpxtpx:TrackPointExtension><gpxtpx:hr>126</gpxtpx:hr></gpxtpx:TrackPointExtension></extensions></trkpt>
      <trkpt lat="55.684083" lon="12.618301"><ele>2</ele><time>2026-08-20T11:34:05.000Z</time><extensions><gpxtpx:TrackPointExtension><gpxtpx:hr>126</gpxtpx:hr></gpxtpx:TrackPointExtension></extensions></trkpt>
      <trkpt lat="55.684101" lon="12.618331"><ele>2</ele><time>2026-08-20T11:34:06.000Z</time><extensions><gpxtpx:TrackPointExtension><gpxtpx:hr>126</gpxtpx:hr></gpxtpx:TrackPointExtension></extensions></trkpt>
      <trkpt lat="55.684119" lon="12.618361"><ele>2</ele><time>2026-08-20T11:34:07.000Z</time><extensions><gpxtpx:TrackPointExtension><gpxtpx:hr>126</gpxtpx:hr></gpxtpx:TrackPointExtension></extensions></trkpt>
      <trkpt lat="55.684137" lon="12.61839"><ele>2</ele><time>2026-08-20T11:34:08.000Z</time><extensions><gpxtpx:TrackPointExtension><gpxtpx:hr>126</gpxtpx:hr></gpxtpx:TrackPointExtension></extensions></trkpt>
      <trkpt lat="55.684154" lon="12.618419"><ele>2</ele><time>2026-08-20T11:34:09.000Z</time><extensions><gpxtpx:TrackPointExtension><gpxtpx:hr>126</gpxtpx:hr></gpxtpx:TrackPointExtension></extensions></trkpt>
      <trkpt lat="55.684171" lon="12.618448"><ele>2</ele><time>2026-08-20T11:34:10.000Z</time><extensions><gpxtpx:TrackPointExtension><gpxtpx:hr>123</gpxtpx:hr></gpxtpx:TrackPointExtension></extensions></trkpt>
      <trkpt lat="55.684188" lon="12.618482"><ele>2.2</ele><time>2026-08-20T11:34:11.000Z</time><extensions><gpxtpx:TrackPointExtension><gpxtpx:hr>123</gpxtpx:hr></gpxtpx:TrackPointExtension></extensions></trkpt>
      <trkpt lat="55.684201" lon="12.618519"><ele>2.2</ele><time>2026-08-20T11:34:12.000Z</time><extensions><gpxtpx:TrackPointExtension><gpxtpx:hr>123</gpxtpx:hr></gpxtpx:TrackPointExtension></extensions></trkpt>
      <trkpt lat="55.684213" lon="12.618557"><ele>2.2</ele><time>2026-08-20T11:34:13.000Z</time><extensions><gpxtpx:TrackPointExtension><gpxtpx:hr>123</gpxtpx:hr></gpxtpx:TrackPointExtension></extensions></trkpt>
      <trkpt lat="55.684222" lon="12.618593"><ele>2.4</ele><time>2026-08-20T11:34:14.000Z</time><extensions><gpxtpx:TrackPointExtension><gpxtpx:hr>123</gpxtpx:hr></gpxtpx:TrackPointExtension></extensions></trkpt>
      <trkpt lat="55.684232" lon="12.618624"><ele>2.6</ele><time>2026-08-20T11:34:15.000Z</time><extensions><gpxtpx:TrackPointExtension><gpxtpx:hr>123</gpxtpx:hr></gpxtpx:TrackPointExtension></extensions></trkpt>
      <trkpt lat="55.684243" lon="12.618653"><ele>2.6</ele><time>2026-08-20T11:34:16.000Z</time><extensions><gpxtpx:TrackPointExtension><gpxtpx:hr>123</gpxtpx:hr></gpxtpx:TrackPointExtension></extensions></trkpt>
      <trkpt lat="55.684257" lon="12.618681"><ele>2.8</ele><time>2026-08-20T11:34:17.000Z</time><extensions><gpxtpx:TrackPointExtension><gpxtpx:hr>123</gpxtpx:hr></gpxtpx:TrackPointExtension></extensions></trkpt>
      <trkpt lat="55.684274" lon="12.618708"><ele>2.8</ele><time>2026-08-20T11:34:18.000Z</time><extensions><gpxtpx:TrackPointExtension><gpxtpx:hr>124</gpxtpx:hr></gpxtpx:TrackPointExtension></extensions></trkpt>
      <trkpt lat="55.684291" lon="12.618733"><ele>3</ele><time>2026-08-20T11:34:19.000Z</time><extensions><gpxtpx:TrackPointExtension><gpxtpx:hr>124</gpxtpx:hr></gpxtpx:TrackPointExtension></extensions></trkpt>
      <trkpt lat="55.684309" lon="12.618755"><ele>3</ele><time>2026-08-20T11:34:20.000Z</time><extensions><gpxtpx:TrackPointExtension><gpxtpx:hr>124</gpxtpx:hr></gpxtpx:TrackPointExtension></extensions></trkpt>
      <trkpt lat="55.684327" lon="12.618774"><ele>3</ele><time>2026-08-20T11:34:21.000Z</time><extensions><gpxtpx:TrackPointExtension><gpxtpx:hr>124</gpxtpx:hr></gpxtpx:TrackPointExtension></extensions></trkpt>
      <trkpt lat="55.684347" lon="12.61879"><ele>3</ele><time>2026-08-20T11:34:22.000Z</time><extensions><gpxtpx:TrackPointExtension><gpxtpx:hr>124</gpxtpx:hr></gpxtpx:TrackPointExtension></extensions></trkpt>
      <trkpt lat="55.684367" lon="12.618804"><ele>3</ele><time>2026-08-20T11:34:23.000Z</time><extensions><gpxtpx:TrackPointExtension><gpxtpx:hr>127</gpxtpx:hr></gpxtpx:TrackPointExtension></extensions></trkpt>
      <trkpt lat="55.684388" lon="12.618814"><ele>3</ele><time>2026-08-20T11:34:24.000Z</time><extensions><gpxtpx:TrackPointExtension><gpxtpx:hr>127</gpxtpx:hr></gpxtpx:TrackPointExtension></extensions></trkpt>
      <trkpt lat="55.684409" lon="12.618822"><ele>3</ele><time>2026-08-20T11:34:25.000Z</time><extensions><gpxtpx:TrackPointExtension><gpxtpx:hr>127</gpxtpx:hr></gpxtpx:TrackPointExtension></extensions></trkpt>
      <trkpt lat="55.684429" lon="12.618831"><ele>3</ele><time>2026-08-20T11:34:26.000Z</time><extensions><gpxtpx:TrackPointExtension><gpxtpx:hr>127</gpxtpx:hr></gpxtpx:TrackPointExtension></extensions></trkpt>
      <trkpt lat="55.684449" lon="12.618844"><ele>2.8</ele><time>2026-08-20T11:34:27.000Z</time><extensions><gpxtpx:TrackPointExtension><gpxtpx:hr>127</gpxtpx:hr></gpxtpx:TrackPointExtension></extensions></trkpt>
      <trkpt lat="55.684467" lon="12.618859"><ele>2.8</ele><time>2026-08-20T11:34:28.000Z</time><extensions><gpxtpx:TrackPointExtension><gpxtpx:hr>127</gpxtpx:hr></gpxtpx:TrackPointExtension></extensions></trkpt>
      <trkpt lat="55.684484" lon="12.618875"><ele>2.8</ele><time>2026-08-20T11:34:29.000Z</time><extensions><gpxtpx:TrackPointExtension><gpxtpx:hr>127</gpxtpx:hr></gpxtpx:TrackPointExtension></extensions></trkpt>
      <trkpt lat="55.684499" lon="12.618894"><ele>2.8</ele><time>2026-08-20T11:34:30.000Z</time><extensions><gpxtpx:TrackPointExtension><gpxtpx:hr>127</gpxtpx:hr></gpxtpx:TrackPointExtension></extensions></trkpt>
      <trkpt lat="55.684512" lon="12.618918"><ele>2.8</ele><time>2026-08-20T11:34:31.000Z</time><extensions><gpxtpx:TrackPointExtension><gpxtpx:hr>127</gpxtpx:hr></gpxtpx:TrackPointExtension></extensions></trkpt>
      <trkpt lat="55.684523" lon="12.618949"><ele>2.8</ele><time>2026-08-20T11:34:32.000Z</time><extensions><gpxtpx:TrackPointExtension><gpxtpx:hr>132</gpxtpx:hr></gpxtpx:TrackPointExtension></extensions></trkpt>
      <trkpt lat="55.684534" lon="12.618982"><ele>2.6</ele><time>2026-08-20T11:34:33.000Z</time><extensions><gpxtpx:TrackPointExtension><gpxtpx:hr>132</gpxtpx:hr></gpxtpx:TrackPointExtension></extensions></trkpt>
      <trkpt lat="55.684544" lon="12.619016"><ele>2.4</ele><time>2026-08-20T11:34:34.000Z</time><extensions><gpxtpx:TrackPointExtension><gpxtpx:hr>132</gpxtpx:hr></gpxtpx:TrackPointExtension></extensions></trkpt>
      <trkpt lat="55.684554" lon="12.619049"><ele>2.4</ele><time>2026-08-20T11:34:35.000Z</time><extensions><gpxtpx:TrackPointExtension><gpxtpx:hr>132</gpxtpx:hr></gpxtpx:TrackPointExtension></extensions></trkpt>
      <trkpt lat="55.684563" lon="12.619079"><ele>2.2</ele><time>2026-08-20T11:34:36.000Z</time><extensions><gpxtpx:TrackPointExtension><gpxtpx:hr>132</gpxtpx:hr></gpxtpx:TrackPointExtension></extensions></trkpt>
      <trkpt lat="55.684573" lon="12.619105"><ele>1.8</ele><time>2026-08-20T11:34:37.000Z</time><extensions><gpxtpx:TrackPointExtension><gpxtpx:hr>132</gpxtpx:hr></gpxtpx:TrackPointExtension></extensions></trkpt>
      <trkpt lat="55.684581" lon="12.619124"><ele>1.4</ele><time>2026-08-20T11:34:38.000Z</time><extensions><gpxtpx:TrackPointExtension><gpxtpx:hr>132</gpxtpx:hr></gpxtpx:TrackPointExtension></extensions></trkpt>
      <trkpt lat="55.684587" lon="12.619136"><ele>1.2</ele><time>2026-08-20T11:34:39.000Z</time><extensions><gpxtpx:TrackPointExtension><gpxtpx:hr>132</gpxtpx:hr></gpxtpx:TrackPointExtension></extensions></trkpt>
      <trkpt lat="55.684467" lon="12.618932"><ele>6.2</ele><time>2026-08-20T11:50:19.000Z</time><extensions><gpxtpx:TrackPointExtension><gpxtpx:hr>132</gpxtpx:hr></gpxtpx:TrackPointExtension></extensions></trkpt>
      <trkpt lat="55.684457" lon="12.618922"><ele>5.8</ele><time>2026-08-20T11:50:20.000Z</time><extensions><gpxtpx:TrackPointExtension><gpxtpx:hr>132</gpxtpx:hr></gpxtpx:TrackPointExtension></extensions></trkpt>
      <trkpt lat="55.684448" lon="12.618912"><ele>5.6</ele><time>2026-08-20T11:50:21.000Z</time><extensions><gpxtpx:TrackPointExtension><gpxtpx:hr>132</gpxtpx:hr></gpxtpx:TrackPointExtension></extensions></trkpt>
      <trkpt lat="55.684439" lon="12.618899"><ele>5.6</ele><time>2026-08-20T11:50:22.000Z</time><extensions><gpxtpx:TrackPointExtension><gpxtpx:hr>132</gpxtpx:hr></gpxtpx:TrackPointExtension></extensions></trkpt>
      <trkpt lat="55.68443" lon="12.618885"><ele>5.4</ele><time>2026-08-20T11:50:23.000Z</time><extensions><gpxtpx:TrackPointExtension><gpxtpx:hr>132</gpxtpx:hr></gpxtpx:TrackPointExtension></extensions></trkpt>
      <trkpt lat="55.68442" lon="12.618873"><ele>5.4</ele><time>2026-08-20T11:50:24.000Z</time><extensions><gpxtpx:TrackPointExtension><gpxtpx:hr>132</gpxtpx:hr></gpxtpx:TrackPointExtension></extensions></trkpt>
      <trkpt lat="55.684409" lon="12.618861"><ele>5.4</ele><time>2026-08-20T11:50:25.000Z</time><extensions><gpxtpx:TrackPointExtension><gpxtpx:hr>132</gpxtpx:hr></gpxtpx:TrackPointExtension></extensions></trkpt>
      <trkpt lat="55.684396" lon="12.618852"><ele>5.2</ele><time>2026-08-20T11:50:26.000Z</time><extensions><gpxtpx:TrackPointExtension><gpxtpx:hr>132</gpxtpx:hr></gpxtpx:TrackPointExtension></extensions></trkpt>
      <trkpt lat="55.684382" lon="12.618848"><ele>5.2</ele><time>2026-08-20T11:50:27.000Z</time><extensions><gpxtpx:TrackPointExtension><gpxtpx:hr>132</gpxtpx:hr></gpxtpx:TrackPointExtension></extensions></trkpt>
      <trkpt lat="55.684367" lon="12.618848"><ele>5</ele><time>2026-08-20T11:50:28.000Z</time><extensions><gpxtpx:TrackPointExtension><gpxtpx:hr>132</gpxtpx:hr></gpxtpx:TrackPointExtension></extensions></trkpt>
      <trkpt lat="55.684352" lon="12.618852"><ele>4.8</ele><time>2026-08-20T11:50:29.000Z</time><extensions><gpxtpx:TrackPointExtension><gpxtpx:hr>132</gpxtpx:hr></gpxtpx:TrackPointExtension></extensions></trkpt>
      <trkpt lat="55.684337" lon="12.618861"><ele>4.6</ele><time>2026-08-20T11:50:30.000Z</time><extensions><gpxtpx:TrackPointExtension><gpxtpx:hr>132</gpxtpx:hr></gpxtpx:TrackPointExtension></extensions></trkpt>
      <trkpt lat="55.684323" lon="12.618874"><ele>4.2</ele><time>2026-08-20T11:50:31.000Z</time><extensions><gpxtpx:TrackPointExtension><gpxtpx:hr>132</gpxtpx:hr></gpxtpx:TrackPointExtension></extensions></trkpt>
      <trkpt lat="55.684308" lon="12.618888"><ele>4</ele><time>2026-08-20T11:50:32.000Z</time><extensions><gpxtpx:TrackPointExtension><gpxtpx:hr>132</gpxtpx:hr></gpxtpx:TrackPointExtension></extensions></trkpt>
      <trkpt lat="55.684291" lon="12.618905"><ele>3.8</ele><time>2026-08-20T11:50:33.000Z</time><extensions><gpxtpx:TrackPointExtension><gpxtpx:hr>132</gpxtpx:hr></gpxtpx:TrackPointExtension></extensions></trkpt>
      <trkpt lat="55.684273" lon="12.618923"><ele>3.6</ele><time>2026-08-20T11:50:34.000Z</time><extensions><gpxtpx:TrackPointExtension><gpxtpx:hr>132</gpxtpx:hr></gpxtpx:TrackPointExtension></extensions></trkpt>
      <trkpt lat="55.684254" lon="12.618942"><ele>3.4</ele><time>2026-08-20T11:50:35.000Z</time><extensions><gpxtpx:TrackPointExtension><gpxtpx:hr>132</gpxtpx:hr></gpxtpx:TrackPointExtension></extensions></trkpt>
      <trkpt lat="55.684235" lon="12.618961"><ele>3.2</ele><time>2026-08-20T11:50:36.000Z</time><extensions><gpxtpx:TrackPointExtension><gpxtpx:hr>132</gpxtpx:hr></gpxtpx:TrackPointExtension></extensions></trkpt>
      <trkpt lat="55.684216" lon="12.618981"><ele>3</ele><time>2026-08-20T11:50:37.000Z</time><extensions><gpxtpx:TrackPointExtension><gpxtpx:hr>132</gpxtpx:hr></gpxtpx:TrackPointExtension></extensions></trkpt>
      <trkpt lat="55.684196" lon="12.619003"><ele>2.8</ele><time>2026-08-20T11:50:38.000Z</time><extensions><gpxtpx:TrackPointExtension><gpxtpx:hr>132</gpxtpx:hr></gpxtpx:TrackPointExtension></extensions></trkpt>
      <trkpt lat="55.684176" lon="12.619026"><ele>2.8</ele><time>2026-08-20T11:50:39.000Z</time><extensions><gpxtpx:TrackPointExtension><gpxtpx:hr>132</gpxtpx:hr></gpxtpx:TrackPointExtension></extensions></trkpt>
      <trkpt lat="55.684155" lon="12.61905"><ele>2.8</ele><time>2026-08-20T11:50:40.000Z</time><extensions><gpxtpx:TrackPointExtension><gpxtpx:hr>132</gpxtpx:hr></gpxtpx:TrackPointExtension></extensions></trkpt>
      <trkpt lat="55.684136" lon="12.619076"><ele>2.8</ele><time>2026-08-20T11:50:41.000Z</time><extensions><gpxtpx:TrackPointExtension><gpxtpx:hr>132</gpxtpx:hr></gpxtpx:TrackPointExtension></extensions></trkpt>
      <trkpt lat="55.684117" lon="12.619101"><ele>2.8</ele><time>2026-08-20T11:50:42.000Z</time><extensions><gpxtpx:TrackPointExtension><gpxtpx:hr>132</gpxtpx:hr></gpxtpx:TrackPointExtension></extensions></trkpt>
      <trkpt lat="55.684099" lon="12.619125"><ele>3</ele><time>2026-08-20T11:50:43.000Z</time><extensions><gpxtpx:TrackPointExtension><gpxtpx:hr>132</gpxtpx:hr></gpxtpx:TrackPointExtension></extensions></trkpt>
      <trkpt lat="55.684082" lon="12.619152"><ele>3</ele><time>2026-08-20T11:50:44.000Z</time><extensions><gpxtpx:TrackPointExtension><gpxtpx:hr>132</gpxtpx:hr></gpxtpx:TrackPointExtension></extensions></trkpt>
      <trkpt lat="55.684067" lon="12.619181"><ele>3</ele><time>2026-08-20T11:50:45.000Z</time><extensions><gpxtpx:TrackPointExtension><gpxtpx:hr>132</gpxtpx:hr></gpxtpx:TrackPointExtension></extensions></trkpt>
      <trkpt lat="55.684052" lon="12.61921"><ele>3.2</ele><time>2026-08-20T11:50:46.000Z</time><extensions><gpxtpx:TrackPointExtension><gpxtpx:hr>132</gpxtpx:hr></gpxtpx:TrackPointExtension></extensions></trkpt>
      <trkpt lat="55.684037" lon="12.61924"><ele>3.2</ele><time>2026-08-20T11:50:47.000Z</time><extensions><gpxtpx:TrackPointExtension><gpxtpx:hr>132</gpxtpx:hr></gpxtpx:TrackPointExtension></extensions></trkpt>
      <trkpt lat="55.684021" lon="12.619269"><ele>3.2</ele><time>2026-08-20T11:50:48.000Z</time><extensions><gpxtpx:TrackPointExtension><gpxtpx:hr>132</gpxtpx:hr></gpxtpx:TrackPointExtension></extensions></trkpt>
      <trkpt lat="55.684005" lon="12.619294"><ele>3.2</ele><time>2026-08-20T11:50:49.000Z</time><extensions><gpxtpx:TrackPointExtension><gpxtpx:hr>132</gpxtpx:hr></gpxtpx:TrackPointExtension></extensions></trkpt>
      <trkpt lat="55.683985" lon="12.619309"><ele>3.2</ele><time>2026-08-20T11:50:50.000Z</time><extensions><gpxtpx:TrackPointExtension><gpxtpx:hr>132</gpxtpx:hr></gpxtpx:TrackPointExtension></extensions></trkpt>
      <trkpt lat="55.683964" lon="12.61931"><ele>3.2</ele><time>2026-08-20T11:50:51.000Z</time><extensions><gpxtpx:TrackPointExtension><gpxtpx:hr>132</gpxtpx:hr></gpxtpx:TrackPointExtension></extensions></trkpt>
      <trkpt lat="55.683943" lon="12.619297"><ele>3.4</ele><time>2026-08-20T11:50:52.000Z</time><extensions><gpxtpx:TrackPointExtension><gpxtpx:hr>132</gpxtpx:hr></gpxtpx:TrackPointExtension></extensions></trkpt>
      <trkpt lat="55.683924" lon="12.619274"><ele>3.4</ele><time>2026-08-20T11:50:53.000Z</time><extensions><gpxtpx:TrackPointExtension><gpxtpx:hr>132</gpxtpx:hr></gpxtpx:TrackPointExtension></extensions></trkpt>
      <trkpt lat="55.683905" lon="12.619245"><ele>3.4</ele><time>2026-08-20T11:50:54.000Z</time><extensions><gpxtpx:TrackPointExtension><gpxtpx:hr>121</gpxtpx:hr></gpxtpx:TrackPointExtension></extensions></trkpt>
      <trkpt lat="55.683886" lon="12.619216"><ele>3.4</ele><time>2026-08-20T11:50:55.000Z</time><extensions><gpxtpx:TrackPointExtension><gpxtpx:hr>121</gpxtpx:hr></gpxtpx:TrackPointExtension></extensions></trkpt>
      <trkpt lat="55.683865" lon="12.619186"><ele>3.4</ele><time>2026-08-20T11:50:56.000Z</time><extensions><gpxtpx:TrackPointExtension><gpxtpx:hr>121</gpxtpx:hr></gpxtpx:TrackPointExtension></extensions></trkpt>
      <trkpt lat="55.683843" lon="12.619153"><ele>3.4</ele><time>2026-08-20T11:50:57.000Z</time><extensions><gpxtpx:TrackPointExtension><gpxtpx:hr>121</gpxtpx:hr></gpxtpx:TrackPointExtension></extensions></trkpt>
      <trkpt lat="55.683821" lon="12.619117"><ele>3.2</ele><time>2026-08-20T11:50:58.000Z</time><extensions><gpxtpx:TrackPointExtension><gpxtpx:hr>122</gpxtpx:hr></gpxtpx:TrackPointExtension></extensions></trkpt>
      <trkpt lat="55.683802" lon="12.619076"><ele>3.2</ele><time>2026-08-20T11:50:59.000Z</time><extensions><gpxtpx:TrackPointExtension><gpxtpx:hr>122</gpxtpx:hr></gpxtpx:TrackPointExtension></extensions></trkpt>
      <trkpt lat="55.683784" lon="12.619033"><ele>3.2</ele><time>2026-08-20T11:51:00.000Z</time><extensions><gpxtpx:TrackPointExtension><gpxtpx:hr>122</gpxtpx:hr></gpxtpx:TrackPointExtension></extensions></trkpt>
      <trkpt lat="55.683767" lon="12.618986"><ele>3.2</ele><time>2026-08-20T11:51:01.000Z</time><extensions><gpxtpx:TrackPointExtension><gpxtpx:hr>122</gpxtpx:hr></gpxtpx:TrackPointExtension></extensions></trkpt>
      <trkpt lat="55.683749" lon="12.61894"><ele>3.2</ele><time>2026-08-20T11:51:02.000Z</time><extensions><gpxtpx:TrackPointExtension><gpxtpx:hr>122</gpxtpx:hr></gpxtpx:TrackPointExtension></extensions></trkpt>
      <trkpt lat="55.68373" lon="12.618896"><ele>3.2</ele><time>2026-08-20T11:51:03.000Z</time><extensions><gpxtpx:TrackPointExtension><gpxtpx:hr>122</gpxtpx:hr></gpxtpx:TrackPointExtension></extensions></trkpt>
      <trkpt lat="55.683709" lon="12.618851"><ele>3.2</ele><time>2026-08-20T11:51:04.000Z</time><extensions><gpxtpx:TrackPointExtension><gpxtpx:hr>122</gpxtpx:hr></gpxtpx:TrackPointExtension></extensions></trkpt>
      <trkpt lat="55.683686" lon="12.618804"><ele>3</ele><time>2026-08-20T11:51:05.000Z</time><extensions><gpxtpx:TrackPointExtension><gpxtpx:hr>122</gpxtpx:hr></gpxtpx:TrackPointExtension></extensions></trkpt>
      <trkpt lat="55.683664" lon="12.618758"><ele>3</ele><time>2026-08-20T11:51:06.000Z</time><extensions><gpxtpx:TrackPointExtension><gpxtpx:hr>122</gpxtpx:hr></gpxtpx:TrackPointExtension></extensions></trkpt>
      <trkpt lat="55.683643" lon="12.618714"><ele>3</ele><time>2026-08-20T11:51:07.000Z</time><extensions><gpxtpx:TrackPointExtension><gpxtpx:hr>122</gpxtpx:hr></gpxtpx:TrackPointExtension></extensions></trkpt>
      <trkpt lat="55.683624" lon="12.618671"><ele>3</ele><time>2026-08-20T11:51:08.000Z</time><extensions><gpxtpx:TrackPointExtension><gpxtpx:hr>122</gpxtpx:hr></gpxtpx:TrackPointExtension></extensions></trkpt>
      <trkpt lat="55.683606" lon="12.61863"><ele>3</ele><time>2026-08-20T11:51:09.000Z</time><extensions><gpxtpx:TrackPointExtension><gpxtpx:hr>122</gpxtpx:hr></gpxtpx:TrackPointExtension></extensions></trkpt>
      <trkpt lat="55.68359" lon="12.61859"><ele>3</ele><time>2026-08-20T11:51:10.000Z</time><extensions><gpxtpx:TrackPointExtension><gpxtpx:hr>125</gpxtpx:hr></gpxtpx:TrackPointExtension></extensions></trkpt>
      <trkpt lat="55.683575" lon="12.61855"><ele>3</ele><time>2026-08-20T11:51:11.000Z</time><extensions><gpxtpx:TrackPointExtension><gpxtpx:hr>125</gpxtpx:hr></gpxtpx:TrackPointExtension></extensions></trkpt>
      <trkpt lat="55.683561" lon="12.618511"><ele>3</ele><time>2026-08-20T11:51:12.000Z</time><extensions><gpxtpx:TrackPointExtension><gpxtpx:hr>125</gpxtpx:hr></gpxtpx:TrackPointExtension></extensions></trkpt>
      <trkpt lat="55.683548" lon="12.618474"><ele>3</ele><time>2026-08-20T11:51:13.000Z</time><extensions><gpxtpx:TrackPointExtension><gpxtpx:hr>126</gpxtpx:hr></gpxtpx:TrackPointExtension></extensions></trkpt>
      <trkpt lat="55.683535" lon="12.618438"><ele>3</ele><time>2026-08-20T11:51:14.000Z</time><extensions><gpxtpx:TrackPointExtension><gpxtpx:hr>126</gpxtpx:hr></gpxtpx:TrackPointExtension></extensions></trkpt>
      <trkpt lat="55.683522" lon="12.618404"><ele>3</ele><time>2026-08-20T11:51:15.000Z</time><extensions><gpxtpx:TrackPointExtension><gpxtpx:hr>126</gpxtpx:hr></gpxtpx:TrackPointExtension></extensions></trkpt>
      <trkpt lat="55.683509" lon="12.618369"><ele>3</ele><time>2026-08-20T11:51:16.000Z</time><extensions><gpxtpx:TrackPointExtension><gpxtpx:hr>127</gpxtpx:hr></gpxtpx:TrackPointExtension></extensions></trkpt>
      <trkpt lat="55.683495" lon="12.618336"><ele>3</ele><time>2026-08-20T11:51:17.000Z</time><extensions><gpxtpx:TrackPointExtension><gpxtpx:hr>127</gpxtpx:hr></gpxtpx:TrackPointExtension></extensions></trkpt>
      <trkpt lat="55.683481" lon="12.618303"><ele>3</ele><time>2026-08-20T11:51:18.000Z</time><extensions><gpxtpx:TrackPointExtension><gpxtpx:hr>127</gpxtpx:hr></gpxtpx:TrackPointExtension></extensions></trkpt>
      <trkpt lat="55.683468" lon="12.618271"><ele>3</ele><time>2026-08-20T11:51:19.000Z</time><extensions><gpxtpx:TrackPointExtension><gpxtpx:hr>127</gpxtpx:hr></gpxtpx:TrackPointExtension></extensions></trkpt>
      <trkpt lat="55.683454" lon="12.618239"><ele>3</ele><time>2026-08-20T11:51:20.000Z</time><extensions><gpxtpx:TrackPointExtension><gpxtpx:hr>127</gpxtpx:hr></gpxtpx:TrackPointExtension></extensions></trkpt>
      <trkpt lat="55.683442" lon="12.618207"><ele>3</ele><time>2026-08-20T11:51:21.000Z</time><extensions><gpxtpx:TrackPointExtension><gpxtpx:hr>127</gpxtpx:hr></gpxtpx:TrackPointExtension></extensions></trkpt>
      <trkpt lat="55.68343" lon="12.618172"><ele>3.2</ele><time>2026-08-20T11:51:22.000Z</time><extensions><gpxtpx:TrackPointExtension><gpxtpx:hr>130</gpxtpx:hr></gpxtpx:TrackPointExtension></extensions></trkpt>
      <trkpt lat="55.68342" lon="12.618135"><ele>3.2</ele><time>2026-08-20T11:51:23.000Z</time><extensions><gpxtpx:TrackPointExtension><gpxtpx:hr>130</gpxtpx:hr></gpxtpx:TrackPointExtension></extensions></trkpt>
      <trkpt lat="55.683411" lon="12.618097"><ele>3.2</ele><time>2026-08-20T11:51:24.000Z</time><extensions><gpxtpx:TrackPointExtension><gpxtpx:hr>130</gpxtpx:hr></gpxtpx:TrackPointExtension></extensions></trkpt>
      <trkpt lat="55.683403" lon="12.618061"><ele>3.2</ele><time>2026-08-20T11:51:25.000Z</time><extensions><gpxtpx:TrackPointExtension><gpxtpx:hr>130</gpxtpx:hr></gpxtpx:TrackPointExtension></extensions></trkpt>
      <trkpt lat="55.683394" lon="12.618027"><ele>3.4</ele><time>2026-08-20T11:51:26.000Z</time><extensions><gpxtpx:TrackPointExtension><gpxtpx:hr>130</gpxtpx:hr></gpxtpx:TrackPointExtension></extensions></trkpt>
      <trkpt lat="55.683385" lon="12.617994"><ele>3.4</ele><time>2026-08-20T11:51:27.000Z</time><extensions><gpxtpx:TrackPointExtension><gpxtpx:hr>130</gpxtpx:hr></gpxtpx:TrackPointExtension></extensions></trkpt>
      <trkpt lat="55.683375" lon="12.617963"><ele>3.4</ele><time>2026-08-20T11:51:28.000Z</time><extensions><gpxtpx:TrackPointExtension><gpxtpx:hr>130</gpxtpx:hr></gpxtpx:TrackPointExtension></extensions></trkpt>
      <trkpt lat="55.683364" lon="12.617931"><ele>3.6</ele><time>2026-08-20T11:51:29.000Z</time><extensions><gpxtpx:TrackPointExtension><gpxtpx:hr>130</gpxtpx:hr></gpxtpx:TrackPointExtension></extensions></trkpt>
      <trkpt lat="55.683352" lon="12.617899"><ele>3.6</ele><time>2026-08-20T11:51:30.000Z</time><extensions><gpxtpx:TrackPointExtension><gpxtpx:hr>130</gpxtpx:hr></gpxtpx:TrackPointExtension></extensions></trkpt>
      <trkpt lat="55.68334" lon="12.617865"><ele>3.6</ele><time>2026-08-20T11:51:31.000Z</time><extensions><gpxtpx:TrackPointExtension><gpxtpx:hr>131</gpxtpx:hr></gpxtpx:TrackPointExtension></extensions></trkpt>
      <trkpt lat="55.683329" lon="12.617829"><ele>3.6</ele><time>2026-08-20T11:51:32.000Z</time><extensions><gpxtpx:TrackPointExtension><gpxtpx:hr>131</gpxtpx:hr></gpxtpx:TrackPointExtension></extensions></trkpt>
      <trkpt lat="55.683318" lon="12.617793"><ele>3.8</ele><time>2026-08-20T11:51:33.000Z</time><extensions><gpxtpx:TrackPointExtension><gpxtpx:hr>131</gpxtpx:hr></gpxtpx:TrackPointExtension></extensions></trkpt>
      <trkpt lat="55.683308" lon="12.617759"><ele>3.8</ele><time>2026-08-20T11:51:34.000Z</time><extensions><gpxtpx:TrackPointExtension><gpxtpx:hr>131</gpxtpx:hr></gpxtpx:TrackPointExtension></extensions></trkpt>
      <trkpt lat="55.683297" lon="12.617727"><ele>3.8</ele><time>2026-08-20T11:51:35.000Z</time><extensions><gpxtpx:TrackPointExtension><gpxtpx:hr>131</gpxtpx:hr></gpxtpx:TrackPointExtension></extensions></trkpt>
      <trkpt lat="55.683286" lon="12.617693"><ele>3.8</ele><time>2026-08-20T11:51:36.000Z</time><extensions><gpxtpx:TrackPointExtension><gpxtpx:hr>131</gpxtpx:hr></gpxtpx:TrackPointExtension></extensions></trkpt>
      <trkpt lat="55.683275" lon="12.617659"><ele>3.8</ele><time>2026-08-20T11:51:37.000Z</time><extensions><gpxtpx:TrackPointExtension><gpxtpx:hr>131</gpxtpx:hr></gpxtpx:TrackPointExtension></extensions></trkpt>
      <trkpt lat="55.683266" lon="12.617623"><ele>3.8</ele><time>2026-08-20T11:51:38.000Z</time><extensions><gpxtpx:TrackPointExtension><gpxtpx:hr>131</gpxtpx:hr></gpxtpx:TrackPointExtension></extensions></trkpt>
      <trkpt lat="55.68326" lon="12.617586"><ele>3.8</ele><time>2026-08-20T11:51:39.000Z</time><extensions><gpxtpx:TrackPointExtension><gpxtpx:hr>131</gpxtpx:hr></gpxtpx:TrackPointExtension></extensions></trkpt>
      <trkpt lat="55.683257" lon="12.617547"><ele>4</ele><time>2026-08-20T11:51:40.000Z</time><extensions><gpxtpx:TrackPointExtension><gpxtpx:hr>134</gpxtpx:hr></gpxtpx:TrackPointExtension></extensions></trkpt>
      <trkpt lat="55.68326" lon="12.617507"><ele>4</ele><time>2026-08-20T11:51:41.000Z</time><extensions><gpxtpx:TrackPointExtension><gpxtpx:hr>134</gpxtpx:hr></gpxtpx:TrackPointExtension></extensions></trkpt>
      <trkpt lat="55.683269" lon="12.617466"><ele>4</ele><time>2026-08-20T11:51:42.000Z</time><extensions><gpxtpx:TrackPointExtension><gpxtpx:hr>134</gpxtpx:hr></gpxtpx:TrackPointExtension></extensions></trkpt>
      <trkpt lat="55.683283" lon="12.617426"><ele>4</ele><time>2026-08-20T11:51:43.000Z</time><extensions><gpxtpx:TrackPointExtension><gpxtpx:hr>133</gpxtpx:hr></gpxtpx:TrackPointExtension></extensions></trkpt>
      <trkpt lat="55.683299" lon="12.617389"><ele>4</ele><time>2026-08-20T11:51:44.000Z</time><extensions><gpxtpx:TrackPointExtension><gpxtpx:hr>133</gpxtpx:hr></gpxtpx:TrackPointExtension></extensions></trkpt>
      <trkpt lat="55.683317" lon="12.617355"><ele>4</ele><time>2026-08-20T11:51:45.000Z</time><extensions><gpxtpx:TrackPointExtension><gpxtpx:hr>133</gpxtpx:hr></gpxtpx:TrackPointExtension></extensions></trkpt>
      <trkpt lat="55.683335" lon="12.617323"><ele>4</ele><time>2026-08-20T11:51:46.000Z</time><extensions><gpxtpx:TrackPointExtension><gpxtpx:hr>132</gpxtpx:hr></gpxtpx:TrackPointExtension></extensions></trkpt>
      <trkpt lat="55.683352" lon="12.61729"><ele>4</ele><time>2026-08-20T11:51:47.000Z</time><extensions><gpxtpx:TrackPointExtension><gpxtpx:hr>132</gpxtpx:hr></gpxtpx:TrackPointExtension></extensions></trkpt>
      <trkpt lat="55.683366" lon="12.617258"><ele>4</ele><time>2026-08-20T11:51:48.000Z</time><extensions><gpxtpx:TrackPointExtension><gpxtpx:hr>132</gpxtpx:hr></gpxtpx:TrackPointExtension></extensions></trkpt>
      <trkpt lat="55.683375" lon="12.617222"><ele>4</ele><time>2026-08-20T11:51:49.000Z</time><extensions><gpxtpx:TrackPointExtension><gpxtpx:hr>132</gpxtpx:hr></gpxtpx:TrackPointExtension></extensions></trkpt>
      <trkpt lat="55.683378" lon="12.617184"><ele>4</ele><time>2026-08-20T11:51:50.000Z</time><extensions><gpxtpx:TrackPointExtension><gpxtpx:hr>132</gpxtpx:hr></gpxtpx:TrackPointExtension></extensions></trkpt>
      <trkpt lat="55.683371" lon="12.617148"><ele>4</ele><time>2026-08-20T11:51:51.000Z</time><extensions><gpxtpx:TrackPointExtension><gpxtpx:hr>132</gpxtpx:hr></gpxtpx:TrackPointExtension></extensions></trkpt>
      <trkpt lat="55.683354" lon="12.617119"><ele>4</ele><time>2026-08-20T11:51:52.000Z</time><extensions><gpxtpx:TrackPointExtension><gpxtpx:hr>132</gpxtpx:hr></gpxtpx:TrackPointExtension></extensions></trkpt>
      <trkpt lat="55.683332" lon="12.617097"><ele>4</ele><time>2026-08-20T11:51:53.000Z</time><extensions><gpxtpx:TrackPointExtension><gpxtpx:hr>132</gpxtpx:hr></gpxtpx:TrackPointExtension></extensions></trkpt>
      <trkpt lat="55.683309" lon="12.617077"><ele>4</ele><time>2026-08-20T11:51:54.000Z</time><extensions><gpxtpx:TrackPointExtension><gpxtpx:hr>133</gpxtpx:hr></gpxtpx:TrackPointExtension></extensions></trkpt>
      <trkpt lat="55.683287" lon="12.617055"><ele>3.8</ele><time>2026-08-20T11:51:55.000Z</time><extensions><gpxtpx:TrackPointExtension><gpxtpx:hr>133</gpxtpx:hr></gpxtpx:TrackPointExtension></extensions></trkpt>
      <trkpt lat="55.683266" lon="12.617032"><ele>3.8</ele><time>2026-08-20T11:51:56.000Z</time><extensions><gpxtpx:TrackPointExtension><gpxtpx:hr>133</gpxtpx:hr></gpxtpx:TrackPointExtension></extensions></trkpt>
      <trkpt lat="55.683246" lon="12.617009"><ele>3.8</ele><time>2026-08-20T11:51:57.000Z</time><extensions><gpxtpx:TrackPointExtension><gpxtpx:hr>133</gpxtpx:hr></gpxtpx:TrackPointExtension></extensions></trkpt>
      <trkpt lat="55.683228" lon="12.616987"><ele>3.8</ele><time>2026-08-20T11:51:58.000Z</time><extensions><gpxtpx:TrackPointExtension><gpxtpx:hr>133</gpxtpx:hr></gpxtpx:TrackPointExtension></extensions></trkpt>
      <trkpt lat="55.683209" lon="12.616965"><ele>3.8</ele><time>2026-08-20T11:51:59.000Z</time><extensions><gpxtpx:TrackPointExtension><gpxtpx:hr>134</gpxtpx:hr></gpxtpx:TrackPointExtension></extensions></trkpt>
      <trkpt lat="55.68319" lon="12.616944"><ele>3.8</ele><time>2026-08-20T11:52:00.000Z</time><extensions><gpxtpx:TrackPointExtension><gpxtpx:hr>134</gpxtpx:hr></gpxtpx:TrackPointExtension></extensions></trkpt>
      <trkpt lat="55.683171" lon="12.616923"><ele>3.8</ele><time>2026-08-20T11:52:01.000Z</time><extensions><gpxtpx:TrackPointExtension><gpxtpx:hr>134</gpxtpx:hr></gpxtpx:TrackPointExtension></extensions></trkpt>
      <trkpt lat="55.683152" lon="12.616902"><ele>3.8</ele><time>2026-08-20T11:52:02.000Z</time><extensions><gpxtpx:TrackPointExtension><gpxtpx:hr>134</gpxtpx:hr></gpxtpx:TrackPointExtension></extensions></trkpt>
      <trkpt lat="55.683132" lon="12.616879"><ele>3.8</ele><time>2026-08-20T11:52:03.000Z</time><extensions><gpxtpx:TrackPointExtension><gpxtpx:hr>134</gpxtpx:hr></gpxtpx:TrackPointExtension></extensions></trkpt>
      <trkpt lat="55.683113" lon="12.616856"><ele>3.8</ele><time>2026-08-20T11:52:04.000Z</time><extensions><gpxtpx:TrackPointExtension><gpxtpx:hr>134</gpxtpx:hr></gpxtpx:TrackPointExtension></extensions></trkpt>
      <trkpt lat="55.683093" lon="12.616832"><ele>3.8</ele><time>2026-08-20T11:52:05.000Z</time><extensions><gpxtpx:TrackPointExtension><gpxtpx:hr>134</gpxtpx:hr></gpxtpx:TrackPointExtension></extensions></trkpt>
      <trkpt lat="55.683075" lon="12.616807"><ele>3.8</ele><time>2026-08-20T11:52:06.000Z</time><extensions><gpxtpx:TrackPointExtension><gpxtpx:hr>134</gpxtpx:hr></gpxtpx:TrackPointExtension></extensions></trkpt>
      <trkpt lat="55.683056" lon="12.616783"><ele>3.8</ele><time>2026-08-20T11:52:07.000Z</time><extensions><gpxtpx:TrackPointExtension><gpxtpx:hr>134</gpxtpx:hr></gpxtpx:TrackPointExtension></extensions></trkpt>
      <trkpt lat="55.683038" lon="12.616759"><ele>3.6</ele><time>2026-08-20T11:52:08.000Z</time><extensions><gpxtpx:TrackPointExtension><gpxtpx:hr>134</gpxtpx:hr></gpxtpx:TrackPointExtension></extensions></trkpt>
      <trkpt lat="55.68302" lon="12.616735"><ele>3.6</ele><time>2026-08-20T11:52:09.000Z</time><extensions><gpxtpx:TrackPointExtension><gpxtpx:hr>134</gpxtpx:hr></gpxtpx:TrackPointExtension></extensions></trkpt>
      <trkpt lat="55.683002" lon="12.616711"><ele>3.6</ele><time>2026-08-20T11:52:10.000Z</time><extensions><gpxtpx:TrackPointExtension><gpxtpx:hr>134</gpxtpx:hr></gpxtpx:TrackPointExtension></extensions></trkpt>
      <trkpt lat="55.682984" lon="12.616687"><ele>3.4</ele><time>2026-08-20T11:52:11.000Z</time><extensions><gpxtpx:TrackPointExtension><gpxtpx:hr>134</gpxtpx:hr></gpxtpx:TrackPointExtension></extensions></trkpt>
      <trkpt lat="55.682966" lon="12.616664"><ele>3.4</ele><time>2026-08-20T11:52:12.000Z</time><extensions><gpxtpx:TrackPointExtension><gpxtpx:hr>136</gpxtpx:hr></gpxtpx:TrackPointExtension></extensions></trkpt>
      <trkpt lat="55.682948" lon="12.61664"><ele>3.2</ele><time>2026-08-20T11:52:13.000Z</time><extensions><gpxtpx:TrackPointExtension><gpxtpx:hr>136</gpxtpx:hr></gpxtpx:TrackPointExtension></extensions></trkpt>
      <trkpt lat="55.682929" lon="12.616616"><ele>3.2</ele><time>2026-08-20T11:52:14.000Z</time><extensions><gpxtpx:TrackPointExtension><gpxtpx:hr>136</gpxtpx:hr></gpxtpx:TrackPointExtension></extensions></trkpt>
      <trkpt lat="55.682909" lon="12.616592"><ele>3.2</ele><time>2026-08-20T11:52:15.000Z</time><extensions><gpxtpx:TrackPointExtension><gpxtpx:hr>136</gpxtpx:hr></gpxtpx:TrackPointExtension></extensions></trkpt>
      <trkpt lat="55.68289" lon="12.616568"><ele>3.2</ele><time>2026-08-20T11:52:16.000Z</time><extensions><gpxtpx:TrackPointExtension><gpxtpx:hr>137</gpxtpx:hr></gpxtpx:TrackPointExtension></extensions></trkpt>
      <trkpt lat="55.682872" lon="12.616545"><ele>3</ele><time>2026-08-20T11:52:17.000Z</time><extensions><gpxtpx:TrackPointExtension><gpxtpx:hr>137</gpxtpx:hr></gpxtpx:TrackPointExtension></extensions></trkpt>
      <trkpt lat="55.682853" lon="12.616523"><ele>3</ele><time>2026-08-20T11:52:18.000Z</time><extensions><gpxtpx:TrackPointExtension><gpxtpx:hr>137</gpxtpx:hr></gpxtpx:TrackPointExtension></extensions></trkpt>
      <trkpt lat="55.682834" lon="12.6165"><ele>3</ele><time>2026-08-20T11:52:19.000Z</time><extensions><gpxtpx:TrackPointExtension><gpxtpx:hr>137</gpxtpx:hr></gpxtpx:TrackPointExtension></extensions></trkpt>
      <trkpt lat="55.682814" lon="12.616479"><ele>3</ele><time>2026-08-20T11:52:20.000Z</time><extensions><gpxtpx:TrackPointExtension><gpxtpx:hr>137</gpxtpx:hr></gpxtpx:TrackPointExtension></extensions></trkpt>
      <trkpt lat="55.682794" lon="12.61646"><ele>3</ele><time>2026-08-20T11:52:21.000Z</time><extensions><gpxtpx:TrackPointExtension><gpxtpx:hr>137</gpxtpx:hr></gpxtpx:TrackPointExtension></extensions></trkpt>
      <trkpt lat="55.682773" lon="12.616441"><ele>3.2</ele><time>2026-08-20T11:52:22.000Z</time><extensions><gpxtpx:TrackPointExtension><gpxtpx:hr>137</gpxtpx:hr></gpxtpx:TrackPointExtension></extensions></trkpt>
      <trkpt lat="55.682752" lon="12.616421"><ele>3.2</ele><time>2026-08-20T11:52:23.000Z</time><extensions><gpxtpx:TrackPointExtension><gpxtpx:hr>137</gpxtpx:hr></gpxtpx:TrackPointExtension></extensions></trkpt>
      <trkpt lat="55.68273" lon="12.6164"><ele>3.2</ele><time>2026-08-20T11:52:24.000Z</time><extensions><gpxtpx:TrackPointExtension><gpxtpx:hr>137</gpxtpx:hr></gpxtpx:TrackPointExtension></extensions></trkpt>
      <trkpt lat="55.682708" lon="12.616378"><ele>3.2</ele><time>2026-08-20T11:52:25.000Z</time><extensions><gpxtpx:TrackPointExtension><gpxtpx:hr>134</gpxtpx:hr></gpxtpx:TrackPointExtension></extensions></trkpt>
      <trkpt lat="55.682685" lon="12.616358"><ele>3.4</ele><time>2026-08-20T11:52:26.000Z</time><extensions><gpxtpx:TrackPointExtension><gpxtpx:hr>134</gpxtpx:hr></gpxtpx:TrackPointExtension></extensions></trkpt>
      <trkpt lat="55.682663" lon="12.616339"><ele>3.4</ele><time>2026-08-20T11:52:27.000Z</time><extensions><gpxtpx:TrackPointExtension><gpxtpx:hr>134</gpxtpx:hr></gpxtpx:TrackPointExtension></extensions></trkpt>
      <trkpt lat="55.682641" lon="12.616322"><ele>3.4</ele><time>2026-08-20T11:52:28.000Z</time><extensions><gpxtpx:TrackPointExtension><gpxtpx:hr>134</gpxtpx:hr></gpxtpx:TrackPointExtension></extensions></trkpt>
      <trkpt lat="55.682619" lon="12.616304"><ele>3.4</ele><time>2026-08-20T11:52:29.000Z</time><extensions><gpxtpx:TrackPointExtension><gpxtpx:hr>134</gpxtpx:hr></gpxtpx:TrackPointExtension></extensions></trkpt>
      <trkpt lat="55.682597" lon="12.616286"><ele>3.4</ele><time>2026-08-20T11:52:30.000Z</time><extensions><gpxtpx:TrackPointExtension><gpxtpx:hr>134</gpxtpx:hr></gpxtpx:TrackPointExtension></extensions></trkpt>
      <trkpt lat="55.682574" lon="12.616269"><ele>3.4</ele><time>2026-08-20T11:52:31.000Z</time><extensions><gpxtpx:TrackPointExtension><gpxtpx:hr>134</gpxtpx:hr></gpxtpx:TrackPointExtension></extensions></trkpt>
      <trkpt lat="55.682552" lon="12.616254"><ele>3.4</ele><time>2026-08-20T11:52:32.000Z</time><extensions><gpxtpx:TrackPointExtension><gpxtpx:hr>134</gpxtpx:hr></gpxtpx:TrackPointExtension></extensions></trkpt>
      <trkpt lat="55.68253" lon="12.616239"><ele>3.4</ele><time>2026-08-20T11:52:33.000Z</time><extensions><gpxtpx:TrackPointExtension><gpxtpx:hr>134</gpxtpx:hr></gpxtpx:TrackPointExtension></extensions></trkpt>
      <trkpt lat="55.682508" lon="12.616225"><ele>3.4</ele><time>2026-08-20T11:52:34.000Z</time><extensions><gpxtpx:TrackPointExtension><gpxtpx:hr>134</gpxtpx:hr></gpxtpx:TrackPointExtension></extensions></trkpt>
      <trkpt lat="55.682485" lon="12.616214"><ele>3.4</ele><time>2026-08-20T11:52:35.000Z</time><extensions><gpxtpx:TrackPointExtension><gpxtpx:hr>135</gpxtpx:hr></gpxtpx:TrackPointExtension></extensions></trkpt>
      <trkpt lat="55.682461" lon="12.616205"><ele>3.4</ele><time>2026-08-20T11:52:36.000Z</time><extensions><gpxtpx:TrackPointExtension><gpxtpx:hr>135</gpxtpx:hr></gpxtpx:TrackPointExtension></extensions></trkpt>
      <trkpt lat="55.682439" lon="12.616195"><ele>3.4</ele><time>2026-08-20T11:52:37.000Z</time><extensions><gpxtpx:TrackPointExtension><gpxtpx:hr>135</gpxtpx:hr></gpxtpx:TrackPointExtension></extensions></trkpt>
      <trkpt lat="55.682417" lon="12.616184"><ele>3.4</ele><time>2026-08-20T11:52:38.000Z</time><extensions><gpxtpx:TrackPointExtension><gpxtpx:hr>135</gpxtpx:hr></gpxtpx:TrackPointExtension></extensions></trkpt>
      <trkpt lat="55.682398" lon="12.616172"><ele>3.4</ele><time>2026-08-20T11:52:39.000Z</time><extensions><gpxtpx:TrackPointExtension><gpxtpx:hr>135</gpxtpx:hr></gpxtpx:TrackPointExtension></extensions></trkpt>
      <trkpt lat="55.682381" lon="12.616158"><ele>3.4</ele><time>2026-08-20T11:52:40.000Z</time><extensions><gpxtpx:TrackPointExtension><gpxtpx:hr>135</gpxtpx:hr></gpxtpx:TrackPointExtension></extensions></trkpt>
      <trkpt lat="55.682368" lon="12.616146"><ele>3.4</ele><time>2026-08-20T11:52:41.000Z</time><extensions><gpxtpx:TrackPointExtension><gpxtpx:hr>135</gpxtpx:hr></gpxtpx:TrackPointExtension></extensions></trkpt>
      <trkpt lat="55.682363" lon="12.616136"><ele>3.4</ele><time>2026-08-20T11:52:42.000Z</time><extensions><gpxtpx:TrackPointExtension><gpxtpx:hr>135</gpxtpx:hr></gpxtpx:TrackPointExtension></extensions></trkpt>
      <trkpt lat="55.682369" lon="12.616125"><ele>3.4</ele><time>2026-08-20T11:52:43.000Z</time><extensions><gpxtpx:TrackPointExtension><gpxtpx:hr>135</gpxtpx:hr></gpxtpx:TrackPointExtension></extensions></trkpt>
      <trkpt lat="55.682385" lon="12.616108"><ele>3.4</ele><time>2026-08-20T11:52:44.000Z</time><extensions><gpxtpx:TrackPointExtension><gpxtpx:hr>137</gpxtpx:hr></gpxtpx:TrackPointExtension></extensions></trkpt>
      <trkpt lat="55.6824" lon="12.61609"><ele>3.4</ele><time>2026-08-20T11:52:45.000Z</time><extensions><gpxtpx:TrackPointExtension><gpxtpx:hr>137</gpxtpx:hr></gpxtpx:TrackPointExtension></extensions></trkpt>
      <trkpt lat="55.682409" lon="12.616079"><ele>3.4</ele><time>2026-08-20T11:52:46.000Z</time><extensions><gpxtpx:TrackPointExtension><gpxtpx:hr>137</gpxtpx:hr></gpxtpx:TrackPointExtension></extensions></trkpt>
      <trkpt lat="55.682454" lon="12.615978"><ele>3.4</ele><time>2026-08-20T11:52:56.000Z</time><extensions><gpxtpx:TrackPointExtension><gpxtpx:hr>136</gpxtpx:hr></gpxtpx:TrackPointExtension></extensions></trkpt>
      <trkpt lat="55.682465" lon="12.615942"><ele>3.4</ele><time>2026-08-20T11:52:57.000Z</time><extensions><gpxtpx:TrackPointExtension><gpxtpx:hr>136</gpxtpx:hr></gpxtpx:TrackPointExtension></extensions></trkpt>
      <trkpt lat="55.682476" lon="12.615903"><ele>3.4</ele><time>2026-08-20T11:52:58.000Z</time><extensions><gpxtpx:TrackPointExtension><gpxtpx:hr>136</gpxtpx:hr></gpxtpx:TrackPointExtension></extensions></trkpt>
      <trkpt lat="55.682486" lon="12.615867"><ele>3.6</ele><time>2026-08-20T11:52:59.000Z</time><extensions><gpxtpx:TrackPointExtension><gpxtpx:hr>136</gpxtpx:hr></gpxtpx:TrackPointExtension></extensions></trkpt>
      <trkpt lat="55.682495" lon="12.615833"><ele>3.6</ele><time>2026-08-20T11:53:00.000Z</time><extensions><gpxtpx:TrackPointExtension><gpxtpx:hr>136</gpxtpx:hr></gpxtpx:TrackPointExtension></extensions></trkpt>
      <trkpt lat="55.6825" lon="12.615798"><ele>3.6</ele><time>2026-08-20T11:53:01.000Z</time><extensions><gpxtpx:TrackPointExtension><gpxtpx:hr>136</gpxtpx:hr></gpxtpx:TrackPointExtension></extensions></trkpt>
      <trkpt lat="55.682503" lon="12.615761"><ele>3.6</ele><time>2026-08-20T11:53:02.000Z</time><extensions><gpxtpx:TrackPointExtension><gpxtpx:hr>135</gpxtpx:hr></gpxtpx:TrackPointExtension></extensions></trkpt>
      <trkpt lat="55.682503" lon="12.615723"><ele>3.6</ele><time>2026-08-20T11:53:03.000Z</time><extensions><gpxtpx:TrackPointExtension><gpxtpx:hr>135</gpxtpx:hr></gpxtpx:TrackPointExtension></extensions></trkpt>
      <trkpt lat="55.682502" lon="12.615686"><ele>3.8</ele><time>2026-08-20T11:53:04.000Z</time><extensions><gpxtpx:TrackPointExtension><gpxtpx:hr>135</gpxtpx:hr></gpxtpx:TrackPointExtension></extensions></trkpt>
      <trkpt lat="55.6825" lon="12.615649"><ele>3.8</ele><time>2026-08-20T11:53:05.000Z</time><extensions><gpxtpx:TrackPointExtension><gpxtpx:hr>135</gpxtpx:hr></gpxtpx:TrackPointExtension></extensions></trkpt>
      <trkpt lat="55.682499" lon="12.615612"><ele>3.8</ele><time>2026-08-20T11:53:06.000Z</time><extensions><gpxtpx:TrackPointExtension><gpxtpx:hr>135</gpxtpx:hr></gpxtpx:TrackPointExtension></extensions></trkpt>
      <trkpt lat="55.682498" lon="12.615572"><ele>3.8</ele><time>2026-08-20T11:53:07.000Z</time><extensions><gpxtpx:TrackPointExtension><gpxtpx:hr>135</gpxtpx:hr></gpxtpx:TrackPointExtension></extensions></trkpt>
      <trkpt lat="55.682497" lon="12.615529"><ele>3.8</ele><time>2026-08-20T11:53:08.000Z</time><extensions><gpxtpx:TrackPointExtension><gpxtpx:hr>135</gpxtpx:hr></gpxtpx:TrackPointExtension></extensions></trkpt>
      <trkpt lat="55.682498" lon="12.615485"><ele>3.8</ele><time>2026-08-20T11:53:09.000Z</time><extensions><gpxtpx:TrackPointExtension><gpxtpx:hr>133</gpxtpx:hr></gpxtpx:TrackPointExtension></extensions></trkpt>
      <trkpt lat="55.682499" lon="12.615444"><ele>3.8</ele><time>2026-08-20T11:53:10.000Z</time><extensions><gpxtpx:TrackPointExtension><gpxtpx:hr>133</gpxtpx:hr></gpxtpx:TrackPointExtension></extensions></trkpt>
      <trkpt lat="55.682501" lon="12.615405"><ele>4</ele><time>2026-08-20T11:53:11.000Z</time><extensions><gpxtpx:TrackPointExtension><gpxtpx:hr>133</gpxtpx:hr></gpxtpx:TrackPointExtension></extensions></trkpt>
      <trkpt lat="55.682503" lon="12.615369"><ele>4</ele><time>2026-08-20T11:53:12.000Z</time><extensions><gpxtpx:TrackPointExtension><gpxtpx:hr>133</gpxtpx:hr></gpxtpx:TrackPointExtension></extensions></trkpt>
      <trkpt lat="55.682504" lon="12.615333"><ele>4</ele><time>2026-08-20T11:53:13.000Z</time><extensions><gpxtpx:TrackPointExtension><gpxtpx:hr>133</gpxtpx:hr></gpxtpx:TrackPointExtension></extensions></trkpt>
      <trkpt lat="55.682504" lon="12.615295"><ele>4</ele><time>2026-08-20T11:53:14.000Z</time><extensions><gpxtpx:TrackPointExtension><gpxtpx:hr>133</gpxtpx:hr></gpxtpx:TrackPointExtension></extensions></trkpt>
      <trkpt lat="55.682503" lon="12.615258"><ele>4</ele><time>2026-08-20T11:53:15.000Z</time><extensions><gpxtpx:TrackPointExtension><gpxtpx:hr>133</gpxtpx:hr></gpxtpx:TrackPointExtension></extensions></trkpt>
      <trkpt lat="55.682501" lon="12.615221"><ele>4</ele><time>2026-08-20T11:53:16.000Z</time><extensions><gpxtpx:TrackPointExtension><gpxtpx:hr>133</gpxtpx:hr></gpxtpx:TrackPointExtension></extensions></trkpt>
      <trkpt lat="55.682498" lon="12.615185"><ele>4</ele><time>2026-08-20T11:53:17.000Z</time><extensions><gpxtpx:TrackPointExtension><gpxtpx:hr>133</gpxtpx:hr></gpxtpx:TrackPointExtension></extensions></trkpt>
      <trkpt lat="55.682496" lon="12.615148"><ele>4.2</ele><time>2026-08-20T11:53:18.000Z</time><extensions><gpxtpx:TrackPointExtension><gpxtpx:hr>133</gpxtpx:hr></gpxtpx:TrackPointExtension></extensions></trkpt>
      <trkpt lat="55.682496" lon="12.615108"><ele>4.2</ele><time>2026-08-20T11:53:19.000Z</time><extensions><gpxtpx:TrackPointExtension><gpxtpx:hr>133</gpxtpx:hr></gpxtpx:TrackPointExtension></extensions></trkpt>
      <trkpt lat="55.682496" lon="12.615068"><ele>4.2</ele><time>2026-08-20T11:53:20.000Z</time><extensions><gpxtpx:TrackPointExtension><gpxtpx:hr>133</gpxtpx:hr></gpxtpx:TrackPointExtension></extensions></trkpt>
      <trkpt lat="55.682498" lon="12.615028"><ele>4.2</ele><time>2026-08-20T11:53:21.000Z</time><extensions><gpxtpx:TrackPointExtension><gpxtpx:hr>134</gpxtpx:hr></gpxtpx:TrackPointExtension></extensions></trkpt>
      <trkpt lat="55.682501" lon="12.614989"><ele>4.2</ele><time>2026-08-20T11:53:22.000Z</time><extensions><gpxtpx:TrackPointExtension><gpxtpx:hr>134</gpxtpx:hr></gpxtpx:TrackPointExtension></extensions></trkpt>
      <trkpt lat="55.682503" lon="12.614951"><ele>4.2</ele><time>2026-08-20T11:53:23.000Z</time><extensions><gpxtpx:TrackPointExtension><gpxtpx:hr>134</gpxtpx:hr></gpxtpx:TrackPointExtension></extensions></trkpt>
      <trkpt lat="55.682505" lon="12.614913"><ele>4.2</ele><time>2026-08-20T11:53:24.000Z</time><extensions><gpxtpx:TrackPointExtension><gpxtpx:hr>134</gpxtpx:hr></gpxtpx:TrackPointExtension></extensions></trkpt>
      <trkpt lat="55.682508" lon="12.614876"><ele>4.2</ele><time>2026-08-20T11:53:25.000Z</time><extensions><gpxtpx:TrackPointExtension><gpxtpx:hr>134</gpxtpx:hr></gpxtpx:TrackPointExtension></extensions></trkpt>
      <trkpt lat="55.682513" lon="12.61484"><ele>4.2</ele><time>2026-08-20T11:53:26.000Z</time><extensions><gpxtpx:TrackPointExtension><gpxtpx:hr>135</gpxtpx:hr></gpxtpx:TrackPointExtension></extensions></trkpt>
      <trkpt lat="55.682522" lon="12.614808"><ele>4.2</ele><time>2026-08-20T11:53:27.000Z</time><extensions><gpxtpx:TrackPointExtension><gpxtpx:hr>135</gpxtpx:hr></gpxtpx:TrackPointExtension></extensions></trkpt>
      <trkpt lat="55.682535" lon="12.614782"><ele>4</ele><time>2026-08-20T11:53:28.000Z</time><extensions><gpxtpx:TrackPointExtension><gpxtpx:hr>135</gpxtpx:hr></gpxtpx:TrackPointExtension></extensions></trkpt>
      <trkpt lat="55.682553" lon="12.61476"><ele>4</ele><time>2026-08-20T11:53:29.000Z</time><extensions><gpxtpx:TrackPointExtension><gpxtpx:hr>135</gpxtpx:hr></gpxtpx:TrackPointExtension></extensions></trkpt>
      <trkpt lat="55.682574" lon="12.614742"><ele>4</ele><time>2026-08-20T11:53:30.000Z</time><extensions><gpxtpx:TrackPointExtension><gpxtpx:hr>135</gpxtpx:hr></gpxtpx:TrackPointExtension></extensions></trkpt>
      <trkpt lat="55.682599" lon="12.614729"><ele>4</ele><time>2026-08-20T11:53:31.000Z</time><extensions><gpxtpx:TrackPointExtension><gpxtpx:hr>134</gpxtpx:hr></gpxtpx:TrackPointExtension></extensions></trkpt>
      <trkpt lat="55.682624" lon="12.614721"><ele>3.8</ele><time>2026-08-20T11:53:32.000Z</time><extensions><gpxtpx:TrackPointExtension><gpxtpx:hr>134</gpxtpx:hr></gpxtpx:TrackPointExtension></extensions></trkpt>
      <trkpt lat="55.68265" lon="12.614719"><ele>3.8</ele><time>2026-08-20T11:53:33.000Z</time><extensions><gpxtpx:TrackPointExtension><gpxtpx:hr>134</gpxtpx:hr></gpxtpx:TrackPointExtension></extensions></trkpt>
      <trkpt lat="55.682674" lon="12.61472"><ele>3.8</ele><time>2026-08-20T11:53:34.000Z</time><extensions><gpxtpx:TrackPointExtension><gpxtpx:hr>134</gpxtpx:hr></gpxtpx:TrackPointExtension></extensions></trkpt>
      <trkpt lat="55.682698" lon="12.614722"><ele>3.6</ele><time>2026-08-20T11:53:35.000Z</time><extensions><gpxtpx:TrackPointExtension><gpxtpx:hr>134</gpxtpx:hr></gpxtpx:TrackPointExtension></extensions></trkpt>
      <trkpt lat="55.682721" lon="12.614723"><ele>3.6</ele><time>2026-08-20T11:53:36.000Z</time><extensions><gpxtpx:TrackPointExtension><gpxtpx:hr>134</gpxtpx:hr></gpxtpx:TrackPointExtension></extensions></trkpt>
      <trkpt lat="55.682744" lon="12.614722"><ele>3.6</ele><time>2026-08-20T11:53:37.000Z</time><extensions><gpxtpx:TrackPointExtension><gpxtpx:hr>134</gpxtpx:hr></gpxtpx:TrackPointExtension></extensions></trkpt>
      <trkpt lat="55.682768" lon="12.614719"><ele>3.6</ele><time>2026-08-20T11:53:38.000Z</time><extensions><gpxtpx:TrackPointExtension><gpxtpx:hr>134</gpxtpx:hr></gpxtpx:TrackPointExtension></extensions></trkpt>
      <trkpt lat="55.68279" lon="12.614714"><ele>3.6</ele><time>2026-08-20T11:53:39.000Z</time><extensions><gpxtpx:TrackPointExtension><gpxtpx:hr>134</gpxtpx:hr></gpxtpx:TrackPointExtension></extensions></trkpt>
      <trkpt lat="55.682813" lon="12.614708"><ele>3.4</ele><time>2026-08-20T11:53:40.000Z</time><extensions><gpxtpx:TrackPointExtension><gpxtpx:hr>132</gpxtpx:hr></gpxtpx:TrackPointExtension></extensions></trkpt>
      <trkpt lat="55.682836" lon="12.614703"><ele>3.4</ele><time>2026-08-20T11:53:41.000Z</time><extensions><gpxtpx:TrackPointExtension><gpxtpx:hr>132</gpxtpx:hr></gpxtpx:TrackPointExtension></extensions></trkpt>
      <trkpt lat="55.682859" lon="12.614696"><ele>3.4</ele><time>2026-08-20T11:53:42.000Z</time><extensions><gpxtpx:TrackPointExtension><gpxtpx:hr>132</gpxtpx:hr></gpxtpx:TrackPointExtension></extensions></trkpt>
      <trkpt lat="55.682881" lon="12.614688"><ele>3.4</ele><time>2026-08-20T11:53:43.000Z</time><extensions><gpxtpx:TrackPointExtension><gpxtpx:hr>132</gpxtpx:hr></gpxtpx:TrackPointExtension></extensions></trkpt>
      <trkpt lat="55.682903" lon="12.614678"><ele>3.4</ele><time>2026-08-20T11:53:44.000Z</time><extensions><gpxtpx:TrackPointExtension><gpxtpx:hr>132</gpxtpx:hr></gpxtpx:TrackPointExtension></extensions></trkpt>
      <trkpt lat="55.682926" lon="12.614666"><ele>3.4</ele><time>2026-08-20T11:53:45.000Z</time><extensions><gpxtpx:TrackPointExtension><gpxtpx:hr>132</gpxtpx:hr></gpxtpx:TrackPointExtension></extensions></trkpt>
      <trkpt lat="55.682949" lon="12.614654"><ele>3.6</ele><time>2026-08-20T11:53:46.000Z</time><extensions><gpxtpx:TrackPointExtension><gpxtpx:hr>132</gpxtpx:hr></gpxtpx:TrackPointExtension></extensions></trkpt>
      <trkpt lat="55.682973" lon="12.614641"><ele>3.6</ele><time>2026-08-20T11:53:47.000Z</time><extensions><gpxtpx:TrackPointExtension><gpxtpx:hr>132</gpxtpx:hr></gpxtpx:TrackPointExtension></extensions></trkpt>
      <trkpt lat="55.682996" lon="12.614629"><ele>3.6</ele><time>2026-08-20T11:53:48.000Z</time><extensions><gpxtpx:TrackPointExtension><gpxtpx:hr>132</gpxtpx:hr></gpxtpx:TrackPointExtension></extensions></trkpt>
      <trkpt lat="55.683019" lon="12.614615"><ele>3.6</ele><time>2026-08-20T11:53:49.000Z</time><extensions><gpxtpx:TrackPointExtension><gpxtpx:hr>135</gpxtpx:hr></gpxtpx:TrackPointExtension></extensions></trkpt>
      <trkpt lat="55.683041" lon="12.6146"><ele>3.6</ele><time>2026-08-20T11:53:50.000Z</time><extensions><gpxtpx:TrackPointExtension><gpxtpx:hr>135</gpxtpx:hr></gpxtpx:TrackPointExtension></extensions></trkpt>
      <trkpt lat="55.683063" lon="12.614581"><ele>3.6</ele><time>2026-08-20T11:53:51.000Z</time><extensions><gpxtpx:TrackPointExtension><gpxtpx:hr>135</gpxtpx:hr></gpxtpx:TrackPointExtension></extensions></trkpt>
      <trkpt lat="55.683084" lon="12.614559"><ele>3.6</ele><time>2026-08-20T11:53:52.000Z</time><extensions><gpxtpx:TrackPointExtension><gpxtpx:hr>135</gpxtpx:hr></gpxtpx:TrackPointExtension></extensions></trkpt>
      <trkpt lat="55.683106" lon="12.614535"><ele>3.6</ele><time>2026-08-20T11:53:53.000Z</time><extensions><gpxtpx:TrackPointExtension><gpxtpx:hr>135</gpxtpx:hr></gpxtpx:TrackPointExtension></extensions></trkpt>
      <trkpt lat="55.683127" lon="12.614512"><ele>3.6</ele><time>2026-08-20T11:53:54.000Z</time><extensions><gpxtpx:TrackPointExtension><gpxtpx:hr>135</gpxtpx:hr></gpxtpx:TrackPointExtension></extensions></trkpt>
      <trkpt lat="55.683147" lon="12.614489"><ele>3.6</ele><time>2026-08-20T11:53:55.000Z</time><extensions><gpxtpx:TrackPointExtension><gpxtpx:hr>135</gpxtpx:hr></gpxtpx:TrackPointExtension></extensions></trkpt>
      <trkpt lat="55.683166" lon="12.614465"><ele>3.6</ele><time>2026-08-20T11:53:56.000Z</time><extensions><gpxtpx:TrackPointExtension><gpxtpx:hr>135</gpxtpx:hr></gpxtpx:TrackPointExtension></extensions></trkpt>
      <trkpt lat="55.683184" lon="12.614439"><ele>3.6</ele><time>2026-08-20T11:53:57.000Z</time><extensions><gpxtpx:TrackPointExtension><gpxtpx:hr>135</gpxtpx:hr></gpxtpx:TrackPointExtension></extensions></trkpt>
      <trkpt lat="55.683201" lon="12.61441"><ele>3.6</ele><time>2026-08-20T11:53:58.000Z</time><extensions><gpxtpx:TrackPointExtension><gpxtpx:hr>135</gpxtpx:hr></gpxtpx:TrackPointExtension></extensions></trkpt>
      <trkpt lat="55.683217" lon="12.614378"><ele>3.6</ele><time>2026-08-20T11:53:59.000Z</time><extensions><gpxtpx:TrackPointExtension><gpxtpx:hr>135</gpxtpx:hr></gpxtpx:TrackPointExtension></extensions></trkpt>
      <trkpt lat="55.683232" lon="12.614344"><ele>3.6</ele><time>2026-08-20T11:54:00.000Z</time><extensions><gpxtpx:TrackPointExtension><gpxtpx:hr>135</gpxtpx:hr></gpxtpx:TrackPointExtension></extensions></trkpt>
      <trkpt lat="55.683246" lon="12.614311"><ele>3.6</ele><time>2026-08-20T11:54:01.000Z</time><extensions><gpxtpx:TrackPointExtension><gpxtpx:hr>135</gpxtpx:hr></gpxtpx:TrackPointExtension></extensions></trkpt>
      <trkpt lat="55.683261" lon="12.614279"><ele>3.6</ele><time>2026-08-20T11:54:02.000Z</time><extensions><gpxtpx:TrackPointExtension><gpxtpx:hr>135</gpxtpx:hr></gpxtpx:TrackPointExtension></extensions></trkpt>
      <trkpt lat="55.683275" lon="12.614249"><ele>3.6</ele><time>2026-08-20T11:54:03.000Z</time><extensions><gpxtpx:TrackPointExtension><gpxtpx:hr>137</gpxtpx:hr></gpxtpx:TrackPointExtension></extensions></trkpt>
      <trkpt lat="55.68329" lon="12.614218"><ele>3.6</ele><time>2026-08-20T11:54:04.000Z</time><extensions><gpxtpx:TrackPointExtension><gpxtpx:hr>137</gpxtpx:hr></gpxtpx:TrackPointExtension></extensions></trkpt>
      <trkpt lat="55.683304" lon="12.614186"><ele>3.6</ele><time>2026-08-20T11:54:05.000Z</time><extensions><gpxtpx:TrackPointExtension><gpxtpx:hr>137</gpxtpx:hr></gpxtpx:TrackPointExtension></extensions></trkpt>
      <trkpt lat="55.683318" lon="12.614152"><ele>3.6</ele><time>2026-08-20T11:54:06.000Z</time><extensions><gpxtpx:TrackPointExtension><gpxtpx:hr>137</gpxtpx:hr></gpxtpx:TrackPointExtension></extensions></trkpt>
      <trkpt lat="55.683331" lon="12.614118"><ele>3.6</ele><time>2026-08-20T11:54:07.000Z</time><extensions><gpxtpx:TrackPointExtension><gpxtpx:hr>137</gpxtpx:hr></gpxtpx:TrackPointExtension></extensions></trkpt>
      <trkpt lat="55.683344" lon="12.614084"><ele>3.4</ele><time>2026-08-20T11:54:08.000Z</time><extensions><gpxtpx:TrackPointExtension><gpxtpx:hr>137</gpxtpx:hr></gpxtpx:TrackPointExtension></extensions></trkpt>
      <trkpt lat="55.683357" lon="12.614051"><ele>3.4</ele><time>2026-08-20T11:54:09.000Z</time><extensions><gpxtpx:TrackPointExtension><gpxtpx:hr>137</gpxtpx:hr></gpxtpx:TrackPointExtension></extensions></trkpt>
      <trkpt lat="55.683369" lon="12.61402"><ele>3.4</ele><time>2026-08-20T11:54:10.000Z</time><extensions><gpxtpx:TrackPointExtension><gpxtpx:hr>138</gpxtpx:hr></gpxtpx:TrackPointExtension></extensions></trkpt>
      <trkpt lat="55.683382" lon="12.613988"><ele>3.4</ele><time>2026-08-20T11:54:11.000Z</time><extensions><gpxtpx:TrackPointExtension><gpxtpx:hr>138</gpxtpx:hr></gpxtpx:TrackPointExtension></extensions></trkpt>
      <trkpt lat="55.683395" lon="12.613955"><ele>3.4</ele><time>2026-08-20T11:54:12.000Z</time><extensions><gpxtpx:TrackPointExtension><gpxtpx:hr>138</gpxtpx:hr></gpxtpx:TrackPointExtension></extensions></trkpt>
      <trkpt lat="55.683408" lon="12.613922"><ele>3.4</ele><time>2026-08-20T11:54:13.000Z</time><extensions><gpxtpx:TrackPointExtension><gpxtpx:hr>138</gpxtpx:hr></gpxtpx:TrackPointExtension></extensions></trkpt>
      <trkpt lat="55.683419" lon="12.613887"><ele>3.4</ele><time>2026-08-20T11:54:14.000Z</time><extensions><gpxtpx:TrackPointExtension><gpxtpx:hr>138</gpxtpx:hr></gpxtpx:TrackPointExtension></extensions></trkpt>
      <trkpt lat="55.683431" lon="12.613853"><ele>3.2</ele><time>2026-08-20T11:54:15.000Z</time><extensions><gpxtpx:TrackPointExtension><gpxtpx:hr>138</gpxtpx:hr></gpxtpx:TrackPointExtension></extensions></trkpt>
      <trkpt lat="55.683442" lon="12.613821"><ele>3.2</ele><time>2026-08-20T11:54:16.000Z</time><extensions><gpxtpx:TrackPointExtension><gpxtpx:hr>137</gpxtpx:hr></gpxtpx:TrackPointExtension></extensions></trkpt>
      <trkpt lat="55.683454" lon="12.61379"><ele>3.2</ele><time>2026-08-20T11:54:17.000Z</time><extensions><gpxtpx:TrackPointExtension><gpxtpx:hr>137</gpxtpx:hr></gpxtpx:TrackPointExtension></extensions></trkpt>
      <trkpt lat="55.683466" lon="12.61376"><ele>3.2</ele><time>2026-08-20T11:54:18.000Z</time><extensions><gpxtpx:TrackPointExtension><gpxtpx:hr>137</gpxtpx:hr></gpxtpx:TrackPointExtension></extensions></trkpt>
      <trkpt lat="55.683479" lon="12.61373"><ele>3.2</ele><time>2026-08-20T11:54:19.000Z</time><extensions><gpxtpx:TrackPointExtension><gpxtpx:hr>137</gpxtpx:hr></gpxtpx:TrackPointExtension></extensions></trkpt>
      <trkpt lat="55.683491" lon="12.613701"><ele>3.2</ele><time>2026-08-20T11:54:20.000Z</time><extensions><gpxtpx:TrackPointExtension><gpxtpx:hr>137</gpxtpx:hr></gpxtpx:TrackPointExtension></extensions></trkpt>
      <trkpt lat="55.683503" lon="12.613672"><ele>3.2</ele><time>2026-08-20T11:54:21.000Z</time><extensions><gpxtpx:TrackPointExtension><gpxtpx:hr>137</gpxtpx:hr></gpxtpx:TrackPointExtension></extensions></trkpt>
      <trkpt lat="55.683515" lon="12.613643"><ele>3.2</ele><time>2026-08-20T11:54:22.000Z</time><extensions><gpxtpx:TrackPointExtension><gpxtpx:hr>135</gpxtpx:hr></gpxtpx:TrackPointExtension></extensions></trkpt>
      <trkpt lat="55.683528" lon="12.613615"><ele>3.2</ele><time>2026-08-20T11:54:23.000Z</time><extensions><gpxtpx:TrackPointExtension><gpxtpx:hr>135</gpxtpx:hr></gpxtpx:TrackPointExtension></extensions></trkpt>
      <trkpt lat="55.683543" lon="12.613587"><ele>3.2</ele><time>2026-08-20T11:54:24.000Z</time><extensions><gpxtpx:TrackPointExtension><gpxtpx:hr>135</gpxtpx:hr></gpxtpx:TrackPointExtension></extensions></trkpt>
      <trkpt lat="55.683558" lon="12.61356"><ele>3.4</ele><time>2026-08-20T11:54:25.000Z</time><extensions><gpxtpx:TrackPointExtension><gpxtpx:hr>135</gpxtpx:hr></gpxtpx:TrackPointExtension></extensions></trkpt>
      <trkpt lat="55.683575" lon="12.613532"><ele>3.4</ele><time>2026-08-20T11:54:26.000Z</time><extensions><gpxtpx:TrackPointExtension><gpxtpx:hr>135</gpxtpx:hr></gpxtpx:TrackPointExtension></extensions></trkpt>
      <trkpt lat="55.683592" lon="12.613505"><ele>3.4</ele><time>2026-08-20T11:54:27.000Z</time><extensions><gpxtpx:TrackPointExtension><gpxtpx:hr>135</gpxtpx:hr></gpxtpx:TrackPointExtension></extensions></trkpt>
      <trkpt lat="55.68361" lon="12.613479"><ele>3.4</ele><time>2026-08-20T11:54:28.000Z</time><extensions><gpxtpx:TrackPointExtension><gpxtpx:hr>135</gpxtpx:hr></gpxtpx:TrackPointExtension></extensions></trkpt>
      <trkpt lat="55.683628" lon="12.613455"><ele>3.4</ele><time>2026-08-20T11:54:29.000Z</time><extensions><gpxtpx:TrackPointExtension><gpxtpx:hr>135</gpxtpx:hr></gpxtpx:TrackPointExtension></extensions></trkpt>
      <trkpt lat="55.683646" lon="12.613432"><ele>3.4</ele><time>2026-08-20T11:54:30.000Z</time><extensions><gpxtpx:TrackPointExtension><gpxtpx:hr>135</gpxtpx:hr></gpxtpx:TrackPointExtension></extensions></trkpt>
      <trkpt lat="55.683666" lon="12.613409"><ele>3.4</ele><time>2026-08-20T11:54:31.000Z</time><extensions><gpxtpx:TrackPointExtension><gpxtpx:hr>135</gpxtpx:hr></gpxtpx:TrackPointExtension></extensions></trkpt>
      <trkpt lat="55.683687" lon="12.613389"><ele>3.4</ele><time>2026-08-20T11:54:32.000Z</time><extensions><gpxtpx:TrackPointExtension><gpxtpx:hr>135</gpxtpx:hr></gpxtpx:TrackPointExtension></extensions></trkpt>
      <trkpt lat="55.68371" lon="12.613371"><ele>3.2</ele><time>2026-08-20T11:54:33.000Z</time><extensions><gpxtpx:TrackPointExtension><gpxtpx:hr>135</gpxtpx:hr></gpxtpx:TrackPointExtension></extensions></trkpt>
      <trkpt lat="55.683734" lon="12.613354"><ele>3.2</ele><time>2026-08-20T11:54:34.000Z</time><extensions><gpxtpx:TrackPointExtension><gpxtpx:hr>135</gpxtpx:hr></gpxtpx:TrackPointExtension></extensions></trkpt>
      <trkpt lat="55.683757" lon="12.613339"><ele>3.2</ele><time>2026-08-20T11:54:35.000Z</time><extensions><gpxtpx:TrackPointExtension><gpxtpx:hr>135</gpxtpx:hr></gpxtpx:TrackPointExtension></extensions></trkpt>
      <trkpt lat="55.683781" lon="12.613327"><ele>3.2</ele><time>2026-08-20T11:54:36.000Z</time><extensions><gpxtpx:TrackPointExtension><gpxtpx:hr>135</gpxtpx:hr></gpxtpx:TrackPointExtension></extensions></trkpt>
      <trkpt lat="55.683806" lon="12.613317"><ele>3</ele><time>2026-08-20T11:54:37.000Z</time><extensions><gpxtpx:TrackPointExtension><gpxtpx:hr>135</gpxtpx:hr></gpxtpx:TrackPointExtension></extensions></trkpt>
      <trkpt lat="55.683829" lon="12.613311"><ele>3</ele><time>2026-08-20T11:54:38.000Z</time><extensions><gpxtpx:TrackPointExtension><gpxtpx:hr>135</gpxtpx:hr></gpxtpx:TrackPointExtension></extensions></trkpt>
      <trkpt lat="55.683853" lon="12.613304"><ele>3</ele><time>2026-08-20T11:54:39.000Z</time><extensions><gpxtpx:TrackPointExtension><gpxtpx:hr>135</gpxtpx:hr></gpxtpx:TrackPointExtension></extensions></trkpt>
      <trkpt lat="55.683877" lon="12.613298"><ele>3</ele><time>2026-08-20T11:54:40.000Z</time><extensions><gpxtpx:TrackPointExtension><gpxtpx:hr>138</gpxtpx:hr></gpxtpx:TrackPointExtension></extensions></trkpt>
      <trkpt lat="55.683902" lon="12.613291"><ele>3</ele><time>2026-08-20T11:54:41.000Z</time><extensions><gpxtpx:TrackPointExtension><gpxtpx:hr>138</gpxtpx:hr></gpxtpx:TrackPointExtension></extensions></trkpt>
      <trkpt lat="55.683926" lon="12.613286"><ele>3</ele><time>2026-08-20T11:54:42.000Z</time><extensions><gpxtpx:TrackPointExtension><gpxtpx:hr>138</gpxtpx:hr></gpxtpx:TrackPointExtension></extensions></trkpt>
      <trkpt lat="55.68395" lon="12.613281"><ele>3</ele><time>2026-08-20T11:54:43.000Z</time><extensions><gpxtpx:TrackPointExtension><gpxtpx:hr>138</gpxtpx:hr></gpxtpx:TrackPointExtension></extensions></trkpt>
      <trkpt lat="55.683973" lon="12.613277"><ele>3</ele><time>2026-08-20T11:54:44.000Z</time><extensions><gpxtpx:TrackPointExtension><gpxtpx:hr>138</gpxtpx:hr></gpxtpx:TrackPointExtension></extensions></trkpt>
      <trkpt lat="55.683997" lon="12.613275"><ele>3</ele><time>2026-08-20T11:54:45.000Z</time><extensions><gpxtpx:TrackPointExtension><gpxtpx:hr>138</gpxtpx:hr></gpxtpx:TrackPointExtension></extensions></trkpt>
      <trkpt lat="55.68402" lon="12.613274"><ele>3</ele><time>2026-08-20T11:54:46.000Z</time><extensions><gpxtpx:TrackPointExtension><gpxtpx:hr>138</gpxtpx:hr></gpxtpx:TrackPointExtension></extensions></trkpt>
      <trkpt lat="55.684043" lon="12.613273"><ele>3</ele><time>2026-08-20T11:54:47.000Z</time><extensions><gpxtpx:TrackPointExtension><gpxtpx:hr>138</gpxtpx:hr></gpxtpx:TrackPointExtension></extensions></trkpt>
      <trkpt lat="55.684065" lon="12.613271"><ele>3</ele><time>2026-08-20T11:54:48.000Z</time><extensions><gpxtpx:TrackPointExtension><gpxtpx:hr>138</gpxtpx:hr></gpxtpx:TrackPointExtension></extensions></trkpt>
      <trkpt lat="55.684087" lon="12.61327"><ele>3</ele><time>2026-08-20T11:54:49.000Z</time><extensions><gpxtpx:TrackPointExtension><gpxtpx:hr>138</gpxtpx:hr></gpxtpx:TrackPointExtension></extensions></trkpt>
      <trkpt lat="55.684108" lon="12.613267"><ele>3.2</ele><time>2026-08-20T11:54:50.000Z</time><extensions><gpxtpx:TrackPointExtension><gpxtpx:hr>137</gpxtpx:hr></gpxtpx:TrackPointExtension></extensions></trkpt>
      <trkpt lat="55.68413" lon="12.613264"><ele>3.2</ele><time>2026-08-20T11:54:51.000Z</time><extensions><gpxtpx:TrackPointExtension><gpxtpx:hr>137</gpxtpx:hr></gpxtpx:TrackPointExtension></extensions></trkpt>
      <trkpt lat="55.684152" lon="12.613261"><ele>3.2</ele><time>2026-08-20T11:54:52.000Z</time><extensions><gpxtpx:TrackPointExtension><gpxtpx:hr>137</gpxtpx:hr></gpxtpx:TrackPointExtension></extensions></trkpt>
      <trkpt lat="55.684174" lon="12.61326"><ele>3.2</ele><time>2026-08-20T11:54:53.000Z</time><extensions><gpxtpx:TrackPointExtension><gpxtpx:hr>137</gpxtpx:hr></gpxtpx:TrackPointExtension></extensions></trkpt>
      <trkpt lat="55.684195" lon="12.613262"><ele>3.2</ele><time>2026-08-20T11:54:54.000Z</time><extensions><gpxtpx:TrackPointExtension><gpxtpx:hr>137</gpxtpx:hr></gpxtpx:TrackPointExtension></extensions></trkpt>
      <trkpt lat="55.684217" lon="12.613266"><ele>3.2</ele><time>2026-08-20T11:54:55.000Z</time><extensions><gpxtpx:TrackPointExtension><gpxtpx:hr>137</gpxtpx:hr></gpxtpx:TrackPointExtension></extensions></trkpt>
      <trkpt lat="55.684237" lon="12.61327"><ele>3.2</ele><time>2026-08-20T11:54:56.000Z</time><extensions><gpxtpx:TrackPointExtension><gpxtpx:hr>137</gpxtpx:hr></gpxtpx:TrackPointExtension></extensions></trkpt>
      <trkpt lat="55.684257" lon="12.613274"><ele>3.2</ele><time>2026-08-20T11:54:57.000Z</time><extensions><gpxtpx:TrackPointExtension><gpxtpx:hr>137</gpxtpx:hr></gpxtpx:TrackPointExtension></extensions></trkpt>
      <trkpt lat="55.684275" lon="12.613276"><ele>3.2</ele><time>2026-08-20T11:54:58.000Z</time><extensions><gpxtpx:TrackPointExtension><gpxtpx:hr>137</gpxtpx:hr></gpxtpx:TrackPointExtension></extensions></trkpt>
      <trkpt lat="55.684292" lon="12.613279"><ele>3.2</ele><time>2026-08-20T11:54:59.000Z</time><extensions><gpxtpx:TrackPointExtension><gpxtpx:hr>137</gpxtpx:hr></gpxtpx:TrackPointExtension></extensions></trkpt>
      <trkpt lat="55.684304" lon="12.613284"><ele>3.2</ele><time>2026-08-20T11:55:00.000Z</time><extensions><gpxtpx:TrackPointExtension><gpxtpx:hr>136</gpxtpx:hr></gpxtpx:TrackPointExtension></extensions></trkpt>
      <trkpt lat="55.684311" lon="12.613288"><ele>3.2</ele><time>2026-08-20T11:55:01.000Z</time><extensions><gpxtpx:TrackPointExtension><gpxtpx:hr>136</gpxtpx:hr></gpxtpx:TrackPointExtension></extensions></trkpt>
      <trkpt lat="55.684313" lon="12.61329"><ele>3.2</ele><time>2026-08-20T11:55:02.000Z</time><extensions><gpxtpx:TrackPointExtension><gpxtpx:hr>136</gpxtpx:hr></gpxtpx:TrackPointExtension></extensions></trkpt>
      <trkpt lat="55.684314" lon="12.613291"><ele>3.2</ele><time>2026-08-20T11:55:03.000Z</time><extensions><gpxtpx:TrackPointExtension><gpxtpx:hr>136</gpxtpx:hr></gpxtpx:TrackPointExtension></extensions></trkpt>
      <trkpt lat="55.684316" lon="12.613285"><ele>3.2</ele><time>2026-08-20T11:55:04.000Z</time><extensions><gpxtpx:TrackPointExtension><gpxtpx:hr>136</gpxtpx:hr></gpxtpx:TrackPointExtension></extensions></trkpt>
      <trkpt lat="55.684321" lon="12.613268"><ele>3.2</ele><time>2026-08-20T11:55:05.000Z</time><extensions><gpxtpx:TrackPointExtension><gpxtpx:hr>136</gpxtpx:hr></gpxtpx:TrackPointExtension></extensions></trkpt>
      <trkpt lat="55.684329" lon="12.613241"><ele>3.2</ele><time>2026-08-20T11:55:06.000Z</time><extensions><gpxtpx:TrackPointExtension><gpxtpx:hr>136</gpxtpx:hr></gpxtpx:TrackPointExtension></extensions></trkpt>
      <trkpt lat="55.684337" lon="12.613208"><ele>3.2</ele><time>2026-08-20T11:55:07.000Z</time><extensions><gpxtpx:TrackPointExtension><gpxtpx:hr>136</gpxtpx:hr></gpxtpx:TrackPointExtension></extensions></trkpt>
      <trkpt lat="55.684349" lon="12.613175"><ele>3.2</ele><time>2026-08-20T11:55:08.000Z</time><extensions><gpxtpx:TrackPointExtension><gpxtpx:hr>136</gpxtpx:hr></gpxtpx:TrackPointExtension></extensions></trkpt>
      <trkpt lat="55.684364" lon="12.613144"><ele>3.2</ele><time>2026-08-20T11:55:09.000Z</time><extensions><gpxtpx:TrackPointExtension><gpxtpx:hr>136</gpxtpx:hr></gpxtpx:TrackPointExtension></extensions></trkpt>
      <trkpt lat="55.684384" lon="12.613116"><ele>3.2</ele><time>2026-08-20T11:55:10.000Z</time><extensions><gpxtpx:TrackPointExtension><gpxtpx:hr>136</gpxtpx:hr></gpxtpx:TrackPointExtension></extensions></trkpt>
      <trkpt lat="55.684405" lon="12.613091"><ele>3</ele><time>2026-08-20T11:55:11.000Z</time><extensions><gpxtpx:TrackPointExtension><gpxtpx:hr>136</gpxtpx:hr></gpxtpx:TrackPointExtension></extensions></trkpt>
      <trkpt lat="55.684425" lon="12.61307"><ele>3</ele><time>2026-08-20T11:55:12.000Z</time><extensions><gpxtpx:TrackPointExtension><gpxtpx:hr>136</gpxtpx:hr></gpxtpx:TrackPointExtension></extensions></trkpt>
      <trkpt lat="55.684444" lon="12.613051"><ele>3</ele><time>2026-08-20T11:55:13.000Z</time><extensions><gpxtpx:TrackPointExtension><gpxtpx:hr>136</gpxtpx:hr></gpxtpx:TrackPointExtension></extensions></trkpt>
      <trkpt lat="55.684463" lon="12.613035"><ele>3</ele><time>2026-08-20T11:55:14.000Z</time><extensions><gpxtpx:TrackPointExtension><gpxtpx:hr>136</gpxtpx:hr></gpxtpx:TrackPointExtension></extensions></trkpt>
      <trkpt lat="55.684482" lon="12.61302"><ele>3</ele><time>2026-08-20T11:55:15.000Z</time><extensions><gpxtpx:TrackPointExtension><gpxtpx:hr>136</gpxtpx:hr></gpxtpx:TrackPointExtension></extensions></trkpt>
      <trkpt lat="55.684499" lon="12.613"><ele>3</ele><time>2026-08-20T11:55:16.000Z</time><extensions><gpxtpx:TrackPointExtension><gpxtpx:hr>136</gpxtpx:hr></gpxtpx:TrackPointExtension></extensions></trkpt>
      <trkpt lat="55.684516" lon="12.612974"><ele>3</ele><time>2026-08-20T11:55:17.000Z</time><extensions><gpxtpx:TrackPointExtension><gpxtpx:hr>136</gpxtpx:hr></gpxtpx:TrackPointExtension></extensions></trkpt>
      <trkpt lat="55.684529" lon="12.612942"><ele>3</ele><time>2026-08-20T11:55:18.000Z</time><extensions><gpxtpx:TrackPointExtension><gpxtpx:hr>138</gpxtpx:hr></gpxtpx:TrackPointExtension></extensions></trkpt>
      <trkpt lat="55.684537" lon="12.612907"><ele>3</ele><time>2026-08-20T11:55:19.000Z</time><extensions><gpxtpx:TrackPointExtension><gpxtpx:hr>138</gpxtpx:hr></gpxtpx:TrackPointExtension></extensions></trkpt>
      <trkpt lat="55.68454" lon="12.612869"><ele>3</ele><time>2026-08-20T11:55:20.000Z</time><extensions><gpxtpx:TrackPointExtension><gpxtpx:hr>138</gpxtpx:hr></gpxtpx:TrackPointExtension></extensions></trkpt>
      <trkpt lat="55.684539" lon="12.612831"><ele>3</ele><time>2026-08-20T11:55:21.000Z</time><extensions><gpxtpx:TrackPointExtension><gpxtpx:hr>138</gpxtpx:hr></gpxtpx:TrackPointExtension></extensions></trkpt>
      <trkpt lat="55.684536" lon="12.612792"><ele>3</ele><time>2026-08-20T11:55:22.000Z</time><extensions><gpxtpx:TrackPointExtension><gpxtpx:hr>138</gpxtpx:hr></gpxtpx:TrackPointExtension></extensions></trkpt>
      <trkpt lat="55.684533" lon="12.612752"><ele>3</ele><time>2026-08-20T11:55:23.000Z</time><extensions><gpxtpx:TrackPointExtension><gpxtpx:hr>138</gpxtpx:hr></gpxtpx:TrackPointExtension></extensions></trkpt>
      <trkpt lat="55.684529" lon="12.612713"><ele>3</ele><time>2026-08-20T11:55:24.000Z</time><extensions><gpxtpx:TrackPointExtension><gpxtpx:hr>138</gpxtpx:hr></gpxtpx:TrackPointExtension></extensions></trkpt>
      <trkpt lat="55.684524" lon="12.612672"><ele>2.8</ele><time>2026-08-20T11:55:25.000Z</time><extensions><gpxtpx:TrackPointExtension><gpxtpx:hr>138</gpxtpx:hr></gpxtpx:TrackPointExtension></extensions></trkpt>
      <trkpt lat="55.684518" lon="12.612632"><ele>2.8</ele><time>2026-08-20T11:55:26.000Z</time><extensions><gpxtpx:TrackPointExtension><gpxtpx:hr>138</gpxtpx:hr></gpxtpx:TrackPointExtension></extensions></trkpt>
      <trkpt lat="55.684509" lon="12.612595"><ele>2.8</ele><time>2026-08-20T11:55:27.000Z</time><extensions><gpxtpx:TrackPointExtension><gpxtpx:hr>138</gpxtpx:hr></gpxtpx:TrackPointExtension></extensions></trkpt>
      <trkpt lat="55.684498" lon="12.612561"><ele>2.8</ele><time>2026-08-20T11:55:28.000Z</time><extensions><gpxtpx:TrackPointExtension><gpxtpx:hr>138</gpxtpx:hr></gpxtpx:TrackPointExtension></extensions></trkpt>
      <trkpt lat="55.684485" lon="12.612528"><ele>2.8</ele><time>2026-08-20T11:55:29.000Z</time><extensions><gpxtpx:TrackPointExtension><gpxtpx:hr>137</gpxtpx:hr></gpxtpx:TrackPointExtension></extensions></trkpt>
      <trkpt lat="55.68447" lon="12.612495"><ele>2.8</ele><time>2026-08-20T11:55:30.000Z</time><extensions><gpxtpx:TrackPointExtension><gpxtpx:hr>137</gpxtpx:hr></gpxtpx:TrackPointExtension></extensions></trkpt>
      <trkpt lat="55.684456" lon="12.612462"><ele>2.8</ele><time>2026-08-20T11:55:31.000Z</time><extensions><gpxtpx:TrackPointExtension><gpxtpx:hr>137</gpxtpx:hr></gpxtpx:TrackPointExtension></extensions></trkpt>
      <trkpt lat="55.684442" lon="12.61243"><ele>2.8</ele><time>2026-08-20T11:55:32.000Z</time><extensions><gpxtpx:TrackPointExtension><gpxtpx:hr>137</gpxtpx:hr></gpxtpx:TrackPointExtension></extensions></trkpt>
      <trkpt lat="55.684428" lon="12.612398"><ele>2.8</ele><time>2026-08-20T11:55:33.000Z</time><extensions><gpxtpx:TrackPointExtension><gpxtpx:hr>137</gpxtpx:hr></gpxtpx:TrackPointExtension></extensions></trkpt>
      <trkpt lat="55.684415" lon="12.612365"><ele>2.8</ele><time>2026-08-20T11:55:34.000Z</time><extensions><gpxtpx:TrackPointExtension><gpxtpx:hr>137</gpxtpx:hr></gpxtpx:TrackPointExtension></extensions></trkpt>
      <trkpt lat="55.684401" lon="12.612332"><ele>2.8</ele><time>2026-08-20T11:55:35.000Z</time><extensions><gpxtpx:TrackPointExtension><gpxtpx:hr>137</gpxtpx:hr></gpxtpx:TrackPointExtension></extensions></trkpt>
      <trkpt lat="55.684387" lon="12.612297"><ele>2.8</ele><time>2026-08-20T11:55:36.000Z</time><extensions><gpxtpx:TrackPointExtension><gpxtpx:hr>137</gpxtpx:hr></gpxtpx:TrackPointExtension></extensions></trkpt>
      <trkpt lat="55.684373" lon="12.612262"><ele>2.8</ele><time>2026-08-20T11:55:37.000Z</time><extensions><gpxtpx:TrackPointExtension><gpxtpx:hr>137</gpxtpx:hr></gpxtpx:TrackPointExtension></extensions></trkpt>
      <trkpt lat="55.68436" lon="12.612227"><ele>2.8</ele><time>2026-08-20T11:55:38.000Z</time><extensions><gpxtpx:TrackPointExtension><gpxtpx:hr>137</gpxtpx:hr></gpxtpx:TrackPointExtension></extensions></trkpt>
      <trkpt lat="55.684347" lon="12.612192"><ele>2.8</ele><time>2026-08-20T11:55:39.000Z</time><extensions><gpxtpx:TrackPointExtension><gpxtpx:hr>137</gpxtpx:hr></gpxtpx:TrackPointExtension></extensions></trkpt>
      <trkpt lat="55.684335" lon="12.612158"><ele>2.6</ele><time>2026-08-20T11:55:40.000Z</time><extensions><gpxtpx:TrackPointExtension><gpxtpx:hr>136</gpxtpx:hr></gpxtpx:TrackPointExtension></extensions></trkpt>
      <trkpt lat="55.684322" lon="12.612125"><ele>2.6</ele><time>2026-08-20T11:55:41.000Z</time><extensions><gpxtpx:TrackPointExtension><gpxtpx:hr>136</gpxtpx:hr></gpxtpx:TrackPointExtension></extensions></trkpt>
      <trkpt lat="55.684308" lon="12.612092"><ele>2.6</ele><time>2026-08-20T11:55:42.000Z</time><extensions><gpxtpx:TrackPointExtension><gpxtpx:hr>136</gpxtpx:hr></gpxtpx:TrackPointExtension></extensions></trkpt>
      <trkpt lat="55.684292" lon="12.612062"><ele>2.6</ele><time>2026-08-20T11:55:43.000Z</time><extensions><gpxtpx:TrackPointExtension><gpxtpx:hr>136</gpxtpx:hr></gpxtpx:TrackPointExtension></extensions></trkpt>
      <trkpt lat="55.684276" lon="12.612034"><ele>2.6</ele><time>2026-08-20T11:55:44.000Z</time><extensions><gpxtpx:TrackPointExtension><gpxtpx:hr>136</gpxtpx:hr></gpxtpx:TrackPointExtension></extensions></trkpt>
      <trkpt lat="55.684259" lon="12.612008"><ele>2.6</ele><time>2026-08-20T11:55:45.000Z</time><extensions><gpxtpx:TrackPointExtension><gpxtpx:hr>136</gpxtpx:hr></gpxtpx:TrackPointExtension></extensions></trkpt>
      <trkpt lat="55.68424" lon="12.611985"><ele>2.6</ele><time>2026-08-20T11:55:46.000Z</time><extensions><gpxtpx:TrackPointExtension><gpxtpx:hr>136</gpxtpx:hr></gpxtpx:TrackPointExtension></extensions></trkpt>
      <trkpt lat="55.684221" lon="12.611965"><ele>2.6</ele><time>2026-08-20T11:55:47.000Z</time><extensions><gpxtpx:TrackPointExtension><gpxtpx:hr>136</gpxtpx:hr></gpxtpx:TrackPointExtension></extensions></trkpt>
      <trkpt lat="55.684201" lon="12.611947"><ele>2.6</ele><time>2026-08-20T11:55:48.000Z</time><extensions><gpxtpx:TrackPointExtension><gpxtpx:hr>136</gpxtpx:hr></gpxtpx:TrackPointExtension></extensions></trkpt>
      <trkpt lat="55.684181" lon="12.611931"><ele>2.6</ele><time>2026-08-20T11:55:49.000Z</time><extensions><gpxtpx:TrackPointExtension><gpxtpx:hr>136</gpxtpx:hr></gpxtpx:TrackPointExtension></extensions></trkpt>
      <trkpt lat="55.684161" lon="12.611916"><ele>2.6</ele><time>2026-08-20T11:55:50.000Z</time><extensions><gpxtpx:TrackPointExtension><gpxtpx:hr>136</gpxtpx:hr></gpxtpx:TrackPointExtension></extensions></trkpt>
      <trkpt lat="55.684139" lon="12.611901"><ele>2.6</ele><time>2026-08-20T11:55:51.000Z</time><extensions><gpxtpx:TrackPointExtension><gpxtpx:hr>136</gpxtpx:hr></gpxtpx:TrackPointExtension></extensions></trkpt>
      <trkpt lat="55.684116" lon="12.611886"><ele>2.6</ele><time>2026-08-20T11:55:52.000Z</time><extensions><gpxtpx:TrackPointExtension><gpxtpx:hr>136</gpxtpx:hr></gpxtpx:TrackPointExtension></extensions></trkpt>
      <trkpt lat="55.684094" lon="12.611871"><ele>2.6</ele><time>2026-08-20T11:55:53.000Z</time><extensions><gpxtpx:TrackPointExtension><gpxtpx:hr>136</gpxtpx:hr></gpxtpx:TrackPointExtension></extensions></trkpt>
      <trkpt lat="55.684073" lon="12.611855"><ele>2.6</ele><time>2026-08-20T11:55:54.000Z</time><extensions><gpxtpx:TrackPointExtension><gpxtpx:hr>136</gpxtpx:hr></gpxtpx:TrackPointExtension></extensions></trkpt>
      <trkpt lat="55.684051" lon="12.611837"><ele>2.6</ele><time>2026-08-20T11:55:55.000Z</time><extensions><gpxtpx:TrackPointExtension><gpxtpx:hr>136</gpxtpx:hr></gpxtpx:TrackPointExtension></extensions></trkpt>
      <trkpt lat="55.684029" lon="12.611817"><ele>2.6</ele><time>2026-08-20T11:55:56.000Z</time><extensions><gpxtpx:TrackPointExtension><gpxtpx:hr>136</gpxtpx:hr></gpxtpx:TrackPointExtension></extensions></trkpt>
      <trkpt lat="55.684006" lon="12.611792"><ele>2.6</ele><time>2026-08-20T11:55:57.000Z</time><extensions><gpxtpx:TrackPointExtension><gpxtpx:hr>136</gpxtpx:hr></gpxtpx:TrackPointExtension></extensions></trkpt>
      <trkpt lat="55.683982" lon="12.611766"><ele>2.6</ele><time>2026-08-20T11:55:58.000Z</time><extensions><gpxtpx:TrackPointExtension><gpxtpx:hr>136</gpxtpx:hr></gpxtpx:TrackPointExtension></extensions></trkpt>
      <trkpt lat="55.683958" lon="12.611743"><ele>2.6</ele><time>2026-08-20T11:55:59.000Z</time><extensions><gpxtpx:TrackPointExtension><gpxtpx:hr>136</gpxtpx:hr></gpxtpx:TrackPointExtension></extensions></trkpt>
      <trkpt lat="55.683934" lon="12.611723"><ele>2.6</ele><time>2026-08-20T11:56:00.000Z</time><extensions><gpxtpx:TrackPointExtension><gpxtpx:hr>136</gpxtpx:hr></gpxtpx:TrackPointExtension></extensions></trkpt>
      <trkpt lat="55.683908" lon="12.611703"><ele>2.8</ele><time>2026-08-20T11:56:01.000Z</time><extensions><gpxtpx:TrackPointExtension><gpxtpx:hr>136</gpxtpx:hr></gpxtpx:TrackPointExtension></extensions></trkpt>
      <trkpt lat="55.683883" lon="12.611681"><ele>2.8</ele><time>2026-08-20T11:56:02.000Z</time><extensions><gpxtpx:TrackPointExtension><gpxtpx:hr>136</gpxtpx:hr></gpxtpx:TrackPointExtension></extensions></trkpt>
      <trkpt lat="55.683859" lon="12.611657"><ele>2.8</ele><time>2026-08-20T11:56:03.000Z</time><extensions><gpxtpx:TrackPointExtension><gpxtpx:hr>136</gpxtpx:hr></gpxtpx:TrackPointExtension></extensions></trkpt>
      <trkpt lat="55.683837" lon="12.611633"><ele>2.8</ele><time>2026-08-20T11:56:04.000Z</time><extensions><gpxtpx:TrackPointExtension><gpxtpx:hr>136</gpxtpx:hr></gpxtpx:TrackPointExtension></extensions></trkpt>
      <trkpt lat="55.683815" lon="12.61161"><ele>2.8</ele><time>2026-08-20T11:56:05.000Z</time><extensions><gpxtpx:TrackPointExtension><gpxtpx:hr>136</gpxtpx:hr></gpxtpx:TrackPointExtension></extensions></trkpt>
      <trkpt lat="55.683793" lon="12.61159"><ele>2.8</ele><time>2026-08-20T11:56:06.000Z</time><extensions><gpxtpx:TrackPointExtension><gpxtpx:hr>137</gpxtpx:hr></gpxtpx:TrackPointExtension></extensions></trkpt>
      <trkpt lat="55.68377" lon="12.61157"><ele>2.8</ele><time>2026-08-20T11:56:07.000Z</time><extensions><gpxtpx:TrackPointExtension><gpxtpx:hr>137</gpxtpx:hr></gpxtpx:TrackPointExtension></extensions></trkpt>
      <trkpt lat="55.683747" lon="12.611551"><ele>2.8</ele><time>2026-08-20T11:56:08.000Z</time><extensions><gpxtpx:TrackPointExtension><gpxtpx:hr>137</gpxtpx:hr></gpxtpx:TrackPointExtension></extensions></trkpt>
      <trkpt lat="55.683725" lon="12.611531"><ele>2.8</ele><time>2026-08-20T11:56:09.000Z</time><extensions><gpxtpx:TrackPointExtension><gpxtpx:hr>137</gpxtpx:hr></gpxtpx:TrackPointExtension></extensions></trkpt>
      <trkpt lat="55.683703" lon="12.611512"><ele>2.6</ele><time>2026-08-20T11:56:10.000Z</time><extensions><gpxtpx:TrackPointExtension><gpxtpx:hr>137</gpxtpx:hr></gpxtpx:TrackPointExtension></extensions></trkpt>
      <trkpt lat="55.683682" lon="12.611492"><ele>2.6</ele><time>2026-08-20T11:56:11.000Z</time><extensions><gpxtpx:TrackPointExtension><gpxtpx:hr>137</gpxtpx:hr></gpxtpx:TrackPointExtension></extensions></trkpt>
      <trkpt lat="55.683662" lon="12.611468"><ele>2.6</ele><time>2026-08-20T11:56:12.000Z</time><extensions><gpxtpx:TrackPointExtension><gpxtpx:hr>137</gpxtpx:hr></gpxtpx:TrackPointExtension></extensions></trkpt>
      <trkpt lat="55.683644" lon="12.61144"><ele>2.6</ele><time>2026-08-20T11:56:13.000Z</time><extensions><gpxtpx:TrackPointExtension><gpxtpx:hr>137</gpxtpx:hr></gpxtpx:TrackPointExtension></extensions></trkpt>
      <trkpt lat="55.683627" lon="12.611408"><ele>2.6</ele><time>2026-08-20T11:56:14.000Z</time><extensions><gpxtpx:TrackPointExtension><gpxtpx:hr>137</gpxtpx:hr></gpxtpx:TrackPointExtension></extensions></trkpt>
      <trkpt lat="55.683613" lon="12.611373"><ele>2.6</ele><time>2026-08-20T11:56:15.000Z</time><extensions><gpxtpx:TrackPointExtension><gpxtpx:hr>139</gpxtpx:hr></gpxtpx:TrackPointExtension></extensions></trkpt>
      <trkpt lat="55.6836" lon="12.611336"><ele>2.6</ele><time>2026-08-20T11:56:16.000Z</time><extensions><gpxtpx:TrackPointExtension><gpxtpx:hr>139</gpxtpx:hr></gpxtpx:TrackPointExtension></extensions></trkpt>
      <trkpt lat="55.683589" lon="12.611299"><ele>2.6</ele><time>2026-08-20T11:56:17.000Z</time><extensions><gpxtpx:TrackPointExtension><gpxtpx:hr>139</gpxtpx:hr></gpxtpx:TrackPointExtension></extensions></trkpt>
      <trkpt lat="55.683579" lon="12.611262"><ele>2.4</ele><time>2026-08-20T11:56:18.000Z</time><extensions><gpxtpx:TrackPointExtension><gpxtpx:hr>139</gpxtpx:hr></gpxtpx:TrackPointExtension></extensions></trkpt>
      <trkpt lat="55.683571" lon="12.611224"><ele>2.4</ele><time>2026-08-20T11:56:19.000Z</time><extensions><gpxtpx:TrackPointExtension><gpxtpx:hr>139</gpxtpx:hr></gpxtpx:TrackPointExtension></extensions></trkpt>
      <trkpt lat="55.683563" lon="12.611184"><ele>2.4</ele><time>2026-08-20T11:56:20.000Z</time><extensions><gpxtpx:TrackPointExtension><gpxtpx:hr>139</gpxtpx:hr></gpxtpx:TrackPointExtension></extensions></trkpt>
      <trkpt lat="55.683554" lon="12.611145"><ele>2.4</ele><time>2026-08-20T11:56:21.000Z</time><extensions><gpxtpx:TrackPointExtension><gpxtpx:hr>139</gpxtpx:hr></gpxtpx:TrackPointExtension></extensions></trkpt>
      <trkpt lat="55.683544" lon="12.611106"><ele>2.4</ele><time>2026-08-20T11:56:22.000Z</time><extensions><gpxtpx:TrackPointExtension><gpxtpx:hr>139</gpxtpx:hr></gpxtpx:TrackPointExtension></extensions></trkpt>
      <trkpt lat="55.683534" lon="12.61107"><ele>2.4</ele><time>2026-08-20T11:56:23.000Z</time><extensions><gpxtpx:TrackPointExtension><gpxtpx:hr>140</gpxtpx:hr></gpxtpx:TrackPointExtension></extensions></trkpt>
      <trkpt lat="55.683523" lon="12.611034"><ele>2.4</ele><time>2026-08-20T11:56:24.000Z</time><extensions><gpxtpx:TrackPointExtension><gpxtpx:hr>140</gpxtpx:hr></gpxtpx:TrackPointExtension></extensions></trkpt>
      <trkpt lat="55.683512" lon="12.610999"><ele>2.4</ele><time>2026-08-20T11:56:25.000Z</time><extensions><gpxtpx:TrackPointExtension><gpxtpx:hr>140</gpxtpx:hr></gpxtpx:TrackPointExtension></extensions></trkpt>
      <trkpt lat="55.683502" lon="12.610965"><ele>2.4</ele><time>2026-08-20T11:56:26.000Z</time><extensions><gpxtpx:TrackPointExtension><gpxtpx:hr>140</gpxtpx:hr></gpxtpx:TrackPointExtension></extensions></trkpt>
      <trkpt lat="55.683494" lon="12.610931"><ele>2.4</ele><time>2026-08-20T11:56:27.000Z</time><extensions><gpxtpx:TrackPointExtension><gpxtpx:hr>140</gpxtpx:hr></gpxtpx:TrackPointExtension></extensions></trkpt>
      <trkpt lat="55.683486" lon="12.610896"><ele>2.4</ele><time>2026-08-20T11:56:28.000Z</time><extensions><gpxtpx:TrackPointExtension><gpxtpx:hr>140</gpxtpx:hr></gpxtpx:TrackPointExtension></extensions></trkpt>
      <trkpt lat="55.683479" lon="12.610861"><ele>2.4</ele><time>2026-08-20T11:56:29.000Z</time><extensions><gpxtpx:TrackPointExtension><gpxtpx:hr>140</gpxtpx:hr></gpxtpx:TrackPointExtension></extensions></trkpt>
      <trkpt lat="55.68347" lon="12.610827"><ele>2.4</ele><time>2026-08-20T11:56:30.000Z</time><extensions><gpxtpx:TrackPointExtension><gpxtpx:hr>140</gpxtpx:hr></gpxtpx:TrackPointExtension></extensions></trkpt>
      <trkpt lat="55.68346" lon="12.610796"><ele>2.6</ele><time>2026-08-20T11:56:31.000Z</time><extensions><gpxtpx:TrackPointExtension><gpxtpx:hr>140</gpxtpx:hr></gpxtpx:TrackPointExtension></extensions></trkpt>
      <trkpt lat="55.683448" lon="12.610767"><ele>2.6</ele><time>2026-08-20T11:56:32.000Z</time><extensions><gpxtpx:TrackPointExtension><gpxtpx:hr>140</gpxtpx:hr></gpxtpx:TrackPointExtension></extensions></trkpt>
      <trkpt lat="55.683436" lon="12.610742"><ele>2.6</ele><time>2026-08-20T11:56:33.000Z</time><extensions><gpxtpx:TrackPointExtension><gpxtpx:hr>140</gpxtpx:hr></gpxtpx:TrackPointExtension></extensions></trkpt>
      <trkpt lat="55.683425" lon="12.610724"><ele>2.6</ele><time>2026-08-20T11:56:34.000Z</time><extensions><gpxtpx:TrackPointExtension><gpxtpx:hr>140</gpxtpx:hr></gpxtpx:TrackPointExtension></extensions></trkpt>
      <trkpt lat="55.683416" lon="12.610712"><ele>2.6</ele><time>2026-08-20T11:56:35.000Z</time><extensions><gpxtpx:TrackPointExtension><gpxtpx:hr>140</gpxtpx:hr></gpxtpx:TrackPointExtension></extensions></trkpt>
      <trkpt lat="55.68341" lon="12.610708"><ele>2.6</ele><time>2026-08-20T11:56:36.000Z</time><extensions><gpxtpx:TrackPointExtension><gpxtpx:hr>140</gpxtpx:hr></gpxtpx:TrackPointExtension></extensions></trkpt>
      <trkpt lat="55.683407" lon="12.610707"><ele>2.6</ele><time>2026-08-20T11:56:37.000Z</time><extensions><gpxtpx:TrackPointExtension><gpxtpx:hr>140</gpxtpx:hr></gpxtpx:TrackPointExtension></extensions></trkpt>
      <trkpt lat="55.683404" lon="12.610702"><ele>2.6</ele><time>2026-08-20T11:56:38.000Z</time><extensions><gpxtpx:TrackPointExtension><gpxtpx:hr>140</gpxtpx:hr></gpxtpx:TrackPointExtension></extensions></trkpt>
      <trkpt lat="55.683402" lon="12.610689"><ele>2.6</ele><time>2026-08-20T11:56:39.000Z</time><extensions><gpxtpx:TrackPointExtension><gpxtpx:hr>140</gpxtpx:hr></gpxtpx:TrackPointExtension></extensions></trkpt>
      <trkpt lat="55.683398" lon="12.610667"><ele>2.6</ele><time>2026-08-20T11:56:40.000Z</time><extensions><gpxtpx:TrackPointExtension><gpxtpx:hr>140</gpxtpx:hr></gpxtpx:TrackPointExtension></extensions></trkpt>
      <trkpt lat="55.683392" lon="12.610635"><ele>2.6</ele><time>2026-08-20T11:56:41.000Z</time><extensions><gpxtpx:TrackPointExtension><gpxtpx:hr>140</gpxtpx:hr></gpxtpx:TrackPointExtension></extensions></trkpt>
      <trkpt lat="55.683386" lon="12.610597"><ele>2.6</ele><time>2026-08-20T11:56:42.000Z</time><extensions><gpxtpx:TrackPointExtension><gpxtpx:hr>140</gpxtpx:hr></gpxtpx:TrackPointExtension></extensions></trkpt>
      <trkpt lat="55.68338" lon="12.610564"><ele>2.6</ele><time>2026-08-20T11:56:43.000Z</time><extensions><gpxtpx:TrackPointExtension><gpxtpx:hr>140</gpxtpx:hr></gpxtpx:TrackPointExtension></extensions></trkpt>
      <trkpt lat="55.683374" lon="12.610536"><ele>2.6</ele><time>2026-08-20T11:56:44.000Z</time><extensions><gpxtpx:TrackPointExtension><gpxtpx:hr>138</gpxtpx:hr></gpxtpx:TrackPointExtension></extensions></trkpt>
      <trkpt lat="55.683366" lon="12.610512"><ele>2.6</ele><time>2026-08-20T11:56:45.000Z</time><extensions><gpxtpx:TrackPointExtension><gpxtpx:hr>138</gpxtpx:hr></gpxtpx:TrackPointExtension></extensions></trkpt>
      <trkpt lat="55.683358" lon="12.610494"><ele>2.6</ele><time>2026-08-20T11:56:46.000Z</time><extensions><gpxtpx:TrackPointExtension><gpxtpx:hr>138</gpxtpx:hr></gpxtpx:TrackPointExtension></extensions></trkpt>
      <trkpt lat="55.683353" lon="12.610479"><ele>2.6</ele><time>2026-08-20T11:56:47.000Z</time><extensions><gpxtpx:TrackPointExtension><gpxtpx:hr>138</gpxtpx:hr></gpxtpx:TrackPointExtension></extensions></trkpt>
      <trkpt lat="55.683333" lon="12.610449"><ele>3</ele><time>2026-08-20T11:57:29.000Z</time><extensions><gpxtpx:TrackPointExtension><gpxtpx:hr>138</gpxtpx:hr></gpxtpx:TrackPointExtension></extensions></trkpt>
      <trkpt lat="55.683331" lon="12.610425"><ele>3</ele><time>2026-08-20T11:57:30.000Z</time><extensions><gpxtpx:TrackPointExtension><gpxtpx:hr>124</gpxtpx:hr></gpxtpx:TrackPointExtension></extensions></trkpt>
      <trkpt lat="55.683326" lon="12.610395"><ele>3</ele><time>2026-08-20T11:57:31.000Z</time><extensions><gpxtpx:TrackPointExtension><gpxtpx:hr>123</gpxtpx:hr></gpxtpx:TrackPointExtension></extensions></trkpt>
      <trkpt lat="55.68332" lon="12.610359"><ele>3</ele><time>2026-08-20T11:57:32.000Z</time><extensions><gpxtpx:TrackPointExtension><gpxtpx:hr>123</gpxtpx:hr></gpxtpx:TrackPointExtension></extensions></trkpt>
      <trkpt lat="55.683312" lon="12.61032"><ele>3</ele><time>2026-08-20T11:57:33.000Z</time><extensions><gpxtpx:TrackPointExtension><gpxtpx:hr>123</gpxtpx:hr></gpxtpx:TrackPointExtension></extensions></trkpt>
      <trkpt lat="55.683304" lon="12.61028"><ele>3</ele><time>2026-08-20T11:57:34.000Z</time><extensions><gpxtpx:TrackPointExtension><gpxtpx:hr>123</gpxtpx:hr></gpxtpx:TrackPointExtension></extensions></trkpt>
      <trkpt lat="55.683298" lon="12.610242"><ele>3</ele><time>2026-08-20T11:57:35.000Z</time><extensions><gpxtpx:TrackPointExtension><gpxtpx:hr>123</gpxtpx:hr></gpxtpx:TrackPointExtension></extensions></trkpt>
      <trkpt lat="55.683293" lon="12.610205"><ele>3</ele><time>2026-08-20T11:57:36.000Z</time><extensions><gpxtpx:TrackPointExtension><gpxtpx:hr>123</gpxtpx:hr></gpxtpx:TrackPointExtension></extensions></trkpt>
      <trkpt lat="55.68329" lon="12.610169"><ele>3</ele><time>2026-08-20T11:57:37.000Z</time><extensions><gpxtpx:TrackPointExtension><gpxtpx:hr>123</gpxtpx:hr></gpxtpx:TrackPointExtension></extensions></trkpt>
      <trkpt lat="55.683288" lon="12.610132"><ele>3</ele><time>2026-08-20T11:57:38.000Z</time><extensions><gpxtpx:TrackPointExtension><gpxtpx:hr>123</gpxtpx:hr></gpxtpx:TrackPointExtension></extensions></trkpt>
      <trkpt lat="55.683289" lon="12.610095"><ele>3</ele><time>2026-08-20T11:57:39.000Z</time><extensions><gpxtpx:TrackPointExtension><gpxtpx:hr>123</gpxtpx:hr></gpxtpx:TrackPointExtension></extensions></trkpt>
      <trkpt lat="55.683295" lon="12.610057"><ele>3</ele><time>2026-08-20T11:57:40.000Z</time><extensions><gpxtpx:TrackPointExtension><gpxtpx:hr>123</gpxtpx:hr></gpxtpx:TrackPointExtension></extensions></trkpt>
      <trkpt lat="55.683306" lon="12.610018"><ele>3</ele><time>2026-08-20T11:57:41.000Z</time><extensions><gpxtpx:TrackPointExtension><gpxtpx:hr>123</gpxtpx:hr></gpxtpx:TrackPointExtension></extensions></trkpt>
      <trkpt lat="55.683323" lon="12.609981"><ele>3</ele><time>2026-08-20T11:57:42.000Z</time><extensions><gpxtpx:TrackPointExtension><gpxtpx:hr>123</gpxtpx:hr></gpxtpx:TrackPointExtension></extensions></trkpt>
      <trkpt lat="55.683345" lon="12.609952"><ele>3</ele><time>2026-08-20T11:57:43.000Z</time><extensions><gpxtpx:TrackPointExtension><gpxtpx:hr>123</gpxtpx:hr></gpxtpx:TrackPointExtension></extensions></trkpt>
      <trkpt lat="55.683371" lon="12.609933"><ele>3</ele><time>2026-08-20T11:57:44.000Z</time><extensions><gpxtpx:TrackPointExtension><gpxtpx:hr>123</gpxtpx:hr></gpxtpx:TrackPointExtension></extensions></trkpt>
      <trkpt lat="55.6834" lon="12.609921"><ele>3.2</ele><time>2026-08-20T11:57:45.000Z</time><extensions><gpxtpx:TrackPointExtension><gpxtpx:hr>117</gpxtpx:hr></gpxtpx:TrackPointExtension></extensions></trkpt>
      <trkpt lat="55.683428" lon="12.609913"><ele>3.2</ele><time>2026-08-20T11:57:46.000Z</time><extensions><gpxtpx:TrackPointExtension><gpxtpx:hr>118</gpxtpx:hr></gpxtpx:TrackPointExtension></extensions></trkpt>
      <trkpt lat="55.683455" lon="12.609906"><ele>3.2</ele><time>2026-08-20T11:57:47.000Z</time><extensions><gpxtpx:TrackPointExtension><gpxtpx:hr>118</gpxtpx:hr></gpxtpx:TrackPointExtension></extensions></trkpt>
      <trkpt lat="55.683482" lon="12.609901"><ele>3.2</ele><time>2026-08-20T11:57:48.000Z</time><extensions><gpxtpx:TrackPointExtension><gpxtpx:hr>118</gpxtpx:hr></gpxtpx:TrackPointExtension></extensions></trkpt>
      <trkpt lat="55.68351" lon="12.609897"><ele>3.2</ele><time>2026-08-20T11:57:49.000Z</time><extensions><gpxtpx:TrackPointExtension><gpxtpx:hr>118</gpxtpx:hr></gpxtpx:TrackPointExtension></extensions></trkpt>
      <trkpt lat="55.683538" lon="12.609892"><ele>3.2</ele><time>2026-08-20T11:57:50.000Z</time><extensions><gpxtpx:TrackPointExtension><gpxtpx:hr>118</gpxtpx:hr></gpxtpx:TrackPointExtension></extensions></trkpt>
      <trkpt lat="55.683566" lon="12.609886"><ele>3.2</ele><time>2026-08-20T11:57:51.000Z</time><extensions><gpxtpx:TrackPointExtension><gpxtpx:hr>118</gpxtpx:hr></gpxtpx:TrackPointExtension></extensions></trkpt>
      <trkpt lat="55.683593" lon="12.609878"><ele>3.2</ele><time>2026-08-20T11:57:52.000Z</time><extensions><gpxtpx:TrackPointExtension><gpxtpx:hr>118</gpxtpx:hr></gpxtpx:TrackPointExtension></extensions></trkpt>
      <trkpt lat="55.683621" lon="12.609871"><ele>3</ele><time>2026-08-20T11:57:53.000Z</time><extensions><gpxtpx:TrackPointExtension><gpxtpx:hr>118</gpxtpx:hr></gpxtpx:TrackPointExtension></extensions></trkpt>
      <trkpt lat="55.683648" lon="12.609863"><ele>3</ele><time>2026-08-20T11:57:54.000Z</time><extensions><gpxtpx:TrackPointExtension><gpxtpx:hr>118</gpxtpx:hr></gpxtpx:TrackPointExtension></extensions></trkpt>
      <trkpt lat="55.683675" lon="12.609855"><ele>3</ele><time>2026-08-20T11:57:55.000Z</time><extensions><gpxtpx:TrackPointExtension><gpxtpx:hr>123</gpxtpx:hr></gpxtpx:TrackPointExtension></extensions></trkpt>
      <trkpt lat="55.683701" lon="12.609848"><ele>3</ele><time>2026-08-20T11:57:56.000Z</time><extensions><gpxtpx:TrackPointExtension><gpxtpx:hr>123</gpxtpx:hr></gpxtpx:TrackPointExtension></extensions></trkpt>
      <trkpt lat="55.683726" lon="12.609841"><ele>3</ele><time>2026-08-20T11:57:57.000Z</time><extensions><gpxtpx:TrackPointExtension><gpxtpx:hr>124</gpxtpx:hr></gpxtpx:TrackPointExtension></extensions></trkpt>
      <trkpt lat="55.683752" lon="12.609834"><ele>3</ele><time>2026-08-20T11:57:58.000Z</time><extensions><gpxtpx:TrackPointExtension><gpxtpx:hr>124</gpxtpx:hr></gpxtpx:TrackPointExtension></extensions></trkpt>
      <trkpt lat="55.683778" lon="12.609825"><ele>2.8</ele><time>2026-08-20T11:57:59.000Z</time><extensions><gpxtpx:TrackPointExtension><gpxtpx:hr>124</gpxtpx:hr></gpxtpx:TrackPointExtension></extensions></trkpt>
      <trkpt lat="55.683802" lon="12.609813"><ele>2.8</ele><time>2026-08-20T11:58:00.000Z</time><extensions><gpxtpx:TrackPointExtension><gpxtpx:hr>124</gpxtpx:hr></gpxtpx:TrackPointExtension></extensions></trkpt>
      <trkpt lat="55.683825" lon="12.609798"><ele>2.8</ele><time>2026-08-20T11:58:01.000Z</time><extensions><gpxtpx:TrackPointExtension><gpxtpx:hr>124</gpxtpx:hr></gpxtpx:TrackPointExtension></extensions></trkpt>
      <trkpt lat="55.683846" lon="12.609778"><ele>2.8</ele><time>2026-08-20T11:58:02.000Z</time><extensions><gpxtpx:TrackPointExtension><gpxtpx:hr>124</gpxtpx:hr></gpxtpx:TrackPointExtension></extensions></trkpt>
      <trkpt lat="55.683865" lon="12.609753"><ele>2.8</ele><time>2026-08-20T11:58:03.000Z</time><extensions><gpxtpx:TrackPointExtension><gpxtpx:hr>124</gpxtpx:hr></gpxtpx:TrackPointExtension></extensions></trkpt>
      <trkpt lat="55.683881" lon="12.609722"><ele>2.8</ele><time>2026-08-20T11:58:04.000Z</time><extensions><gpxtpx:TrackPointExtension><gpxtpx:hr>124</gpxtpx:hr></gpxtpx:TrackPointExtension></extensions></trkpt>
      <trkpt lat="55.683894" lon="12.609687"><ele>2.8</ele><time>2026-08-20T11:58:05.000Z</time><extensions><gpxtpx:TrackPointExtension><gpxtpx:hr>128</gpxtpx:hr></gpxtpx:TrackPointExtension></extensions></trkpt>
      <trkpt lat="55.683904" lon="12.609648"><ele>3</ele><time>2026-08-20T11:58:06.000Z</time><extensions><gpxtpx:TrackPointExtension><gpxtpx:hr>128</gpxtpx:hr></gpxtpx:TrackPointExtension></extensions></trkpt>
      <trkpt lat="55.683912" lon="12.609608"><ele>3</ele><time>2026-08-20T11:58:07.000Z</time><extensions><gpxtpx:TrackPointExtension><gpxtpx:hr>128</gpxtpx:hr></gpxtpx:TrackPointExtension></extensions></trkpt>
      <trkpt lat="55.683916" lon="12.609568"><ele>3</ele><time>2026-08-20T11:58:08.000Z</time><extensions><gpxtpx:TrackPointExtension><gpxtpx:hr>128</gpxtpx:hr></gpxtpx:TrackPointExtension></extensions></trkpt>
      <trkpt lat="55.683919" lon="12.609528"><ele>3</ele><time>2026-08-20T11:58:09.000Z</time><extensions><gpxtpx:TrackPointExtension><gpxtpx:hr>128</gpxtpx:hr></gpxtpx:TrackPointExtension></extensions></trkpt>
      <trkpt lat="55.683921" lon="12.609488"><ele>3</ele><time>2026-08-20T11:58:10.000Z</time><extensions><gpxtpx:TrackPointExtension><gpxtpx:hr>131</gpxtpx:hr></gpxtpx:TrackPointExtension></extensions></trkpt>
      <trkpt lat="55.683923" lon="12.609446"><ele>3</ele><time>2026-08-20T11:58:11.000Z</time><extensions><gpxtpx:TrackPointExtension><gpxtpx:hr>131</gpxtpx:hr></gpxtpx:TrackPointExtension></extensions></trkpt>
      <trkpt lat="55.683925" lon="12.609403"><ele>3</ele><time>2026-08-20T11:58:12.000Z</time><extensions><gpxtpx:TrackPointExtension><gpxtpx:hr>131</gpxtpx:hr></gpxtpx:TrackPointExtension></extensions></trkpt>
      <trkpt lat="55.683926" lon="12.609359"><ele>3</ele><time>2026-08-20T11:58:13.000Z</time><extensions><gpxtpx:TrackPointExtension><gpxtpx:hr>131</gpxtpx:hr></gpxtpx:TrackPointExtension></extensions></trkpt>
      <trkpt lat="55.683928" lon="12.609318"><ele>3.2</ele><time>2026-08-20T11:58:14.000Z</time><extensions><gpxtpx:TrackPointExtension><gpxtpx:hr>131</gpxtpx:hr></gpxtpx:TrackPointExtension></extensions></trkpt>
      <trkpt lat="55.683931" lon="12.609276"><ele>3.2</ele><time>2026-08-20T11:58:15.000Z</time><extensions><gpxtpx:TrackPointExtension><gpxtpx:hr>131</gpxtpx:hr></gpxtpx:TrackPointExtension></extensions></trkpt>
      <trkpt lat="55.683934" lon="12.609234"><ele>3.2</ele><time>2026-08-20T11:58:16.000Z</time><extensions><gpxtpx:TrackPointExtension><gpxtpx:hr>131</gpxtpx:hr></gpxtpx:TrackPointExtension></extensions></trkpt>
      <trkpt lat="55.683938" lon="12.60919"><ele>3</ele><time>2026-08-20T11:58:17.000Z</time><extensions><gpxtpx:TrackPointExtension><gpxtpx:hr>132</gpxtpx:hr></gpxtpx:TrackPointExtension></extensions></trkpt>
      <trkpt lat="55.683942" lon="12.609148"><ele>3</ele><time>2026-08-20T11:58:18.000Z</time><extensions><gpxtpx:TrackPointExtension><gpxtpx:hr>132</gpxtpx:hr></gpxtpx:TrackPointExtension></extensions></trkpt>
      <trkpt lat="55.683945" lon="12.609108"><ele>3</ele><time>2026-08-20T11:58:19.000Z</time><extensions><gpxtpx:TrackPointExtension><gpxtpx:hr>132</gpxtpx:hr></gpxtpx:TrackPointExtension></extensions></trkpt>
      <trkpt lat="55.683948" lon="12.609068"><ele>3</ele><time>2026-08-20T11:58:20.000Z</time><extensions><gpxtpx:TrackPointExtension><gpxtpx:hr>132</gpxtpx:hr></gpxtpx:TrackPointExtension></extensions></trkpt>
      <trkpt lat="55.683951" lon="12.609027"><ele>3</ele><time>2026-08-20T11:58:21.000Z</time><extensions><gpxtpx:TrackPointExtension><gpxtpx:hr>132</gpxtpx:hr></gpxtpx:TrackPointExtension></extensions></trkpt>
      <trkpt lat="55.683955" lon="12.608983"><ele>3</ele><time>2026-08-20T11:58:22.000Z</time><extensions><gpxtpx:TrackPointExtension><gpxtpx:hr>133</gpxtpx:hr></gpxtpx:TrackPointExtension></extensions></trkpt>
      <trkpt lat="55.68396" lon="12.608939"><ele>3</ele><time>2026-08-20T11:58:23.000Z</time><extensions><gpxtpx:TrackPointExtension><gpxtpx:hr>133</gpxtpx:hr></gpxtpx:TrackPointExtension></extensions></trkpt>
      <trkpt lat="55.683966" lon="12.608894"><ele>2.8</ele><time>2026-08-20T11:58:24.000Z</time><extensions><gpxtpx:TrackPointExtension><gpxtpx:hr>133</gpxtpx:hr></gpxtpx:TrackPointExtension></extensions></trkpt>
      <trkpt lat="55.683972" lon="12.608847"><ele>2.8</ele><time>2026-08-20T11:58:25.000Z</time><extensions><gpxtpx:TrackPointExtension><gpxtpx:hr>133</gpxtpx:hr></gpxtpx:TrackPointExtension></extensions></trkpt>
      <trkpt lat="55.683976" lon="12.608797"><ele>3</ele><time>2026-08-20T11:58:26.000Z</time><extensions><gpxtpx:TrackPointExtension><gpxtpx:hr>133</gpxtpx:hr></gpxtpx:TrackPointExtension></extensions></trkpt>
      <trkpt lat="55.683977" lon="12.608743"><ele>3</ele><time>2026-08-20T11:58:27.000Z</time><extensions><gpxtpx:TrackPointExtension><gpxtpx:hr>133</gpxtpx:hr></gpxtpx:TrackPointExtension></extensions></trkpt>
      <trkpt lat="55.683976" lon="12.608691"><ele>3</ele><time>2026-08-20T11:58:28.000Z</time><extensions><gpxtpx:TrackPointExtension><gpxtpx:hr>133</gpxtpx:hr></gpxtpx:TrackPointExtension></extensions></trkpt>
      <trkpt lat="55.683974" lon="12.608642"><ele>3</ele><time>2026-08-20T11:58:29.000Z</time><extensions><gpxtpx:TrackPointExtension><gpxtpx:hr>133</gpxtpx:hr></gpxtpx:TrackPointExtension></extensions></trkpt>
      <trkpt lat="55.683975" lon="12.608595"><ele>3</ele><time>2026-08-20T11:58:30.000Z</time><extensions><gpxtpx:TrackPointExtension><gpxtpx:hr>133</gpxtpx:hr></gpxtpx:TrackPointExtension></extensions></trkpt>
      <trkpt lat="55.683978" lon="12.60855"><ele>3</ele><time>2026-08-20T11:58:31.000Z</time><extensions><gpxtpx:TrackPointExtension><gpxtpx:hr>133</gpxtpx:hr></gpxtpx:TrackPointExtension></extensions></trkpt>
      <trkpt lat="55.683982" lon="12.608507"><ele>3</ele><time>2026-08-20T11:58:32.000Z</time><extensions><gpxtpx:TrackPointExtension><gpxtpx:hr>133</gpxtpx:hr></gpxtpx:TrackPointExtension></extensions></trkpt>
      <trkpt lat="55.683985" lon="12.608466"><ele>3</ele><time>2026-08-20T11:58:33.000Z</time><extensions><gpxtpx:TrackPointExtension><gpxtpx:hr>133</gpxtpx:hr></gpxtpx:TrackPointExtension></extensions></trkpt>
      <trkpt lat="55.683986" lon="12.608424"><ele>3</ele><time>2026-08-20T11:58:34.000Z</time><extensions><gpxtpx:TrackPointExtension><gpxtpx:hr>135</gpxtpx:hr></gpxtpx:TrackPointExtension></extensions></trkpt>
      <trkpt lat="55.683985" lon="12.608382"><ele>3.2</ele><time>2026-08-20T11:58:35.000Z</time><extensions><gpxtpx:TrackPointExtension><gpxtpx:hr>135</gpxtpx:hr></gpxtpx:TrackPointExtension></extensions></trkpt>
      <trkpt lat="55.683984" lon="12.608339"><ele>3.2</ele><time>2026-08-20T11:58:36.000Z</time><extensions><gpxtpx:TrackPointExtension><gpxtpx:hr>135</gpxtpx:hr></gpxtpx:TrackPointExtension></extensions></trkpt>
      <trkpt lat="55.683982" lon="12.608295"><ele>3.2</ele><time>2026-08-20T11:58:37.000Z</time><extensions><gpxtpx:TrackPointExtension><gpxtpx:hr>135</gpxtpx:hr></gpxtpx:TrackPointExtension></extensions></trkpt>
      <trkpt lat="55.683981" lon="12.60825"><ele>3.4</ele><time>2026-08-20T11:58:38.000Z</time><extensions><gpxtpx:TrackPointExtension><gpxtpx:hr>137</gpxtpx:hr></gpxtpx:TrackPointExtension></extensions></trkpt>
      <trkpt lat="55.68398" lon="12.608206"><ele>3.4</ele><time>2026-08-20T11:58:39.000Z</time><extensions><gpxtpx:TrackPointExtension><gpxtpx:hr>137</gpxtpx:hr></gpxtpx:TrackPointExtension></extensions></trkpt>
      <trkpt lat="55.68398" lon="12.60816"><ele>3.4</ele><time>2026-08-20T11:58:40.000Z</time><extensions><gpxtpx:TrackPointExtension><gpxtpx:hr>137</gpxtpx:hr></gpxtpx:TrackPointExtension></extensions></trkpt>
      <trkpt lat="55.683979" lon="12.608114"><ele>3.6</ele><time>2026-08-20T11:58:41.000Z</time><extensions><gpxtpx:TrackPointExtension><gpxtpx:hr>137</gpxtpx:hr></gpxtpx:TrackPointExtension></extensions></trkpt>
      <trkpt lat="55.683978" lon="12.608068"><ele>3.6</ele><time>2026-08-20T11:58:42.000Z</time><extensions><gpxtpx:TrackPointExtension><gpxtpx:hr>137</gpxtpx:hr></gpxtpx:TrackPointExtension></extensions></trkpt>
      <trkpt lat="55.683978" lon="12.608025"><ele>3.6</ele><time>2026-08-20T11:58:43.000Z</time><extensions><gpxtpx:TrackPointExtension><gpxtpx:hr>137</gpxtpx:hr></gpxtpx:TrackPointExtension></extensions></trkpt>
      <trkpt lat="55.683977" lon="12.607984"><ele>3.6</ele><time>2026-08-20T11:58:44.000Z</time><extensions><gpxtpx:TrackPointExtension><gpxtpx:hr>137</gpxtpx:hr></gpxtpx:TrackPointExtension></extensions></trkpt>
      <trkpt lat="55.683978" lon="12.607945"><ele>3.8</ele><time>2026-08-20T11:58:45.000Z</time><extensions><gpxtpx:TrackPointExtension><gpxtpx:hr>137</gpxtpx:hr></gpxtpx:TrackPointExtension></extensions></trkpt>
      <trkpt lat="55.683978" lon="12.607908"><ele>3.8</ele><time>2026-08-20T11:58:46.000Z</time><extensions><gpxtpx:TrackPointExtension><gpxtpx:hr>137</gpxtpx:hr></gpxtpx:TrackPointExtension></extensions></trkpt>
      <trkpt lat="55.683977" lon="12.607869"><ele>3.8</ele><time>2026-08-20T11:58:47.000Z</time><extensions><gpxtpx:TrackPointExtension><gpxtpx:hr>137</gpxtpx:hr></gpxtpx:TrackPointExtension></extensions></trkpt>
      <trkpt lat="55.683976" lon="12.607827"><ele>3.8</ele><time>2026-08-20T11:58:48.000Z</time><extensions><gpxtpx:TrackPointExtension><gpxtpx:hr>137</gpxtpx:hr></gpxtpx:TrackPointExtension></extensions></trkpt>
      <trkpt lat="55.683975" lon="12.607783"><ele>3.8</ele><time>2026-08-20T11:58:49.000Z</time><extensions><gpxtpx:TrackPointExtension><gpxtpx:hr>137</gpxtpx:hr></gpxtpx:TrackPointExtension></extensions></trkpt>
      <trkpt lat="55.683973" lon="12.607739"><ele>3.8</ele><time>2026-08-20T11:58:50.000Z</time><extensions><gpxtpx:TrackPointExtension><gpxtpx:hr>137</gpxtpx:hr></gpxtpx:TrackPointExtension></extensions></trkpt>
      <trkpt lat="55.683972" lon="12.607695"><ele>3.8</ele><time>2026-08-20T11:58:51.000Z</time><extensions><gpxtpx:TrackPointExtension><gpxtpx:hr>137</gpxtpx:hr></gpxtpx:TrackPointExtension></extensions></trkpt>
      <trkpt lat="55.683971" lon="12.607651"><ele>3.8</ele><time>2026-08-20T11:58:52.000Z</time><extensions><gpxtpx:TrackPointExtension><gpxtpx:hr>137</gpxtpx:hr></gpxtpx:TrackPointExtension></extensions></trkpt>
      <trkpt lat="55.68397" lon="12.607606"><ele>3.8</ele><time>2026-08-20T11:58:53.000Z</time><extensions><gpxtpx:TrackPointExtension><gpxtpx:hr>136</gpxtpx:hr></gpxtpx:TrackPointExtension></extensions></trkpt>
      <trkpt lat="55.683971" lon="12.607561"><ele>3.8</ele><time>2026-08-20T11:58:54.000Z</time><extensions><gpxtpx:TrackPointExtension><gpxtpx:hr>136</gpxtpx:hr></gpxtpx:TrackPointExtension></extensions></trkpt>
      <trkpt lat="55.683972" lon="12.607516"><ele>3.8</ele><time>2026-08-20T11:58:55.000Z</time><extensions><gpxtpx:TrackPointExtension><gpxtpx:hr>136</gpxtpx:hr></gpxtpx:TrackPointExtension></extensions></trkpt>
      <trkpt lat="55.683972" lon="12.607469"><ele>3.8</ele><time>2026-08-20T11:58:56.000Z</time><extensions><gpxtpx:TrackPointExtension><gpxtpx:hr>136</gpxtpx:hr></gpxtpx:TrackPointExtension></extensions></trkpt>
      <trkpt lat="55.68397" lon="12.607423"><ele>3.8</ele><time>2026-08-20T11:58:57.000Z</time><extensions><gpxtpx:TrackPointExtension><gpxtpx:hr>136</gpxtpx:hr></gpxtpx:TrackPointExtension></extensions></trkpt>
      <trkpt lat="55.683966" lon="12.60738"><ele>3.8</ele><time>2026-08-20T11:58:58.000Z</time><extensions><gpxtpx:TrackPointExtension><gpxtpx:hr>137</gpxtpx:hr></gpxtpx:TrackPointExtension></extensions></trkpt>
      <trkpt lat="55.683963" lon="12.607339"><ele>3.8</ele><time>2026-08-20T11:58:59.000Z</time><extensions><gpxtpx:TrackPointExtension><gpxtpx:hr>137</gpxtpx:hr></gpxtpx:TrackPointExtension></extensions></trkpt>
      <trkpt lat="55.683959" lon="12.6073"><ele>4</ele><time>2026-08-20T11:59:00.000Z</time><extensions><gpxtpx:TrackPointExtension><gpxtpx:hr>137</gpxtpx:hr></gpxtpx:TrackPointExtension></extensions></trkpt>
      <trkpt lat="55.683956" lon="12.607261"><ele>4</ele><time>2026-08-20T11:59:01.000Z</time><extensions><gpxtpx:TrackPointExtension><gpxtpx:hr>137</gpxtpx:hr></gpxtpx:TrackPointExtension></extensions></trkpt>
      <trkpt lat="55.683953" lon="12.607222"><ele>4</ele><time>2026-08-20T11:59:02.000Z</time><extensions><gpxtpx:TrackPointExtension><gpxtpx:hr>137</gpxtpx:hr></gpxtpx:TrackPointExtension></extensions></trkpt>
      <trkpt lat="55.683948" lon="12.607184"><ele>4</ele><time>2026-08-20T11:59:03.000Z</time><extensions><gpxtpx:TrackPointExtension><gpxtpx:hr>137</gpxtpx:hr></gpxtpx:TrackPointExtension></extensions></trkpt>
      <trkpt lat="55.683942" lon="12.607148"><ele>4</ele><time>2026-08-20T11:59:04.000Z</time><extensions><gpxtpx:TrackPointExtension><gpxtpx:hr>137</gpxtpx:hr></gpxtpx:TrackPointExtension></extensions></trkpt>
      <trkpt lat="55.683933" lon="12.607113"><ele>4.2</ele><time>2026-08-20T11:59:05.000Z</time><extensions><gpxtpx:TrackPointExtension><gpxtpx:hr>138</gpxtpx:hr></gpxtpx:TrackPointExtension></extensions></trkpt>
      <trkpt lat="55.683922" lon="12.60708"><ele>4.2</ele><time>2026-08-20T11:59:06.000Z</time><extensions><gpxtpx:TrackPointExtension><gpxtpx:hr>138</gpxtpx:hr></gpxtpx:TrackPointExtension></extensions></trkpt>
      <trkpt lat="55.683906" lon="12.607052"><ele>4.2</ele><time>2026-08-20T11:59:07.000Z</time><extensions><gpxtpx:TrackPointExtension><gpxtpx:hr>138</gpxtpx:hr></gpxtpx:TrackPointExtension></extensions></trkpt>
      <trkpt lat="55.683888" lon="12.607028"><ele>4.4</ele><time>2026-08-20T11:59:08.000Z</time><extensions><gpxtpx:TrackPointExtension><gpxtpx:hr>138</gpxtpx:hr></gpxtpx:TrackPointExtension></extensions></trkpt>
      <trkpt lat="55.683869" lon="12.60701"><ele>4.4</ele><time>2026-08-20T11:59:09.000Z</time><extensions><gpxtpx:TrackPointExtension><gpxtpx:hr>138</gpxtpx:hr></gpxtpx:TrackPointExtension></extensions></trkpt>
      <trkpt lat="55.683849" lon="12.606994"><ele>4.4</ele><time>2026-08-20T11:59:10.000Z</time><extensions><gpxtpx:TrackPointExtension><gpxtpx:hr>138</gpxtpx:hr></gpxtpx:TrackPointExtension></extensions></trkpt>
      <trkpt lat="55.683828" lon="12.60698"><ele>4.4</ele><time>2026-08-20T11:59:11.000Z</time><extensions><gpxtpx:TrackPointExtension><gpxtpx:hr>138</gpxtpx:hr></gpxtpx:TrackPointExtension></extensions></trkpt>
      <trkpt lat="55.683807" lon="12.606966"><ele>4.4</ele><time>2026-08-20T11:59:12.000Z</time><extensions><gpxtpx:TrackPointExtension><gpxtpx:hr>138</gpxtpx:hr></gpxtpx:TrackPointExtension></extensions></trkpt>
      <trkpt lat="55.683786" lon="12.606952"><ele>4.4</ele><time>2026-08-20T11:59:13.000Z</time><extensions><gpxtpx:TrackPointExtension><gpxtpx:hr>138</gpxtpx:hr></gpxtpx:TrackPointExtension></extensions></trkpt>
      <trkpt lat="55.683764" lon="12.606938"><ele>4.4</ele><time>2026-08-20T11:59:14.000Z</time><extensions><gpxtpx:TrackPointExtension><gpxtpx:hr>138</gpxtpx:hr></gpxtpx:TrackPointExtension></extensions></trkpt>
      <trkpt lat="55.683744" lon="12.606924"><ele>4.4</ele><time>2026-08-20T11:59:15.000Z</time><extensions><gpxtpx:TrackPointExtension><gpxtpx:hr>138</gpxtpx:hr></gpxtpx:TrackPointExtension></extensions></trkpt>
      <trkpt lat="55.683723" lon="12.606908"><ele>4.4</ele><time>2026-08-20T11:59:16.000Z</time><extensions><gpxtpx:TrackPointExtension><gpxtpx:hr>138</gpxtpx:hr></gpxtpx:TrackPointExtension></extensions></trkpt>
      <trkpt lat="55.683702" lon="12.606891"><ele>4.4</ele><time>2026-08-20T11:59:17.000Z</time><extensions><gpxtpx:TrackPointExtension><gpxtpx:hr>138</gpxtpx:hr></gpxtpx:TrackPointExtension></extensions></trkpt>
      <trkpt lat="55.68368" lon="12.606873"><ele>4.4</ele><time>2026-08-20T11:59:18.000Z</time><extensions><gpxtpx:TrackPointExtension><gpxtpx:hr>138</gpxtpx:hr></gpxtpx:TrackPointExtension></extensions></trkpt>
      <trkpt lat="55.683659" lon="12.606855"><ele>4.4</ele><time>2026-08-20T11:59:19.000Z</time><extensions><gpxtpx:TrackPointExtension><gpxtpx:hr>140</gpxtpx:hr></gpxtpx:TrackPointExtension></extensions></trkpt>
      <trkpt lat="55.683638" lon="12.606836"><ele>4.4</ele><time>2026-08-20T11:59:20.000Z</time><extensions><gpxtpx:TrackPointExtension><gpxtpx:hr>140</gpxtpx:hr></gpxtpx:TrackPointExtension></extensions></trkpt>
      <trkpt lat="55.683617" lon="12.606817"><ele>4.4</ele><time>2026-08-20T11:59:21.000Z</time><extensions><gpxtpx:TrackPointExtension><gpxtpx:hr>140</gpxtpx:hr></gpxtpx:TrackPointExtension></extensions></trkpt>
      <trkpt lat="55.683596" lon="12.606797"><ele>4.4</ele><time>2026-08-20T11:59:22.000Z</time><extensions><gpxtpx:TrackPointExtension><gpxtpx:hr>140</gpxtpx:hr></gpxtpx:TrackPointExtension></extensions></trkpt>
      <trkpt lat="55.683575" lon="12.606778"><ele>4.4</ele><time>2026-08-20T11:59:23.000Z</time><extensions><gpxtpx:TrackPointExtension><gpxtpx:hr>141</gpxtpx:hr></gpxtpx:TrackPointExtension></extensions></trkpt>
      <trkpt lat="55.683554" lon="12.606759"><ele>4.4</ele><time>2026-08-20T11:59:24.000Z</time><extensions><gpxtpx:TrackPointExtension><gpxtpx:hr>141</gpxtpx:hr></gpxtpx:TrackPointExtension></extensions></trkpt>
      <trkpt lat="55.683532" lon="12.606739"><ele>4.4</ele><time>2026-08-20T11:59:25.000Z</time><extensions><gpxtpx:TrackPointExtension><gpxtpx:hr>141</gpxtpx:hr></gpxtpx:TrackPointExtension></extensions></trkpt>
      <trkpt lat="55.68351" lon="12.606719"><ele>4.4</ele><time>2026-08-20T11:59:26.000Z</time><extensions><gpxtpx:TrackPointExtension><gpxtpx:hr>141</gpxtpx:hr></gpxtpx:TrackPointExtension></extensions></trkpt>
      <trkpt lat="55.683488" lon="12.6067"><ele>4.6</ele><time>2026-08-20T11:59:27.000Z</time><extensions><gpxtpx:TrackPointExtension><gpxtpx:hr>141</gpxtpx:hr></gpxtpx:TrackPointExtension></extensions></trkpt>
      <trkpt lat="55.683466" lon="12.606681"><ele>4.6</ele><time>2026-08-20T11:59:28.000Z</time><extensions><gpxtpx:TrackPointExtension><gpxtpx:hr>141</gpxtpx:hr></gpxtpx:TrackPointExtension></extensions></trkpt>
      <trkpt lat="55.683444" lon="12.606663"><ele>4.6</ele><time>2026-08-20T11:59:29.000Z</time><extensions><gpxtpx:TrackPointExtension><gpxtpx:hr>141</gpxtpx:hr></gpxtpx:TrackPointExtension></extensions></trkpt>
      <trkpt lat="55.683423" lon="12.606644"><ele>4.6</ele><time>2026-08-20T11:59:30.000Z</time><extensions><gpxtpx:TrackPointExtension><gpxtpx:hr>141</gpxtpx:hr></gpxtpx:TrackPointExtension></extensions></trkpt>
      <trkpt lat="55.683401" lon="12.606625"><ele>4.6</ele><time>2026-08-20T11:59:31.000Z</time><extensions><gpxtpx:TrackPointExtension><gpxtpx:hr>141</gpxtpx:hr></gpxtpx:TrackPointExtension></extensions></trkpt>
      <trkpt lat="55.68338" lon="12.606606"><ele>4.6</ele><time>2026-08-20T11:59:32.000Z</time><extensions><gpxtpx:TrackPointExtension><gpxtpx:hr>141</gpxtpx:hr></gpxtpx:TrackPointExtension></extensions></trkpt>
      <trkpt lat="55.683358" lon="12.606589"><ele>4.6</ele><time>2026-08-20T11:59:33.000Z</time><extensions><gpxtpx:TrackPointExtension><gpxtpx:hr>141</gpxtpx:hr></gpxtpx:TrackPointExtension></extensions></trkpt>
      <trkpt lat="55.683337" lon="12.60657"><ele>4.6</ele><time>2026-08-20T11:59:34.000Z</time><extensions><gpxtpx:TrackPointExtension><gpxtpx:hr>141</gpxtpx:hr></gpxtpx:TrackPointExtension></extensions></trkpt>
      <trkpt lat="55.683316" lon="12.606552"><ele>4.6</ele><time>2026-08-20T11:59:35.000Z</time><extensions><gpxtpx:TrackPointExtension><gpxtpx:hr>141</gpxtpx:hr></gpxtpx:TrackPointExtension></extensions></trkpt>
      <trkpt lat="55.683294" lon="12.606536"><ele>4.6</ele><time>2026-08-20T11:59:36.000Z</time><extensions><gpxtpx:TrackPointExtension><gpxtpx:hr>141</gpxtpx:hr></gpxtpx:TrackPointExtension></extensions></trkpt>
      <trkpt lat="55.683273" lon="12.606523"><ele>4.4</ele><time>2026-08-20T11:59:37.000Z</time><extensions><gpxtpx:TrackPointExtension><gpxtpx:hr>141</gpxtpx:hr></gpxtpx:TrackPointExtension></extensions></trkpt>
      <trkpt lat="55.683251" lon="12.606516"><ele>4.4</ele><time>2026-08-20T11:59:38.000Z</time><extensions><gpxtpx:TrackPointExtension><gpxtpx:hr>141</gpxtpx:hr></gpxtpx:TrackPointExtension></extensions></trkpt>
      <trkpt lat="55.683228" lon="12.606515"><ele>4.4</ele><time>2026-08-20T11:59:39.000Z</time><extensions><gpxtpx:TrackPointExtension><gpxtpx:hr>141</gpxtpx:hr></gpxtpx:TrackPointExtension></extensions></trkpt>
      <trkpt lat="55.683203" lon="12.606517"><ele>4.4</ele><time>2026-08-20T11:59:40.000Z</time><extensions><gpxtpx:TrackPointExtension><gpxtpx:hr>141</gpxtpx:hr></gpxtpx:TrackPointExtension></extensions></trkpt>
      <trkpt lat="55.683178" lon="12.606516"><ele>4.4</ele><time>2026-08-20T11:59:41.000Z</time><extensions><gpxtpx:TrackPointExtension><gpxtpx:hr>141</gpxtpx:hr></gpxtpx:TrackPointExtension></extensions></trkpt>
      <trkpt lat="55.683152" lon="12.606508"><ele>4.4</ele><time>2026-08-20T11:59:42.000Z</time><extensions><gpxtpx:TrackPointExtension><gpxtpx:hr>141</gpxtpx:hr></gpxtpx:TrackPointExtension></extensions></trkpt>
      <trkpt lat="55.683128" lon="12.606495"><ele>4.2</ele><time>2026-08-20T11:59:43.000Z</time><extensions><gpxtpx:TrackPointExtension><gpxtpx:hr>141</gpxtpx:hr></gpxtpx:TrackPointExtension></extensions></trkpt>
      <trkpt lat="55.683104" lon="12.606478"><ele>4.2</ele><time>2026-08-20T11:59:44.000Z</time><extensions><gpxtpx:TrackPointExtension><gpxtpx:hr>141</gpxtpx:hr></gpxtpx:TrackPointExtension></extensions></trkpt>
      <trkpt lat="55.683082" lon="12.606462"><ele>4.2</ele><time>2026-08-20T11:59:45.000Z</time><extensions><gpxtpx:TrackPointExtension><gpxtpx:hr>141</gpxtpx:hr></gpxtpx:TrackPointExtension></extensions></trkpt>
      <trkpt lat="55.683061" lon="12.606447"><ele>4.2</ele><time>2026-08-20T11:59:46.000Z</time><extensions><gpxtpx:TrackPointExtension><gpxtpx:hr>141</gpxtpx:hr></gpxtpx:TrackPointExtension></extensions></trkpt>
      <trkpt lat="55.68304" lon="12.60643"><ele>4.2</ele><time>2026-08-20T11:59:47.000Z</time><extensions><gpxtpx:TrackPointExtension><gpxtpx:hr>141</gpxtpx:hr></gpxtpx:TrackPointExtension></extensions></trkpt>
      <trkpt lat="55.683019" lon="12.606411"><ele>4</ele><time>2026-08-20T11:59:48.000Z</time><extensions><gpxtpx:TrackPointExtension><gpxtpx:hr>141</gpxtpx:hr></gpxtpx:TrackPointExtension></extensions></trkpt>
      <trkpt lat="55.682997" lon="12.60639"><ele>4</ele><time>2026-08-20T11:59:49.000Z</time><extensions><gpxtpx:TrackPointExtension><gpxtpx:hr>141</gpxtpx:hr></gpxtpx:TrackPointExtension></extensions></trkpt>
      <trkpt lat="55.682974" lon="12.606371"><ele>4</ele><time>2026-08-20T11:59:50.000Z</time><extensions><gpxtpx:TrackPointExtension><gpxtpx:hr>139</gpxtpx:hr></gpxtpx:TrackPointExtension></extensions></trkpt>
      <trkpt lat="55.682951" lon="12.606355"><ele>4</ele><time>2026-08-20T11:59:51.000Z</time><extensions><gpxtpx:TrackPointExtension><gpxtpx:hr>139</gpxtpx:hr></gpxtpx:TrackPointExtension></extensions></trkpt>
      <trkpt lat="55.682927" lon="12.606339"><ele>4</ele><time>2026-08-20T11:59:52.000Z</time><extensions><gpxtpx:TrackPointExtension><gpxtpx:hr>139</gpxtpx:hr></gpxtpx:TrackPointExtension></extensions></trkpt>
      <trkpt lat="55.682902" lon="12.606323"><ele>4</ele><time>2026-08-20T11:59:53.000Z</time><extensions><gpxtpx:TrackPointExtension><gpxtpx:hr>139</gpxtpx:hr></gpxtpx:TrackPointExtension></extensions></trkpt>
      <trkpt lat="55.682879" lon="12.606308"><ele>4</ele><time>2026-08-20T11:59:54.000Z</time><extensions><gpxtpx:TrackPointExtension><gpxtpx:hr>139</gpxtpx:hr></gpxtpx:TrackPointExtension></extensions></trkpt>
      <trkpt lat="55.682855" lon="12.606293"><ele>4</ele><time>2026-08-20T11:59:55.000Z</time><extensions><gpxtpx:TrackPointExtension><gpxtpx:hr>139</gpxtpx:hr></gpxtpx:TrackPointExtension></extensions></trkpt>
      <trkpt lat="55.682833" lon="12.606278"><ele>4</ele><time>2026-08-20T11:59:56.000Z</time><extensions><gpxtpx:TrackPointExtension><gpxtpx:hr>139</gpxtpx:hr></gpxtpx:TrackPointExtension></extensions></trkpt>
      <trkpt lat="55.682811" lon="12.606264"><ele>3.8</ele><time>2026-08-20T11:59:57.000Z</time><extensions><gpxtpx:TrackPointExtension><gpxtpx:hr>139</gpxtpx:hr></gpxtpx:TrackPointExtension></extensions></trkpt>
      <trkpt lat="55.682789" lon="12.606251"><ele>3.8</ele><time>2026-08-20T11:59:58.000Z</time><extensions><gpxtpx:TrackPointExtension><gpxtpx:hr>139</gpxtpx:hr></gpxtpx:TrackPointExtension></extensions></trkpt>
      <trkpt lat="55.682767" lon="12.606237"><ele>3.8</ele><time>2026-08-20T11:59:59.000Z</time><extensions><gpxtpx:TrackPointExtension><gpxtpx:hr>139</gpxtpx:hr></gpxtpx:TrackPointExtension></extensions></trkpt>
      <trkpt lat="55.682745" lon="12.606221"><ele>3.8</ele><time>2026-08-20T12:00:00.000Z</time><extensions><gpxtpx:TrackPointExtension><gpxtpx:hr>140</gpxtpx:hr></gpxtpx:TrackPointExtension></extensions></trkpt>
      <trkpt lat="55.682724" lon="12.606206"><ele>3.8</ele><time>2026-08-20T12:00:01.000Z</time><extensions><gpxtpx:TrackPointExtension><gpxtpx:hr>140</gpxtpx:hr></gpxtpx:TrackPointExtension></extensions></trkpt>
      <trkpt lat="55.682703" lon="12.606191"><ele>3.8</ele><time>2026-08-20T12:00:02.000Z</time><extensions><gpxtpx:TrackPointExtension><gpxtpx:hr>140</gpxtpx:hr></gpxtpx:TrackPointExtension></extensions></trkpt>
      <trkpt lat="55.682683" lon="12.606176"><ele>3.8</ele><time>2026-08-20T12:00:03.000Z</time><extensions><gpxtpx:TrackPointExtension><gpxtpx:hr>140</gpxtpx:hr></gpxtpx:TrackPointExtension></extensions></trkpt>
      <trkpt lat="55.682665" lon="12.60616"><ele>3.8</ele><time>2026-08-20T12:00:04.000Z</time><extensions><gpxtpx:TrackPointExtension><gpxtpx:hr>140</gpxtpx:hr></gpxtpx:TrackPointExtension></extensions></trkpt>
      <trkpt lat="55.682646" lon="12.606143"><ele>3.8</ele><time>2026-08-20T12:00:05.000Z</time><extensions><gpxtpx:TrackPointExtension><gpxtpx:hr>140</gpxtpx:hr></gpxtpx:TrackPointExtension></extensions></trkpt>
      <trkpt lat="55.682626" lon="12.606126"><ele>3.8</ele><time>2026-08-20T12:00:06.000Z</time><extensions><gpxtpx:TrackPointExtension><gpxtpx:hr>140</gpxtpx:hr></gpxtpx:TrackPointExtension></extensions></trkpt>
      <trkpt lat="55.682606" lon="12.606109"><ele>3.8</ele><time>2026-08-20T12:00:07.000Z</time><extensions><gpxtpx:TrackPointExtension><gpxtpx:hr>140</gpxtpx:hr></gpxtpx:TrackPointExtension></extensions></trkpt>
      <trkpt lat="55.682586" lon="12.606092"><ele>3.8</ele><time>2026-08-20T12:00:08.000Z</time><extensions><gpxtpx:TrackPointExtension><gpxtpx:hr>140</gpxtpx:hr></gpxtpx:TrackPointExtension></extensions></trkpt>
      <trkpt lat="55.682566" lon="12.606076"><ele>3.8</ele><time>2026-08-20T12:00:09.000Z</time><extensions><gpxtpx:TrackPointExtension><gpxtpx:hr>140</gpxtpx:hr></gpxtpx:TrackPointExtension></extensions></trkpt>
      <trkpt lat="55.682545" lon="12.606059"><ele>3.8</ele><time>2026-08-20T12:00:10.000Z</time><extensions><gpxtpx:TrackPointExtension><gpxtpx:hr>140</gpxtpx:hr></gpxtpx:TrackPointExtension></extensions></trkpt>
      <trkpt lat="55.682526" lon="12.606041"><ele>3.8</ele><time>2026-08-20T12:00:11.000Z</time><extensions><gpxtpx:TrackPointExtension><gpxtpx:hr>140</gpxtpx:hr></gpxtpx:TrackPointExtension></extensions></trkpt>
      <trkpt lat="55.682507" lon="12.60602"><ele>3.8</ele><time>2026-08-20T12:00:12.000Z</time><extensions><gpxtpx:TrackPointExtension><gpxtpx:hr>140</gpxtpx:hr></gpxtpx:TrackPointExtension></extensions></trkpt>
      <trkpt lat="55.68249" lon="12.605996"><ele>3.8</ele><time>2026-08-20T12:00:13.000Z</time><extensions><gpxtpx:TrackPointExtension><gpxtpx:hr>140</gpxtpx:hr></gpxtpx:TrackPointExtension></extensions></trkpt>
      <trkpt lat="55.682474" lon="12.605968"><ele>4</ele><time>2026-08-20T12:00:14.000Z</time><extensions><gpxtpx:TrackPointExtension><gpxtpx:hr>140</gpxtpx:hr></gpxtpx:TrackPointExtension></extensions></trkpt>
      <trkpt lat="55.682461" lon="12.605934"><ele>4</ele><time>2026-08-20T12:00:15.000Z</time><extensions><gpxtpx:TrackPointExtension><gpxtpx:hr>140</gpxtpx:hr></gpxtpx:TrackPointExtension></extensions></trkpt>
      <trkpt lat="55.682453" lon="12.605893"><ele>4</ele><time>2026-08-20T12:00:16.000Z</time><extensions><gpxtpx:TrackPointExtension><gpxtpx:hr>140</gpxtpx:hr></gpxtpx:TrackPointExtension></extensions></trkpt>
      <trkpt lat="55.68245" lon="12.605846"><ele>4</ele><time>2026-08-20T12:00:17.000Z</time><extensions><gpxtpx:TrackPointExtension><gpxtpx:hr>140</gpxtpx:hr></gpxtpx:TrackPointExtension></extensions></trkpt>
      <trkpt lat="55.682452" lon="12.605795"><ele>4</ele><time>2026-08-20T12:00:18.000Z</time><extensions><gpxtpx:TrackPointExtension><gpxtpx:hr>139</gpxtpx:hr></gpxtpx:TrackPointExtension></extensions></trkpt>
      <trkpt lat="55.682458" lon="12.605744"><ele>4</ele><time>2026-08-20T12:00:19.000Z</time><extensions><gpxtpx:TrackPointExtension><gpxtpx:hr>139</gpxtpx:hr></gpxtpx:TrackPointExtension></extensions></trkpt>
      <trkpt lat="55.682468" lon="12.605691"><ele>4</ele><time>2026-08-20T12:00:20.000Z</time><extensions><gpxtpx:TrackPointExtension><gpxtpx:hr>139</gpxtpx:hr></gpxtpx:TrackPointExtension></extensions></trkpt>
      <trkpt lat="55.682479" lon="12.605641"><ele>3.8</ele><time>2026-08-20T12:00:21.000Z</time><extensions><gpxtpx:TrackPointExtension><gpxtpx:hr>139</gpxtpx:hr></gpxtpx:TrackPointExtension></extensions></trkpt>
      <trkpt lat="55.682492" lon="12.605593"><ele>3.8</ele><time>2026-08-20T12:00:22.000Z</time><extensions><gpxtpx:TrackPointExtension><gpxtpx:hr>139</gpxtpx:hr></gpxtpx:TrackPointExtension></extensions></trkpt>
      <trkpt lat="55.682508" lon="12.605547"><ele>3.8</ele><time>2026-08-20T12:00:23.000Z</time><extensions><gpxtpx:TrackPointExtension><gpxtpx:hr>139</gpxtpx:hr></gpxtpx:TrackPointExtension></extensions></trkpt>
      <trkpt lat="55.682524" lon="12.605503"><ele>3.8</ele><time>2026-08-20T12:00:24.000Z</time><extensions><gpxtpx:TrackPointExtension><gpxtpx:hr>139</gpxtpx:hr></gpxtpx:TrackPointExtension></extensions></trkpt>
      <trkpt lat="55.682539" lon="12.605459"><ele>3.8</ele><time>2026-08-20T12:00:25.000Z</time><extensions><gpxtpx:TrackPointExtension><gpxtpx:hr>139</gpxtpx:hr></gpxtpx:TrackPointExtension></extensions></trkpt>
      <trkpt lat="55.682554" lon="12.605414"><ele>3.8</ele><time>2026-08-20T12:00:26.000Z</time><extensions><gpxtpx:TrackPointExtension><gpxtpx:hr>139</gpxtpx:hr></gpxtpx:TrackPointExtension></extensions></trkpt>
      <trkpt lat="55.682567" lon="12.605367"><ele>3.8</ele><time>2026-08-20T12:00:27.000Z</time><extensions><gpxtpx:TrackPointExtension><gpxtpx:hr>139</gpxtpx:hr></gpxtpx:TrackPointExtension></extensions></trkpt>
      <trkpt lat="55.682581" lon="12.60532"><ele>3.8</ele><time>2026-08-20T12:00:28.000Z</time><extensions><gpxtpx:TrackPointExtension><gpxtpx:hr>139</gpxtpx:hr></gpxtpx:TrackPointExtension></extensions></trkpt>
      <trkpt lat="55.682594" lon="12.605272"><ele>3.8</ele><time>2026-08-20T12:00:29.000Z</time><extensions><gpxtpx:TrackPointExtension><gpxtpx:hr>141</gpxtpx:hr></gpxtpx:TrackPointExtension></extensions></trkpt>
      <trkpt lat="55.682605" lon="12.605225"><ele>3.8</ele><time>2026-08-20T12:00:30.000Z</time><extensions><gpxtpx:TrackPointExtension><gpxtpx:hr>141</gpxtpx:hr></gpxtpx:TrackPointExtension></extensions></trkpt>
      <trkpt lat="55.682616" lon="12.60518"><ele>3.8</ele><time>2026-08-20T12:00:31.000Z</time><extensions><gpxtpx:TrackPointExtension><gpxtpx:hr>141</gpxtpx:hr></gpxtpx:TrackPointExtension></extensions></trkpt>
      <trkpt lat="55.682625" lon="12.605136"><ele>3.8</ele><time>2026-08-20T12:00:32.000Z</time><extensions><gpxtpx:TrackPointExtension><gpxtpx:hr>142</gpxtpx:hr></gpxtpx:TrackPointExtension></extensions></trkpt>
      <trkpt lat="55.682634" lon="12.605094"><ele>3.8</ele><time>2026-08-20T12:00:33.000Z</time><extensions><gpxtpx:TrackPointExtension><gpxtpx:hr>142</gpxtpx:hr></gpxtpx:TrackPointExtension></extensions></trkpt>
      <trkpt lat="55.682643" lon="12.605052"><ele>3.8</ele><time>2026-08-20T12:00:34.000Z</time><extensions><gpxtpx:TrackPointExtension><gpxtpx:hr>142</gpxtpx:hr></gpxtpx:TrackPointExtension></extensions></trkpt>
      <trkpt lat="55.682652" lon="12.60501"><ele>3.8</ele><time>2026-08-20T12:00:35.000Z</time><extensions><gpxtpx:TrackPointExtension><gpxtpx:hr>142</gpxtpx:hr></gpxtpx:TrackPointExtension></extensions></trkpt>
      <trkpt lat="55.682661" lon="12.604972"><ele>3.6</ele><time>2026-08-20T12:00:36.000Z</time><extensions><gpxtpx:TrackPointExtension><gpxtpx:hr>142</gpxtpx:hr></gpxtpx:TrackPointExtension></extensions></trkpt>
      <trkpt lat="55.682671" lon="12.604934"><ele>3.6</ele><time>2026-08-20T12:00:37.000Z</time><extensions><gpxtpx:TrackPointExtension><gpxtpx:hr>142</gpxtpx:hr></gpxtpx:TrackPointExtension></extensions></trkpt>
      <trkpt lat="55.682681" lon="12.604897"><ele>3.6</ele><time>2026-08-20T12:00:38.000Z</time><extensions><gpxtpx:TrackPointExtension><gpxtpx:hr>142</gpxtpx:hr></gpxtpx:TrackPointExtension></extensions></trkpt>
      <trkpt lat="55.682691" lon="12.60486"><ele>3.6</ele><time>2026-08-20T12:00:39.000Z</time><extensions><gpxtpx:TrackPointExtension><gpxtpx:hr>142</gpxtpx:hr></gpxtpx:TrackPointExtension></extensions></trkpt>
      <trkpt lat="55.682703" lon="12.60482"><ele>3.6</ele><time>2026-08-20T12:00:40.000Z</time><extensions><gpxtpx:TrackPointExtension><gpxtpx:hr>143</gpxtpx:hr></gpxtpx:TrackPointExtension></extensions></trkpt>
      <trkpt lat="55.682714" lon="12.60478"><ele>3.6</ele><time>2026-08-20T12:00:41.000Z</time><extensions><gpxtpx:TrackPointExtension><gpxtpx:hr>143</gpxtpx:hr></gpxtpx:TrackPointExtension></extensions></trkpt>
      <trkpt lat="55.682724" lon="12.604741"><ele>3.6</ele><time>2026-08-20T12:00:42.000Z</time><extensions><gpxtpx:TrackPointExtension><gpxtpx:hr>143</gpxtpx:hr></gpxtpx:TrackPointExtension></extensions></trkpt>
      <trkpt lat="55.682733" lon="12.604701"><ele>3.6</ele><time>2026-08-20T12:00:43.000Z</time><extensions><gpxtpx:TrackPointExtension><gpxtpx:hr>143</gpxtpx:hr></gpxtpx:TrackPointExtension></extensions></trkpt>
      <trkpt lat="55.682743" lon="12.604661"><ele>3.6</ele><time>2026-08-20T12:00:44.000Z</time><extensions><gpxtpx:TrackPointExtension><gpxtpx:hr>143</gpxtpx:hr></gpxtpx:TrackPointExtension></extensions></trkpt>
      <trkpt lat="55.682751" lon="12.604622"><ele>3.6</ele><time>2026-08-20T12:00:45.000Z</time><extensions><gpxtpx:TrackPointExtension><gpxtpx:hr>143</gpxtpx:hr></gpxtpx:TrackPointExtension></extensions></trkpt>
      <trkpt lat="55.682759" lon="12.604584"><ele>3.6</ele><time>2026-08-20T12:00:46.000Z</time><extensions><gpxtpx:TrackPointExtension><gpxtpx:hr>143</gpxtpx:hr></gpxtpx:TrackPointExtension></extensions></trkpt>
      <trkpt lat="55.682767" lon="12.604546"><ele>3.6</ele><time>2026-08-20T12:00:47.000Z</time><extensions><gpxtpx:TrackPointExtension><gpxtpx:hr>143</gpxtpx:hr></gpxtpx:TrackPointExtension></extensions></trkpt>
      <trkpt lat="55.682776" lon="12.604509"><ele>3.6</ele><time>2026-08-20T12:00:48.000Z</time><extensions><gpxtpx:TrackPointExtension><gpxtpx:hr>143</gpxtpx:hr></gpxtpx:TrackPointExtension></extensions></trkpt>
      <trkpt lat="55.682785" lon="12.604473"><ele>3.6</ele><time>2026-08-20T12:00:49.000Z</time><extensions><gpxtpx:TrackPointExtension><gpxtpx:hr>143</gpxtpx:hr></gpxtpx:TrackPointExtension></extensions></trkpt>
      <trkpt lat="55.682794" lon="12.604439"><ele>3.6</ele><time>2026-08-20T12:00:50.000Z</time><extensions><gpxtpx:TrackPointExtension><gpxtpx:hr>141</gpxtpx:hr></gpxtpx:TrackPointExtension></extensions></trkpt>
      <trkpt lat="55.682803" lon="12.604403"><ele>3.6</ele><time>2026-08-20T12:00:51.000Z</time><extensions><gpxtpx:TrackPointExtension><gpxtpx:hr>142</gpxtpx:hr></gpxtpx:TrackPointExtension></extensions></trkpt>
      <trkpt lat="55.682812" lon="12.604367"><ele>3.6</ele><time>2026-08-20T12:00:52.000Z</time><extensions><gpxtpx:TrackPointExtension><gpxtpx:hr>142</gpxtpx:hr></gpxtpx:TrackPointExtension></extensions></trkpt>
      <trkpt lat="55.682821" lon="12.60433"><ele>3.6</ele><time>2026-08-20T12:00:53.000Z</time><extensions><gpxtpx:TrackPointExtension><gpxtpx:hr>142</gpxtpx:hr></gpxtpx:TrackPointExtension></extensions></trkpt>
      <trkpt lat="55.68283" lon="12.604293"><ele>3.6</ele><time>2026-08-20T12:00:54.000Z</time><extensions><gpxtpx:TrackPointExtension><gpxtpx:hr>142</gpxtpx:hr></gpxtpx:TrackPointExtension></extensions></trkpt>
      <trkpt lat="55.682838" lon="12.604254"><ele>3.6</ele><time>2026-08-20T12:00:55.000Z</time><extensions><gpxtpx:TrackPointExtension><gpxtpx:hr>142</gpxtpx:hr></gpxtpx:TrackPointExtension></extensions></trkpt>
      <trkpt lat="55.682846" lon="12.604214"><ele>3.6</ele><time>2026-08-20T12:00:56.000Z</time><extensions><gpxtpx:TrackPointExtension><gpxtpx:hr>142</gpxtpx:hr></gpxtpx:TrackPointExtension></extensions></trkpt>
      <trkpt lat="55.682852" lon="12.604174"><ele>3.6</ele><time>2026-08-20T12:00:57.000Z</time><extensions><gpxtpx:TrackPointExtension><gpxtpx:hr>142</gpxtpx:hr></gpxtpx:TrackPointExtension></extensions></trkpt>
      <trkpt lat="55.682858" lon="12.604134"><ele>3.6</ele><time>2026-08-20T12:00:58.000Z</time><extensions><gpxtpx:TrackPointExtension><gpxtpx:hr>142</gpxtpx:hr></gpxtpx:TrackPointExtension></extensions></trkpt>
      <trkpt lat="55.682865" lon="12.604096"><ele>3.6</ele><time>2026-08-20T12:00:59.000Z</time><extensions><gpxtpx:TrackPointExtension><gpxtpx:hr>142</gpxtpx:hr></gpxtpx:TrackPointExtension></extensions></trkpt>
      <trkpt lat="55.682874" lon="12.604059"><ele>3.6</ele><time>2026-08-20T12:01:00.000Z</time><extensions><gpxtpx:TrackPointExtension><gpxtpx:hr>141</gpxtpx:hr></gpxtpx:TrackPointExtension></extensions></trkpt>
      <trkpt lat="55.682883" lon="12.604023"><ele>3.6</ele><time>2026-08-20T12:01:01.000Z</time><extensions><gpxtpx:TrackPointExtension><gpxtpx:hr>141</gpxtpx:hr></gpxtpx:TrackPointExtension></extensions></trkpt>
      <trkpt lat="55.682894" lon="12.603988"><ele>3.6</ele><time>2026-08-20T12:01:02.000Z</time><extensions><gpxtpx:TrackPointExtension><gpxtpx:hr>141</gpxtpx:hr></gpxtpx:TrackPointExtension></extensions></trkpt>
      <trkpt lat="55.682904" lon="12.603954"><ele>3.6</ele><time>2026-08-20T12:01:03.000Z</time><extensions><gpxtpx:TrackPointExtension><gpxtpx:hr>141</gpxtpx:hr></gpxtpx:TrackPointExtension></extensions></trkpt>
      <trkpt lat="55.682914" lon="12.603922"><ele>3.6</ele><time>2026-08-20T12:01:04.000Z</time><extensions><gpxtpx:TrackPointExtension><gpxtpx:hr>141</gpxtpx:hr></gpxtpx:TrackPointExtension></extensions></trkpt>
      <trkpt lat="55.682924" lon="12.60389"><ele>3.6</ele><time>2026-08-20T12:01:05.000Z</time><extensions><gpxtpx:TrackPointExtension><gpxtpx:hr>141</gpxtpx:hr></gpxtpx:TrackPointExtension></extensions></trkpt>
      <trkpt lat="55.682935" lon="12.603858"><ele>3.6</ele><time>2026-08-20T12:01:06.000Z</time><extensions><gpxtpx:TrackPointExtension><gpxtpx:hr>141</gpxtpx:hr></gpxtpx:TrackPointExtension></extensions></trkpt>
      <trkpt lat="55.682946" lon="12.603825"><ele>3.6</ele><time>2026-08-20T12:01:07.000Z</time><extensions><gpxtpx:TrackPointExtension><gpxtpx:hr>141</gpxtpx:hr></gpxtpx:TrackPointExtension></extensions></trkpt>
      <trkpt lat="55.682957" lon="12.603793"><ele>3.6</ele><time>2026-08-20T12:01:08.000Z</time><extensions><gpxtpx:TrackPointExtension><gpxtpx:hr>141</gpxtpx:hr></gpxtpx:TrackPointExtension></extensions></trkpt>
      <trkpt lat="55.682969" lon="12.603761"><ele>3.4</ele><time>2026-08-20T12:01:09.000Z</time><extensions><gpxtpx:TrackPointExtension><gpxtpx:hr>141</gpxtpx:hr></gpxtpx:TrackPointExtension></extensions></trkpt>
      <trkpt lat="55.68298" lon="12.603731"><ele>3.4</ele><time>2026-08-20T12:01:10.000Z</time><extensions><gpxtpx:TrackPointExtension><gpxtpx:hr>141</gpxtpx:hr></gpxtpx:TrackPointExtension></extensions></trkpt>
      <trkpt lat="55.682993" lon="12.603701"><ele>3.4</ele><time>2026-08-20T12:01:11.000Z</time><extensions><gpxtpx:TrackPointExtension><gpxtpx:hr>141</gpxtpx:hr></gpxtpx:TrackPointExtension></extensions></trkpt>
      <trkpt lat="55.683005" lon="12.603671"><ele>3.4</ele><time>2026-08-20T12:01:12.000Z</time><extensions><gpxtpx:TrackPointExtension><gpxtpx:hr>140</gpxtpx:hr></gpxtpx:TrackPointExtension></extensions></trkpt>
      <trkpt lat="55.683018" lon="12.603643"><ele>3.4</ele><time>2026-08-20T12:01:13.000Z</time><extensions><gpxtpx:TrackPointExtension><gpxtpx:hr>140</gpxtpx:hr></gpxtpx:TrackPointExtension></extensions></trkpt>
      <trkpt lat="55.683031" lon="12.603615"><ele>3.4</ele><time>2026-08-20T12:01:14.000Z</time><extensions><gpxtpx:TrackPointExtension><gpxtpx:hr>140</gpxtpx:hr></gpxtpx:TrackPointExtension></extensions></trkpt>
      <trkpt lat="55.683044" lon="12.603587"><ele>3.4</ele><time>2026-08-20T12:01:15.000Z</time><extensions><gpxtpx:TrackPointExtension><gpxtpx:hr>140</gpxtpx:hr></gpxtpx:TrackPointExtension></extensions></trkpt>
      <trkpt lat="55.683057" lon="12.603558"><ele>3.4</ele><time>2026-08-20T12:01:16.000Z</time><extensions><gpxtpx:TrackPointExtension><gpxtpx:hr>140</gpxtpx:hr></gpxtpx:TrackPointExtension></extensions></trkpt>
      <trkpt lat="55.683069" lon="12.603528"><ele>3.6</ele><time>2026-08-20T12:01:17.000Z</time><extensions><gpxtpx:TrackPointExtension><gpxtpx:hr>140</gpxtpx:hr></gpxtpx:TrackPointExtension></extensions></trkpt>
      <trkpt lat="55.683079" lon="12.603496"><ele>3.6</ele><time>2026-08-20T12:01:18.000Z</time><extensions><gpxtpx:TrackPointExtension><gpxtpx:hr>140</gpxtpx:hr></gpxtpx:TrackPointExtension></extensions></trkpt>
      <trkpt lat="55.683088" lon="12.603464"><ele>3.6</ele><time>2026-08-20T12:01:19.000Z</time><extensions><gpxtpx:TrackPointExtension><gpxtpx:hr>139</gpxtpx:hr></gpxtpx:TrackPointExtension></extensions></trkpt>
      <trkpt lat="55.683098" lon="12.60343"><ele>3.6</ele><time>2026-08-20T12:01:20.000Z</time><extensions><gpxtpx:TrackPointExtension><gpxtpx:hr>139</gpxtpx:hr></gpxtpx:TrackPointExtension></extensions></trkpt>
      <trkpt lat="55.683107" lon="12.603395"><ele>3.6</ele><time>2026-08-20T12:01:21.000Z</time><extensions><gpxtpx:TrackPointExtension><gpxtpx:hr>139</gpxtpx:hr></gpxtpx:TrackPointExtension></extensions></trkpt>
      <trkpt lat="55.683115" lon="12.60336"><ele>3.8</ele><time>2026-08-20T12:01:22.000Z</time><extensions><gpxtpx:TrackPointExtension><gpxtpx:hr>140</gpxtpx:hr></gpxtpx:TrackPointExtension></extensions></trkpt>
      <trkpt lat="55.68312" lon="12.603325"><ele>3.8</ele><time>2026-08-20T12:01:23.000Z</time><extensions><gpxtpx:TrackPointExtension><gpxtpx:hr>140</gpxtpx:hr></gpxtpx:TrackPointExtension></extensions></trkpt>
      <trkpt lat="55.683122" lon="12.603289"><ele>3.8</ele><time>2026-08-20T12:01:24.000Z</time><extensions><gpxtpx:TrackPointExtension><gpxtpx:hr>140</gpxtpx:hr></gpxtpx:TrackPointExtension></extensions></trkpt>
      <trkpt lat="55.683122" lon="12.603252"><ele>3.8</ele><time>2026-08-20T12:01:25.000Z</time><extensions><gpxtpx:TrackPointExtension><gpxtpx:hr>140</gpxtpx:hr></gpxtpx:TrackPointExtension></extensions></trkpt>
      <trkpt lat="55.683121" lon="12.603214"><ele>3.8</ele><time>2026-08-20T12:01:26.000Z</time><extensions><gpxtpx:TrackPointExtension><gpxtpx:hr>140</gpxtpx:hr></gpxtpx:TrackPointExtension></extensions></trkpt>
      <trkpt lat="55.683121" lon="12.603177"><ele>3.8</ele><time>2026-08-20T12:01:27.000Z</time><extensions><gpxtpx:TrackPointExtension><gpxtpx:hr>140</gpxtpx:hr></gpxtpx:TrackPointExtension></extensions></trkpt>
      <trkpt lat="55.683119" lon="12.603141"><ele>3.8</ele><time>2026-08-20T12:01:28.000Z</time><extensions><gpxtpx:TrackPointExtension><gpxtpx:hr>139</gpxtpx:hr></gpxtpx:TrackPointExtension></extensions></trkpt>
      <trkpt lat="55.683115" lon="12.603107"><ele>3.8</ele><time>2026-08-20T12:01:29.000Z</time><extensions><gpxtpx:TrackPointExtension><gpxtpx:hr>139</gpxtpx:hr></gpxtpx:TrackPointExtension></extensions></trkpt>
      <trkpt lat="55.683106" lon="12.603075"><ele>3.8</ele><time>2026-08-20T12:01:30.000Z</time><extensions><gpxtpx:TrackPointExtension><gpxtpx:hr>139</gpxtpx:hr></gpxtpx:TrackPointExtension></extensions></trkpt>
      <trkpt lat="55.683095" lon="12.603046"><ele>3.6</ele><time>2026-08-20T12:01:31.000Z</time><extensions><gpxtpx:TrackPointExtension><gpxtpx:hr>139</gpxtpx:hr></gpxtpx:TrackPointExtension></extensions></trkpt>
      <trkpt lat="55.683082" lon="12.603021"><ele>3.6</ele><time>2026-08-20T12:01:32.000Z</time><extensions><gpxtpx:TrackPointExtension><gpxtpx:hr>139</gpxtpx:hr></gpxtpx:TrackPointExtension></extensions></trkpt>
      <trkpt lat="55.683067" lon="12.602999"><ele>3.6</ele><time>2026-08-20T12:01:33.000Z</time><extensions><gpxtpx:TrackPointExtension><gpxtpx:hr>140</gpxtpx:hr></gpxtpx:TrackPointExtension></extensions></trkpt>
      <trkpt lat="55.683051" lon="12.602981"><ele>3.6</ele><time>2026-08-20T12:01:34.000Z</time><extensions><gpxtpx:TrackPointExtension><gpxtpx:hr>140</gpxtpx:hr></gpxtpx:TrackPointExtension></extensions></trkpt>
      <trkpt lat="55.683033" lon="12.602965"><ele>3.6</ele><time>2026-08-20T12:01:35.000Z</time><extensions><gpxtpx:TrackPointExtension><gpxtpx:hr>140</gpxtpx:hr></gpxtpx:TrackPointExtension></extensions></trkpt>
      <trkpt lat="55.683014" lon="12.602952"><ele>3.6</ele><time>2026-08-20T12:01:36.000Z</time><extensions><gpxtpx:TrackPointExtension><gpxtpx:hr>140</gpxtpx:hr></gpxtpx:TrackPointExtension></extensions></trkpt>
      <trkpt lat="55.682994" lon="12.602939"><ele>3.6</ele><time>2026-08-20T12:01:37.000Z</time><extensions><gpxtpx:TrackPointExtension><gpxtpx:hr>140</gpxtpx:hr></gpxtpx:TrackPointExtension></extensions></trkpt>
      <trkpt lat="55.682975" lon="12.602925"><ele>3.6</ele><time>2026-08-20T12:01:38.000Z</time><extensions><gpxtpx:TrackPointExtension><gpxtpx:hr>140</gpxtpx:hr></gpxtpx:TrackPointExtension></extensions></trkpt>
      <trkpt lat="55.682956" lon="12.602912"><ele>3.6</ele><time>2026-08-20T12:01:39.000Z</time><extensions><gpxtpx:TrackPointExtension><gpxtpx:hr>140</gpxtpx:hr></gpxtpx:TrackPointExtension></extensions></trkpt>
      <trkpt lat="55.682938" lon="12.602899"><ele>3.6</ele><time>2026-08-20T12:01:40.000Z</time><extensions><gpxtpx:TrackPointExtension><gpxtpx:hr>140</gpxtpx:hr></gpxtpx:TrackPointExtension></extensions></trkpt>
      <trkpt lat="55.682919" lon="12.602886"><ele>3.6</ele><time>2026-08-20T12:01:41.000Z</time><extensions><gpxtpx:TrackPointExtension><gpxtpx:hr>140</gpxtpx:hr></gpxtpx:TrackPointExtension></extensions></trkpt>
      <trkpt lat="55.682902" lon="12.602873"><ele>3.6</ele><time>2026-08-20T12:01:42.000Z</time><extensions><gpxtpx:TrackPointExtension><gpxtpx:hr>140</gpxtpx:hr></gpxtpx:TrackPointExtension></extensions></trkpt>
      <trkpt lat="55.682884" lon="12.602858"><ele>3.6</ele><time>2026-08-20T12:01:43.000Z</time><extensions><gpxtpx:TrackPointExtension><gpxtpx:hr>140</gpxtpx:hr></gpxtpx:TrackPointExtension></extensions></trkpt>
      <trkpt lat="55.682866" lon="12.602841"><ele>3.6</ele><time>2026-08-20T12:01:44.000Z</time><extensions><gpxtpx:TrackPointExtension><gpxtpx:hr>140</gpxtpx:hr></gpxtpx:TrackPointExtension></extensions></trkpt>
      <trkpt lat="55.682846" lon="12.602823"><ele>3.6</ele><time>2026-08-20T12:01:45.000Z</time><extensions><gpxtpx:TrackPointExtension><gpxtpx:hr>140</gpxtpx:hr></gpxtpx:TrackPointExtension></extensions></trkpt>
      <trkpt lat="55.682827" lon="12.602805"><ele>3.6</ele><time>2026-08-20T12:01:46.000Z</time><extensions><gpxtpx:TrackPointExtension><gpxtpx:hr>140</gpxtpx:hr></gpxtpx:TrackPointExtension></extensions></trkpt>
      <trkpt lat="55.682809" lon="12.602789"><ele>3.8</ele><time>2026-08-20T12:01:47.000Z</time><extensions><gpxtpx:TrackPointExtension><gpxtpx:hr>140</gpxtpx:hr></gpxtpx:TrackPointExtension></extensions></trkpt>
      <trkpt lat="55.682791" lon="12.602774"><ele>3.8</ele><time>2026-08-20T12:01:48.000Z</time><extensions><gpxtpx:TrackPointExtension><gpxtpx:hr>140</gpxtpx:hr></gpxtpx:TrackPointExtension></extensions></trkpt>
      <trkpt lat="55.682773" lon="12.60276"><ele>3.8</ele><time>2026-08-20T12:01:49.000Z</time><extensions><gpxtpx:TrackPointExtension><gpxtpx:hr>139</gpxtpx:hr></gpxtpx:TrackPointExtension></extensions></trkpt>
      <trkpt lat="55.682756" lon="12.602745"><ele>3.8</ele><time>2026-08-20T12:01:50.000Z</time><extensions><gpxtpx:TrackPointExtension><gpxtpx:hr>139</gpxtpx:hr></gpxtpx:TrackPointExtension></extensions></trkpt>
      <trkpt lat="55.682739" lon="12.60273"><ele>3.8</ele><time>2026-08-20T12:01:51.000Z</time><extensions><gpxtpx:TrackPointExtension><gpxtpx:hr>137</gpxtpx:hr></gpxtpx:TrackPointExtension></extensions></trkpt>
      <trkpt lat="55.682722" lon="12.602713"><ele>3.8</ele><time>2026-08-20T12:01:52.000Z</time><extensions><gpxtpx:TrackPointExtension><gpxtpx:hr>137</gpxtpx:hr></gpxtpx:TrackPointExtension></extensions></trkpt>
      <trkpt lat="55.682703" lon="12.602696"><ele>3.8</ele><time>2026-08-20T12:01:53.000Z</time><extensions><gpxtpx:TrackPointExtension><gpxtpx:hr>137</gpxtpx:hr></gpxtpx:TrackPointExtension></extensions></trkpt>
      <trkpt lat="55.682683" lon="12.602678"><ele>3.8</ele><time>2026-08-20T12:01:54.000Z</time><extensions><gpxtpx:TrackPointExtension><gpxtpx:hr>137</gpxtpx:hr></gpxtpx:TrackPointExtension></extensions></trkpt>
      <trkpt lat="55.682663" lon="12.602661"><ele>3.6</ele><time>2026-08-20T12:01:55.000Z</time><extensions><gpxtpx:TrackPointExtension><gpxtpx:hr>137</gpxtpx:hr></gpxtpx:TrackPointExtension></extensions></trkpt>
      <trkpt lat="55.682643" lon="12.602643"><ele>3.6</ele><time>2026-08-20T12:01:56.000Z</time><extensions><gpxtpx:TrackPointExtension><gpxtpx:hr>137</gpxtpx:hr></gpxtpx:TrackPointExtension></extensions></trkpt>
      <trkpt lat="55.682623" lon="12.602625"><ele>3.6</ele><time>2026-08-20T12:01:57.000Z</time><extensions><gpxtpx:TrackPointExtension><gpxtpx:hr>137</gpxtpx:hr></gpxtpx:TrackPointExtension></extensions></trkpt>
      <trkpt lat="55.682603" lon="12.602606"><ele>3.6</ele><time>2026-08-20T12:01:58.000Z</time><extensions><gpxtpx:TrackPointExtension><gpxtpx:hr>136</gpxtpx:hr></gpxtpx:TrackPointExtension></extensions></trkpt>
      <trkpt lat="55.682583" lon="12.602587"><ele>3.4</ele><time>2026-08-20T12:01:59.000Z</time><extensions><gpxtpx:TrackPointExtension><gpxtpx:hr>136</gpxtpx:hr></gpxtpx:TrackPointExtension></extensions></trkpt>
      <trkpt lat="55.682564" lon="12.602567"><ele>3.4</ele><time>2026-08-20T12:02:00.000Z</time><extensions><gpxtpx:TrackPointExtension><gpxtpx:hr>136</gpxtpx:hr></gpxtpx:TrackPointExtension></extensions></trkpt>
      <trkpt lat="55.682545" lon="12.602547"><ele>3.4</ele><time>2026-08-20T12:02:01.000Z</time><extensions><gpxtpx:TrackPointExtension><gpxtpx:hr>136</gpxtpx:hr></gpxtpx:TrackPointExtension></extensions></trkpt>
      <trkpt lat="55.682527" lon="12.602527"><ele>3.4</ele><time>2026-08-20T12:02:02.000Z</time><extensions><gpxtpx:TrackPointExtension><gpxtpx:hr>138</gpxtpx:hr></gpxtpx:TrackPointExtension></extensions></trkpt>
      <trkpt lat="55.682508" lon="12.602507"><ele>3.4</ele><time>2026-08-20T12:02:03.000Z</time><extensions><gpxtpx:TrackPointExtension><gpxtpx:hr>138</gpxtpx:hr></gpxtpx:TrackPointExtension></extensions></trkpt>
      <trkpt lat="55.682489" lon="12.602489"><ele>3.4</ele><time>2026-08-20T12:02:04.000Z</time><extensions><gpxtpx:TrackPointExtension><gpxtpx:hr>138</gpxtpx:hr></gpxtpx:TrackPointExtension></extensions></trkpt>
      <trkpt lat="55.682469" lon="12.602471"><ele>3.4</ele><time>2026-08-20T12:02:05.000Z</time><extensions><gpxtpx:TrackPointExtension><gpxtpx:hr>138</gpxtpx:hr></gpxtpx:TrackPointExtension></extensions></trkpt>
      <trkpt lat="55.682449" lon="12.602454"><ele>3.4</ele><time>2026-08-20T12:02:06.000Z</time><extensions><gpxtpx:TrackPointExtension><gpxtpx:hr>138</gpxtpx:hr></gpxtpx:TrackPointExtension></extensions></trkpt>
      <trkpt lat="55.682429" lon="12.602437"><ele>3.4</ele><time>2026-08-20T12:02:07.000Z</time><extensions><gpxtpx:TrackPointExtension><gpxtpx:hr>138</gpxtpx:hr></gpxtpx:TrackPointExtension></extensions></trkpt>
      <trkpt lat="55.682408" lon="12.602421"><ele>3.4</ele><time>2026-08-20T12:02:08.000Z</time><extensions><gpxtpx:TrackPointExtension><gpxtpx:hr>138</gpxtpx:hr></gpxtpx:TrackPointExtension></extensions></trkpt>
      <trkpt lat="55.682388" lon="12.602405"><ele>3.4</ele><time>2026-08-20T12:02:09.000Z</time><extensions><gpxtpx:TrackPointExtension><gpxtpx:hr>138</gpxtpx:hr></gpxtpx:TrackPointExtension></extensions></trkpt>
      <trkpt lat="55.682368" lon="12.60239"><ele>3.6</ele><time>2026-08-20T12:02:10.000Z</time><extensions><gpxtpx:TrackPointExtension><gpxtpx:hr>137</gpxtpx:hr></gpxtpx:TrackPointExtension></extensions></trkpt>
      <trkpt lat="55.682348" lon="12.602374"><ele>3.6</ele><time>2026-08-20T12:02:11.000Z</time><extensions><gpxtpx:TrackPointExtension><gpxtpx:hr>137</gpxtpx:hr></gpxtpx:TrackPointExtension></extensions></trkpt>
      <trkpt lat="55.682328" lon="12.602358"><ele>3.6</ele><time>2026-08-20T12:02:12.000Z</time><extensions><gpxtpx:TrackPointExtension><gpxtpx:hr>137</gpxtpx:hr></gpxtpx:TrackPointExtension></extensions></trkpt>
      <trkpt lat="55.682307" lon="12.602345"><ele>3.6</ele><time>2026-08-20T12:02:13.000Z</time><extensions><gpxtpx:TrackPointExtension><gpxtpx:hr>137</gpxtpx:hr></gpxtpx:TrackPointExtension></extensions></trkpt>
      <trkpt lat="55.682286" lon="12.602333"><ele>3.6</ele><time>2026-08-20T12:02:14.000Z</time><extensions><gpxtpx:TrackPointExtension><gpxtpx:hr>137</gpxtpx:hr></gpxtpx:TrackPointExtension></extensions></trkpt>
      <trkpt lat="55.682265" lon="12.602323"><ele>3.6</ele><time>2026-08-20T12:02:15.000Z</time><extensions><gpxtpx:TrackPointExtension><gpxtpx:hr>137</gpxtpx:hr></gpxtpx:TrackPointExtension></extensions></trkpt>
      <trkpt lat="55.682244" lon="12.602314"><ele>3.8</ele><time>2026-08-20T12:02:16.000Z</time><extensions><gpxtpx:TrackPointExtension><gpxtpx:hr>137</gpxtpx:hr></gpxtpx:TrackPointExtension></extensions></trkpt>
      <trkpt lat="55.682224" lon="12.602304"><ele>3.8</ele><time>2026-08-20T12:02:17.000Z</time><extensions><gpxtpx:TrackPointExtension><gpxtpx:hr>137</gpxtpx:hr></gpxtpx:TrackPointExtension></extensions></trkpt>
      <trkpt lat="55.682204" lon="12.602293"><ele>3.8</ele><time>2026-08-20T12:02:18.000Z</time><extensions><gpxtpx:TrackPointExtension><gpxtpx:hr>137</gpxtpx:hr></gpxtpx:TrackPointExtension></extensions></trkpt>
      <trkpt lat="55.682186" lon="12.602282"><ele>3.8</ele><time>2026-08-20T12:02:19.000Z</time><extensions><gpxtpx:TrackPointExtension><gpxtpx:hr>137</gpxtpx:hr></gpxtpx:TrackPointExtension></extensions></trkpt>
      <trkpt lat="55.682167" lon="12.60227"><ele>3.8</ele><time>2026-08-20T12:02:20.000Z</time><extensions><gpxtpx:TrackPointExtension><gpxtpx:hr>135</gpxtpx:hr></gpxtpx:TrackPointExtension></extensions></trkpt>
      <trkpt lat="55.682149" lon="12.602258"><ele>3.8</ele><time>2026-08-20T12:02:21.000Z</time><extensions><gpxtpx:TrackPointExtension><gpxtpx:hr>135</gpxtpx:hr></gpxtpx:TrackPointExtension></extensions></trkpt>
      <trkpt lat="55.682131" lon="12.602246"><ele>3.8</ele><time>2026-08-20T12:02:22.000Z</time><extensions><gpxtpx:TrackPointExtension><gpxtpx:hr>135</gpxtpx:hr></gpxtpx:TrackPointExtension></extensions></trkpt>
      <trkpt lat="55.682115" lon="12.602236"><ele>3.8</ele><time>2026-08-20T12:02:23.000Z</time><extensions><gpxtpx:TrackPointExtension><gpxtpx:hr>135</gpxtpx:hr></gpxtpx:TrackPointExtension></extensions></trkpt>
      <trkpt lat="55.6821" lon="12.602229"><ele>3.8</ele><time>2026-08-20T12:02:24.000Z</time><extensions><gpxtpx:TrackPointExtension><gpxtpx:hr>135</gpxtpx:hr></gpxtpx:TrackPointExtension></extensions></trkpt>
      <trkpt lat="55.682087" lon="12.602223"><ele>3.8</ele><time>2026-08-20T12:02:25.000Z</time><extensions><gpxtpx:TrackPointExtension><gpxtpx:hr>135</gpxtpx:hr></gpxtpx:TrackPointExtension></extensions></trkpt>
      <trkpt lat="55.682077" lon="12.602217"><ele>4</ele><time>2026-08-20T12:02:26.000Z</time><extensions><gpxtpx:TrackPointExtension><gpxtpx:hr>135</gpxtpx:hr></gpxtpx:TrackPointExtension></extensions></trkpt>
      <trkpt lat="55.68209" lon="12.602136"><ele>4</ele><time>2026-08-20T12:02:31.000Z</time><extensions><gpxtpx:TrackPointExtension><gpxtpx:hr>135</gpxtpx:hr></gpxtpx:TrackPointExtension></extensions></trkpt>
      <trkpt lat="55.682099" lon="12.602097"><ele>4</ele><time>2026-08-20T12:02:32.000Z</time><extensions><gpxtpx:TrackPointExtension><gpxtpx:hr>135</gpxtpx:hr></gpxtpx:TrackPointExtension></extensions></trkpt>
      <trkpt lat="55.682109" lon="12.602055"><ele>3.8</ele><time>2026-08-20T12:02:33.000Z</time><extensions><gpxtpx:TrackPointExtension><gpxtpx:hr>136</gpxtpx:hr></gpxtpx:TrackPointExtension></extensions></trkpt>
      <trkpt lat="55.682119" lon="12.60201"><ele>3.8</ele><time>2026-08-20T12:02:34.000Z</time><extensions><gpxtpx:TrackPointExtension><gpxtpx:hr>136</gpxtpx:hr></gpxtpx:TrackPointExtension></extensions></trkpt>
      <trkpt lat="55.682128" lon="12.601964"><ele>3.8</ele><time>2026-08-20T12:02:35.000Z</time><extensions><gpxtpx:TrackPointExtension><gpxtpx:hr>136</gpxtpx:hr></gpxtpx:TrackPointExtension></extensions></trkpt>
      <trkpt lat="55.682135" lon="12.601918"><ele>3.8</ele><time>2026-08-20T12:02:36.000Z</time><extensions><gpxtpx:TrackPointExtension><gpxtpx:hr>137</gpxtpx:hr></gpxtpx:TrackPointExtension></extensions></trkpt>
      <trkpt lat="55.682142" lon="12.601874"><ele>3.8</ele><time>2026-08-20T12:02:37.000Z</time><extensions><gpxtpx:TrackPointExtension><gpxtpx:hr>137</gpxtpx:hr></gpxtpx:TrackPointExtension></extensions></trkpt>
      <trkpt lat="55.682149" lon="12.60183"><ele>3.8</ele><time>2026-08-20T12:02:38.000Z</time><extensions><gpxtpx:TrackPointExtension><gpxtpx:hr>137</gpxtpx:hr></gpxtpx:TrackPointExtension></extensions></trkpt>
      <trkpt lat="55.682154" lon="12.601785"><ele>3.8</ele><time>2026-08-20T12:02:39.000Z</time><extensions><gpxtpx:TrackPointExtension><gpxtpx:hr>137</gpxtpx:hr></gpxtpx:TrackPointExtension></extensions></trkpt>
      <trkpt lat="55.682158" lon="12.601739"><ele>3.8</ele><time>2026-08-20T12:02:40.000Z</time><extensions><gpxtpx:TrackPointExtension><gpxtpx:hr>137</gpxtpx:hr></gpxtpx:TrackPointExtension></extensions></trkpt>
      <trkpt lat="55.682163" lon="12.601695"><ele>3.8</ele><time>2026-08-20T12:02:41.000Z</time><extensions><gpxtpx:TrackPointExtension><gpxtpx:hr>137</gpxtpx:hr></gpxtpx:TrackPointExtension></extensions></trkpt>
      <trkpt lat="55.682168" lon="12.601653"><ele>3.8</ele><time>2026-08-20T12:02:42.000Z</time><extensions><gpxtpx:TrackPointExtension><gpxtpx:hr>137</gpxtpx:hr></gpxtpx:TrackPointExtension></extensions></trkpt>
      <trkpt lat="55.682175" lon="12.601612"><ele>3.8</ele><time>2026-08-20T12:02:43.000Z</time><extensions><gpxtpx:TrackPointExtension><gpxtpx:hr>137</gpxtpx:hr></gpxtpx:TrackPointExtension></extensions></trkpt>
      <trkpt lat="55.682183" lon="12.601571"><ele>4</ele><time>2026-08-20T12:02:44.000Z</time><extensions><gpxtpx:TrackPointExtension><gpxtpx:hr>137</gpxtpx:hr></gpxtpx:TrackPointExtension></extensions></trkpt>
      <trkpt lat="55.682192" lon="12.601529"><ele>4</ele><time>2026-08-20T12:02:45.000Z</time><extensions><gpxtpx:TrackPointExtension><gpxtpx:hr>137</gpxtpx:hr></gpxtpx:TrackPointExtension></extensions></trkpt>
      <trkpt lat="55.682202" lon="12.601487"><ele>4</ele><time>2026-08-20T12:02:46.000Z</time><extensions><gpxtpx:TrackPointExtension><gpxtpx:hr>137</gpxtpx:hr></gpxtpx:TrackPointExtension></extensions></trkpt>
      <trkpt lat="55.682211" lon="12.601446"><ele>4</ele><time>2026-08-20T12:02:47.000Z</time><extensions><gpxtpx:TrackPointExtension><gpxtpx:hr>137</gpxtpx:hr></gpxtpx:TrackPointExtension></extensions></trkpt>
      <trkpt lat="55.68222" lon="12.601405"><ele>4.2</ele><time>2026-08-20T12:02:48.000Z</time><extensions><gpxtpx:TrackPointExtension><gpxtpx:hr>137</gpxtpx:hr></gpxtpx:TrackPointExtension></extensions></trkpt>
      <trkpt lat="55.682229" lon="12.601365"><ele>4.2</ele><time>2026-08-20T12:02:49.000Z</time><extensions><gpxtpx:TrackPointExtension><gpxtpx:hr>136</gpxtpx:hr></gpxtpx:TrackPointExtension></extensions></trkpt>
      <trkpt lat="55.682238" lon="12.601326"><ele>4.2</ele><time>2026-08-20T12:02:50.000Z</time><extensions><gpxtpx:TrackPointExtension><gpxtpx:hr>136</gpxtpx:hr></gpxtpx:TrackPointExtension></extensions></trkpt>
      <trkpt lat="55.682246" lon="12.601287"><ele>4.2</ele><time>2026-08-20T12:02:51.000Z</time><extensions><gpxtpx:TrackPointExtension><gpxtpx:hr>136</gpxtpx:hr></gpxtpx:TrackPointExtension></extensions></trkpt>
      <trkpt lat="55.682255" lon="12.601249"><ele>4.4</ele><time>2026-08-20T12:02:52.000Z</time><extensions><gpxtpx:TrackPointExtension><gpxtpx:hr>136</gpxtpx:hr></gpxtpx:TrackPointExtension></extensions></trkpt>
      <trkpt lat="55.682263" lon="12.601212"><ele>4.4</ele><time>2026-08-20T12:02:53.000Z</time><extensions><gpxtpx:TrackPointExtension><gpxtpx:hr>136</gpxtpx:hr></gpxtpx:TrackPointExtension></extensions></trkpt>
      <trkpt lat="55.682272" lon="12.601174"><ele>4.4</ele><time>2026-08-20T12:02:54.000Z</time><extensions><gpxtpx:TrackPointExtension><gpxtpx:hr>136</gpxtpx:hr></gpxtpx:TrackPointExtension></extensions></trkpt>
      <trkpt lat="55.682279" lon="12.601136"><ele>4.4</ele><time>2026-08-20T12:02:55.000Z</time><extensions><gpxtpx:TrackPointExtension><gpxtpx:hr>136</gpxtpx:hr></gpxtpx:TrackPointExtension></extensions></trkpt>
      <trkpt lat="55.682286" lon="12.601098"><ele>4.6</ele><time>2026-08-20T12:02:56.000Z</time><extensions><gpxtpx:TrackPointExtension><gpxtpx:hr>136</gpxtpx:hr></gpxtpx:TrackPointExtension></extensions></trkpt>
      <trkpt lat="55.682291" lon="12.60106"><ele>4.6</ele><time>2026-08-20T12:02:57.000Z</time><extensions><gpxtpx:TrackPointExtension><gpxtpx:hr>136</gpxtpx:hr></gpxtpx:TrackPointExtension></extensions></trkpt>
      <trkpt lat="55.682295" lon="12.601024"><ele>4.6</ele><time>2026-08-20T12:02:58.000Z</time><extensions><gpxtpx:TrackPointExtension><gpxtpx:hr>136</gpxtpx:hr></gpxtpx:TrackPointExtension></extensions></trkpt>
      <trkpt lat="55.6823" lon="12.600987"><ele>4.6</ele><time>2026-08-20T12:02:59.000Z</time><extensions><gpxtpx:TrackPointExtension><gpxtpx:hr>136</gpxtpx:hr></gpxtpx:TrackPointExtension></extensions></trkpt>
      <trkpt lat="55.682307" lon="12.600951"><ele>4.6</ele><time>2026-08-20T12:03:00.000Z</time><extensions><gpxtpx:TrackPointExtension><gpxtpx:hr>136</gpxtpx:hr></gpxtpx:TrackPointExtension></extensions></trkpt>
      <trkpt lat="55.682315" lon="12.600916"><ele>4.6</ele><time>2026-08-20T12:03:01.000Z</time><extensions><gpxtpx:TrackPointExtension><gpxtpx:hr>136</gpxtpx:hr></gpxtpx:TrackPointExtension></extensions></trkpt>
      <trkpt lat="55.682324" lon="12.600881"><ele>4.8</ele><time>2026-08-20T12:03:02.000Z</time><extensions><gpxtpx:TrackPointExtension><gpxtpx:hr>136</gpxtpx:hr></gpxtpx:TrackPointExtension></extensions></trkpt>
      <trkpt lat="55.682333" lon="12.600848"><ele>4.8</ele><time>2026-08-20T12:03:03.000Z</time><extensions><gpxtpx:TrackPointExtension><gpxtpx:hr>136</gpxtpx:hr></gpxtpx:TrackPointExtension></extensions></trkpt>
      <trkpt lat="55.682344" lon="12.600817"><ele>4.8</ele><time>2026-08-20T12:03:04.000Z</time><extensions><gpxtpx:TrackPointExtension><gpxtpx:hr>136</gpxtpx:hr></gpxtpx:TrackPointExtension></extensions></trkpt>
      <trkpt lat="55.682355" lon="12.600787"><ele>4.8</ele><time>2026-08-20T12:03:05.000Z</time><extensions><gpxtpx:TrackPointExtension><gpxtpx:hr>135</gpxtpx:hr></gpxtpx:TrackPointExtension></extensions></trkpt>
      <trkpt lat="55.682365" lon="12.600755"><ele>5</ele><time>2026-08-20T12:03:06.000Z</time><extensions><gpxtpx:TrackPointExtension><gpxtpx:hr>135</gpxtpx:hr></gpxtpx:TrackPointExtension></extensions></trkpt>
      <trkpt lat="55.682375" lon="12.600723"><ele>5</ele><time>2026-08-20T12:03:07.000Z</time><extensions><gpxtpx:TrackPointExtension><gpxtpx:hr>135</gpxtpx:hr></gpxtpx:TrackPointExtension></extensions></trkpt>
      <trkpt lat="55.682384" lon="12.600692"><ele>5.2</ele><time>2026-08-20T12:03:08.000Z</time><extensions><gpxtpx:TrackPointExtension><gpxtpx:hr>136</gpxtpx:hr></gpxtpx:TrackPointExtension></extensions></trkpt>
      <trkpt lat="55.682391" lon="12.600666"><ele>5.2</ele><time>2026-08-20T12:03:09.000Z</time><extensions><gpxtpx:TrackPointExtension><gpxtpx:hr>136</gpxtpx:hr></gpxtpx:TrackPointExtension></extensions></trkpt>
      <trkpt lat="55.682396" lon="12.600646"><ele>5.4</ele><time>2026-08-20T12:03:10.000Z</time><extensions><gpxtpx:TrackPointExtension><gpxtpx:hr>136</gpxtpx:hr></gpxtpx:TrackPointExtension></extensions></trkpt>
      <trkpt lat="55.6824" lon="12.600637"><ele>5.4</ele><time>2026-08-20T12:03:11.000Z</time><extensions><gpxtpx:TrackPointExtension><gpxtpx:hr>136</gpxtpx:hr></gpxtpx:TrackPointExtension></extensions></trkpt>
      <trkpt lat="55.682406" lon="12.600619"><ele>5.8</ele><time>2026-08-20T12:03:14.000Z</time><extensions><gpxtpx:TrackPointExtension><gpxtpx:hr>136</gpxtpx:hr></gpxtpx:TrackPointExtension></extensions></trkpt>
      <trkpt lat="55.68241" lon="12.600593"><ele>5.8</ele><time>2026-08-20T12:03:15.000Z</time><extensions><gpxtpx:TrackPointExtension><gpxtpx:hr>136</gpxtpx:hr></gpxtpx:TrackPointExtension></extensions></trkpt>
      <trkpt lat="55.682413" lon="12.600558"><ele>5.8</ele><time>2026-08-20T12:03:16.000Z</time><extensions><gpxtpx:TrackPointExtension><gpxtpx:hr>136</gpxtpx:hr></gpxtpx:TrackPointExtension></extensions></trkpt>
      <trkpt lat="55.682415" lon="12.600522"><ele>5.8</ele><time>2026-08-20T12:03:17.000Z</time><extensions><gpxtpx:TrackPointExtension><gpxtpx:hr>135</gpxtpx:hr></gpxtpx:TrackPointExtension></extensions></trkpt>
      <trkpt lat="55.682413" lon="12.600488"><ele>5.8</ele><time>2026-08-20T12:03:18.000Z</time><extensions><gpxtpx:TrackPointExtension><gpxtpx:hr>135</gpxtpx:hr></gpxtpx:TrackPointExtension></extensions></trkpt>
      <trkpt lat="55.682412" lon="12.600456"><ele>5.8</ele><time>2026-08-20T12:03:19.000Z</time><extensions><gpxtpx:TrackPointExtension><gpxtpx:hr>135</gpxtpx:hr></gpxtpx:TrackPointExtension></extensions></trkpt>
      <trkpt lat="55.682411" lon="12.600425"><ele>5.8</ele><time>2026-08-20T12:03:20.000Z</time><extensions><gpxtpx:TrackPointExtension><gpxtpx:hr>135</gpxtpx:hr></gpxtpx:TrackPointExtension></extensions></trkpt>
      <trkpt lat="55.682411" lon="12.600396"><ele>5.6</ele><time>2026-08-20T12:03:21.000Z</time><extensions><gpxtpx:TrackPointExtension><gpxtpx:hr>135</gpxtpx:hr></gpxtpx:TrackPointExtension></extensions></trkpt>
      <trkpt lat="55.68241" lon="12.600367"><ele>5.6</ele><time>2026-08-20T12:03:22.000Z</time><extensions><gpxtpx:TrackPointExtension><gpxtpx:hr>135</gpxtpx:hr></gpxtpx:TrackPointExtension></extensions></trkpt>
      <trkpt lat="55.682407" lon="12.600338"><ele>5.6</ele><time>2026-08-20T12:03:23.000Z</time><extensions><gpxtpx:TrackPointExtension><gpxtpx:hr>135</gpxtpx:hr></gpxtpx:TrackPointExtension></extensions></trkpt>
      <trkpt lat="55.682403" lon="12.600309"><ele>5.4</ele><time>2026-08-20T12:03:24.000Z</time><extensions><gpxtpx:TrackPointExtension><gpxtpx:hr>135</gpxtpx:hr></gpxtpx:TrackPointExtension></extensions></trkpt>
      <trkpt lat="55.682396" lon="12.600282"><ele>5.4</ele><time>2026-08-20T12:03:25.000Z</time><extensions><gpxtpx:TrackPointExtension><gpxtpx:hr>138</gpxtpx:hr></gpxtpx:TrackPointExtension></extensions></trkpt>
      <trkpt lat="55.682387" lon="12.600256"><ele>5.4</ele><time>2026-08-20T12:03:26.000Z</time><extensions><gpxtpx:TrackPointExtension><gpxtpx:hr>138</gpxtpx:hr></gpxtpx:TrackPointExtension></extensions></trkpt>
      <trkpt lat="55.682377" lon="12.60023"><ele>5.2</ele><time>2026-08-20T12:03:27.000Z</time><extensions><gpxtpx:TrackPointExtension><gpxtpx:hr>137</gpxtpx:hr></gpxtpx:TrackPointExtension></extensions></trkpt>
      <trkpt lat="55.682364" lon="12.600205"><ele>5.2</ele><time>2026-08-20T12:03:28.000Z</time><extensions><gpxtpx:TrackPointExtension><gpxtpx:hr>137</gpxtpx:hr></gpxtpx:TrackPointExtension></extensions></trkpt>
      <trkpt lat="55.682351" lon="12.600182"><ele>5.2</ele><time>2026-08-20T12:03:29.000Z</time><extensions><gpxtpx:TrackPointExtension><gpxtpx:hr>137</gpxtpx:hr></gpxtpx:TrackPointExtension></extensions></trkpt>
      <trkpt lat="55.682335" lon="12.60016"><ele>5.2</ele><time>2026-08-20T12:03:30.000Z</time><extensions><gpxtpx:TrackPointExtension><gpxtpx:hr>137</gpxtpx:hr></gpxtpx:TrackPointExtension></extensions></trkpt>
      <trkpt lat="55.682318" lon="12.600142"><ele>5.2</ele><time>2026-08-20T12:03:31.000Z</time><extensions><gpxtpx:TrackPointExtension><gpxtpx:hr>137</gpxtpx:hr></gpxtpx:TrackPointExtension></extensions></trkpt>
      <trkpt lat="55.6823" lon="12.600128"><ele>5.2</ele><time>2026-08-20T12:03:32.000Z</time><extensions><gpxtpx:TrackPointExtension><gpxtpx:hr>137</gpxtpx:hr></gpxtpx:TrackPointExtension></extensions></trkpt>
      <trkpt lat="55.682281" lon="12.600114"><ele>5.2</ele><time>2026-08-20T12:03:33.000Z</time><extensions><gpxtpx:TrackPointExtension><gpxtpx:hr>137</gpxtpx:hr></gpxtpx:TrackPointExtension></extensions></trkpt>
      <trkpt lat="55.68226" lon="12.600101"><ele>5.4</ele><time>2026-08-20T12:03:34.000Z</time><extensions><gpxtpx:TrackPointExtension><gpxtpx:hr>137</gpxtpx:hr></gpxtpx:TrackPointExtension></extensions></trkpt>
      <trkpt lat="55.682239" lon="12.60009"><ele>5.4</ele><time>2026-08-20T12:03:35.000Z</time><extensions><gpxtpx:TrackPointExtension><gpxtpx:hr>135</gpxtpx:hr></gpxtpx:TrackPointExtension></extensions></trkpt>
      <trkpt lat="55.682218" lon="12.600081"><ele>5.4</ele><time>2026-08-20T12:03:36.000Z</time><extensions><gpxtpx:TrackPointExtension><gpxtpx:hr>135</gpxtpx:hr></gpxtpx:TrackPointExtension></extensions></trkpt>
      <trkpt lat="55.682197" lon="12.600073"><ele>5.4</ele><time>2026-08-20T12:03:37.000Z</time><extensions><gpxtpx:TrackPointExtension><gpxtpx:hr>135</gpxtpx:hr></gpxtpx:TrackPointExtension></extensions></trkpt>
      <trkpt lat="55.682177" lon="12.600065"><ele>5.6</ele><time>2026-08-20T12:03:38.000Z</time><extensions><gpxtpx:TrackPointExtension><gpxtpx:hr>135</gpxtpx:hr></gpxtpx:TrackPointExtension></extensions></trkpt>
      <trkpt lat="55.682155" lon="12.600057"><ele>5.6</ele><time>2026-08-20T12:03:39.000Z</time><extensions><gpxtpx:TrackPointExtension><gpxtpx:hr>135</gpxtpx:hr></gpxtpx:TrackPointExtension></extensions></trkpt>
      <trkpt lat="55.682133" lon="12.60005"><ele>5.6</ele><time>2026-08-20T12:03:40.000Z</time><extensions><gpxtpx:TrackPointExtension><gpxtpx:hr>135</gpxtpx:hr></gpxtpx:TrackPointExtension></extensions></trkpt>
      <trkpt lat="55.682109" lon="12.600043"><ele>5.6</ele><time>2026-08-20T12:03:41.000Z</time><extensions><gpxtpx:TrackPointExtension><gpxtpx:hr>135</gpxtpx:hr></gpxtpx:TrackPointExtension></extensions></trkpt>
      <trkpt lat="55.682084" lon="12.600038"><ele>5.6</ele><time>2026-08-20T12:03:42.000Z</time><extensions><gpxtpx:TrackPointExtension><gpxtpx:hr>134</gpxtpx:hr></gpxtpx:TrackPointExtension></extensions></trkpt>
      <trkpt lat="55.68206" lon="12.600034"><ele>5.6</ele><time>2026-08-20T12:03:43.000Z</time><extensions><gpxtpx:TrackPointExtension><gpxtpx:hr>134</gpxtpx:hr></gpxtpx:TrackPointExtension></extensions></trkpt>
      <trkpt lat="55.682037" lon="12.60003"><ele>5.4</ele><time>2026-08-20T12:03:44.000Z</time><extensions><gpxtpx:TrackPointExtension><gpxtpx:hr>134</gpxtpx:hr></gpxtpx:TrackPointExtension></extensions></trkpt>
      <trkpt lat="55.682014" lon="12.600025"><ele>5.2</ele><time>2026-08-20T12:03:45.000Z</time><extensions><gpxtpx:TrackPointExtension><gpxtpx:hr>134</gpxtpx:hr></gpxtpx:TrackPointExtension></extensions></trkpt>
      <trkpt lat="55.681993" lon="12.600019"><ele>5</ele><time>2026-08-20T12:03:46.000Z</time><extensions><gpxtpx:TrackPointExtension><gpxtpx:hr>134</gpxtpx:hr></gpxtpx:TrackPointExtension></extensions></trkpt>
      <trkpt lat="55.681972" lon="12.600014"><ele>5</ele><time>2026-08-20T12:03:47.000Z</time><extensions><gpxtpx:TrackPointExtension><gpxtpx:hr>134</gpxtpx:hr></gpxtpx:TrackPointExtension></extensions></trkpt>
      <trkpt lat="55.681952" lon="12.60001"><ele>4.8</ele><time>2026-08-20T12:03:48.000Z</time><extensions><gpxtpx:TrackPointExtension><gpxtpx:hr>134</gpxtpx:hr></gpxtpx:TrackPointExtension></extensions></trkpt>
      <trkpt lat="55.681933" lon="12.600007"><ele>4.6</ele><time>2026-08-20T12:03:49.000Z</time><extensions><gpxtpx:TrackPointExtension><gpxtpx:hr>134</gpxtpx:hr></gpxtpx:TrackPointExtension></extensions></trkpt>
      <trkpt lat="55.681914" lon="12.600007"><ele>4.4</ele><time>2026-08-20T12:03:50.000Z</time><extensions><gpxtpx:TrackPointExtension><gpxtpx:hr>137</gpxtpx:hr></gpxtpx:TrackPointExtension></extensions></trkpt>
      <trkpt lat="55.681894" lon="12.600009"><ele>4.4</ele><time>2026-08-20T12:03:51.000Z</time><extensions><gpxtpx:TrackPointExtension><gpxtpx:hr>137</gpxtpx:hr></gpxtpx:TrackPointExtension></extensions></trkpt>
      <trkpt lat="55.681875" lon="12.600012"><ele>4.4</ele><time>2026-08-20T12:03:52.000Z</time><extensions><gpxtpx:TrackPointExtension><gpxtpx:hr>137</gpxtpx:hr></gpxtpx:TrackPointExtension></extensions></trkpt>
      <trkpt lat="55.681855" lon="12.600013"><ele>4.4</ele><time>2026-08-20T12:03:53.000Z</time><extensions><gpxtpx:TrackPointExtension><gpxtpx:hr>137</gpxtpx:hr></gpxtpx:TrackPointExtension></extensions></trkpt>
      <trkpt lat="55.681834" lon="12.600013"><ele>4.4</ele><time>2026-08-20T12:03:54.000Z</time><extensions><gpxtpx:TrackPointExtension><gpxtpx:hr>137</gpxtpx:hr></gpxtpx:TrackPointExtension></extensions></trkpt>
      <trkpt lat="55.681813" lon="12.600009"><ele>4.4</ele><time>2026-08-20T12:03:55.000Z</time><extensions><gpxtpx:TrackPointExtension><gpxtpx:hr>137</gpxtpx:hr></gpxtpx:TrackPointExtension></extensions></trkpt>
      <trkpt lat="55.681792" lon="12.600003"><ele>4.4</ele><time>2026-08-20T12:03:56.000Z</time><extensions><gpxtpx:TrackPointExtension><gpxtpx:hr>137</gpxtpx:hr></gpxtpx:TrackPointExtension></extensions></trkpt>
      <trkpt lat="55.681772" lon="12.599995"><ele>4.4</ele><time>2026-08-20T12:03:57.000Z</time><extensions><gpxtpx:TrackPointExtension><gpxtpx:hr>139</gpxtpx:hr></gpxtpx:TrackPointExtension></extensions></trkpt>
      <trkpt lat="55.681753" lon="12.599987"><ele>4.4</ele><time>2026-08-20T12:03:58.000Z</time><extensions><gpxtpx:TrackPointExtension><gpxtpx:hr>139</gpxtpx:hr></gpxtpx:TrackPointExtension></extensions></trkpt>
      <trkpt lat="55.681734" lon="12.599978"><ele>4.4</ele><time>2026-08-20T12:03:59.000Z</time><extensions><gpxtpx:TrackPointExtension><gpxtpx:hr>139</gpxtpx:hr></gpxtpx:TrackPointExtension></extensions></trkpt>
      <trkpt lat="55.681716" lon="12.599969"><ele>4.4</ele><time>2026-08-20T12:04:00.000Z</time><extensions><gpxtpx:TrackPointExtension><gpxtpx:hr>139</gpxtpx:hr></gpxtpx:TrackPointExtension></extensions></trkpt>
      <trkpt lat="55.681697" lon="12.599959"><ele>4.4</ele><time>2026-08-20T12:04:01.000Z</time><extensions><gpxtpx:TrackPointExtension><gpxtpx:hr>139</gpxtpx:hr></gpxtpx:TrackPointExtension></extensions></trkpt>
      <trkpt lat="55.68168" lon="12.599948"><ele>4.4</ele><time>2026-08-20T12:04:02.000Z</time><extensions><gpxtpx:TrackPointExtension><gpxtpx:hr>139</gpxtpx:hr></gpxtpx:TrackPointExtension></extensions></trkpt>
      <trkpt lat="55.681664" lon="12.599937"><ele>4.4</ele><time>2026-08-20T12:04:03.000Z</time><extensions><gpxtpx:TrackPointExtension><gpxtpx:hr>139</gpxtpx:hr></gpxtpx:TrackPointExtension></extensions></trkpt>
      <trkpt lat="55.681651" lon="12.599926"><ele>4.2</ele><time>2026-08-20T12:04:04.000Z</time><extensions><gpxtpx:TrackPointExtension><gpxtpx:hr>139</gpxtpx:hr></gpxtpx:TrackPointExtension></extensions></trkpt>
      <trkpt lat="55.681642" lon="12.599916"><ele>4.2</ele><time>2026-08-20T12:04:05.000Z</time><extensions><gpxtpx:TrackPointExtension><gpxtpx:hr>137</gpxtpx:hr></gpxtpx:TrackPointExtension></extensions></trkpt>
      <trkpt lat="55.681567" lon="12.599739"><ele>3.8</ele><time>2026-08-20T12:04:18.000Z</time><extensions><gpxtpx:TrackPointExtension><gpxtpx:hr>137</gpxtpx:hr></gpxtpx:TrackPointExtension></extensions></trkpt>
      <trkpt lat="55.681547" lon="12.599719"><ele>3.8</ele><time>2026-08-20T12:04:19.000Z</time><extensions><gpxtpx:TrackPointExtension><gpxtpx:hr>137</gpxtpx:hr></gpxtpx:TrackPointExtension></extensions></trkpt>
      <trkpt lat="55.681524" lon="12.599698"><ele>3.6</ele><time>2026-08-20T12:04:20.000Z</time><extensions><gpxtpx:TrackPointExtension><gpxtpx:hr>137</gpxtpx:hr></gpxtpx:TrackPointExtension></extensions></trkpt>
      <trkpt lat="55.681499" lon="12.599677"><ele>3.6</ele><time>2026-08-20T12:04:21.000Z</time><extensions><gpxtpx:TrackPointExtension><gpxtpx:hr>135</gpxtpx:hr></gpxtpx:TrackPointExtension></extensions></trkpt>
      <trkpt lat="55.681474" lon="12.599658"><ele>3.6</ele><time>2026-08-20T12:04:22.000Z</time><extensions><gpxtpx:TrackPointExtension><gpxtpx:hr>135</gpxtpx:hr></gpxtpx:TrackPointExtension></extensions></trkpt>
      <trkpt lat="55.681449" lon="12.599641"><ele>3.6</ele><time>2026-08-20T12:04:23.000Z</time><extensions><gpxtpx:TrackPointExtension><gpxtpx:hr>135</gpxtpx:hr></gpxtpx:TrackPointExtension></extensions></trkpt>
      <trkpt lat="55.681425" lon="12.599624"><ele>3.6</ele><time>2026-08-20T12:04:24.000Z</time><extensions><gpxtpx:TrackPointExtension><gpxtpx:hr>135</gpxtpx:hr></gpxtpx:TrackPointExtension></extensions></trkpt>
      <trkpt lat="55.681399" lon="12.599605"><ele>3.6</ele><time>2026-08-20T12:04:25.000Z</time><extensions><gpxtpx:TrackPointExtension><gpxtpx:hr>135</gpxtpx:hr></gpxtpx:TrackPointExtension></extensions></trkpt>
      <trkpt lat="55.681373" lon="12.599586"><ele>3.6</ele><time>2026-08-20T12:04:26.000Z</time><extensions><gpxtpx:TrackPointExtension><gpxtpx:hr>135</gpxtpx:hr></gpxtpx:TrackPointExtension></extensions></trkpt>
      <trkpt lat="55.681347" lon="12.599566"><ele>3.6</ele><time>2026-08-20T12:04:27.000Z</time><extensions><gpxtpx:TrackPointExtension><gpxtpx:hr>135</gpxtpx:hr></gpxtpx:TrackPointExtension></extensions></trkpt>
      <trkpt lat="55.681321" lon="12.599546"><ele>3.6</ele><time>2026-08-20T12:04:28.000Z</time><extensions><gpxtpx:TrackPointExtension><gpxtpx:hr>135</gpxtpx:hr></gpxtpx:TrackPointExtension></extensions></trkpt>
      <trkpt lat="55.681295" lon="12.599526"><ele>3.6</ele><time>2026-08-20T12:04:29.000Z</time><extensions><gpxtpx:TrackPointExtension><gpxtpx:hr>136</gpxtpx:hr></gpxtpx:TrackPointExtension></extensions></trkpt>
      <trkpt lat="55.681271" lon="12.599506"><ele>3.6</ele><time>2026-08-20T12:04:30.000Z</time><extensions><gpxtpx:TrackPointExtension><gpxtpx:hr>136</gpxtpx:hr></gpxtpx:TrackPointExtension></extensions></trkpt>
      <trkpt lat="55.681247" lon="12.599488"><ele>3.6</ele><time>2026-08-20T12:04:31.000Z</time><extensions><gpxtpx:TrackPointExtension><gpxtpx:hr>136</gpxtpx:hr></gpxtpx:TrackPointExtension></extensions></trkpt>
      <trkpt lat="55.681223" lon="12.599471"><ele>3.6</ele><time>2026-08-20T12:04:32.000Z</time><extensions><gpxtpx:TrackPointExtension><gpxtpx:hr>136</gpxtpx:hr></gpxtpx:TrackPointExtension></extensions></trkpt>
      <trkpt lat="55.6812" lon="12.599454"><ele>3.8</ele><time>2026-08-20T12:04:33.000Z</time><extensions><gpxtpx:TrackPointExtension><gpxtpx:hr>136</gpxtpx:hr></gpxtpx:TrackPointExtension></extensions></trkpt>
      <trkpt lat="55.681176" lon="12.599437"><ele>3.8</ele><time>2026-08-20T12:04:34.000Z</time><extensions><gpxtpx:TrackPointExtension><gpxtpx:hr>136</gpxtpx:hr></gpxtpx:TrackPointExtension></extensions></trkpt>
      <trkpt lat="55.681151" lon="12.59942"><ele>3.8</ele><time>2026-08-20T12:04:35.000Z</time><extensions><gpxtpx:TrackPointExtension><gpxtpx:hr>136</gpxtpx:hr></gpxtpx:TrackPointExtension></extensions></trkpt>
      <trkpt lat="55.681125" lon="12.599404"><ele>3.8</ele><time>2026-08-20T12:04:36.000Z</time><extensions><gpxtpx:TrackPointExtension><gpxtpx:hr>136</gpxtpx:hr></gpxtpx:TrackPointExtension></extensions></trkpt>
      <trkpt lat="55.681099" lon="12.599388"><ele>3.8</ele><time>2026-08-20T12:04:37.000Z</time><extensions><gpxtpx:TrackPointExtension><gpxtpx:hr>136</gpxtpx:hr></gpxtpx:TrackPointExtension></extensions></trkpt>
      <trkpt lat="55.681073" lon="12.599374"><ele>3.8</ele><time>2026-08-20T12:04:38.000Z</time><extensions><gpxtpx:TrackPointExtension><gpxtpx:hr>136</gpxtpx:hr></gpxtpx:TrackPointExtension></extensions></trkpt>
      <trkpt lat="55.681048" lon="12.599361"><ele>3.8</ele><time>2026-08-20T12:04:39.000Z</time><extensions><gpxtpx:TrackPointExtension><gpxtpx:hr>134</gpxtpx:hr></gpxtpx:TrackPointExtension></extensions></trkpt>
      <trkpt lat="55.681023" lon="12.599348"><ele>3.8</ele><time>2026-08-20T12:04:40.000Z</time><extensions><gpxtpx:TrackPointExtension><gpxtpx:hr>134</gpxtpx:hr></gpxtpx:TrackPointExtension></extensions></trkpt>
      <trkpt lat="55.680998" lon="12.599335"><ele>3.8</ele><time>2026-08-20T12:04:41.000Z</time><extensions><gpxtpx:TrackPointExtension><gpxtpx:hr>135</gpxtpx:hr></gpxtpx:TrackPointExtension></extensions></trkpt>
      <trkpt lat="55.680972" lon="12.599322"><ele>3.8</ele><time>2026-08-20T12:04:42.000Z</time><extensions><gpxtpx:TrackPointExtension><gpxtpx:hr>135</gpxtpx:hr></gpxtpx:TrackPointExtension></extensions></trkpt>
      <trkpt lat="55.680947" lon="12.599309"><ele>3.6</ele><time>2026-08-20T12:04:43.000Z</time><extensions><gpxtpx:TrackPointExtension><gpxtpx:hr>135</gpxtpx:hr></gpxtpx:TrackPointExtension></extensions></trkpt>
      <trkpt lat="55.680923" lon="12.599296"><ele>3.6</ele><time>2026-08-20T12:04:44.000Z</time><extensions><gpxtpx:TrackPointExtension><gpxtpx:hr>135</gpxtpx:hr></gpxtpx:TrackPointExtension></extensions></trkpt>
      <trkpt lat="55.6809" lon="12.599283"><ele>3.6</ele><time>2026-08-20T12:04:45.000Z</time><extensions><gpxtpx:TrackPointExtension><gpxtpx:hr>135</gpxtpx:hr></gpxtpx:TrackPointExtension></extensions></trkpt>
      <trkpt lat="55.680877" lon="12.599269"><ele>3.6</ele><time>2026-08-20T12:04:46.000Z</time><extensions><gpxtpx:TrackPointExtension><gpxtpx:hr>135</gpxtpx:hr></gpxtpx:TrackPointExtension></extensions></trkpt>
      <trkpt lat="55.680854" lon="12.599255"><ele>3.6</ele><time>2026-08-20T12:04:47.000Z</time><extensions><gpxtpx:TrackPointExtension><gpxtpx:hr>135</gpxtpx:hr></gpxtpx:TrackPointExtension></extensions></trkpt>
      <trkpt lat="55.680831" lon="12.599243"><ele>3.6</ele><time>2026-08-20T12:04:48.000Z</time><extensions><gpxtpx:TrackPointExtension><gpxtpx:hr>135</gpxtpx:hr></gpxtpx:TrackPointExtension></extensions></trkpt>
      <trkpt lat="55.680807" lon="12.599232"><ele>3.6</ele><time>2026-08-20T12:04:49.000Z</time><extensions><gpxtpx:TrackPointExtension><gpxtpx:hr>135</gpxtpx:hr></gpxtpx:TrackPointExtension></extensions></trkpt>
      <trkpt lat="55.680783" lon="12.599222"><ele>3.6</ele><time>2026-08-20T12:04:50.000Z</time><extensions><gpxtpx:TrackPointExtension><gpxtpx:hr>135</gpxtpx:hr></gpxtpx:TrackPointExtension></extensions></trkpt>
      <trkpt lat="55.68076" lon="12.599213"><ele>3.6</ele><time>2026-08-20T12:04:51.000Z</time><extensions><gpxtpx:TrackPointExtension><gpxtpx:hr>135</gpxtpx:hr></gpxtpx:TrackPointExtension></extensions></trkpt>
      <trkpt lat="55.680738" lon="12.599204"><ele>3.6</ele><time>2026-08-20T12:04:52.000Z</time><extensions><gpxtpx:TrackPointExtension><gpxtpx:hr>135</gpxtpx:hr></gpxtpx:TrackPointExtension></extensions></trkpt>
      <trkpt lat="55.680716" lon="12.599195"><ele>3.6</ele><time>2026-08-20T12:04:53.000Z</time><extensions><gpxtpx:TrackPointExtension><gpxtpx:hr>135</gpxtpx:hr></gpxtpx:TrackPointExtension></extensions></trkpt>
      <trkpt lat="55.680695" lon="12.599185"><ele>3.6</ele><time>2026-08-20T12:04:54.000Z</time><extensions><gpxtpx:TrackPointExtension><gpxtpx:hr>135</gpxtpx:hr></gpxtpx:TrackPointExtension></extensions></trkpt>
      <trkpt lat="55.680672" lon="12.599176"><ele>3.6</ele><time>2026-08-20T12:04:55.000Z</time><extensions><gpxtpx:TrackPointExtension><gpxtpx:hr>135</gpxtpx:hr></gpxtpx:TrackPointExtension></extensions></trkpt>
      <trkpt lat="55.68065" lon="12.599167"><ele>3.6</ele><time>2026-08-20T12:04:56.000Z</time><extensions><gpxtpx:TrackPointExtension><gpxtpx:hr>135</gpxtpx:hr></gpxtpx:TrackPointExtension></extensions></trkpt>
      <trkpt lat="55.680628" lon="12.599158"><ele>3.6</ele><time>2026-08-20T12:04:57.000Z</time><extensions><gpxtpx:TrackPointExtension><gpxtpx:hr>135</gpxtpx:hr></gpxtpx:TrackPointExtension></extensions></trkpt>
      <trkpt lat="55.680605" lon="12.599149"><ele>3.6</ele><time>2026-08-20T12:04:58.000Z</time><extensions><gpxtpx:TrackPointExtension><gpxtpx:hr>135</gpxtpx:hr></gpxtpx:TrackPointExtension></extensions></trkpt>
      <trkpt lat="55.680583" lon="12.599139"><ele>3.6</ele><time>2026-08-20T12:04:59.000Z</time><extensions><gpxtpx:TrackPointExtension><gpxtpx:hr>134</gpxtpx:hr></gpxtpx:TrackPointExtension></extensions></trkpt>
      <trkpt lat="55.680561" lon="12.599129"><ele>3.6</ele><time>2026-08-20T12:05:00.000Z</time><extensions><gpxtpx:TrackPointExtension><gpxtpx:hr>134</gpxtpx:hr></gpxtpx:TrackPointExtension></extensions></trkpt>
      <trkpt lat="55.680539" lon="12.599122"><ele>3.6</ele><time>2026-08-20T12:05:01.000Z</time><extensions><gpxtpx:TrackPointExtension><gpxtpx:hr>134</gpxtpx:hr></gpxtpx:TrackPointExtension></extensions></trkpt>
      <trkpt lat="55.680518" lon="12.599119"><ele>3.6</ele><time>2026-08-20T12:05:02.000Z</time><extensions><gpxtpx:TrackPointExtension><gpxtpx:hr>134</gpxtpx:hr></gpxtpx:TrackPointExtension></extensions></trkpt>
      <trkpt lat="55.680496" lon="12.599122"><ele>3.6</ele><time>2026-08-20T12:05:03.000Z</time><extensions><gpxtpx:TrackPointExtension><gpxtpx:hr>134</gpxtpx:hr></gpxtpx:TrackPointExtension></extensions></trkpt>
      <trkpt lat="55.680476" lon="12.599131"><ele>3.6</ele><time>2026-08-20T12:05:04.000Z</time><extensions><gpxtpx:TrackPointExtension><gpxtpx:hr>135</gpxtpx:hr></gpxtpx:TrackPointExtension></extensions></trkpt>
      <trkpt lat="55.680457" lon="12.599146"><ele>3.6</ele><time>2026-08-20T12:05:05.000Z</time><extensions><gpxtpx:TrackPointExtension><gpxtpx:hr>135</gpxtpx:hr></gpxtpx:TrackPointExtension></extensions></trkpt>
      <trkpt lat="55.680441" lon="12.599166"><ele>3.6</ele><time>2026-08-20T12:05:06.000Z</time><extensions><gpxtpx:TrackPointExtension><gpxtpx:hr>135</gpxtpx:hr></gpxtpx:TrackPointExtension></extensions></trkpt>
      <trkpt lat="55.680426" lon="12.599191"><ele>3.6</ele><time>2026-08-20T12:05:07.000Z</time><extensions><gpxtpx:TrackPointExtension><gpxtpx:hr>135</gpxtpx:hr></gpxtpx:TrackPointExtension></extensions></trkpt>
      <trkpt lat="55.680414" lon="12.59922"><ele>3.6</ele><time>2026-08-20T12:05:08.000Z</time><extensions><gpxtpx:TrackPointExtension><gpxtpx:hr>135</gpxtpx:hr></gpxtpx:TrackPointExtension></extensions></trkpt>
      <trkpt lat="55.680405" lon="12.599253"><ele>3.8</ele><time>2026-08-20T12:05:09.000Z</time><extensions><gpxtpx:TrackPointExtension><gpxtpx:hr>135</gpxtpx:hr></gpxtpx:TrackPointExtension></extensions></trkpt>
      <trkpt lat="55.680397" lon="12.599288"><ele>3.8</ele><time>2026-08-20T12:05:10.000Z</time><extensions><gpxtpx:TrackPointExtension><gpxtpx:hr>133</gpxtpx:hr></gpxtpx:TrackPointExtension></extensions></trkpt>
      <trkpt lat="55.680391" lon="12.599324"><ele>3.8</ele><time>2026-08-20T12:05:11.000Z</time><extensions><gpxtpx:TrackPointExtension><gpxtpx:hr>133</gpxtpx:hr></gpxtpx:TrackPointExtension></extensions></trkpt>
      <trkpt lat="55.680384" lon="12.599359"><ele>3.8</ele><time>2026-08-20T12:05:12.000Z</time><extensions><gpxtpx:TrackPointExtension><gpxtpx:hr>133</gpxtpx:hr></gpxtpx:TrackPointExtension></extensions></trkpt>
      <trkpt lat="55.680378" lon="12.599395"><ele>3.8</ele><time>2026-08-20T12:05:13.000Z</time><extensions><gpxtpx:TrackPointExtension><gpxtpx:hr>133</gpxtpx:hr></gpxtpx:TrackPointExtension></extensions></trkpt>
      <trkpt lat="55.680372" lon="12.599431"><ele>3.8</ele><time>2026-08-20T12:05:14.000Z</time><extensions><gpxtpx:TrackPointExtension><gpxtpx:hr>133</gpxtpx:hr></gpxtpx:TrackPointExtension></extensions></trkpt>
      <trkpt lat="55.680365" lon="12.599467"><ele>3.8</ele><time>2026-08-20T12:05:15.000Z</time><extensions><gpxtpx:TrackPointExtension><gpxtpx:hr>133</gpxtpx:hr></gpxtpx:TrackPointExtension></extensions></trkpt>
      <trkpt lat="55.680358" lon="12.599502"><ele>3.8</ele><time>2026-08-20T12:05:16.000Z</time><extensions><gpxtpx:TrackPointExtension><gpxtpx:hr>134</gpxtpx:hr></gpxtpx:TrackPointExtension></extensions></trkpt>
      <trkpt lat="55.680351" lon="12.599538"><ele>3.8</ele><time>2026-08-20T12:05:17.000Z</time><extensions><gpxtpx:TrackPointExtension><gpxtpx:hr>134</gpxtpx:hr></gpxtpx:TrackPointExtension></extensions></trkpt>
      <trkpt lat="55.680344" lon="12.599574"><ele>3.8</ele><time>2026-08-20T12:05:18.000Z</time><extensions><gpxtpx:TrackPointExtension><gpxtpx:hr>134</gpxtpx:hr></gpxtpx:TrackPointExtension></extensions></trkpt>
      <trkpt lat="55.680336" lon="12.59961"><ele>3.6</ele><time>2026-08-20T12:05:19.000Z</time><extensions><gpxtpx:TrackPointExtension><gpxtpx:hr>134</gpxtpx:hr></gpxtpx:TrackPointExtension></extensions></trkpt>
      <trkpt lat="55.680328" lon="12.599646"><ele>3.6</ele><time>2026-08-20T12:05:20.000Z</time><extensions><gpxtpx:TrackPointExtension><gpxtpx:hr>134</gpxtpx:hr></gpxtpx:TrackPointExtension></extensions></trkpt>
      <trkpt lat="55.680321" lon="12.599684"><ele>3.6</ele><time>2026-08-20T12:05:21.000Z</time><extensions><gpxtpx:TrackPointExtension><gpxtpx:hr>134</gpxtpx:hr></gpxtpx:TrackPointExtension></extensions></trkpt>
      <trkpt lat="55.680313" lon="12.599722"><ele>3.6</ele><time>2026-08-20T12:05:22.000Z</time><extensions><gpxtpx:TrackPointExtension><gpxtpx:hr>134</gpxtpx:hr></gpxtpx:TrackPointExtension></extensions></trkpt>
      <trkpt lat="55.680304" lon="12.59976"><ele>3.4</ele><time>2026-08-20T12:05:23.000Z</time><extensions><gpxtpx:TrackPointExtension><gpxtpx:hr>134</gpxtpx:hr></gpxtpx:TrackPointExtension></extensions></trkpt>
      <trkpt lat="55.680294" lon="12.599799"><ele>3.4</ele><time>2026-08-20T12:05:24.000Z</time><extensions><gpxtpx:TrackPointExtension><gpxtpx:hr>134</gpxtpx:hr></gpxtpx:TrackPointExtension></extensions></trkpt>
      <trkpt lat="55.680285" lon="12.599838"><ele>3.4</ele><time>2026-08-20T12:05:25.000Z</time><extensions><gpxtpx:TrackPointExtension><gpxtpx:hr>134</gpxtpx:hr></gpxtpx:TrackPointExtension></extensions></trkpt>
      <trkpt lat="55.680275" lon="12.599875"><ele>3.4</ele><time>2026-08-20T12:05:26.000Z</time><extensions><gpxtpx:TrackPointExtension><gpxtpx:hr>134</gpxtpx:hr></gpxtpx:TrackPointExtension></extensions></trkpt>
      <trkpt lat="55.680265" lon="12.59991"><ele>3.4</ele><time>2026-08-20T12:05:27.000Z</time><extensions><gpxtpx:TrackPointExtension><gpxtpx:hr>134</gpxtpx:hr></gpxtpx:TrackPointExtension></extensions></trkpt>
      <trkpt lat="55.680254" lon="12.599943"><ele>3.4</ele><time>2026-08-20T12:05:28.000Z</time><extensions><gpxtpx:TrackPointExtension><gpxtpx:hr>134</gpxtpx:hr></gpxtpx:TrackPointExtension></extensions></trkpt>
      <trkpt lat="55.680244" lon="12.599975"><ele>3.6</ele><time>2026-08-20T12:05:29.000Z</time><extensions><gpxtpx:TrackPointExtension><gpxtpx:hr>133</gpxtpx:hr></gpxtpx:TrackPointExtension></extensions></trkpt>
      <trkpt lat="55.680233" lon="12.600009"><ele>3.6</ele><time>2026-08-20T12:05:30.000Z</time><extensions><gpxtpx:TrackPointExtension><gpxtpx:hr>133</gpxtpx:hr></gpxtpx:TrackPointExtension></extensions></trkpt>
      <trkpt lat="55.680222" lon="12.600041"><ele>3.6</ele><time>2026-08-20T12:05:31.000Z</time><extensions><gpxtpx:TrackPointExtension><gpxtpx:hr>134</gpxtpx:hr></gpxtpx:TrackPointExtension></extensions></trkpt>
      <trkpt lat="55.680211" lon="12.600075"><ele>3.6</ele><time>2026-08-20T12:05:32.000Z</time><extensions><gpxtpx:TrackPointExtension><gpxtpx:hr>134</gpxtpx:hr></gpxtpx:TrackPointExtension></extensions></trkpt>
      <trkpt lat="55.6802" lon="12.600109"><ele>3.6</ele><time>2026-08-20T12:05:33.000Z</time><extensions><gpxtpx:TrackPointExtension><gpxtpx:hr>134</gpxtpx:hr></gpxtpx:TrackPointExtension></extensions></trkpt>
      <trkpt lat="55.68019" lon="12.600144"><ele>3.8</ele><time>2026-08-20T12:05:34.000Z</time><extensions><gpxtpx:TrackPointExtension><gpxtpx:hr>134</gpxtpx:hr></gpxtpx:TrackPointExtension></extensions></trkpt>
      <trkpt lat="55.68018" lon="12.600179"><ele>3.8</ele><time>2026-08-20T12:05:35.000Z</time><extensions><gpxtpx:TrackPointExtension><gpxtpx:hr>134</gpxtpx:hr></gpxtpx:TrackPointExtension></extensions></trkpt>
      <trkpt lat="55.68017" lon="12.600215"><ele>3.8</ele><time>2026-08-20T12:05:36.000Z</time><extensions><gpxtpx:TrackPointExtension><gpxtpx:hr>134</gpxtpx:hr></gpxtpx:TrackPointExtension></extensions></trkpt>
      <trkpt lat="55.68016" lon="12.600251"><ele>4</ele><time>2026-08-20T12:05:37.000Z</time><extensions><gpxtpx:TrackPointExtension><gpxtpx:hr>134</gpxtpx:hr></gpxtpx:TrackPointExtension></extensions></trkpt>
      <trkpt lat="55.680151" lon="12.600286"><ele>4</ele><time>2026-08-20T12:05:38.000Z</time><extensions><gpxtpx:TrackPointExtension><gpxtpx:hr>136</gpxtpx:hr></gpxtpx:TrackPointExtension></extensions></trkpt>
      <trkpt lat="55.680143" lon="12.60032"><ele>4</ele><time>2026-08-20T12:05:39.000Z</time><extensions><gpxtpx:TrackPointExtension><gpxtpx:hr>136</gpxtpx:hr></gpxtpx:TrackPointExtension></extensions></trkpt>
      <trkpt lat="55.680135" lon="12.600355"><ele>4</ele><time>2026-08-20T12:05:40.000Z</time><extensions><gpxtpx:TrackPointExtension><gpxtpx:hr>136</gpxtpx:hr></gpxtpx:TrackPointExtension></extensions></trkpt>
      <trkpt lat="55.680127" lon="12.600391"><ele>4</ele><time>2026-08-20T12:05:41.000Z</time><extensions><gpxtpx:TrackPointExtension><gpxtpx:hr>136</gpxtpx:hr></gpxtpx:TrackPointExtension></extensions></trkpt>
      <trkpt lat="55.68012" lon="12.600427"><ele>4</ele><time>2026-08-20T12:05:42.000Z</time><extensions><gpxtpx:TrackPointExtension><gpxtpx:hr>136</gpxtpx:hr></gpxtpx:TrackPointExtension></extensions></trkpt>
      <trkpt lat="55.680114" lon="12.600463"><ele>4</ele><time>2026-08-20T12:05:43.000Z</time><extensions><gpxtpx:TrackPointExtension><gpxtpx:hr>136</gpxtpx:hr></gpxtpx:TrackPointExtension></extensions></trkpt>
      <trkpt lat="55.680109" lon="12.600499"><ele>4</ele><time>2026-08-20T12:05:44.000Z</time><extensions><gpxtpx:TrackPointExtension><gpxtpx:hr>136</gpxtpx:hr></gpxtpx:TrackPointExtension></extensions></trkpt>
      <trkpt lat="55.680108" lon="12.600534"><ele>4</ele><time>2026-08-20T12:05:45.000Z</time><extensions><gpxtpx:TrackPointExtension><gpxtpx:hr>138</gpxtpx:hr></gpxtpx:TrackPointExtension></extensions></trkpt>
      <trkpt lat="55.680113" lon="12.600568"><ele>4</ele><time>2026-08-20T12:05:46.000Z</time><extensions><gpxtpx:TrackPointExtension><gpxtpx:hr>138</gpxtpx:hr></gpxtpx:TrackPointExtension></extensions></trkpt>
      <trkpt lat="55.680127" lon="12.600595"><ele>4</ele><time>2026-08-20T12:05:47.000Z</time><extensions><gpxtpx:TrackPointExtension><gpxtpx:hr>137</gpxtpx:hr></gpxtpx:TrackPointExtension></extensions></trkpt>
      <trkpt lat="55.680146" lon="12.600616"><ele>4</ele><time>2026-08-20T12:05:48.000Z</time><extensions><gpxtpx:TrackPointExtension><gpxtpx:hr>137</gpxtpx:hr></gpxtpx:TrackPointExtension></extensions></trkpt>
      <trkpt lat="55.680166" lon="12.600634"><ele>4</ele><time>2026-08-20T12:05:49.000Z</time><extensions><gpxtpx:TrackPointExtension><gpxtpx:hr>137</gpxtpx:hr></gpxtpx:TrackPointExtension></extensions></trkpt>
      <trkpt lat="55.680187" lon="12.60065"><ele>4</ele><time>2026-08-20T12:05:50.000Z</time><extensions><gpxtpx:TrackPointExtension><gpxtpx:hr>137</gpxtpx:hr></gpxtpx:TrackPointExtension></extensions></trkpt>
      <trkpt lat="55.680207" lon="12.600666"><ele>4</ele><time>2026-08-20T12:05:51.000Z</time><extensions><gpxtpx:TrackPointExtension><gpxtpx:hr>137</gpxtpx:hr></gpxtpx:TrackPointExtension></extensions></trkpt>
      <trkpt lat="55.680227" lon="12.600681"><ele>4</ele><time>2026-08-20T12:05:52.000Z</time><extensions><gpxtpx:TrackPointExtension><gpxtpx:hr>137</gpxtpx:hr></gpxtpx:TrackPointExtension></extensions></trkpt>
      <trkpt lat="55.680247" lon="12.600697"><ele>4</ele><time>2026-08-20T12:05:53.000Z</time><extensions><gpxtpx:TrackPointExtension><gpxtpx:hr>137</gpxtpx:hr></gpxtpx:TrackPointExtension></extensions></trkpt>
      <trkpt lat="55.680267" lon="12.600713"><ele>4</ele><time>2026-08-20T12:05:54.000Z</time><extensions><gpxtpx:TrackPointExtension><gpxtpx:hr>137</gpxtpx:hr></gpxtpx:TrackPointExtension></extensions></trkpt>
      <trkpt lat="55.680287" lon="12.600729"><ele>4</ele><time>2026-08-20T12:05:55.000Z</time><extensions><gpxtpx:TrackPointExtension><gpxtpx:hr>137</gpxtpx:hr></gpxtpx:TrackPointExtension></extensions></trkpt>
      <trkpt lat="55.680307" lon="12.600745"><ele>4</ele><time>2026-08-20T12:05:56.000Z</time><extensions><gpxtpx:TrackPointExtension><gpxtpx:hr>137</gpxtpx:hr></gpxtpx:TrackPointExtension></extensions></trkpt>
      <trkpt lat="55.680326" lon="12.600761"><ele>4</ele><time>2026-08-20T12:05:57.000Z</time><extensions><gpxtpx:TrackPointExtension><gpxtpx:hr>137</gpxtpx:hr></gpxtpx:TrackPointExtension></extensions></trkpt>
      <trkpt lat="55.680346" lon="12.600777"><ele>4</ele><time>2026-08-20T12:05:58.000Z</time><extensions><gpxtpx:TrackPointExtension><gpxtpx:hr>137</gpxtpx:hr></gpxtpx:TrackPointExtension></extensions></trkpt>
      <trkpt lat="55.680365" lon="12.600793"><ele>4</ele><time>2026-08-20T12:05:59.000Z</time><extensions><gpxtpx:TrackPointExtension><gpxtpx:hr>137</gpxtpx:hr></gpxtpx:TrackPointExtension></extensions></trkpt>
      <trkpt lat="55.680383" lon="12.600809"><ele>4</ele><time>2026-08-20T12:06:00.000Z</time><extensions><gpxtpx:TrackPointExtension><gpxtpx:hr>137</gpxtpx:hr></gpxtpx:TrackPointExtension></extensions></trkpt>
      <trkpt lat="55.6804" lon="12.600825"><ele>4</ele><time>2026-08-20T12:06:01.000Z</time><extensions><gpxtpx:TrackPointExtension><gpxtpx:hr>137</gpxtpx:hr></gpxtpx:TrackPointExtension></extensions></trkpt>
      <trkpt lat="55.680417" lon="12.600842"><ele>4</ele><time>2026-08-20T12:06:02.000Z</time><extensions><gpxtpx:TrackPointExtension><gpxtpx:hr>137</gpxtpx:hr></gpxtpx:TrackPointExtension></extensions></trkpt>
      <trkpt lat="55.680431" lon="12.600859"><ele>4</ele><time>2026-08-20T12:06:03.000Z</time><extensions><gpxtpx:TrackPointExtension><gpxtpx:hr>137</gpxtpx:hr></gpxtpx:TrackPointExtension></extensions></trkpt>
      <trkpt lat="55.680442" lon="12.60088"><ele>4</ele><time>2026-08-20T12:06:04.000Z</time><extensions><gpxtpx:TrackPointExtension><gpxtpx:hr>138</gpxtpx:hr></gpxtpx:TrackPointExtension></extensions></trkpt>
      <trkpt lat="55.680447" lon="12.600907"><ele>4</ele><time>2026-08-20T12:06:05.000Z</time><extensions><gpxtpx:TrackPointExtension><gpxtpx:hr>138</gpxtpx:hr></gpxtpx:TrackPointExtension></extensions></trkpt>
      <trkpt lat="55.680443" lon="12.600942"><ele>4</ele><time>2026-08-20T12:06:06.000Z</time><extensions><gpxtpx:TrackPointExtension><gpxtpx:hr>138</gpxtpx:hr></gpxtpx:TrackPointExtension></extensions></trkpt>
      <trkpt lat="55.680435" lon="12.600981"><ele>4</ele><time>2026-08-20T12:06:07.000Z</time><extensions><gpxtpx:TrackPointExtension><gpxtpx:hr>138</gpxtpx:hr></gpxtpx:TrackPointExtension></extensions></trkpt>
      <trkpt lat="55.680424" lon="12.60102"><ele>4</ele><time>2026-08-20T12:06:08.000Z</time><extensions><gpxtpx:TrackPointExtension><gpxtpx:hr>138</gpxtpx:hr></gpxtpx:TrackPointExtension></extensions></trkpt>
      <trkpt lat="55.680411" lon="12.601061"><ele>4</ele><time>2026-08-20T12:06:09.000Z</time><extensions><gpxtpx:TrackPointExtension><gpxtpx:hr>137</gpxtpx:hr></gpxtpx:TrackPointExtension></extensions></trkpt>
      <trkpt lat="55.680399" lon="12.601101"><ele>4</ele><time>2026-08-20T12:06:10.000Z</time><extensions><gpxtpx:TrackPointExtension><gpxtpx:hr>137</gpxtpx:hr></gpxtpx:TrackPointExtension></extensions></trkpt>
      <trkpt lat="55.680386" lon="12.601141"><ele>3.8</ele><time>2026-08-20T12:06:11.000Z</time><extensions><gpxtpx:TrackPointExtension><gpxtpx:hr>137</gpxtpx:hr></gpxtpx:TrackPointExtension></extensions></trkpt>
      <trkpt lat="55.680373" lon="12.601181"><ele>3.8</ele><time>2026-08-20T12:06:12.000Z</time><extensions><gpxtpx:TrackPointExtension><gpxtpx:hr>137</gpxtpx:hr></gpxtpx:TrackPointExtension></extensions></trkpt>
      <trkpt lat="55.680359" lon="12.60122"><ele>3.8</ele><time>2026-08-20T12:06:13.000Z</time><extensions><gpxtpx:TrackPointExtension><gpxtpx:hr>137</gpxtpx:hr></gpxtpx:TrackPointExtension></extensions></trkpt>
      <trkpt lat="55.680346" lon="12.601258"><ele>3.8</ele><time>2026-08-20T12:06:14.000Z</time><extensions><gpxtpx:TrackPointExtension><gpxtpx:hr>137</gpxtpx:hr></gpxtpx:TrackPointExtension></extensions></trkpt>
      <trkpt lat="55.680333" lon="12.601294"><ele>3.8</ele><time>2026-08-20T12:06:15.000Z</time><extensions><gpxtpx:TrackPointExtension><gpxtpx:hr>136</gpxtpx:hr></gpxtpx:TrackPointExtension></extensions></trkpt>
      <trkpt lat="55.680317" lon="12.601327"><ele>3.6</ele><time>2026-08-20T12:06:16.000Z</time><extensions><gpxtpx:TrackPointExtension><gpxtpx:hr>136</gpxtpx:hr></gpxtpx:TrackPointExtension></extensions></trkpt>
      <trkpt lat="55.680298" lon="12.601352"><ele>3.6</ele><time>2026-08-20T12:06:17.000Z</time><extensions><gpxtpx:TrackPointExtension><gpxtpx:hr>136</gpxtpx:hr></gpxtpx:TrackPointExtension></extensions></trkpt>
      <trkpt lat="55.680274" lon="12.601366"><ele>3.6</ele><time>2026-08-20T12:06:18.000Z</time><extensions><gpxtpx:TrackPointExtension><gpxtpx:hr>136</gpxtpx:hr></gpxtpx:TrackPointExtension></extensions></trkpt>
      <trkpt lat="55.680249" lon="12.601368"><ele>3.6</ele><time>2026-08-20T12:06:19.000Z</time><extensions><gpxtpx:TrackPointExtension><gpxtpx:hr>136</gpxtpx:hr></gpxtpx:TrackPointExtension></extensions></trkpt>
      <trkpt lat="55.680223" lon="12.601362"><ele>3.6</ele><time>2026-08-20T12:06:20.000Z</time><extensions><gpxtpx:TrackPointExtension><gpxtpx:hr>136</gpxtpx:hr></gpxtpx:TrackPointExtension></extensions></trkpt>
      <trkpt lat="55.680198" lon="12.601351"><ele>3.6</ele><time>2026-08-20T12:06:21.000Z</time><extensions><gpxtpx:TrackPointExtension><gpxtpx:hr>136</gpxtpx:hr></gpxtpx:TrackPointExtension></extensions></trkpt>
      <trkpt lat="55.680173" lon="12.601337"><ele>3.6</ele><time>2026-08-20T12:06:22.000Z</time><extensions><gpxtpx:TrackPointExtension><gpxtpx:hr>137</gpxtpx:hr></gpxtpx:TrackPointExtension></extensions></trkpt>
      <trkpt lat="55.680148" lon="12.601321"><ele>3.6</ele><time>2026-08-20T12:06:23.000Z</time><extensions><gpxtpx:TrackPointExtension><gpxtpx:hr>137</gpxtpx:hr></gpxtpx:TrackPointExtension></extensions></trkpt>
      <trkpt lat="55.680123" lon="12.601304"><ele>3.6</ele><time>2026-08-20T12:06:24.000Z</time><extensions><gpxtpx:TrackPointExtension><gpxtpx:hr>137</gpxtpx:hr></gpxtpx:TrackPointExtension></extensions></trkpt>
      <trkpt lat="55.6801" lon="12.601286"><ele>3.6</ele><time>2026-08-20T12:06:25.000Z</time><extensions><gpxtpx:TrackPointExtension><gpxtpx:hr>137</gpxtpx:hr></gpxtpx:TrackPointExtension></extensions></trkpt>
      <trkpt lat="55.680076" lon="12.601269"><ele>3.6</ele><time>2026-08-20T12:06:26.000Z</time><extensions><gpxtpx:TrackPointExtension><gpxtpx:hr>137</gpxtpx:hr></gpxtpx:TrackPointExtension></extensions></trkpt>
      <trkpt lat="55.680054" lon="12.601251"><ele>3.8</ele><time>2026-08-20T12:06:27.000Z</time><extensions><gpxtpx:TrackPointExtension><gpxtpx:hr>137</gpxtpx:hr></gpxtpx:TrackPointExtension></extensions></trkpt>
      <trkpt lat="55.680032" lon="12.601234"><ele>3.8</ele><time>2026-08-20T12:06:28.000Z</time><extensions><gpxtpx:TrackPointExtension><gpxtpx:hr>137</gpxtpx:hr></gpxtpx:TrackPointExtension></extensions></trkpt>
      <trkpt lat="55.68001" lon="12.601217"><ele>3.8</ele><time>2026-08-20T12:06:29.000Z</time><extensions><gpxtpx:TrackPointExtension><gpxtpx:hr>137</gpxtpx:hr></gpxtpx:TrackPointExtension></extensions></trkpt>
      <trkpt lat="55.679988" lon="12.6012"><ele>3.8</ele><time>2026-08-20T12:06:30.000Z</time><extensions><gpxtpx:TrackPointExtension><gpxtpx:hr>137</gpxtpx:hr></gpxtpx:TrackPointExtension></extensions></trkpt>
      <trkpt lat="55.679965" lon="12.601182"><ele>3.8</ele><time>2026-08-20T12:06:31.000Z</time><extensions><gpxtpx:TrackPointExtension><gpxtpx:hr>137</gpxtpx:hr></gpxtpx:TrackPointExtension></extensions></trkpt>
      <trkpt lat="55.679943" lon="12.601164"><ele>3.8</ele><time>2026-08-20T12:06:32.000Z</time><extensions><gpxtpx:TrackPointExtension><gpxtpx:hr>137</gpxtpx:hr></gpxtpx:TrackPointExtension></extensions></trkpt>
      <trkpt lat="55.679921" lon="12.601146"><ele>3.6</ele><time>2026-08-20T12:06:33.000Z</time><extensions><gpxtpx:TrackPointExtension><gpxtpx:hr>137</gpxtpx:hr></gpxtpx:TrackPointExtension></extensions></trkpt>
      <trkpt lat="55.679899" lon="12.601129"><ele>3.6</ele><time>2026-08-20T12:06:34.000Z</time><extensions><gpxtpx:TrackPointExtension><gpxtpx:hr>137</gpxtpx:hr></gpxtpx:TrackPointExtension></extensions></trkpt>
      <trkpt lat="55.679877" lon="12.601111"><ele>3.6</ele><time>2026-08-20T12:06:35.000Z</time><extensions><gpxtpx:TrackPointExtension><gpxtpx:hr>137</gpxtpx:hr></gpxtpx:TrackPointExtension></extensions></trkpt>
      <trkpt lat="55.679855" lon="12.601093"><ele>3.6</ele><time>2026-08-20T12:06:36.000Z</time><extensions><gpxtpx:TrackPointExtension><gpxtpx:hr>137</gpxtpx:hr></gpxtpx:TrackPointExtension></extensions></trkpt>
      <trkpt lat="55.679833" lon="12.601075"><ele>3.6</ele><time>2026-08-20T12:06:37.000Z</time><extensions><gpxtpx:TrackPointExtension><gpxtpx:hr>137</gpxtpx:hr></gpxtpx:TrackPointExtension></extensions></trkpt>
      <trkpt lat="55.679811" lon="12.601056"><ele>3.6</ele><time>2026-08-20T12:06:38.000Z</time><extensions><gpxtpx:TrackPointExtension><gpxtpx:hr>136</gpxtpx:hr></gpxtpx:TrackPointExtension></extensions></trkpt>
      <trkpt lat="55.679789" lon="12.601037"><ele>3.6</ele><time>2026-08-20T12:06:39.000Z</time><extensions><gpxtpx:TrackPointExtension><gpxtpx:hr>136</gpxtpx:hr></gpxtpx:TrackPointExtension></extensions></trkpt>
      <trkpt lat="55.679767" lon="12.601018"><ele>3.6</ele><time>2026-08-20T12:06:40.000Z</time><extensions><gpxtpx:TrackPointExtension><gpxtpx:hr>136</gpxtpx:hr></gpxtpx:TrackPointExtension></extensions></trkpt>
      <trkpt lat="55.679744" lon="12.600999"><ele>3.6</ele><time>2026-08-20T12:06:41.000Z</time><extensions><gpxtpx:TrackPointExtension><gpxtpx:hr>136</gpxtpx:hr></gpxtpx:TrackPointExtension></extensions></trkpt>
      <trkpt lat="55.679722" lon="12.600978"><ele>3.6</ele><time>2026-08-20T12:06:42.000Z</time><extensions><gpxtpx:TrackPointExtension><gpxtpx:hr>136</gpxtpx:hr></gpxtpx:TrackPointExtension></extensions></trkpt>
      <trkpt lat="55.679701" lon="12.600957"><ele>3.6</ele><time>2026-08-20T12:06:43.000Z</time><extensions><gpxtpx:TrackPointExtension><gpxtpx:hr>136</gpxtpx:hr></gpxtpx:TrackPointExtension></extensions></trkpt>
      <trkpt lat="55.679681" lon="12.600935"><ele>3.6</ele><time>2026-08-20T12:06:44.000Z</time><extensions><gpxtpx:TrackPointExtension><gpxtpx:hr>136</gpxtpx:hr></gpxtpx:TrackPointExtension></extensions></trkpt>
      <trkpt lat="55.679661" lon="12.600914"><ele>3.6</ele><time>2026-08-20T12:06:45.000Z</time><extensions><gpxtpx:TrackPointExtension><gpxtpx:hr>136</gpxtpx:hr></gpxtpx:TrackPointExtension></extensions></trkpt>
      <trkpt lat="55.679642" lon="12.600893"><ele>3.8</ele><time>2026-08-20T12:06:46.000Z</time><extensions><gpxtpx:TrackPointExtension><gpxtpx:hr>136</gpxtpx:hr></gpxtpx:TrackPointExtension></extensions></trkpt>
      <trkpt lat="55.679622" lon="12.600873"><ele>3.8</ele><time>2026-08-20T12:06:47.000Z</time><extensions><gpxtpx:TrackPointExtension><gpxtpx:hr>136</gpxtpx:hr></gpxtpx:TrackPointExtension></extensions></trkpt>
      <trkpt lat="55.679601" lon="12.600853"><ele>3.8</ele><time>2026-08-20T12:06:48.000Z</time><extensions><gpxtpx:TrackPointExtension><gpxtpx:hr>136</gpxtpx:hr></gpxtpx:TrackPointExtension></extensions></trkpt>
      <trkpt lat="55.679579" lon="12.600837"><ele>3.8</ele><time>2026-08-20T12:06:49.000Z</time><extensions><gpxtpx:TrackPointExtension><gpxtpx:hr>136</gpxtpx:hr></gpxtpx:TrackPointExtension></extensions></trkpt>
      <trkpt lat="55.679557" lon="12.600826"><ele>3.8</ele><time>2026-08-20T12:06:50.000Z</time><extensions><gpxtpx:TrackPointExtension><gpxtpx:hr>136</gpxtpx:hr></gpxtpx:TrackPointExtension></extensions></trkpt>
      <trkpt lat="55.679535" lon="12.600816"><ele>3.8</ele><time>2026-08-20T12:06:51.000Z</time><extensions><gpxtpx:TrackPointExtension><gpxtpx:hr>136</gpxtpx:hr></gpxtpx:TrackPointExtension></extensions></trkpt>
      <trkpt lat="55.679512" lon="12.600804"><ele>4</ele><time>2026-08-20T12:06:52.000Z</time><extensions><gpxtpx:TrackPointExtension><gpxtpx:hr>136</gpxtpx:hr></gpxtpx:TrackPointExtension></extensions></trkpt>
      <trkpt lat="55.67949" lon="12.600792"><ele>4</ele><time>2026-08-20T12:06:53.000Z</time><extensions><gpxtpx:TrackPointExtension><gpxtpx:hr>136</gpxtpx:hr></gpxtpx:TrackPointExtension></extensions></trkpt>
      <trkpt lat="55.679468" lon="12.60078"><ele>4</ele><time>2026-08-20T12:06:54.000Z</time><extensions><gpxtpx:TrackPointExtension><gpxtpx:hr>136</gpxtpx:hr></gpxtpx:TrackPointExtension></extensions></trkpt>
      <trkpt lat="55.679447" lon="12.600769"><ele>4</ele><time>2026-08-20T12:06:55.000Z</time><extensions><gpxtpx:TrackPointExtension><gpxtpx:hr>138</gpxtpx:hr></gpxtpx:TrackPointExtension></extensions></trkpt>
      <trkpt lat="55.679426" lon="12.600757"><ele>4</ele><time>2026-08-20T12:06:56.000Z</time><extensions><gpxtpx:TrackPointExtension><gpxtpx:hr>138</gpxtpx:hr></gpxtpx:TrackPointExtension></extensions></trkpt>
      <trkpt lat="55.679405" lon="12.600747"><ele>4</ele><time>2026-08-20T12:06:57.000Z</time><extensions><gpxtpx:TrackPointExtension><gpxtpx:hr>138</gpxtpx:hr></gpxtpx:TrackPointExtension></extensions></trkpt>
      <trkpt lat="55.679384" lon="12.600737"><ele>4</ele><time>2026-08-20T12:06:58.000Z</time><extensions><gpxtpx:TrackPointExtension><gpxtpx:hr>138</gpxtpx:hr></gpxtpx:TrackPointExtension></extensions></trkpt>
      <trkpt lat="55.679362" lon="12.600726"><ele>4.2</ele><time>2026-08-20T12:06:59.000Z</time><extensions><gpxtpx:TrackPointExtension><gpxtpx:hr>138</gpxtpx:hr></gpxtpx:TrackPointExtension></extensions></trkpt>
      <trkpt lat="55.679339" lon="12.600716"><ele>4.2</ele><time>2026-08-20T12:07:00.000Z</time><extensions><gpxtpx:TrackPointExtension><gpxtpx:hr>138</gpxtpx:hr></gpxtpx:TrackPointExtension></extensions></trkpt>
      <trkpt lat="55.679316" lon="12.600705"><ele>4.2</ele><time>2026-08-20T12:07:01.000Z</time><extensions><gpxtpx:TrackPointExtension><gpxtpx:hr>138</gpxtpx:hr></gpxtpx:TrackPointExtension></extensions></trkpt>
      <trkpt lat="55.679292" lon="12.600693"><ele>4.2</ele><time>2026-08-20T12:07:02.000Z</time><extensions><gpxtpx:TrackPointExtension><gpxtpx:hr>138</gpxtpx:hr></gpxtpx:TrackPointExtension></extensions></trkpt>
      <trkpt lat="55.679269" lon="12.600678"><ele>4.2</ele><time>2026-08-20T12:07:03.000Z</time><extensions><gpxtpx:TrackPointExtension><gpxtpx:hr>138</gpxtpx:hr></gpxtpx:TrackPointExtension></extensions></trkpt>
      <trkpt lat="55.679246" lon="12.600658"><ele>4</ele><time>2026-08-20T12:07:04.000Z</time><extensions><gpxtpx:TrackPointExtension><gpxtpx:hr>138</gpxtpx:hr></gpxtpx:TrackPointExtension></extensions></trkpt>
      <trkpt lat="55.679223" lon="12.600636"><ele>4</ele><time>2026-08-20T12:07:05.000Z</time><extensions><gpxtpx:TrackPointExtension><gpxtpx:hr>138</gpxtpx:hr></gpxtpx:TrackPointExtension></extensions></trkpt>
      <trkpt lat="55.6792" lon="12.600618"><ele>4</ele><time>2026-08-20T12:07:06.000Z</time><extensions><gpxtpx:TrackPointExtension><gpxtpx:hr>138</gpxtpx:hr></gpxtpx:TrackPointExtension></extensions></trkpt>
      <trkpt lat="55.679179" lon="12.600602"><ele>4</ele><time>2026-08-20T12:07:07.000Z</time><extensions><gpxtpx:TrackPointExtension><gpxtpx:hr>138</gpxtpx:hr></gpxtpx:TrackPointExtension></extensions></trkpt>
      <trkpt lat="55.679159" lon="12.600586"><ele>4</ele><time>2026-08-20T12:07:08.000Z</time><extensions><gpxtpx:TrackPointExtension><gpxtpx:hr>138</gpxtpx:hr></gpxtpx:TrackPointExtension></extensions></trkpt>
      <trkpt lat="55.679139" lon="12.600568"><ele>4</ele><time>2026-08-20T12:07:09.000Z</time><extensions><gpxtpx:TrackPointExtension><gpxtpx:hr>138</gpxtpx:hr></gpxtpx:TrackPointExtension></extensions></trkpt>
      <trkpt lat="55.679118" lon="12.600549"><ele>3.8</ele><time>2026-08-20T12:07:10.000Z</time><extensions><gpxtpx:TrackPointExtension><gpxtpx:hr>138</gpxtpx:hr></gpxtpx:TrackPointExtension></extensions></trkpt>
      <trkpt lat="55.679097" lon="12.600529"><ele>3.8</ele><time>2026-08-20T12:07:11.000Z</time><extensions><gpxtpx:TrackPointExtension><gpxtpx:hr>139</gpxtpx:hr></gpxtpx:TrackPointExtension></extensions></trkpt>
      <trkpt lat="55.679075" lon="12.600509"><ele>3.8</ele><time>2026-08-20T12:07:12.000Z</time><extensions><gpxtpx:TrackPointExtension><gpxtpx:hr>139</gpxtpx:hr></gpxtpx:TrackPointExtension></extensions></trkpt>
      <trkpt lat="55.679054" lon="12.60049"><ele>3.8</ele><time>2026-08-20T12:07:13.000Z</time><extensions><gpxtpx:TrackPointExtension><gpxtpx:hr>139</gpxtpx:hr></gpxtpx:TrackPointExtension></extensions></trkpt>
      <trkpt lat="55.679033" lon="12.600471"><ele>3.8</ele><time>2026-08-20T12:07:14.000Z</time><extensions><gpxtpx:TrackPointExtension><gpxtpx:hr>139</gpxtpx:hr></gpxtpx:TrackPointExtension></extensions></trkpt>
      <trkpt lat="55.679013" lon="12.600452"><ele>3.8</ele><time>2026-08-20T12:07:15.000Z</time><extensions><gpxtpx:TrackPointExtension><gpxtpx:hr>139</gpxtpx:hr></gpxtpx:TrackPointExtension></extensions></trkpt>
      <trkpt lat="55.678992" lon="12.600434"><ele>3.8</ele><time>2026-08-20T12:07:16.000Z</time><extensions><gpxtpx:TrackPointExtension><gpxtpx:hr>139</gpxtpx:hr></gpxtpx:TrackPointExtension></extensions></trkpt>
      <trkpt lat="55.678972" lon="12.600417"><ele>3.8</ele><time>2026-08-20T12:07:17.000Z</time><extensions><gpxtpx:TrackPointExtension><gpxtpx:hr>141</gpxtpx:hr></gpxtpx:TrackPointExtension></extensions></trkpt>
      <trkpt lat="55.678954" lon="12.6004"><ele>3.8</ele><time>2026-08-20T12:07:18.000Z</time><extensions><gpxtpx:TrackPointExtension><gpxtpx:hr>141</gpxtpx:hr></gpxtpx:TrackPointExtension></extensions></trkpt>
      <trkpt lat="55.678934" lon="12.600383"><ele>3.8</ele><time>2026-08-20T12:07:19.000Z</time><extensions><gpxtpx:TrackPointExtension><gpxtpx:hr>141</gpxtpx:hr></gpxtpx:TrackPointExtension></extensions></trkpt>
      <trkpt lat="55.678915" lon="12.600366"><ele>3.8</ele><time>2026-08-20T12:07:20.000Z</time><extensions><gpxtpx:TrackPointExtension><gpxtpx:hr>141</gpxtpx:hr></gpxtpx:TrackPointExtension></extensions></trkpt>
      <trkpt lat="55.678896" lon="12.600349"><ele>3.8</ele><time>2026-08-20T12:07:21.000Z</time><extensions><gpxtpx:TrackPointExtension><gpxtpx:hr>141</gpxtpx:hr></gpxtpx:TrackPointExtension></extensions></trkpt>
      <trkpt lat="55.678876" lon="12.600332"><ele>3.8</ele><time>2026-08-20T12:07:22.000Z</time><extensions><gpxtpx:TrackPointExtension><gpxtpx:hr>141</gpxtpx:hr></gpxtpx:TrackPointExtension></extensions></trkpt>
      <trkpt lat="55.678855" lon="12.600317"><ele>3.8</ele><time>2026-08-20T12:07:23.000Z</time><extensions><gpxtpx:TrackPointExtension><gpxtpx:hr>140</gpxtpx:hr></gpxtpx:TrackPointExtension></extensions></trkpt>
      <trkpt lat="55.678834" lon="12.600302"><ele>3.8</ele><time>2026-08-20T12:07:24.000Z</time><extensions><gpxtpx:TrackPointExtension><gpxtpx:hr>140</gpxtpx:hr></gpxtpx:TrackPointExtension></extensions></trkpt>
      <trkpt lat="55.678814" lon="12.600286"><ele>4</ele><time>2026-08-20T12:07:25.000Z</time><extensions><gpxtpx:TrackPointExtension><gpxtpx:hr>140</gpxtpx:hr></gpxtpx:TrackPointExtension></extensions></trkpt>
      <trkpt lat="55.678795" lon="12.600272"><ele>4</ele><time>2026-08-20T12:07:26.000Z</time><extensions><gpxtpx:TrackPointExtension><gpxtpx:hr>140</gpxtpx:hr></gpxtpx:TrackPointExtension></extensions></trkpt>
      <trkpt lat="55.678777" lon="12.600258"><ele>4</ele><time>2026-08-20T12:07:27.000Z</time><extensions><gpxtpx:TrackPointExtension><gpxtpx:hr>140</gpxtpx:hr></gpxtpx:TrackPointExtension></extensions></trkpt>
      <trkpt lat="55.678759" lon="12.600245"><ele>4</ele><time>2026-08-20T12:07:28.000Z</time><extensions><gpxtpx:TrackPointExtension><gpxtpx:hr>140</gpxtpx:hr></gpxtpx:TrackPointExtension></extensions></trkpt>
      <trkpt lat="55.678741" lon="12.600231"><ele>4</ele><time>2026-08-20T12:07:29.000Z</time><extensions><gpxtpx:TrackPointExtension><gpxtpx:hr>140</gpxtpx:hr></gpxtpx:TrackPointExtension></extensions></trkpt>
      <trkpt lat="55.678723" lon="12.600218"><ele>4</ele><time>2026-08-20T12:07:30.000Z</time><extensions><gpxtpx:TrackPointExtension><gpxtpx:hr>140</gpxtpx:hr></gpxtpx:TrackPointExtension></extensions></trkpt>
      <trkpt lat="55.678706" lon="12.600206"><ele>4</ele><time>2026-08-20T12:07:31.000Z</time><extensions><gpxtpx:TrackPointExtension><gpxtpx:hr>140</gpxtpx:hr></gpxtpx:TrackPointExtension></extensions></trkpt>
      <trkpt lat="55.678691" lon="12.600194"><ele>4</ele><time>2026-08-20T12:07:32.000Z</time><extensions><gpxtpx:TrackPointExtension><gpxtpx:hr>140</gpxtpx:hr></gpxtpx:TrackPointExtension></extensions></trkpt>
      <trkpt lat="55.678679" lon="12.600182"><ele>4</ele><time>2026-08-20T12:07:33.000Z</time><extensions><gpxtpx:TrackPointExtension><gpxtpx:hr>140</gpxtpx:hr></gpxtpx:TrackPointExtension></extensions></trkpt>
      <trkpt lat="55.678672" lon="12.600169"><ele>3.8</ele><time>2026-08-20T12:07:34.000Z</time><extensions><gpxtpx:TrackPointExtension><gpxtpx:hr>140</gpxtpx:hr></gpxtpx:TrackPointExtension></extensions></trkpt>
      <trkpt lat="55.678671" lon="12.600156"><ele>3.8</ele><time>2026-08-20T12:07:35.000Z</time><extensions><gpxtpx:TrackPointExtension><gpxtpx:hr>140</gpxtpx:hr></gpxtpx:TrackPointExtension></extensions></trkpt>
      <trkpt lat="55.678672" lon="12.600149"><ele>3.8</ele><time>2026-08-20T12:07:36.000Z</time><extensions><gpxtpx:TrackPointExtension><gpxtpx:hr>140</gpxtpx:hr></gpxtpx:TrackPointExtension></extensions></trkpt>
      <trkpt lat="55.678643" lon="12.600125"><ele>4</ele><time>2026-08-20T12:08:04.000Z</time><extensions><gpxtpx:TrackPointExtension><gpxtpx:hr>140</gpxtpx:hr></gpxtpx:TrackPointExtension></extensions></trkpt>
      <trkpt lat="55.678623" lon="12.600114"><ele>4</ele><time>2026-08-20T12:08:05.000Z</time><extensions><gpxtpx:TrackPointExtension><gpxtpx:hr>140</gpxtpx:hr></gpxtpx:TrackPointExtension></extensions></trkpt>
      <trkpt lat="55.6786" lon="12.600102"><ele>4</ele><time>2026-08-20T12:08:06.000Z</time><extensions><gpxtpx:TrackPointExtension><gpxtpx:hr>140</gpxtpx:hr></gpxtpx:TrackPointExtension></extensions></trkpt>
      <trkpt lat="55.678579" lon="12.600091"><ele>3.8</ele><time>2026-08-20T12:08:07.000Z</time><extensions><gpxtpx:TrackPointExtension><gpxtpx:hr>140</gpxtpx:hr></gpxtpx:TrackPointExtension></extensions></trkpt>
      <trkpt lat="55.678557" lon="12.600081"><ele>3.8</ele><time>2026-08-20T12:08:08.000Z</time><extensions><gpxtpx:TrackPointExtension><gpxtpx:hr>140</gpxtpx:hr></gpxtpx:TrackPointExtension></extensions></trkpt>
      <trkpt lat="55.678533" lon="12.60007"><ele>3.8</ele><time>2026-08-20T12:08:09.000Z</time><extensions><gpxtpx:TrackPointExtension><gpxtpx:hr>140</gpxtpx:hr></gpxtpx:TrackPointExtension></extensions></trkpt>
      <trkpt lat="55.678508" lon="12.600056"><ele>3.8</ele><time>2026-08-20T12:08:10.000Z</time><extensions><gpxtpx:TrackPointExtension><gpxtpx:hr>140</gpxtpx:hr></gpxtpx:TrackPointExtension></extensions></trkpt>
      <trkpt lat="55.678483" lon="12.60004"><ele>3.6</ele><time>2026-08-20T12:08:11.000Z</time><extensions><gpxtpx:TrackPointExtension><gpxtpx:hr>140</gpxtpx:hr></gpxtpx:TrackPointExtension></extensions></trkpt>
      <trkpt lat="55.678461" lon="12.600024"><ele>3.6</ele><time>2026-08-20T12:08:12.000Z</time><extensions><gpxtpx:TrackPointExtension><gpxtpx:hr>140</gpxtpx:hr></gpxtpx:TrackPointExtension></extensions></trkpt>
      <trkpt lat="55.67844" lon="12.600009"><ele>3.6</ele><time>2026-08-20T12:08:13.000Z</time><extensions><gpxtpx:TrackPointExtension><gpxtpx:hr>129</gpxtpx:hr></gpxtpx:TrackPointExtension></extensions></trkpt>
      <trkpt lat="55.67842" lon="12.599993"><ele>3.6</ele><time>2026-08-20T12:08:14.000Z</time><extensions><gpxtpx:TrackPointExtension><gpxtpx:hr>129</gpxtpx:hr></gpxtpx:TrackPointExtension></extensions></trkpt>
      <trkpt lat="55.678399" lon="12.599977"><ele>3.6</ele><time>2026-08-20T12:08:15.000Z</time><extensions><gpxtpx:TrackPointExtension><gpxtpx:hr>129</gpxtpx:hr></gpxtpx:TrackPointExtension></extensions></trkpt>
      <trkpt lat="55.678378" lon="12.599961"><ele>3.6</ele><time>2026-08-20T12:08:16.000Z</time><extensions><gpxtpx:TrackPointExtension><gpxtpx:hr>129</gpxtpx:hr></gpxtpx:TrackPointExtension></extensions></trkpt>
      <trkpt lat="55.678356" lon="12.599945"><ele>3.6</ele><time>2026-08-20T12:08:17.000Z</time><extensions><gpxtpx:TrackPointExtension><gpxtpx:hr>129</gpxtpx:hr></gpxtpx:TrackPointExtension></extensions></trkpt>
      <trkpt lat="55.678335" lon="12.599929"><ele>3.6</ele><time>2026-08-20T12:08:18.000Z</time><extensions><gpxtpx:TrackPointExtension><gpxtpx:hr>129</gpxtpx:hr></gpxtpx:TrackPointExtension></extensions></trkpt>
      <trkpt lat="55.678315" lon="12.599914"><ele>3.8</ele><time>2026-08-20T12:08:19.000Z</time><extensions><gpxtpx:TrackPointExtension><gpxtpx:hr>129</gpxtpx:hr></gpxtpx:TrackPointExtension></extensions></trkpt>
      <trkpt lat="55.678296" lon="12.599899"><ele>3.8</ele><time>2026-08-20T12:08:20.000Z</time><extensions><gpxtpx:TrackPointExtension><gpxtpx:hr>129</gpxtpx:hr></gpxtpx:TrackPointExtension></extensions></trkpt>
      <trkpt lat="55.678277" lon="12.599885"><ele>3.8</ele><time>2026-08-20T12:08:21.000Z</time><extensions><gpxtpx:TrackPointExtension><gpxtpx:hr>129</gpxtpx:hr></gpxtpx:TrackPointExtension></extensions></trkpt>
      <trkpt lat="55.678258" lon="12.599872"><ele>3.6</ele><time>2026-08-20T12:08:22.000Z</time><extensions><gpxtpx:TrackPointExtension><gpxtpx:hr>129</gpxtpx:hr></gpxtpx:TrackPointExtension></extensions></trkpt>
      <trkpt lat="55.67824" lon="12.599859"><ele>3.6</ele><time>2026-08-20T12:08:23.000Z</time><extensions><gpxtpx:TrackPointExtension><gpxtpx:hr>129</gpxtpx:hr></gpxtpx:TrackPointExtension></extensions></trkpt>
      <trkpt lat="55.678222" lon="12.599846"><ele>3.6</ele><time>2026-08-20T12:08:24.000Z</time><extensions><gpxtpx:TrackPointExtension><gpxtpx:hr>129</gpxtpx:hr></gpxtpx:TrackPointExtension></extensions></trkpt>
      <trkpt lat="55.678204" lon="12.599833"><ele>3.6</ele><time>2026-08-20T12:08:25.000Z</time><extensions><gpxtpx:TrackPointExtension><gpxtpx:hr>129</gpxtpx:hr></gpxtpx:TrackPointExtension></extensions></trkpt>
      <trkpt lat="55.678186" lon="12.599818"><ele>3.6</ele><time>2026-08-20T12:08:26.000Z</time><extensions><gpxtpx:TrackPointExtension><gpxtpx:hr>129</gpxtpx:hr></gpxtpx:TrackPointExtension></extensions></trkpt>
      <trkpt lat="55.678168" lon="12.599804"><ele>3.4</ele><time>2026-08-20T12:08:27.000Z</time><extensions><gpxtpx:TrackPointExtension><gpxtpx:hr>129</gpxtpx:hr></gpxtpx:TrackPointExtension></extensions></trkpt>
      <trkpt lat="55.678151" lon="12.59979"><ele>3.4</ele><time>2026-08-20T12:08:28.000Z</time><extensions><gpxtpx:TrackPointExtension><gpxtpx:hr>129</gpxtpx:hr></gpxtpx:TrackPointExtension></extensions></trkpt>
      <trkpt lat="55.678135" lon="12.599775"><ele>3.4</ele><time>2026-08-20T12:08:29.000Z</time><extensions><gpxtpx:TrackPointExtension><gpxtpx:hr>129</gpxtpx:hr></gpxtpx:TrackPointExtension></extensions></trkpt>
      <trkpt lat="55.67812" lon="12.59976"><ele>3.4</ele><time>2026-08-20T12:08:30.000Z</time><extensions><gpxtpx:TrackPointExtension><gpxtpx:hr>130</gpxtpx:hr></gpxtpx:TrackPointExtension></extensions></trkpt>
      <trkpt lat="55.678107" lon="12.599744"><ele>3.2</ele><time>2026-08-20T12:08:31.000Z</time><extensions><gpxtpx:TrackPointExtension><gpxtpx:hr>130</gpxtpx:hr></gpxtpx:TrackPointExtension></extensions></trkpt>
      <trkpt lat="55.678094" lon="12.59973"><ele>3.2</ele><time>2026-08-20T12:08:32.000Z</time><extensions><gpxtpx:TrackPointExtension><gpxtpx:hr>130</gpxtpx:hr></gpxtpx:TrackPointExtension></extensions></trkpt>
      <trkpt lat="55.678082" lon="12.599715"><ele>3.2</ele><time>2026-08-20T12:08:33.000Z</time><extensions><gpxtpx:TrackPointExtension><gpxtpx:hr>130</gpxtpx:hr></gpxtpx:TrackPointExtension></extensions></trkpt>
      <trkpt lat="55.678071" lon="12.599701"><ele>3.2</ele><time>2026-08-20T12:08:34.000Z</time><extensions><gpxtpx:TrackPointExtension><gpxtpx:hr>130</gpxtpx:hr></gpxtpx:TrackPointExtension></extensions></trkpt>
      <trkpt lat="55.67806" lon="12.599686"><ele>3.2</ele><time>2026-08-20T12:08:35.000Z</time><extensions><gpxtpx:TrackPointExtension><gpxtpx:hr>130</gpxtpx:hr></gpxtpx:TrackPointExtension></extensions></trkpt>
      <trkpt lat="55.678049" lon="12.599672"><ele>3.2</ele><time>2026-08-20T12:08:36.000Z</time><extensions><gpxtpx:TrackPointExtension><gpxtpx:hr>130</gpxtpx:hr></gpxtpx:TrackPointExtension></extensions></trkpt>
      <trkpt lat="55.678038" lon="12.599658"><ele>3.2</ele><time>2026-08-20T12:08:37.000Z</time><extensions><gpxtpx:TrackPointExtension><gpxtpx:hr>130</gpxtpx:hr></gpxtpx:TrackPointExtension></extensions></trkpt>
      <trkpt lat="55.678026" lon="12.599646"><ele>3.2</ele><time>2026-08-20T12:08:38.000Z</time><extensions><gpxtpx:TrackPointExtension><gpxtpx:hr>130</gpxtpx:hr></gpxtpx:TrackPointExtension></extensions></trkpt>
      <trkpt lat="55.678015" lon="12.599635"><ele>3.2</ele><time>2026-08-20T12:08:39.000Z</time><extensions><gpxtpx:TrackPointExtension><gpxtpx:hr>127</gpxtpx:hr></gpxtpx:TrackPointExtension></extensions></trkpt>
      <trkpt lat="55.678003" lon="12.599625"><ele>3.2</ele><time>2026-08-20T12:08:40.000Z</time><extensions><gpxtpx:TrackPointExtension><gpxtpx:hr>127</gpxtpx:hr></gpxtpx:TrackPointExtension></extensions></trkpt>
      <trkpt lat="55.677989" lon="12.599612"><ele>3.4</ele><time>2026-08-20T12:08:41.000Z</time><extensions><gpxtpx:TrackPointExtension><gpxtpx:hr>127</gpxtpx:hr></gpxtpx:TrackPointExtension></extensions></trkpt>
      <trkpt lat="55.677971" lon="12.599598"><ele>3.4</ele><time>2026-08-20T12:08:42.000Z</time><extensions><gpxtpx:TrackPointExtension><gpxtpx:hr>127</gpxtpx:hr></gpxtpx:TrackPointExtension></extensions></trkpt>
      <trkpt lat="55.677952" lon="12.599583"><ele>3.4</ele><time>2026-08-20T12:08:43.000Z</time><extensions><gpxtpx:TrackPointExtension><gpxtpx:hr>127</gpxtpx:hr></gpxtpx:TrackPointExtension></extensions></trkpt>
      <trkpt lat="55.677931" lon="12.599566"><ele>3.4</ele><time>2026-08-20T12:08:44.000Z</time><extensions><gpxtpx:TrackPointExtension><gpxtpx:hr>126</gpxtpx:hr></gpxtpx:TrackPointExtension></extensions></trkpt>
      <trkpt lat="55.67791" lon="12.599549"><ele>3.4</ele><time>2026-08-20T12:08:45.000Z</time><extensions><gpxtpx:TrackPointExtension><gpxtpx:hr>126</gpxtpx:hr></gpxtpx:TrackPointExtension></extensions></trkpt>
      <trkpt lat="55.67789" lon="12.59953"><ele>3.6</ele><time>2026-08-20T12:08:46.000Z</time><extensions><gpxtpx:TrackPointExtension><gpxtpx:hr>126</gpxtpx:hr></gpxtpx:TrackPointExtension></extensions></trkpt>
      <trkpt lat="55.677871" lon="12.599507"><ele>3.6</ele><time>2026-08-20T12:08:47.000Z</time><extensions><gpxtpx:TrackPointExtension><gpxtpx:hr>126</gpxtpx:hr></gpxtpx:TrackPointExtension></extensions></trkpt>
      <trkpt lat="55.677855" lon="12.599481"><ele>3.8</ele><time>2026-08-20T12:08:48.000Z</time><extensions><gpxtpx:TrackPointExtension><gpxtpx:hr>126</gpxtpx:hr></gpxtpx:TrackPointExtension></extensions></trkpt>
      <trkpt lat="55.677841" lon="12.599452"><ele>3.8</ele><time>2026-08-20T12:08:49.000Z</time><extensions><gpxtpx:TrackPointExtension><gpxtpx:hr>126</gpxtpx:hr></gpxtpx:TrackPointExtension></extensions></trkpt>
      <trkpt lat="55.677827" lon="12.599421"><ele>3.8</ele><time>2026-08-20T12:08:50.000Z</time><extensions><gpxtpx:TrackPointExtension><gpxtpx:hr>126</gpxtpx:hr></gpxtpx:TrackPointExtension></extensions></trkpt>
      <trkpt lat="55.677813" lon="12.59939"><ele>4</ele><time>2026-08-20T12:08:51.000Z</time><extensions><gpxtpx:TrackPointExtension><gpxtpx:hr>126</gpxtpx:hr></gpxtpx:TrackPointExtension></extensions></trkpt>
      <trkpt lat="55.677798" lon="12.599358"><ele>4</ele><time>2026-08-20T12:08:52.000Z</time><extensions><gpxtpx:TrackPointExtension><gpxtpx:hr>126</gpxtpx:hr></gpxtpx:TrackPointExtension></extensions></trkpt>
      <trkpt lat="55.677783" lon="12.599327"><ele>4</ele><time>2026-08-20T12:08:53.000Z</time><extensions><gpxtpx:TrackPointExtension><gpxtpx:hr>126</gpxtpx:hr></gpxtpx:TrackPointExtension></extensions></trkpt>
      <trkpt lat="55.677768" lon="12.599299"><ele>4.2</ele><time>2026-08-20T12:08:54.000Z</time><extensions><gpxtpx:TrackPointExtension><gpxtpx:hr>126</gpxtpx:hr></gpxtpx:TrackPointExtension></extensions></trkpt>
      <trkpt lat="55.677753" lon="12.599271"><ele>4.2</ele><time>2026-08-20T12:08:55.000Z</time><extensions><gpxtpx:TrackPointExtension><gpxtpx:hr>126</gpxtpx:hr></gpxtpx:TrackPointExtension></extensions></trkpt>
      <trkpt lat="55.677737" lon="12.599245"><ele>4.2</ele><time>2026-08-20T12:08:56.000Z</time><extensions><gpxtpx:TrackPointExtension><gpxtpx:hr>126</gpxtpx:hr></gpxtpx:TrackPointExtension></extensions></trkpt>
      <trkpt lat="55.677722" lon="12.599218"><ele>4.4</ele><time>2026-08-20T12:08:57.000Z</time><extensions><gpxtpx:TrackPointExtension><gpxtpx:hr>126</gpxtpx:hr></gpxtpx:TrackPointExtension></extensions></trkpt>
      <trkpt lat="55.677695" lon="12.599165"><ele>4.6</ele><time>2026-08-20T12:08:58.000Z</time><extensions><gpxtpx:TrackPointExtension><gpxtpx:hr>126</gpxtpx:hr></gpxtpx:TrackPointExtension></extensions></trkpt>
      <trkpt lat="55.677684" lon="12.599139"><ele>4.6</ele><time>2026-08-20T12:08:59.000Z</time><extensions><gpxtpx:TrackPointExtension><gpxtpx:hr>126</gpxtpx:hr></gpxtpx:TrackPointExtension></extensions></trkpt>
      <trkpt lat="55.677672" lon="12.599114"><ele>4.6</ele><time>2026-08-20T12:09:00.000Z</time><extensions><gpxtpx:TrackPointExtension><gpxtpx:hr>130</gpxtpx:hr></gpxtpx:TrackPointExtension></extensions></trkpt>
      <trkpt lat="55.677662" lon="12.59909"><ele>4.8</ele><time>2026-08-20T12:09:01.000Z</time><extensions><gpxtpx:TrackPointExtension><gpxtpx:hr>130</gpxtpx:hr></gpxtpx:TrackPointExtension></extensions></trkpt>
      <trkpt lat="55.677651" lon="12.599063"><ele>4.8</ele><time>2026-08-20T12:09:02.000Z</time><extensions><gpxtpx:TrackPointExtension><gpxtpx:hr>130</gpxtpx:hr></gpxtpx:TrackPointExtension></extensions></trkpt>
      <trkpt lat="55.677643" lon="12.59903"><ele>4.8</ele><time>2026-08-20T12:09:03.000Z</time><extensions><gpxtpx:TrackPointExtension><gpxtpx:hr>130</gpxtpx:hr></gpxtpx:TrackPointExtension></extensions></trkpt>
      <trkpt lat="55.677638" lon="12.598988"><ele>5</ele><time>2026-08-20T12:09:04.000Z</time><extensions><gpxtpx:TrackPointExtension><gpxtpx:hr>130</gpxtpx:hr></gpxtpx:TrackPointExtension></extensions></trkpt>
      <trkpt lat="55.677638" lon="12.598941"><ele>5</ele><time>2026-08-20T12:09:05.000Z</time><extensions><gpxtpx:TrackPointExtension><gpxtpx:hr>130</gpxtpx:hr></gpxtpx:TrackPointExtension></extensions></trkpt>
      <trkpt lat="55.677645" lon="12.598895"><ele>5</ele><time>2026-08-20T12:09:06.000Z</time><extensions><gpxtpx:TrackPointExtension><gpxtpx:hr>130</gpxtpx:hr></gpxtpx:TrackPointExtension></extensions></trkpt>
      <trkpt lat="55.677654" lon="12.598852"><ele>5</ele><time>2026-08-20T12:09:07.000Z</time><extensions><gpxtpx:TrackPointExtension><gpxtpx:hr>130</gpxtpx:hr></gpxtpx:TrackPointExtension></extensions></trkpt>
      <trkpt lat="55.67766" lon="12.598814"><ele>4.8</ele><time>2026-08-20T12:09:08.000Z</time><extensions><gpxtpx:TrackPointExtension><gpxtpx:hr>130</gpxtpx:hr></gpxtpx:TrackPointExtension></extensions></trkpt>
      <trkpt lat="55.677664" lon="12.598783"><ele>4.8</ele><time>2026-08-20T12:09:09.000Z</time><extensions><gpxtpx:TrackPointExtension><gpxtpx:hr>130</gpxtpx:hr></gpxtpx:TrackPointExtension></extensions></trkpt>
      <trkpt lat="55.677665" lon="12.598761"><ele>4.8</ele><time>2026-08-20T12:09:10.000Z</time><extensions><gpxtpx:TrackPointExtension><gpxtpx:hr>130</gpxtpx:hr></gpxtpx:TrackPointExtension></extensions></trkpt>
      <trkpt lat="55.677666" lon="12.598743"><ele>4.8</ele><time>2026-08-20T12:09:11.000Z</time><extensions><gpxtpx:TrackPointExtension><gpxtpx:hr>131</gpxtpx:hr></gpxtpx:TrackPointExtension></extensions></trkpt>
      <trkpt lat="55.677669" lon="12.598718"><ele>4.8</ele><time>2026-08-20T12:09:12.000Z</time><extensions><gpxtpx:TrackPointExtension><gpxtpx:hr>131</gpxtpx:hr></gpxtpx:TrackPointExtension></extensions></trkpt>
      <trkpt lat="55.677674" lon="12.59868"><ele>4.8</ele><time>2026-08-20T12:09:13.000Z</time><extensions><gpxtpx:TrackPointExtension><gpxtpx:hr>131</gpxtpx:hr></gpxtpx:TrackPointExtension></extensions></trkpt>
      <trkpt lat="55.67768" lon="12.598635"><ele>4.8</ele><time>2026-08-20T12:09:14.000Z</time><extensions><gpxtpx:TrackPointExtension><gpxtpx:hr>131</gpxtpx:hr></gpxtpx:TrackPointExtension></extensions></trkpt>
      <trkpt lat="55.677687" lon="12.598591"><ele>4.8</ele><time>2026-08-20T12:09:15.000Z</time><extensions><gpxtpx:TrackPointExtension><gpxtpx:hr>131</gpxtpx:hr></gpxtpx:TrackPointExtension></extensions></trkpt>
      <trkpt lat="55.677694" lon="12.59855"><ele>4.8</ele><time>2026-08-20T12:09:16.000Z</time><extensions><gpxtpx:TrackPointExtension><gpxtpx:hr>131</gpxtpx:hr></gpxtpx:TrackPointExtension></extensions></trkpt>
      <trkpt lat="55.6777" lon="12.598511"><ele>4.6</ele><time>2026-08-20T12:09:17.000Z</time><extensions><gpxtpx:TrackPointExtension><gpxtpx:hr>131</gpxtpx:hr></gpxtpx:TrackPointExtension></extensions></trkpt>
      <trkpt lat="55.677706" lon="12.598474"><ele>4.6</ele><time>2026-08-20T12:09:18.000Z</time><extensions><gpxtpx:TrackPointExtension><gpxtpx:hr>131</gpxtpx:hr></gpxtpx:TrackPointExtension></extensions></trkpt>
      <trkpt lat="55.677713" lon="12.598436"><ele>4.6</ele><time>2026-08-20T12:09:19.000Z</time><extensions><gpxtpx:TrackPointExtension><gpxtpx:hr>136</gpxtpx:hr></gpxtpx:TrackPointExtension></extensions></trkpt>
      <trkpt lat="55.677721" lon="12.598394"><ele>4.4</ele><time>2026-08-20T12:09:20.000Z</time><extensions><gpxtpx:TrackPointExtension><gpxtpx:hr>136</gpxtpx:hr></gpxtpx:TrackPointExtension></extensions></trkpt>
      <trkpt lat="55.677731" lon="12.598343"><ele>4.4</ele><time>2026-08-20T12:09:21.000Z</time><extensions><gpxtpx:TrackPointExtension><gpxtpx:hr>136</gpxtpx:hr></gpxtpx:TrackPointExtension></extensions></trkpt>
      <trkpt lat="55.677742" lon="12.598285"><ele>4.2</ele><time>2026-08-20T12:09:22.000Z</time><extensions><gpxtpx:TrackPointExtension><gpxtpx:hr>136</gpxtpx:hr></gpxtpx:TrackPointExtension></extensions></trkpt>
      <trkpt lat="55.677751" lon="12.598223"><ele>4.2</ele><time>2026-08-20T12:09:23.000Z</time><extensions><gpxtpx:TrackPointExtension><gpxtpx:hr>136</gpxtpx:hr></gpxtpx:TrackPointExtension></extensions></trkpt>
      <trkpt lat="55.677761" lon="12.59816"><ele>4</ele><time>2026-08-20T12:09:24.000Z</time><extensions><gpxtpx:TrackPointExtension><gpxtpx:hr>136</gpxtpx:hr></gpxtpx:TrackPointExtension></extensions></trkpt>
      <trkpt lat="55.677769" lon="12.598105"><ele>4</ele><time>2026-08-20T12:09:25.000Z</time><extensions><gpxtpx:TrackPointExtension><gpxtpx:hr>136</gpxtpx:hr></gpxtpx:TrackPointExtension></extensions></trkpt>
      <trkpt lat="55.677779" lon="12.598057"><ele>3.8</ele><time>2026-08-20T12:09:26.000Z</time><extensions><gpxtpx:TrackPointExtension><gpxtpx:hr>136</gpxtpx:hr></gpxtpx:TrackPointExtension></extensions></trkpt>
      <trkpt lat="55.67779" lon="12.598014"><ele>3.8</ele><time>2026-08-20T12:09:27.000Z</time><extensions><gpxtpx:TrackPointExtension><gpxtpx:hr>136</gpxtpx:hr></gpxtpx:TrackPointExtension></extensions></trkpt>
      <trkpt lat="55.677802" lon="12.597973"><ele>3.6</ele><time>2026-08-20T12:09:28.000Z</time><extensions><gpxtpx:TrackPointExtension><gpxtpx:hr>136</gpxtpx:hr></gpxtpx:TrackPointExtension></extensions></trkpt>
      <trkpt lat="55.677814" lon="12.597933"><ele>3.6</ele><time>2026-08-20T12:09:29.000Z</time><extensions><gpxtpx:TrackPointExtension><gpxtpx:hr>136</gpxtpx:hr></gpxtpx:TrackPointExtension></extensions></trkpt>
      <trkpt lat="55.677824" lon="12.597898"><ele>3.4</ele><time>2026-08-20T12:09:30.000Z</time><extensions><gpxtpx:TrackPointExtension><gpxtpx:hr>138</gpxtpx:hr></gpxtpx:TrackPointExtension></extensions></trkpt>
      <trkpt lat="55.677829" lon="12.597869"><ele>3.4</ele><time>2026-08-20T12:09:31.000Z</time><extensions><gpxtpx:TrackPointExtension><gpxtpx:hr>138</gpxtpx:hr></gpxtpx:TrackPointExtension></extensions></trkpt>
      <trkpt lat="55.677832" lon="12.597844"><ele>3.4</ele><time>2026-08-20T12:09:32.000Z</time><extensions><gpxtpx:TrackPointExtension><gpxtpx:hr>138</gpxtpx:hr></gpxtpx:TrackPointExtension></extensions></trkpt>
      <trkpt lat="55.677832" lon="12.597823"><ele>3.4</ele><time>2026-08-20T12:09:33.000Z</time><extensions><gpxtpx:TrackPointExtension><gpxtpx:hr>139</gpxtpx:hr></gpxtpx:TrackPointExtension></extensions></trkpt>
      <trkpt lat="55.677829" lon="12.597803"><ele>3.4</ele><time>2026-08-20T12:09:34.000Z</time><extensions><gpxtpx:TrackPointExtension><gpxtpx:hr>139</gpxtpx:hr></gpxtpx:TrackPointExtension></extensions></trkpt>
      <trkpt lat="55.677821" lon="12.597782"><ele>3.4</ele><time>2026-08-20T12:09:35.000Z</time><extensions><gpxtpx:TrackPointExtension><gpxtpx:hr>139</gpxtpx:hr></gpxtpx:TrackPointExtension></extensions></trkpt>
      <trkpt lat="55.677806" lon="12.597765"><ele>3.4</ele><time>2026-08-20T12:09:36.000Z</time><extensions><gpxtpx:TrackPointExtension><gpxtpx:hr>139</gpxtpx:hr></gpxtpx:TrackPointExtension></extensions></trkpt>
      <trkpt lat="55.677784" lon="12.59775"><ele>3.4</ele><time>2026-08-20T12:09:37.000Z</time><extensions><gpxtpx:TrackPointExtension><gpxtpx:hr>141</gpxtpx:hr></gpxtpx:TrackPointExtension></extensions></trkpt>
      <trkpt lat="55.677757" lon="12.597734"><ele>3.4</ele><time>2026-08-20T12:09:38.000Z</time><extensions><gpxtpx:TrackPointExtension><gpxtpx:hr>141</gpxtpx:hr></gpxtpx:TrackPointExtension></extensions></trkpt>
      <trkpt lat="55.677731" lon="12.597716"><ele>3.4</ele><time>2026-08-20T12:09:39.000Z</time><extensions><gpxtpx:TrackPointExtension><gpxtpx:hr>141</gpxtpx:hr></gpxtpx:TrackPointExtension></extensions></trkpt>
      <trkpt lat="55.677704" lon="12.597695"><ele>3.4</ele><time>2026-08-20T12:09:40.000Z</time><extensions><gpxtpx:TrackPointExtension><gpxtpx:hr>141</gpxtpx:hr></gpxtpx:TrackPointExtension></extensions></trkpt>
      <trkpt lat="55.677679" lon="12.597672"><ele>3.4</ele><time>2026-08-20T12:09:41.000Z</time><extensions><gpxtpx:TrackPointExtension><gpxtpx:hr>141</gpxtpx:hr></gpxtpx:TrackPointExtension></extensions></trkpt>
      <trkpt lat="55.677654" lon="12.597648"><ele>3.4</ele><time>2026-08-20T12:09:42.000Z</time><extensions><gpxtpx:TrackPointExtension><gpxtpx:hr>141</gpxtpx:hr></gpxtpx:TrackPointExtension></extensions></trkpt>
      <trkpt lat="55.67763" lon="12.597624"><ele>3.4</ele><time>2026-08-20T12:09:43.000Z</time><extensions><gpxtpx:TrackPointExtension><gpxtpx:hr>141</gpxtpx:hr></gpxtpx:TrackPointExtension></extensions></trkpt>
      <trkpt lat="55.677606" lon="12.597599"><ele>3.2</ele><time>2026-08-20T12:09:44.000Z</time><extensions><gpxtpx:TrackPointExtension><gpxtpx:hr>141</gpxtpx:hr></gpxtpx:TrackPointExtension></extensions></trkpt>
      <trkpt lat="55.677581" lon="12.597573"><ele>3.2</ele><time>2026-08-20T12:09:45.000Z</time><extensions><gpxtpx:TrackPointExtension><gpxtpx:hr>141</gpxtpx:hr></gpxtpx:TrackPointExtension></extensions></trkpt>
      <trkpt lat="55.677557" lon="12.597547"><ele>3.2</ele><time>2026-08-20T12:09:46.000Z</time><extensions><gpxtpx:TrackPointExtension><gpxtpx:hr>141</gpxtpx:hr></gpxtpx:TrackPointExtension></extensions></trkpt>
      <trkpt lat="55.677534" lon="12.597521"><ele>3.2</ele><time>2026-08-20T12:09:47.000Z</time><extensions><gpxtpx:TrackPointExtension><gpxtpx:hr>141</gpxtpx:hr></gpxtpx:TrackPointExtension></extensions></trkpt>
      <trkpt lat="55.677511" lon="12.597494"><ele>3.2</ele><time>2026-08-20T12:09:48.000Z</time><extensions><gpxtpx:TrackPointExtension><gpxtpx:hr>141</gpxtpx:hr></gpxtpx:TrackPointExtension></extensions></trkpt>
      <trkpt lat="55.677489" lon="12.597467"><ele>3.2</ele><time>2026-08-20T12:09:49.000Z</time><extensions><gpxtpx:TrackPointExtension><gpxtpx:hr>141</gpxtpx:hr></gpxtpx:TrackPointExtension></extensions></trkpt>
      <trkpt lat="55.677468" lon="12.59744"><ele>3.2</ele><time>2026-08-20T12:09:50.000Z</time><extensions><gpxtpx:TrackPointExtension><gpxtpx:hr>141</gpxtpx:hr></gpxtpx:TrackPointExtension></extensions></trkpt>
      <trkpt lat="55.677447" lon="12.597411"><ele>3.2</ele><time>2026-08-20T12:09:51.000Z</time><extensions><gpxtpx:TrackPointExtension><gpxtpx:hr>141</gpxtpx:hr></gpxtpx:TrackPointExtension></extensions></trkpt>
      <trkpt lat="55.677427" lon="12.597381"><ele>3.2</ele><time>2026-08-20T12:09:52.000Z</time><extensions><gpxtpx:TrackPointExtension><gpxtpx:hr>141</gpxtpx:hr></gpxtpx:TrackPointExtension></extensions></trkpt>
      <trkpt lat="55.677408" lon="12.597351"><ele>3.2</ele><time>2026-08-20T12:09:53.000Z</time><extensions><gpxtpx:TrackPointExtension><gpxtpx:hr>141</gpxtpx:hr></gpxtpx:TrackPointExtension></extensions></trkpt>
      <trkpt lat="55.677389" lon="12.59732"><ele>3.2</ele><time>2026-08-20T12:09:54.000Z</time><extensions><gpxtpx:TrackPointExtension><gpxtpx:hr>142</gpxtpx:hr></gpxtpx:TrackPointExtension></extensions></trkpt>
      <trkpt lat="55.677371" lon="12.597289"><ele>3.2</ele><time>2026-08-20T12:09:55.000Z</time><extensions><gpxtpx:TrackPointExtension><gpxtpx:hr>142</gpxtpx:hr></gpxtpx:TrackPointExtension></extensions></trkpt>
      <trkpt lat="55.677353" lon="12.597258"><ele>3.2</ele><time>2026-08-20T12:09:56.000Z</time><extensions><gpxtpx:TrackPointExtension><gpxtpx:hr>142</gpxtpx:hr></gpxtpx:TrackPointExtension></extensions></trkpt>
      <trkpt lat="55.677336" lon="12.597227"><ele>3.2</ele><time>2026-08-20T12:09:57.000Z</time><extensions><gpxtpx:TrackPointExtension><gpxtpx:hr>142</gpxtpx:hr></gpxtpx:TrackPointExtension></extensions></trkpt>
      <trkpt lat="55.67732" lon="12.597198"><ele>3.4</ele><time>2026-08-20T12:09:58.000Z</time><extensions><gpxtpx:TrackPointExtension><gpxtpx:hr>142</gpxtpx:hr></gpxtpx:TrackPointExtension></extensions></trkpt>
      <trkpt lat="55.677305" lon="12.597169"><ele>3.4</ele><time>2026-08-20T12:09:59.000Z</time><extensions><gpxtpx:TrackPointExtension><gpxtpx:hr>142</gpxtpx:hr></gpxtpx:TrackPointExtension></extensions></trkpt>
      <trkpt lat="55.67729" lon="12.597139"><ele>3.4</ele><time>2026-08-20T12:10:00.000Z</time><extensions><gpxtpx:TrackPointExtension><gpxtpx:hr>142</gpxtpx:hr></gpxtpx:TrackPointExtension></extensions></trkpt>
      <trkpt lat="55.677275" lon="12.597109"><ele>3.4</ele><time>2026-08-20T12:10:01.000Z</time><extensions><gpxtpx:TrackPointExtension><gpxtpx:hr>143</gpxtpx:hr></gpxtpx:TrackPointExtension></extensions></trkpt>
      <trkpt lat="55.677259" lon="12.597079"><ele>3.4</ele><time>2026-08-20T12:10:02.000Z</time><extensions><gpxtpx:TrackPointExtension><gpxtpx:hr>143</gpxtpx:hr></gpxtpx:TrackPointExtension></extensions></trkpt>
      <trkpt lat="55.677245" lon="12.597051"><ele>3.4</ele><time>2026-08-20T12:10:03.000Z</time><extensions><gpxtpx:TrackPointExtension><gpxtpx:hr>143</gpxtpx:hr></gpxtpx:TrackPointExtension></extensions></trkpt>
      <trkpt lat="55.677231" lon="12.597025"><ele>3.4</ele><time>2026-08-20T12:10:04.000Z</time><extensions><gpxtpx:TrackPointExtension><gpxtpx:hr>143</gpxtpx:hr></gpxtpx:TrackPointExtension></extensions></trkpt>
      <trkpt lat="55.677217" lon="12.597"><ele>3.4</ele><time>2026-08-20T12:10:05.000Z</time><extensions><gpxtpx:TrackPointExtension><gpxtpx:hr>143</gpxtpx:hr></gpxtpx:TrackPointExtension></extensions></trkpt>
      <trkpt lat="55.677202" lon="12.596975"><ele>3.4</ele><time>2026-08-20T12:10:06.000Z</time><extensions><gpxtpx:TrackPointExtension><gpxtpx:hr>144</gpxtpx:hr></gpxtpx:TrackPointExtension></extensions></trkpt>
      <trkpt lat="55.677185" lon="12.596947"><ele>3.4</ele><time>2026-08-20T12:10:07.000Z</time><extensions><gpxtpx:TrackPointExtension><gpxtpx:hr>144</gpxtpx:hr></gpxtpx:TrackPointExtension></extensions></trkpt>
      <trkpt lat="55.677167" lon="12.596917"><ele>3.2</ele><time>2026-08-20T12:10:08.000Z</time><extensions><gpxtpx:TrackPointExtension><gpxtpx:hr>144</gpxtpx:hr></gpxtpx:TrackPointExtension></extensions></trkpt>
      <trkpt lat="55.67715" lon="12.596889"><ele>3.2</ele><time>2026-08-20T12:10:09.000Z</time><extensions><gpxtpx:TrackPointExtension><gpxtpx:hr>144</gpxtpx:hr></gpxtpx:TrackPointExtension></extensions></trkpt>
      <trkpt lat="55.677133" lon="12.596862"><ele>3.2</ele><time>2026-08-20T12:10:10.000Z</time><extensions><gpxtpx:TrackPointExtension><gpxtpx:hr>144</gpxtpx:hr></gpxtpx:TrackPointExtension></extensions></trkpt>
      <trkpt lat="55.677117" lon="12.596837"><ele>3.2</ele><time>2026-08-20T12:10:11.000Z</time><extensions><gpxtpx:TrackPointExtension><gpxtpx:hr>144</gpxtpx:hr></gpxtpx:TrackPointExtension></extensions></trkpt>
      <trkpt lat="55.677101" lon="12.596813"><ele>3.2</ele><time>2026-08-20T12:10:12.000Z</time><extensions><gpxtpx:TrackPointExtension><gpxtpx:hr>144</gpxtpx:hr></gpxtpx:TrackPointExtension></extensions></trkpt>
      <trkpt lat="55.677086" lon="12.596792"><ele>3.2</ele><time>2026-08-20T12:10:13.000Z</time><extensions><gpxtpx:TrackPointExtension><gpxtpx:hr>144</gpxtpx:hr></gpxtpx:TrackPointExtension></extensions></trkpt>
      <trkpt lat="55.67707" lon="12.59677"><ele>3.4</ele><time>2026-08-20T12:10:14.000Z</time><extensions><gpxtpx:TrackPointExtension><gpxtpx:hr>144</gpxtpx:hr></gpxtpx:TrackPointExtension></extensions></trkpt>
      <trkpt lat="55.677055" lon="12.596746"><ele>3.4</ele><time>2026-08-20T12:10:15.000Z</time><extensions><gpxtpx:TrackPointExtension><gpxtpx:hr>143</gpxtpx:hr></gpxtpx:TrackPointExtension></extensions></trkpt>
      <trkpt lat="55.677041" lon="12.596722"><ele>3.4</ele><time>2026-08-20T12:10:16.000Z</time><extensions><gpxtpx:TrackPointExtension><gpxtpx:hr>143</gpxtpx:hr></gpxtpx:TrackPointExtension></extensions></trkpt>
      <trkpt lat="55.677026" lon="12.596696"><ele>3.4</ele><time>2026-08-20T12:10:17.000Z</time><extensions><gpxtpx:TrackPointExtension><gpxtpx:hr>143</gpxtpx:hr></gpxtpx:TrackPointExtension></extensions></trkpt>
      <trkpt lat="55.67701" lon="12.596672"><ele>3.4</ele><time>2026-08-20T12:10:18.000Z</time><extensions><gpxtpx:TrackPointExtension><gpxtpx:hr>144</gpxtpx:hr></gpxtpx:TrackPointExtension></extensions></trkpt>
      <trkpt lat="55.676993" lon="12.596649"><ele>3.4</ele><time>2026-08-20T12:10:19.000Z</time><extensions><gpxtpx:TrackPointExtension><gpxtpx:hr>144</gpxtpx:hr></gpxtpx:TrackPointExtension></extensions></trkpt>
      <trkpt lat="55.676976" lon="12.596628"><ele>3.4</ele><time>2026-08-20T12:10:20.000Z</time><extensions><gpxtpx:TrackPointExtension><gpxtpx:hr>144</gpxtpx:hr></gpxtpx:TrackPointExtension></extensions></trkpt>
      <trkpt lat="55.676959" lon="12.596607"><ele>3.4</ele><time>2026-08-20T12:10:21.000Z</time><extensions><gpxtpx:TrackPointExtension><gpxtpx:hr>144</gpxtpx:hr></gpxtpx:TrackPointExtension></extensions></trkpt>
      <trkpt lat="55.676943" lon="12.596584"><ele>3.4</ele><time>2026-08-20T12:10:22.000Z</time><extensions><gpxtpx:TrackPointExtension><gpxtpx:hr>144</gpxtpx:hr></gpxtpx:TrackPointExtension></extensions></trkpt>
      <trkpt lat="55.676928" lon="12.596559"><ele>3.4</ele><time>2026-08-20T12:10:23.000Z</time><extensions><gpxtpx:TrackPointExtension><gpxtpx:hr>144</gpxtpx:hr></gpxtpx:TrackPointExtension></extensions></trkpt>
      <trkpt lat="55.676914" lon="12.596534"><ele>3.4</ele><time>2026-08-20T12:10:24.000Z</time><extensions><gpxtpx:TrackPointExtension><gpxtpx:hr>144</gpxtpx:hr></gpxtpx:TrackPointExtension></extensions></trkpt>
      <trkpt lat="55.6769" lon="12.596508"><ele>3.6</ele><time>2026-08-20T12:10:25.000Z</time><extensions><gpxtpx:TrackPointExtension><gpxtpx:hr>144</gpxtpx:hr></gpxtpx:TrackPointExtension></extensions></trkpt>
      <trkpt lat="55.676886" lon="12.596482"><ele>3.6</ele><time>2026-08-20T12:10:26.000Z</time><extensions><gpxtpx:TrackPointExtension><gpxtpx:hr>144</gpxtpx:hr></gpxtpx:TrackPointExtension></extensions></trkpt>
      <trkpt lat="55.676871" lon="12.596455"><ele>3.6</ele><time>2026-08-20T12:10:27.000Z</time><extensions><gpxtpx:TrackPointExtension><gpxtpx:hr>144</gpxtpx:hr></gpxtpx:TrackPointExtension></extensions></trkpt>
      <trkpt lat="55.676856" lon="12.596428"><ele>3.6</ele><time>2026-08-20T12:10:28.000Z</time><extensions><gpxtpx:TrackPointExtension><gpxtpx:hr>144</gpxtpx:hr></gpxtpx:TrackPointExtension></extensions></trkpt>
      <trkpt lat="55.676841" lon="12.596401"><ele>3.6</ele><time>2026-08-20T12:10:29.000Z</time><extensions><gpxtpx:TrackPointExtension><gpxtpx:hr>144</gpxtpx:hr></gpxtpx:TrackPointExtension></extensions></trkpt>
      <trkpt lat="55.676825" lon="12.596374"><ele>3.6</ele><time>2026-08-20T12:10:30.000Z</time><extensions><gpxtpx:TrackPointExtension><gpxtpx:hr>144</gpxtpx:hr></gpxtpx:TrackPointExtension></extensions></trkpt>
      <trkpt lat="55.676809" lon="12.596348"><ele>3.6</ele><time>2026-08-20T12:10:31.000Z</time><extensions><gpxtpx:TrackPointExtension><gpxtpx:hr>144</gpxtpx:hr></gpxtpx:TrackPointExtension></extensions></trkpt>
      <trkpt lat="55.676793" lon="12.596323"><ele>3.8</ele><time>2026-08-20T12:10:32.000Z</time><extensions><gpxtpx:TrackPointExtension><gpxtpx:hr>144</gpxtpx:hr></gpxtpx:TrackPointExtension></extensions></trkpt>
      <trkpt lat="55.676778" lon="12.596298"><ele>3.8</ele><time>2026-08-20T12:10:33.000Z</time><extensions><gpxtpx:TrackPointExtension><gpxtpx:hr>144</gpxtpx:hr></gpxtpx:TrackPointExtension></extensions></trkpt>
      <trkpt lat="55.676764" lon="12.596272"><ele>3.8</ele><time>2026-08-20T12:10:34.000Z</time><extensions><gpxtpx:TrackPointExtension><gpxtpx:hr>144</gpxtpx:hr></gpxtpx:TrackPointExtension></extensions></trkpt>
      <trkpt lat="55.676749" lon="12.596244"><ele>3.8</ele><time>2026-08-20T12:10:35.000Z</time><extensions><gpxtpx:TrackPointExtension><gpxtpx:hr>144</gpxtpx:hr></gpxtpx:TrackPointExtension></extensions></trkpt>
      <trkpt lat="55.676735" lon="12.596215"><ele>3.8</ele><time>2026-08-20T12:10:36.000Z</time><extensions><gpxtpx:TrackPointExtension><gpxtpx:hr>144</gpxtpx:hr></gpxtpx:TrackPointExtension></extensions></trkpt>
      <trkpt lat="55.676721" lon="12.596185"><ele>4</ele><time>2026-08-20T12:10:37.000Z</time><extensions><gpxtpx:TrackPointExtension><gpxtpx:hr>144</gpxtpx:hr></gpxtpx:TrackPointExtension></extensions></trkpt>
      <trkpt lat="55.676709" lon="12.596157"><ele>4</ele><time>2026-08-20T12:10:38.000Z</time><extensions><gpxtpx:TrackPointExtension><gpxtpx:hr>144</gpxtpx:hr></gpxtpx:TrackPointExtension></extensions></trkpt>
      <trkpt lat="55.676699" lon="12.596125"><ele>4</ele><time>2026-08-20T12:10:39.000Z</time><extensions><gpxtpx:TrackPointExtension><gpxtpx:hr>144</gpxtpx:hr></gpxtpx:TrackPointExtension></extensions></trkpt>
      <trkpt lat="55.67669" lon="12.596091"><ele>3.8</ele><time>2026-08-20T12:10:40.000Z</time><extensions><gpxtpx:TrackPointExtension><gpxtpx:hr>144</gpxtpx:hr></gpxtpx:TrackPointExtension></extensions></trkpt>
      <trkpt lat="55.676682" lon="12.596054"><ele>3.8</ele><time>2026-08-20T12:10:41.000Z</time><extensions><gpxtpx:TrackPointExtension><gpxtpx:hr>144</gpxtpx:hr></gpxtpx:TrackPointExtension></extensions></trkpt>
      <trkpt lat="55.676676" lon="12.596012"><ele>3.8</ele><time>2026-08-20T12:10:42.000Z</time><extensions><gpxtpx:TrackPointExtension><gpxtpx:hr>144</gpxtpx:hr></gpxtpx:TrackPointExtension></extensions></trkpt>
      <trkpt lat="55.676673" lon="12.595967"><ele>3.8</ele><time>2026-08-20T12:10:43.000Z</time><extensions><gpxtpx:TrackPointExtension><gpxtpx:hr>144</gpxtpx:hr></gpxtpx:TrackPointExtension></extensions></trkpt>
      <trkpt lat="55.676673" lon="12.59592"><ele>3.8</ele><time>2026-08-20T12:10:44.000Z</time><extensions><gpxtpx:TrackPointExtension><gpxtpx:hr>142</gpxtpx:hr></gpxtpx:TrackPointExtension></extensions></trkpt>
      <trkpt lat="55.676674" lon="12.595876"><ele>3.8</ele><time>2026-08-20T12:10:45.000Z</time><extensions><gpxtpx:TrackPointExtension><gpxtpx:hr>142</gpxtpx:hr></gpxtpx:TrackPointExtension></extensions></trkpt>
      <trkpt lat="55.676677" lon="12.595831"><ele>3.6</ele><time>2026-08-20T12:10:46.000Z</time><extensions><gpxtpx:TrackPointExtension><gpxtpx:hr>142</gpxtpx:hr></gpxtpx:TrackPointExtension></extensions></trkpt>
      <trkpt lat="55.676682" lon="12.595786"><ele>3.6</ele><time>2026-08-20T12:10:47.000Z</time><extensions><gpxtpx:TrackPointExtension><gpxtpx:hr>141</gpxtpx:hr></gpxtpx:TrackPointExtension></extensions></trkpt>
      <trkpt lat="55.676686" lon="12.595741"><ele>3.6</ele><time>2026-08-20T12:10:48.000Z</time><extensions><gpxtpx:TrackPointExtension><gpxtpx:hr>141</gpxtpx:hr></gpxtpx:TrackPointExtension></extensions></trkpt>
      <trkpt lat="55.67669" lon="12.595694"><ele>3.6</ele><time>2026-08-20T12:10:49.000Z</time><extensions><gpxtpx:TrackPointExtension><gpxtpx:hr>141</gpxtpx:hr></gpxtpx:TrackPointExtension></extensions></trkpt>
      <trkpt lat="55.676695" lon="12.595648"><ele>3.6</ele><time>2026-08-20T12:10:50.000Z</time><extensions><gpxtpx:TrackPointExtension><gpxtpx:hr>141</gpxtpx:hr></gpxtpx:TrackPointExtension></extensions></trkpt>
      <trkpt lat="55.676699" lon="12.595602"><ele>3.4</ele><time>2026-08-20T12:10:51.000Z</time><extensions><gpxtpx:TrackPointExtension><gpxtpx:hr>141</gpxtpx:hr></gpxtpx:TrackPointExtension></extensions></trkpt>
      <trkpt lat="55.676703" lon="12.595557"><ele>3.4</ele><time>2026-08-20T12:10:52.000Z</time><extensions><gpxtpx:TrackPointExtension><gpxtpx:hr>141</gpxtpx:hr></gpxtpx:TrackPointExtension></extensions></trkpt>
      <trkpt lat="55.676701" lon="12.595497"><ele>3.4</ele><time>2026-08-20T12:10:53.000Z</time><extensions><gpxtpx:TrackPointExtension><gpxtpx:hr>141</gpxtpx:hr></gpxtpx:TrackPointExtension></extensions></trkpt>
      <trkpt lat="55.676702" lon="12.595453"><ele>3.4</ele><time>2026-08-20T12:10:54.000Z</time><extensions><gpxtpx:TrackPointExtension><gpxtpx:hr>141</gpxtpx:hr></gpxtpx:TrackPointExtension></extensions></trkpt>
      <trkpt lat="55.676703" lon="12.59541"><ele>3.4</ele><time>2026-08-20T12:10:55.000Z</time><extensions><gpxtpx:TrackPointExtension><gpxtpx:hr>141</gpxtpx:hr></gpxtpx:TrackPointExtension></extensions></trkpt>
      <trkpt lat="55.676701" lon="12.595366"><ele>3.4</ele><time>2026-08-20T12:10:56.000Z</time><extensions><gpxtpx:TrackPointExtension><gpxtpx:hr>141</gpxtpx:hr></gpxtpx:TrackPointExtension></extensions></trkpt>
      <trkpt lat="55.676698" lon="12.595322"><ele>3.4</ele><time>2026-08-20T12:10:57.000Z</time><extensions><gpxtpx:TrackPointExtension><gpxtpx:hr>140</gpxtpx:hr></gpxtpx:TrackPointExtension></extensions></trkpt>
      <trkpt lat="55.676692" lon="12.595279"><ele>3.4</ele><time>2026-08-20T12:10:58.000Z</time><extensions><gpxtpx:TrackPointExtension><gpxtpx:hr>140</gpxtpx:hr></gpxtpx:TrackPointExtension></extensions></trkpt>
      <trkpt lat="55.676685" lon="12.595237"><ele>3.4</ele><time>2026-08-20T12:10:59.000Z</time><extensions><gpxtpx:TrackPointExtension><gpxtpx:hr>140</gpxtpx:hr></gpxtpx:TrackPointExtension></extensions></trkpt>
      <trkpt lat="55.676677" lon="12.595197"><ele>3.4</ele><time>2026-08-20T12:11:00.000Z</time><extensions><gpxtpx:TrackPointExtension><gpxtpx:hr>140</gpxtpx:hr></gpxtpx:TrackPointExtension></extensions></trkpt>
      <trkpt lat="55.676667" lon="12.595158"><ele>3.4</ele><time>2026-08-20T12:11:01.000Z</time><extensions><gpxtpx:TrackPointExtension><gpxtpx:hr>140</gpxtpx:hr></gpxtpx:TrackPointExtension></extensions></trkpt>
      <trkpt lat="55.676656" lon="12.595121"><ele>3.4</ele><time>2026-08-20T12:11:02.000Z</time><extensions><gpxtpx:TrackPointExtension><gpxtpx:hr>140</gpxtpx:hr></gpxtpx:TrackPointExtension></extensions></trkpt>
      <trkpt lat="55.676645" lon="12.595084"><ele>3.4</ele><time>2026-08-20T12:11:03.000Z</time><extensions><gpxtpx:TrackPointExtension><gpxtpx:hr>140</gpxtpx:hr></gpxtpx:TrackPointExtension></extensions></trkpt>
      <trkpt lat="55.676632" lon="12.595048"><ele>3.4</ele><time>2026-08-20T12:11:04.000Z</time><extensions><gpxtpx:TrackPointExtension><gpxtpx:hr>140</gpxtpx:hr></gpxtpx:TrackPointExtension></extensions></trkpt>
      <trkpt lat="55.67662" lon="12.595012"><ele>3.4</ele><time>2026-08-20T12:11:05.000Z</time><extensions><gpxtpx:TrackPointExtension><gpxtpx:hr>140</gpxtpx:hr></gpxtpx:TrackPointExtension></extensions></trkpt>
      <trkpt lat="55.676607" lon="12.594977"><ele>3.4</ele><time>2026-08-20T12:11:06.000Z</time><extensions><gpxtpx:TrackPointExtension><gpxtpx:hr>140</gpxtpx:hr></gpxtpx:TrackPointExtension></extensions></trkpt>
      <trkpt lat="55.676595" lon="12.594942"><ele>3.4</ele><time>2026-08-20T12:11:07.000Z</time><extensions><gpxtpx:TrackPointExtension><gpxtpx:hr>140</gpxtpx:hr></gpxtpx:TrackPointExtension></extensions></trkpt>
      <trkpt lat="55.676582" lon="12.594907"><ele>3.4</ele><time>2026-08-20T12:11:08.000Z</time><extensions><gpxtpx:TrackPointExtension><gpxtpx:hr>140</gpxtpx:hr></gpxtpx:TrackPointExtension></extensions></trkpt>
      <trkpt lat="55.67657" lon="12.594872"><ele>3.4</ele><time>2026-08-20T12:11:09.000Z</time><extensions><gpxtpx:TrackPointExtension><gpxtpx:hr>139</gpxtpx:hr></gpxtpx:TrackPointExtension></extensions></trkpt>
      <trkpt lat="55.676558" lon="12.594837"><ele>3.2</ele><time>2026-08-20T12:11:10.000Z</time><extensions><gpxtpx:TrackPointExtension><gpxtpx:hr>139</gpxtpx:hr></gpxtpx:TrackPointExtension></extensions></trkpt>
      <trkpt lat="55.676546" lon="12.594802"><ele>3.2</ele><time>2026-08-20T12:11:11.000Z</time><extensions><gpxtpx:TrackPointExtension><gpxtpx:hr>139</gpxtpx:hr></gpxtpx:TrackPointExtension></extensions></trkpt>
      <trkpt lat="55.676533" lon="12.594765"><ele>3.2</ele><time>2026-08-20T12:11:12.000Z</time><extensions><gpxtpx:TrackPointExtension><gpxtpx:hr>139</gpxtpx:hr></gpxtpx:TrackPointExtension></extensions></trkpt>
      <trkpt lat="55.676521" lon="12.594729"><ele>3.2</ele><time>2026-08-20T12:11:13.000Z</time><extensions><gpxtpx:TrackPointExtension><gpxtpx:hr>139</gpxtpx:hr></gpxtpx:TrackPointExtension></extensions></trkpt>
      <trkpt lat="55.676509" lon="12.594692"><ele>3.2</ele><time>2026-08-20T12:11:14.000Z</time><extensions><gpxtpx:TrackPointExtension><gpxtpx:hr>139</gpxtpx:hr></gpxtpx:TrackPointExtension></extensions></trkpt>
      <trkpt lat="55.676498" lon="12.594657"><ele>3.2</ele><time>2026-08-20T12:11:15.000Z</time><extensions><gpxtpx:TrackPointExtension><gpxtpx:hr>139</gpxtpx:hr></gpxtpx:TrackPointExtension></extensions></trkpt>
      <trkpt lat="55.676487" lon="12.594623"><ele>3.2</ele><time>2026-08-20T12:11:16.000Z</time><extensions><gpxtpx:TrackPointExtension><gpxtpx:hr>139</gpxtpx:hr></gpxtpx:TrackPointExtension></extensions></trkpt>
      <trkpt lat="55.676477" lon="12.59459"><ele>3.2</ele><time>2026-08-20T12:11:17.000Z</time><extensions><gpxtpx:TrackPointExtension><gpxtpx:hr>137</gpxtpx:hr></gpxtpx:TrackPointExtension></extensions></trkpt>
      <trkpt lat="55.676466" lon="12.594557"><ele>3.2</ele><time>2026-08-20T12:11:18.000Z</time><extensions><gpxtpx:TrackPointExtension><gpxtpx:hr>137</gpxtpx:hr></gpxtpx:TrackPointExtension></extensions></trkpt>
      <trkpt lat="55.676456" lon="12.594524"><ele>3.2</ele><time>2026-08-20T12:11:19.000Z</time><extensions><gpxtpx:TrackPointExtension><gpxtpx:hr>137</gpxtpx:hr></gpxtpx:TrackPointExtension></extensions></trkpt>
      <trkpt lat="55.676446" lon="12.594491"><ele>3.2</ele><time>2026-08-20T12:11:20.000Z</time><extensions><gpxtpx:TrackPointExtension><gpxtpx:hr>137</gpxtpx:hr></gpxtpx:TrackPointExtension></extensions></trkpt>
      <trkpt lat="55.676436" lon="12.594459"><ele>3.2</ele><time>2026-08-20T12:11:21.000Z</time><extensions><gpxtpx:TrackPointExtension><gpxtpx:hr>137</gpxtpx:hr></gpxtpx:TrackPointExtension></extensions></trkpt>
      <trkpt lat="55.676426" lon="12.594426"><ele>3.2</ele><time>2026-08-20T12:11:22.000Z</time><extensions><gpxtpx:TrackPointExtension><gpxtpx:hr>137</gpxtpx:hr></gpxtpx:TrackPointExtension></extensions></trkpt>
      <trkpt lat="55.676417" lon="12.594393"><ele>3.2</ele><time>2026-08-20T12:11:23.000Z</time><extensions><gpxtpx:TrackPointExtension><gpxtpx:hr>137</gpxtpx:hr></gpxtpx:TrackPointExtension></extensions></trkpt>
      <trkpt lat="55.676407" lon="12.59436"><ele>3.2</ele><time>2026-08-20T12:11:24.000Z</time><extensions><gpxtpx:TrackPointExtension><gpxtpx:hr>137</gpxtpx:hr></gpxtpx:TrackPointExtension></extensions></trkpt>
      <trkpt lat="55.676398" lon="12.594326"><ele>3.2</ele><time>2026-08-20T12:11:25.000Z</time><extensions><gpxtpx:TrackPointExtension><gpxtpx:hr>139</gpxtpx:hr></gpxtpx:TrackPointExtension></extensions></trkpt>
      <trkpt lat="55.676389" lon="12.594293"><ele>3.2</ele><time>2026-08-20T12:11:26.000Z</time><extensions><gpxtpx:TrackPointExtension><gpxtpx:hr>139</gpxtpx:hr></gpxtpx:TrackPointExtension></extensions></trkpt>
      <trkpt lat="55.67638" lon="12.594259"><ele>3.2</ele><time>2026-08-20T12:11:27.000Z</time><extensions><gpxtpx:TrackPointExtension><gpxtpx:hr>139</gpxtpx:hr></gpxtpx:TrackPointExtension></extensions></trkpt>
      <trkpt lat="55.676371" lon="12.594225"><ele>3.2</ele><time>2026-08-20T12:11:28.000Z</time><extensions><gpxtpx:TrackPointExtension><gpxtpx:hr>139</gpxtpx:hr></gpxtpx:TrackPointExtension></extensions></trkpt>
      <trkpt lat="55.676362" lon="12.59419"><ele>3.2</ele><time>2026-08-20T12:11:29.000Z</time><extensions><gpxtpx:TrackPointExtension><gpxtpx:hr>139</gpxtpx:hr></gpxtpx:TrackPointExtension></extensions></trkpt>
      <trkpt lat="55.676353" lon="12.594155"><ele>3.2</ele><time>2026-08-20T12:11:30.000Z</time><extensions><gpxtpx:TrackPointExtension><gpxtpx:hr>138</gpxtpx:hr></gpxtpx:TrackPointExtension></extensions></trkpt>
      <trkpt lat="55.676345" lon="12.59412"><ele>3.4</ele><time>2026-08-20T12:11:31.000Z</time><extensions><gpxtpx:TrackPointExtension><gpxtpx:hr>138</gpxtpx:hr></gpxtpx:TrackPointExtension></extensions></trkpt>
      <trkpt lat="55.676337" lon="12.594084"><ele>3.4</ele><time>2026-08-20T12:11:32.000Z</time><extensions><gpxtpx:TrackPointExtension><gpxtpx:hr>139</gpxtpx:hr></gpxtpx:TrackPointExtension></extensions></trkpt>
      <trkpt lat="55.676329" lon="12.594048"><ele>3.4</ele><time>2026-08-20T12:11:33.000Z</time><extensions><gpxtpx:TrackPointExtension><gpxtpx:hr>139</gpxtpx:hr></gpxtpx:TrackPointExtension></extensions></trkpt>
      <trkpt lat="55.676321" lon="12.594012"><ele>3.4</ele><time>2026-08-20T12:11:34.000Z</time><extensions><gpxtpx:TrackPointExtension><gpxtpx:hr>139</gpxtpx:hr></gpxtpx:TrackPointExtension></extensions></trkpt>
      <trkpt lat="55.676314" lon="12.593977"><ele>3.4</ele><time>2026-08-20T12:11:35.000Z</time><extensions><gpxtpx:TrackPointExtension><gpxtpx:hr>139</gpxtpx:hr></gpxtpx:TrackPointExtension></extensions></trkpt>
      <trkpt lat="55.676308" lon="12.593943"><ele>3.4</ele><time>2026-08-20T12:11:36.000Z</time><extensions><gpxtpx:TrackPointExtension><gpxtpx:hr>139</gpxtpx:hr></gpxtpx:TrackPointExtension></extensions></trkpt>
      <trkpt lat="55.676301" lon="12.593909"><ele>3.4</ele><time>2026-08-20T12:11:37.000Z</time><extensions><gpxtpx:TrackPointExtension><gpxtpx:hr>140</gpxtpx:hr></gpxtpx:TrackPointExtension></extensions></trkpt>
      <trkpt lat="55.676295" lon="12.593875"><ele>3.4</ele><time>2026-08-20T12:11:38.000Z</time><extensions><gpxtpx:TrackPointExtension><gpxtpx:hr>140</gpxtpx:hr></gpxtpx:TrackPointExtension></extensions></trkpt>
      <trkpt lat="55.676289" lon="12.593842"><ele>3.4</ele><time>2026-08-20T12:11:39.000Z</time><extensions><gpxtpx:TrackPointExtension><gpxtpx:hr>140</gpxtpx:hr></gpxtpx:TrackPointExtension></extensions></trkpt>
      <trkpt lat="55.676283" lon="12.593809"><ele>3.4</ele><time>2026-08-20T12:11:40.000Z</time><extensions><gpxtpx:TrackPointExtension><gpxtpx:hr>140</gpxtpx:hr></gpxtpx:TrackPointExtension></extensions></trkpt>
      <trkpt lat="55.676278" lon="12.593776"><ele>3.4</ele><time>2026-08-20T12:11:41.000Z</time><extensions><gpxtpx:TrackPointExtension><gpxtpx:hr>140</gpxtpx:hr></gpxtpx:TrackPointExtension></extensions></trkpt>
      <trkpt lat="55.676272" lon="12.593746"><ele>3.4</ele><time>2026-08-20T12:11:42.000Z</time><extensions><gpxtpx:TrackPointExtension><gpxtpx:hr>140</gpxtpx:hr></gpxtpx:TrackPointExtension></extensions></trkpt>
      <trkpt lat="55.676268" lon="12.59372"><ele>3.4</ele><time>2026-08-20T12:11:43.000Z</time><extensions><gpxtpx:TrackPointExtension><gpxtpx:hr>140</gpxtpx:hr></gpxtpx:TrackPointExtension></extensions></trkpt>
      <trkpt lat="55.676264" lon="12.5937"><ele>3.4</ele><time>2026-08-20T12:11:44.000Z</time><extensions><gpxtpx:TrackPointExtension><gpxtpx:hr>140</gpxtpx:hr></gpxtpx:TrackPointExtension></extensions></trkpt>
      <trkpt lat="55.676261" lon="12.593685"><ele>3.4</ele><time>2026-08-20T12:11:45.000Z</time><extensions><gpxtpx:TrackPointExtension><gpxtpx:hr>140</gpxtpx:hr></gpxtpx:TrackPointExtension></extensions></trkpt>
      <trkpt lat="55.676259" lon="12.593676"><ele>3.4</ele><time>2026-08-20T12:11:46.000Z</time><extensions><gpxtpx:TrackPointExtension><gpxtpx:hr>140</gpxtpx:hr></gpxtpx:TrackPointExtension></extensions></trkpt>
      <trkpt lat="55.676258" lon="12.593669"><ele>3.4</ele><time>2026-08-20T12:11:47.000Z</time><extensions><gpxtpx:TrackPointExtension><gpxtpx:hr>137</gpxtpx:hr></gpxtpx:TrackPointExtension></extensions></trkpt>
      <trkpt lat="55.676221" lon="12.593569"><ele>3.6</ele><time>2026-08-20T12:11:58.000Z</time><extensions><gpxtpx:TrackPointExtension><gpxtpx:hr>137</gpxtpx:hr></gpxtpx:TrackPointExtension></extensions></trkpt>
      <trkpt lat="55.676211" lon="12.593542"><ele>3.4</ele><time>2026-08-20T12:11:59.000Z</time><extensions><gpxtpx:TrackPointExtension><gpxtpx:hr>137</gpxtpx:hr></gpxtpx:TrackPointExtension></extensions></trkpt>
      <trkpt lat="55.676199" lon="12.593513"><ele>3.4</ele><time>2026-08-20T12:12:00.000Z</time><extensions><gpxtpx:TrackPointExtension><gpxtpx:hr>137</gpxtpx:hr></gpxtpx:TrackPointExtension></extensions></trkpt>
      <trkpt lat="55.676187" lon="12.593483"><ele>3.2</ele><time>2026-08-20T12:12:01.000Z</time><extensions><gpxtpx:TrackPointExtension><gpxtpx:hr>137</gpxtpx:hr></gpxtpx:TrackPointExtension></extensions></trkpt>
      <trkpt lat="55.676174" lon="12.593453"><ele>3.2</ele><time>2026-08-20T12:12:02.000Z</time><extensions><gpxtpx:TrackPointExtension><gpxtpx:hr>137</gpxtpx:hr></gpxtpx:TrackPointExtension></extensions></trkpt>
      <trkpt lat="55.676161" lon="12.593421"><ele>3.2</ele><time>2026-08-20T12:12:03.000Z</time><extensions><gpxtpx:TrackPointExtension><gpxtpx:hr>135</gpxtpx:hr></gpxtpx:TrackPointExtension></extensions></trkpt>
      <trkpt lat="55.676147" lon="12.593389"><ele>3.2</ele><time>2026-08-20T12:12:04.000Z</time><extensions><gpxtpx:TrackPointExtension><gpxtpx:hr>135</gpxtpx:hr></gpxtpx:TrackPointExtension></extensions></trkpt>
      <trkpt lat="55.676132" lon="12.593357"><ele>3.2</ele><time>2026-08-20T12:12:05.000Z</time><extensions><gpxtpx:TrackPointExtension><gpxtpx:hr>135</gpxtpx:hr></gpxtpx:TrackPointExtension></extensions></trkpt>
      <trkpt lat="55.676118" lon="12.593325"><ele>3.2</ele><time>2026-08-20T12:12:06.000Z</time><extensions><gpxtpx:TrackPointExtension><gpxtpx:hr>135</gpxtpx:hr></gpxtpx:TrackPointExtension></extensions></trkpt>
      <trkpt lat="55.676103" lon="12.593294"><ele>3.2</ele><time>2026-08-20T12:12:07.000Z</time><extensions><gpxtpx:TrackPointExtension><gpxtpx:hr>135</gpxtpx:hr></gpxtpx:TrackPointExtension></extensions></trkpt>
      <trkpt lat="55.676089" lon="12.593264"><ele>3.2</ele><time>2026-08-20T12:12:08.000Z</time><extensions><gpxtpx:TrackPointExtension><gpxtpx:hr>135</gpxtpx:hr></gpxtpx:TrackPointExtension></extensions></trkpt>
      <trkpt lat="55.676074" lon="12.593234"><ele>3.2</ele><time>2026-08-20T12:12:09.000Z</time><extensions><gpxtpx:TrackPointExtension><gpxtpx:hr>135</gpxtpx:hr></gpxtpx:TrackPointExtension></extensions></trkpt>
      <trkpt lat="55.676059" lon="12.593205"><ele>3.4</ele><time>2026-08-20T12:12:10.000Z</time><extensions><gpxtpx:TrackPointExtension><gpxtpx:hr>135</gpxtpx:hr></gpxtpx:TrackPointExtension></extensions></trkpt>
      <trkpt lat="55.676044" lon="12.593176"><ele>3.4</ele><time>2026-08-20T12:12:11.000Z</time><extensions><gpxtpx:TrackPointExtension><gpxtpx:hr>135</gpxtpx:hr></gpxtpx:TrackPointExtension></extensions></trkpt>
      <trkpt lat="55.676028" lon="12.593148"><ele>3.4</ele><time>2026-08-20T12:12:12.000Z</time><extensions><gpxtpx:TrackPointExtension><gpxtpx:hr>135</gpxtpx:hr></gpxtpx:TrackPointExtension></extensions></trkpt>
      <trkpt lat="55.676013" lon="12.59312"><ele>3.4</ele><time>2026-08-20T12:12:13.000Z</time><extensions><gpxtpx:TrackPointExtension><gpxtpx:hr>135</gpxtpx:hr></gpxtpx:TrackPointExtension></extensions></trkpt>
      <trkpt lat="55.675997" lon="12.593091"><ele>3.4</ele><time>2026-08-20T12:12:14.000Z</time><extensions><gpxtpx:TrackPointExtension><gpxtpx:hr>135</gpxtpx:hr></gpxtpx:TrackPointExtension></extensions></trkpt>
      <trkpt lat="55.67598" lon="12.593063"><ele>3.6</ele><time>2026-08-20T12:12:15.000Z</time><extensions><gpxtpx:TrackPointExtension><gpxtpx:hr>135</gpxtpx:hr></gpxtpx:TrackPointExtension></extensions></trkpt>
      <trkpt lat="55.675963" lon="12.593035"><ele>3.6</ele><time>2026-08-20T12:12:16.000Z</time><extensions><gpxtpx:TrackPointExtension><gpxtpx:hr>135</gpxtpx:hr></gpxtpx:TrackPointExtension></extensions></trkpt>
      <trkpt lat="55.675946" lon="12.593006"><ele>3.6</ele><time>2026-08-20T12:12:17.000Z</time><extensions><gpxtpx:TrackPointExtension><gpxtpx:hr>135</gpxtpx:hr></gpxtpx:TrackPointExtension></extensions></trkpt>
      <trkpt lat="55.675929" lon="12.592979"><ele>3.8</ele><time>2026-08-20T12:12:18.000Z</time><extensions><gpxtpx:TrackPointExtension><gpxtpx:hr>135</gpxtpx:hr></gpxtpx:TrackPointExtension></extensions></trkpt>
      <trkpt lat="55.675911" lon="12.592951"><ele>3.8</ele><time>2026-08-20T12:12:19.000Z</time><extensions><gpxtpx:TrackPointExtension><gpxtpx:hr>134</gpxtpx:hr></gpxtpx:TrackPointExtension></extensions></trkpt>
      <trkpt lat="55.675894" lon="12.592924"><ele>3.8</ele><time>2026-08-20T12:12:20.000Z</time><extensions><gpxtpx:TrackPointExtension><gpxtpx:hr>134</gpxtpx:hr></gpxtpx:TrackPointExtension></extensions></trkpt>
      <trkpt lat="55.675877" lon="12.592897"><ele>3.8</ele><time>2026-08-20T12:12:21.000Z</time><extensions><gpxtpx:TrackPointExtension><gpxtpx:hr>134</gpxtpx:hr></gpxtpx:TrackPointExtension></extensions></trkpt>
      <trkpt lat="55.67586" lon="12.592871"><ele>3.8</ele><time>2026-08-20T12:12:22.000Z</time><extensions><gpxtpx:TrackPointExtension><gpxtpx:hr>134</gpxtpx:hr></gpxtpx:TrackPointExtension></extensions></trkpt>
      <trkpt lat="55.675843" lon="12.592844"><ele>3.8</ele><time>2026-08-20T12:12:23.000Z</time><extensions><gpxtpx:TrackPointExtension><gpxtpx:hr>134</gpxtpx:hr></gpxtpx:TrackPointExtension></extensions></trkpt>
      <trkpt lat="55.675827" lon="12.592817"><ele>3.8</ele><time>2026-08-20T12:12:24.000Z</time><extensions><gpxtpx:TrackPointExtension><gpxtpx:hr>134</gpxtpx:hr></gpxtpx:TrackPointExtension></extensions></trkpt>
      <trkpt lat="55.67581" lon="12.592791"><ele>3.8</ele><time>2026-08-20T12:12:25.000Z</time><extensions><gpxtpx:TrackPointExtension><gpxtpx:hr>134</gpxtpx:hr></gpxtpx:TrackPointExtension></extensions></trkpt>
      <trkpt lat="55.675794" lon="12.592764"><ele>3.8</ele><time>2026-08-20T12:12:26.000Z</time><extensions><gpxtpx:TrackPointExtension><gpxtpx:hr>136</gpxtpx:hr></gpxtpx:TrackPointExtension></extensions></trkpt>
      <trkpt lat="55.675777" lon="12.592737"><ele>3.8</ele><time>2026-08-20T12:12:27.000Z</time><extensions><gpxtpx:TrackPointExtension><gpxtpx:hr>136</gpxtpx:hr></gpxtpx:TrackPointExtension></extensions></trkpt>
      <trkpt lat="55.67576" lon="12.592709"><ele>4</ele><time>2026-08-20T12:12:28.000Z</time><extensions><gpxtpx:TrackPointExtension><gpxtpx:hr>136</gpxtpx:hr></gpxtpx:TrackPointExtension></extensions></trkpt>
      <trkpt lat="55.675744" lon="12.592682"><ele>4</ele><time>2026-08-20T12:12:29.000Z</time><extensions><gpxtpx:TrackPointExtension><gpxtpx:hr>136</gpxtpx:hr></gpxtpx:TrackPointExtension></extensions></trkpt>
      <trkpt lat="55.675728" lon="12.592655"><ele>4</ele><time>2026-08-20T12:12:30.000Z</time><extensions><gpxtpx:TrackPointExtension><gpxtpx:hr>136</gpxtpx:hr></gpxtpx:TrackPointExtension></extensions></trkpt>
      <trkpt lat="55.675712" lon="12.592628"><ele>4</ele><time>2026-08-20T12:12:31.000Z</time><extensions><gpxtpx:TrackPointExtension><gpxtpx:hr>136</gpxtpx:hr></gpxtpx:TrackPointExtension></extensions></trkpt>
      <trkpt lat="55.675696" lon="12.592601"><ele>4</ele><time>2026-08-20T12:12:32.000Z</time><extensions><gpxtpx:TrackPointExtension><gpxtpx:hr>136</gpxtpx:hr></gpxtpx:TrackPointExtension></extensions></trkpt>
      <trkpt lat="55.67568" lon="12.592575"><ele>4</ele><time>2026-08-20T12:12:33.000Z</time><extensions><gpxtpx:TrackPointExtension><gpxtpx:hr>136</gpxtpx:hr></gpxtpx:TrackPointExtension></extensions></trkpt>
      <trkpt lat="55.675664" lon="12.592548"><ele>4</ele><time>2026-08-20T12:12:34.000Z</time><extensions><gpxtpx:TrackPointExtension><gpxtpx:hr>136</gpxtpx:hr></gpxtpx:TrackPointExtension></extensions></trkpt>
      <trkpt lat="55.675648" lon="12.592521"><ele>4</ele><time>2026-08-20T12:12:35.000Z</time><extensions><gpxtpx:TrackPointExtension><gpxtpx:hr>136</gpxtpx:hr></gpxtpx:TrackPointExtension></extensions></trkpt>
      <trkpt lat="55.675631" lon="12.592494"><ele>4</ele><time>2026-08-20T12:12:36.000Z</time><extensions><gpxtpx:TrackPointExtension><gpxtpx:hr>137</gpxtpx:hr></gpxtpx:TrackPointExtension></extensions></trkpt>
      <trkpt lat="55.675614" lon="12.592467"><ele>4</ele><time>2026-08-20T12:12:37.000Z</time><extensions><gpxtpx:TrackPointExtension><gpxtpx:hr>137</gpxtpx:hr></gpxtpx:TrackPointExtension></extensions></trkpt>
      <trkpt lat="55.675597" lon="12.592438"><ele>4</ele><time>2026-08-20T12:12:38.000Z</time><extensions><gpxtpx:TrackPointExtension><gpxtpx:hr>137</gpxtpx:hr></gpxtpx:TrackPointExtension></extensions></trkpt>
      <trkpt lat="55.67558" lon="12.59241"><ele>4</ele><time>2026-08-20T12:12:39.000Z</time><extensions><gpxtpx:TrackPointExtension><gpxtpx:hr>137</gpxtpx:hr></gpxtpx:TrackPointExtension></extensions></trkpt>
      <trkpt lat="55.675563" lon="12.592382"><ele>3.8</ele><time>2026-08-20T12:12:40.000Z</time><extensions><gpxtpx:TrackPointExtension><gpxtpx:hr>137</gpxtpx:hr></gpxtpx:TrackPointExtension></extensions></trkpt>
      <trkpt lat="55.675547" lon="12.592355"><ele>3.8</ele><time>2026-08-20T12:12:41.000Z</time><extensions><gpxtpx:TrackPointExtension><gpxtpx:hr>137</gpxtpx:hr></gpxtpx:TrackPointExtension></extensions></trkpt>
      <trkpt lat="55.67553" lon="12.592328"><ele>3.6</ele><time>2026-08-20T12:12:42.000Z</time><extensions><gpxtpx:TrackPointExtension><gpxtpx:hr>137</gpxtpx:hr></gpxtpx:TrackPointExtension></extensions></trkpt>
      <trkpt lat="55.675514" lon="12.592302"><ele>3.6</ele><time>2026-08-20T12:12:43.000Z</time><extensions><gpxtpx:TrackPointExtension><gpxtpx:hr>137</gpxtpx:hr></gpxtpx:TrackPointExtension></extensions></trkpt>
      <trkpt lat="55.675497" lon="12.592275"><ele>3.6</ele><time>2026-08-20T12:12:44.000Z</time><extensions><gpxtpx:TrackPointExtension><gpxtpx:hr>137</gpxtpx:hr></gpxtpx:TrackPointExtension></extensions></trkpt>
      <trkpt lat="55.675481" lon="12.592248"><ele>3.4</ele><time>2026-08-20T12:12:45.000Z</time><extensions><gpxtpx:TrackPointExtension><gpxtpx:hr>137</gpxtpx:hr></gpxtpx:TrackPointExtension></extensions></trkpt>
      <trkpt lat="55.675465" lon="12.592222"><ele>3.4</ele><time>2026-08-20T12:12:46.000Z</time><extensions><gpxtpx:TrackPointExtension><gpxtpx:hr>137</gpxtpx:hr></gpxtpx:TrackPointExtension></extensions></trkpt>
      <trkpt lat="55.675449" lon="12.592195"><ele>3.4</ele><time>2026-08-20T12:12:47.000Z</time><extensions><gpxtpx:TrackPointExtension><gpxtpx:hr>137</gpxtpx:hr></gpxtpx:TrackPointExtension></extensions></trkpt>
      <trkpt lat="55.675433" lon="12.592169"><ele>3.4</ele><time>2026-08-20T12:12:48.000Z</time><extensions><gpxtpx:TrackPointExtension><gpxtpx:hr>137</gpxtpx:hr></gpxtpx:TrackPointExtension></extensions></trkpt>
      <trkpt lat="55.675417" lon="12.592144"><ele>3.2</ele><time>2026-08-20T12:12:49.000Z</time><extensions><gpxtpx:TrackPointExtension><gpxtpx:hr>137</gpxtpx:hr></gpxtpx:TrackPointExtension></extensions></trkpt>
      <trkpt lat="55.675401" lon="12.592119"><ele>3.2</ele><time>2026-08-20T12:12:50.000Z</time><extensions><gpxtpx:TrackPointExtension><gpxtpx:hr>137</gpxtpx:hr></gpxtpx:TrackPointExtension></extensions></trkpt>
      <trkpt lat="55.675386" lon="12.592093"><ele>3.2</ele><time>2026-08-20T12:12:51.000Z</time><extensions><gpxtpx:TrackPointExtension><gpxtpx:hr>137</gpxtpx:hr></gpxtpx:TrackPointExtension></extensions></trkpt>
      <trkpt lat="55.67537" lon="12.592068"><ele>3.2</ele><time>2026-08-20T12:12:52.000Z</time><extensions><gpxtpx:TrackPointExtension><gpxtpx:hr>137</gpxtpx:hr></gpxtpx:TrackPointExtension></extensions></trkpt>
      <trkpt lat="55.675354" lon="12.592042"><ele>3.2</ele><time>2026-08-20T12:12:53.000Z</time><extensions><gpxtpx:TrackPointExtension><gpxtpx:hr>137</gpxtpx:hr></gpxtpx:TrackPointExtension></extensions></trkpt>
      <trkpt lat="55.675338" lon="12.592016"><ele>3.2</ele><time>2026-08-20T12:12:54.000Z</time><extensions><gpxtpx:TrackPointExtension><gpxtpx:hr>137</gpxtpx:hr></gpxtpx:TrackPointExtension></extensions></trkpt>
      <trkpt lat="55.675321" lon="12.591989"><ele>3.2</ele><time>2026-08-20T12:12:55.000Z</time><extensions><gpxtpx:TrackPointExtension><gpxtpx:hr>137</gpxtpx:hr></gpxtpx:TrackPointExtension></extensions></trkpt>
      <trkpt lat="55.675305" lon="12.591963"><ele>3.2</ele><time>2026-08-20T12:12:56.000Z</time><extensions><gpxtpx:TrackPointExtension><gpxtpx:hr>137</gpxtpx:hr></gpxtpx:TrackPointExtension></extensions></trkpt>
      <trkpt lat="55.675288" lon="12.591937"><ele>3.2</ele><time>2026-08-20T12:12:57.000Z</time><extensions><gpxtpx:TrackPointExtension><gpxtpx:hr>137</gpxtpx:hr></gpxtpx:TrackPointExtension></extensions></trkpt>
      <trkpt lat="55.675271" lon="12.59191"><ele>3.2</ele><time>2026-08-20T12:12:58.000Z</time><extensions><gpxtpx:TrackPointExtension><gpxtpx:hr>136</gpxtpx:hr></gpxtpx:TrackPointExtension></extensions></trkpt>
      <trkpt lat="55.675254" lon="12.591882"><ele>3.2</ele><time>2026-08-20T12:12:59.000Z</time><extensions><gpxtpx:TrackPointExtension><gpxtpx:hr>136</gpxtpx:hr></gpxtpx:TrackPointExtension></extensions></trkpt>
      <trkpt lat="55.675237" lon="12.591854"><ele>3.2</ele><time>2026-08-20T12:13:00.000Z</time><extensions><gpxtpx:TrackPointExtension><gpxtpx:hr>136</gpxtpx:hr></gpxtpx:TrackPointExtension></extensions></trkpt>
      <trkpt lat="55.67522" lon="12.591826"><ele>3.2</ele><time>2026-08-20T12:13:01.000Z</time><extensions><gpxtpx:TrackPointExtension><gpxtpx:hr>136</gpxtpx:hr></gpxtpx:TrackPointExtension></extensions></trkpt>
      <trkpt lat="55.675202" lon="12.591795"><ele>3.2</ele><time>2026-08-20T12:13:02.000Z</time><extensions><gpxtpx:TrackPointExtension><gpxtpx:hr>136</gpxtpx:hr></gpxtpx:TrackPointExtension></extensions></trkpt>
      <trkpt lat="55.675182" lon="12.591762"><ele>3.2</ele><time>2026-08-20T12:13:03.000Z</time><extensions><gpxtpx:TrackPointExtension><gpxtpx:hr>136</gpxtpx:hr></gpxtpx:TrackPointExtension></extensions></trkpt>
      <trkpt lat="55.675163" lon="12.59173"><ele>3.2</ele><time>2026-08-20T12:13:04.000Z</time><extensions><gpxtpx:TrackPointExtension><gpxtpx:hr>136</gpxtpx:hr></gpxtpx:TrackPointExtension></extensions></trkpt>
      <trkpt lat="55.675144" lon="12.591697"><ele>3.2</ele><time>2026-08-20T12:13:05.000Z</time><extensions><gpxtpx:TrackPointExtension><gpxtpx:hr>136</gpxtpx:hr></gpxtpx:TrackPointExtension></extensions></trkpt>
      <trkpt lat="55.675126" lon="12.591666"><ele>3.2</ele><time>2026-08-20T12:13:06.000Z</time><extensions><gpxtpx:TrackPointExtension><gpxtpx:hr>136</gpxtpx:hr></gpxtpx:TrackPointExtension></extensions></trkpt>
      <trkpt lat="55.675108" lon="12.591634"><ele>3.2</ele><time>2026-08-20T12:13:07.000Z</time><extensions><gpxtpx:TrackPointExtension><gpxtpx:hr>136</gpxtpx:hr></gpxtpx:TrackPointExtension></extensions></trkpt>
      <trkpt lat="55.67509" lon="12.591603"><ele>3.2</ele><time>2026-08-20T12:13:08.000Z</time><extensions><gpxtpx:TrackPointExtension><gpxtpx:hr>136</gpxtpx:hr></gpxtpx:TrackPointExtension></extensions></trkpt>
      <trkpt lat="55.675072" lon="12.591572"><ele>3.2</ele><time>2026-08-20T12:13:09.000Z</time><extensions><gpxtpx:TrackPointExtension><gpxtpx:hr>136</gpxtpx:hr></gpxtpx:TrackPointExtension></extensions></trkpt>
      <trkpt lat="55.675054" lon="12.591542"><ele>3.2</ele><time>2026-08-20T12:13:10.000Z</time><extensions><gpxtpx:TrackPointExtension><gpxtpx:hr>137</gpxtpx:hr></gpxtpx:TrackPointExtension></extensions></trkpt>
      <trkpt lat="55.675037" lon="12.591512"><ele>3.2</ele><time>2026-08-20T12:13:11.000Z</time><extensions><gpxtpx:TrackPointExtension><gpxtpx:hr>137</gpxtpx:hr></gpxtpx:TrackPointExtension></extensions></trkpt>
      <trkpt lat="55.67502" lon="12.591482"><ele>3.2</ele><time>2026-08-20T12:13:12.000Z</time><extensions><gpxtpx:TrackPointExtension><gpxtpx:hr>137</gpxtpx:hr></gpxtpx:TrackPointExtension></extensions></trkpt>
      <trkpt lat="55.675002" lon="12.591453"><ele>3.2</ele><time>2026-08-20T12:13:13.000Z</time><extensions><gpxtpx:TrackPointExtension><gpxtpx:hr>137</gpxtpx:hr></gpxtpx:TrackPointExtension></extensions></trkpt>
      <trkpt lat="55.674985" lon="12.591423"><ele>3.2</ele><time>2026-08-20T12:13:14.000Z</time><extensions><gpxtpx:TrackPointExtension><gpxtpx:hr>137</gpxtpx:hr></gpxtpx:TrackPointExtension></extensions></trkpt>
      <trkpt lat="55.674967" lon="12.591394"><ele>3.2</ele><time>2026-08-20T12:13:15.000Z</time><extensions><gpxtpx:TrackPointExtension><gpxtpx:hr>137</gpxtpx:hr></gpxtpx:TrackPointExtension></extensions></trkpt>
      <trkpt lat="55.67495" lon="12.591366"><ele>3.2</ele><time>2026-08-20T12:13:16.000Z</time><extensions><gpxtpx:TrackPointExtension><gpxtpx:hr>137</gpxtpx:hr></gpxtpx:TrackPointExtension></extensions></trkpt>
      <trkpt lat="55.674933" lon="12.591337"><ele>3.2</ele><time>2026-08-20T12:13:17.000Z</time><extensions><gpxtpx:TrackPointExtension><gpxtpx:hr>139</gpxtpx:hr></gpxtpx:TrackPointExtension></extensions></trkpt>
      <trkpt lat="55.674916" lon="12.591309"><ele>3.2</ele><time>2026-08-20T12:13:18.000Z</time><extensions><gpxtpx:TrackPointExtension><gpxtpx:hr>139</gpxtpx:hr></gpxtpx:TrackPointExtension></extensions></trkpt>
      <trkpt lat="55.674899" lon="12.591281"><ele>3.2</ele><time>2026-08-20T12:13:19.000Z</time><extensions><gpxtpx:TrackPointExtension><gpxtpx:hr>139</gpxtpx:hr></gpxtpx:TrackPointExtension></extensions></trkpt>
      <trkpt lat="55.674882" lon="12.591253"><ele>3.2</ele><time>2026-08-20T12:13:20.000Z</time><extensions><gpxtpx:TrackPointExtension><gpxtpx:hr>139</gpxtpx:hr></gpxtpx:TrackPointExtension></extensions></trkpt>
      <trkpt lat="55.674865" lon="12.591224"><ele>3.2</ele><time>2026-08-20T12:13:21.000Z</time><extensions><gpxtpx:TrackPointExtension><gpxtpx:hr>139</gpxtpx:hr></gpxtpx:TrackPointExtension></extensions></trkpt>
      <trkpt lat="55.674849" lon="12.591196"><ele>3.2</ele><time>2026-08-20T12:13:22.000Z</time><extensions><gpxtpx:TrackPointExtension><gpxtpx:hr>139</gpxtpx:hr></gpxtpx:TrackPointExtension></extensions></trkpt>
      <trkpt lat="55.674832" lon="12.591169"><ele>3.2</ele><time>2026-08-20T12:13:23.000Z</time><extensions><gpxtpx:TrackPointExtension><gpxtpx:hr>139</gpxtpx:hr></gpxtpx:TrackPointExtension></extensions></trkpt>
      <trkpt lat="55.674816" lon="12.591142"><ele>3.2</ele><time>2026-08-20T12:13:24.000Z</time><extensions><gpxtpx:TrackPointExtension><gpxtpx:hr>139</gpxtpx:hr></gpxtpx:TrackPointExtension></extensions></trkpt>
      <trkpt lat="55.6748" lon="12.591115"><ele>3.2</ele><time>2026-08-20T12:13:25.000Z</time><extensions><gpxtpx:TrackPointExtension><gpxtpx:hr>139</gpxtpx:hr></gpxtpx:TrackPointExtension></extensions></trkpt>
      <trkpt lat="55.674785" lon="12.591088"><ele>3.2</ele><time>2026-08-20T12:13:26.000Z</time><extensions><gpxtpx:TrackPointExtension><gpxtpx:hr>139</gpxtpx:hr></gpxtpx:TrackPointExtension></extensions></trkpt>
      <trkpt lat="55.674769" lon="12.591062"><ele>3.2</ele><time>2026-08-20T12:13:27.000Z</time><extensions><gpxtpx:TrackPointExtension><gpxtpx:hr>139</gpxtpx:hr></gpxtpx:TrackPointExtension></extensions></trkpt>
      <trkpt lat="55.674754" lon="12.591035"><ele>3.2</ele><time>2026-08-20T12:13:28.000Z</time><extensions><gpxtpx:TrackPointExtension><gpxtpx:hr>139</gpxtpx:hr></gpxtpx:TrackPointExtension></extensions></trkpt>
      <trkpt lat="55.674739" lon="12.591009"><ele>3.2</ele><time>2026-08-20T12:13:29.000Z</time><extensions><gpxtpx:TrackPointExtension><gpxtpx:hr>139</gpxtpx:hr></gpxtpx:TrackPointExtension></extensions></trkpt>
      <trkpt lat="55.674724" lon="12.590984"><ele>3.2</ele><time>2026-08-20T12:13:30.000Z</time><extensions><gpxtpx:TrackPointExtension><gpxtpx:hr>139</gpxtpx:hr></gpxtpx:TrackPointExtension></extensions></trkpt>
      <trkpt lat="55.67471" lon="12.590959"><ele>3.2</ele><time>2026-08-20T12:13:31.000Z</time><extensions><gpxtpx:TrackPointExtension><gpxtpx:hr>139</gpxtpx:hr></gpxtpx:TrackPointExtension></extensions></trkpt>
      <trkpt lat="55.674695" lon="12.590933"><ele>3.2</ele><time>2026-08-20T12:13:32.000Z</time><extensions><gpxtpx:TrackPointExtension><gpxtpx:hr>139</gpxtpx:hr></gpxtpx:TrackPointExtension></extensions></trkpt>
      <trkpt lat="55.67468" lon="12.590907"><ele>3.2</ele><time>2026-08-20T12:13:33.000Z</time><extensions><gpxtpx:TrackPointExtension><gpxtpx:hr>139</gpxtpx:hr></gpxtpx:TrackPointExtension></extensions></trkpt>
      <trkpt lat="55.674665" lon="12.590881"><ele>3.2</ele><time>2026-08-20T12:13:34.000Z</time><extensions><gpxtpx:TrackPointExtension><gpxtpx:hr>139</gpxtpx:hr></gpxtpx:TrackPointExtension></extensions></trkpt>
      <trkpt lat="55.67465" lon="12.590855"><ele>3.2</ele><time>2026-08-20T12:13:35.000Z</time><extensions><gpxtpx:TrackPointExtension><gpxtpx:hr>139</gpxtpx:hr></gpxtpx:TrackPointExtension></extensions></trkpt>
      <trkpt lat="55.674635" lon="12.59083"><ele>3.2</ele><time>2026-08-20T12:13:36.000Z</time><extensions><gpxtpx:TrackPointExtension><gpxtpx:hr>139</gpxtpx:hr></gpxtpx:TrackPointExtension></extensions></trkpt>
      <trkpt lat="55.674621" lon="12.590805"><ele>3.4</ele><time>2026-08-20T12:13:37.000Z</time><extensions><gpxtpx:TrackPointExtension><gpxtpx:hr>139</gpxtpx:hr></gpxtpx:TrackPointExtension></extensions></trkpt>
      <trkpt lat="55.674606" lon="12.59078"><ele>3.4</ele><time>2026-08-20T12:13:38.000Z</time><extensions><gpxtpx:TrackPointExtension><gpxtpx:hr>139</gpxtpx:hr></gpxtpx:TrackPointExtension></extensions></trkpt>
      <trkpt lat="55.674592" lon="12.590755"><ele>3.4</ele><time>2026-08-20T12:13:39.000Z</time><extensions><gpxtpx:TrackPointExtension><gpxtpx:hr>139</gpxtpx:hr></gpxtpx:TrackPointExtension></extensions></trkpt>
      <trkpt lat="55.674577" lon="12.59073"><ele>3.4</ele><time>2026-08-20T12:13:40.000Z</time><extensions><gpxtpx:TrackPointExtension><gpxtpx:hr>138</gpxtpx:hr></gpxtpx:TrackPointExtension></extensions></trkpt>
      <trkpt lat="55.674562" lon="12.590705"><ele>3.4</ele><time>2026-08-20T12:13:41.000Z</time><extensions><gpxtpx:TrackPointExtension><gpxtpx:hr>138</gpxtpx:hr></gpxtpx:TrackPointExtension></extensions></trkpt>
      <trkpt lat="55.674547" lon="12.59068"><ele>3.4</ele><time>2026-08-20T12:13:42.000Z</time><extensions><gpxtpx:TrackPointExtension><gpxtpx:hr>138</gpxtpx:hr></gpxtpx:TrackPointExtension></extensions></trkpt>
      <trkpt lat="55.674532" lon="12.590655"><ele>3.6</ele><time>2026-08-20T12:13:43.000Z</time><extensions><gpxtpx:TrackPointExtension><gpxtpx:hr>138</gpxtpx:hr></gpxtpx:TrackPointExtension></extensions></trkpt>
      <trkpt lat="55.674517" lon="12.59063"><ele>3.6</ele><time>2026-08-20T12:13:44.000Z</time><extensions><gpxtpx:TrackPointExtension><gpxtpx:hr>138</gpxtpx:hr></gpxtpx:TrackPointExtension></extensions></trkpt>
      <trkpt lat="55.674502" lon="12.590606"><ele>3.6</ele><time>2026-08-20T12:13:45.000Z</time><extensions><gpxtpx:TrackPointExtension><gpxtpx:hr>139</gpxtpx:hr></gpxtpx:TrackPointExtension></extensions></trkpt>
      <trkpt lat="55.674487" lon="12.590581"><ele>3.6</ele><time>2026-08-20T12:13:46.000Z</time><extensions><gpxtpx:TrackPointExtension><gpxtpx:hr>139</gpxtpx:hr></gpxtpx:TrackPointExtension></extensions></trkpt>
      <trkpt lat="55.674472" lon="12.590556"><ele>3.6</ele><time>2026-08-20T12:13:47.000Z</time><extensions><gpxtpx:TrackPointExtension><gpxtpx:hr>139</gpxtpx:hr></gpxtpx:TrackPointExtension></extensions></trkpt>
      <trkpt lat="55.674456" lon="12.59053"><ele>3.6</ele><time>2026-08-20T12:13:48.000Z</time><extensions><gpxtpx:TrackPointExtension><gpxtpx:hr>139</gpxtpx:hr></gpxtpx:TrackPointExtension></extensions></trkpt>
      <trkpt lat="55.674441" lon="12.590504"><ele>3.6</ele><time>2026-08-20T12:13:49.000Z</time><extensions><gpxtpx:TrackPointExtension><gpxtpx:hr>139</gpxtpx:hr></gpxtpx:TrackPointExtension></extensions></trkpt>
      <trkpt lat="55.674425" lon="12.590479"><ele>3.6</ele><time>2026-08-20T12:13:50.000Z</time><extensions><gpxtpx:TrackPointExtension><gpxtpx:hr>139</gpxtpx:hr></gpxtpx:TrackPointExtension></extensions></trkpt>
      <trkpt lat="55.674409" lon="12.590453"><ele>3.6</ele><time>2026-08-20T12:13:51.000Z</time><extensions><gpxtpx:TrackPointExtension><gpxtpx:hr>138</gpxtpx:hr></gpxtpx:TrackPointExtension></extensions></trkpt>
      <trkpt lat="55.674394" lon="12.590428"><ele>3.6</ele><time>2026-08-20T12:13:52.000Z</time><extensions><gpxtpx:TrackPointExtension><gpxtpx:hr>138</gpxtpx:hr></gpxtpx:TrackPointExtension></extensions></trkpt>
      <trkpt lat="55.674378" lon="12.590403"><ele>3.8</ele><time>2026-08-20T12:13:53.000Z</time><extensions><gpxtpx:TrackPointExtension><gpxtpx:hr>138</gpxtpx:hr></gpxtpx:TrackPointExtension></extensions></trkpt>
      <trkpt lat="55.674362" lon="12.590378"><ele>3.8</ele><time>2026-08-20T12:13:54.000Z</time><extensions><gpxtpx:TrackPointExtension><gpxtpx:hr>138</gpxtpx:hr></gpxtpx:TrackPointExtension></extensions></trkpt>
      <trkpt lat="55.674346" lon="12.590352"><ele>3.8</ele><time>2026-08-20T12:13:55.000Z</time><extensions><gpxtpx:TrackPointExtension><gpxtpx:hr>138</gpxtpx:hr></gpxtpx:TrackPointExtension></extensions></trkpt>
      <trkpt lat="55.67433" lon="12.590326"><ele>3.8</ele><time>2026-08-20T12:13:56.000Z</time><extensions><gpxtpx:TrackPointExtension><gpxtpx:hr>138</gpxtpx:hr></gpxtpx:TrackPointExtension></extensions></trkpt>
      <trkpt lat="55.674313" lon="12.5903"><ele>3.8</ele><time>2026-08-20T12:13:57.000Z</time><extensions><gpxtpx:TrackPointExtension><gpxtpx:hr>138</gpxtpx:hr></gpxtpx:TrackPointExtension></extensions></trkpt>
      <trkpt lat="55.674297" lon="12.590273"><ele>3.8</ele><time>2026-08-20T12:13:58.000Z</time><extensions><gpxtpx:TrackPointExtension><gpxtpx:hr>138</gpxtpx:hr></gpxtpx:TrackPointExtension></extensions></trkpt>
      <trkpt lat="55.674281" lon="12.590247"><ele>3.8</ele><time>2026-08-20T12:13:59.000Z</time><extensions><gpxtpx:TrackPointExtension><gpxtpx:hr>138</gpxtpx:hr></gpxtpx:TrackPointExtension></extensions></trkpt>
      <trkpt lat="55.674264" lon="12.59022"><ele>3.6</ele><time>2026-08-20T12:14:00.000Z</time><extensions><gpxtpx:TrackPointExtension><gpxtpx:hr>138</gpxtpx:hr></gpxtpx:TrackPointExtension></extensions></trkpt>
      <trkpt lat="55.674248" lon="12.590193"><ele>3.6</ele><time>2026-08-20T12:14:01.000Z</time><extensions><gpxtpx:TrackPointExtension><gpxtpx:hr>138</gpxtpx:hr></gpxtpx:TrackPointExtension></extensions></trkpt>
      <trkpt lat="55.674233" lon="12.590167"><ele>3.6</ele><time>2026-08-20T12:14:02.000Z</time><extensions><gpxtpx:TrackPointExtension><gpxtpx:hr>138</gpxtpx:hr></gpxtpx:TrackPointExtension></extensions></trkpt>
      <trkpt lat="55.674217" lon="12.59014"><ele>3.6</ele><time>2026-08-20T12:14:03.000Z</time><extensions><gpxtpx:TrackPointExtension><gpxtpx:hr>138</gpxtpx:hr></gpxtpx:TrackPointExtension></extensions></trkpt>
      <trkpt lat="55.674202" lon="12.590111"><ele>3.6</ele><time>2026-08-20T12:14:04.000Z</time><extensions><gpxtpx:TrackPointExtension><gpxtpx:hr>138</gpxtpx:hr></gpxtpx:TrackPointExtension></extensions></trkpt>
      <trkpt lat="55.674186" lon="12.590082"><ele>3.6</ele><time>2026-08-20T12:14:05.000Z</time><extensions><gpxtpx:TrackPointExtension><gpxtpx:hr>138</gpxtpx:hr></gpxtpx:TrackPointExtension></extensions></trkpt>
      <trkpt lat="55.67417" lon="12.590052"><ele>3.6</ele><time>2026-08-20T12:14:06.000Z</time><extensions><gpxtpx:TrackPointExtension><gpxtpx:hr>139</gpxtpx:hr></gpxtpx:TrackPointExtension></extensions></trkpt>
      <trkpt lat="55.674154" lon="12.590022"><ele>3.6</ele><time>2026-08-20T12:14:07.000Z</time><extensions><gpxtpx:TrackPointExtension><gpxtpx:hr>139</gpxtpx:hr></gpxtpx:TrackPointExtension></extensions></trkpt>
      <trkpt lat="55.674139" lon="12.589992"><ele>3.6</ele><time>2026-08-20T12:14:08.000Z</time><extensions><gpxtpx:TrackPointExtension><gpxtpx:hr>139</gpxtpx:hr></gpxtpx:TrackPointExtension></extensions></trkpt>
      <trkpt lat="55.674124" lon="12.589961"><ele>3.6</ele><time>2026-08-20T12:14:09.000Z</time><extensions><gpxtpx:TrackPointExtension><gpxtpx:hr>139</gpxtpx:hr></gpxtpx:TrackPointExtension></extensions></trkpt>
      <trkpt lat="55.67411" lon="12.58993"><ele>3.8</ele><time>2026-08-20T12:14:10.000Z</time><extensions><gpxtpx:TrackPointExtension><gpxtpx:hr>139</gpxtpx:hr></gpxtpx:TrackPointExtension></extensions></trkpt>
      <trkpt lat="55.674095" lon="12.589898"><ele>3.8</ele><time>2026-08-20T12:14:11.000Z</time><extensions><gpxtpx:TrackPointExtension><gpxtpx:hr>139</gpxtpx:hr></gpxtpx:TrackPointExtension></extensions></trkpt>
      <trkpt lat="55.67408" lon="12.589864"><ele>3.8</ele><time>2026-08-20T12:14:12.000Z</time><extensions><gpxtpx:TrackPointExtension><gpxtpx:hr>139</gpxtpx:hr></gpxtpx:TrackPointExtension></extensions></trkpt>
      <trkpt lat="55.674065" lon="12.58983"><ele>3.8</ele><time>2026-08-20T12:14:13.000Z</time><extensions><gpxtpx:TrackPointExtension><gpxtpx:hr>139</gpxtpx:hr></gpxtpx:TrackPointExtension></extensions></trkpt>
      <trkpt lat="55.674049" lon="12.589794"><ele>3.8</ele><time>2026-08-20T12:14:14.000Z</time><extensions><gpxtpx:TrackPointExtension><gpxtpx:hr>139</gpxtpx:hr></gpxtpx:TrackPointExtension></extensions></trkpt>
      <trkpt lat="55.674034" lon="12.589758"><ele>3.8</ele><time>2026-08-20T12:14:15.000Z</time><extensions><gpxtpx:TrackPointExtension><gpxtpx:hr>139</gpxtpx:hr></gpxtpx:TrackPointExtension></extensions></trkpt>
      <trkpt lat="55.674019" lon="12.589723"><ele>3.8</ele><time>2026-08-20T12:14:16.000Z</time><extensions><gpxtpx:TrackPointExtension><gpxtpx:hr>139</gpxtpx:hr></gpxtpx:TrackPointExtension></extensions></trkpt>
      <trkpt lat="55.674005" lon="12.589688"><ele>3.8</ele><time>2026-08-20T12:14:17.000Z</time><extensions><gpxtpx:TrackPointExtension><gpxtpx:hr>139</gpxtpx:hr></gpxtpx:TrackPointExtension></extensions></trkpt>
      <trkpt lat="55.67399" lon="12.589653"><ele>3.8</ele><time>2026-08-20T12:14:18.000Z</time><extensions><gpxtpx:TrackPointExtension><gpxtpx:hr>139</gpxtpx:hr></gpxtpx:TrackPointExtension></extensions></trkpt>
      <trkpt lat="55.673976" lon="12.589618"><ele>3.8</ele><time>2026-08-20T12:14:19.000Z</time><extensions><gpxtpx:TrackPointExtension><gpxtpx:hr>139</gpxtpx:hr></gpxtpx:TrackPointExtension></extensions></trkpt>
      <trkpt lat="55.673961" lon="12.589585"><ele>3.8</ele><time>2026-08-20T12:14:20.000Z</time><extensions><gpxtpx:TrackPointExtension><gpxtpx:hr>139</gpxtpx:hr></gpxtpx:TrackPointExtension></extensions></trkpt>
      <trkpt lat="55.673947" lon="12.589552"><ele>3.8</ele><time>2026-08-20T12:14:21.000Z</time><extensions><gpxtpx:TrackPointExtension><gpxtpx:hr>139</gpxtpx:hr></gpxtpx:TrackPointExtension></extensions></trkpt>
      <trkpt lat="55.673934" lon="12.58952"><ele>3.8</ele><time>2026-08-20T12:14:22.000Z</time><extensions><gpxtpx:TrackPointExtension><gpxtpx:hr>139</gpxtpx:hr></gpxtpx:TrackPointExtension></extensions></trkpt>
      <trkpt lat="55.67392" lon="12.589488"><ele>3.8</ele><time>2026-08-20T12:14:23.000Z</time><extensions><gpxtpx:TrackPointExtension><gpxtpx:hr>139</gpxtpx:hr></gpxtpx:TrackPointExtension></extensions></trkpt>
      <trkpt lat="55.673906" lon="12.589456"><ele>3.8</ele><time>2026-08-20T12:14:24.000Z</time><extensions><gpxtpx:TrackPointExtension><gpxtpx:hr>139</gpxtpx:hr></gpxtpx:TrackPointExtension></extensions></trkpt>
      <trkpt lat="55.673893" lon="12.589425"><ele>3.8</ele><time>2026-08-20T12:14:25.000Z</time><extensions><gpxtpx:TrackPointExtension><gpxtpx:hr>139</gpxtpx:hr></gpxtpx:TrackPointExtension></extensions></trkpt>
      <trkpt lat="55.67388" lon="12.589393"><ele>3.8</ele><time>2026-08-20T12:14:26.000Z</time><extensions><gpxtpx:TrackPointExtension><gpxtpx:hr>139</gpxtpx:hr></gpxtpx:TrackPointExtension></extensions></trkpt>
      <trkpt lat="55.673868" lon="12.589362"><ele>3.8</ele><time>2026-08-20T12:14:27.000Z</time><extensions><gpxtpx:TrackPointExtension><gpxtpx:hr>139</gpxtpx:hr></gpxtpx:TrackPointExtension></extensions></trkpt>
      <trkpt lat="55.673858" lon="12.589332"><ele>4</ele><time>2026-08-20T12:14:28.000Z</time><extensions><gpxtpx:TrackPointExtension><gpxtpx:hr>139</gpxtpx:hr></gpxtpx:TrackPointExtension></extensions></trkpt>
      <trkpt lat="55.673849" lon="12.589301"><ele>4</ele><time>2026-08-20T12:14:29.000Z</time><extensions><gpxtpx:TrackPointExtension><gpxtpx:hr>139</gpxtpx:hr></gpxtpx:TrackPointExtension></extensions></trkpt>
      <trkpt lat="55.673844" lon="12.589271"><ele>4</ele><time>2026-08-20T12:14:30.000Z</time><extensions><gpxtpx:TrackPointExtension><gpxtpx:hr>140</gpxtpx:hr></gpxtpx:TrackPointExtension></extensions></trkpt>
      <trkpt lat="55.673842" lon="12.589239"><ele>4</ele><time>2026-08-20T12:14:31.000Z</time><extensions><gpxtpx:TrackPointExtension><gpxtpx:hr>140</gpxtpx:hr></gpxtpx:TrackPointExtension></extensions></trkpt>
      <trkpt lat="55.673846" lon="12.589208"><ele>4</ele><time>2026-08-20T12:14:32.000Z</time><extensions><gpxtpx:TrackPointExtension><gpxtpx:hr>141</gpxtpx:hr></gpxtpx:TrackPointExtension></extensions></trkpt>
      <trkpt lat="55.673857" lon="12.589177"><ele>4</ele><time>2026-08-20T12:14:33.000Z</time><extensions><gpxtpx:TrackPointExtension><gpxtpx:hr>141</gpxtpx:hr></gpxtpx:TrackPointExtension></extensions></trkpt>
      <trkpt lat="55.67387" lon="12.589147"><ele>4</ele><time>2026-08-20T12:14:34.000Z</time><extensions><gpxtpx:TrackPointExtension><gpxtpx:hr>141</gpxtpx:hr></gpxtpx:TrackPointExtension></extensions></trkpt>
      <trkpt lat="55.673885" lon="12.589119"><ele>3.8</ele><time>2026-08-20T12:14:35.000Z</time><extensions><gpxtpx:TrackPointExtension><gpxtpx:hr>141</gpxtpx:hr></gpxtpx:TrackPointExtension></extensions></trkpt>
      <trkpt lat="55.673901" lon="12.589093"><ele>3.8</ele><time>2026-08-20T12:14:36.000Z</time><extensions><gpxtpx:TrackPointExtension><gpxtpx:hr>141</gpxtpx:hr></gpxtpx:TrackPointExtension></extensions></trkpt>
      <trkpt lat="55.673916" lon="12.589068"><ele>3.8</ele><time>2026-08-20T12:14:37.000Z</time><extensions><gpxtpx:TrackPointExtension><gpxtpx:hr>141</gpxtpx:hr></gpxtpx:TrackPointExtension></extensions></trkpt>
      <trkpt lat="55.673931" lon="12.589044"><ele>3.8</ele><time>2026-08-20T12:14:38.000Z</time><extensions><gpxtpx:TrackPointExtension><gpxtpx:hr>141</gpxtpx:hr></gpxtpx:TrackPointExtension></extensions></trkpt>
      <trkpt lat="55.673947" lon="12.589019"><ele>3.8</ele><time>2026-08-20T12:14:39.000Z</time><extensions><gpxtpx:TrackPointExtension><gpxtpx:hr>141</gpxtpx:hr></gpxtpx:TrackPointExtension></extensions></trkpt>
      <trkpt lat="55.673964" lon="12.588993"><ele>3.8</ele><time>2026-08-20T12:14:40.000Z</time><extensions><gpxtpx:TrackPointExtension><gpxtpx:hr>141</gpxtpx:hr></gpxtpx:TrackPointExtension></extensions></trkpt>
      <trkpt lat="55.67398" lon="12.588966"><ele>3.8</ele><time>2026-08-20T12:14:41.000Z</time><extensions><gpxtpx:TrackPointExtension><gpxtpx:hr>141</gpxtpx:hr></gpxtpx:TrackPointExtension></extensions></trkpt>
      <trkpt lat="55.673995" lon="12.588938"><ele>3.8</ele><time>2026-08-20T12:14:42.000Z</time><extensions><gpxtpx:TrackPointExtension><gpxtpx:hr>141</gpxtpx:hr></gpxtpx:TrackPointExtension></extensions></trkpt>
      <trkpt lat="55.674011" lon="12.58891"><ele>3.8</ele><time>2026-08-20T12:14:43.000Z</time><extensions><gpxtpx:TrackPointExtension><gpxtpx:hr>141</gpxtpx:hr></gpxtpx:TrackPointExtension></extensions></trkpt>
      <trkpt lat="55.674027" lon="12.588882"><ele>3.8</ele><time>2026-08-20T12:14:44.000Z</time><extensions><gpxtpx:TrackPointExtension><gpxtpx:hr>141</gpxtpx:hr></gpxtpx:TrackPointExtension></extensions></trkpt>
      <trkpt lat="55.674042" lon="12.588855"><ele>3.8</ele><time>2026-08-20T12:14:45.000Z</time><extensions><gpxtpx:TrackPointExtension><gpxtpx:hr>141</gpxtpx:hr></gpxtpx:TrackPointExtension></extensions></trkpt>
      <trkpt lat="55.674057" lon="12.588828"><ele>3.8</ele><time>2026-08-20T12:14:46.000Z</time><extensions><gpxtpx:TrackPointExtension><gpxtpx:hr>141</gpxtpx:hr></gpxtpx:TrackPointExtension></extensions></trkpt>
      <trkpt lat="55.674073" lon="12.588802"><ele>4</ele><time>2026-08-20T12:14:47.000Z</time><extensions><gpxtpx:TrackPointExtension><gpxtpx:hr>141</gpxtpx:hr></gpxtpx:TrackPointExtension></extensions></trkpt>
      <trkpt lat="55.674088" lon="12.588775"><ele>4</ele><time>2026-08-20T12:14:48.000Z</time><extensions><gpxtpx:TrackPointExtension><gpxtpx:hr>141</gpxtpx:hr></gpxtpx:TrackPointExtension></extensions></trkpt>
      <trkpt lat="55.674103" lon="12.588748"><ele>4</ele><time>2026-08-20T12:14:49.000Z</time><extensions><gpxtpx:TrackPointExtension><gpxtpx:hr>141</gpxtpx:hr></gpxtpx:TrackPointExtension></extensions></trkpt>
      <trkpt lat="55.674119" lon="12.588722"><ele>4.2</ele><time>2026-08-20T12:14:50.000Z</time><extensions><gpxtpx:TrackPointExtension><gpxtpx:hr>141</gpxtpx:hr></gpxtpx:TrackPointExtension></extensions></trkpt>
      <trkpt lat="55.674136" lon="12.588696"><ele>4.2</ele><time>2026-08-20T12:14:51.000Z</time><extensions><gpxtpx:TrackPointExtension><gpxtpx:hr>141</gpxtpx:hr></gpxtpx:TrackPointExtension></extensions></trkpt>
      <trkpt lat="55.674152" lon="12.58867"><ele>4.2</ele><time>2026-08-20T12:14:52.000Z</time><extensions><gpxtpx:TrackPointExtension><gpxtpx:hr>141</gpxtpx:hr></gpxtpx:TrackPointExtension></extensions></trkpt>
      <trkpt lat="55.674168" lon="12.588644"><ele>4.4</ele><time>2026-08-20T12:14:53.000Z</time><extensions><gpxtpx:TrackPointExtension><gpxtpx:hr>141</gpxtpx:hr></gpxtpx:TrackPointExtension></extensions></trkpt>
      <trkpt lat="55.674183" lon="12.588619"><ele>4.4</ele><time>2026-08-20T12:14:54.000Z</time><extensions><gpxtpx:TrackPointExtension><gpxtpx:hr>141</gpxtpx:hr></gpxtpx:TrackPointExtension></extensions></trkpt>
      <trkpt lat="55.674198" lon="12.588595"><ele>4.6</ele><time>2026-08-20T12:14:55.000Z</time><extensions><gpxtpx:TrackPointExtension><gpxtpx:hr>141</gpxtpx:hr></gpxtpx:TrackPointExtension></extensions></trkpt>
      <trkpt lat="55.674213" lon="12.588572"><ele>4.6</ele><time>2026-08-20T12:14:56.000Z</time><extensions><gpxtpx:TrackPointExtension><gpxtpx:hr>141</gpxtpx:hr></gpxtpx:TrackPointExtension></extensions></trkpt>
      <trkpt lat="55.674227" lon="12.588551"><ele>4.8</ele><time>2026-08-20T12:14:57.000Z</time><extensions><gpxtpx:TrackPointExtension><gpxtpx:hr>141</gpxtpx:hr></gpxtpx:TrackPointExtension></extensions></trkpt>
      <trkpt lat="55.674239" lon="12.588533"><ele>4.8</ele><time>2026-08-20T12:14:58.000Z</time><extensions><gpxtpx:TrackPointExtension><gpxtpx:hr>141</gpxtpx:hr></gpxtpx:TrackPointExtension></extensions></trkpt>
      <trkpt lat="55.674248" lon="12.588519"><ele>4.8</ele><time>2026-08-20T12:14:59.000Z</time><extensions><gpxtpx:TrackPointExtension><gpxtpx:hr>142</gpxtpx:hr></gpxtpx:TrackPointExtension></extensions></trkpt>
      <trkpt lat="55.674254" lon="12.588509"><ele>5</ele><time>2026-08-20T12:15:00.000Z</time><extensions><gpxtpx:TrackPointExtension><gpxtpx:hr>142</gpxtpx:hr></gpxtpx:TrackPointExtension></extensions></trkpt>
      <trkpt lat="55.674314" lon="12.588337"><ele>5.2</ele><time>2026-08-20T12:15:17.000Z</time><extensions><gpxtpx:TrackPointExtension><gpxtpx:hr>142</gpxtpx:hr></gpxtpx:TrackPointExtension></extensions></trkpt>
      <trkpt lat="55.674323" lon="12.588311"><ele>5.2</ele><time>2026-08-20T12:15:18.000Z</time><extensions><gpxtpx:TrackPointExtension><gpxtpx:hr>142</gpxtpx:hr></gpxtpx:TrackPointExtension></extensions></trkpt>
      <trkpt lat="55.674332" lon="12.588287"><ele>5.2</ele><time>2026-08-20T12:15:19.000Z</time><extensions><gpxtpx:TrackPointExtension><gpxtpx:hr>139</gpxtpx:hr></gpxtpx:TrackPointExtension></extensions></trkpt>
      <trkpt lat="55.674341" lon="12.588265"><ele>5.2</ele><time>2026-08-20T12:15:20.000Z</time><extensions><gpxtpx:TrackPointExtension><gpxtpx:hr>139</gpxtpx:hr></gpxtpx:TrackPointExtension></extensions></trkpt>
      <trkpt lat="55.67435" lon="12.588245"><ele>5.2</ele><time>2026-08-20T12:15:21.000Z</time><extensions><gpxtpx:TrackPointExtension><gpxtpx:hr>139</gpxtpx:hr></gpxtpx:TrackPointExtension></extensions></trkpt>
      <trkpt lat="55.674359" lon="12.588226"><ele>5.2</ele><time>2026-08-20T12:15:22.000Z</time><extensions><gpxtpx:TrackPointExtension><gpxtpx:hr>140</gpxtpx:hr></gpxtpx:TrackPointExtension></extensions></trkpt>
      <trkpt lat="55.674367" lon="12.58821"><ele>5.2</ele><time>2026-08-20T12:15:23.000Z</time><extensions><gpxtpx:TrackPointExtension><gpxtpx:hr>140</gpxtpx:hr></gpxtpx:TrackPointExtension></extensions></trkpt>
      <trkpt lat="55.674374" lon="12.588195"><ele>5.4</ele><time>2026-08-20T12:15:24.000Z</time><extensions><gpxtpx:TrackPointExtension><gpxtpx:hr>140</gpxtpx:hr></gpxtpx:TrackPointExtension></extensions></trkpt>
      <trkpt lat="55.674379" lon="12.588182"><ele>5.4</ele><time>2026-08-20T12:15:25.000Z</time><extensions><gpxtpx:TrackPointExtension><gpxtpx:hr>140</gpxtpx:hr></gpxtpx:TrackPointExtension></extensions></trkpt>
      <trkpt lat="55.674385" lon="12.588168"><ele>5.4</ele><time>2026-08-20T12:15:26.000Z</time><extensions><gpxtpx:TrackPointExtension><gpxtpx:hr>140</gpxtpx:hr></gpxtpx:TrackPointExtension></extensions></trkpt>
      <trkpt lat="55.67439" lon="12.588153"><ele>5.4</ele><time>2026-08-20T12:15:27.000Z</time><extensions><gpxtpx:TrackPointExtension><gpxtpx:hr>137</gpxtpx:hr></gpxtpx:TrackPointExtension></extensions></trkpt>
      <trkpt lat="55.674396" lon="12.588136"><ele>5.4</ele><time>2026-08-20T12:15:28.000Z</time><extensions><gpxtpx:TrackPointExtension><gpxtpx:hr>137</gpxtpx:hr></gpxtpx:TrackPointExtension></extensions></trkpt>
      <trkpt lat="55.674402" lon="12.588117"><ele>5.4</ele><time>2026-08-20T12:15:29.000Z</time><extensions><gpxtpx:TrackPointExtension><gpxtpx:hr>137</gpxtpx:hr></gpxtpx:TrackPointExtension></extensions></trkpt>
      <trkpt lat="55.674408" lon="12.588099"><ele>5.2</ele><time>2026-08-20T12:15:30.000Z</time><extensions><gpxtpx:TrackPointExtension><gpxtpx:hr>137</gpxtpx:hr></gpxtpx:TrackPointExtension></extensions></trkpt>
      <trkpt lat="55.674413" lon="12.588083"><ele>5</ele><time>2026-08-20T12:15:31.000Z</time><extensions><gpxtpx:TrackPointExtension><gpxtpx:hr>137</gpxtpx:hr></gpxtpx:TrackPointExtension></extensions></trkpt>
      <trkpt lat="55.674419" lon="12.588069"><ele>4.8</ele><time>2026-08-20T12:15:32.000Z</time><extensions><gpxtpx:TrackPointExtension><gpxtpx:hr>137</gpxtpx:hr></gpxtpx:TrackPointExtension></extensions></trkpt>
      <trkpt lat="55.674424" lon="12.588057"><ele>4.6</ele><time>2026-08-20T12:15:33.000Z</time><extensions><gpxtpx:TrackPointExtension><gpxtpx:hr>137</gpxtpx:hr></gpxtpx:TrackPointExtension></extensions></trkpt>
      <trkpt lat="55.674429" lon="12.588046"><ele>4.4</ele><time>2026-08-20T12:15:34.000Z</time><extensions><gpxtpx:TrackPointExtension><gpxtpx:hr>137</gpxtpx:hr></gpxtpx:TrackPointExtension></extensions></trkpt>
      <trkpt lat="55.674435" lon="12.588035"><ele>4.2</ele><time>2026-08-20T12:15:35.000Z</time><extensions><gpxtpx:TrackPointExtension><gpxtpx:hr>133</gpxtpx:hr></gpxtpx:TrackPointExtension></extensions></trkpt>
      <trkpt lat="55.67444" lon="12.588023"><ele>3.8</ele><time>2026-08-20T12:15:36.000Z</time><extensions><gpxtpx:TrackPointExtension><gpxtpx:hr>133</gpxtpx:hr></gpxtpx:TrackPointExtension></extensions></trkpt>
      <trkpt lat="55.674445" lon="12.58801"><ele>3.6</ele><time>2026-08-20T12:15:37.000Z</time><extensions><gpxtpx:TrackPointExtension><gpxtpx:hr>133</gpxtpx:hr></gpxtpx:TrackPointExtension></extensions></trkpt>
      <trkpt lat="55.67445" lon="12.587995"><ele>3.4</ele><time>2026-08-20T12:15:38.000Z</time><extensions><gpxtpx:TrackPointExtension><gpxtpx:hr>133</gpxtpx:hr></gpxtpx:TrackPointExtension></extensions></trkpt>
      <trkpt lat="55.674454" lon="12.58798"><ele>3.2</ele><time>2026-08-20T12:15:39.000Z</time><extensions><gpxtpx:TrackPointExtension><gpxtpx:hr>133</gpxtpx:hr></gpxtpx:TrackPointExtension></extensions></trkpt>
      <trkpt lat="55.674457" lon="12.587964"><ele>3</ele><time>2026-08-20T12:15:40.000Z</time><extensions><gpxtpx:TrackPointExtension><gpxtpx:hr>133</gpxtpx:hr></gpxtpx:TrackPointExtension></extensions></trkpt>
      <trkpt lat="55.674458" lon="12.587948"><ele>2.8</ele><time>2026-08-20T12:15:41.000Z</time><extensions><gpxtpx:TrackPointExtension><gpxtpx:hr>133</gpxtpx:hr></gpxtpx:TrackPointExtension></extensions></trkpt>
      <trkpt lat="55.674455" lon="12.587934"><ele>2.6</ele><time>2026-08-20T12:15:42.000Z</time><extensions><gpxtpx:TrackPointExtension><gpxtpx:hr>133</gpxtpx:hr></gpxtpx:TrackPointExtension></extensions></trkpt>
      <trkpt lat="55.674447" lon="12.587919"><ele>2.6</ele><time>2026-08-20T12:15:43.000Z</time><extensions><gpxtpx:TrackPointExtension><gpxtpx:hr>133</gpxtpx:hr></gpxtpx:TrackPointExtension></extensions></trkpt>
      <trkpt lat="55.674437" lon="12.587902"><ele>2.4</ele><time>2026-08-20T12:15:44.000Z</time><extensions><gpxtpx:TrackPointExtension><gpxtpx:hr>133</gpxtpx:hr></gpxtpx:TrackPointExtension></extensions></trkpt>
      <trkpt lat="55.674423" lon="12.587881"><ele>2.4</ele><time>2026-08-20T12:15:45.000Z</time><extensions><gpxtpx:TrackPointExtension><gpxtpx:hr>129</gpxtpx:hr></gpxtpx:TrackPointExtension></extensions></trkpt>
      <trkpt lat="55.67441" lon="12.587861"><ele>2.4</ele><time>2026-08-20T12:15:46.000Z</time><extensions><gpxtpx:TrackPointExtension><gpxtpx:hr>129</gpxtpx:hr></gpxtpx:TrackPointExtension></extensions></trkpt>
      <trkpt lat="55.674396" lon="12.587842"><ele>2.2</ele><time>2026-08-20T12:15:47.000Z</time><extensions><gpxtpx:TrackPointExtension><gpxtpx:hr>129</gpxtpx:hr></gpxtpx:TrackPointExtension></extensions></trkpt>
      <trkpt lat="55.674382" lon="12.587823"><ele>2.2</ele><time>2026-08-20T12:15:48.000Z</time><extensions><gpxtpx:TrackPointExtension><gpxtpx:hr>129</gpxtpx:hr></gpxtpx:TrackPointExtension></extensions></trkpt>
      <trkpt lat="55.674367" lon="12.587804"><ele>2.2</ele><time>2026-08-20T12:15:49.000Z</time><extensions><gpxtpx:TrackPointExtension><gpxtpx:hr>129</gpxtpx:hr></gpxtpx:TrackPointExtension></extensions></trkpt>
      <trkpt lat="55.674352" lon="12.587784"><ele>2.2</ele><time>2026-08-20T12:15:50.000Z</time><extensions><gpxtpx:TrackPointExtension><gpxtpx:hr>129</gpxtpx:hr></gpxtpx:TrackPointExtension></extensions></trkpt>
      <trkpt lat="55.674336" lon="12.587764"><ele>2.2</ele><time>2026-08-20T12:15:51.000Z</time><extensions><gpxtpx:TrackPointExtension><gpxtpx:hr>129</gpxtpx:hr></gpxtpx:TrackPointExtension></extensions></trkpt>
      <trkpt lat="55.674318" lon="12.587742"><ele>2.2</ele><time>2026-08-20T12:15:52.000Z</time><extensions><gpxtpx:TrackPointExtension><gpxtpx:hr>129</gpxtpx:hr></gpxtpx:TrackPointExtension></extensions></trkpt>
      <trkpt lat="55.674298" lon="12.587717"><ele>2.4</ele><time>2026-08-20T12:15:53.000Z</time><extensions><gpxtpx:TrackPointExtension><gpxtpx:hr>129</gpxtpx:hr></gpxtpx:TrackPointExtension></extensions></trkpt>
      <trkpt lat="55.674277" lon="12.587689"><ele>2.4</ele><time>2026-08-20T12:15:54.000Z</time><extensions><gpxtpx:TrackPointExtension><gpxtpx:hr>129</gpxtpx:hr></gpxtpx:TrackPointExtension></extensions></trkpt>
      <trkpt lat="55.674256" lon="12.58766"><ele>2.4</ele><time>2026-08-20T12:15:55.000Z</time><extensions><gpxtpx:TrackPointExtension><gpxtpx:hr>129</gpxtpx:hr></gpxtpx:TrackPointExtension></extensions></trkpt>
      <trkpt lat="55.674236" lon="12.587631"><ele>2.6</ele><time>2026-08-20T12:15:56.000Z</time><extensions><gpxtpx:TrackPointExtension><gpxtpx:hr>129</gpxtpx:hr></gpxtpx:TrackPointExtension></extensions></trkpt>
      <trkpt lat="55.674217" lon="12.587603"><ele>2.6</ele><time>2026-08-20T12:15:57.000Z</time><extensions><gpxtpx:TrackPointExtension><gpxtpx:hr>129</gpxtpx:hr></gpxtpx:TrackPointExtension></extensions></trkpt>
      <trkpt lat="55.674199" lon="12.587575"><ele>2.6</ele><time>2026-08-20T12:15:58.000Z</time><extensions><gpxtpx:TrackPointExtension><gpxtpx:hr>127</gpxtpx:hr></gpxtpx:TrackPointExtension></extensions></trkpt>
      <trkpt lat="55.67418" lon="12.587547"><ele>2.8</ele><time>2026-08-20T12:15:59.000Z</time><extensions><gpxtpx:TrackPointExtension><gpxtpx:hr>127</gpxtpx:hr></gpxtpx:TrackPointExtension></extensions></trkpt>
      <trkpt lat="55.674162" lon="12.587518"><ele>2.8</ele><time>2026-08-20T12:16:00.000Z</time><extensions><gpxtpx:TrackPointExtension><gpxtpx:hr>127</gpxtpx:hr></gpxtpx:TrackPointExtension></extensions></trkpt>
      <trkpt lat="55.674143" lon="12.587487"><ele>2.8</ele><time>2026-08-20T12:16:01.000Z</time><extensions><gpxtpx:TrackPointExtension><gpxtpx:hr>127</gpxtpx:hr></gpxtpx:TrackPointExtension></extensions></trkpt>
      <trkpt lat="55.674124" lon="12.587456"><ele>2.8</ele><time>2026-08-20T12:16:02.000Z</time><extensions><gpxtpx:TrackPointExtension><gpxtpx:hr>127</gpxtpx:hr></gpxtpx:TrackPointExtension></extensions></trkpt>
      <trkpt lat="55.674105" lon="12.587426"><ele>2.8</ele><time>2026-08-20T12:16:03.000Z</time><extensions><gpxtpx:TrackPointExtension><gpxtpx:hr>127</gpxtpx:hr></gpxtpx:TrackPointExtension></extensions></trkpt>
      <trkpt lat="55.674086" lon="12.587396"><ele>2.8</ele><time>2026-08-20T12:16:04.000Z</time><extensions><gpxtpx:TrackPointExtension><gpxtpx:hr>127</gpxtpx:hr></gpxtpx:TrackPointExtension></extensions></trkpt>
      <trkpt lat="55.67407" lon="12.587367"><ele>2.8</ele><time>2026-08-20T12:16:05.000Z</time><extensions><gpxtpx:TrackPointExtension><gpxtpx:hr>127</gpxtpx:hr></gpxtpx:TrackPointExtension></extensions></trkpt>
      <trkpt lat="55.674054" lon="12.587339"><ele>2.8</ele><time>2026-08-20T12:16:06.000Z</time><extensions><gpxtpx:TrackPointExtension><gpxtpx:hr>127</gpxtpx:hr></gpxtpx:TrackPointExtension></extensions></trkpt>
      <trkpt lat="55.674039" lon="12.587312"><ele>2.8</ele><time>2026-08-20T12:16:07.000Z</time><extensions><gpxtpx:TrackPointExtension><gpxtpx:hr>127</gpxtpx:hr></gpxtpx:TrackPointExtension></extensions></trkpt>
      <trkpt lat="55.674024" lon="12.587286"><ele>2.8</ele><time>2026-08-20T12:16:08.000Z</time><extensions><gpxtpx:TrackPointExtension><gpxtpx:hr>127</gpxtpx:hr></gpxtpx:TrackPointExtension></extensions></trkpt>
      <trkpt lat="55.674008" lon="12.587262"><ele>2.8</ele><time>2026-08-20T12:16:09.000Z</time><extensions><gpxtpx:TrackPointExtension><gpxtpx:hr>127</gpxtpx:hr></gpxtpx:TrackPointExtension></extensions></trkpt>
      <trkpt lat="55.673991" lon="12.587236"><ele>2.8</ele><time>2026-08-20T12:16:10.000Z</time><extensions><gpxtpx:TrackPointExtension><gpxtpx:hr>130</gpxtpx:hr></gpxtpx:TrackPointExtension></extensions></trkpt>
      <trkpt lat="55.673972" lon="12.587209"><ele>2.6</ele><time>2026-08-20T12:16:11.000Z</time><extensions><gpxtpx:TrackPointExtension><gpxtpx:hr>130</gpxtpx:hr></gpxtpx:TrackPointExtension></extensions></trkpt>
      <trkpt lat="55.673951" lon="12.58718"><ele>2.6</ele><time>2026-08-20T12:16:12.000Z</time><extensions><gpxtpx:TrackPointExtension><gpxtpx:hr>130</gpxtpx:hr></gpxtpx:TrackPointExtension></extensions></trkpt>
      <trkpt lat="55.673931" lon="12.587152"><ele>2.6</ele><time>2026-08-20T12:16:13.000Z</time><extensions><gpxtpx:TrackPointExtension><gpxtpx:hr>131</gpxtpx:hr></gpxtpx:TrackPointExtension></extensions></trkpt>
      <trkpt lat="55.673913" lon="12.587123"><ele>2.6</ele><time>2026-08-20T12:16:14.000Z</time><extensions><gpxtpx:TrackPointExtension><gpxtpx:hr>131</gpxtpx:hr></gpxtpx:TrackPointExtension></extensions></trkpt>
      <trkpt lat="55.673896" lon="12.587092"><ele>2.4</ele><time>2026-08-20T12:16:15.000Z</time><extensions><gpxtpx:TrackPointExtension><gpxtpx:hr>131</gpxtpx:hr></gpxtpx:TrackPointExtension></extensions></trkpt>
      <trkpt lat="55.673878" lon="12.587058"><ele>2.4</ele><time>2026-08-20T12:16:16.000Z</time><extensions><gpxtpx:TrackPointExtension><gpxtpx:hr>131</gpxtpx:hr></gpxtpx:TrackPointExtension></extensions></trkpt>
      <trkpt lat="55.673862" lon="12.587027"><ele>2.4</ele><time>2026-08-20T12:16:17.000Z</time><extensions><gpxtpx:TrackPointExtension><gpxtpx:hr>132</gpxtpx:hr></gpxtpx:TrackPointExtension></extensions></trkpt>
      <trkpt lat="55.673846" lon="12.586997"><ele>2.4</ele><time>2026-08-20T12:16:18.000Z</time><extensions><gpxtpx:TrackPointExtension><gpxtpx:hr>132</gpxtpx:hr></gpxtpx:TrackPointExtension></extensions></trkpt>
      <trkpt lat="55.673831" lon="12.586967"><ele>2.2</ele><time>2026-08-20T12:16:19.000Z</time><extensions><gpxtpx:TrackPointExtension><gpxtpx:hr>132</gpxtpx:hr></gpxtpx:TrackPointExtension></extensions></trkpt>
      <trkpt lat="55.673816" lon="12.586936"><ele>2.2</ele><time>2026-08-20T12:16:20.000Z</time><extensions><gpxtpx:TrackPointExtension><gpxtpx:hr>132</gpxtpx:hr></gpxtpx:TrackPointExtension></extensions></trkpt>
      <trkpt lat="55.673801" lon="12.586905"><ele>2.2</ele><time>2026-08-20T12:16:21.000Z</time><extensions><gpxtpx:TrackPointExtension><gpxtpx:hr>132</gpxtpx:hr></gpxtpx:TrackPointExtension></extensions></trkpt>
      <trkpt lat="55.673787" lon="12.586874"><ele>2.2</ele><time>2026-08-20T12:16:22.000Z</time><extensions><gpxtpx:TrackPointExtension><gpxtpx:hr>132</gpxtpx:hr></gpxtpx:TrackPointExtension></extensions></trkpt>
      <trkpt lat="55.673772" lon="12.586843"><ele>2.2</ele><time>2026-08-20T12:16:23.000Z</time><extensions><gpxtpx:TrackPointExtension><gpxtpx:hr>133</gpxtpx:hr></gpxtpx:TrackPointExtension></extensions></trkpt>
      <trkpt lat="55.673758" lon="12.586812"><ele>2.2</ele><time>2026-08-20T12:16:24.000Z</time><extensions><gpxtpx:TrackPointExtension><gpxtpx:hr>133</gpxtpx:hr></gpxtpx:TrackPointExtension></extensions></trkpt>
      <trkpt lat="55.673742" lon="12.58678"><ele>2.2</ele><time>2026-08-20T12:16:25.000Z</time><extensions><gpxtpx:TrackPointExtension><gpxtpx:hr>133</gpxtpx:hr></gpxtpx:TrackPointExtension></extensions></trkpt>
      <trkpt lat="55.673727" lon="12.586748"><ele>2.2</ele><time>2026-08-20T12:16:26.000Z</time><extensions><gpxtpx:TrackPointExtension><gpxtpx:hr>134</gpxtpx:hr></gpxtpx:TrackPointExtension></extensions></trkpt>
      <trkpt lat="55.673711" lon="12.586714"><ele>2.2</ele><time>2026-08-20T12:16:27.000Z</time><extensions><gpxtpx:TrackPointExtension><gpxtpx:hr>134</gpxtpx:hr></gpxtpx:TrackPointExtension></extensions></trkpt>
      <trkpt lat="55.673696" lon="12.58668"><ele>2.2</ele><time>2026-08-20T12:16:28.000Z</time><extensions><gpxtpx:TrackPointExtension><gpxtpx:hr>134</gpxtpx:hr></gpxtpx:TrackPointExtension></extensions></trkpt>
      <trkpt lat="55.673681" lon="12.586649"><ele>2.2</ele><time>2026-08-20T12:16:29.000Z</time><extensions><gpxtpx:TrackPointExtension><gpxtpx:hr>134</gpxtpx:hr></gpxtpx:TrackPointExtension></extensions></trkpt>
      <trkpt lat="55.673667" lon="12.58662"><ele>2.2</ele><time>2026-08-20T12:16:30.000Z</time><extensions><gpxtpx:TrackPointExtension><gpxtpx:hr>134</gpxtpx:hr></gpxtpx:TrackPointExtension></extensions></trkpt>
      <trkpt lat="55.673653" lon="12.586591"><ele>2.2</ele><time>2026-08-20T12:16:31.000Z</time><extensions><gpxtpx:TrackPointExtension><gpxtpx:hr>134</gpxtpx:hr></gpxtpx:TrackPointExtension></extensions></trkpt>
      <trkpt lat="55.673638" lon="12.586562"><ele>2.2</ele><time>2026-08-20T12:16:32.000Z</time><extensions><gpxtpx:TrackPointExtension><gpxtpx:hr>134</gpxtpx:hr></gpxtpx:TrackPointExtension></extensions></trkpt>
      <trkpt lat="55.673624" lon="12.586533"><ele>2.2</ele><time>2026-08-20T12:16:33.000Z</time><extensions><gpxtpx:TrackPointExtension><gpxtpx:hr>134</gpxtpx:hr></gpxtpx:TrackPointExtension></extensions></trkpt>
      <trkpt lat="55.673609" lon="12.586503"><ele>2.2</ele><time>2026-08-20T12:16:34.000Z</time><extensions><gpxtpx:TrackPointExtension><gpxtpx:hr>134</gpxtpx:hr></gpxtpx:TrackPointExtension></extensions></trkpt>
      <trkpt lat="55.673595" lon="12.586475"><ele>2.2</ele><time>2026-08-20T12:16:35.000Z</time><extensions><gpxtpx:TrackPointExtension><gpxtpx:hr>136</gpxtpx:hr></gpxtpx:TrackPointExtension></extensions></trkpt>
      <trkpt lat="55.67358" lon="12.586448"><ele>2.2</ele><time>2026-08-20T12:16:36.000Z</time><extensions><gpxtpx:TrackPointExtension><gpxtpx:hr>136</gpxtpx:hr></gpxtpx:TrackPointExtension></extensions></trkpt>
      <trkpt lat="55.673565" lon="12.586421"><ele>2.2</ele><time>2026-08-20T12:16:37.000Z</time><extensions><gpxtpx:TrackPointExtension><gpxtpx:hr>136</gpxtpx:hr></gpxtpx:TrackPointExtension></extensions></trkpt>
      <trkpt lat="55.673551" lon="12.586393"><ele>2.2</ele><time>2026-08-20T12:16:38.000Z</time><extensions><gpxtpx:TrackPointExtension><gpxtpx:hr>136</gpxtpx:hr></gpxtpx:TrackPointExtension></extensions></trkpt>
      <trkpt lat="55.673536" lon="12.586365"><ele>2.2</ele><time>2026-08-20T12:16:39.000Z</time><extensions><gpxtpx:TrackPointExtension><gpxtpx:hr>136</gpxtpx:hr></gpxtpx:TrackPointExtension></extensions></trkpt>
      <trkpt lat="55.673521" lon="12.586337"><ele>2.2</ele><time>2026-08-20T12:16:40.000Z</time><extensions><gpxtpx:TrackPointExtension><gpxtpx:hr>136</gpxtpx:hr></gpxtpx:TrackPointExtension></extensions></trkpt>
      <trkpt lat="55.673505" lon="12.58631"><ele>2.2</ele><time>2026-08-20T12:16:41.000Z</time><extensions><gpxtpx:TrackPointExtension><gpxtpx:hr>136</gpxtpx:hr></gpxtpx:TrackPointExtension></extensions></trkpt>
      <trkpt lat="55.673487" lon="12.586283"><ele>2.4</ele><time>2026-08-20T12:16:42.000Z</time><extensions><gpxtpx:TrackPointExtension><gpxtpx:hr>136</gpxtpx:hr></gpxtpx:TrackPointExtension></extensions></trkpt>
      <trkpt lat="55.673469" lon="12.586256"><ele>2.4</ele><time>2026-08-20T12:16:43.000Z</time><extensions><gpxtpx:TrackPointExtension><gpxtpx:hr>136</gpxtpx:hr></gpxtpx:TrackPointExtension></extensions></trkpt>
      <trkpt lat="55.673452" lon="12.586229"><ele>2.4</ele><time>2026-08-20T12:16:44.000Z</time><extensions><gpxtpx:TrackPointExtension><gpxtpx:hr>136</gpxtpx:hr></gpxtpx:TrackPointExtension></extensions></trkpt>
      <trkpt lat="55.673434" lon="12.586201"><ele>2.4</ele><time>2026-08-20T12:16:45.000Z</time><extensions><gpxtpx:TrackPointExtension><gpxtpx:hr>136</gpxtpx:hr></gpxtpx:TrackPointExtension></extensions></trkpt>
      <trkpt lat="55.673417" lon="12.586171"><ele>2.4</ele><time>2026-08-20T12:16:46.000Z</time><extensions><gpxtpx:TrackPointExtension><gpxtpx:hr>136</gpxtpx:hr></gpxtpx:TrackPointExtension></extensions></trkpt>
      <trkpt lat="55.673401" lon="12.586141"><ele>2.4</ele><time>2026-08-20T12:16:47.000Z</time><extensions><gpxtpx:TrackPointExtension><gpxtpx:hr>136</gpxtpx:hr></gpxtpx:TrackPointExtension></extensions></trkpt>
      <trkpt lat="55.673385" lon="12.586112"><ele>2.4</ele><time>2026-08-20T12:16:48.000Z</time><extensions><gpxtpx:TrackPointExtension><gpxtpx:hr>135</gpxtpx:hr></gpxtpx:TrackPointExtension></extensions></trkpt>
      <trkpt lat="55.67337" lon="12.586084"><ele>2.4</ele><time>2026-08-20T12:16:49.000Z</time><extensions><gpxtpx:TrackPointExtension><gpxtpx:hr>135</gpxtpx:hr></gpxtpx:TrackPointExtension></extensions></trkpt>
      <trkpt lat="55.673353" lon="12.586057"><ele>2.4</ele><time>2026-08-20T12:16:50.000Z</time><extensions><gpxtpx:TrackPointExtension><gpxtpx:hr>135</gpxtpx:hr></gpxtpx:TrackPointExtension></extensions></trkpt>
      <trkpt lat="55.673336" lon="12.586029"><ele>2.6</ele><time>2026-08-20T12:16:51.000Z</time><extensions><gpxtpx:TrackPointExtension><gpxtpx:hr>135</gpxtpx:hr></gpxtpx:TrackPointExtension></extensions></trkpt>
      <trkpt lat="55.673319" lon="12.586001"><ele>2.6</ele><time>2026-08-20T12:16:52.000Z</time><extensions><gpxtpx:TrackPointExtension><gpxtpx:hr>135</gpxtpx:hr></gpxtpx:TrackPointExtension></extensions></trkpt>
      <trkpt lat="55.673303" lon="12.585971"><ele>2.8</ele><time>2026-08-20T12:16:53.000Z</time><extensions><gpxtpx:TrackPointExtension><gpxtpx:hr>135</gpxtpx:hr></gpxtpx:TrackPointExtension></extensions></trkpt>
      <trkpt lat="55.673286" lon="12.585943"><ele>2.8</ele><time>2026-08-20T12:16:54.000Z</time><extensions><gpxtpx:TrackPointExtension><gpxtpx:hr>135</gpxtpx:hr></gpxtpx:TrackPointExtension></extensions></trkpt>
      <trkpt lat="55.673269" lon="12.585915"><ele>3</ele><time>2026-08-20T12:16:55.000Z</time><extensions><gpxtpx:TrackPointExtension><gpxtpx:hr>135</gpxtpx:hr></gpxtpx:TrackPointExtension></extensions></trkpt>
      <trkpt lat="55.673252" lon="12.585886"><ele>3</ele><time>2026-08-20T12:16:56.000Z</time><extensions><gpxtpx:TrackPointExtension><gpxtpx:hr>135</gpxtpx:hr></gpxtpx:TrackPointExtension></extensions></trkpt>
      <trkpt lat="55.673236" lon="12.585855"><ele>3</ele><time>2026-08-20T12:16:57.000Z</time><extensions><gpxtpx:TrackPointExtension><gpxtpx:hr>135</gpxtpx:hr></gpxtpx:TrackPointExtension></extensions></trkpt>
      <trkpt lat="55.67322" lon="12.585824"><ele>3</ele><time>2026-08-20T12:16:58.000Z</time><extensions><gpxtpx:TrackPointExtension><gpxtpx:hr>135</gpxtpx:hr></gpxtpx:TrackPointExtension></extensions></trkpt>
      <trkpt lat="55.673204" lon="12.585791"><ele>3</ele><time>2026-08-20T12:16:59.000Z</time><extensions><gpxtpx:TrackPointExtension><gpxtpx:hr>135</gpxtpx:hr></gpxtpx:TrackPointExtension></extensions></trkpt>
      <trkpt lat="55.673191" lon="12.585758"><ele>3</ele><time>2026-08-20T12:17:00.000Z</time><extensions><gpxtpx:TrackPointExtension><gpxtpx:hr>136</gpxtpx:hr></gpxtpx:TrackPointExtension></extensions></trkpt>
      <trkpt lat="55.67318" lon="12.585725"><ele>3</ele><time>2026-08-20T12:17:01.000Z</time><extensions><gpxtpx:TrackPointExtension><gpxtpx:hr>136</gpxtpx:hr></gpxtpx:TrackPointExtension></extensions></trkpt>
      <trkpt lat="55.673172" lon="12.585692"><ele>3</ele><time>2026-08-20T12:17:02.000Z</time><extensions><gpxtpx:TrackPointExtension><gpxtpx:hr>136</gpxtpx:hr></gpxtpx:TrackPointExtension></extensions></trkpt>
      <trkpt lat="55.673168" lon="12.585661"><ele>3</ele><time>2026-08-20T12:17:03.000Z</time><extensions><gpxtpx:TrackPointExtension><gpxtpx:hr>135</gpxtpx:hr></gpxtpx:TrackPointExtension></extensions></trkpt>
      <trkpt lat="55.67317" lon="12.585631"><ele>2.8</ele><time>2026-08-20T12:17:04.000Z</time><extensions><gpxtpx:TrackPointExtension><gpxtpx:hr>135</gpxtpx:hr></gpxtpx:TrackPointExtension></extensions></trkpt>
      <trkpt lat="55.673175" lon="12.585605"><ele>2.8</ele><time>2026-08-20T12:17:05.000Z</time><extensions><gpxtpx:TrackPointExtension><gpxtpx:hr>135</gpxtpx:hr></gpxtpx:TrackPointExtension></extensions></trkpt>
      <trkpt lat="55.673182" lon="12.585584"><ele>2.8</ele><time>2026-08-20T12:17:06.000Z</time><extensions><gpxtpx:TrackPointExtension><gpxtpx:hr>135</gpxtpx:hr></gpxtpx:TrackPointExtension></extensions></trkpt>
      <trkpt lat="55.673188" lon="12.585567"><ele>2.8</ele><time>2026-08-20T12:17:07.000Z</time><extensions><gpxtpx:TrackPointExtension><gpxtpx:hr>135</gpxtpx:hr></gpxtpx:TrackPointExtension></extensions></trkpt>
      <trkpt lat="55.673194" lon="12.585554"><ele>2.8</ele><time>2026-08-20T12:17:08.000Z</time><extensions><gpxtpx:TrackPointExtension><gpxtpx:hr>135</gpxtpx:hr></gpxtpx:TrackPointExtension></extensions></trkpt>
      <trkpt lat="55.673226" lon="12.585462"><ele>3</ele><time>2026-08-20T12:17:17.000Z</time><extensions><gpxtpx:TrackPointExtension><gpxtpx:hr>135</gpxtpx:hr></gpxtpx:TrackPointExtension></extensions></trkpt>
      <trkpt lat="55.673227" lon="12.585449"><ele>3</ele><time>2026-08-20T12:17:18.000Z</time><extensions><gpxtpx:TrackPointExtension><gpxtpx:hr>135</gpxtpx:hr></gpxtpx:TrackPointExtension></extensions></trkpt>
      <trkpt lat="55.673227" lon="12.585437"><ele>3</ele><time>2026-08-20T12:17:19.000Z</time><extensions><gpxtpx:TrackPointExtension><gpxtpx:hr>135</gpxtpx:hr></gpxtpx:TrackPointExtension></extensions></trkpt>
      <trkpt lat="55.673201" lon="12.585332"><ele>2.8</ele><time>2026-08-20T12:17:24.000Z</time><extensions><gpxtpx:TrackPointExtension><gpxtpx:hr>135</gpxtpx:hr></gpxtpx:TrackPointExtension></extensions></trkpt>
      <trkpt lat="55.67319" lon="12.585303"><ele>2.6</ele><time>2026-08-20T12:17:25.000Z</time><extensions><gpxtpx:TrackPointExtension><gpxtpx:hr>135</gpxtpx:hr></gpxtpx:TrackPointExtension></extensions></trkpt>
      <trkpt lat="55.673179" lon="12.585275"><ele>2.6</ele><time>2026-08-20T12:17:26.000Z</time><extensions><gpxtpx:TrackPointExtension><gpxtpx:hr>135</gpxtpx:hr></gpxtpx:TrackPointExtension></extensions></trkpt>
      <trkpt lat="55.673169" lon="12.585248"><ele>2.6</ele><time>2026-08-20T12:17:27.000Z</time><extensions><gpxtpx:TrackPointExtension><gpxtpx:hr>135</gpxtpx:hr></gpxtpx:TrackPointExtension></extensions></trkpt>
      <trkpt lat="55.67316" lon="12.585224"><ele>2.6</ele><time>2026-08-20T12:17:28.000Z</time><extensions><gpxtpx:TrackPointExtension><gpxtpx:hr>135</gpxtpx:hr></gpxtpx:TrackPointExtension></extensions></trkpt>
      <trkpt lat="55.673151" lon="12.585201"><ele>2.6</ele><time>2026-08-20T12:17:29.000Z</time><extensions><gpxtpx:TrackPointExtension><gpxtpx:hr>133</gpxtpx:hr></gpxtpx:TrackPointExtension></extensions></trkpt>
      <trkpt lat="55.673142" lon="12.585177"><ele>2.6</ele><time>2026-08-20T12:17:30.000Z</time><extensions><gpxtpx:TrackPointExtension><gpxtpx:hr>133</gpxtpx:hr></gpxtpx:TrackPointExtension></extensions></trkpt>
      <trkpt lat="55.673131" lon="12.585151"><ele>2.6</ele><time>2026-08-20T12:17:31.000Z</time><extensions><gpxtpx:TrackPointExtension><gpxtpx:hr>133</gpxtpx:hr></gpxtpx:TrackPointExtension></extensions></trkpt>
      <trkpt lat="55.673117" lon="12.585119"><ele>2.6</ele><time>2026-08-20T12:17:32.000Z</time><extensions><gpxtpx:TrackPointExtension><gpxtpx:hr>133</gpxtpx:hr></gpxtpx:TrackPointExtension></extensions></trkpt>
      <trkpt lat="55.673102" lon="12.585085"><ele>2.6</ele><time>2026-08-20T12:17:33.000Z</time><extensions><gpxtpx:TrackPointExtension><gpxtpx:hr>133</gpxtpx:hr></gpxtpx:TrackPointExtension></extensions></trkpt>
      <trkpt lat="55.673088" lon="12.585053"><ele>2.6</ele><time>2026-08-20T12:17:34.000Z</time><extensions><gpxtpx:TrackPointExtension><gpxtpx:hr>133</gpxtpx:hr></gpxtpx:TrackPointExtension></extensions></trkpt>
      <trkpt lat="55.673073" lon="12.585024"><ele>2.6</ele><time>2026-08-20T12:17:35.000Z</time><extensions><gpxtpx:TrackPointExtension><gpxtpx:hr>133</gpxtpx:hr></gpxtpx:TrackPointExtension></extensions></trkpt>
      <trkpt lat="55.673057" lon="12.584995"><ele>2.6</ele><time>2026-08-20T12:17:36.000Z</time><extensions><gpxtpx:TrackPointExtension><gpxtpx:hr>133</gpxtpx:hr></gpxtpx:TrackPointExtension></extensions></trkpt>
      <trkpt lat="55.67304" lon="12.584967"><ele>2.6</ele><time>2026-08-20T12:17:37.000Z</time><extensions><gpxtpx:TrackPointExtension><gpxtpx:hr>132</gpxtpx:hr></gpxtpx:TrackPointExtension></extensions></trkpt>
      <trkpt lat="55.673023" lon="12.584938"><ele>2.4</ele><time>2026-08-20T12:17:38.000Z</time><extensions><gpxtpx:TrackPointExtension><gpxtpx:hr>132</gpxtpx:hr></gpxtpx:TrackPointExtension></extensions></trkpt>
      <trkpt lat="55.673006" lon="12.584911"><ele>2.4</ele><time>2026-08-20T12:17:39.000Z</time><extensions><gpxtpx:TrackPointExtension><gpxtpx:hr>132</gpxtpx:hr></gpxtpx:TrackPointExtension></extensions></trkpt>
      <trkpt lat="55.672991" lon="12.584885"><ele>2.4</ele><time>2026-08-20T12:17:40.000Z</time><extensions><gpxtpx:TrackPointExtension><gpxtpx:hr>132</gpxtpx:hr></gpxtpx:TrackPointExtension></extensions></trkpt>
      <trkpt lat="55.672975" lon="12.58486"><ele>2.4</ele><time>2026-08-20T12:17:41.000Z</time><extensions><gpxtpx:TrackPointExtension><gpxtpx:hr>132</gpxtpx:hr></gpxtpx:TrackPointExtension></extensions></trkpt>
      <trkpt lat="55.67296" lon="12.584835"><ele>2.2</ele><time>2026-08-20T12:17:42.000Z</time><extensions><gpxtpx:TrackPointExtension><gpxtpx:hr>133</gpxtpx:hr></gpxtpx:TrackPointExtension></extensions></trkpt>
      <trkpt lat="55.672944" lon="12.584809"><ele>2.2</ele><time>2026-08-20T12:17:43.000Z</time><extensions><gpxtpx:TrackPointExtension><gpxtpx:hr>133</gpxtpx:hr></gpxtpx:TrackPointExtension></extensions></trkpt>
      <trkpt lat="55.672927" lon="12.584783"><ele>2.2</ele><time>2026-08-20T12:17:44.000Z</time><extensions><gpxtpx:TrackPointExtension><gpxtpx:hr>133</gpxtpx:hr></gpxtpx:TrackPointExtension></extensions></trkpt>
      <trkpt lat="55.672909" lon="12.584757"><ele>2.2</ele><time>2026-08-20T12:17:45.000Z</time><extensions><gpxtpx:TrackPointExtension><gpxtpx:hr>133</gpxtpx:hr></gpxtpx:TrackPointExtension></extensions></trkpt>
      <trkpt lat="55.672892" lon="12.584732"><ele>2.2</ele><time>2026-08-20T12:17:46.000Z</time><extensions><gpxtpx:TrackPointExtension><gpxtpx:hr>132</gpxtpx:hr></gpxtpx:TrackPointExtension></extensions></trkpt>
      <trkpt lat="55.672874" lon="12.584708"><ele>2.2</ele><time>2026-08-20T12:17:47.000Z</time><extensions><gpxtpx:TrackPointExtension><gpxtpx:hr>132</gpxtpx:hr></gpxtpx:TrackPointExtension></extensions></trkpt>
      <trkpt lat="55.672856" lon="12.584686"><ele>2.2</ele><time>2026-08-20T12:17:48.000Z</time><extensions><gpxtpx:TrackPointExtension><gpxtpx:hr>132</gpxtpx:hr></gpxtpx:TrackPointExtension></extensions></trkpt>
      <trkpt lat="55.672838" lon="12.584665"><ele>2.2</ele><time>2026-08-20T12:17:49.000Z</time><extensions><gpxtpx:TrackPointExtension><gpxtpx:hr>132</gpxtpx:hr></gpxtpx:TrackPointExtension></extensions></trkpt>
      <trkpt lat="55.67282" lon="12.584646"><ele>2.2</ele><time>2026-08-20T12:17:50.000Z</time><extensions><gpxtpx:TrackPointExtension><gpxtpx:hr>132</gpxtpx:hr></gpxtpx:TrackPointExtension></extensions></trkpt>
      <trkpt lat="55.672803" lon="12.584628"><ele>2.2</ele><time>2026-08-20T12:17:51.000Z</time><extensions><gpxtpx:TrackPointExtension><gpxtpx:hr>132</gpxtpx:hr></gpxtpx:TrackPointExtension></extensions></trkpt>
      <trkpt lat="55.672785" lon="12.584611"><ele>2.2</ele><time>2026-08-20T12:17:52.000Z</time><extensions><gpxtpx:TrackPointExtension><gpxtpx:hr>132</gpxtpx:hr></gpxtpx:TrackPointExtension></extensions></trkpt>
      <trkpt lat="55.672766" lon="12.584592"><ele>2.4</ele><time>2026-08-20T12:17:53.000Z</time><extensions><gpxtpx:TrackPointExtension><gpxtpx:hr>132</gpxtpx:hr></gpxtpx:TrackPointExtension></extensions></trkpt>
      <trkpt lat="55.672748" lon="12.58457"><ele>2.4</ele><time>2026-08-20T12:17:54.000Z</time><extensions><gpxtpx:TrackPointExtension><gpxtpx:hr>132</gpxtpx:hr></gpxtpx:TrackPointExtension></extensions></trkpt>
      <trkpt lat="55.672729" lon="12.584547"><ele>2.4</ele><time>2026-08-20T12:17:55.000Z</time><extensions><gpxtpx:TrackPointExtension><gpxtpx:hr>131</gpxtpx:hr></gpxtpx:TrackPointExtension></extensions></trkpt>
      <trkpt lat="55.672711" lon="12.584522"><ele>2.4</ele><time>2026-08-20T12:17:56.000Z</time><extensions><gpxtpx:TrackPointExtension><gpxtpx:hr>131</gpxtpx:hr></gpxtpx:TrackPointExtension></extensions></trkpt>
      <trkpt lat="55.672692" lon="12.584498"><ele>2.6</ele><time>2026-08-20T12:17:57.000Z</time><extensions><gpxtpx:TrackPointExtension><gpxtpx:hr>131</gpxtpx:hr></gpxtpx:TrackPointExtension></extensions></trkpt>
      <trkpt lat="55.672676" lon="12.584473"><ele>2.6</ele><time>2026-08-20T12:17:58.000Z</time><extensions><gpxtpx:TrackPointExtension><gpxtpx:hr>131</gpxtpx:hr></gpxtpx:TrackPointExtension></extensions></trkpt>
      <trkpt lat="55.672661" lon="12.584449"><ele>2.6</ele><time>2026-08-20T12:17:59.000Z</time><extensions><gpxtpx:TrackPointExtension><gpxtpx:hr>131</gpxtpx:hr></gpxtpx:TrackPointExtension></extensions></trkpt>
      <trkpt lat="55.672645" lon="12.584426"><ele>2.6</ele><time>2026-08-20T12:18:00.000Z</time><extensions><gpxtpx:TrackPointExtension><gpxtpx:hr>131</gpxtpx:hr></gpxtpx:TrackPointExtension></extensions></trkpt>
      <trkpt lat="55.67263" lon="12.584403"><ele>2.6</ele><time>2026-08-20T12:18:01.000Z</time><extensions><gpxtpx:TrackPointExtension><gpxtpx:hr>131</gpxtpx:hr></gpxtpx:TrackPointExtension></extensions></trkpt>
      <trkpt lat="55.672615" lon="12.584377"><ele>2.8</ele><time>2026-08-20T12:18:02.000Z</time><extensions><gpxtpx:TrackPointExtension><gpxtpx:hr>131</gpxtpx:hr></gpxtpx:TrackPointExtension></extensions></trkpt>
      <trkpt lat="55.6726" lon="12.584349"><ele>2.8</ele><time>2026-08-20T12:18:03.000Z</time><extensions><gpxtpx:TrackPointExtension><gpxtpx:hr>130</gpxtpx:hr></gpxtpx:TrackPointExtension></extensions></trkpt>
      <trkpt lat="55.672586" lon="12.584322"><ele>2.8</ele><time>2026-08-20T12:18:04.000Z</time><extensions><gpxtpx:TrackPointExtension><gpxtpx:hr>130</gpxtpx:hr></gpxtpx:TrackPointExtension></extensions></trkpt>
      <trkpt lat="55.672574" lon="12.584297"><ele>2.8</ele><time>2026-08-20T12:18:05.000Z</time><extensions><gpxtpx:TrackPointExtension><gpxtpx:hr>130</gpxtpx:hr></gpxtpx:TrackPointExtension></extensions></trkpt>
      <trkpt lat="55.672562" lon="12.584273"><ele>2.8</ele><time>2026-08-20T12:18:06.000Z</time><extensions><gpxtpx:TrackPointExtension><gpxtpx:hr>130</gpxtpx:hr></gpxtpx:TrackPointExtension></extensions></trkpt>
      <trkpt lat="55.67255" lon="12.584247"><ele>2.8</ele><time>2026-08-20T12:18:07.000Z</time><extensions><gpxtpx:TrackPointExtension><gpxtpx:hr>130</gpxtpx:hr></gpxtpx:TrackPointExtension></extensions></trkpt>
      <trkpt lat="55.672539" lon="12.58422"><ele>2.8</ele><time>2026-08-20T12:18:08.000Z</time><extensions><gpxtpx:TrackPointExtension><gpxtpx:hr>131</gpxtpx:hr></gpxtpx:TrackPointExtension></extensions></trkpt>
      <trkpt lat="55.672527" lon="12.584193"><ele>2.8</ele><time>2026-08-20T12:18:09.000Z</time><extensions><gpxtpx:TrackPointExtension><gpxtpx:hr>131</gpxtpx:hr></gpxtpx:TrackPointExtension></extensions></trkpt>
      <trkpt lat="55.672515" lon="12.584165"><ele>2.8</ele><time>2026-08-20T12:18:10.000Z</time><extensions><gpxtpx:TrackPointExtension><gpxtpx:hr>131</gpxtpx:hr></gpxtpx:TrackPointExtension></extensions></trkpt>
      <trkpt lat="55.672504" lon="12.584136"><ele>3</ele><time>2026-08-20T12:18:11.000Z</time><extensions><gpxtpx:TrackPointExtension><gpxtpx:hr>133</gpxtpx:hr></gpxtpx:TrackPointExtension></extensions></trkpt>
      <trkpt lat="55.672494" lon="12.584107"><ele>3</ele><time>2026-08-20T12:18:12.000Z</time><extensions><gpxtpx:TrackPointExtension><gpxtpx:hr>133</gpxtpx:hr></gpxtpx:TrackPointExtension></extensions></trkpt>
      <trkpt lat="55.672484" lon="12.584076"><ele>3</ele><time>2026-08-20T12:18:13.000Z</time><extensions><gpxtpx:TrackPointExtension><gpxtpx:hr>133</gpxtpx:hr></gpxtpx:TrackPointExtension></extensions></trkpt>
      <trkpt lat="55.672475" lon="12.584044"><ele>3</ele><time>2026-08-20T12:18:14.000Z</time><extensions><gpxtpx:TrackPointExtension><gpxtpx:hr>133</gpxtpx:hr></gpxtpx:TrackPointExtension></extensions></trkpt>
      <trkpt lat="55.672466" lon="12.584013"><ele>3.2</ele><time>2026-08-20T12:18:15.000Z</time><extensions><gpxtpx:TrackPointExtension><gpxtpx:hr>133</gpxtpx:hr></gpxtpx:TrackPointExtension></extensions></trkpt>
      <trkpt lat="55.672457" lon="12.583982"><ele>3.2</ele><time>2026-08-20T12:18:16.000Z</time><extensions><gpxtpx:TrackPointExtension><gpxtpx:hr>133</gpxtpx:hr></gpxtpx:TrackPointExtension></extensions></trkpt>
      <trkpt lat="55.672448" lon="12.58395"><ele>3.2</ele><time>2026-08-20T12:18:17.000Z</time><extensions><gpxtpx:TrackPointExtension><gpxtpx:hr>133</gpxtpx:hr></gpxtpx:TrackPointExtension></extensions></trkpt>
      <trkpt lat="55.672439" lon="12.583919"><ele>3.2</ele><time>2026-08-20T12:18:18.000Z</time><extensions><gpxtpx:TrackPointExtension><gpxtpx:hr>133</gpxtpx:hr></gpxtpx:TrackPointExtension></extensions></trkpt>
      <trkpt lat="55.672432" lon="12.583887"><ele>3.4</ele><time>2026-08-20T12:18:19.000Z</time><extensions><gpxtpx:TrackPointExtension><gpxtpx:hr>133</gpxtpx:hr></gpxtpx:TrackPointExtension></extensions></trkpt>
      <trkpt lat="55.672425" lon="12.583854"><ele>3.4</ele><time>2026-08-20T12:18:20.000Z</time><extensions><gpxtpx:TrackPointExtension><gpxtpx:hr>133</gpxtpx:hr></gpxtpx:TrackPointExtension></extensions></trkpt>
      <trkpt lat="55.672418" lon="12.583818"><ele>3.4</ele><time>2026-08-20T12:18:21.000Z</time><extensions><gpxtpx:TrackPointExtension><gpxtpx:hr>133</gpxtpx:hr></gpxtpx:TrackPointExtension></extensions></trkpt>
      <trkpt lat="55.67241" lon="12.583784"><ele>3.4</ele><time>2026-08-20T12:18:22.000Z</time><extensions><gpxtpx:TrackPointExtension><gpxtpx:hr>133</gpxtpx:hr></gpxtpx:TrackPointExtension></extensions></trkpt>
      <trkpt lat="55.6724" lon="12.583753"><ele>3.6</ele><time>2026-08-20T12:18:23.000Z</time><extensions><gpxtpx:TrackPointExtension><gpxtpx:hr>133</gpxtpx:hr></gpxtpx:TrackPointExtension></extensions></trkpt>
      <trkpt lat="55.672389" lon="12.583728"><ele>3.6</ele><time>2026-08-20T12:18:24.000Z</time><extensions><gpxtpx:TrackPointExtension><gpxtpx:hr>133</gpxtpx:hr></gpxtpx:TrackPointExtension></extensions></trkpt>
      <trkpt lat="55.672376" lon="12.583708"><ele>3.6</ele><time>2026-08-20T12:18:25.000Z</time><extensions><gpxtpx:TrackPointExtension><gpxtpx:hr>134</gpxtpx:hr></gpxtpx:TrackPointExtension></extensions></trkpt>
      <trkpt lat="55.672361" lon="12.583692"><ele>3.6</ele><time>2026-08-20T12:18:26.000Z</time><extensions><gpxtpx:TrackPointExtension><gpxtpx:hr>135</gpxtpx:hr></gpxtpx:TrackPointExtension></extensions></trkpt>
      <trkpt lat="55.672343" lon="12.583675"><ele>3.6</ele><time>2026-08-20T12:18:27.000Z</time><extensions><gpxtpx:TrackPointExtension><gpxtpx:hr>135</gpxtpx:hr></gpxtpx:TrackPointExtension></extensions></trkpt>
      <trkpt lat="55.672325" lon="12.583659"><ele>3.6</ele><time>2026-08-20T12:18:28.000Z</time><extensions><gpxtpx:TrackPointExtension><gpxtpx:hr>135</gpxtpx:hr></gpxtpx:TrackPointExtension></extensions></trkpt>
      <trkpt lat="55.672305" lon="12.583642"><ele>3.6</ele><time>2026-08-20T12:18:29.000Z</time><extensions><gpxtpx:TrackPointExtension><gpxtpx:hr>135</gpxtpx:hr></gpxtpx:TrackPointExtension></extensions></trkpt>
      <trkpt lat="55.672286" lon="12.583625"><ele>3.6</ele><time>2026-08-20T12:18:30.000Z</time><extensions><gpxtpx:TrackPointExtension><gpxtpx:hr>135</gpxtpx:hr></gpxtpx:TrackPointExtension></extensions></trkpt>
      <trkpt lat="55.672268" lon="12.583608"><ele>3.6</ele><time>2026-08-20T12:18:31.000Z</time><extensions><gpxtpx:TrackPointExtension><gpxtpx:hr>135</gpxtpx:hr></gpxtpx:TrackPointExtension></extensions></trkpt>
      <trkpt lat="55.67225" lon="12.583588"><ele>3.6</ele><time>2026-08-20T12:18:32.000Z</time><extensions><gpxtpx:TrackPointExtension><gpxtpx:hr>135</gpxtpx:hr></gpxtpx:TrackPointExtension></extensions></trkpt>
      <trkpt lat="55.672233" lon="12.583565"><ele>3.6</ele><time>2026-08-20T12:18:33.000Z</time><extensions><gpxtpx:TrackPointExtension><gpxtpx:hr>135</gpxtpx:hr></gpxtpx:TrackPointExtension></extensions></trkpt>
      <trkpt lat="55.672215" lon="12.583541"><ele>3.6</ele><time>2026-08-20T12:18:34.000Z</time><extensions><gpxtpx:TrackPointExtension><gpxtpx:hr>134</gpxtpx:hr></gpxtpx:TrackPointExtension></extensions></trkpt>
      <trkpt lat="55.672197" lon="12.583516"><ele>3.6</ele><time>2026-08-20T12:18:35.000Z</time><extensions><gpxtpx:TrackPointExtension><gpxtpx:hr>134</gpxtpx:hr></gpxtpx:TrackPointExtension></extensions></trkpt>
      <trkpt lat="55.672178" lon="12.583488"><ele>3.4</ele><time>2026-08-20T12:18:36.000Z</time><extensions><gpxtpx:TrackPointExtension><gpxtpx:hr>134</gpxtpx:hr></gpxtpx:TrackPointExtension></extensions></trkpt>
      <trkpt lat="55.672159" lon="12.583459"><ele>3.4</ele><time>2026-08-20T12:18:37.000Z</time><extensions><gpxtpx:TrackPointExtension><gpxtpx:hr>134</gpxtpx:hr></gpxtpx:TrackPointExtension></extensions></trkpt>
      <trkpt lat="55.672139" lon="12.58343"><ele>3.2</ele><time>2026-08-20T12:18:38.000Z</time><extensions><gpxtpx:TrackPointExtension><gpxtpx:hr>134</gpxtpx:hr></gpxtpx:TrackPointExtension></extensions></trkpt>
      <trkpt lat="55.672119" lon="12.583401"><ele>3.2</ele><time>2026-08-20T12:18:39.000Z</time><extensions><gpxtpx:TrackPointExtension><gpxtpx:hr>134</gpxtpx:hr></gpxtpx:TrackPointExtension></extensions></trkpt>
      <trkpt lat="55.6721" lon="12.583372"><ele>3</ele><time>2026-08-20T12:18:40.000Z</time><extensions><gpxtpx:TrackPointExtension><gpxtpx:hr>134</gpxtpx:hr></gpxtpx:TrackPointExtension></extensions></trkpt>
      <trkpt lat="55.672081" lon="12.583343"><ele>2.8</ele><time>2026-08-20T12:18:41.000Z</time><extensions><gpxtpx:TrackPointExtension><gpxtpx:hr>133</gpxtpx:hr></gpxtpx:TrackPointExtension></extensions></trkpt>
      <trkpt lat="55.672062" lon="12.583314"><ele>2.6</ele><time>2026-08-20T12:18:42.000Z</time><extensions><gpxtpx:TrackPointExtension><gpxtpx:hr>133</gpxtpx:hr></gpxtpx:TrackPointExtension></extensions></trkpt>
      <trkpt lat="55.672044" lon="12.583286"><ele>2.6</ele><time>2026-08-20T12:18:43.000Z</time><extensions><gpxtpx:TrackPointExtension><gpxtpx:hr>133</gpxtpx:hr></gpxtpx:TrackPointExtension></extensions></trkpt>
      <trkpt lat="55.672027" lon="12.583259"><ele>2.4</ele><time>2026-08-20T12:18:44.000Z</time><extensions><gpxtpx:TrackPointExtension><gpxtpx:hr>133</gpxtpx:hr></gpxtpx:TrackPointExtension></extensions></trkpt>
      <trkpt lat="55.672009" lon="12.583232"><ele>2.4</ele><time>2026-08-20T12:18:45.000Z</time><extensions><gpxtpx:TrackPointExtension><gpxtpx:hr>133</gpxtpx:hr></gpxtpx:TrackPointExtension></extensions></trkpt>
      <trkpt lat="55.67199" lon="12.583207"><ele>2.2</ele><time>2026-08-20T12:18:46.000Z</time><extensions><gpxtpx:TrackPointExtension><gpxtpx:hr>133</gpxtpx:hr></gpxtpx:TrackPointExtension></extensions></trkpt>
      <trkpt lat="55.671971" lon="12.583182"><ele>2.2</ele><time>2026-08-20T12:18:47.000Z</time><extensions><gpxtpx:TrackPointExtension><gpxtpx:hr>133</gpxtpx:hr></gpxtpx:TrackPointExtension></extensions></trkpt>
      <trkpt lat="55.671953" lon="12.583157"><ele>2.2</ele><time>2026-08-20T12:18:48.000Z</time><extensions><gpxtpx:TrackPointExtension><gpxtpx:hr>133</gpxtpx:hr></gpxtpx:TrackPointExtension></extensions></trkpt>
      <trkpt lat="55.671934" lon="12.583133"><ele>2.2</ele><time>2026-08-20T12:18:49.000Z</time><extensions><gpxtpx:TrackPointExtension><gpxtpx:hr>133</gpxtpx:hr></gpxtpx:TrackPointExtension></extensions></trkpt>
      <trkpt lat="55.671916" lon="12.583108"><ele>2.2</ele><time>2026-08-20T12:18:50.000Z</time><extensions><gpxtpx:TrackPointExtension><gpxtpx:hr>136</gpxtpx:hr></gpxtpx:TrackPointExtension></extensions></trkpt>
      <trkpt lat="55.671897" lon="12.583085"><ele>2.2</ele><time>2026-08-20T12:18:51.000Z</time><extensions><gpxtpx:TrackPointExtension><gpxtpx:hr>136</gpxtpx:hr></gpxtpx:TrackPointExtension></extensions></trkpt>
      <trkpt lat="55.671879" lon="12.583062"><ele>2.2</ele><time>2026-08-20T12:18:52.000Z</time><extensions><gpxtpx:TrackPointExtension><gpxtpx:hr>136</gpxtpx:hr></gpxtpx:TrackPointExtension></extensions></trkpt>
      <trkpt lat="55.67186" lon="12.58304"><ele>2.2</ele><time>2026-08-20T12:18:53.000Z</time><extensions><gpxtpx:TrackPointExtension><gpxtpx:hr>136</gpxtpx:hr></gpxtpx:TrackPointExtension></extensions></trkpt>
      <trkpt lat="55.671842" lon="12.583021"><ele>2.2</ele><time>2026-08-20T12:18:54.000Z</time><extensions><gpxtpx:TrackPointExtension><gpxtpx:hr>136</gpxtpx:hr></gpxtpx:TrackPointExtension></extensions></trkpt>
      <trkpt lat="55.671823" lon="12.583003"><ele>2.2</ele><time>2026-08-20T12:18:55.000Z</time><extensions><gpxtpx:TrackPointExtension><gpxtpx:hr>138</gpxtpx:hr></gpxtpx:TrackPointExtension></extensions></trkpt>
      <trkpt lat="55.671803" lon="12.582985"><ele>2.2</ele><time>2026-08-20T12:18:56.000Z</time><extensions><gpxtpx:TrackPointExtension><gpxtpx:hr>138</gpxtpx:hr></gpxtpx:TrackPointExtension></extensions></trkpt>
      <trkpt lat="55.671784" lon="12.582968"><ele>2.2</ele><time>2026-08-20T12:18:57.000Z</time><extensions><gpxtpx:TrackPointExtension><gpxtpx:hr>138</gpxtpx:hr></gpxtpx:TrackPointExtension></extensions></trkpt>
      <trkpt lat="55.671764" lon="12.582949"><ele>2.2</ele><time>2026-08-20T12:18:58.000Z</time><extensions><gpxtpx:TrackPointExtension><gpxtpx:hr>138</gpxtpx:hr></gpxtpx:TrackPointExtension></extensions></trkpt>
      <trkpt lat="55.671744" lon="12.582928"><ele>2.2</ele><time>2026-08-20T12:18:59.000Z</time><extensions><gpxtpx:TrackPointExtension><gpxtpx:hr>137</gpxtpx:hr></gpxtpx:TrackPointExtension></extensions></trkpt>
      <trkpt lat="55.671725" lon="12.582905"><ele>2.2</ele><time>2026-08-20T12:19:00.000Z</time><extensions><gpxtpx:TrackPointExtension><gpxtpx:hr>137</gpxtpx:hr></gpxtpx:TrackPointExtension></extensions></trkpt>
      <trkpt lat="55.671707" lon="12.582881"><ele>2.2</ele><time>2026-08-20T12:19:01.000Z</time><extensions><gpxtpx:TrackPointExtension><gpxtpx:hr>137</gpxtpx:hr></gpxtpx:TrackPointExtension></extensions></trkpt>
      <trkpt lat="55.67169" lon="12.582856"><ele>2.2</ele><time>2026-08-20T12:19:02.000Z</time><extensions><gpxtpx:TrackPointExtension><gpxtpx:hr>137</gpxtpx:hr></gpxtpx:TrackPointExtension></extensions></trkpt>
      <trkpt lat="55.671673" lon="12.582831"><ele>2.2</ele><time>2026-08-20T12:19:03.000Z</time><extensions><gpxtpx:TrackPointExtension><gpxtpx:hr>137</gpxtpx:hr></gpxtpx:TrackPointExtension></extensions></trkpt>
      <trkpt lat="55.671656" lon="12.582806"><ele>2.2</ele><time>2026-08-20T12:19:04.000Z</time><extensions><gpxtpx:TrackPointExtension><gpxtpx:hr>137</gpxtpx:hr></gpxtpx:TrackPointExtension></extensions></trkpt>
      <trkpt lat="55.671641" lon="12.58278"><ele>2</ele><time>2026-08-20T12:19:05.000Z</time><extensions><gpxtpx:TrackPointExtension><gpxtpx:hr>136</gpxtpx:hr></gpxtpx:TrackPointExtension></extensions></trkpt>
      <trkpt lat="55.671626" lon="12.582754"><ele>2</ele><time>2026-08-20T12:19:06.000Z</time><extensions><gpxtpx:TrackPointExtension><gpxtpx:hr>136</gpxtpx:hr></gpxtpx:TrackPointExtension></extensions></trkpt>
      <trkpt lat="55.671611" lon="12.582728"><ele>2</ele><time>2026-08-20T12:19:07.000Z</time><extensions><gpxtpx:TrackPointExtension><gpxtpx:hr>136</gpxtpx:hr></gpxtpx:TrackPointExtension></extensions></trkpt>
      <trkpt lat="55.671595" lon="12.582701"><ele>2</ele><time>2026-08-20T12:19:08.000Z</time><extensions><gpxtpx:TrackPointExtension><gpxtpx:hr>136</gpxtpx:hr></gpxtpx:TrackPointExtension></extensions></trkpt>
      <trkpt lat="55.671579" lon="12.582673"><ele>2</ele><time>2026-08-20T12:19:09.000Z</time><extensions><gpxtpx:TrackPointExtension><gpxtpx:hr>136</gpxtpx:hr></gpxtpx:TrackPointExtension></extensions></trkpt>
      <trkpt lat="55.671562" lon="12.582646"><ele>2</ele><time>2026-08-20T12:19:10.000Z</time><extensions><gpxtpx:TrackPointExtension><gpxtpx:hr>136</gpxtpx:hr></gpxtpx:TrackPointExtension></extensions></trkpt>
      <trkpt lat="55.671545" lon="12.582619"><ele>2</ele><time>2026-08-20T12:19:11.000Z</time><extensions><gpxtpx:TrackPointExtension><gpxtpx:hr>136</gpxtpx:hr></gpxtpx:TrackPointExtension></extensions></trkpt>
      <trkpt lat="55.671529" lon="12.582592"><ele>2.2</ele><time>2026-08-20T12:19:12.000Z</time><extensions><gpxtpx:TrackPointExtension><gpxtpx:hr>136</gpxtpx:hr></gpxtpx:TrackPointExtension></extensions></trkpt>
      <trkpt lat="55.671513" lon="12.582565"><ele>2.2</ele><time>2026-08-20T12:19:13.000Z</time><extensions><gpxtpx:TrackPointExtension><gpxtpx:hr>136</gpxtpx:hr></gpxtpx:TrackPointExtension></extensions></trkpt>
      <trkpt lat="55.671496" lon="12.582538"><ele>2.2</ele><time>2026-08-20T12:19:14.000Z</time><extensions><gpxtpx:TrackPointExtension><gpxtpx:hr>136</gpxtpx:hr></gpxtpx:TrackPointExtension></extensions></trkpt>
      <trkpt lat="55.671479" lon="12.582512"><ele>2</ele><time>2026-08-20T12:19:15.000Z</time><extensions><gpxtpx:TrackPointExtension><gpxtpx:hr>136</gpxtpx:hr></gpxtpx:TrackPointExtension></extensions></trkpt>
      <trkpt lat="55.671461" lon="12.582488"><ele>2</ele><time>2026-08-20T12:19:16.000Z</time><extensions><gpxtpx:TrackPointExtension><gpxtpx:hr>136</gpxtpx:hr></gpxtpx:TrackPointExtension></extensions></trkpt>
      <trkpt lat="55.671442" lon="12.582466"><ele>2</ele><time>2026-08-20T12:19:17.000Z</time><extensions><gpxtpx:TrackPointExtension><gpxtpx:hr>136</gpxtpx:hr></gpxtpx:TrackPointExtension></extensions></trkpt>
      <trkpt lat="55.671424" lon="12.582443"><ele>2</ele><time>2026-08-20T12:19:18.000Z</time><extensions><gpxtpx:TrackPointExtension><gpxtpx:hr>136</gpxtpx:hr></gpxtpx:TrackPointExtension></extensions></trkpt>
      <trkpt lat="55.671406" lon="12.582419"><ele>2</ele><time>2026-08-20T12:19:19.000Z</time><extensions><gpxtpx:TrackPointExtension><gpxtpx:hr>136</gpxtpx:hr></gpxtpx:TrackPointExtension></extensions></trkpt>
      <trkpt lat="55.671388" lon="12.582395"><ele>2</ele><time>2026-08-20T12:19:20.000Z</time><extensions><gpxtpx:TrackPointExtension><gpxtpx:hr>136</gpxtpx:hr></gpxtpx:TrackPointExtension></extensions></trkpt>
      <trkpt lat="55.67137" lon="12.582371"><ele>2</ele><time>2026-08-20T12:19:21.000Z</time><extensions><gpxtpx:TrackPointExtension><gpxtpx:hr>136</gpxtpx:hr></gpxtpx:TrackPointExtension></extensions></trkpt>
      <trkpt lat="55.671351" lon="12.582348"><ele>2</ele><time>2026-08-20T12:19:22.000Z</time><extensions><gpxtpx:TrackPointExtension><gpxtpx:hr>136</gpxtpx:hr></gpxtpx:TrackPointExtension></extensions></trkpt>
      <trkpt lat="55.671333" lon="12.582325"><ele>2</ele><time>2026-08-20T12:19:23.000Z</time><extensions><gpxtpx:TrackPointExtension><gpxtpx:hr>136</gpxtpx:hr></gpxtpx:TrackPointExtension></extensions></trkpt>
      <trkpt lat="55.671315" lon="12.582304"><ele>2</ele><time>2026-08-20T12:19:24.000Z</time><extensions><gpxtpx:TrackPointExtension><gpxtpx:hr>136</gpxtpx:hr></gpxtpx:TrackPointExtension></extensions></trkpt>
      <trkpt lat="55.671297" lon="12.582282"><ele>2</ele><time>2026-08-20T12:19:25.000Z</time><extensions><gpxtpx:TrackPointExtension><gpxtpx:hr>136</gpxtpx:hr></gpxtpx:TrackPointExtension></extensions></trkpt>
      <trkpt lat="55.671278" lon="12.582261"><ele>2</ele><time>2026-08-20T12:19:26.000Z</time><extensions><gpxtpx:TrackPointExtension><gpxtpx:hr>136</gpxtpx:hr></gpxtpx:TrackPointExtension></extensions></trkpt>
      <trkpt lat="55.67126" lon="12.582238"><ele>2</ele><time>2026-08-20T12:19:27.000Z</time><extensions><gpxtpx:TrackPointExtension><gpxtpx:hr>136</gpxtpx:hr></gpxtpx:TrackPointExtension></extensions></trkpt>
      <trkpt lat="55.671242" lon="12.582215"><ele>2</ele><time>2026-08-20T12:19:28.000Z</time><extensions><gpxtpx:TrackPointExtension><gpxtpx:hr>136</gpxtpx:hr></gpxtpx:TrackPointExtension></extensions></trkpt>
      <trkpt lat="55.671225" lon="12.582192"><ele>2</ele><time>2026-08-20T12:19:29.000Z</time><extensions><gpxtpx:TrackPointExtension><gpxtpx:hr>136</gpxtpx:hr></gpxtpx:TrackPointExtension></extensions></trkpt>
      <trkpt lat="55.671208" lon="12.582168"><ele>2</ele><time>2026-08-20T12:19:30.000Z</time><extensions><gpxtpx:TrackPointExtension><gpxtpx:hr>136</gpxtpx:hr></gpxtpx:TrackPointExtension></extensions></trkpt>
      <trkpt lat="55.67119" lon="12.582143"><ele>2</ele><time>2026-08-20T12:19:31.000Z</time><extensions><gpxtpx:TrackPointExtension><gpxtpx:hr>136</gpxtpx:hr></gpxtpx:TrackPointExtension></extensions></trkpt>
      <trkpt lat="55.671173" lon="12.582118"><ele>2</ele><time>2026-08-20T12:19:32.000Z</time><extensions><gpxtpx:TrackPointExtension><gpxtpx:hr>137</gpxtpx:hr></gpxtpx:TrackPointExtension></extensions></trkpt>
      <trkpt lat="55.671156" lon="12.582094"><ele>2</ele><time>2026-08-20T12:19:33.000Z</time><extensions><gpxtpx:TrackPointExtension><gpxtpx:hr>137</gpxtpx:hr></gpxtpx:TrackPointExtension></extensions></trkpt>
      <trkpt lat="55.67114" lon="12.58207"><ele>2.2</ele><time>2026-08-20T12:19:34.000Z</time><extensions><gpxtpx:TrackPointExtension><gpxtpx:hr>137</gpxtpx:hr></gpxtpx:TrackPointExtension></extensions></trkpt>
      <trkpt lat="55.671124" lon="12.582046"><ele>2.2</ele><time>2026-08-20T12:19:35.000Z</time><extensions><gpxtpx:TrackPointExtension><gpxtpx:hr>137</gpxtpx:hr></gpxtpx:TrackPointExtension></extensions></trkpt>
      <trkpt lat="55.671108" lon="12.582022"><ele>2.2</ele><time>2026-08-20T12:19:36.000Z</time><extensions><gpxtpx:TrackPointExtension><gpxtpx:hr>137</gpxtpx:hr></gpxtpx:TrackPointExtension></extensions></trkpt>
      <trkpt lat="55.67109" lon="12.581996"><ele>2.2</ele><time>2026-08-20T12:19:37.000Z</time><extensions><gpxtpx:TrackPointExtension><gpxtpx:hr>137</gpxtpx:hr></gpxtpx:TrackPointExtension></extensions></trkpt>
      <trkpt lat="55.671073" lon="12.581971"><ele>2.2</ele><time>2026-08-20T12:19:38.000Z</time><extensions><gpxtpx:TrackPointExtension><gpxtpx:hr>137</gpxtpx:hr></gpxtpx:TrackPointExtension></extensions></trkpt>
      <trkpt lat="55.671056" lon="12.581946"><ele>2.2</ele><time>2026-08-20T12:19:39.000Z</time><extensions><gpxtpx:TrackPointExtension><gpxtpx:hr>137</gpxtpx:hr></gpxtpx:TrackPointExtension></extensions></trkpt>
      <trkpt lat="55.67104" lon="12.581921"><ele>2.2</ele><time>2026-08-20T12:19:40.000Z</time><extensions><gpxtpx:TrackPointExtension><gpxtpx:hr>137</gpxtpx:hr></gpxtpx:TrackPointExtension></extensions></trkpt>
      <trkpt lat="55.671025" lon="12.581895"><ele>2.2</ele><time>2026-08-20T12:19:41.000Z</time><extensions><gpxtpx:TrackPointExtension><gpxtpx:hr>138</gpxtpx:hr></gpxtpx:TrackPointExtension></extensions></trkpt>
      <trkpt lat="55.67101" lon="12.581869"><ele>2.2</ele><time>2026-08-20T12:19:42.000Z</time><extensions><gpxtpx:TrackPointExtension><gpxtpx:hr>138</gpxtpx:hr></gpxtpx:TrackPointExtension></extensions></trkpt>
      <trkpt lat="55.670995" lon="12.581842"><ele>2.2</ele><time>2026-08-20T12:19:43.000Z</time><extensions><gpxtpx:TrackPointExtension><gpxtpx:hr>138</gpxtpx:hr></gpxtpx:TrackPointExtension></extensions></trkpt>
      <trkpt lat="55.670979" lon="12.581815"><ele>2.2</ele><time>2026-08-20T12:19:44.000Z</time><extensions><gpxtpx:TrackPointExtension><gpxtpx:hr>138</gpxtpx:hr></gpxtpx:TrackPointExtension></extensions></trkpt>
      <trkpt lat="55.670965" lon="12.581788"><ele>2.2</ele><time>2026-08-20T12:19:45.000Z</time><extensions><gpxtpx:TrackPointExtension><gpxtpx:hr>138</gpxtpx:hr></gpxtpx:TrackPointExtension></extensions></trkpt>
      <trkpt lat="55.670951" lon="12.581761"><ele>2.2</ele><time>2026-08-20T12:19:46.000Z</time><extensions><gpxtpx:TrackPointExtension><gpxtpx:hr>138</gpxtpx:hr></gpxtpx:TrackPointExtension></extensions></trkpt>
      <trkpt lat="55.670938" lon="12.581733"><ele>2.2</ele><time>2026-08-20T12:19:47.000Z</time><extensions><gpxtpx:TrackPointExtension><gpxtpx:hr>138</gpxtpx:hr></gpxtpx:TrackPointExtension></extensions></trkpt>
      <trkpt lat="55.670924" lon="12.581703"><ele>2.2</ele><time>2026-08-20T12:19:48.000Z</time><extensions><gpxtpx:TrackPointExtension><gpxtpx:hr>138</gpxtpx:hr></gpxtpx:TrackPointExtension></extensions></trkpt>
      <trkpt lat="55.670912" lon="12.581673"><ele>2.2</ele><time>2026-08-20T12:19:49.000Z</time><extensions><gpxtpx:TrackPointExtension><gpxtpx:hr>138</gpxtpx:hr></gpxtpx:TrackPointExtension></extensions></trkpt>
      <trkpt lat="55.6709" lon="12.581643"><ele>2.2</ele><time>2026-08-20T12:19:50.000Z</time><extensions><gpxtpx:TrackPointExtension><gpxtpx:hr>138</gpxtpx:hr></gpxtpx:TrackPointExtension></extensions></trkpt>
      <trkpt lat="55.670888" lon="12.581614"><ele>2.2</ele><time>2026-08-20T12:19:51.000Z</time><extensions><gpxtpx:TrackPointExtension><gpxtpx:hr>138</gpxtpx:hr></gpxtpx:TrackPointExtension></extensions></trkpt>
      <trkpt lat="55.670876" lon="12.581584"><ele>2.2</ele><time>2026-08-20T12:19:52.000Z</time><extensions><gpxtpx:TrackPointExtension><gpxtpx:hr>138</gpxtpx:hr></gpxtpx:TrackPointExtension></extensions></trkpt>
      <trkpt lat="55.670864" lon="12.581552"><ele>2.2</ele><time>2026-08-20T12:19:53.000Z</time><extensions><gpxtpx:TrackPointExtension><gpxtpx:hr>138</gpxtpx:hr></gpxtpx:TrackPointExtension></extensions></trkpt>
      <trkpt lat="55.670852" lon="12.581518"><ele>2.2</ele><time>2026-08-20T12:19:54.000Z</time><extensions><gpxtpx:TrackPointExtension><gpxtpx:hr>138</gpxtpx:hr></gpxtpx:TrackPointExtension></extensions></trkpt>
      <trkpt lat="55.670841" lon="12.581484"><ele>2.4</ele><time>2026-08-20T12:19:55.000Z</time><extensions><gpxtpx:TrackPointExtension><gpxtpx:hr>138</gpxtpx:hr></gpxtpx:TrackPointExtension></extensions></trkpt>
      <trkpt lat="55.670831" lon="12.581449"><ele>2.4</ele><time>2026-08-20T12:19:56.000Z</time><extensions><gpxtpx:TrackPointExtension><gpxtpx:hr>138</gpxtpx:hr></gpxtpx:TrackPointExtension></extensions></trkpt>
      <trkpt lat="55.670831" lon="12.581449"><ele>2.4</ele><time>2026-08-20T12:19:57.000Z</time><extensions><gpxtpx:TrackPointExtension><gpxtpx:hr>138</gpxtpx:hr></gpxtpx:TrackPointExtension></extensions></trkpt>
      <trkpt lat="55.670822" lon="12.581417"><ele>2.4</ele><time>2026-08-20T12:19:58.000Z</time><extensions><gpxtpx:TrackPointExtension><gpxtpx:hr>138</gpxtpx:hr></gpxtpx:TrackPointExtension></extensions></trkpt>
      <trkpt lat="55.670815" lon="12.581385"><ele>2.4</ele><time>2026-08-20T12:19:59.000Z</time><extensions><gpxtpx:TrackPointExtension><gpxtpx:hr>138</gpxtpx:hr></gpxtpx:TrackPointExtension></extensions></trkpt>
      <trkpt lat="55.670807" lon="12.581354"><ele>2.4</ele><time>2026-08-20T12:20:00.000Z</time><extensions><gpxtpx:TrackPointExtension><gpxtpx:hr>137</gpxtpx:hr></gpxtpx:TrackPointExtension></extensions></trkpt>
      <trkpt lat="55.670799" lon="12.581321"><ele>2.6</ele><time>2026-08-20T12:20:01.000Z</time><extensions><gpxtpx:TrackPointExtension><gpxtpx:hr>137</gpxtpx:hr></gpxtpx:TrackPointExtension></extensions></trkpt>
      <trkpt lat="55.670789" lon="12.581285"><ele>2.6</ele><time>2026-08-20T12:20:02.000Z</time><extensions><gpxtpx:TrackPointExtension><gpxtpx:hr>137</gpxtpx:hr></gpxtpx:TrackPointExtension></extensions></trkpt>
      <trkpt lat="55.670779" lon="12.581246"><ele>2.6</ele><time>2026-08-20T12:20:03.000Z</time><extensions><gpxtpx:TrackPointExtension><gpxtpx:hr>138</gpxtpx:hr></gpxtpx:TrackPointExtension></extensions></trkpt>
      <trkpt lat="55.670771" lon="12.581205"><ele>2.8</ele><time>2026-08-20T12:20:04.000Z</time><extensions><gpxtpx:TrackPointExtension><gpxtpx:hr>138</gpxtpx:hr></gpxtpx:TrackPointExtension></extensions></trkpt>
      <trkpt lat="55.670766" lon="12.581163"><ele>2.8</ele><time>2026-08-20T12:20:05.000Z</time><extensions><gpxtpx:TrackPointExtension><gpxtpx:hr>138</gpxtpx:hr></gpxtpx:TrackPointExtension></extensions></trkpt>
      <trkpt lat="55.670764" lon="12.581122"><ele>3</ele><time>2026-08-20T12:20:06.000Z</time><extensions><gpxtpx:TrackPointExtension><gpxtpx:hr>139</gpxtpx:hr></gpxtpx:TrackPointExtension></extensions></trkpt>
      <trkpt lat="55.670766" lon="12.58108"><ele>3</ele><time>2026-08-20T12:20:07.000Z</time><extensions><gpxtpx:TrackPointExtension><gpxtpx:hr>139</gpxtpx:hr></gpxtpx:TrackPointExtension></extensions></trkpt>
      <trkpt lat="55.670773" lon="12.581039"><ele>3.2</ele><time>2026-08-20T12:20:08.000Z</time><extensions><gpxtpx:TrackPointExtension><gpxtpx:hr>139</gpxtpx:hr></gpxtpx:TrackPointExtension></extensions></trkpt>
      <trkpt lat="55.67078" lon="12.581"><ele>3.2</ele><time>2026-08-20T12:20:09.000Z</time><extensions><gpxtpx:TrackPointExtension><gpxtpx:hr>139</gpxtpx:hr></gpxtpx:TrackPointExtension></extensions></trkpt>
      <trkpt lat="55.670788" lon="12.580961"><ele>3.4</ele><time>2026-08-20T12:20:10.000Z</time><extensions><gpxtpx:TrackPointExtension><gpxtpx:hr>139</gpxtpx:hr></gpxtpx:TrackPointExtension></extensions></trkpt>
      <trkpt lat="55.670795" lon="12.580924"><ele>3.6</ele><time>2026-08-20T12:20:11.000Z</time><extensions><gpxtpx:TrackPointExtension><gpxtpx:hr>139</gpxtpx:hr></gpxtpx:TrackPointExtension></extensions></trkpt>
      <trkpt lat="55.6708" lon="12.580886"><ele>3.8</ele><time>2026-08-20T12:20:12.000Z</time><extensions><gpxtpx:TrackPointExtension><gpxtpx:hr>139</gpxtpx:hr></gpxtpx:TrackPointExtension></extensions></trkpt>
      <trkpt lat="55.670804" lon="12.580848"><ele>3.8</ele><time>2026-08-20T12:20:13.000Z</time><extensions><gpxtpx:TrackPointExtension><gpxtpx:hr>139</gpxtpx:hr></gpxtpx:TrackPointExtension></extensions></trkpt>
      <trkpt lat="55.670808" lon="12.580811"><ele>4</ele><time>2026-08-20T12:20:14.000Z</time><extensions><gpxtpx:TrackPointExtension><gpxtpx:hr>139</gpxtpx:hr></gpxtpx:TrackPointExtension></extensions></trkpt>
      <trkpt lat="55.670813" lon="12.580774"><ele>4.2</ele><time>2026-08-20T12:20:15.000Z</time><extensions><gpxtpx:TrackPointExtension><gpxtpx:hr>139</gpxtpx:hr></gpxtpx:TrackPointExtension></extensions></trkpt>
      <trkpt lat="55.670819" lon="12.580737"><ele>4.4</ele><time>2026-08-20T12:20:16.000Z</time><extensions><gpxtpx:TrackPointExtension><gpxtpx:hr>139</gpxtpx:hr></gpxtpx:TrackPointExtension></extensions></trkpt>
      <trkpt lat="55.670824" lon="12.580701"><ele>4.6</ele><time>2026-08-20T12:20:17.000Z</time><extensions><gpxtpx:TrackPointExtension><gpxtpx:hr>141</gpxtpx:hr></gpxtpx:TrackPointExtension></extensions></trkpt>
      <trkpt lat="55.670829" lon="12.580665"><ele>4.8</ele><time>2026-08-20T12:20:18.000Z</time><extensions><gpxtpx:TrackPointExtension><gpxtpx:hr>141</gpxtpx:hr></gpxtpx:TrackPointExtension></extensions></trkpt>
      <trkpt lat="55.670834" lon="12.580629"><ele>5</ele><time>2026-08-20T12:20:19.000Z</time><extensions><gpxtpx:TrackPointExtension><gpxtpx:hr>141</gpxtpx:hr></gpxtpx:TrackPointExtension></extensions></trkpt>
      <trkpt lat="55.670839" lon="12.580592"><ele>5</ele><time>2026-08-20T12:20:20.000Z</time><extensions><gpxtpx:TrackPointExtension><gpxtpx:hr>141</gpxtpx:hr></gpxtpx:TrackPointExtension></extensions></trkpt>
      <trkpt lat="55.670844" lon="12.580556"><ele>5.2</ele><time>2026-08-20T12:20:21.000Z</time><extensions><gpxtpx:TrackPointExtension><gpxtpx:hr>141</gpxtpx:hr></gpxtpx:TrackPointExtension></extensions></trkpt>
      <trkpt lat="55.670849" lon="12.580521"><ele>5.2</ele><time>2026-08-20T12:20:22.000Z</time><extensions><gpxtpx:TrackPointExtension><gpxtpx:hr>141</gpxtpx:hr></gpxtpx:TrackPointExtension></extensions></trkpt>
      <trkpt lat="55.670855" lon="12.580487"><ele>5.4</ele><time>2026-08-20T12:20:23.000Z</time><extensions><gpxtpx:TrackPointExtension><gpxtpx:hr>141</gpxtpx:hr></gpxtpx:TrackPointExtension></extensions></trkpt>
      <trkpt lat="55.670861" lon="12.580453"><ele>5.4</ele><time>2026-08-20T12:20:24.000Z</time><extensions><gpxtpx:TrackPointExtension><gpxtpx:hr>141</gpxtpx:hr></gpxtpx:TrackPointExtension></extensions></trkpt>
      <trkpt lat="55.670867" lon="12.580418"><ele>5.4</ele><time>2026-08-20T12:20:25.000Z</time><extensions><gpxtpx:TrackPointExtension><gpxtpx:hr>141</gpxtpx:hr></gpxtpx:TrackPointExtension></extensions></trkpt>
      <trkpt lat="55.670873" lon="12.580384"><ele>5.4</ele><time>2026-08-20T12:20:26.000Z</time><extensions><gpxtpx:TrackPointExtension><gpxtpx:hr>141</gpxtpx:hr></gpxtpx:TrackPointExtension></extensions></trkpt>
      <trkpt lat="55.670879" lon="12.580351"><ele>5.4</ele><time>2026-08-20T12:20:27.000Z</time><extensions><gpxtpx:TrackPointExtension><gpxtpx:hr>141</gpxtpx:hr></gpxtpx:TrackPointExtension></extensions></trkpt>
      <trkpt lat="55.670884" lon="12.580319"><ele>5.6</ele><time>2026-08-20T12:20:28.000Z</time><extensions><gpxtpx:TrackPointExtension><gpxtpx:hr>141</gpxtpx:hr></gpxtpx:TrackPointExtension></extensions></trkpt>
      <trkpt lat="55.67089" lon="12.580287"><ele>5.6</ele><time>2026-08-20T12:20:29.000Z</time><extensions><gpxtpx:TrackPointExtension><gpxtpx:hr>141</gpxtpx:hr></gpxtpx:TrackPointExtension></extensions></trkpt>
      <trkpt lat="55.670896" lon="12.580254"><ele>5.6</ele><time>2026-08-20T12:20:30.000Z</time><extensions><gpxtpx:TrackPointExtension><gpxtpx:hr>141</gpxtpx:hr></gpxtpx:TrackPointExtension></extensions></trkpt>
      <trkpt lat="55.670903" lon="12.580221"><ele>5.6</ele><time>2026-08-20T12:20:31.000Z</time><extensions><gpxtpx:TrackPointExtension><gpxtpx:hr>141</gpxtpx:hr></gpxtpx:TrackPointExtension></extensions></trkpt>
      <trkpt lat="55.67091" lon="12.580189"><ele>5.8</ele><time>2026-08-20T12:20:32.000Z</time><extensions><gpxtpx:TrackPointExtension><gpxtpx:hr>141</gpxtpx:hr></gpxtpx:TrackPointExtension></extensions></trkpt>
      <trkpt lat="55.670917" lon="12.580156"><ele>5.8</ele><time>2026-08-20T12:20:33.000Z</time><extensions><gpxtpx:TrackPointExtension><gpxtpx:hr>141</gpxtpx:hr></gpxtpx:TrackPointExtension></extensions></trkpt>
      <trkpt lat="55.670925" lon="12.580124"><ele>5.8</ele><time>2026-08-20T12:20:34.000Z</time><extensions><gpxtpx:TrackPointExtension><gpxtpx:hr>141</gpxtpx:hr></gpxtpx:TrackPointExtension></extensions></trkpt>
      <trkpt lat="55.670932" lon="12.580092"><ele>6</ele><time>2026-08-20T12:20:35.000Z</time><extensions><gpxtpx:TrackPointExtension><gpxtpx:hr>141</gpxtpx:hr></gpxtpx:TrackPointExtension></extensions></trkpt>
      <trkpt lat="55.67094" lon="12.580061"><ele>6</ele><time>2026-08-20T12:20:36.000Z</time><extensions><gpxtpx:TrackPointExtension><gpxtpx:hr>141</gpxtpx:hr></gpxtpx:TrackPointExtension></extensions></trkpt>
      <trkpt lat="55.670948" lon="12.580031"><ele>6.2</ele><time>2026-08-20T12:20:37.000Z</time><extensions><gpxtpx:TrackPointExtension><gpxtpx:hr>141</gpxtpx:hr></gpxtpx:TrackPointExtension></extensions></trkpt>
      <trkpt lat="55.670956" lon="12.58"><ele>6.2</ele><time>2026-08-20T12:20:38.000Z</time><extensions><gpxtpx:TrackPointExtension><gpxtpx:hr>141</gpxtpx:hr></gpxtpx:TrackPointExtension></extensions></trkpt>
      <trkpt lat="55.670964" lon="12.57997"><ele>6.2</ele><time>2026-08-20T12:20:39.000Z</time><extensions><gpxtpx:TrackPointExtension><gpxtpx:hr>141</gpxtpx:hr></gpxtpx:TrackPointExtension></extensions></trkpt>
      <trkpt lat="55.670973" lon="12.57994"><ele>6.4</ele><time>2026-08-20T12:20:40.000Z</time><extensions><gpxtpx:TrackPointExtension><gpxtpx:hr>141</gpxtpx:hr></gpxtpx:TrackPointExtension></extensions></trkpt>
      <trkpt lat="55.670982" lon="12.579908"><ele>6.4</ele><time>2026-08-20T12:20:41.000Z</time><extensions><gpxtpx:TrackPointExtension><gpxtpx:hr>141</gpxtpx:hr></gpxtpx:TrackPointExtension></extensions></trkpt>
      <trkpt lat="55.670991" lon="12.579876"><ele>6.4</ele><time>2026-08-20T12:20:42.000Z</time><extensions><gpxtpx:TrackPointExtension><gpxtpx:hr>141</gpxtpx:hr></gpxtpx:TrackPointExtension></extensions></trkpt>
      <trkpt lat="55.671001" lon="12.579843"><ele>6.6</ele><time>2026-08-20T12:20:43.000Z</time><extensions><gpxtpx:TrackPointExtension><gpxtpx:hr>141</gpxtpx:hr></gpxtpx:TrackPointExtension></extensions></trkpt>
      <trkpt lat="55.671011" lon="12.579811"><ele>6.6</ele><time>2026-08-20T12:20:44.000Z</time><extensions><gpxtpx:TrackPointExtension><gpxtpx:hr>141</gpxtpx:hr></gpxtpx:TrackPointExtension></extensions></trkpt>
      <trkpt lat="55.671022" lon="12.579778"><ele>6.6</ele><time>2026-08-20T12:20:45.000Z</time><extensions><gpxtpx:TrackPointExtension><gpxtpx:hr>142</gpxtpx:hr></gpxtpx:TrackPointExtension></extensions></trkpt>
      <trkpt lat="55.671033" lon="12.579746"><ele>6.6</ele><time>2026-08-20T12:20:46.000Z</time><extensions><gpxtpx:TrackPointExtension><gpxtpx:hr>142</gpxtpx:hr></gpxtpx:TrackPointExtension></extensions></trkpt>
      <trkpt lat="55.671045" lon="12.579713"><ele>6.6</ele><time>2026-08-20T12:20:47.000Z</time><extensions><gpxtpx:TrackPointExtension><gpxtpx:hr>142</gpxtpx:hr></gpxtpx:TrackPointExtension></extensions></trkpt>
      <trkpt lat="55.671057" lon="12.57968"><ele>6.6</ele><time>2026-08-20T12:20:48.000Z</time><extensions><gpxtpx:TrackPointExtension><gpxtpx:hr>142</gpxtpx:hr></gpxtpx:TrackPointExtension></extensions></trkpt>
      <trkpt lat="55.671069" lon="12.579647"><ele>6.4</ele><time>2026-08-20T12:20:49.000Z</time><extensions><gpxtpx:TrackPointExtension><gpxtpx:hr>142</gpxtpx:hr></gpxtpx:TrackPointExtension></extensions></trkpt>
      <trkpt lat="55.671081" lon="12.579615"><ele>6.4</ele><time>2026-08-20T12:20:50.000Z</time><extensions><gpxtpx:TrackPointExtension><gpxtpx:hr>142</gpxtpx:hr></gpxtpx:TrackPointExtension></extensions></trkpt>
      <trkpt lat="55.671093" lon="12.579583"><ele>6.4</ele><time>2026-08-20T12:20:51.000Z</time><extensions><gpxtpx:TrackPointExtension><gpxtpx:hr>142</gpxtpx:hr></gpxtpx:TrackPointExtension></extensions></trkpt>
      <trkpt lat="55.671106" lon="12.579551"><ele>6.2</ele><time>2026-08-20T12:20:52.000Z</time><extensions><gpxtpx:TrackPointExtension><gpxtpx:hr>142</gpxtpx:hr></gpxtpx:TrackPointExtension></extensions></trkpt>
      <trkpt lat="55.671119" lon="12.57952"><ele>6.2</ele><time>2026-08-20T12:20:53.000Z</time><extensions><gpxtpx:TrackPointExtension><gpxtpx:hr>142</gpxtpx:hr></gpxtpx:TrackPointExtension></extensions></trkpt>
      <trkpt lat="55.671132" lon="12.579489"><ele>6</ele><time>2026-08-20T12:20:54.000Z</time><extensions><gpxtpx:TrackPointExtension><gpxtpx:hr>142</gpxtpx:hr></gpxtpx:TrackPointExtension></extensions></trkpt>
      <trkpt lat="55.671143" lon="12.579461"><ele>6</ele><time>2026-08-20T12:20:55.000Z</time><extensions><gpxtpx:TrackPointExtension><gpxtpx:hr>142</gpxtpx:hr></gpxtpx:TrackPointExtension></extensions></trkpt>
      <trkpt lat="55.671154" lon="12.579433"><ele>6</ele><time>2026-08-20T12:20:56.000Z</time><extensions><gpxtpx:TrackPointExtension><gpxtpx:hr>142</gpxtpx:hr></gpxtpx:TrackPointExtension></extensions></trkpt>
      <trkpt lat="55.671166" lon="12.579404"><ele>5.8</ele><time>2026-08-20T12:20:57.000Z</time><extensions><gpxtpx:TrackPointExtension><gpxtpx:hr>142</gpxtpx:hr></gpxtpx:TrackPointExtension></extensions></trkpt>
      <trkpt lat="55.67118" lon="12.579373"><ele>5.8</ele><time>2026-08-20T12:20:58.000Z</time><extensions><gpxtpx:TrackPointExtension><gpxtpx:hr>142</gpxtpx:hr></gpxtpx:TrackPointExtension></extensions></trkpt>
      <trkpt lat="55.671196" lon="12.579342"><ele>5.6</ele><time>2026-08-20T12:20:59.000Z</time><extensions><gpxtpx:TrackPointExtension><gpxtpx:hr>142</gpxtpx:hr></gpxtpx:TrackPointExtension></extensions></trkpt>
      <trkpt lat="55.671212" lon="12.579312"><ele>5.6</ele><time>2026-08-20T12:21:00.000Z</time><extensions><gpxtpx:TrackPointExtension><gpxtpx:hr>138</gpxtpx:hr></gpxtpx:TrackPointExtension></extensions></trkpt>
      <trkpt lat="55.671227" lon="12.579282"><ele>5.4</ele><time>2026-08-20T12:21:01.000Z</time><extensions><gpxtpx:TrackPointExtension><gpxtpx:hr>137</gpxtpx:hr></gpxtpx:TrackPointExtension></extensions></trkpt>
      <trkpt lat="55.671241" lon="12.579252"><ele>5.4</ele><time>2026-08-20T12:21:02.000Z</time><extensions><gpxtpx:TrackPointExtension><gpxtpx:hr>137</gpxtpx:hr></gpxtpx:TrackPointExtension></extensions></trkpt>
      <trkpt lat="55.671255" lon="12.579224"><ele>5.2</ele><time>2026-08-20T12:21:03.000Z</time><extensions><gpxtpx:TrackPointExtension><gpxtpx:hr>137</gpxtpx:hr></gpxtpx:TrackPointExtension></extensions></trkpt>
      <trkpt lat="55.67127" lon="12.579196"><ele>5.2</ele><time>2026-08-20T12:21:04.000Z</time><extensions><gpxtpx:TrackPointExtension><gpxtpx:hr>137</gpxtpx:hr></gpxtpx:TrackPointExtension></extensions></trkpt>
      <trkpt lat="55.671285" lon="12.579168"><ele>5</ele><time>2026-08-20T12:21:05.000Z</time><extensions><gpxtpx:TrackPointExtension><gpxtpx:hr>137</gpxtpx:hr></gpxtpx:TrackPointExtension></extensions></trkpt>
      <trkpt lat="55.671299" lon="12.579139"><ele>5</ele><time>2026-08-20T12:21:06.000Z</time><extensions><gpxtpx:TrackPointExtension><gpxtpx:hr>136</gpxtpx:hr></gpxtpx:TrackPointExtension></extensions></trkpt>
      <trkpt lat="55.671313" lon="12.579109"><ele>4.8</ele><time>2026-08-20T12:21:07.000Z</time><extensions><gpxtpx:TrackPointExtension><gpxtpx:hr>136</gpxtpx:hr></gpxtpx:TrackPointExtension></extensions></trkpt>
      <trkpt lat="55.671327" lon="12.579077"><ele>4.8</ele><time>2026-08-20T12:21:08.000Z</time><extensions><gpxtpx:TrackPointExtension><gpxtpx:hr>136</gpxtpx:hr></gpxtpx:TrackPointExtension></extensions></trkpt>
      <trkpt lat="55.671341" lon="12.579046"><ele>4.8</ele><time>2026-08-20T12:21:09.000Z</time><extensions><gpxtpx:TrackPointExtension><gpxtpx:hr>136</gpxtpx:hr></gpxtpx:TrackPointExtension></extensions></trkpt>
      <trkpt lat="55.671357" lon="12.579015"><ele>4.6</ele><time>2026-08-20T12:21:10.000Z</time><extensions><gpxtpx:TrackPointExtension><gpxtpx:hr>136</gpxtpx:hr></gpxtpx:TrackPointExtension></extensions></trkpt>
      <trkpt lat="55.671373" lon="12.578985"><ele>4.6</ele><time>2026-08-20T12:21:11.000Z</time><extensions><gpxtpx:TrackPointExtension><gpxtpx:hr>136</gpxtpx:hr></gpxtpx:TrackPointExtension></extensions></trkpt>
      <trkpt lat="55.671388" lon="12.578954"><ele>4.6</ele><time>2026-08-20T12:21:12.000Z</time><extensions><gpxtpx:TrackPointExtension><gpxtpx:hr>136</gpxtpx:hr></gpxtpx:TrackPointExtension></extensions></trkpt>
      <trkpt lat="55.6714" lon="12.578922"><ele>4.4</ele><time>2026-08-20T12:21:13.000Z</time><extensions><gpxtpx:TrackPointExtension><gpxtpx:hr>134</gpxtpx:hr></gpxtpx:TrackPointExtension></extensions></trkpt>
      <trkpt lat="55.671407" lon="12.578887"><ele>4.4</ele><time>2026-08-20T12:21:14.000Z</time><extensions><gpxtpx:TrackPointExtension><gpxtpx:hr>134</gpxtpx:hr></gpxtpx:TrackPointExtension></extensions></trkpt>
      <trkpt lat="55.671408" lon="12.578851"><ele>4.2</ele><time>2026-08-20T12:21:15.000Z</time><extensions><gpxtpx:TrackPointExtension><gpxtpx:hr>134</gpxtpx:hr></gpxtpx:TrackPointExtension></extensions></trkpt>
      <trkpt lat="55.6714" lon="12.578816"><ele>4</ele><time>2026-08-20T12:21:16.000Z</time><extensions><gpxtpx:TrackPointExtension><gpxtpx:hr>134</gpxtpx:hr></gpxtpx:TrackPointExtension></extensions></trkpt>
      <trkpt lat="55.671387" lon="12.578781"><ele>4</ele><time>2026-08-20T12:21:17.000Z</time><extensions><gpxtpx:TrackPointExtension><gpxtpx:hr>134</gpxtpx:hr></gpxtpx:TrackPointExtension></extensions></trkpt>
      <trkpt lat="55.671372" lon="12.57875"><ele>3.8</ele><time>2026-08-20T12:21:18.000Z</time><extensions><gpxtpx:TrackPointExtension><gpxtpx:hr>134</gpxtpx:hr></gpxtpx:TrackPointExtension></extensions></trkpt>
      <trkpt lat="55.671356" lon="12.578721"><ele>3.6</ele><time>2026-08-20T12:21:19.000Z</time><extensions><gpxtpx:TrackPointExtension><gpxtpx:hr>132</gpxtpx:hr></gpxtpx:TrackPointExtension></extensions></trkpt>
      <trkpt lat="55.671342" lon="12.578694"><ele>3.4</ele><time>2026-08-20T12:21:20.000Z</time><extensions><gpxtpx:TrackPointExtension><gpxtpx:hr>132</gpxtpx:hr></gpxtpx:TrackPointExtension></extensions></trkpt>
      <trkpt lat="55.671329" lon="12.578666"><ele>3.4</ele><time>2026-08-20T12:21:21.000Z</time><extensions><gpxtpx:TrackPointExtension><gpxtpx:hr>133</gpxtpx:hr></gpxtpx:TrackPointExtension></extensions></trkpt>
      <trkpt lat="55.671317" lon="12.578637"><ele>3.2</ele><time>2026-08-20T12:21:22.000Z</time><extensions><gpxtpx:TrackPointExtension><gpxtpx:hr>133</gpxtpx:hr></gpxtpx:TrackPointExtension></extensions></trkpt>
      <trkpt lat="55.671307" lon="12.578606"><ele>3</ele><time>2026-08-20T12:21:23.000Z</time><extensions><gpxtpx:TrackPointExtension><gpxtpx:hr>133</gpxtpx:hr></gpxtpx:TrackPointExtension></extensions></trkpt>
      <trkpt lat="55.671297" lon="12.578574"><ele>3</ele><time>2026-08-20T12:21:24.000Z</time><extensions><gpxtpx:TrackPointExtension><gpxtpx:hr>133</gpxtpx:hr></gpxtpx:TrackPointExtension></extensions></trkpt>
      <trkpt lat="55.671286" lon="12.578542"><ele>2.8</ele><time>2026-08-20T12:21:25.000Z</time><extensions><gpxtpx:TrackPointExtension><gpxtpx:hr>133</gpxtpx:hr></gpxtpx:TrackPointExtension></extensions></trkpt>
      <trkpt lat="55.671275" lon="12.578513"><ele>2.8</ele><time>2026-08-20T12:21:26.000Z</time><extensions><gpxtpx:TrackPointExtension><gpxtpx:hr>133</gpxtpx:hr></gpxtpx:TrackPointExtension></extensions></trkpt>
      <trkpt lat="55.671262" lon="12.578486"><ele>2.8</ele><time>2026-08-20T12:21:27.000Z</time><extensions><gpxtpx:TrackPointExtension><gpxtpx:hr>133</gpxtpx:hr></gpxtpx:TrackPointExtension></extensions></trkpt>
      <trkpt lat="55.671248" lon="12.578461"><ele>2.6</ele><time>2026-08-20T12:21:28.000Z</time><extensions><gpxtpx:TrackPointExtension><gpxtpx:hr>132</gpxtpx:hr></gpxtpx:TrackPointExtension></extensions></trkpt>
      <trkpt lat="55.671234" lon="12.578436"><ele>2.6</ele><time>2026-08-20T12:21:29.000Z</time><extensions><gpxtpx:TrackPointExtension><gpxtpx:hr>132</gpxtpx:hr></gpxtpx:TrackPointExtension></extensions></trkpt>
      <trkpt lat="55.671219" lon="12.57841"><ele>2.6</ele><time>2026-08-20T12:21:30.000Z</time><extensions><gpxtpx:TrackPointExtension><gpxtpx:hr>132</gpxtpx:hr></gpxtpx:TrackPointExtension></extensions></trkpt>
      <trkpt lat="55.671204" lon="12.578387"><ele>2.6</ele><time>2026-08-20T12:21:31.000Z</time><extensions><gpxtpx:TrackPointExtension><gpxtpx:hr>131</gpxtpx:hr></gpxtpx:TrackPointExtension></extensions></trkpt>
      <trkpt lat="55.671188" lon="12.578365"><ele>2.4</ele><time>2026-08-20T12:21:32.000Z</time><extensions><gpxtpx:TrackPointExtension><gpxtpx:hr>131</gpxtpx:hr></gpxtpx:TrackPointExtension></extensions></trkpt>
      <trkpt lat="55.671172" lon="12.578343"><ele>2.4</ele><time>2026-08-20T12:21:33.000Z</time><extensions><gpxtpx:TrackPointExtension><gpxtpx:hr>131</gpxtpx:hr></gpxtpx:TrackPointExtension></extensions></trkpt>
      <trkpt lat="55.671157" lon="12.578319"><ele>2.4</ele><time>2026-08-20T12:21:34.000Z</time><extensions><gpxtpx:TrackPointExtension><gpxtpx:hr>131</gpxtpx:hr></gpxtpx:TrackPointExtension></extensions></trkpt>
      <trkpt lat="55.671142" lon="12.578293"><ele>2.4</ele><time>2026-08-20T12:21:35.000Z</time><extensions><gpxtpx:TrackPointExtension><gpxtpx:hr>131</gpxtpx:hr></gpxtpx:TrackPointExtension></extensions></trkpt>
      <trkpt lat="55.671127" lon="12.578269"><ele>2.4</ele><time>2026-08-20T12:21:36.000Z</time><extensions><gpxtpx:TrackPointExtension><gpxtpx:hr>131</gpxtpx:hr></gpxtpx:TrackPointExtension></extensions></trkpt>
      <trkpt lat="55.671111" lon="12.578247"><ele>2.4</ele><time>2026-08-20T12:21:37.000Z</time><extensions><gpxtpx:TrackPointExtension><gpxtpx:hr>130</gpxtpx:hr></gpxtpx:TrackPointExtension></extensions></trkpt>
      <trkpt lat="55.671093" lon="12.578226"><ele>2.4</ele><time>2026-08-20T12:21:38.000Z</time><extensions><gpxtpx:TrackPointExtension><gpxtpx:hr>130</gpxtpx:hr></gpxtpx:TrackPointExtension></extensions></trkpt>
      <trkpt lat="55.671073" lon="12.578204"><ele>2.4</ele><time>2026-08-20T12:21:39.000Z</time><extensions><gpxtpx:TrackPointExtension><gpxtpx:hr>130</gpxtpx:hr></gpxtpx:TrackPointExtension></extensions></trkpt>
      <trkpt lat="55.671055" lon="12.578182"><ele>2.4</ele><time>2026-08-20T12:21:40.000Z</time><extensions><gpxtpx:TrackPointExtension><gpxtpx:hr>130</gpxtpx:hr></gpxtpx:TrackPointExtension></extensions></trkpt>
      <trkpt lat="55.671038" lon="12.578157"><ele>2.6</ele><time>2026-08-20T12:21:41.000Z</time><extensions><gpxtpx:TrackPointExtension><gpxtpx:hr>130</gpxtpx:hr></gpxtpx:TrackPointExtension></extensions></trkpt>
      <trkpt lat="55.671021" lon="12.57813"><ele>2.6</ele><time>2026-08-20T12:21:42.000Z</time><extensions><gpxtpx:TrackPointExtension><gpxtpx:hr>130</gpxtpx:hr></gpxtpx:TrackPointExtension></extensions></trkpt>
      <trkpt lat="55.671006" lon="12.578102"><ele>2.6</ele><time>2026-08-20T12:21:43.000Z</time><extensions><gpxtpx:TrackPointExtension><gpxtpx:hr>130</gpxtpx:hr></gpxtpx:TrackPointExtension></extensions></trkpt>
      <trkpt lat="55.67099" lon="12.578074"><ele>2.6</ele><time>2026-08-20T12:21:44.000Z</time><extensions><gpxtpx:TrackPointExtension><gpxtpx:hr>130</gpxtpx:hr></gpxtpx:TrackPointExtension></extensions></trkpt>
      <trkpt lat="55.670974" lon="12.578045"><ele>2.6</ele><time>2026-08-20T12:21:45.000Z</time><extensions><gpxtpx:TrackPointExtension><gpxtpx:hr>130</gpxtpx:hr></gpxtpx:TrackPointExtension></extensions></trkpt>
      <trkpt lat="55.670958" lon="12.578017"><ele>2.6</ele><time>2026-08-20T12:21:46.000Z</time><extensions><gpxtpx:TrackPointExtension><gpxtpx:hr>131</gpxtpx:hr></gpxtpx:TrackPointExtension></extensions></trkpt>
      <trkpt lat="55.670943" lon="12.57799"><ele>2.6</ele><time>2026-08-20T12:21:47.000Z</time><extensions><gpxtpx:TrackPointExtension><gpxtpx:hr>131</gpxtpx:hr></gpxtpx:TrackPointExtension></extensions></trkpt>
      <trkpt lat="55.670929" lon="12.577966"><ele>2.6</ele><time>2026-08-20T12:21:48.000Z</time><extensions><gpxtpx:TrackPointExtension><gpxtpx:hr>131</gpxtpx:hr></gpxtpx:TrackPointExtension></extensions></trkpt>
      <trkpt lat="55.670914" lon="12.577946"><ele>2.6</ele><time>2026-08-20T12:21:49.000Z</time><extensions><gpxtpx:TrackPointExtension><gpxtpx:hr>131</gpxtpx:hr></gpxtpx:TrackPointExtension></extensions></trkpt>
      <trkpt lat="55.6709" lon="12.577932"><ele>2.6</ele><time>2026-08-20T12:21:50.000Z</time><extensions><gpxtpx:TrackPointExtension><gpxtpx:hr>131</gpxtpx:hr></gpxtpx:TrackPointExtension></extensions></trkpt>
      <trkpt lat="55.670886" lon="12.577921"><ele>2.6</ele><time>2026-08-20T12:21:51.000Z</time><extensions><gpxtpx:TrackPointExtension><gpxtpx:hr>131</gpxtpx:hr></gpxtpx:TrackPointExtension></extensions></trkpt>
      <trkpt lat="55.670872" lon="12.57791"><ele>2.6</ele><time>2026-08-20T12:21:52.000Z</time><extensions><gpxtpx:TrackPointExtension><gpxtpx:hr>131</gpxtpx:hr></gpxtpx:TrackPointExtension></extensions></trkpt>
      <trkpt lat="55.670857" lon="12.577893"><ele>2.6</ele><time>2026-08-20T12:21:53.000Z</time><extensions><gpxtpx:TrackPointExtension><gpxtpx:hr>131</gpxtpx:hr></gpxtpx:TrackPointExtension></extensions></trkpt>
      <trkpt lat="55.670842" lon="12.577868"><ele>2.6</ele><time>2026-08-20T12:21:54.000Z</time><extensions><gpxtpx:TrackPointExtension><gpxtpx:hr>131</gpxtpx:hr></gpxtpx:TrackPointExtension></extensions></trkpt>
      <trkpt lat="55.670827" lon="12.577837"><ele>2.6</ele><time>2026-08-20T12:21:55.000Z</time><extensions><gpxtpx:TrackPointExtension><gpxtpx:hr>133</gpxtpx:hr></gpxtpx:TrackPointExtension></extensions></trkpt>
      <trkpt lat="55.670811" lon="12.577805"><ele>2.4</ele><time>2026-08-20T12:21:56.000Z</time><extensions><gpxtpx:TrackPointExtension><gpxtpx:hr>133</gpxtpx:hr></gpxtpx:TrackPointExtension></extensions></trkpt>
      <trkpt lat="55.670795" lon="12.577773"><ele>2.4</ele><time>2026-08-20T12:21:57.000Z</time><extensions><gpxtpx:TrackPointExtension><gpxtpx:hr>133</gpxtpx:hr></gpxtpx:TrackPointExtension></extensions></trkpt>
      <trkpt lat="55.670776" lon="12.577741"><ele>2.4</ele><time>2026-08-20T12:21:58.000Z</time><extensions><gpxtpx:TrackPointExtension><gpxtpx:hr>133</gpxtpx:hr></gpxtpx:TrackPointExtension></extensions></trkpt>
      <trkpt lat="55.670757" lon="12.577712"><ele>2.4</ele><time>2026-08-20T12:21:59.000Z</time><extensions><gpxtpx:TrackPointExtension><gpxtpx:hr>133</gpxtpx:hr></gpxtpx:TrackPointExtension></extensions></trkpt>
      <trkpt lat="55.670738" lon="12.577684"><ele>2.4</ele><time>2026-08-20T12:22:00.000Z</time><extensions><gpxtpx:TrackPointExtension><gpxtpx:hr>133</gpxtpx:hr></gpxtpx:TrackPointExtension></extensions></trkpt>
      <trkpt lat="55.67072" lon="12.577658"><ele>2.4</ele><time>2026-08-20T12:22:01.000Z</time><extensions><gpxtpx:TrackPointExtension><gpxtpx:hr>133</gpxtpx:hr></gpxtpx:TrackPointExtension></extensions></trkpt>
      <trkpt lat="55.670702" lon="12.577631"><ele>2.4</ele><time>2026-08-20T12:22:02.000Z</time><extensions><gpxtpx:TrackPointExtension><gpxtpx:hr>133</gpxtpx:hr></gpxtpx:TrackPointExtension></extensions></trkpt>
      <trkpt lat="55.670685" lon="12.577603"><ele>2.4</ele><time>2026-08-20T12:22:03.000Z</time><extensions><gpxtpx:TrackPointExtension><gpxtpx:hr>133</gpxtpx:hr></gpxtpx:TrackPointExtension></extensions></trkpt>
      <trkpt lat="55.670668" lon="12.577575"><ele>2.4</ele><time>2026-08-20T12:22:04.000Z</time><extensions><gpxtpx:TrackPointExtension><gpxtpx:hr>133</gpxtpx:hr></gpxtpx:TrackPointExtension></extensions></trkpt>
      <trkpt lat="55.670654" lon="12.577548"><ele>2.4</ele><time>2026-08-20T12:22:05.000Z</time><extensions><gpxtpx:TrackPointExtension><gpxtpx:hr>133</gpxtpx:hr></gpxtpx:TrackPointExtension></extensions></trkpt>
      <trkpt lat="55.67064" lon="12.577521"><ele>2.4</ele><time>2026-08-20T12:22:06.000Z</time><extensions><gpxtpx:TrackPointExtension><gpxtpx:hr>133</gpxtpx:hr></gpxtpx:TrackPointExtension></extensions></trkpt>
      <trkpt lat="55.670625" lon="12.577495"><ele>2.6</ele><time>2026-08-20T12:22:07.000Z</time><extensions><gpxtpx:TrackPointExtension><gpxtpx:hr>133</gpxtpx:hr></gpxtpx:TrackPointExtension></extensions></trkpt>
      <trkpt lat="55.670608" lon="12.57747"><ele>2.6</ele><time>2026-08-20T12:22:08.000Z</time><extensions><gpxtpx:TrackPointExtension><gpxtpx:hr>133</gpxtpx:hr></gpxtpx:TrackPointExtension></extensions></trkpt>
      <trkpt lat="55.670589" lon="12.577446"><ele>2.6</ele><time>2026-08-20T12:22:09.000Z</time><extensions><gpxtpx:TrackPointExtension><gpxtpx:hr>133</gpxtpx:hr></gpxtpx:TrackPointExtension></extensions></trkpt>
      <trkpt lat="55.670571" lon="12.577422"><ele>2.6</ele><time>2026-08-20T12:22:10.000Z</time><extensions><gpxtpx:TrackPointExtension><gpxtpx:hr>134</gpxtpx:hr></gpxtpx:TrackPointExtension></extensions></trkpt>
      <trkpt lat="55.670554" lon="12.577398"><ele>2.6</ele><time>2026-08-20T12:22:11.000Z</time><extensions><gpxtpx:TrackPointExtension><gpxtpx:hr>134</gpxtpx:hr></gpxtpx:TrackPointExtension></extensions></trkpt>
      <trkpt lat="55.670537" lon="12.577373"><ele>2.6</ele><time>2026-08-20T12:22:12.000Z</time><extensions><gpxtpx:TrackPointExtension><gpxtpx:hr>134</gpxtpx:hr></gpxtpx:TrackPointExtension></extensions></trkpt>
      <trkpt lat="55.670521" lon="12.57735"><ele>2.6</ele><time>2026-08-20T12:22:13.000Z</time><extensions><gpxtpx:TrackPointExtension><gpxtpx:hr>134</gpxtpx:hr></gpxtpx:TrackPointExtension></extensions></trkpt>
      <trkpt lat="55.670506" lon="12.577326"><ele>2.6</ele><time>2026-08-20T12:22:14.000Z</time><extensions><gpxtpx:TrackPointExtension><gpxtpx:hr>134</gpxtpx:hr></gpxtpx:TrackPointExtension></extensions></trkpt>
      <trkpt lat="55.670492" lon="12.577301"><ele>2.6</ele><time>2026-08-20T12:22:15.000Z</time><extensions><gpxtpx:TrackPointExtension><gpxtpx:hr>134</gpxtpx:hr></gpxtpx:TrackPointExtension></extensions></trkpt>
      <trkpt lat="55.670476" lon="12.577273"><ele>2.6</ele><time>2026-08-20T12:22:16.000Z</time><extensions><gpxtpx:TrackPointExtension><gpxtpx:hr>134</gpxtpx:hr></gpxtpx:TrackPointExtension></extensions></trkpt>
      <trkpt lat="55.670461" lon="12.577242"><ele>2.6</ele><time>2026-08-20T12:22:17.000Z</time><extensions><gpxtpx:TrackPointExtension><gpxtpx:hr>136</gpxtpx:hr></gpxtpx:TrackPointExtension></extensions></trkpt>
      <trkpt lat="55.670446" lon="12.577211"><ele>2.6</ele><time>2026-08-20T12:22:18.000Z</time><extensions><gpxtpx:TrackPointExtension><gpxtpx:hr>136</gpxtpx:hr></gpxtpx:TrackPointExtension></extensions></trkpt>
      <trkpt lat="55.670431" lon="12.57718"><ele>2.6</ele><time>2026-08-20T12:22:19.000Z</time><extensions><gpxtpx:TrackPointExtension><gpxtpx:hr>136</gpxtpx:hr></gpxtpx:TrackPointExtension></extensions></trkpt>
      <trkpt lat="55.670417" lon="12.577149"><ele>2.6</ele><time>2026-08-20T12:22:20.000Z</time><extensions><gpxtpx:TrackPointExtension><gpxtpx:hr>136</gpxtpx:hr></gpxtpx:TrackPointExtension></extensions></trkpt>
      <trkpt lat="55.670403" lon="12.577119"><ele>2.6</ele><time>2026-08-20T12:22:21.000Z</time><extensions><gpxtpx:TrackPointExtension><gpxtpx:hr>136</gpxtpx:hr></gpxtpx:TrackPointExtension></extensions></trkpt>
      <trkpt lat="55.670388" lon="12.577089"><ele>2.6</ele><time>2026-08-20T12:22:22.000Z</time><extensions><gpxtpx:TrackPointExtension><gpxtpx:hr>136</gpxtpx:hr></gpxtpx:TrackPointExtension></extensions></trkpt>
      <trkpt lat="55.670374" lon="12.577059"><ele>2.8</ele><time>2026-08-20T12:22:23.000Z</time><extensions><gpxtpx:TrackPointExtension><gpxtpx:hr>136</gpxtpx:hr></gpxtpx:TrackPointExtension></extensions></trkpt>
      <trkpt lat="55.67036" lon="12.577028"><ele>2.8</ele><time>2026-08-20T12:22:24.000Z</time><extensions><gpxtpx:TrackPointExtension><gpxtpx:hr>136</gpxtpx:hr></gpxtpx:TrackPointExtension></extensions></trkpt>
      <trkpt lat="55.670346" lon="12.576998"><ele>2.8</ele><time>2026-08-20T12:22:25.000Z</time><extensions><gpxtpx:TrackPointExtension><gpxtpx:hr>136</gpxtpx:hr></gpxtpx:TrackPointExtension></extensions></trkpt>
      <trkpt lat="55.670332" lon="12.576968"><ele>2.8</ele><time>2026-08-20T12:22:26.000Z</time><extensions><gpxtpx:TrackPointExtension><gpxtpx:hr>136</gpxtpx:hr></gpxtpx:TrackPointExtension></extensions></trkpt>
      <trkpt lat="55.670317" lon="12.576938"><ele>2.8</ele><time>2026-08-20T12:22:27.000Z</time><extensions><gpxtpx:TrackPointExtension><gpxtpx:hr>136</gpxtpx:hr></gpxtpx:TrackPointExtension></extensions></trkpt>
      <trkpt lat="55.670301" lon="12.576908"><ele>2.8</ele><time>2026-08-20T12:22:28.000Z</time><extensions><gpxtpx:TrackPointExtension><gpxtpx:hr>136</gpxtpx:hr></gpxtpx:TrackPointExtension></extensions></trkpt>
      <trkpt lat="55.670286" lon="12.576878"><ele>2.8</ele><time>2026-08-20T12:22:29.000Z</time><extensions><gpxtpx:TrackPointExtension><gpxtpx:hr>136</gpxtpx:hr></gpxtpx:TrackPointExtension></extensions></trkpt>
      <trkpt lat="55.670271" lon="12.576849"><ele>3</ele><time>2026-08-20T12:22:30.000Z</time><extensions><gpxtpx:TrackPointExtension><gpxtpx:hr>135</gpxtpx:hr></gpxtpx:TrackPointExtension></extensions></trkpt>
      <trkpt lat="55.670256" lon="12.576821"><ele>3</ele><time>2026-08-20T12:22:31.000Z</time><extensions><gpxtpx:TrackPointExtension><gpxtpx:hr>135</gpxtpx:hr></gpxtpx:TrackPointExtension></extensions></trkpt>
      <trkpt lat="55.670241" lon="12.576793"><ele>3</ele><time>2026-08-20T12:22:32.000Z</time><extensions><gpxtpx:TrackPointExtension><gpxtpx:hr>136</gpxtpx:hr></gpxtpx:TrackPointExtension></extensions></trkpt>
      <trkpt lat="55.670226" lon="12.576764"><ele>3</ele><time>2026-08-20T12:22:33.000Z</time><extensions><gpxtpx:TrackPointExtension><gpxtpx:hr>136</gpxtpx:hr></gpxtpx:TrackPointExtension></extensions></trkpt>
      <trkpt lat="55.670211" lon="12.576735"><ele>3</ele><time>2026-08-20T12:22:34.000Z</time><extensions><gpxtpx:TrackPointExtension><gpxtpx:hr>136</gpxtpx:hr></gpxtpx:TrackPointExtension></extensions></trkpt>
      <trkpt lat="55.670195" lon="12.576708"><ele>3</ele><time>2026-08-20T12:22:35.000Z</time><extensions><gpxtpx:TrackPointExtension><gpxtpx:hr>136</gpxtpx:hr></gpxtpx:TrackPointExtension></extensions></trkpt>
      <trkpt lat="55.67018" lon="12.576681"><ele>3</ele><time>2026-08-20T12:22:36.000Z</time><extensions><gpxtpx:TrackPointExtension><gpxtpx:hr>136</gpxtpx:hr></gpxtpx:TrackPointExtension></extensions></trkpt>
      <trkpt lat="55.670164" lon="12.576655"><ele>3</ele><time>2026-08-20T12:22:37.000Z</time><extensions><gpxtpx:TrackPointExtension><gpxtpx:hr>136</gpxtpx:hr></gpxtpx:TrackPointExtension></extensions></trkpt>
      <trkpt lat="55.670149" lon="12.57663"><ele>3</ele><time>2026-08-20T12:22:38.000Z</time><extensions><gpxtpx:TrackPointExtension><gpxtpx:hr>136</gpxtpx:hr></gpxtpx:TrackPointExtension></extensions></trkpt>
      <trkpt lat="55.670133" lon="12.576605"><ele>3</ele><time>2026-08-20T12:22:39.000Z</time><extensions><gpxtpx:TrackPointExtension><gpxtpx:hr>136</gpxtpx:hr></gpxtpx:TrackPointExtension></extensions></trkpt>
      <trkpt lat="55.670118" lon="12.576581"><ele>3</ele><time>2026-08-20T12:22:40.000Z</time><extensions><gpxtpx:TrackPointExtension><gpxtpx:hr>135</gpxtpx:hr></gpxtpx:TrackPointExtension></extensions></trkpt>
      <trkpt lat="55.670102" lon="12.576556"><ele>3</ele><time>2026-08-20T12:22:41.000Z</time><extensions><gpxtpx:TrackPointExtension><gpxtpx:hr>135</gpxtpx:hr></gpxtpx:TrackPointExtension></extensions></trkpt>
      <trkpt lat="55.670087" lon="12.576532"><ele>3</ele><time>2026-08-20T12:22:42.000Z</time><extensions><gpxtpx:TrackPointExtension><gpxtpx:hr>135</gpxtpx:hr></gpxtpx:TrackPointExtension></extensions></trkpt>
      <trkpt lat="55.670072" lon="12.576508"><ele>3</ele><time>2026-08-20T12:22:43.000Z</time><extensions><gpxtpx:TrackPointExtension><gpxtpx:hr>135</gpxtpx:hr></gpxtpx:TrackPointExtension></extensions></trkpt>
      <trkpt lat="55.670057" lon="12.576483"><ele>3</ele><time>2026-08-20T12:22:44.000Z</time><extensions><gpxtpx:TrackPointExtension><gpxtpx:hr>135</gpxtpx:hr></gpxtpx:TrackPointExtension></extensions></trkpt>
      <trkpt lat="55.670042" lon="12.576459"><ele>3</ele><time>2026-08-20T12:22:45.000Z</time><extensions><gpxtpx:TrackPointExtension><gpxtpx:hr>135</gpxtpx:hr></gpxtpx:TrackPointExtension></extensions></trkpt>
      <trkpt lat="55.670028" lon="12.576436"><ele>3</ele><time>2026-08-20T12:22:46.000Z</time><extensions><gpxtpx:TrackPointExtension><gpxtpx:hr>135</gpxtpx:hr></gpxtpx:TrackPointExtension></extensions></trkpt>
      <trkpt lat="55.670013" lon="12.576413"><ele>2.8</ele><time>2026-08-20T12:22:47.000Z</time><extensions><gpxtpx:TrackPointExtension><gpxtpx:hr>135</gpxtpx:hr></gpxtpx:TrackPointExtension></extensions></trkpt>
      <trkpt lat="55.67" lon="12.576391"><ele>2.8</ele><time>2026-08-20T12:22:48.000Z</time><extensions><gpxtpx:TrackPointExtension><gpxtpx:hr>135</gpxtpx:hr></gpxtpx:TrackPointExtension></extensions></trkpt>
      <trkpt lat="55.669986" lon="12.576369"><ele>2.8</ele><time>2026-08-20T12:22:49.000Z</time><extensions><gpxtpx:TrackPointExtension><gpxtpx:hr>135</gpxtpx:hr></gpxtpx:TrackPointExtension></extensions></trkpt>
      <trkpt lat="55.669971" lon="12.576346"><ele>2.8</ele><time>2026-08-20T12:22:50.000Z</time><extensions><gpxtpx:TrackPointExtension><gpxtpx:hr>133</gpxtpx:hr></gpxtpx:TrackPointExtension></extensions></trkpt>
      <trkpt lat="55.669956" lon="12.576324"><ele>2.8</ele><time>2026-08-20T12:22:51.000Z</time><extensions><gpxtpx:TrackPointExtension><gpxtpx:hr>133</gpxtpx:hr></gpxtpx:TrackPointExtension></extensions></trkpt>
      <trkpt lat="55.66994" lon="12.576301"><ele>2.8</ele><time>2026-08-20T12:22:52.000Z</time><extensions><gpxtpx:TrackPointExtension><gpxtpx:hr>133</gpxtpx:hr></gpxtpx:TrackPointExtension></extensions></trkpt>
      <trkpt lat="55.669922" lon="12.57628"><ele>2.8</ele><time>2026-08-20T12:22:53.000Z</time><extensions><gpxtpx:TrackPointExtension><gpxtpx:hr>133</gpxtpx:hr></gpxtpx:TrackPointExtension></extensions></trkpt>
      <trkpt lat="55.669903" lon="12.576264"><ele>2.8</ele><time>2026-08-20T12:22:54.000Z</time><extensions><gpxtpx:TrackPointExtension><gpxtpx:hr>133</gpxtpx:hr></gpxtpx:TrackPointExtension></extensions></trkpt>
      <trkpt lat="55.669883" lon="12.576256"><ele>2.8</ele><time>2026-08-20T12:22:55.000Z</time><extensions><gpxtpx:TrackPointExtension><gpxtpx:hr>133</gpxtpx:hr></gpxtpx:TrackPointExtension></extensions></trkpt>
      <trkpt lat="55.669862" lon="12.576255"><ele>2.8</ele><time>2026-08-20T12:22:56.000Z</time><extensions><gpxtpx:TrackPointExtension><gpxtpx:hr>133</gpxtpx:hr></gpxtpx:TrackPointExtension></extensions></trkpt>
      <trkpt lat="55.669842" lon="12.576261"><ele>2.8</ele><time>2026-08-20T12:22:57.000Z</time><extensions><gpxtpx:TrackPointExtension><gpxtpx:hr>133</gpxtpx:hr></gpxtpx:TrackPointExtension></extensions></trkpt>
      <trkpt lat="55.66982" lon="12.57627"><ele>2.8</ele><time>2026-08-20T12:22:58.000Z</time><extensions><gpxtpx:TrackPointExtension><gpxtpx:hr>133</gpxtpx:hr></gpxtpx:TrackPointExtension></extensions></trkpt>
      <trkpt lat="55.669799" lon="12.576281"><ele>2.8</ele><time>2026-08-20T12:22:59.000Z</time><extensions><gpxtpx:TrackPointExtension><gpxtpx:hr>132</gpxtpx:hr></gpxtpx:TrackPointExtension></extensions></trkpt>
      <trkpt lat="55.669778" lon="12.576292"><ele>2.8</ele><time>2026-08-20T12:23:00.000Z</time><extensions><gpxtpx:TrackPointExtension><gpxtpx:hr>132</gpxtpx:hr></gpxtpx:TrackPointExtension></extensions></trkpt>
      <trkpt lat="55.669757" lon="12.5763"><ele>2.8</ele><time>2026-08-20T12:23:01.000Z</time><extensions><gpxtpx:TrackPointExtension><gpxtpx:hr>132</gpxtpx:hr></gpxtpx:TrackPointExtension></extensions></trkpt>
      <trkpt lat="55.669736" lon="12.576302"><ele>2.8</ele><time>2026-08-20T12:23:02.000Z</time><extensions><gpxtpx:TrackPointExtension><gpxtpx:hr>132</gpxtpx:hr></gpxtpx:TrackPointExtension></extensions></trkpt>
      <trkpt lat="55.669715" lon="12.576299"><ele>2.8</ele><time>2026-08-20T12:23:03.000Z</time><extensions><gpxtpx:TrackPointExtension><gpxtpx:hr>132</gpxtpx:hr></gpxtpx:TrackPointExtension></extensions></trkpt>
      <trkpt lat="55.669696" lon="12.576292"><ele>2.8</ele><time>2026-08-20T12:23:04.000Z</time><extensions><gpxtpx:TrackPointExtension><gpxtpx:hr>132</gpxtpx:hr></gpxtpx:TrackPointExtension></extensions></trkpt>
      <trkpt lat="55.669678" lon="12.576279"><ele>2.8</ele><time>2026-08-20T12:23:05.000Z</time><extensions><gpxtpx:TrackPointExtension><gpxtpx:hr>132</gpxtpx:hr></gpxtpx:TrackPointExtension></extensions></trkpt>
      <trkpt lat="55.669662" lon="12.576261"><ele>2.6</ele><time>2026-08-20T12:23:06.000Z</time><extensions><gpxtpx:TrackPointExtension><gpxtpx:hr>132</gpxtpx:hr></gpxtpx:TrackPointExtension></extensions></trkpt>
      <trkpt lat="55.669646" lon="12.576241"><ele>2.6</ele><time>2026-08-20T12:23:07.000Z</time><extensions><gpxtpx:TrackPointExtension><gpxtpx:hr>132</gpxtpx:hr></gpxtpx:TrackPointExtension></extensions></trkpt>
      <trkpt lat="55.669631" lon="12.57622"><ele>2.6</ele><time>2026-08-20T12:23:08.000Z</time><extensions><gpxtpx:TrackPointExtension><gpxtpx:hr>132</gpxtpx:hr></gpxtpx:TrackPointExtension></extensions></trkpt>
      <trkpt lat="55.669619" lon="12.576201"><ele>2.6</ele><time>2026-08-20T12:23:09.000Z</time><extensions><gpxtpx:TrackPointExtension><gpxtpx:hr>132</gpxtpx:hr></gpxtpx:TrackPointExtension></extensions></trkpt>
      <trkpt lat="55.669609" lon="12.576186"><ele>2.6</ele><time>2026-08-20T12:23:10.000Z</time><extensions><gpxtpx:TrackPointExtension><gpxtpx:hr>132</gpxtpx:hr></gpxtpx:TrackPointExtension></extensions></trkpt>
      <trkpt lat="55.669603" lon="12.576178"><ele>2.6</ele><time>2026-08-20T12:23:11.000Z</time><extensions><gpxtpx:TrackPointExtension><gpxtpx:hr>133</gpxtpx:hr></gpxtpx:TrackPointExtension></extensions></trkpt>
      <trkpt lat="55.66958" lon="12.576142"><ele>2.8</ele><time>2026-08-20T12:23:17.000Z</time><extensions><gpxtpx:TrackPointExtension><gpxtpx:hr>133</gpxtpx:hr></gpxtpx:TrackPointExtension></extensions></trkpt>
      <trkpt lat="55.669565" lon="12.576115"><ele>2.8</ele><time>2026-08-20T12:23:18.000Z</time><extensions><gpxtpx:TrackPointExtension><gpxtpx:hr>133</gpxtpx:hr></gpxtpx:TrackPointExtension></extensions></trkpt>
      <trkpt lat="55.669547" lon="12.576083"><ele>2.8</ele><time>2026-08-20T12:23:19.000Z</time><extensions><gpxtpx:TrackPointExtension><gpxtpx:hr>133</gpxtpx:hr></gpxtpx:TrackPointExtension></extensions></trkpt>
      <trkpt lat="55.669531" lon="12.576054"><ele>2.8</ele><time>2026-08-20T12:23:20.000Z</time><extensions><gpxtpx:TrackPointExtension><gpxtpx:hr>134</gpxtpx:hr></gpxtpx:TrackPointExtension></extensions></trkpt>
      <trkpt lat="55.669517" lon="12.576029"><ele>2.8</ele><time>2026-08-20T12:23:21.000Z</time><extensions><gpxtpx:TrackPointExtension><gpxtpx:hr>135</gpxtpx:hr></gpxtpx:TrackPointExtension></extensions></trkpt>
      <trkpt lat="55.669503" lon="12.576005"><ele>2.8</ele><time>2026-08-20T12:23:22.000Z</time><extensions><gpxtpx:TrackPointExtension><gpxtpx:hr>135</gpxtpx:hr></gpxtpx:TrackPointExtension></extensions></trkpt>
      <trkpt lat="55.669489" lon="12.575979"><ele>2.8</ele><time>2026-08-20T12:23:23.000Z</time><extensions><gpxtpx:TrackPointExtension><gpxtpx:hr>135</gpxtpx:hr></gpxtpx:TrackPointExtension></extensions></trkpt>
      <trkpt lat="55.669474" lon="12.575953"><ele>2.8</ele><time>2026-08-20T12:23:24.000Z</time><extensions><gpxtpx:TrackPointExtension><gpxtpx:hr>135</gpxtpx:hr></gpxtpx:TrackPointExtension></extensions></trkpt>
      <trkpt lat="55.66946" lon="12.575926"><ele>2.8</ele><time>2026-08-20T12:23:25.000Z</time><extensions><gpxtpx:TrackPointExtension><gpxtpx:hr>135</gpxtpx:hr></gpxtpx:TrackPointExtension></extensions></trkpt>
      <trkpt lat="55.669446" lon="12.5759"><ele>2.8</ele><time>2026-08-20T12:23:26.000Z</time><extensions><gpxtpx:TrackPointExtension><gpxtpx:hr>135</gpxtpx:hr></gpxtpx:TrackPointExtension></extensions></trkpt>
      <trkpt lat="55.669431" lon="12.575872"><ele>2.8</ele><time>2026-08-20T12:23:27.000Z</time><extensions><gpxtpx:TrackPointExtension><gpxtpx:hr>135</gpxtpx:hr></gpxtpx:TrackPointExtension></extensions></trkpt>
      <trkpt lat="55.669417" lon="12.575845"><ele>2.6</ele><time>2026-08-20T12:23:28.000Z</time><extensions><gpxtpx:TrackPointExtension><gpxtpx:hr>135</gpxtpx:hr></gpxtpx:TrackPointExtension></extensions></trkpt>
      <trkpt lat="55.669404" lon="12.575819"><ele>2.6</ele><time>2026-08-20T12:23:29.000Z</time><extensions><gpxtpx:TrackPointExtension><gpxtpx:hr>135</gpxtpx:hr></gpxtpx:TrackPointExtension></extensions></trkpt>
      <trkpt lat="55.66939" lon="12.575792"><ele>2.6</ele><time>2026-08-20T12:23:30.000Z</time><extensions><gpxtpx:TrackPointExtension><gpxtpx:hr>134</gpxtpx:hr></gpxtpx:TrackPointExtension></extensions></trkpt>
      <trkpt lat="55.669378" lon="12.575764"><ele>2.6</ele><time>2026-08-20T12:23:31.000Z</time><extensions><gpxtpx:TrackPointExtension><gpxtpx:hr>133</gpxtpx:hr></gpxtpx:TrackPointExtension></extensions></trkpt>
      <trkpt lat="55.669365" lon="12.575736"><ele>2.6</ele><time>2026-08-20T12:23:32.000Z</time><extensions><gpxtpx:TrackPointExtension><gpxtpx:hr>133</gpxtpx:hr></gpxtpx:TrackPointExtension></extensions></trkpt>
      <trkpt lat="55.669355" lon="12.575706"><ele>2.6</ele><time>2026-08-20T12:23:33.000Z</time><extensions><gpxtpx:TrackPointExtension><gpxtpx:hr>133</gpxtpx:hr></gpxtpx:TrackPointExtension></extensions></trkpt>
      <trkpt lat="55.669351" lon="12.575672"><ele>2.6</ele><time>2026-08-20T12:23:34.000Z</time><extensions><gpxtpx:TrackPointExtension><gpxtpx:hr>133</gpxtpx:hr></gpxtpx:TrackPointExtension></extensions></trkpt>
      <trkpt lat="55.669352" lon="12.575636"><ele>2.6</ele><time>2026-08-20T12:23:35.000Z</time><extensions><gpxtpx:TrackPointExtension><gpxtpx:hr>133</gpxtpx:hr></gpxtpx:TrackPointExtension></extensions></trkpt>
      <trkpt lat="55.669358" lon="12.575603"><ele>2.6</ele><time>2026-08-20T12:23:36.000Z</time><extensions><gpxtpx:TrackPointExtension><gpxtpx:hr>133</gpxtpx:hr></gpxtpx:TrackPointExtension></extensions></trkpt>
      <trkpt lat="55.669363" lon="12.575571"><ele>2.6</ele><time>2026-08-20T12:23:37.000Z</time><extensions><gpxtpx:TrackPointExtension><gpxtpx:hr>133</gpxtpx:hr></gpxtpx:TrackPointExtension></extensions></trkpt>
      <trkpt lat="55.669364" lon="12.575537"><ele>2.6</ele><time>2026-08-20T12:23:38.000Z</time><extensions><gpxtpx:TrackPointExtension><gpxtpx:hr>132</gpxtpx:hr></gpxtpx:TrackPointExtension></extensions></trkpt>
      <trkpt lat="55.669363" lon="12.575502"><ele>2.6</ele><time>2026-08-20T12:23:39.000Z</time><extensions><gpxtpx:TrackPointExtension><gpxtpx:hr>132</gpxtpx:hr></gpxtpx:TrackPointExtension></extensions></trkpt>
      <trkpt lat="55.669359" lon="12.575467"><ele>2.6</ele><time>2026-08-20T12:23:40.000Z</time><extensions><gpxtpx:TrackPointExtension><gpxtpx:hr>132</gpxtpx:hr></gpxtpx:TrackPointExtension></extensions></trkpt>
      <trkpt lat="55.669352" lon="12.575432"><ele>2.6</ele><time>2026-08-20T12:23:41.000Z</time><extensions><gpxtpx:TrackPointExtension><gpxtpx:hr>132</gpxtpx:hr></gpxtpx:TrackPointExtension></extensions></trkpt>
      <trkpt lat="55.669342" lon="12.575399"><ele>2.6</ele><time>2026-08-20T12:23:42.000Z</time><extensions><gpxtpx:TrackPointExtension><gpxtpx:hr>132</gpxtpx:hr></gpxtpx:TrackPointExtension></extensions></trkpt>
      <trkpt lat="55.669332" lon="12.575368"><ele>2.6</ele><time>2026-08-20T12:23:43.000Z</time><extensions><gpxtpx:TrackPointExtension><gpxtpx:hr>132</gpxtpx:hr></gpxtpx:TrackPointExtension></extensions></trkpt>
      <trkpt lat="55.66932" lon="12.575339"><ele>2.6</ele><time>2026-08-20T12:23:44.000Z</time><extensions><gpxtpx:TrackPointExtension><gpxtpx:hr>131</gpxtpx:hr></gpxtpx:TrackPointExtension></extensions></trkpt>
      <trkpt lat="55.669308" lon="12.575312"><ele>2.6</ele><time>2026-08-20T12:23:45.000Z</time><extensions><gpxtpx:TrackPointExtension><gpxtpx:hr>131</gpxtpx:hr></gpxtpx:TrackPointExtension></extensions></trkpt>
      <trkpt lat="55.669295" lon="12.575286"><ele>2.6</ele><time>2026-08-20T12:23:46.000Z</time><extensions><gpxtpx:TrackPointExtension><gpxtpx:hr>131</gpxtpx:hr></gpxtpx:TrackPointExtension></extensions></trkpt>
      <trkpt lat="55.669281" lon="12.575259"><ele>2.6</ele><time>2026-08-20T12:23:47.000Z</time><extensions><gpxtpx:TrackPointExtension><gpxtpx:hr>131</gpxtpx:hr></gpxtpx:TrackPointExtension></extensions></trkpt>
      <trkpt lat="55.669266" lon="12.575233"><ele>2.4</ele><time>2026-08-20T12:23:48.000Z</time><extensions><gpxtpx:TrackPointExtension><gpxtpx:hr>130</gpxtpx:hr></gpxtpx:TrackPointExtension></extensions></trkpt>
      <trkpt lat="55.669251" lon="12.575209"><ele>2.4</ele><time>2026-08-20T12:23:49.000Z</time><extensions><gpxtpx:TrackPointExtension><gpxtpx:hr>130</gpxtpx:hr></gpxtpx:TrackPointExtension></extensions></trkpt>
      <trkpt lat="55.669235" lon="12.575184"><ele>2.4</ele><time>2026-08-20T12:23:50.000Z</time><extensions><gpxtpx:TrackPointExtension><gpxtpx:hr>130</gpxtpx:hr></gpxtpx:TrackPointExtension></extensions></trkpt>
      <trkpt lat="55.669218" lon="12.575159"><ele>2.4</ele><time>2026-08-20T12:23:51.000Z</time><extensions><gpxtpx:TrackPointExtension><gpxtpx:hr>130</gpxtpx:hr></gpxtpx:TrackPointExtension></extensions></trkpt>
      <trkpt lat="55.669202" lon="12.575134"><ele>2.2</ele><time>2026-08-20T12:23:52.000Z</time><extensions><gpxtpx:TrackPointExtension><gpxtpx:hr>130</gpxtpx:hr></gpxtpx:TrackPointExtension></extensions></trkpt>
      <trkpt lat="55.669186" lon="12.575109"><ele>2.2</ele><time>2026-08-20T12:23:53.000Z</time><extensions><gpxtpx:TrackPointExtension><gpxtpx:hr>130</gpxtpx:hr></gpxtpx:TrackPointExtension></extensions></trkpt>
      <trkpt lat="55.66917" lon="12.575085"><ele>2</ele><time>2026-08-20T12:23:54.000Z</time><extensions><gpxtpx:TrackPointExtension><gpxtpx:hr>130</gpxtpx:hr></gpxtpx:TrackPointExtension></extensions></trkpt>
      <trkpt lat="55.669155" lon="12.575061"><ele>1.8</ele><time>2026-08-20T12:23:55.000Z</time><extensions><gpxtpx:TrackPointExtension><gpxtpx:hr>130</gpxtpx:hr></gpxtpx:TrackPointExtension></extensions></trkpt>
      <trkpt lat="55.669139" lon="12.575037"><ele>1.6</ele><time>2026-08-20T12:23:56.000Z</time><extensions><gpxtpx:TrackPointExtension><gpxtpx:hr>130</gpxtpx:hr></gpxtpx:TrackPointExtension></extensions></trkpt>
      <trkpt lat="55.669123" lon="12.575014"><ele>1.4</ele><time>2026-08-20T12:23:57.000Z</time><extensions><gpxtpx:TrackPointExtension><gpxtpx:hr>130</gpxtpx:hr></gpxtpx:TrackPointExtension></extensions></trkpt>
      <trkpt lat="55.669107" lon="12.574993"><ele>1.2</ele><time>2026-08-20T12:23:58.000Z</time><extensions><gpxtpx:TrackPointExtension><gpxtpx:hr>130</gpxtpx:hr></gpxtpx:TrackPointExtension></extensions></trkpt>
      <trkpt lat="55.669089" lon="12.574977"><ele>1</ele><time>2026-08-20T12:23:59.000Z</time><extensions><gpxtpx:TrackPointExtension><gpxtpx:hr>130</gpxtpx:hr></gpxtpx:TrackPointExtension></extensions></trkpt>
      <trkpt lat="55.669068" lon="12.574965"><ele>1</ele><time>2026-08-20T12:24:00.000Z</time><extensions><gpxtpx:TrackPointExtension><gpxtpx:hr>130</gpxtpx:hr></gpxtpx:TrackPointExtension></extensions></trkpt>
      <trkpt lat="55.669047" lon="12.574951"><ele>0.8</ele><time>2026-08-20T12:24:01.000Z</time><extensions><gpxtpx:TrackPointExtension><gpxtpx:hr>130</gpxtpx:hr></gpxtpx:TrackPointExtension></extensions></trkpt>
      <trkpt lat="55.669026" lon="12.574935"><ele>0.8</ele><time>2026-08-20T12:24:02.000Z</time><extensions><gpxtpx:TrackPointExtension><gpxtpx:hr>131</gpxtpx:hr></gpxtpx:TrackPointExtension></extensions></trkpt>
      <trkpt lat="55.669007" lon="12.574917"><ele>0.8</ele><time>2026-08-20T12:24:03.000Z</time><extensions><gpxtpx:TrackPointExtension><gpxtpx:hr>131</gpxtpx:hr></gpxtpx:TrackPointExtension></extensions></trkpt>
      <trkpt lat="55.668988" lon="12.574898"><ele>0.8</ele><time>2026-08-20T12:24:04.000Z</time><extensions><gpxtpx:TrackPointExtension><gpxtpx:hr>131</gpxtpx:hr></gpxtpx:TrackPointExtension></extensions></trkpt>
      <trkpt lat="55.668971" lon="12.57488"><ele>0.8</ele><time>2026-08-20T12:24:05.000Z</time><extensions><gpxtpx:TrackPointExtension><gpxtpx:hr>131</gpxtpx:hr></gpxtpx:TrackPointExtension></extensions></trkpt>
      <trkpt lat="55.668953" lon="12.574864"><ele>0.8</ele><time>2026-08-20T12:24:06.000Z</time><extensions><gpxtpx:TrackPointExtension><gpxtpx:hr>131</gpxtpx:hr></gpxtpx:TrackPointExtension></extensions></trkpt>
      <trkpt lat="55.668934" lon="12.574849"><ele>0.8</ele><time>2026-08-20T12:24:07.000Z</time><extensions><gpxtpx:TrackPointExtension><gpxtpx:hr>131</gpxtpx:hr></gpxtpx:TrackPointExtension></extensions></trkpt>
      <trkpt lat="55.668915" lon="12.574835"><ele>1</ele><time>2026-08-20T12:24:08.000Z</time><extensions><gpxtpx:TrackPointExtension><gpxtpx:hr>131</gpxtpx:hr></gpxtpx:TrackPointExtension></extensions></trkpt>
      <trkpt lat="55.668896" lon="12.574818"><ele>1</ele><time>2026-08-20T12:24:09.000Z</time><extensions><gpxtpx:TrackPointExtension><gpxtpx:hr>131</gpxtpx:hr></gpxtpx:TrackPointExtension></extensions></trkpt>
      <trkpt lat="55.668877" lon="12.574797"><ele>1.2</ele><time>2026-08-20T12:24:10.000Z</time><extensions><gpxtpx:TrackPointExtension><gpxtpx:hr>131</gpxtpx:hr></gpxtpx:TrackPointExtension></extensions></trkpt>
      <trkpt lat="55.668859" lon="12.57477"><ele>1.4</ele><time>2026-08-20T12:24:11.000Z</time><extensions><gpxtpx:TrackPointExtension><gpxtpx:hr>131</gpxtpx:hr></gpxtpx:TrackPointExtension></extensions></trkpt>
      <trkpt lat="55.668842" lon="12.574742"><ele>1.4</ele><time>2026-08-20T12:24:12.000Z</time><extensions><gpxtpx:TrackPointExtension><gpxtpx:hr>131</gpxtpx:hr></gpxtpx:TrackPointExtension></extensions></trkpt>
      <trkpt lat="55.668825" lon="12.574714"><ele>1.6</ele><time>2026-08-20T12:24:13.000Z</time><extensions><gpxtpx:TrackPointExtension><gpxtpx:hr>131</gpxtpx:hr></gpxtpx:TrackPointExtension></extensions></trkpt>
      <trkpt lat="55.668809" lon="12.574686"><ele>1.6</ele><time>2026-08-20T12:24:14.000Z</time><extensions><gpxtpx:TrackPointExtension><gpxtpx:hr>131</gpxtpx:hr></gpxtpx:TrackPointExtension></extensions></trkpt>
      <trkpt lat="55.668793" lon="12.574658"><ele>1.8</ele><time>2026-08-20T12:24:15.000Z</time><extensions><gpxtpx:TrackPointExtension><gpxtpx:hr>131</gpxtpx:hr></gpxtpx:TrackPointExtension></extensions></trkpt>
      <trkpt lat="55.668777" lon="12.574628"><ele>1.8</ele><time>2026-08-20T12:24:16.000Z</time><extensions><gpxtpx:TrackPointExtension><gpxtpx:hr>132</gpxtpx:hr></gpxtpx:TrackPointExtension></extensions></trkpt>
      <trkpt lat="55.66876" lon="12.574599"><ele>2</ele><time>2026-08-20T12:24:17.000Z</time><extensions><gpxtpx:TrackPointExtension><gpxtpx:hr>132</gpxtpx:hr></gpxtpx:TrackPointExtension></extensions></trkpt>
      <trkpt lat="55.668744" lon="12.57457"><ele>2</ele><time>2026-08-20T12:24:18.000Z</time><extensions><gpxtpx:TrackPointExtension><gpxtpx:hr>132</gpxtpx:hr></gpxtpx:TrackPointExtension></extensions></trkpt>
      <trkpt lat="55.668728" lon="12.574541"><ele>2.2</ele><time>2026-08-20T12:24:19.000Z</time><extensions><gpxtpx:TrackPointExtension><gpxtpx:hr>132</gpxtpx:hr></gpxtpx:TrackPointExtension></extensions></trkpt>
      <trkpt lat="55.668712" lon="12.574513"><ele>2.2</ele><time>2026-08-20T12:24:20.000Z</time><extensions><gpxtpx:TrackPointExtension><gpxtpx:hr>132</gpxtpx:hr></gpxtpx:TrackPointExtension></extensions></trkpt>
      <trkpt lat="55.668697" lon="12.574486"><ele>2.2</ele><time>2026-08-20T12:24:21.000Z</time><extensions><gpxtpx:TrackPointExtension><gpxtpx:hr>132</gpxtpx:hr></gpxtpx:TrackPointExtension></extensions></trkpt>
      <trkpt lat="55.668681" lon="12.574458"><ele>2.2</ele><time>2026-08-20T12:24:22.000Z</time><extensions><gpxtpx:TrackPointExtension><gpxtpx:hr>132</gpxtpx:hr></gpxtpx:TrackPointExtension></extensions></trkpt>
      <trkpt lat="55.668665" lon="12.574431"><ele>2.4</ele><time>2026-08-20T12:24:23.000Z</time><extensions><gpxtpx:TrackPointExtension><gpxtpx:hr>133</gpxtpx:hr></gpxtpx:TrackPointExtension></extensions></trkpt>
      <trkpt lat="55.66865" lon="12.574403"><ele>2.4</ele><time>2026-08-20T12:24:24.000Z</time><extensions><gpxtpx:TrackPointExtension><gpxtpx:hr>133</gpxtpx:hr></gpxtpx:TrackPointExtension></extensions></trkpt>
      <trkpt lat="55.668634" lon="12.574375"><ele>2.6</ele><time>2026-08-20T12:24:25.000Z</time><extensions><gpxtpx:TrackPointExtension><gpxtpx:hr>133</gpxtpx:hr></gpxtpx:TrackPointExtension></extensions></trkpt>
      <trkpt lat="55.668617" lon="12.574346"><ele>2.6</ele><time>2026-08-20T12:24:26.000Z</time><extensions><gpxtpx:TrackPointExtension><gpxtpx:hr>133</gpxtpx:hr></gpxtpx:TrackPointExtension></extensions></trkpt>
      <trkpt lat="55.668601" lon="12.574317"><ele>2.6</ele><time>2026-08-20T12:24:27.000Z</time><extensions><gpxtpx:TrackPointExtension><gpxtpx:hr>133</gpxtpx:hr></gpxtpx:TrackPointExtension></extensions></trkpt>
      <trkpt lat="55.668585" lon="12.574289"><ele>2.8</ele><time>2026-08-20T12:24:28.000Z</time><extensions><gpxtpx:TrackPointExtension><gpxtpx:hr>133</gpxtpx:hr></gpxtpx:TrackPointExtension></extensions></trkpt>
      <trkpt lat="55.668569" lon="12.574262"><ele>2.8</ele><time>2026-08-20T12:24:29.000Z</time><extensions><gpxtpx:TrackPointExtension><gpxtpx:hr>133</gpxtpx:hr></gpxtpx:TrackPointExtension></extensions></trkpt>
      <trkpt lat="55.668554" lon="12.574236"><ele>2.8</ele><time>2026-08-20T12:24:30.000Z</time><extensions><gpxtpx:TrackPointExtension><gpxtpx:hr>133</gpxtpx:hr></gpxtpx:TrackPointExtension></extensions></trkpt>
      <trkpt lat="55.668538" lon="12.574211"><ele>3</ele><time>2026-08-20T12:24:31.000Z</time><extensions><gpxtpx:TrackPointExtension><gpxtpx:hr>133</gpxtpx:hr></gpxtpx:TrackPointExtension></extensions></trkpt>
      <trkpt lat="55.668523" lon="12.574185"><ele>3</ele><time>2026-08-20T12:24:32.000Z</time><extensions><gpxtpx:TrackPointExtension><gpxtpx:hr>133</gpxtpx:hr></gpxtpx:TrackPointExtension></extensions></trkpt>
      <trkpt lat="55.668507" lon="12.574159"><ele>3.2</ele><time>2026-08-20T12:24:33.000Z</time><extensions><gpxtpx:TrackPointExtension><gpxtpx:hr>133</gpxtpx:hr></gpxtpx:TrackPointExtension></extensions></trkpt>
      <trkpt lat="55.66849" lon="12.574132"><ele>3.2</ele><time>2026-08-20T12:24:34.000Z</time><extensions><gpxtpx:TrackPointExtension><gpxtpx:hr>133</gpxtpx:hr></gpxtpx:TrackPointExtension></extensions></trkpt>
      <trkpt lat="55.668474" lon="12.574105"><ele>3.2</ele><time>2026-08-20T12:24:35.000Z</time><extensions><gpxtpx:TrackPointExtension><gpxtpx:hr>133</gpxtpx:hr></gpxtpx:TrackPointExtension></extensions></trkpt>
      <trkpt lat="55.668457" lon="12.574079"><ele>3.4</ele><time>2026-08-20T12:24:36.000Z</time><extensions><gpxtpx:TrackPointExtension><gpxtpx:hr>134</gpxtpx:hr></gpxtpx:TrackPointExtension></extensions></trkpt>
      <trkpt lat="55.66844" lon="12.574052"><ele>3.4</ele><time>2026-08-20T12:24:37.000Z</time><extensions><gpxtpx:TrackPointExtension><gpxtpx:hr>134</gpxtpx:hr></gpxtpx:TrackPointExtension></extensions></trkpt>
      <trkpt lat="55.668422" lon="12.574025"><ele>3.4</ele><time>2026-08-20T12:24:38.000Z</time><extensions><gpxtpx:TrackPointExtension><gpxtpx:hr>134</gpxtpx:hr></gpxtpx:TrackPointExtension></extensions></trkpt>
      <trkpt lat="55.668405" lon="12.573999"><ele>3.4</ele><time>2026-08-20T12:24:39.000Z</time><extensions><gpxtpx:TrackPointExtension><gpxtpx:hr>134</gpxtpx:hr></gpxtpx:TrackPointExtension></extensions></trkpt>
      <trkpt lat="55.668387" lon="12.573974"><ele>3.6</ele><time>2026-08-20T12:24:40.000Z</time><extensions><gpxtpx:TrackPointExtension><gpxtpx:hr>134</gpxtpx:hr></gpxtpx:TrackPointExtension></extensions></trkpt>
      <trkpt lat="55.66837" lon="12.573949"><ele>3.6</ele><time>2026-08-20T12:24:41.000Z</time><extensions><gpxtpx:TrackPointExtension><gpxtpx:hr>134</gpxtpx:hr></gpxtpx:TrackPointExtension></extensions></trkpt>
      <trkpt lat="55.668353" lon="12.573922"><ele>3.6</ele><time>2026-08-20T12:24:42.000Z</time><extensions><gpxtpx:TrackPointExtension><gpxtpx:hr>134</gpxtpx:hr></gpxtpx:TrackPointExtension></extensions></trkpt>
      <trkpt lat="55.668335" lon="12.573894"><ele>3.6</ele><time>2026-08-20T12:24:43.000Z</time><extensions><gpxtpx:TrackPointExtension><gpxtpx:hr>134</gpxtpx:hr></gpxtpx:TrackPointExtension></extensions></trkpt>
      <trkpt lat="55.668317" lon="12.573865"><ele>3.6</ele><time>2026-08-20T12:24:44.000Z</time><extensions><gpxtpx:TrackPointExtension><gpxtpx:hr>134</gpxtpx:hr></gpxtpx:TrackPointExtension></extensions></trkpt>
      <trkpt lat="55.6683" lon="12.573835"><ele>3.6</ele><time>2026-08-20T12:24:45.000Z</time><extensions><gpxtpx:TrackPointExtension><gpxtpx:hr>133</gpxtpx:hr></gpxtpx:TrackPointExtension></extensions></trkpt>
      <trkpt lat="55.668283" lon="12.573804"><ele>3.6</ele><time>2026-08-20T12:24:46.000Z</time><extensions><gpxtpx:TrackPointExtension><gpxtpx:hr>133</gpxtpx:hr></gpxtpx:TrackPointExtension></extensions></trkpt>
      <trkpt lat="55.668268" lon="12.573774"><ele>3.6</ele><time>2026-08-20T12:24:47.000Z</time><extensions><gpxtpx:TrackPointExtension><gpxtpx:hr>133</gpxtpx:hr></gpxtpx:TrackPointExtension></extensions></trkpt>
      <trkpt lat="55.668253" lon="12.573744"><ele>3.4</ele><time>2026-08-20T12:24:48.000Z</time><extensions><gpxtpx:TrackPointExtension><gpxtpx:hr>133</gpxtpx:hr></gpxtpx:TrackPointExtension></extensions></trkpt>
      <trkpt lat="55.668238" lon="12.573714"><ele>3.4</ele><time>2026-08-20T12:24:49.000Z</time><extensions><gpxtpx:TrackPointExtension><gpxtpx:hr>133</gpxtpx:hr></gpxtpx:TrackPointExtension></extensions></trkpt>
      <trkpt lat="55.668225" lon="12.573685"><ele>3.2</ele><time>2026-08-20T12:24:50.000Z</time><extensions><gpxtpx:TrackPointExtension><gpxtpx:hr>133</gpxtpx:hr></gpxtpx:TrackPointExtension></extensions></trkpt>
      <trkpt lat="55.668214" lon="12.573661"><ele>3</ele><time>2026-08-20T12:24:51.000Z</time><extensions><gpxtpx:TrackPointExtension><gpxtpx:hr>133</gpxtpx:hr></gpxtpx:TrackPointExtension></extensions></trkpt>
      <trkpt lat="55.668206" lon="12.573641"><ele>2.6</ele><time>2026-08-20T12:24:52.000Z</time><extensions><gpxtpx:TrackPointExtension><gpxtpx:hr>133</gpxtpx:hr></gpxtpx:TrackPointExtension></extensions></trkpt>
      <trkpt lat="55.6682" lon="12.573626"><ele>2.4</ele><time>2026-08-20T12:24:53.000Z</time><extensions><gpxtpx:TrackPointExtension><gpxtpx:hr>133</gpxtpx:hr></gpxtpx:TrackPointExtension></extensions></trkpt>
      <trkpt lat="55.668194" lon="12.573615"><ele>2</ele><time>2026-08-20T12:24:54.000Z</time><extensions><gpxtpx:TrackPointExtension><gpxtpx:hr>134</gpxtpx:hr></gpxtpx:TrackPointExtension></extensions></trkpt>
      <trkpt lat="55.668189" lon="12.573604"><ele>1.6</ele><time>2026-08-20T12:24:55.000Z</time><extensions><gpxtpx:TrackPointExtension><gpxtpx:hr>134</gpxtpx:hr></gpxtpx:TrackPointExtension></extensions></trkpt>
      <trkpt lat="55.668183" lon="12.573593"><ele>1</ele><time>2026-08-20T12:24:56.000Z</time><extensions><gpxtpx:TrackPointExtension><gpxtpx:hr>134</gpxtpx:hr></gpxtpx:TrackPointExtension></extensions></trkpt>
      <trkpt lat="55.668178" lon="12.573581"><ele>0.6</ele><time>2026-08-20T12:24:57.000Z</time><extensions><gpxtpx:TrackPointExtension><gpxtpx:hr>134</gpxtpx:hr></gpxtpx:TrackPointExtension></extensions></trkpt>
    </trkseg>
  </trk>
</gpx>
