<?xml version="1.0" encoding="UTF-8"?>
<gpx version="1.1" creator="pull-strava.mjs"
  xmlns="http://www.topografix.com/GPX/1/1"
  xmlns:gpxtpx="http://www.garmin.com/xmlschemas/TrackPointExtension/v1">
  <metadata><name>Evening Run</name><time>2026-07-31T23:49:30.000Z</time></metadata>
  <trk><name>Evening Run</name><type>running</type>
    <trkseg>
      <trkpt lat="40.73928" lon="-73.96165"><ele>11.2</ele><time>2026-07-31T23:49:30.000Z</time><extensions><gpxtpx:TrackPointExtension><gpxtpx:hr>121</gpxtpx:hr></gpxtpx:TrackPointExtension></extensions></trkpt>
      <trkpt lat="40.739284" lon="-73.961651"><ele>10.4</ele><time>2026-07-31T23:49:31.000Z</time><extensions><gpxtpx:TrackPointExtension><gpxtpx:hr>121</gpxtpx:hr></gpxtpx:TrackPointExtension></extensions></trkpt>
      <trkpt lat="40.739289" lon="-73.961653"><ele>9.6</ele><time>2026-07-31T23:49:32.000Z</time><extensions><gpxtpx:TrackPointExtension><gpxtpx:hr>121</gpxtpx:hr></gpxtpx:TrackPointExtension></extensions></trkpt>
      <trkpt lat="40.739295" lon="-73.961655"><ele>9</ele><time>2026-07-31T23:49:33.000Z</time><extensions><gpxtpx:TrackPointExtension><gpxtpx:hr>121</gpxtpx:hr></gpxtpx:TrackPointExtension></extensions></trkpt>
      <trkpt lat="40.739301" lon="-73.961659"><ele>8.6</ele><time>2026-07-31T23:49:34.000Z</time><extensions><gpxtpx:TrackPointExtension><gpxtpx:hr>121</gpxtpx:hr></gpxtpx:TrackPointExtension></extensions></trkpt>
      <trkpt lat="40.739309" lon="-73.961663"><ele>8</ele><time>2026-07-31T23:49:35.000Z</time><extensions><gpxtpx:TrackPointExtension><gpxtpx:hr>121</gpxtpx:hr></gpxtpx:TrackPointExtension></extensions></trkpt>
      <trkpt lat="40.739318" lon="-73.961668"><ele>7.8</ele><time>2026-07-31T23:49:36.000Z</time><extensions><gpxtpx:TrackPointExtension><gpxtpx:hr>121</gpxtpx:hr></gpxtpx:TrackPointExtension></extensions></trkpt>
      <trkpt lat="40.739328" lon="-73.961673"><ele>7.6</ele><time>2026-07-31T23:49:37.000Z</time><extensions><gpxtpx:TrackPointExtension><gpxtpx:hr>121</gpxtpx:hr></gpxtpx:TrackPointExtension></extensions></trkpt>
      <trkpt lat="40.739341" lon="-73.961679"><ele>7.4</ele><time>2026-07-31T23:49:38.000Z</time><extensions><gpxtpx:TrackPointExtension><gpxtpx:hr>121</gpxtpx:hr></gpxtpx:TrackPointExtension></extensions></trkpt>
      <trkpt lat="40.739356" lon="-73.961689"><ele>7.2</ele><time>2026-07-31T23:49:39.000Z</time><extensions><gpxtpx:TrackPointExtension><gpxtpx:hr>121</gpxtpx:hr></gpxtpx:TrackPointExtension></extensions></trkpt>
      <trkpt lat="40.739375" lon="-73.961703"><ele>7.2</ele><time>2026-07-31T23:49:40.000Z</time><extensions><gpxtpx:TrackPointExtension><gpxtpx:hr>121</gpxtpx:hr></gpxtpx:TrackPointExtension></extensions></trkpt>
      <trkpt lat="40.739394" lon="-73.961723"><ele>7.2</ele><time>2026-07-31T23:49:41.000Z</time><extensions><gpxtpx:TrackPointExtension><gpxtpx:hr>121</gpxtpx:hr></gpxtpx:TrackPointExtension></extensions></trkpt>
      <trkpt lat="40.739415" lon="-73.961744"><ele>7.2</ele><time>2026-07-31T23:49:42.000Z</time><extensions><gpxtpx:TrackPointExtension><gpxtpx:hr>121</gpxtpx:hr></gpxtpx:TrackPointExtension></extensions></trkpt>
      <trkpt lat="40.739437" lon="-73.961764"><ele>7</ele><time>2026-07-31T23:49:43.000Z</time><extensions><gpxtpx:TrackPointExtension><gpxtpx:hr>121</gpxtpx:hr></gpxtpx:TrackPointExtension></extensions></trkpt>
      <trkpt lat="40.739459" lon="-73.961778"><ele>7</ele><time>2026-07-31T23:49:44.000Z</time><extensions><gpxtpx:TrackPointExtension><gpxtpx:hr>121</gpxtpx:hr></gpxtpx:TrackPointExtension></extensions></trkpt>
      <trkpt lat="40.739482" lon="-73.961788"><ele>7</ele><time>2026-07-31T23:49:45.000Z</time><extensions><gpxtpx:TrackPointExtension><gpxtpx:hr>121</gpxtpx:hr></gpxtpx:TrackPointExtension></extensions></trkpt>
      <trkpt lat="40.739505" lon="-73.961794"><ele>7</ele><time>2026-07-31T23:49:46.000Z</time><extensions><gpxtpx:TrackPointExtension><gpxtpx:hr>121</gpxtpx:hr></gpxtpx:TrackPointExtension></extensions></trkpt>
      <trkpt lat="40.739527" lon="-73.961799"><ele>7</ele><time>2026-07-31T23:49:47.000Z</time><extensions><gpxtpx:TrackPointExtension><gpxtpx:hr>121</gpxtpx:hr></gpxtpx:TrackPointExtension></extensions></trkpt>
      <trkpt lat="40.739549" lon="-73.961805"><ele>7</ele><time>2026-07-31T23:49:48.000Z</time><extensions><gpxtpx:TrackPointExtension><gpxtpx:hr>121</gpxtpx:hr></gpxtpx:TrackPointExtension></extensions></trkpt>
      <trkpt lat="40.73957" lon="-73.961812"><ele>7</ele><time>2026-07-31T23:49:49.000Z</time><extensions><gpxtpx:TrackPointExtension><gpxtpx:hr>121</gpxtpx:hr></gpxtpx:TrackPointExtension></extensions></trkpt>
      <trkpt lat="40.739592" lon="-73.96182"><ele>6.8</ele><time>2026-07-31T23:49:50.000Z</time><extensions><gpxtpx:TrackPointExtension><gpxtpx:hr>121</gpxtpx:hr></gpxtpx:TrackPointExtension></extensions></trkpt>
      <trkpt lat="40.739613" lon="-73.961826"><ele>6.8</ele><time>2026-07-31T23:49:51.000Z</time><extensions><gpxtpx:TrackPointExtension><gpxtpx:hr>121</gpxtpx:hr></gpxtpx:TrackPointExtension></extensions></trkpt>
      <trkpt lat="40.739641" lon="-73.961812"><ele>6.8</ele><time>2026-07-31T23:49:52.000Z</time><extensions><gpxtpx:TrackPointExtension><gpxtpx:hr>121</gpxtpx:hr></gpxtpx:TrackPointExtension></extensions></trkpt>
      <trkpt lat="40.739662" lon="-73.961802"><ele>6.8</ele><time>2026-07-31T23:49:53.000Z</time><extensions><gpxtpx:TrackPointExtension><gpxtpx:hr>121</gpxtpx:hr></gpxtpx:TrackPointExtension></extensions></trkpt>
      <trkpt lat="40.739679" lon="-73.961784"><ele>6.8</ele><time>2026-07-31T23:49:54.000Z</time><extensions><gpxtpx:TrackPointExtension><gpxtpx:hr>121</gpxtpx:hr></gpxtpx:TrackPointExtension></extensions></trkpt>
      <trkpt lat="40.739695" lon="-73.961761"><ele>6.6</ele><time>2026-07-31T23:49:55.000Z</time><extensions><gpxtpx:TrackPointExtension><gpxtpx:hr>121</gpxtpx:hr></gpxtpx:TrackPointExtension></extensions></trkpt>
      <trkpt lat="40.73971" lon="-73.961737"><ele>6.6</ele><time>2026-07-31T23:49:56.000Z</time><extensions><gpxtpx:TrackPointExtension><gpxtpx:hr>121</gpxtpx:hr></gpxtpx:TrackPointExtension></extensions></trkpt>
      <trkpt lat="40.739726" lon="-73.961712"><ele>6.6</ele><time>2026-07-31T23:49:57.000Z</time><extensions><gpxtpx:TrackPointExtension><gpxtpx:hr>121</gpxtpx:hr></gpxtpx:TrackPointExtension></extensions></trkpt>
      <trkpt lat="40.739744" lon="-73.961686"><ele>6.4</ele><time>2026-07-31T23:49:58.000Z</time><extensions><gpxtpx:TrackPointExtension><gpxtpx:hr>121</gpxtpx:hr></gpxtpx:TrackPointExtension></extensions></trkpt>
      <trkpt lat="40.739763" lon="-73.96166"><ele>6.4</ele><time>2026-07-31T23:49:59.000Z</time><extensions><gpxtpx:TrackPointExtension><gpxtpx:hr>121</gpxtpx:hr></gpxtpx:TrackPointExtension></extensions></trkpt>
      <trkpt lat="40.739783" lon="-73.961635"><ele>6.2</ele><time>2026-07-31T23:50:00.000Z</time><extensions><gpxtpx:TrackPointExtension><gpxtpx:hr>121</gpxtpx:hr></gpxtpx:TrackPointExtension></extensions></trkpt>
      <trkpt lat="40.739803" lon="-73.961609"><ele>6.2</ele><time>2026-07-31T23:50:01.000Z</time><extensions><gpxtpx:TrackPointExtension><gpxtpx:hr>121</gpxtpx:hr></gpxtpx:TrackPointExtension></extensions></trkpt>
      <trkpt lat="40.739824" lon="-73.961581"><ele>6.2</ele><time>2026-07-31T23:50:02.000Z</time><extensions><gpxtpx:TrackPointExtension><gpxtpx:hr>121</gpxtpx:hr></gpxtpx:TrackPointExtension></extensions></trkpt>
      <trkpt lat="40.739844" lon="-73.961552"><ele>6</ele><time>2026-07-31T23:50:03.000Z</time><extensions><gpxtpx:TrackPointExtension><gpxtpx:hr>121</gpxtpx:hr></gpxtpx:TrackPointExtension></extensions></trkpt>
      <trkpt lat="40.739863" lon="-73.961525"><ele>6</ele><time>2026-07-31T23:50:04.000Z</time><extensions><gpxtpx:TrackPointExtension><gpxtpx:hr>121</gpxtpx:hr></gpxtpx:TrackPointExtension></extensions></trkpt>
      <trkpt lat="40.739883" lon="-73.961501"><ele>5.8</ele><time>2026-07-31T23:50:05.000Z</time><extensions><gpxtpx:TrackPointExtension><gpxtpx:hr>121</gpxtpx:hr></gpxtpx:TrackPointExtension></extensions></trkpt>
      <trkpt lat="40.739903" lon="-73.961479"><ele>5.8</ele><time>2026-07-31T23:50:06.000Z</time><extensions><gpxtpx:TrackPointExtension><gpxtpx:hr>121</gpxtpx:hr></gpxtpx:TrackPointExtension></extensions></trkpt>
      <trkpt lat="40.739923" lon="-73.961459"><ele>5.8</ele><time>2026-07-31T23:50:07.000Z</time><extensions><gpxtpx:TrackPointExtension><gpxtpx:hr>121</gpxtpx:hr></gpxtpx:TrackPointExtension></extensions></trkpt>
      <trkpt lat="40.739943" lon="-73.961439"><ele>5.8</ele><time>2026-07-31T23:50:08.000Z</time><extensions><gpxtpx:TrackPointExtension><gpxtpx:hr>121</gpxtpx:hr></gpxtpx:TrackPointExtension></extensions></trkpt>
      <trkpt lat="40.739962" lon="-73.961419"><ele>5.6</ele><time>2026-07-31T23:50:09.000Z</time><extensions><gpxtpx:TrackPointExtension><gpxtpx:hr>121</gpxtpx:hr></gpxtpx:TrackPointExtension></extensions></trkpt>
      <trkpt lat="40.739982" lon="-73.961398"><ele>5.6</ele><time>2026-07-31T23:50:10.000Z</time><extensions><gpxtpx:TrackPointExtension><gpxtpx:hr>121</gpxtpx:hr></gpxtpx:TrackPointExtension></extensions></trkpt>
      <trkpt lat="40.740002" lon="-73.961377"><ele>5.6</ele><time>2026-07-31T23:50:11.000Z</time><extensions><gpxtpx:TrackPointExtension><gpxtpx:hr>121</gpxtpx:hr></gpxtpx:TrackPointExtension></extensions></trkpt>
      <trkpt lat="40.740025" lon="-73.961354"><ele>5.4</ele><time>2026-07-31T23:50:12.000Z</time><extensions><gpxtpx:TrackPointExtension><gpxtpx:hr>121</gpxtpx:hr></gpxtpx:TrackPointExtension></extensions></trkpt>
      <trkpt lat="40.740047" lon="-73.96133"><ele>5.4</ele><time>2026-07-31T23:50:13.000Z</time><extensions><gpxtpx:TrackPointExtension><gpxtpx:hr>121</gpxtpx:hr></gpxtpx:TrackPointExtension></extensions></trkpt>
      <trkpt lat="40.740069" lon="-73.961309"><ele>5.4</ele><time>2026-07-31T23:50:14.000Z</time><extensions><gpxtpx:TrackPointExtension><gpxtpx:hr>121</gpxtpx:hr></gpxtpx:TrackPointExtension></extensions></trkpt>
      <trkpt lat="40.740088" lon="-73.961293"><ele>5.2</ele><time>2026-07-31T23:50:15.000Z</time><extensions><gpxtpx:TrackPointExtension><gpxtpx:hr>121</gpxtpx:hr></gpxtpx:TrackPointExtension></extensions></trkpt>
      <trkpt lat="40.740107" lon="-73.961281"><ele>5.2</ele><time>2026-07-31T23:50:16.000Z</time><extensions><gpxtpx:TrackPointExtension><gpxtpx:hr>121</gpxtpx:hr></gpxtpx:TrackPointExtension></extensions></trkpt>
      <trkpt lat="40.740127" lon="-73.961269"><ele>5</ele><time>2026-07-31T23:50:17.000Z</time><extensions><gpxtpx:TrackPointExtension><gpxtpx:hr>121</gpxtpx:hr></gpxtpx:TrackPointExtension></extensions></trkpt>
      <trkpt lat="40.740146" lon="-73.961255"><ele>5</ele><time>2026-07-31T23:50:18.000Z</time><extensions><gpxtpx:TrackPointExtension><gpxtpx:hr>121</gpxtpx:hr></gpxtpx:TrackPointExtension></extensions></trkpt>
      <trkpt lat="40.740167" lon="-73.96124"><ele>4.8</ele><time>2026-07-31T23:50:19.000Z</time><extensions><gpxtpx:TrackPointExtension><gpxtpx:hr>121</gpxtpx:hr></gpxtpx:TrackPointExtension></extensions></trkpt>
      <trkpt lat="40.740187" lon="-73.961225"><ele>4.8</ele><time>2026-07-31T23:50:20.000Z</time><extensions><gpxtpx:TrackPointExtension><gpxtpx:hr>121</gpxtpx:hr></gpxtpx:TrackPointExtension></extensions></trkpt>
      <trkpt lat="40.740209" lon="-73.961212"><ele>4.6</ele><time>2026-07-31T23:50:21.000Z</time><extensions><gpxtpx:TrackPointExtension><gpxtpx:hr>121</gpxtpx:hr></gpxtpx:TrackPointExtension></extensions></trkpt>
      <trkpt lat="40.740232" lon="-73.961201"><ele>4.6</ele><time>2026-07-31T23:50:22.000Z</time><extensions><gpxtpx:TrackPointExtension><gpxtpx:hr>121</gpxtpx:hr></gpxtpx:TrackPointExtension></extensions></trkpt>
      <trkpt lat="40.740256" lon="-73.961189"><ele>4.6</ele><time>2026-07-31T23:50:23.000Z</time><extensions><gpxtpx:TrackPointExtension><gpxtpx:hr>121</gpxtpx:hr></gpxtpx:TrackPointExtension></extensions></trkpt>
      <trkpt lat="40.740281" lon="-73.961178"><ele>4.6</ele><time>2026-07-31T23:50:24.000Z</time><extensions><gpxtpx:TrackPointExtension><gpxtpx:hr>121</gpxtpx:hr></gpxtpx:TrackPointExtension></extensions></trkpt>
      <trkpt lat="40.740307" lon="-73.961169"><ele>4.4</ele><time>2026-07-31T23:50:25.000Z</time><extensions><gpxtpx:TrackPointExtension><gpxtpx:hr>121</gpxtpx:hr></gpxtpx:TrackPointExtension></extensions></trkpt>
      <trkpt lat="40.740333" lon="-73.961161"><ele>4.4</ele><time>2026-07-31T23:50:26.000Z</time><extensions><gpxtpx:TrackPointExtension><gpxtpx:hr>121</gpxtpx:hr></gpxtpx:TrackPointExtension></extensions></trkpt>
      <trkpt lat="40.740357" lon="-73.961153"><ele>4.4</ele><time>2026-07-31T23:50:27.000Z</time><extensions><gpxtpx:TrackPointExtension><gpxtpx:hr>121</gpxtpx:hr></gpxtpx:TrackPointExtension></extensions></trkpt>
      <trkpt lat="40.740381" lon="-73.961143"><ele>4.6</ele><time>2026-07-31T23:50:28.000Z</time><extensions><gpxtpx:TrackPointExtension><gpxtpx:hr>121</gpxtpx:hr></gpxtpx:TrackPointExtension></extensions></trkpt>
      <trkpt lat="40.740405" lon="-73.961133"><ele>4.6</ele><time>2026-07-31T23:50:29.000Z</time><extensions><gpxtpx:TrackPointExtension><gpxtpx:hr>121</gpxtpx:hr></gpxtpx:TrackPointExtension></extensions></trkpt>
      <trkpt lat="40.740429" lon="-73.961123"><ele>4.6</ele><time>2026-07-31T23:50:30.000Z</time><extensions><gpxtpx:TrackPointExtension><gpxtpx:hr>121</gpxtpx:hr></gpxtpx:TrackPointExtension></extensions></trkpt>
      <trkpt lat="40.740454" lon="-73.961113"><ele>4.6</ele><time>2026-07-31T23:50:31.000Z</time><extensions><gpxtpx:TrackPointExtension><gpxtpx:hr>121</gpxtpx:hr></gpxtpx:TrackPointExtension></extensions></trkpt>
      <trkpt lat="40.740479" lon="-73.961104"><ele>4.6</ele><time>2026-07-31T23:50:32.000Z</time><extensions><gpxtpx:TrackPointExtension><gpxtpx:hr>121</gpxtpx:hr></gpxtpx:TrackPointExtension></extensions></trkpt>
      <trkpt lat="40.740505" lon="-73.961095"><ele>4.6</ele><time>2026-07-31T23:50:33.000Z</time><extensions><gpxtpx:TrackPointExtension><gpxtpx:hr>121</gpxtpx:hr></gpxtpx:TrackPointExtension></extensions></trkpt>
      <trkpt lat="40.74053" lon="-73.961087"><ele>4.8</ele><time>2026-07-31T23:50:34.000Z</time><extensions><gpxtpx:TrackPointExtension><gpxtpx:hr>121</gpxtpx:hr></gpxtpx:TrackPointExtension></extensions></trkpt>
      <trkpt lat="40.740553" lon="-73.96108"><ele>4.8</ele><time>2026-07-31T23:50:35.000Z</time><extensions><gpxtpx:TrackPointExtension><gpxtpx:hr>121</gpxtpx:hr></gpxtpx:TrackPointExtension></extensions></trkpt>
      <trkpt lat="40.740577" lon="-73.961073"><ele>4.8</ele><time>2026-07-31T23:50:36.000Z</time><extensions><gpxtpx:TrackPointExtension><gpxtpx:hr>121</gpxtpx:hr></gpxtpx:TrackPointExtension></extensions></trkpt>
      <trkpt lat="40.740601" lon="-73.961067"><ele>4.8</ele><time>2026-07-31T23:50:37.000Z</time><extensions><gpxtpx:TrackPointExtension><gpxtpx:hr>121</gpxtpx:hr></gpxtpx:TrackPointExtension></extensions></trkpt>
      <trkpt lat="40.740625" lon="-73.96106"><ele>4.8</ele><time>2026-07-31T23:50:38.000Z</time><extensions><gpxtpx:TrackPointExtension><gpxtpx:hr>121</gpxtpx:hr></gpxtpx:TrackPointExtension></extensions></trkpt>
      <trkpt lat="40.740651" lon="-73.961053"><ele>5</ele><time>2026-07-31T23:50:39.000Z</time><extensions><gpxtpx:TrackPointExtension><gpxtpx:hr>121</gpxtpx:hr></gpxtpx:TrackPointExtension></extensions></trkpt>
      <trkpt lat="40.740677" lon="-73.961044"><ele>5</ele><time>2026-07-31T23:50:40.000Z</time><extensions><gpxtpx:TrackPointExtension><gpxtpx:hr>121</gpxtpx:hr></gpxtpx:TrackPointExtension></extensions></trkpt>
      <trkpt lat="40.740703" lon="-73.961035"><ele>5</ele><time>2026-07-31T23:50:41.000Z</time><extensions><gpxtpx:TrackPointExtension><gpxtpx:hr>121</gpxtpx:hr></gpxtpx:TrackPointExtension></extensions></trkpt>
      <trkpt lat="40.740729" lon="-73.961024"><ele>5.2</ele><time>2026-07-31T23:50:42.000Z</time><extensions><gpxtpx:TrackPointExtension><gpxtpx:hr>121</gpxtpx:hr></gpxtpx:TrackPointExtension></extensions></trkpt>
      <trkpt lat="40.740756" lon="-73.961015"><ele>5.2</ele><time>2026-07-31T23:50:43.000Z</time><extensions><gpxtpx:TrackPointExtension><gpxtpx:hr>121</gpxtpx:hr></gpxtpx:TrackPointExtension></extensions></trkpt>
      <trkpt lat="40.740782" lon="-73.961011"><ele>5.2</ele><time>2026-07-31T23:50:44.000Z</time><extensions><gpxtpx:TrackPointExtension><gpxtpx:hr>121</gpxtpx:hr></gpxtpx:TrackPointExtension></extensions></trkpt>
      <trkpt lat="40.740808" lon="-73.96101"><ele>5.4</ele><time>2026-07-31T23:50:45.000Z</time><extensions><gpxtpx:TrackPointExtension><gpxtpx:hr>121</gpxtpx:hr></gpxtpx:TrackPointExtension></extensions></trkpt>
      <trkpt lat="40.740833" lon="-73.96101"><ele>5.4</ele><time>2026-07-31T23:50:46.000Z</time><extensions><gpxtpx:TrackPointExtension><gpxtpx:hr>121</gpxtpx:hr></gpxtpx:TrackPointExtension></extensions></trkpt>
      <trkpt lat="40.740858" lon="-73.96101"><ele>5.4</ele><time>2026-07-31T23:50:47.000Z</time><extensions><gpxtpx:TrackPointExtension><gpxtpx:hr>121</gpxtpx:hr></gpxtpx:TrackPointExtension></extensions></trkpt>
      <trkpt lat="40.740884" lon="-73.961009"><ele>5.4</ele><time>2026-07-31T23:50:48.000Z</time><extensions><gpxtpx:TrackPointExtension><gpxtpx:hr>121</gpxtpx:hr></gpxtpx:TrackPointExtension></extensions></trkpt>
      <trkpt lat="40.740909" lon="-73.961006"><ele>5.4</ele><time>2026-07-31T23:50:49.000Z</time><extensions><gpxtpx:TrackPointExtension><gpxtpx:hr>121</gpxtpx:hr></gpxtpx:TrackPointExtension></extensions></trkpt>
      <trkpt lat="40.740934" lon="-73.961005"><ele>5.4</ele><time>2026-07-31T23:50:50.000Z</time><extensions><gpxtpx:TrackPointExtension><gpxtpx:hr>121</gpxtpx:hr></gpxtpx:TrackPointExtension></extensions></trkpt>
      <trkpt lat="40.740959" lon="-73.961004"><ele>5.4</ele><time>2026-07-31T23:50:51.000Z</time><extensions><gpxtpx:TrackPointExtension><gpxtpx:hr>121</gpxtpx:hr></gpxtpx:TrackPointExtension></extensions></trkpt>
      <trkpt lat="40.740984" lon="-73.961001"><ele>5.4</ele><time>2026-07-31T23:50:52.000Z</time><extensions><gpxtpx:TrackPointExtension><gpxtpx:hr>121</gpxtpx:hr></gpxtpx:TrackPointExtension></extensions></trkpt>
      <trkpt lat="40.741008" lon="-73.960993"><ele>5.4</ele><time>2026-07-31T23:50:53.000Z</time><extensions><gpxtpx:TrackPointExtension><gpxtpx:hr>121</gpxtpx:hr></gpxtpx:TrackPointExtension></extensions></trkpt>
      <trkpt lat="40.74103" lon="-73.960978"><ele>5.4</ele><time>2026-07-31T23:50:54.000Z</time><extensions><gpxtpx:TrackPointExtension><gpxtpx:hr>121</gpxtpx:hr></gpxtpx:TrackPointExtension></extensions></trkpt>
      <trkpt lat="40.741049" lon="-73.960956"><ele>5.4</ele><time>2026-07-31T23:50:55.000Z</time><extensions><gpxtpx:TrackPointExtension><gpxtpx:hr>121</gpxtpx:hr></gpxtpx:TrackPointExtension></extensions></trkpt>
      <trkpt lat="40.741067" lon="-73.960934"><ele>5.2</ele><time>2026-07-31T23:50:56.000Z</time><extensions><gpxtpx:TrackPointExtension><gpxtpx:hr>121</gpxtpx:hr></gpxtpx:TrackPointExtension></extensions></trkpt>
      <trkpt lat="40.741086" lon="-73.960916"><ele>5.2</ele><time>2026-07-31T23:50:57.000Z</time><extensions><gpxtpx:TrackPointExtension><gpxtpx:hr>121</gpxtpx:hr></gpxtpx:TrackPointExtension></extensions></trkpt>
      <trkpt lat="40.741107" lon="-73.960901"><ele>5.2</ele><time>2026-07-31T23:50:58.000Z</time><extensions><gpxtpx:TrackPointExtension><gpxtpx:hr>121</gpxtpx:hr></gpxtpx:TrackPointExtension></extensions></trkpt>
      <trkpt lat="40.74113" lon="-73.960891"><ele>5.2</ele><time>2026-07-31T23:50:59.000Z</time><extensions><gpxtpx:TrackPointExtension><gpxtpx:hr>121</gpxtpx:hr></gpxtpx:TrackPointExtension></extensions></trkpt>
      <trkpt lat="40.741155" lon="-73.960883"><ele>5.2</ele><time>2026-07-31T23:51:00.000Z</time><extensions><gpxtpx:TrackPointExtension><gpxtpx:hr>121</gpxtpx:hr></gpxtpx:TrackPointExtension></extensions></trkpt>
      <trkpt lat="40.74118" lon="-73.960875"><ele>5.2</ele><time>2026-07-31T23:51:01.000Z</time><extensions><gpxtpx:TrackPointExtension><gpxtpx:hr>121</gpxtpx:hr></gpxtpx:TrackPointExtension></extensions></trkpt>
      <trkpt lat="40.741206" lon="-73.960867"><ele>5.2</ele><time>2026-07-31T23:51:02.000Z</time><extensions><gpxtpx:TrackPointExtension><gpxtpx:hr>121</gpxtpx:hr></gpxtpx:TrackPointExtension></extensions></trkpt>
      <trkpt lat="40.741232" lon="-73.960856"><ele>5.2</ele><time>2026-07-31T23:51:03.000Z</time><extensions><gpxtpx:TrackPointExtension><gpxtpx:hr>121</gpxtpx:hr></gpxtpx:TrackPointExtension></extensions></trkpt>
      <trkpt lat="40.741257" lon="-73.960843"><ele>5.2</ele><time>2026-07-31T23:51:04.000Z</time><extensions><gpxtpx:TrackPointExtension><gpxtpx:hr>121</gpxtpx:hr></gpxtpx:TrackPointExtension></extensions></trkpt>
      <trkpt lat="40.741281" lon="-73.960828"><ele>5</ele><time>2026-07-31T23:51:05.000Z</time><extensions><gpxtpx:TrackPointExtension><gpxtpx:hr>121</gpxtpx:hr></gpxtpx:TrackPointExtension></extensions></trkpt>
      <trkpt lat="40.741305" lon="-73.960811"><ele>5</ele><time>2026-07-31T23:51:06.000Z</time><extensions><gpxtpx:TrackPointExtension><gpxtpx:hr>121</gpxtpx:hr></gpxtpx:TrackPointExtension></extensions></trkpt>
      <trkpt lat="40.741331" lon="-73.960796"><ele>4.8</ele><time>2026-07-31T23:51:07.000Z</time><extensions><gpxtpx:TrackPointExtension><gpxtpx:hr>121</gpxtpx:hr></gpxtpx:TrackPointExtension></extensions></trkpt>
      <trkpt lat="40.741357" lon="-73.960783"><ele>4.4</ele><time>2026-07-31T23:51:08.000Z</time><extensions><gpxtpx:TrackPointExtension><gpxtpx:hr>121</gpxtpx:hr></gpxtpx:TrackPointExtension></extensions></trkpt>
      <trkpt lat="40.741383" lon="-73.960772"><ele>4.2</ele><time>2026-07-31T23:51:09.000Z</time><extensions><gpxtpx:TrackPointExtension><gpxtpx:hr>121</gpxtpx:hr></gpxtpx:TrackPointExtension></extensions></trkpt>
      <trkpt lat="40.741408" lon="-73.96076"><ele>3.8</ele><time>2026-07-31T23:51:10.000Z</time><extensions><gpxtpx:TrackPointExtension><gpxtpx:hr>121</gpxtpx:hr></gpxtpx:TrackPointExtension></extensions></trkpt>
      <trkpt lat="40.741432" lon="-73.960749"><ele>3.4</ele><time>2026-07-31T23:51:11.000Z</time><extensions><gpxtpx:TrackPointExtension><gpxtpx:hr>121</gpxtpx:hr></gpxtpx:TrackPointExtension></extensions></trkpt>
      <trkpt lat="40.741455" lon="-73.960738"><ele>3</ele><time>2026-07-31T23:51:12.000Z</time><extensions><gpxtpx:TrackPointExtension><gpxtpx:hr>121</gpxtpx:hr></gpxtpx:TrackPointExtension></extensions></trkpt>
      <trkpt lat="40.741477" lon="-73.960725"><ele>2.6</ele><time>2026-07-31T23:51:13.000Z</time><extensions><gpxtpx:TrackPointExtension><gpxtpx:hr>121</gpxtpx:hr></gpxtpx:TrackPointExtension></extensions></trkpt>
      <trkpt lat="40.741498" lon="-73.96071"><ele>2</ele><time>2026-07-31T23:51:14.000Z</time><extensions><gpxtpx:TrackPointExtension><gpxtpx:hr>121</gpxtpx:hr></gpxtpx:TrackPointExtension></extensions></trkpt>
      <trkpt lat="40.741583" lon="-73.96068"><ele>6.6</ele><time>2026-07-31T23:51:46.000Z</time><extensions><gpxtpx:TrackPointExtension><gpxtpx:hr>121</gpxtpx:hr></gpxtpx:TrackPointExtension></extensions></trkpt>
      <trkpt lat="40.741592" lon="-73.960671"><ele>6</ele><time>2026-07-31T23:51:47.000Z</time><extensions><gpxtpx:TrackPointExtension><gpxtpx:hr>121</gpxtpx:hr></gpxtpx:TrackPointExtension></extensions></trkpt>
      <trkpt lat="40.741604" lon="-73.960662"><ele>5.6</ele><time>2026-07-31T23:51:48.000Z</time><extensions><gpxtpx:TrackPointExtension><gpxtpx:hr>121</gpxtpx:hr></gpxtpx:TrackPointExtension></extensions></trkpt>
      <trkpt lat="40.741617" lon="-73.960654"><ele>5.4</ele><time>2026-07-31T23:51:49.000Z</time><extensions><gpxtpx:TrackPointExtension><gpxtpx:hr>121</gpxtpx:hr></gpxtpx:TrackPointExtension></extensions></trkpt>
      <trkpt lat="40.741632" lon="-73.960645"><ele>5</ele><time>2026-07-31T23:51:50.000Z</time><extensions><gpxtpx:TrackPointExtension><gpxtpx:hr>121</gpxtpx:hr></gpxtpx:TrackPointExtension></extensions></trkpt>
      <trkpt lat="40.741647" lon="-73.960635"><ele>4.8</ele><time>2026-07-31T23:51:51.000Z</time><extensions><gpxtpx:TrackPointExtension><gpxtpx:hr>121</gpxtpx:hr></gpxtpx:TrackPointExtension></extensions></trkpt>
      <trkpt lat="40.741663" lon="-73.960623"><ele>4.6</ele><time>2026-07-31T23:51:52.000Z</time><extensions><gpxtpx:TrackPointExtension><gpxtpx:hr>120</gpxtpx:hr></gpxtpx:TrackPointExtension></extensions></trkpt>
      <trkpt lat="40.741679" lon="-73.96061"><ele>4.6</ele><time>2026-07-31T23:51:53.000Z</time><extensions><gpxtpx:TrackPointExtension><gpxtpx:hr>120</gpxtpx:hr></gpxtpx:TrackPointExtension></extensions></trkpt>
      <trkpt lat="40.741694" lon="-73.960595"><ele>4.6</ele><time>2026-07-31T23:51:54.000Z</time><extensions><gpxtpx:TrackPointExtension><gpxtpx:hr>120</gpxtpx:hr></gpxtpx:TrackPointExtension></extensions></trkpt>
      <trkpt lat="40.741709" lon="-73.960579"><ele>4.4</ele><time>2026-07-31T23:51:55.000Z</time><extensions><gpxtpx:TrackPointExtension><gpxtpx:hr>120</gpxtpx:hr></gpxtpx:TrackPointExtension></extensions></trkpt>
      <trkpt lat="40.741723" lon="-73.960562"><ele>4.4</ele><time>2026-07-31T23:51:56.000Z</time><extensions><gpxtpx:TrackPointExtension><gpxtpx:hr>120</gpxtpx:hr></gpxtpx:TrackPointExtension></extensions></trkpt>
      <trkpt lat="40.741739" lon="-73.960544"><ele>4.4</ele><time>2026-07-31T23:51:57.000Z</time><extensions><gpxtpx:TrackPointExtension><gpxtpx:hr>121</gpxtpx:hr></gpxtpx:TrackPointExtension></extensions></trkpt>
      <trkpt lat="40.741753" lon="-73.960525"><ele>4.6</ele><time>2026-07-31T23:51:58.000Z</time><extensions><gpxtpx:TrackPointExtension><gpxtpx:hr>121</gpxtpx:hr></gpxtpx:TrackPointExtension></extensions></trkpt>
      <trkpt lat="40.741768" lon="-73.960505"><ele>4.6</ele><time>2026-07-31T23:51:59.000Z</time><extensions><gpxtpx:TrackPointExtension><gpxtpx:hr>121</gpxtpx:hr></gpxtpx:TrackPointExtension></extensions></trkpt>
      <trkpt lat="40.741783" lon="-73.960485"><ele>4.6</ele><time>2026-07-31T23:52:00.000Z</time><extensions><gpxtpx:TrackPointExtension><gpxtpx:hr>121</gpxtpx:hr></gpxtpx:TrackPointExtension></extensions></trkpt>
      <trkpt lat="40.741799" lon="-73.960467"><ele>4.6</ele><time>2026-07-31T23:52:01.000Z</time><extensions><gpxtpx:TrackPointExtension><gpxtpx:hr>121</gpxtpx:hr></gpxtpx:TrackPointExtension></extensions></trkpt>
      <trkpt lat="40.741815" lon="-73.960448"><ele>4.6</ele><time>2026-07-31T23:52:02.000Z</time><extensions><gpxtpx:TrackPointExtension><gpxtpx:hr>123</gpxtpx:hr></gpxtpx:TrackPointExtension></extensions></trkpt>
      <trkpt lat="40.741832" lon="-73.960428"><ele>4.6</ele><time>2026-07-31T23:52:03.000Z</time><extensions><gpxtpx:TrackPointExtension><gpxtpx:hr>123</gpxtpx:hr></gpxtpx:TrackPointExtension></extensions></trkpt>
      <trkpt lat="40.74185" lon="-73.96041"><ele>4.6</ele><time>2026-07-31T23:52:04.000Z</time><extensions><gpxtpx:TrackPointExtension><gpxtpx:hr>123</gpxtpx:hr></gpxtpx:TrackPointExtension></extensions></trkpt>
      <trkpt lat="40.741868" lon="-73.960393"><ele>4.6</ele><time>2026-07-31T23:52:05.000Z</time><extensions><gpxtpx:TrackPointExtension><gpxtpx:hr>123</gpxtpx:hr></gpxtpx:TrackPointExtension></extensions></trkpt>
      <trkpt lat="40.741887" lon="-73.960377"><ele>4.6</ele><time>2026-07-31T23:52:06.000Z</time><extensions><gpxtpx:TrackPointExtension><gpxtpx:hr>123</gpxtpx:hr></gpxtpx:TrackPointExtension></extensions></trkpt>
      <trkpt lat="40.741906" lon="-73.960361"><ele>4.6</ele><time>2026-07-31T23:52:07.000Z</time><extensions><gpxtpx:TrackPointExtension><gpxtpx:hr>123</gpxtpx:hr></gpxtpx:TrackPointExtension></extensions></trkpt>
      <trkpt lat="40.741926" lon="-73.960347"><ele>4.6</ele><time>2026-07-31T23:52:08.000Z</time><extensions><gpxtpx:TrackPointExtension><gpxtpx:hr>123</gpxtpx:hr></gpxtpx:TrackPointExtension></extensions></trkpt>
      <trkpt lat="40.741948" lon="-73.960332"><ele>4.6</ele><time>2026-07-31T23:52:09.000Z</time><extensions><gpxtpx:TrackPointExtension><gpxtpx:hr>123</gpxtpx:hr></gpxtpx:TrackPointExtension></extensions></trkpt>
      <trkpt lat="40.741971" lon="-73.960314"><ele>4.6</ele><time>2026-07-31T23:52:10.000Z</time><extensions><gpxtpx:TrackPointExtension><gpxtpx:hr>123</gpxtpx:hr></gpxtpx:TrackPointExtension></extensions></trkpt>
      <trkpt lat="40.741995" lon="-73.960298"><ele>4.6</ele><time>2026-07-31T23:52:11.000Z</time><extensions><gpxtpx:TrackPointExtension><gpxtpx:hr>128</gpxtpx:hr></gpxtpx:TrackPointExtension></extensions></trkpt>
      <trkpt lat="40.742018" lon="-73.960284"><ele>4.6</ele><time>2026-07-31T23:52:12.000Z</time><extensions><gpxtpx:TrackPointExtension><gpxtpx:hr>128</gpxtpx:hr></gpxtpx:TrackPointExtension></extensions></trkpt>
      <trkpt lat="40.742041" lon="-73.96027"><ele>4.6</ele><time>2026-07-31T23:52:13.000Z</time><extensions><gpxtpx:TrackPointExtension><gpxtpx:hr>128</gpxtpx:hr></gpxtpx:TrackPointExtension></extensions></trkpt>
      <trkpt lat="40.742064" lon="-73.960255"><ele>4.6</ele><time>2026-07-31T23:52:14.000Z</time><extensions><gpxtpx:TrackPointExtension><gpxtpx:hr>128</gpxtpx:hr></gpxtpx:TrackPointExtension></extensions></trkpt>
      <trkpt lat="40.742086" lon="-73.960238"><ele>4.6</ele><time>2026-07-31T23:52:15.000Z</time><extensions><gpxtpx:TrackPointExtension><gpxtpx:hr>128</gpxtpx:hr></gpxtpx:TrackPointExtension></extensions></trkpt>
      <trkpt lat="40.742107" lon="-73.960221"><ele>4.6</ele><time>2026-07-31T23:52:16.000Z</time><extensions><gpxtpx:TrackPointExtension><gpxtpx:hr>133</gpxtpx:hr></gpxtpx:TrackPointExtension></extensions></trkpt>
      <trkpt lat="40.742129" lon="-73.960204"><ele>4.6</ele><time>2026-07-31T23:52:17.000Z</time><extensions><gpxtpx:TrackPointExtension><gpxtpx:hr>133</gpxtpx:hr></gpxtpx:TrackPointExtension></extensions></trkpt>
      <trkpt lat="40.742153" lon="-73.960185"><ele>4.6</ele><time>2026-07-31T23:52:18.000Z</time><extensions><gpxtpx:TrackPointExtension><gpxtpx:hr>133</gpxtpx:hr></gpxtpx:TrackPointExtension></extensions></trkpt>
      <trkpt lat="40.742179" lon="-73.960166"><ele>4.6</ele><time>2026-07-31T23:52:19.000Z</time><extensions><gpxtpx:TrackPointExtension><gpxtpx:hr>133</gpxtpx:hr></gpxtpx:TrackPointExtension></extensions></trkpt>
      <trkpt lat="40.742208" lon="-73.960145"><ele>4.6</ele><time>2026-07-31T23:52:20.000Z</time><extensions><gpxtpx:TrackPointExtension><gpxtpx:hr>133</gpxtpx:hr></gpxtpx:TrackPointExtension></extensions></trkpt>
      <trkpt lat="40.742238" lon="-73.960127"><ele>4.6</ele><time>2026-07-31T23:52:22.000Z</time><extensions><gpxtpx:TrackPointExtension><gpxtpx:hr>133</gpxtpx:hr></gpxtpx:TrackPointExtension></extensions></trkpt>
      <trkpt lat="40.742267" lon="-73.960113"><ele>4.6</ele><time>2026-07-31T23:52:23.000Z</time><extensions><gpxtpx:TrackPointExtension><gpxtpx:hr>132</gpxtpx:hr></gpxtpx:TrackPointExtension></extensions></trkpt>
      <trkpt lat="40.742295" lon="-73.960104"><ele>4.6</ele><time>2026-07-31T23:52:24.000Z</time><extensions><gpxtpx:TrackPointExtension><gpxtpx:hr>132</gpxtpx:hr></gpxtpx:TrackPointExtension></extensions></trkpt>
      <trkpt lat="40.742323" lon="-73.960099"><ele>4.6</ele><time>2026-07-31T23:52:25.000Z</time><extensions><gpxtpx:TrackPointExtension><gpxtpx:hr>132</gpxtpx:hr></gpxtpx:TrackPointExtension></extensions></trkpt>
      <trkpt lat="40.742349" lon="-73.960096"><ele>4.6</ele><time>2026-07-31T23:52:26.000Z</time><extensions><gpxtpx:TrackPointExtension><gpxtpx:hr>132</gpxtpx:hr></gpxtpx:TrackPointExtension></extensions></trkpt>
      <trkpt lat="40.742375" lon="-73.960094"><ele>4.6</ele><time>2026-07-31T23:52:27.000Z</time><extensions><gpxtpx:TrackPointExtension><gpxtpx:hr>132</gpxtpx:hr></gpxtpx:TrackPointExtension></extensions></trkpt>
      <trkpt lat="40.742399" lon="-73.960092"><ele>4.6</ele><time>2026-07-31T23:52:28.000Z</time><extensions><gpxtpx:TrackPointExtension><gpxtpx:hr>134</gpxtpx:hr></gpxtpx:TrackPointExtension></extensions></trkpt>
      <trkpt lat="40.742423" lon="-73.96009"><ele>4.6</ele><time>2026-07-31T23:52:29.000Z</time><extensions><gpxtpx:TrackPointExtension><gpxtpx:hr>134</gpxtpx:hr></gpxtpx:TrackPointExtension></extensions></trkpt>
      <trkpt lat="40.742448" lon="-73.960088"><ele>4.6</ele><time>2026-07-31T23:52:30.000Z</time><extensions><gpxtpx:TrackPointExtension><gpxtpx:hr>134</gpxtpx:hr></gpxtpx:TrackPointExtension></extensions></trkpt>
      <trkpt lat="40.742474" lon="-73.960084"><ele>4.6</ele><time>2026-07-31T23:52:31.000Z</time><extensions><gpxtpx:TrackPointExtension><gpxtpx:hr>134</gpxtpx:hr></gpxtpx:TrackPointExtension></extensions></trkpt>
      <trkpt lat="40.7425" lon="-73.960077"><ele>4.6</ele><time>2026-07-31T23:52:32.000Z</time><extensions><gpxtpx:TrackPointExtension><gpxtpx:hr>134</gpxtpx:hr></gpxtpx:TrackPointExtension></extensions></trkpt>
      <trkpt lat="40.742524" lon="-73.960069"><ele>4.6</ele><time>2026-07-31T23:52:33.000Z</time><extensions><gpxtpx:TrackPointExtension><gpxtpx:hr>134</gpxtpx:hr></gpxtpx:TrackPointExtension></extensions></trkpt>
      <trkpt lat="40.742549" lon="-73.96006"><ele>4.6</ele><time>2026-07-31T23:52:34.000Z</time><extensions><gpxtpx:TrackPointExtension><gpxtpx:hr>134</gpxtpx:hr></gpxtpx:TrackPointExtension></extensions></trkpt>
      <trkpt lat="40.742574" lon="-73.960054"><ele>4.6</ele><time>2026-07-31T23:52:35.000Z</time><extensions><gpxtpx:TrackPointExtension><gpxtpx:hr>134</gpxtpx:hr></gpxtpx:TrackPointExtension></extensions></trkpt>
      <trkpt lat="40.7426" lon="-73.96005"><ele>4.6</ele><time>2026-07-31T23:52:36.000Z</time><extensions><gpxtpx:TrackPointExtension><gpxtpx:hr>138</gpxtpx:hr></gpxtpx:TrackPointExtension></extensions></trkpt>
      <trkpt lat="40.742626" lon="-73.960049"><ele>4.6</ele><time>2026-07-31T23:52:37.000Z</time><extensions><gpxtpx:TrackPointExtension><gpxtpx:hr>138</gpxtpx:hr></gpxtpx:TrackPointExtension></extensions></trkpt>
      <trkpt lat="40.742652" lon="-73.960048"><ele>4.6</ele><time>2026-07-31T23:52:38.000Z</time><extensions><gpxtpx:TrackPointExtension><gpxtpx:hr>137</gpxtpx:hr></gpxtpx:TrackPointExtension></extensions></trkpt>
      <trkpt lat="40.742677" lon="-73.960047"><ele>4.6</ele><time>2026-07-31T23:52:39.000Z</time><extensions><gpxtpx:TrackPointExtension><gpxtpx:hr>137</gpxtpx:hr></gpxtpx:TrackPointExtension></extensions></trkpt>
      <trkpt lat="40.742701" lon="-73.960046"><ele>4.8</ele><time>2026-07-31T23:52:40.000Z</time><extensions><gpxtpx:TrackPointExtension><gpxtpx:hr>137</gpxtpx:hr></gpxtpx:TrackPointExtension></extensions></trkpt>
      <trkpt lat="40.742727" lon="-73.960044"><ele>4.8</ele><time>2026-07-31T23:52:41.000Z</time><extensions><gpxtpx:TrackPointExtension><gpxtpx:hr>137</gpxtpx:hr></gpxtpx:TrackPointExtension></extensions></trkpt>
      <trkpt lat="40.742753" lon="-73.960041"><ele>4.8</ele><time>2026-07-31T23:52:42.000Z</time><extensions><gpxtpx:TrackPointExtension><gpxtpx:hr>137</gpxtpx:hr></gpxtpx:TrackPointExtension></extensions></trkpt>
      <trkpt lat="40.742781" lon="-73.960036"><ele>4.8</ele><time>2026-07-31T23:52:43.000Z</time><extensions><gpxtpx:TrackPointExtension><gpxtpx:hr>139</gpxtpx:hr></gpxtpx:TrackPointExtension></extensions></trkpt>
      <trkpt lat="40.742809" lon="-73.960031"><ele>4.8</ele><time>2026-07-31T23:52:44.000Z</time><extensions><gpxtpx:TrackPointExtension><gpxtpx:hr>139</gpxtpx:hr></gpxtpx:TrackPointExtension></extensions></trkpt>
      <trkpt lat="40.742837" lon="-73.960027"><ele>4.8</ele><time>2026-07-31T23:52:45.000Z</time><extensions><gpxtpx:TrackPointExtension><gpxtpx:hr>139</gpxtpx:hr></gpxtpx:TrackPointExtension></extensions></trkpt>
      <trkpt lat="40.742864" lon="-73.960023"><ele>5</ele><time>2026-07-31T23:52:46.000Z</time><extensions><gpxtpx:TrackPointExtension><gpxtpx:hr>139</gpxtpx:hr></gpxtpx:TrackPointExtension></extensions></trkpt>
      <trkpt lat="40.742892" lon="-73.960017"><ele>5</ele><time>2026-07-31T23:52:47.000Z</time><extensions><gpxtpx:TrackPointExtension><gpxtpx:hr>139</gpxtpx:hr></gpxtpx:TrackPointExtension></extensions></trkpt>
      <trkpt lat="40.74292" lon="-73.960009"><ele>5</ele><time>2026-07-31T23:52:48.000Z</time><extensions><gpxtpx:TrackPointExtension><gpxtpx:hr>139</gpxtpx:hr></gpxtpx:TrackPointExtension></extensions></trkpt>
      <trkpt lat="40.742947" lon="-73.959997"><ele>5</ele><time>2026-07-31T23:52:49.000Z</time><extensions><gpxtpx:TrackPointExtension><gpxtpx:hr>139</gpxtpx:hr></gpxtpx:TrackPointExtension></extensions></trkpt>
      <trkpt lat="40.742972" lon="-73.959983"><ele>5</ele><time>2026-07-31T23:52:50.000Z</time><extensions><gpxtpx:TrackPointExtension><gpxtpx:hr>139</gpxtpx:hr></gpxtpx:TrackPointExtension></extensions></trkpt>
      <trkpt lat="40.742997" lon="-73.959968"><ele>5</ele><time>2026-07-31T23:52:51.000Z</time><extensions><gpxtpx:TrackPointExtension><gpxtpx:hr>140</gpxtpx:hr></gpxtpx:TrackPointExtension></extensions></trkpt>
      <trkpt lat="40.743022" lon="-73.959953"><ele>5</ele><time>2026-07-31T23:52:52.000Z</time><extensions><gpxtpx:TrackPointExtension><gpxtpx:hr>140</gpxtpx:hr></gpxtpx:TrackPointExtension></extensions></trkpt>
      <trkpt lat="40.743048" lon="-73.95994"><ele>5</ele><time>2026-07-31T23:52:53.000Z</time><extensions><gpxtpx:TrackPointExtension><gpxtpx:hr>140</gpxtpx:hr></gpxtpx:TrackPointExtension></extensions></trkpt>
      <trkpt lat="40.743074" lon="-73.959929"><ele>5</ele><time>2026-07-31T23:52:54.000Z</time><extensions><gpxtpx:TrackPointExtension><gpxtpx:hr>140</gpxtpx:hr></gpxtpx:TrackPointExtension></extensions></trkpt>
      <trkpt lat="40.743102" lon="-73.959919"><ele>5</ele><time>2026-07-31T23:52:55.000Z</time><extensions><gpxtpx:TrackPointExtension><gpxtpx:hr>140</gpxtpx:hr></gpxtpx:TrackPointExtension></extensions></trkpt>
      <trkpt lat="40.74313" lon="-73.959908"><ele>4.8</ele><time>2026-07-31T23:52:56.000Z</time><extensions><gpxtpx:TrackPointExtension><gpxtpx:hr>140</gpxtpx:hr></gpxtpx:TrackPointExtension></extensions></trkpt>
      <trkpt lat="40.743157" lon="-73.959895"><ele>4.8</ele><time>2026-07-31T23:52:57.000Z</time><extensions><gpxtpx:TrackPointExtension><gpxtpx:hr>140</gpxtpx:hr></gpxtpx:TrackPointExtension></extensions></trkpt>
      <trkpt lat="40.743181" lon="-73.959881"><ele>4.8</ele><time>2026-07-31T23:52:58.000Z</time><extensions><gpxtpx:TrackPointExtension><gpxtpx:hr>138</gpxtpx:hr></gpxtpx:TrackPointExtension></extensions></trkpt>
      <trkpt lat="40.743203" lon="-73.959868"><ele>4.8</ele><time>2026-07-31T23:52:59.000Z</time><extensions><gpxtpx:TrackPointExtension><gpxtpx:hr>138</gpxtpx:hr></gpxtpx:TrackPointExtension></extensions></trkpt>
      <trkpt lat="40.743224" lon="-73.959855"><ele>4.8</ele><time>2026-07-31T23:53:00.000Z</time><extensions><gpxtpx:TrackPointExtension><gpxtpx:hr>138</gpxtpx:hr></gpxtpx:TrackPointExtension></extensions></trkpt>
      <trkpt lat="40.743246" lon="-73.959842"><ele>4.8</ele><time>2026-07-31T23:53:01.000Z</time><extensions><gpxtpx:TrackPointExtension><gpxtpx:hr>138</gpxtpx:hr></gpxtpx:TrackPointExtension></extensions></trkpt>
      <trkpt lat="40.743269" lon="-73.959829"><ele>4.6</ele><time>2026-07-31T23:53:02.000Z</time><extensions><gpxtpx:TrackPointExtension><gpxtpx:hr>138</gpxtpx:hr></gpxtpx:TrackPointExtension></extensions></trkpt>
      <trkpt lat="40.743292" lon="-73.959816"><ele>4.6</ele><time>2026-07-31T23:53:03.000Z</time><extensions><gpxtpx:TrackPointExtension><gpxtpx:hr>137</gpxtpx:hr></gpxtpx:TrackPointExtension></extensions></trkpt>
      <trkpt lat="40.743316" lon="-73.959802"><ele>4.6</ele><time>2026-07-31T23:53:04.000Z</time><extensions><gpxtpx:TrackPointExtension><gpxtpx:hr>137</gpxtpx:hr></gpxtpx:TrackPointExtension></extensions></trkpt>
      <trkpt lat="40.743339" lon="-73.959788"><ele>4.6</ele><time>2026-07-31T23:53:05.000Z</time><extensions><gpxtpx:TrackPointExtension><gpxtpx:hr>137</gpxtpx:hr></gpxtpx:TrackPointExtension></extensions></trkpt>
      <trkpt lat="40.743363" lon="-73.959774"><ele>4.6</ele><time>2026-07-31T23:53:06.000Z</time><extensions><gpxtpx:TrackPointExtension><gpxtpx:hr>137</gpxtpx:hr></gpxtpx:TrackPointExtension></extensions></trkpt>
      <trkpt lat="40.743386" lon="-73.95976"><ele>4.6</ele><time>2026-07-31T23:53:07.000Z</time><extensions><gpxtpx:TrackPointExtension><gpxtpx:hr>137</gpxtpx:hr></gpxtpx:TrackPointExtension></extensions></trkpt>
      <trkpt lat="40.74341" lon="-73.959745"><ele>4.6</ele><time>2026-07-31T23:53:08.000Z</time><extensions><gpxtpx:TrackPointExtension><gpxtpx:hr>138</gpxtpx:hr></gpxtpx:TrackPointExtension></extensions></trkpt>
      <trkpt lat="40.743435" lon="-73.959727"><ele>4.6</ele><time>2026-07-31T23:53:09.000Z</time><extensions><gpxtpx:TrackPointExtension><gpxtpx:hr>138</gpxtpx:hr></gpxtpx:TrackPointExtension></extensions></trkpt>
      <trkpt lat="40.743461" lon="-73.959706"><ele>4.6</ele><time>2026-07-31T23:53:10.000Z</time><extensions><gpxtpx:TrackPointExtension><gpxtpx:hr>138</gpxtpx:hr></gpxtpx:TrackPointExtension></extensions></trkpt>
      <trkpt lat="40.743485" lon="-73.959686"><ele>4.8</ele><time>2026-07-31T23:53:11.000Z</time><extensions><gpxtpx:TrackPointExtension><gpxtpx:hr>138</gpxtpx:hr></gpxtpx:TrackPointExtension></extensions></trkpt>
      <trkpt lat="40.743509" lon="-73.959666"><ele>4.8</ele><time>2026-07-31T23:53:12.000Z</time><extensions><gpxtpx:TrackPointExtension><gpxtpx:hr>138</gpxtpx:hr></gpxtpx:TrackPointExtension></extensions></trkpt>
      <trkpt lat="40.743531" lon="-73.959646"><ele>4.8</ele><time>2026-07-31T23:53:13.000Z</time><extensions><gpxtpx:TrackPointExtension><gpxtpx:hr>138</gpxtpx:hr></gpxtpx:TrackPointExtension></extensions></trkpt>
      <trkpt lat="40.743554" lon="-73.959626"><ele>4.8</ele><time>2026-07-31T23:53:14.000Z</time><extensions><gpxtpx:TrackPointExtension><gpxtpx:hr>138</gpxtpx:hr></gpxtpx:TrackPointExtension></extensions></trkpt>
      <trkpt lat="40.743576" lon="-73.959605"><ele>4.8</ele><time>2026-07-31T23:53:15.000Z</time><extensions><gpxtpx:TrackPointExtension><gpxtpx:hr>138</gpxtpx:hr></gpxtpx:TrackPointExtension></extensions></trkpt>
      <trkpt lat="40.743598" lon="-73.959583"><ele>5</ele><time>2026-07-31T23:53:16.000Z</time><extensions><gpxtpx:TrackPointExtension><gpxtpx:hr>140</gpxtpx:hr></gpxtpx:TrackPointExtension></extensions></trkpt>
      <trkpt lat="40.743619" lon="-73.959559"><ele>5</ele><time>2026-07-31T23:53:17.000Z</time><extensions><gpxtpx:TrackPointExtension><gpxtpx:hr>140</gpxtpx:hr></gpxtpx:TrackPointExtension></extensions></trkpt>
      <trkpt lat="40.743638" lon="-73.959535"><ele>5</ele><time>2026-07-31T23:53:18.000Z</time><extensions><gpxtpx:TrackPointExtension><gpxtpx:hr>139</gpxtpx:hr></gpxtpx:TrackPointExtension></extensions></trkpt>
      <trkpt lat="40.743655" lon="-73.95951"><ele>5</ele><time>2026-07-31T23:53:19.000Z</time><extensions><gpxtpx:TrackPointExtension><gpxtpx:hr>139</gpxtpx:hr></gpxtpx:TrackPointExtension></extensions></trkpt>
      <trkpt lat="40.743667" lon="-73.959486"><ele>5.2</ele><time>2026-07-31T23:53:20.000Z</time><extensions><gpxtpx:TrackPointExtension><gpxtpx:hr>139</gpxtpx:hr></gpxtpx:TrackPointExtension></extensions></trkpt>
      <trkpt lat="40.743673" lon="-73.959463"><ele>5.2</ele><time>2026-07-31T23:53:21.000Z</time><extensions><gpxtpx:TrackPointExtension><gpxtpx:hr>139</gpxtpx:hr></gpxtpx:TrackPointExtension></extensions></trkpt>
      <trkpt lat="40.743673" lon="-73.959448"><ele>5.2</ele><time>2026-07-31T23:53:22.000Z</time><extensions><gpxtpx:TrackPointExtension><gpxtpx:hr>139</gpxtpx:hr></gpxtpx:TrackPointExtension></extensions></trkpt>
      <trkpt lat="40.743672" lon="-73.959442"><ele>5.2</ele><time>2026-07-31T23:53:23.000Z</time><extensions><gpxtpx:TrackPointExtension><gpxtpx:hr>139</gpxtpx:hr></gpxtpx:TrackPointExtension></extensions></trkpt>
      <trkpt lat="40.743673" lon="-73.959441"><ele>5.2</ele><time>2026-07-31T23:53:24.000Z</time><extensions><gpxtpx:TrackPointExtension><gpxtpx:hr>139</gpxtpx:hr></gpxtpx:TrackPointExtension></extensions></trkpt>
      <trkpt lat="40.743675" lon="-73.959437"><ele>5.2</ele><time>2026-07-31T23:53:25.000Z</time><extensions><gpxtpx:TrackPointExtension><gpxtpx:hr>139</gpxtpx:hr></gpxtpx:TrackPointExtension></extensions></trkpt>
      <trkpt lat="40.743677" lon="-73.959421"><ele>5.2</ele><time>2026-07-31T23:53:26.000Z</time><extensions><gpxtpx:TrackPointExtension><gpxtpx:hr>139</gpxtpx:hr></gpxtpx:TrackPointExtension></extensions></trkpt>
      <trkpt lat="40.743679" lon="-73.959392"><ele>5.2</ele><time>2026-07-31T23:53:27.000Z</time><extensions><gpxtpx:TrackPointExtension><gpxtpx:hr>139</gpxtpx:hr></gpxtpx:TrackPointExtension></extensions></trkpt>
      <trkpt lat="40.743678" lon="-73.959358"><ele>5.2</ele><time>2026-07-31T23:53:28.000Z</time><extensions><gpxtpx:TrackPointExtension><gpxtpx:hr>139</gpxtpx:hr></gpxtpx:TrackPointExtension></extensions></trkpt>
      <trkpt lat="40.743676" lon="-73.959325"><ele>5.2</ele><time>2026-07-31T23:53:29.000Z</time><extensions><gpxtpx:TrackPointExtension><gpxtpx:hr>139</gpxtpx:hr></gpxtpx:TrackPointExtension></extensions></trkpt>
      <trkpt lat="40.743672" lon="-73.959294"><ele>5.2</ele><time>2026-07-31T23:53:30.000Z</time><extensions><gpxtpx:TrackPointExtension><gpxtpx:hr>139</gpxtpx:hr></gpxtpx:TrackPointExtension></extensions></trkpt>
      <trkpt lat="40.743666" lon="-73.959264"><ele>5.2</ele><time>2026-07-31T23:53:31.000Z</time><extensions><gpxtpx:TrackPointExtension><gpxtpx:hr>139</gpxtpx:hr></gpxtpx:TrackPointExtension></extensions></trkpt>
      <trkpt lat="40.743657" lon="-73.959237"><ele>5</ele><time>2026-07-31T23:53:32.000Z</time><extensions><gpxtpx:TrackPointExtension><gpxtpx:hr>139</gpxtpx:hr></gpxtpx:TrackPointExtension></extensions></trkpt>
      <trkpt lat="40.743647" lon="-73.959214"><ele>5</ele><time>2026-07-31T23:53:33.000Z</time><extensions><gpxtpx:TrackPointExtension><gpxtpx:hr>140</gpxtpx:hr></gpxtpx:TrackPointExtension></extensions></trkpt>
      <trkpt lat="40.743636" lon="-73.959193"><ele>5</ele><time>2026-07-31T23:53:34.000Z</time><extensions><gpxtpx:TrackPointExtension><gpxtpx:hr>140</gpxtpx:hr></gpxtpx:TrackPointExtension></extensions></trkpt>
      <trkpt lat="40.743626" lon="-73.959173"><ele>5</ele><time>2026-07-31T23:53:35.000Z</time><extensions><gpxtpx:TrackPointExtension><gpxtpx:hr>140</gpxtpx:hr></gpxtpx:TrackPointExtension></extensions></trkpt>
      <trkpt lat="40.743613" lon="-73.959153"><ele>5</ele><time>2026-07-31T23:53:36.000Z</time><extensions><gpxtpx:TrackPointExtension><gpxtpx:hr>140</gpxtpx:hr></gpxtpx:TrackPointExtension></extensions></trkpt>
      <trkpt lat="40.7436" lon="-73.959133"><ele>4.8</ele><time>2026-07-31T23:53:37.000Z</time><extensions><gpxtpx:TrackPointExtension><gpxtpx:hr>140</gpxtpx:hr></gpxtpx:TrackPointExtension></extensions></trkpt>
      <trkpt lat="40.743585" lon="-73.959115"><ele>4.8</ele><time>2026-07-31T23:53:38.000Z</time><extensions><gpxtpx:TrackPointExtension><gpxtpx:hr>140</gpxtpx:hr></gpxtpx:TrackPointExtension></extensions></trkpt>
      <trkpt lat="40.743572" lon="-73.959095"><ele>4.8</ele><time>2026-07-31T23:53:39.000Z</time><extensions><gpxtpx:TrackPointExtension><gpxtpx:hr>140</gpxtpx:hr></gpxtpx:TrackPointExtension></extensions></trkpt>
      <trkpt lat="40.743558" lon="-73.959073"><ele>4.8</ele><time>2026-07-31T23:53:40.000Z</time><extensions><gpxtpx:TrackPointExtension><gpxtpx:hr>140</gpxtpx:hr></gpxtpx:TrackPointExtension></extensions></trkpt>
      <trkpt lat="40.743546" lon="-73.959049"><ele>4.8</ele><time>2026-07-31T23:53:41.000Z</time><extensions><gpxtpx:TrackPointExtension><gpxtpx:hr>140</gpxtpx:hr></gpxtpx:TrackPointExtension></extensions></trkpt>
      <trkpt lat="40.743535" lon="-73.959024"><ele>4.6</ele><time>2026-07-31T23:53:42.000Z</time><extensions><gpxtpx:TrackPointExtension><gpxtpx:hr>140</gpxtpx:hr></gpxtpx:TrackPointExtension></extensions></trkpt>
      <trkpt lat="40.743526" lon="-73.958998"><ele>4.6</ele><time>2026-07-31T23:53:43.000Z</time><extensions><gpxtpx:TrackPointExtension><gpxtpx:hr>141</gpxtpx:hr></gpxtpx:TrackPointExtension></extensions></trkpt>
      <trkpt lat="40.743518" lon="-73.958972"><ele>4.6</ele><time>2026-07-31T23:53:44.000Z</time><extensions><gpxtpx:TrackPointExtension><gpxtpx:hr>141</gpxtpx:hr></gpxtpx:TrackPointExtension></extensions></trkpt>
      <trkpt lat="40.74351" lon="-73.958945"><ele>4.4</ele><time>2026-07-31T23:53:45.000Z</time><extensions><gpxtpx:TrackPointExtension><gpxtpx:hr>141</gpxtpx:hr></gpxtpx:TrackPointExtension></extensions></trkpt>
      <trkpt lat="40.743501" lon="-73.958918"><ele>4.4</ele><time>2026-07-31T23:53:46.000Z</time><extensions><gpxtpx:TrackPointExtension><gpxtpx:hr>141</gpxtpx:hr></gpxtpx:TrackPointExtension></extensions></trkpt>
      <trkpt lat="40.743495" lon="-73.95889"><ele>4.4</ele><time>2026-07-31T23:53:47.000Z</time><extensions><gpxtpx:TrackPointExtension><gpxtpx:hr>141</gpxtpx:hr></gpxtpx:TrackPointExtension></extensions></trkpt>
      <trkpt lat="40.743491" lon="-73.95886"><ele>4.2</ele><time>2026-07-31T23:53:48.000Z</time><extensions><gpxtpx:TrackPointExtension><gpxtpx:hr>141</gpxtpx:hr></gpxtpx:TrackPointExtension></extensions></trkpt>
      <trkpt lat="40.743487" lon="-73.958828"><ele>4.2</ele><time>2026-07-31T23:53:49.000Z</time><extensions><gpxtpx:TrackPointExtension><gpxtpx:hr>141</gpxtpx:hr></gpxtpx:TrackPointExtension></extensions></trkpt>
      <trkpt lat="40.743489" lon="-73.95877"><ele>4</ele><time>2026-07-31T23:53:50.000Z</time><extensions><gpxtpx:TrackPointExtension><gpxtpx:hr>141</gpxtpx:hr></gpxtpx:TrackPointExtension></extensions></trkpt>
      <trkpt lat="40.743483" lon="-73.958735"><ele>4</ele><time>2026-07-31T23:53:51.000Z</time><extensions><gpxtpx:TrackPointExtension><gpxtpx:hr>141</gpxtpx:hr></gpxtpx:TrackPointExtension></extensions></trkpt>
      <trkpt lat="40.743478" lon="-73.958699"><ele>3.8</ele><time>2026-07-31T23:53:52.000Z</time><extensions><gpxtpx:TrackPointExtension><gpxtpx:hr>141</gpxtpx:hr></gpxtpx:TrackPointExtension></extensions></trkpt>
      <trkpt lat="40.743474" lon="-73.958662"><ele>3.8</ele><time>2026-07-31T23:53:53.000Z</time><extensions><gpxtpx:TrackPointExtension><gpxtpx:hr>141</gpxtpx:hr></gpxtpx:TrackPointExtension></extensions></trkpt>
      <trkpt lat="40.743471" lon="-73.958624"><ele>3.6</ele><time>2026-07-31T23:53:54.000Z</time><extensions><gpxtpx:TrackPointExtension><gpxtpx:hr>141</gpxtpx:hr></gpxtpx:TrackPointExtension></extensions></trkpt>
      <trkpt lat="40.743469" lon="-73.958585"><ele>3.6</ele><time>2026-07-31T23:53:55.000Z</time><extensions><gpxtpx:TrackPointExtension><gpxtpx:hr>141</gpxtpx:hr></gpxtpx:TrackPointExtension></extensions></trkpt>
      <trkpt lat="40.743468" lon="-73.958548"><ele>3.4</ele><time>2026-07-31T23:53:56.000Z</time><extensions><gpxtpx:TrackPointExtension><gpxtpx:hr>141</gpxtpx:hr></gpxtpx:TrackPointExtension></extensions></trkpt>
      <trkpt lat="40.743466" lon="-73.958513"><ele>3.4</ele><time>2026-07-31T23:53:57.000Z</time><extensions><gpxtpx:TrackPointExtension><gpxtpx:hr>141</gpxtpx:hr></gpxtpx:TrackPointExtension></extensions></trkpt>
      <trkpt lat="40.743465" lon="-73.958481"><ele>3.4</ele><time>2026-07-31T23:53:58.000Z</time><extensions><gpxtpx:TrackPointExtension><gpxtpx:hr>141</gpxtpx:hr></gpxtpx:TrackPointExtension></extensions></trkpt>
      <trkpt lat="40.743463" lon="-73.958449"><ele>3.2</ele><time>2026-07-31T23:53:59.000Z</time><extensions><gpxtpx:TrackPointExtension><gpxtpx:hr>141</gpxtpx:hr></gpxtpx:TrackPointExtension></extensions></trkpt>
      <trkpt lat="40.743461" lon="-73.958415"><ele>3.2</ele><time>2026-07-31T23:54:00.000Z</time><extensions><gpxtpx:TrackPointExtension><gpxtpx:hr>141</gpxtpx:hr></gpxtpx:TrackPointExtension></extensions></trkpt>
      <trkpt lat="40.743459" lon="-73.958379"><ele>3.2</ele><time>2026-07-31T23:54:01.000Z</time><extensions><gpxtpx:TrackPointExtension><gpxtpx:hr>142</gpxtpx:hr></gpxtpx:TrackPointExtension></extensions></trkpt>
      <trkpt lat="40.743456" lon="-73.958342"><ele>3.2</ele><time>2026-07-31T23:54:02.000Z</time><extensions><gpxtpx:TrackPointExtension><gpxtpx:hr>142</gpxtpx:hr></gpxtpx:TrackPointExtension></extensions></trkpt>
      <trkpt lat="40.743452" lon="-73.958304"><ele>3.2</ele><time>2026-07-31T23:54:03.000Z</time><extensions><gpxtpx:TrackPointExtension><gpxtpx:hr>142</gpxtpx:hr></gpxtpx:TrackPointExtension></extensions></trkpt>
      <trkpt lat="40.743449" lon="-73.958267"><ele>3.2</ele><time>2026-07-31T23:54:04.000Z</time><extensions><gpxtpx:TrackPointExtension><gpxtpx:hr>142</gpxtpx:hr></gpxtpx:TrackPointExtension></extensions></trkpt>
      <trkpt lat="40.743445" lon="-73.95823"><ele>3.2</ele><time>2026-07-31T23:54:05.000Z</time><extensions><gpxtpx:TrackPointExtension><gpxtpx:hr>142</gpxtpx:hr></gpxtpx:TrackPointExtension></extensions></trkpt>
      <trkpt lat="40.743441" lon="-73.958192"><ele>3.2</ele><time>2026-07-31T23:54:06.000Z</time><extensions><gpxtpx:TrackPointExtension><gpxtpx:hr>142</gpxtpx:hr></gpxtpx:TrackPointExtension></extensions></trkpt>
      <trkpt lat="40.743437" lon="-73.958155"><ele>3.2</ele><time>2026-07-31T23:54:07.000Z</time><extensions><gpxtpx:TrackPointExtension><gpxtpx:hr>142</gpxtpx:hr></gpxtpx:TrackPointExtension></extensions></trkpt>
      <trkpt lat="40.743433" lon="-73.958117"><ele>3.2</ele><time>2026-07-31T23:54:08.000Z</time><extensions><gpxtpx:TrackPointExtension><gpxtpx:hr>142</gpxtpx:hr></gpxtpx:TrackPointExtension></extensions></trkpt>
      <trkpt lat="40.743428" lon="-73.958079"><ele>3.4</ele><time>2026-07-31T23:54:09.000Z</time><extensions><gpxtpx:TrackPointExtension><gpxtpx:hr>142</gpxtpx:hr></gpxtpx:TrackPointExtension></extensions></trkpt>
      <trkpt lat="40.743424" lon="-73.958041"><ele>3.4</ele><time>2026-07-31T23:54:10.000Z</time><extensions><gpxtpx:TrackPointExtension><gpxtpx:hr>142</gpxtpx:hr></gpxtpx:TrackPointExtension></extensions></trkpt>
      <trkpt lat="40.743419" lon="-73.958004"><ele>3.4</ele><time>2026-07-31T23:54:11.000Z</time><extensions><gpxtpx:TrackPointExtension><gpxtpx:hr>142</gpxtpx:hr></gpxtpx:TrackPointExtension></extensions></trkpt>
      <trkpt lat="40.743414" lon="-73.957966"><ele>3.4</ele><time>2026-07-31T23:54:12.000Z</time><extensions><gpxtpx:TrackPointExtension><gpxtpx:hr>142</gpxtpx:hr></gpxtpx:TrackPointExtension></extensions></trkpt>
      <trkpt lat="40.743409" lon="-73.957928"><ele>3.4</ele><time>2026-07-31T23:54:13.000Z</time><extensions><gpxtpx:TrackPointExtension><gpxtpx:hr>142</gpxtpx:hr></gpxtpx:TrackPointExtension></extensions></trkpt>
      <trkpt lat="40.743404" lon="-73.957891"><ele>3.6</ele><time>2026-07-31T23:54:14.000Z</time><extensions><gpxtpx:TrackPointExtension><gpxtpx:hr>142</gpxtpx:hr></gpxtpx:TrackPointExtension></extensions></trkpt>
      <trkpt lat="40.743399" lon="-73.957854"><ele>3.6</ele><time>2026-07-31T23:54:15.000Z</time><extensions><gpxtpx:TrackPointExtension><gpxtpx:hr>142</gpxtpx:hr></gpxtpx:TrackPointExtension></extensions></trkpt>
      <trkpt lat="40.743394" lon="-73.957818"><ele>3.6</ele><time>2026-07-31T23:54:16.000Z</time><extensions><gpxtpx:TrackPointExtension><gpxtpx:hr>142</gpxtpx:hr></gpxtpx:TrackPointExtension></extensions></trkpt>
      <trkpt lat="40.743389" lon="-73.957781"><ele>3.6</ele><time>2026-07-31T23:54:17.000Z</time><extensions><gpxtpx:TrackPointExtension><gpxtpx:hr>142</gpxtpx:hr></gpxtpx:TrackPointExtension></extensions></trkpt>
      <trkpt lat="40.743384" lon="-73.957745"><ele>3.6</ele><time>2026-07-31T23:54:18.000Z</time><extensions><gpxtpx:TrackPointExtension><gpxtpx:hr>142</gpxtpx:hr></gpxtpx:TrackPointExtension></extensions></trkpt>
      <trkpt lat="40.743379" lon="-73.957708"><ele>3.6</ele><time>2026-07-31T23:54:19.000Z</time><extensions><gpxtpx:TrackPointExtension><gpxtpx:hr>142</gpxtpx:hr></gpxtpx:TrackPointExtension></extensions></trkpt>
      <trkpt lat="40.743374" lon="-73.957672"><ele>3.8</ele><time>2026-07-31T23:54:20.000Z</time><extensions><gpxtpx:TrackPointExtension><gpxtpx:hr>142</gpxtpx:hr></gpxtpx:TrackPointExtension></extensions></trkpt>
      <trkpt lat="40.743369" lon="-73.957636"><ele>3.8</ele><time>2026-07-31T23:54:21.000Z</time><extensions><gpxtpx:TrackPointExtension><gpxtpx:hr>142</gpxtpx:hr></gpxtpx:TrackPointExtension></extensions></trkpt>
      <trkpt lat="40.743364" lon="-73.9576"><ele>3.8</ele><time>2026-07-31T23:54:22.000Z</time><extensions><gpxtpx:TrackPointExtension><gpxtpx:hr>142</gpxtpx:hr></gpxtpx:TrackPointExtension></extensions></trkpt>
      <trkpt lat="40.743359" lon="-73.957565"><ele>3.8</ele><time>2026-07-31T23:54:23.000Z</time><extensions><gpxtpx:TrackPointExtension><gpxtpx:hr>142</gpxtpx:hr></gpxtpx:TrackPointExtension></extensions></trkpt>
      <trkpt lat="40.743354" lon="-73.957529"><ele>4</ele><time>2026-07-31T23:54:24.000Z</time><extensions><gpxtpx:TrackPointExtension><gpxtpx:hr>142</gpxtpx:hr></gpxtpx:TrackPointExtension></extensions></trkpt>
      <trkpt lat="40.74335" lon="-73.957494"><ele>4</ele><time>2026-07-31T23:54:25.000Z</time><extensions><gpxtpx:TrackPointExtension><gpxtpx:hr>142</gpxtpx:hr></gpxtpx:TrackPointExtension></extensions></trkpt>
      <trkpt lat="40.743345" lon="-73.957459"><ele>4</ele><time>2026-07-31T23:54:26.000Z</time><extensions><gpxtpx:TrackPointExtension><gpxtpx:hr>142</gpxtpx:hr></gpxtpx:TrackPointExtension></extensions></trkpt>
      <trkpt lat="40.743341" lon="-73.957424"><ele>4</ele><time>2026-07-31T23:54:27.000Z</time><extensions><gpxtpx:TrackPointExtension><gpxtpx:hr>143</gpxtpx:hr></gpxtpx:TrackPointExtension></extensions></trkpt>
      <trkpt lat="40.743337" lon="-73.957389"><ele>4</ele><time>2026-07-31T23:54:28.000Z</time><extensions><gpxtpx:TrackPointExtension><gpxtpx:hr>143</gpxtpx:hr></gpxtpx:TrackPointExtension></extensions></trkpt>
      <trkpt lat="40.743333" lon="-73.957353"><ele>4</ele><time>2026-07-31T23:54:29.000Z</time><extensions><gpxtpx:TrackPointExtension><gpxtpx:hr>143</gpxtpx:hr></gpxtpx:TrackPointExtension></extensions></trkpt>
      <trkpt lat="40.743329" lon="-73.957318"><ele>4</ele><time>2026-07-31T23:54:30.000Z</time><extensions><gpxtpx:TrackPointExtension><gpxtpx:hr>143</gpxtpx:hr></gpxtpx:TrackPointExtension></extensions></trkpt>
      <trkpt lat="40.743325" lon="-73.957283"><ele>4</ele><time>2026-07-31T23:54:31.000Z</time><extensions><gpxtpx:TrackPointExtension><gpxtpx:hr>143</gpxtpx:hr></gpxtpx:TrackPointExtension></extensions></trkpt>
      <trkpt lat="40.743322" lon="-73.957248"><ele>4.2</ele><time>2026-07-31T23:54:32.000Z</time><extensions><gpxtpx:TrackPointExtension><gpxtpx:hr>143</gpxtpx:hr></gpxtpx:TrackPointExtension></extensions></trkpt>
      <trkpt lat="40.743318" lon="-73.957214"><ele>4.2</ele><time>2026-07-31T23:54:33.000Z</time><extensions><gpxtpx:TrackPointExtension><gpxtpx:hr>143</gpxtpx:hr></gpxtpx:TrackPointExtension></extensions></trkpt>
      <trkpt lat="40.743315" lon="-73.95718"><ele>4.2</ele><time>2026-07-31T23:54:34.000Z</time><extensions><gpxtpx:TrackPointExtension><gpxtpx:hr>143</gpxtpx:hr></gpxtpx:TrackPointExtension></extensions></trkpt>
      <trkpt lat="40.743312" lon="-73.957146"><ele>4.2</ele><time>2026-07-31T23:54:35.000Z</time><extensions><gpxtpx:TrackPointExtension><gpxtpx:hr>143</gpxtpx:hr></gpxtpx:TrackPointExtension></extensions></trkpt>
      <trkpt lat="40.743309" lon="-73.957112"><ele>4.2</ele><time>2026-07-31T23:54:36.000Z</time><extensions><gpxtpx:TrackPointExtension><gpxtpx:hr>140</gpxtpx:hr></gpxtpx:TrackPointExtension></extensions></trkpt>
      <trkpt lat="40.743306" lon="-73.957079"><ele>4.2</ele><time>2026-07-31T23:54:37.000Z</time><extensions><gpxtpx:TrackPointExtension><gpxtpx:hr>140</gpxtpx:hr></gpxtpx:TrackPointExtension></extensions></trkpt>
      <trkpt lat="40.743304" lon="-73.957046"><ele>4.2</ele><time>2026-07-31T23:54:38.000Z</time><extensions><gpxtpx:TrackPointExtension><gpxtpx:hr>140</gpxtpx:hr></gpxtpx:TrackPointExtension></extensions></trkpt>
      <trkpt lat="40.743301" lon="-73.957012"><ele>4.2</ele><time>2026-07-31T23:54:39.000Z</time><extensions><gpxtpx:TrackPointExtension><gpxtpx:hr>140</gpxtpx:hr></gpxtpx:TrackPointExtension></extensions></trkpt>
      <trkpt lat="40.743298" lon="-73.956979"><ele>4.2</ele><time>2026-07-31T23:54:40.000Z</time><extensions><gpxtpx:TrackPointExtension><gpxtpx:hr>140</gpxtpx:hr></gpxtpx:TrackPointExtension></extensions></trkpt>
      <trkpt lat="40.743295" lon="-73.956947"><ele>4.2</ele><time>2026-07-31T23:54:41.000Z</time><extensions><gpxtpx:TrackPointExtension><gpxtpx:hr>140</gpxtpx:hr></gpxtpx:TrackPointExtension></extensions></trkpt>
      <trkpt lat="40.743292" lon="-73.956914"><ele>4.2</ele><time>2026-07-31T23:54:42.000Z</time><extensions><gpxtpx:TrackPointExtension><gpxtpx:hr>140</gpxtpx:hr></gpxtpx:TrackPointExtension></extensions></trkpt>
      <trkpt lat="40.743289" lon="-73.956882"><ele>4.2</ele><time>2026-07-31T23:54:43.000Z</time><extensions><gpxtpx:TrackPointExtension><gpxtpx:hr>140</gpxtpx:hr></gpxtpx:TrackPointExtension></extensions></trkpt>
      <trkpt lat="40.743286" lon="-73.95685"><ele>4.2</ele><time>2026-07-31T23:54:44.000Z</time><extensions><gpxtpx:TrackPointExtension><gpxtpx:hr>140</gpxtpx:hr></gpxtpx:TrackPointExtension></extensions></trkpt>
      <trkpt lat="40.743283" lon="-73.956818"><ele>4.2</ele><time>2026-07-31T23:54:45.000Z</time><extensions><gpxtpx:TrackPointExtension><gpxtpx:hr>140</gpxtpx:hr></gpxtpx:TrackPointExtension></extensions></trkpt>
      <trkpt lat="40.74328" lon="-73.956787"><ele>4.2</ele><time>2026-07-31T23:54:46.000Z</time><extensions><gpxtpx:TrackPointExtension><gpxtpx:hr>142</gpxtpx:hr></gpxtpx:TrackPointExtension></extensions></trkpt>
      <trkpt lat="40.743276" lon="-73.956756"><ele>4.2</ele><time>2026-07-31T23:54:47.000Z</time><extensions><gpxtpx:TrackPointExtension><gpxtpx:hr>143</gpxtpx:hr></gpxtpx:TrackPointExtension></extensions></trkpt>
      <trkpt lat="40.743273" lon="-73.956725"><ele>4.2</ele><time>2026-07-31T23:54:48.000Z</time><extensions><gpxtpx:TrackPointExtension><gpxtpx:hr>143</gpxtpx:hr></gpxtpx:TrackPointExtension></extensions></trkpt>
      <trkpt lat="40.743269" lon="-73.956694"><ele>4.2</ele><time>2026-07-31T23:54:49.000Z</time><extensions><gpxtpx:TrackPointExtension><gpxtpx:hr>143</gpxtpx:hr></gpxtpx:TrackPointExtension></extensions></trkpt>
      <trkpt lat="40.743266" lon="-73.956664"><ele>4.2</ele><time>2026-07-31T23:54:50.000Z</time><extensions><gpxtpx:TrackPointExtension><gpxtpx:hr>143</gpxtpx:hr></gpxtpx:TrackPointExtension></extensions></trkpt>
      <trkpt lat="40.743262" lon="-73.956634"><ele>4.2</ele><time>2026-07-31T23:54:51.000Z</time><extensions><gpxtpx:TrackPointExtension><gpxtpx:hr>143</gpxtpx:hr></gpxtpx:TrackPointExtension></extensions></trkpt>
      <trkpt lat="40.743258" lon="-73.956605"><ele>4.2</ele><time>2026-07-31T23:54:52.000Z</time><extensions><gpxtpx:TrackPointExtension><gpxtpx:hr>143</gpxtpx:hr></gpxtpx:TrackPointExtension></extensions></trkpt>
      <trkpt lat="40.743254" lon="-73.956577"><ele>4.2</ele><time>2026-07-31T23:54:53.000Z</time><extensions><gpxtpx:TrackPointExtension><gpxtpx:hr>142</gpxtpx:hr></gpxtpx:TrackPointExtension></extensions></trkpt>
      <trkpt lat="40.74325" lon="-73.95655"><ele>4.2</ele><time>2026-07-31T23:54:54.000Z</time><extensions><gpxtpx:TrackPointExtension><gpxtpx:hr>142</gpxtpx:hr></gpxtpx:TrackPointExtension></extensions></trkpt>
      <trkpt lat="40.743246" lon="-73.956525"><ele>4.2</ele><time>2026-07-31T23:54:55.000Z</time><extensions><gpxtpx:TrackPointExtension><gpxtpx:hr>142</gpxtpx:hr></gpxtpx:TrackPointExtension></extensions></trkpt>
      <trkpt lat="40.743242" lon="-73.956499"><ele>4.2</ele><time>2026-07-31T23:54:56.000Z</time><extensions><gpxtpx:TrackPointExtension><gpxtpx:hr>142</gpxtpx:hr></gpxtpx:TrackPointExtension></extensions></trkpt>
      <trkpt lat="40.743238" lon="-73.956475"><ele>4.2</ele><time>2026-07-31T23:54:57.000Z</time><extensions><gpxtpx:TrackPointExtension><gpxtpx:hr>142</gpxtpx:hr></gpxtpx:TrackPointExtension></extensions></trkpt>
      <trkpt lat="40.743234" lon="-73.956451"><ele>4.4</ele><time>2026-07-31T23:54:58.000Z</time><extensions><gpxtpx:TrackPointExtension><gpxtpx:hr>141</gpxtpx:hr></gpxtpx:TrackPointExtension></extensions></trkpt>
      <trkpt lat="40.74323" lon="-73.956426"><ele>4.4</ele><time>2026-07-31T23:54:59.000Z</time><extensions><gpxtpx:TrackPointExtension><gpxtpx:hr>141</gpxtpx:hr></gpxtpx:TrackPointExtension></extensions></trkpt>
      <trkpt lat="40.743226" lon="-73.9564"><ele>4.4</ele><time>2026-07-31T23:55:00.000Z</time><extensions><gpxtpx:TrackPointExtension><gpxtpx:hr>141</gpxtpx:hr></gpxtpx:TrackPointExtension></extensions></trkpt>
      <trkpt lat="40.743221" lon="-73.956372"><ele>4.4</ele><time>2026-07-31T23:55:01.000Z</time><extensions><gpxtpx:TrackPointExtension><gpxtpx:hr>141</gpxtpx:hr></gpxtpx:TrackPointExtension></extensions></trkpt>
      <trkpt lat="40.743217" lon="-73.956344"><ele>4.4</ele><time>2026-07-31T23:55:02.000Z</time><extensions><gpxtpx:TrackPointExtension><gpxtpx:hr>141</gpxtpx:hr></gpxtpx:TrackPointExtension></extensions></trkpt>
      <trkpt lat="40.743212" lon="-73.956315"><ele>4.4</ele><time>2026-07-31T23:55:03.000Z</time><extensions><gpxtpx:TrackPointExtension><gpxtpx:hr>141</gpxtpx:hr></gpxtpx:TrackPointExtension></extensions></trkpt>
      <trkpt lat="40.743207" lon="-73.956286"><ele>4.4</ele><time>2026-07-31T23:55:04.000Z</time><extensions><gpxtpx:TrackPointExtension><gpxtpx:hr>145</gpxtpx:hr></gpxtpx:TrackPointExtension></extensions></trkpt>
      <trkpt lat="40.743201" lon="-73.956256"><ele>4.4</ele><time>2026-07-31T23:55:05.000Z</time><extensions><gpxtpx:TrackPointExtension><gpxtpx:hr>145</gpxtpx:hr></gpxtpx:TrackPointExtension></extensions></trkpt>
      <trkpt lat="40.743196" lon="-73.956227"><ele>4.4</ele><time>2026-07-31T23:55:06.000Z</time><extensions><gpxtpx:TrackPointExtension><gpxtpx:hr>145</gpxtpx:hr></gpxtpx:TrackPointExtension></extensions></trkpt>
      <trkpt lat="40.74319" lon="-73.956196"><ele>4.4</ele><time>2026-07-31T23:55:07.000Z</time><extensions><gpxtpx:TrackPointExtension><gpxtpx:hr>145</gpxtpx:hr></gpxtpx:TrackPointExtension></extensions></trkpt>
      <trkpt lat="40.743183" lon="-73.956165"><ele>4.4</ele><time>2026-07-31T23:55:08.000Z</time><extensions><gpxtpx:TrackPointExtension><gpxtpx:hr>145</gpxtpx:hr></gpxtpx:TrackPointExtension></extensions></trkpt>
      <trkpt lat="40.743176" lon="-73.956133"><ele>4.4</ele><time>2026-07-31T23:55:09.000Z</time><extensions><gpxtpx:TrackPointExtension><gpxtpx:hr>145</gpxtpx:hr></gpxtpx:TrackPointExtension></extensions></trkpt>
      <trkpt lat="40.743169" lon="-73.9561"><ele>4.4</ele><time>2026-07-31T23:55:10.000Z</time><extensions><gpxtpx:TrackPointExtension><gpxtpx:hr>145</gpxtpx:hr></gpxtpx:TrackPointExtension></extensions></trkpt>
      <trkpt lat="40.743162" lon="-73.956068"><ele>4.4</ele><time>2026-07-31T23:55:11.000Z</time><extensions><gpxtpx:TrackPointExtension><gpxtpx:hr>145</gpxtpx:hr></gpxtpx:TrackPointExtension></extensions></trkpt>
      <trkpt lat="40.743155" lon="-73.956036"><ele>4.6</ele><time>2026-07-31T23:55:12.000Z</time><extensions><gpxtpx:TrackPointExtension><gpxtpx:hr>145</gpxtpx:hr></gpxtpx:TrackPointExtension></extensions></trkpt>
      <trkpt lat="40.743148" lon="-73.956005"><ele>4.6</ele><time>2026-07-31T23:55:13.000Z</time><extensions><gpxtpx:TrackPointExtension><gpxtpx:hr>145</gpxtpx:hr></gpxtpx:TrackPointExtension></extensions></trkpt>
      <trkpt lat="40.743141" lon="-73.955973"><ele>4.6</ele><time>2026-07-31T23:55:14.000Z</time><extensions><gpxtpx:TrackPointExtension><gpxtpx:hr>145</gpxtpx:hr></gpxtpx:TrackPointExtension></extensions></trkpt>
      <trkpt lat="40.743133" lon="-73.955941"><ele>4.6</ele><time>2026-07-31T23:55:15.000Z</time><extensions><gpxtpx:TrackPointExtension><gpxtpx:hr>145</gpxtpx:hr></gpxtpx:TrackPointExtension></extensions></trkpt>
      <trkpt lat="40.743126" lon="-73.95591"><ele>4.6</ele><time>2026-07-31T23:55:16.000Z</time><extensions><gpxtpx:TrackPointExtension><gpxtpx:hr>145</gpxtpx:hr></gpxtpx:TrackPointExtension></extensions></trkpt>
      <trkpt lat="40.743118" lon="-73.955878"><ele>4.6</ele><time>2026-07-31T23:55:17.000Z</time><extensions><gpxtpx:TrackPointExtension><gpxtpx:hr>145</gpxtpx:hr></gpxtpx:TrackPointExtension></extensions></trkpt>
      <trkpt lat="40.743111" lon="-73.955846"><ele>4.6</ele><time>2026-07-31T23:55:18.000Z</time><extensions><gpxtpx:TrackPointExtension><gpxtpx:hr>145</gpxtpx:hr></gpxtpx:TrackPointExtension></extensions></trkpt>
      <trkpt lat="40.743104" lon="-73.955815"><ele>4.8</ele><time>2026-07-31T23:55:19.000Z</time><extensions><gpxtpx:TrackPointExtension><gpxtpx:hr>142</gpxtpx:hr></gpxtpx:TrackPointExtension></extensions></trkpt>
      <trkpt lat="40.743097" lon="-73.955784"><ele>4.8</ele><time>2026-07-31T23:55:20.000Z</time><extensions><gpxtpx:TrackPointExtension><gpxtpx:hr>142</gpxtpx:hr></gpxtpx:TrackPointExtension></extensions></trkpt>
      <trkpt lat="40.74309" lon="-73.955754"><ele>4.8</ele><time>2026-07-31T23:55:21.000Z</time><extensions><gpxtpx:TrackPointExtension><gpxtpx:hr>142</gpxtpx:hr></gpxtpx:TrackPointExtension></extensions></trkpt>
      <trkpt lat="40.743083" lon="-73.955723"><ele>4.8</ele><time>2026-07-31T23:55:22.000Z</time><extensions><gpxtpx:TrackPointExtension><gpxtpx:hr>142</gpxtpx:hr></gpxtpx:TrackPointExtension></extensions></trkpt>
      <trkpt lat="40.743075" lon="-73.955691"><ele>4.8</ele><time>2026-07-31T23:55:23.000Z</time><extensions><gpxtpx:TrackPointExtension><gpxtpx:hr>142</gpxtpx:hr></gpxtpx:TrackPointExtension></extensions></trkpt>
      <trkpt lat="40.743068" lon="-73.955659"><ele>4.8</ele><time>2026-07-31T23:55:24.000Z</time><extensions><gpxtpx:TrackPointExtension><gpxtpx:hr>142</gpxtpx:hr></gpxtpx:TrackPointExtension></extensions></trkpt>
      <trkpt lat="40.74306" lon="-73.955626"><ele>5</ele><time>2026-07-31T23:55:25.000Z</time><extensions><gpxtpx:TrackPointExtension><gpxtpx:hr>142</gpxtpx:hr></gpxtpx:TrackPointExtension></extensions></trkpt>
      <trkpt lat="40.743053" lon="-73.955595"><ele>5</ele><time>2026-07-31T23:55:26.000Z</time><extensions><gpxtpx:TrackPointExtension><gpxtpx:hr>142</gpxtpx:hr></gpxtpx:TrackPointExtension></extensions></trkpt>
      <trkpt lat="40.743046" lon="-73.955566"><ele>5</ele><time>2026-07-31T23:55:27.000Z</time><extensions><gpxtpx:TrackPointExtension><gpxtpx:hr>143</gpxtpx:hr></gpxtpx:TrackPointExtension></extensions></trkpt>
      <trkpt lat="40.74304" lon="-73.955537"><ele>5</ele><time>2026-07-31T23:55:28.000Z</time><extensions><gpxtpx:TrackPointExtension><gpxtpx:hr>143</gpxtpx:hr></gpxtpx:TrackPointExtension></extensions></trkpt>
      <trkpt lat="40.743033" lon="-73.955507"><ele>5</ele><time>2026-07-31T23:55:29.000Z</time><extensions><gpxtpx:TrackPointExtension><gpxtpx:hr>143</gpxtpx:hr></gpxtpx:TrackPointExtension></extensions></trkpt>
      <trkpt lat="40.743027" lon="-73.955478"><ele>5</ele><time>2026-07-31T23:55:30.000Z</time><extensions><gpxtpx:TrackPointExtension><gpxtpx:hr>143</gpxtpx:hr></gpxtpx:TrackPointExtension></extensions></trkpt>
      <trkpt lat="40.74302" lon="-73.955449"><ele>5</ele><time>2026-07-31T23:55:31.000Z</time><extensions><gpxtpx:TrackPointExtension><gpxtpx:hr>143</gpxtpx:hr></gpxtpx:TrackPointExtension></extensions></trkpt>
      <trkpt lat="40.743013" lon="-73.955419"><ele>5</ele><time>2026-07-31T23:55:32.000Z</time><extensions><gpxtpx:TrackPointExtension><gpxtpx:hr>143</gpxtpx:hr></gpxtpx:TrackPointExtension></extensions></trkpt>
      <trkpt lat="40.743007" lon="-73.955389"><ele>5</ele><time>2026-07-31T23:55:33.000Z</time><extensions><gpxtpx:TrackPointExtension><gpxtpx:hr>143</gpxtpx:hr></gpxtpx:TrackPointExtension></extensions></trkpt>
      <trkpt lat="40.743001" lon="-73.955359"><ele>5.2</ele><time>2026-07-31T23:55:34.000Z</time><extensions><gpxtpx:TrackPointExtension><gpxtpx:hr>143</gpxtpx:hr></gpxtpx:TrackPointExtension></extensions></trkpt>
      <trkpt lat="40.742995" lon="-73.95533"><ele>5.2</ele><time>2026-07-31T23:55:35.000Z</time><extensions><gpxtpx:TrackPointExtension><gpxtpx:hr>143</gpxtpx:hr></gpxtpx:TrackPointExtension></extensions></trkpt>
      <trkpt lat="40.742989" lon="-73.9553"><ele>5.2</ele><time>2026-07-31T23:55:36.000Z</time><extensions><gpxtpx:TrackPointExtension><gpxtpx:hr>145</gpxtpx:hr></gpxtpx:TrackPointExtension></extensions></trkpt>
      <trkpt lat="40.742983" lon="-73.95527"><ele>5.2</ele><time>2026-07-31T23:55:37.000Z</time><extensions><gpxtpx:TrackPointExtension><gpxtpx:hr>145</gpxtpx:hr></gpxtpx:TrackPointExtension></extensions></trkpt>
      <trkpt lat="40.742977" lon="-73.95524"><ele>5.2</ele><time>2026-07-31T23:55:38.000Z</time><extensions><gpxtpx:TrackPointExtension><gpxtpx:hr>145</gpxtpx:hr></gpxtpx:TrackPointExtension></extensions></trkpt>
      <trkpt lat="40.742971" lon="-73.95521"><ele>5.2</ele><time>2026-07-31T23:55:39.000Z</time><extensions><gpxtpx:TrackPointExtension><gpxtpx:hr>145</gpxtpx:hr></gpxtpx:TrackPointExtension></extensions></trkpt>
      <trkpt lat="40.742966" lon="-73.955181"><ele>5.2</ele><time>2026-07-31T23:55:40.000Z</time><extensions><gpxtpx:TrackPointExtension><gpxtpx:hr>145</gpxtpx:hr></gpxtpx:TrackPointExtension></extensions></trkpt>
      <trkpt lat="40.74296" lon="-73.955151"><ele>5.4</ele><time>2026-07-31T23:55:41.000Z</time><extensions><gpxtpx:TrackPointExtension><gpxtpx:hr>147</gpxtpx:hr></gpxtpx:TrackPointExtension></extensions></trkpt>
      <trkpt lat="40.742955" lon="-73.955122"><ele>5.4</ele><time>2026-07-31T23:55:42.000Z</time><extensions><gpxtpx:TrackPointExtension><gpxtpx:hr>147</gpxtpx:hr></gpxtpx:TrackPointExtension></extensions></trkpt>
      <trkpt lat="40.742949" lon="-73.955093"><ele>5.4</ele><time>2026-07-31T23:55:43.000Z</time><extensions><gpxtpx:TrackPointExtension><gpxtpx:hr>147</gpxtpx:hr></gpxtpx:TrackPointExtension></extensions></trkpt>
      <trkpt lat="40.742944" lon="-73.955065"><ele>5.4</ele><time>2026-07-31T23:55:44.000Z</time><extensions><gpxtpx:TrackPointExtension><gpxtpx:hr>147</gpxtpx:hr></gpxtpx:TrackPointExtension></extensions></trkpt>
      <trkpt lat="40.742939" lon="-73.955036"><ele>5.4</ele><time>2026-07-31T23:55:45.000Z</time><extensions><gpxtpx:TrackPointExtension><gpxtpx:hr>147</gpxtpx:hr></gpxtpx:TrackPointExtension></extensions></trkpt>
      <trkpt lat="40.742934" lon="-73.955008"><ele>5.4</ele><time>2026-07-31T23:55:46.000Z</time><extensions><gpxtpx:TrackPointExtension><gpxtpx:hr>147</gpxtpx:hr></gpxtpx:TrackPointExtension></extensions></trkpt>
      <trkpt lat="40.742929" lon="-73.954979"><ele>5.4</ele><time>2026-07-31T23:55:47.000Z</time><extensions><gpxtpx:TrackPointExtension><gpxtpx:hr>147</gpxtpx:hr></gpxtpx:TrackPointExtension></extensions></trkpt>
      <trkpt lat="40.742924" lon="-73.95495"><ele>5.6</ele><time>2026-07-31T23:55:48.000Z</time><extensions><gpxtpx:TrackPointExtension><gpxtpx:hr>147</gpxtpx:hr></gpxtpx:TrackPointExtension></extensions></trkpt>
      <trkpt lat="40.742918" lon="-73.954919"><ele>5.6</ele><time>2026-07-31T23:55:49.000Z</time><extensions><gpxtpx:TrackPointExtension><gpxtpx:hr>147</gpxtpx:hr></gpxtpx:TrackPointExtension></extensions></trkpt>
      <trkpt lat="40.742912" lon="-73.954887"><ele>5.6</ele><time>2026-07-31T23:55:50.000Z</time><extensions><gpxtpx:TrackPointExtension><gpxtpx:hr>147</gpxtpx:hr></gpxtpx:TrackPointExtension></extensions></trkpt>
      <trkpt lat="40.742907" lon="-73.954854"><ele>5.6</ele><time>2026-07-31T23:55:51.000Z</time><extensions><gpxtpx:TrackPointExtension><gpxtpx:hr>147</gpxtpx:hr></gpxtpx:TrackPointExtension></extensions></trkpt>
      <trkpt lat="40.742901" lon="-73.954823"><ele>5.6</ele><time>2026-07-31T23:55:52.000Z</time><extensions><gpxtpx:TrackPointExtension><gpxtpx:hr>146</gpxtpx:hr></gpxtpx:TrackPointExtension></extensions></trkpt>
      <trkpt lat="40.742896" lon="-73.954792"><ele>5.6</ele><time>2026-07-31T23:55:53.000Z</time><extensions><gpxtpx:TrackPointExtension><gpxtpx:hr>146</gpxtpx:hr></gpxtpx:TrackPointExtension></extensions></trkpt>
      <trkpt lat="40.74289" lon="-73.954761"><ele>5.6</ele><time>2026-07-31T23:55:54.000Z</time><extensions><gpxtpx:TrackPointExtension><gpxtpx:hr>146</gpxtpx:hr></gpxtpx:TrackPointExtension></extensions></trkpt>
      <trkpt lat="40.742885" lon="-73.95473"><ele>5.6</ele><time>2026-07-31T23:55:55.000Z</time><extensions><gpxtpx:TrackPointExtension><gpxtpx:hr>146</gpxtpx:hr></gpxtpx:TrackPointExtension></extensions></trkpt>
      <trkpt lat="40.742879" lon="-73.954698"><ele>5.6</ele><time>2026-07-31T23:55:56.000Z</time><extensions><gpxtpx:TrackPointExtension><gpxtpx:hr>146</gpxtpx:hr></gpxtpx:TrackPointExtension></extensions></trkpt>
      <trkpt lat="40.742873" lon="-73.954667"><ele>5.6</ele><time>2026-07-31T23:55:57.000Z</time><extensions><gpxtpx:TrackPointExtension><gpxtpx:hr>146</gpxtpx:hr></gpxtpx:TrackPointExtension></extensions></trkpt>
      <trkpt lat="40.742867" lon="-73.954635"><ele>5.6</ele><time>2026-07-31T23:55:58.000Z</time><extensions><gpxtpx:TrackPointExtension><gpxtpx:hr>146</gpxtpx:hr></gpxtpx:TrackPointExtension></extensions></trkpt>
      <trkpt lat="40.742861" lon="-73.954603"><ele>5.8</ele><time>2026-07-31T23:55:59.000Z</time><extensions><gpxtpx:TrackPointExtension><gpxtpx:hr>146</gpxtpx:hr></gpxtpx:TrackPointExtension></extensions></trkpt>
      <trkpt lat="40.742856" lon="-73.954571"><ele>5.8</ele><time>2026-07-31T23:56:00.000Z</time><extensions><gpxtpx:TrackPointExtension><gpxtpx:hr>146</gpxtpx:hr></gpxtpx:TrackPointExtension></extensions></trkpt>
      <trkpt lat="40.74285" lon="-73.954539"><ele>5.8</ele><time>2026-07-31T23:56:01.000Z</time><extensions><gpxtpx:TrackPointExtension><gpxtpx:hr>146</gpxtpx:hr></gpxtpx:TrackPointExtension></extensions></trkpt>
      <trkpt lat="40.742844" lon="-73.954507"><ele>5.8</ele><time>2026-07-31T23:56:02.000Z</time><extensions><gpxtpx:TrackPointExtension><gpxtpx:hr>146</gpxtpx:hr></gpxtpx:TrackPointExtension></extensions></trkpt>
      <trkpt lat="40.742839" lon="-73.954475"><ele>5.8</ele><time>2026-07-31T23:56:03.000Z</time><extensions><gpxtpx:TrackPointExtension><gpxtpx:hr>146</gpxtpx:hr></gpxtpx:TrackPointExtension></extensions></trkpt>
      <trkpt lat="40.742833" lon="-73.954442"><ele>5.8</ele><time>2026-07-31T23:56:04.000Z</time><extensions><gpxtpx:TrackPointExtension><gpxtpx:hr>146</gpxtpx:hr></gpxtpx:TrackPointExtension></extensions></trkpt>
      <trkpt lat="40.742828" lon="-73.954409"><ele>5.8</ele><time>2026-07-31T23:56:05.000Z</time><extensions><gpxtpx:TrackPointExtension><gpxtpx:hr>146</gpxtpx:hr></gpxtpx:TrackPointExtension></extensions></trkpt>
      <trkpt lat="40.742823" lon="-73.954376"><ele>5.8</ele><time>2026-07-31T23:56:06.000Z</time><extensions><gpxtpx:TrackPointExtension><gpxtpx:hr>146</gpxtpx:hr></gpxtpx:TrackPointExtension></extensions></trkpt>
      <trkpt lat="40.742818" lon="-73.954343"><ele>5.8</ele><time>2026-07-31T23:56:07.000Z</time><extensions><gpxtpx:TrackPointExtension><gpxtpx:hr>146</gpxtpx:hr></gpxtpx:TrackPointExtension></extensions></trkpt>
      <trkpt lat="40.742813" lon="-73.954312"><ele>5.8</ele><time>2026-07-31T23:56:08.000Z</time><extensions><gpxtpx:TrackPointExtension><gpxtpx:hr>146</gpxtpx:hr></gpxtpx:TrackPointExtension></extensions></trkpt>
      <trkpt lat="40.742808" lon="-73.954281"><ele>6</ele><time>2026-07-31T23:56:09.000Z</time><extensions><gpxtpx:TrackPointExtension><gpxtpx:hr>146</gpxtpx:hr></gpxtpx:TrackPointExtension></extensions></trkpt>
      <trkpt lat="40.742804" lon="-73.954251"><ele>6</ele><time>2026-07-31T23:56:10.000Z</time><extensions><gpxtpx:TrackPointExtension><gpxtpx:hr>146</gpxtpx:hr></gpxtpx:TrackPointExtension></extensions></trkpt>
      <trkpt lat="40.742799" lon="-73.954221"><ele>6</ele><time>2026-07-31T23:56:11.000Z</time><extensions><gpxtpx:TrackPointExtension><gpxtpx:hr>146</gpxtpx:hr></gpxtpx:TrackPointExtension></extensions></trkpt>
      <trkpt lat="40.742794" lon="-73.954192"><ele>6</ele><time>2026-07-31T23:56:12.000Z</time><extensions><gpxtpx:TrackPointExtension><gpxtpx:hr>146</gpxtpx:hr></gpxtpx:TrackPointExtension></extensions></trkpt>
      <trkpt lat="40.742789" lon="-73.954163"><ele>6</ele><time>2026-07-31T23:56:13.000Z</time><extensions><gpxtpx:TrackPointExtension><gpxtpx:hr>146</gpxtpx:hr></gpxtpx:TrackPointExtension></extensions></trkpt>
      <trkpt lat="40.742782" lon="-73.954134"><ele>6</ele><time>2026-07-31T23:56:14.000Z</time><extensions><gpxtpx:TrackPointExtension><gpxtpx:hr>147</gpxtpx:hr></gpxtpx:TrackPointExtension></extensions></trkpt>
      <trkpt lat="40.742775" lon="-73.954103"><ele>6.2</ele><time>2026-07-31T23:56:15.000Z</time><extensions><gpxtpx:TrackPointExtension><gpxtpx:hr>147</gpxtpx:hr></gpxtpx:TrackPointExtension></extensions></trkpt>
      <trkpt lat="40.742766" lon="-73.954073"><ele>6.2</ele><time>2026-07-31T23:56:16.000Z</time><extensions><gpxtpx:TrackPointExtension><gpxtpx:hr>147</gpxtpx:hr></gpxtpx:TrackPointExtension></extensions></trkpt>
      <trkpt lat="40.742756" lon="-73.954042"><ele>6.2</ele><time>2026-07-31T23:56:17.000Z</time><extensions><gpxtpx:TrackPointExtension><gpxtpx:hr>147</gpxtpx:hr></gpxtpx:TrackPointExtension></extensions></trkpt>
      <trkpt lat="40.742746" lon="-73.954011"><ele>6.2</ele><time>2026-07-31T23:56:18.000Z</time><extensions><gpxtpx:TrackPointExtension><gpxtpx:hr>147</gpxtpx:hr></gpxtpx:TrackPointExtension></extensions></trkpt>
      <trkpt lat="40.742738" lon="-73.953979"><ele>6.4</ele><time>2026-07-31T23:56:19.000Z</time><extensions><gpxtpx:TrackPointExtension><gpxtpx:hr>146</gpxtpx:hr></gpxtpx:TrackPointExtension></extensions></trkpt>
      <trkpt lat="40.74273" lon="-73.953948"><ele>6.4</ele><time>2026-07-31T23:56:20.000Z</time><extensions><gpxtpx:TrackPointExtension><gpxtpx:hr>146</gpxtpx:hr></gpxtpx:TrackPointExtension></extensions></trkpt>
      <trkpt lat="40.742724" lon="-73.953917"><ele>6.4</ele><time>2026-07-31T23:56:21.000Z</time><extensions><gpxtpx:TrackPointExtension><gpxtpx:hr>146</gpxtpx:hr></gpxtpx:TrackPointExtension></extensions></trkpt>
      <trkpt lat="40.742717" lon="-73.953886"><ele>6.6</ele><time>2026-07-31T23:56:22.000Z</time><extensions><gpxtpx:TrackPointExtension><gpxtpx:hr>146</gpxtpx:hr></gpxtpx:TrackPointExtension></extensions></trkpt>
      <trkpt lat="40.742711" lon="-73.953856"><ele>6.6</ele><time>2026-07-31T23:56:23.000Z</time><extensions><gpxtpx:TrackPointExtension><gpxtpx:hr>146</gpxtpx:hr></gpxtpx:TrackPointExtension></extensions></trkpt>
      <trkpt lat="40.742705" lon="-73.953825"><ele>6.6</ele><time>2026-07-31T23:56:24.000Z</time><extensions><gpxtpx:TrackPointExtension><gpxtpx:hr>146</gpxtpx:hr></gpxtpx:TrackPointExtension></extensions></trkpt>
      <trkpt lat="40.742698" lon="-73.953795"><ele>6.8</ele><time>2026-07-31T23:56:25.000Z</time><extensions><gpxtpx:TrackPointExtension><gpxtpx:hr>146</gpxtpx:hr></gpxtpx:TrackPointExtension></extensions></trkpt>
      <trkpt lat="40.742691" lon="-73.953765"><ele>6.8</ele><time>2026-07-31T23:56:26.000Z</time><extensions><gpxtpx:TrackPointExtension><gpxtpx:hr>147</gpxtpx:hr></gpxtpx:TrackPointExtension></extensions></trkpt>
      <trkpt lat="40.742685" lon="-73.953737"><ele>6.8</ele><time>2026-07-31T23:56:27.000Z</time><extensions><gpxtpx:TrackPointExtension><gpxtpx:hr>147</gpxtpx:hr></gpxtpx:TrackPointExtension></extensions></trkpt>
      <trkpt lat="40.742679" lon="-73.953708"><ele>6.8</ele><time>2026-07-31T23:56:28.000Z</time><extensions><gpxtpx:TrackPointExtension><gpxtpx:hr>147</gpxtpx:hr></gpxtpx:TrackPointExtension></extensions></trkpt>
      <trkpt lat="40.742674" lon="-73.953679"><ele>6.8</ele><time>2026-07-31T23:56:29.000Z</time><extensions><gpxtpx:TrackPointExtension><gpxtpx:hr>147</gpxtpx:hr></gpxtpx:TrackPointExtension></extensions></trkpt>
      <trkpt lat="40.742668" lon="-73.95365"><ele>6.8</ele><time>2026-07-31T23:56:30.000Z</time><extensions><gpxtpx:TrackPointExtension><gpxtpx:hr>147</gpxtpx:hr></gpxtpx:TrackPointExtension></extensions></trkpt>
      <trkpt lat="40.742661" lon="-73.953618"><ele>6.8</ele><time>2026-07-31T23:56:31.000Z</time><extensions><gpxtpx:TrackPointExtension><gpxtpx:hr>147</gpxtpx:hr></gpxtpx:TrackPointExtension></extensions></trkpt>
      <trkpt lat="40.742652" lon="-73.953585"><ele>6.8</ele><time>2026-07-31T23:56:32.000Z</time><extensions><gpxtpx:TrackPointExtension><gpxtpx:hr>147</gpxtpx:hr></gpxtpx:TrackPointExtension></extensions></trkpt>
      <trkpt lat="40.74264" lon="-73.953553"><ele>6.8</ele><time>2026-07-31T23:56:33.000Z</time><extensions><gpxtpx:TrackPointExtension><gpxtpx:hr>147</gpxtpx:hr></gpxtpx:TrackPointExtension></extensions></trkpt>
      <trkpt lat="40.742626" lon="-73.953522"><ele>6.8</ele><time>2026-07-31T23:56:34.000Z</time><extensions><gpxtpx:TrackPointExtension><gpxtpx:hr>147</gpxtpx:hr></gpxtpx:TrackPointExtension></extensions></trkpt>
      <trkpt lat="40.742613" lon="-73.953491"><ele>6.8</ele><time>2026-07-31T23:56:35.000Z</time><extensions><gpxtpx:TrackPointExtension><gpxtpx:hr>147</gpxtpx:hr></gpxtpx:TrackPointExtension></extensions></trkpt>
      <trkpt lat="40.742602" lon="-73.95346"><ele>6.8</ele><time>2026-07-31T23:56:36.000Z</time><extensions><gpxtpx:TrackPointExtension><gpxtpx:hr>147</gpxtpx:hr></gpxtpx:TrackPointExtension></extensions></trkpt>
      <trkpt lat="40.742594" lon="-73.953428"><ele>6.6</ele><time>2026-07-31T23:56:37.000Z</time><extensions><gpxtpx:TrackPointExtension><gpxtpx:hr>147</gpxtpx:hr></gpxtpx:TrackPointExtension></extensions></trkpt>
      <trkpt lat="40.742587" lon="-73.953395"><ele>6.6</ele><time>2026-07-31T23:56:38.000Z</time><extensions><gpxtpx:TrackPointExtension><gpxtpx:hr>147</gpxtpx:hr></gpxtpx:TrackPointExtension></extensions></trkpt>
      <trkpt lat="40.742582" lon="-73.953362"><ele>6.6</ele><time>2026-07-31T23:56:39.000Z</time><extensions><gpxtpx:TrackPointExtension><gpxtpx:hr>147</gpxtpx:hr></gpxtpx:TrackPointExtension></extensions></trkpt>
      <trkpt lat="40.742577" lon="-73.953328"><ele>6.6</ele><time>2026-07-31T23:56:40.000Z</time><extensions><gpxtpx:TrackPointExtension><gpxtpx:hr>147</gpxtpx:hr></gpxtpx:TrackPointExtension></extensions></trkpt>
      <trkpt lat="40.742572" lon="-73.953293"><ele>6.6</ele><time>2026-07-31T23:56:41.000Z</time><extensions><gpxtpx:TrackPointExtension><gpxtpx:hr>147</gpxtpx:hr></gpxtpx:TrackPointExtension></extensions></trkpt>
      <trkpt lat="40.742567" lon="-73.953257"><ele>6.4</ele><time>2026-07-31T23:56:42.000Z</time><extensions><gpxtpx:TrackPointExtension><gpxtpx:hr>147</gpxtpx:hr></gpxtpx:TrackPointExtension></extensions></trkpt>
      <trkpt lat="40.742562" lon="-73.953222"><ele>6.4</ele><time>2026-07-31T23:56:43.000Z</time><extensions><gpxtpx:TrackPointExtension><gpxtpx:hr>147</gpxtpx:hr></gpxtpx:TrackPointExtension></extensions></trkpt>
      <trkpt lat="40.742559" lon="-73.953189"><ele>6.4</ele><time>2026-07-31T23:56:44.000Z</time><extensions><gpxtpx:TrackPointExtension><gpxtpx:hr>147</gpxtpx:hr></gpxtpx:TrackPointExtension></extensions></trkpt>
      <trkpt lat="40.742556" lon="-73.953157"><ele>6.4</ele><time>2026-07-31T23:56:45.000Z</time><extensions><gpxtpx:TrackPointExtension><gpxtpx:hr>147</gpxtpx:hr></gpxtpx:TrackPointExtension></extensions></trkpt>
      <trkpt lat="40.742554" lon="-73.953127"><ele>6.2</ele><time>2026-07-31T23:56:46.000Z</time><extensions><gpxtpx:TrackPointExtension><gpxtpx:hr>147</gpxtpx:hr></gpxtpx:TrackPointExtension></extensions></trkpt>
      <trkpt lat="40.742553" lon="-73.953097"><ele>6.2</ele><time>2026-07-31T23:56:47.000Z</time><extensions><gpxtpx:TrackPointExtension><gpxtpx:hr>147</gpxtpx:hr></gpxtpx:TrackPointExtension></extensions></trkpt>
      <trkpt lat="40.742553" lon="-73.953067"><ele>6</ele><time>2026-07-31T23:56:48.000Z</time><extensions><gpxtpx:TrackPointExtension><gpxtpx:hr>147</gpxtpx:hr></gpxtpx:TrackPointExtension></extensions></trkpt>
      <trkpt lat="40.742555" lon="-73.953034"><ele>5.8</ele><time>2026-07-31T23:56:49.000Z</time><extensions><gpxtpx:TrackPointExtension><gpxtpx:hr>147</gpxtpx:hr></gpxtpx:TrackPointExtension></extensions></trkpt>
      <trkpt lat="40.742557" lon="-73.952999"><ele>5.4</ele><time>2026-07-31T23:56:50.000Z</time><extensions><gpxtpx:TrackPointExtension><gpxtpx:hr>147</gpxtpx:hr></gpxtpx:TrackPointExtension></extensions></trkpt>
      <trkpt lat="40.742562" lon="-73.952963"><ele>5</ele><time>2026-07-31T23:56:51.000Z</time><extensions><gpxtpx:TrackPointExtension><gpxtpx:hr>148</gpxtpx:hr></gpxtpx:TrackPointExtension></extensions></trkpt>
      <trkpt lat="40.74257" lon="-73.952928"><ele>4.4</ele><time>2026-07-31T23:56:52.000Z</time><extensions><gpxtpx:TrackPointExtension><gpxtpx:hr>148</gpxtpx:hr></gpxtpx:TrackPointExtension></extensions></trkpt>
      <trkpt lat="40.742581" lon="-73.952897"><ele>3.8</ele><time>2026-07-31T23:56:53.000Z</time><extensions><gpxtpx:TrackPointExtension><gpxtpx:hr>148</gpxtpx:hr></gpxtpx:TrackPointExtension></extensions></trkpt>
      <trkpt lat="40.742593" lon="-73.95287"><ele>3.2</ele><time>2026-07-31T23:56:54.000Z</time><extensions><gpxtpx:TrackPointExtension><gpxtpx:hr>148</gpxtpx:hr></gpxtpx:TrackPointExtension></extensions></trkpt>
      <trkpt lat="40.742607" lon="-73.952847"><ele>2.4</ele><time>2026-07-31T23:56:55.000Z</time><extensions><gpxtpx:TrackPointExtension><gpxtpx:hr>149</gpxtpx:hr></gpxtpx:TrackPointExtension></extensions></trkpt>
      <trkpt lat="40.742622" lon="-73.952826"><ele>1.8</ele><time>2026-07-31T23:56:56.000Z</time><extensions><gpxtpx:TrackPointExtension><gpxtpx:hr>149</gpxtpx:hr></gpxtpx:TrackPointExtension></extensions></trkpt>
      <trkpt lat="40.742638" lon="-73.952805"><ele>1</ele><time>2026-07-31T23:56:57.000Z</time><extensions><gpxtpx:TrackPointExtension><gpxtpx:hr>148</gpxtpx:hr></gpxtpx:TrackPointExtension></extensions></trkpt>
      <trkpt lat="40.742654" lon="-73.952785"><ele>0.2</ele><time>2026-07-31T23:56:58.000Z</time><extensions><gpxtpx:TrackPointExtension><gpxtpx:hr>148</gpxtpx:hr></gpxtpx:TrackPointExtension></extensions></trkpt>
      <trkpt lat="40.738839" lon="-73.96003"><ele>6.2</ele><time>2026-08-01T00:04:37.000Z</time><extensions><gpxtpx:TrackPointExtension><gpxtpx:hr>127</gpxtpx:hr></gpxtpx:TrackPointExtension></extensions></trkpt>
      <trkpt lat="40.738837" lon="-73.960031"><ele>5.8</ele><time>2026-08-01T00:04:38.000Z</time><extensions><gpxtpx:TrackPointExtension><gpxtpx:hr>127</gpxtpx:hr></gpxtpx:TrackPointExtension></extensions></trkpt>
      <trkpt lat="40.738836" lon="-73.960033"><ele>5.2</ele><time>2026-08-01T00:04:39.000Z</time><extensions><gpxtpx:TrackPointExtension><gpxtpx:hr>127</gpxtpx:hr></gpxtpx:TrackPointExtension></extensions></trkpt>
      <trkpt lat="40.738833" lon="-73.960043"><ele>5</ele><time>2026-08-01T00:04:40.000Z</time><extensions><gpxtpx:TrackPointExtension><gpxtpx:hr>127</gpxtpx:hr></gpxtpx:TrackPointExtension></extensions></trkpt>
      <trkpt lat="40.738828" lon="-73.96006"><ele>4.6</ele><time>2026-08-01T00:04:41.000Z</time><extensions><gpxtpx:TrackPointExtension><gpxtpx:hr>127</gpxtpx:hr></gpxtpx:TrackPointExtension></extensions></trkpt>
      <trkpt lat="40.73882" lon="-73.960078"><ele>4.4</ele><time>2026-08-01T00:04:42.000Z</time><extensions><gpxtpx:TrackPointExtension><gpxtpx:hr>127</gpxtpx:hr></gpxtpx:TrackPointExtension></extensions></trkpt>
      <trkpt lat="40.738808" lon="-73.960096"><ele>4.2</ele><time>2026-08-01T00:04:43.000Z</time><extensions><gpxtpx:TrackPointExtension><gpxtpx:hr>125</gpxtpx:hr></gpxtpx:TrackPointExtension></extensions></trkpt>
      <trkpt lat="40.738793" lon="-73.960112"><ele>4</ele><time>2026-08-01T00:04:44.000Z</time><extensions><gpxtpx:TrackPointExtension><gpxtpx:hr>125</gpxtpx:hr></gpxtpx:TrackPointExtension></extensions></trkpt>
      <trkpt lat="40.738776" lon="-73.960127"><ele>4</ele><time>2026-08-01T00:04:45.000Z</time><extensions><gpxtpx:TrackPointExtension><gpxtpx:hr>125</gpxtpx:hr></gpxtpx:TrackPointExtension></extensions></trkpt>
      <trkpt lat="40.738758" lon="-73.960141"><ele>4</ele><time>2026-08-01T00:04:46.000Z</time><extensions><gpxtpx:TrackPointExtension><gpxtpx:hr>125</gpxtpx:hr></gpxtpx:TrackPointExtension></extensions></trkpt>
      <trkpt lat="40.738738" lon="-73.960152"><ele>4</ele><time>2026-08-01T00:04:47.000Z</time><extensions><gpxtpx:TrackPointExtension><gpxtpx:hr>125</gpxtpx:hr></gpxtpx:TrackPointExtension></extensions></trkpt>
      <trkpt lat="40.738718" lon="-73.960162"><ele>3.8</ele><time>2026-08-01T00:04:48.000Z</time><extensions><gpxtpx:TrackPointExtension><gpxtpx:hr>126</gpxtpx:hr></gpxtpx:TrackPointExtension></extensions></trkpt>
      <trkpt lat="40.738697" lon="-73.960171"><ele>3.8</ele><time>2026-08-01T00:04:49.000Z</time><extensions><gpxtpx:TrackPointExtension><gpxtpx:hr>126</gpxtpx:hr></gpxtpx:TrackPointExtension></extensions></trkpt>
      <trkpt lat="40.738674" lon="-73.96018"><ele>3.8</ele><time>2026-08-01T00:04:50.000Z</time><extensions><gpxtpx:TrackPointExtension><gpxtpx:hr>126</gpxtpx:hr></gpxtpx:TrackPointExtension></extensions></trkpt>
      <trkpt lat="40.738652" lon="-73.960189"><ele>4</ele><time>2026-08-01T00:04:51.000Z</time><extensions><gpxtpx:TrackPointExtension><gpxtpx:hr>126</gpxtpx:hr></gpxtpx:TrackPointExtension></extensions></trkpt>
      <trkpt lat="40.738629" lon="-73.960197"><ele>4</ele><time>2026-08-01T00:04:52.000Z</time><extensions><gpxtpx:TrackPointExtension><gpxtpx:hr>126</gpxtpx:hr></gpxtpx:TrackPointExtension></extensions></trkpt>
      <trkpt lat="40.738606" lon="-73.960206"><ele>4</ele><time>2026-08-01T00:04:53.000Z</time><extensions><gpxtpx:TrackPointExtension><gpxtpx:hr>126</gpxtpx:hr></gpxtpx:TrackPointExtension></extensions></trkpt>
      <trkpt lat="40.738584" lon="-73.960214"><ele>4</ele><time>2026-08-01T00:04:54.000Z</time><extensions><gpxtpx:TrackPointExtension><gpxtpx:hr>126</gpxtpx:hr></gpxtpx:TrackPointExtension></extensions></trkpt>
      <trkpt lat="40.738562" lon="-73.960221"><ele>4</ele><time>2026-08-01T00:04:55.000Z</time><extensions><gpxtpx:TrackPointExtension><gpxtpx:hr>121</gpxtpx:hr></gpxtpx:TrackPointExtension></extensions></trkpt>
      <trkpt lat="40.73854" lon="-73.960227"><ele>4</ele><time>2026-08-01T00:04:56.000Z</time><extensions><gpxtpx:TrackPointExtension><gpxtpx:hr>121</gpxtpx:hr></gpxtpx:TrackPointExtension></extensions></trkpt>
      <trkpt lat="40.738519" lon="-73.960231"><ele>4</ele><time>2026-08-01T00:04:57.000Z</time><extensions><gpxtpx:TrackPointExtension><gpxtpx:hr>121</gpxtpx:hr></gpxtpx:TrackPointExtension></extensions></trkpt>
      <trkpt lat="40.738499" lon="-73.960235"><ele>4</ele><time>2026-08-01T00:04:58.000Z</time><extensions><gpxtpx:TrackPointExtension><gpxtpx:hr>121</gpxtpx:hr></gpxtpx:TrackPointExtension></extensions></trkpt>
      <trkpt lat="40.73848" lon="-73.960239"><ele>4</ele><time>2026-08-01T00:04:59.000Z</time><extensions><gpxtpx:TrackPointExtension><gpxtpx:hr>121</gpxtpx:hr></gpxtpx:TrackPointExtension></extensions></trkpt>
      <trkpt lat="40.738461" lon="-73.960244"><ele>4</ele><time>2026-08-01T00:05:00.000Z</time><extensions><gpxtpx:TrackPointExtension><gpxtpx:hr>121</gpxtpx:hr></gpxtpx:TrackPointExtension></extensions></trkpt>
      <trkpt lat="40.738444" lon="-73.960254"><ele>4</ele><time>2026-08-01T00:05:01.000Z</time><extensions><gpxtpx:TrackPointExtension><gpxtpx:hr>124</gpxtpx:hr></gpxtpx:TrackPointExtension></extensions></trkpt>
      <trkpt lat="40.738428" lon="-73.960269"><ele>4</ele><time>2026-08-01T00:05:02.000Z</time><extensions><gpxtpx:TrackPointExtension><gpxtpx:hr>125</gpxtpx:hr></gpxtpx:TrackPointExtension></extensions></trkpt>
      <trkpt lat="40.738415" lon="-73.960289"><ele>4</ele><time>2026-08-01T00:05:03.000Z</time><extensions><gpxtpx:TrackPointExtension><gpxtpx:hr>125</gpxtpx:hr></gpxtpx:TrackPointExtension></extensions></trkpt>
      <trkpt lat="40.738404" lon="-73.96031"><ele>4</ele><time>2026-08-01T00:05:04.000Z</time><extensions><gpxtpx:TrackPointExtension><gpxtpx:hr>125</gpxtpx:hr></gpxtpx:TrackPointExtension></extensions></trkpt>
      <trkpt lat="40.738394" lon="-73.960332"><ele>4</ele><time>2026-08-01T00:05:05.000Z</time><extensions><gpxtpx:TrackPointExtension><gpxtpx:hr>125</gpxtpx:hr></gpxtpx:TrackPointExtension></extensions></trkpt>
      <trkpt lat="40.738387" lon="-73.960353"><ele>4</ele><time>2026-08-01T00:05:06.000Z</time><extensions><gpxtpx:TrackPointExtension><gpxtpx:hr>125</gpxtpx:hr></gpxtpx:TrackPointExtension></extensions></trkpt>
      <trkpt lat="40.738369" lon="-73.960431"><ele>4</ele><time>2026-08-01T00:05:24.000Z</time><extensions><gpxtpx:TrackPointExtension><gpxtpx:hr>125</gpxtpx:hr></gpxtpx:TrackPointExtension></extensions></trkpt>
      <trkpt lat="40.738357" lon="-73.960461"><ele>4</ele><time>2026-08-01T00:05:25.000Z</time><extensions><gpxtpx:TrackPointExtension><gpxtpx:hr>125</gpxtpx:hr></gpxtpx:TrackPointExtension></extensions></trkpt>
      <trkpt lat="40.738344" lon="-73.960492"><ele>3.8</ele><time>2026-08-01T00:05:26.000Z</time><extensions><gpxtpx:TrackPointExtension><gpxtpx:hr>125</gpxtpx:hr></gpxtpx:TrackPointExtension></extensions></trkpt>
      <trkpt lat="40.738332" lon="-73.960522"><ele>3.8</ele><time>2026-08-01T00:05:27.000Z</time><extensions><gpxtpx:TrackPointExtension><gpxtpx:hr>125</gpxtpx:hr></gpxtpx:TrackPointExtension></extensions></trkpt>
      <trkpt lat="40.738319" lon="-73.960551"><ele>3.8</ele><time>2026-08-01T00:05:28.000Z</time><extensions><gpxtpx:TrackPointExtension><gpxtpx:hr>136</gpxtpx:hr></gpxtpx:TrackPointExtension></extensions></trkpt>
      <trkpt lat="40.738306" lon="-73.96058"><ele>3.8</ele><time>2026-08-01T00:05:29.000Z</time><extensions><gpxtpx:TrackPointExtension><gpxtpx:hr>136</gpxtpx:hr></gpxtpx:TrackPointExtension></extensions></trkpt>
      <trkpt lat="40.738293" lon="-73.96061"><ele>3.8</ele><time>2026-08-01T00:05:30.000Z</time><extensions><gpxtpx:TrackPointExtension><gpxtpx:hr>136</gpxtpx:hr></gpxtpx:TrackPointExtension></extensions></trkpt>
      <trkpt lat="40.738282" lon="-73.96064"><ele>3.8</ele><time>2026-08-01T00:05:31.000Z</time><extensions><gpxtpx:TrackPointExtension><gpxtpx:hr>136</gpxtpx:hr></gpxtpx:TrackPointExtension></extensions></trkpt>
      <trkpt lat="40.738274" lon="-73.960669"><ele>3.8</ele><time>2026-08-01T00:05:32.000Z</time><extensions><gpxtpx:TrackPointExtension><gpxtpx:hr>136</gpxtpx:hr></gpxtpx:TrackPointExtension></extensions></trkpt>
      <trkpt lat="40.738266" lon="-73.960698"><ele>3.8</ele><time>2026-08-01T00:05:33.000Z</time><extensions><gpxtpx:TrackPointExtension><gpxtpx:hr>136</gpxtpx:hr></gpxtpx:TrackPointExtension></extensions></trkpt>
      <trkpt lat="40.73826" lon="-73.960726"><ele>3.8</ele><time>2026-08-01T00:05:34.000Z</time><extensions><gpxtpx:TrackPointExtension><gpxtpx:hr>136</gpxtpx:hr></gpxtpx:TrackPointExtension></extensions></trkpt>
      <trkpt lat="40.738254" lon="-73.960754"><ele>3.8</ele><time>2026-08-01T00:05:35.000Z</time><extensions><gpxtpx:TrackPointExtension><gpxtpx:hr>132</gpxtpx:hr></gpxtpx:TrackPointExtension></extensions></trkpt>
      <trkpt lat="40.73825" lon="-73.960782"><ele>3.8</ele><time>2026-08-01T00:05:36.000Z</time><extensions><gpxtpx:TrackPointExtension><gpxtpx:hr>132</gpxtpx:hr></gpxtpx:TrackPointExtension></extensions></trkpt>
      <trkpt lat="40.738246" lon="-73.96081"><ele>3.8</ele><time>2026-08-01T00:05:37.000Z</time><extensions><gpxtpx:TrackPointExtension><gpxtpx:hr>132</gpxtpx:hr></gpxtpx:TrackPointExtension></extensions></trkpt>
      <trkpt lat="40.738241" lon="-73.960839"><ele>3.8</ele><time>2026-08-01T00:05:38.000Z</time><extensions><gpxtpx:TrackPointExtension><gpxtpx:hr>132</gpxtpx:hr></gpxtpx:TrackPointExtension></extensions></trkpt>
      <trkpt lat="40.738236" lon="-73.960868"><ele>3.8</ele><time>2026-08-01T00:05:39.000Z</time><extensions><gpxtpx:TrackPointExtension><gpxtpx:hr>132</gpxtpx:hr></gpxtpx:TrackPointExtension></extensions></trkpt>
      <trkpt lat="40.738233" lon="-73.960897"><ele>3.8</ele><time>2026-08-01T00:05:40.000Z</time><extensions><gpxtpx:TrackPointExtension><gpxtpx:hr>132</gpxtpx:hr></gpxtpx:TrackPointExtension></extensions></trkpt>
      <trkpt lat="40.738231" lon="-73.960927"><ele>3.8</ele><time>2026-08-01T00:05:41.000Z</time><extensions><gpxtpx:TrackPointExtension><gpxtpx:hr>126</gpxtpx:hr></gpxtpx:TrackPointExtension></extensions></trkpt>
      <trkpt lat="40.738231" lon="-73.960955"><ele>3.8</ele><time>2026-08-01T00:05:42.000Z</time><extensions><gpxtpx:TrackPointExtension><gpxtpx:hr>126</gpxtpx:hr></gpxtpx:TrackPointExtension></extensions></trkpt>
      <trkpt lat="40.738233" lon="-73.960981"><ele>3.8</ele><time>2026-08-01T00:05:43.000Z</time><extensions><gpxtpx:TrackPointExtension><gpxtpx:hr>126</gpxtpx:hr></gpxtpx:TrackPointExtension></extensions></trkpt>
      <trkpt lat="40.738236" lon="-73.961008"><ele>3.8</ele><time>2026-08-01T00:05:44.000Z</time><extensions><gpxtpx:TrackPointExtension><gpxtpx:hr>126</gpxtpx:hr></gpxtpx:TrackPointExtension></extensions></trkpt>
      <trkpt lat="40.738239" lon="-73.961037"><ele>3.8</ele><time>2026-08-01T00:05:45.000Z</time><extensions><gpxtpx:TrackPointExtension><gpxtpx:hr>127</gpxtpx:hr></gpxtpx:TrackPointExtension></extensions></trkpt>
      <trkpt lat="40.738242" lon="-73.96107"><ele>3.8</ele><time>2026-08-01T00:05:46.000Z</time><extensions><gpxtpx:TrackPointExtension><gpxtpx:hr>127</gpxtpx:hr></gpxtpx:TrackPointExtension></extensions></trkpt>
      <trkpt lat="40.738247" lon="-73.961104"><ele>3.8</ele><time>2026-08-01T00:05:47.000Z</time><extensions><gpxtpx:TrackPointExtension><gpxtpx:hr>127</gpxtpx:hr></gpxtpx:TrackPointExtension></extensions></trkpt>
      <trkpt lat="40.738251" lon="-73.961139"><ele>3.8</ele><time>2026-08-01T00:05:48.000Z</time><extensions><gpxtpx:TrackPointExtension><gpxtpx:hr>127</gpxtpx:hr></gpxtpx:TrackPointExtension></extensions></trkpt>
      <trkpt lat="40.738256" lon="-73.961173"><ele>3.8</ele><time>2026-08-01T00:05:49.000Z</time><extensions><gpxtpx:TrackPointExtension><gpxtpx:hr>127</gpxtpx:hr></gpxtpx:TrackPointExtension></extensions></trkpt>
      <trkpt lat="40.738261" lon="-73.961207"><ele>3.8</ele><time>2026-08-01T00:05:50.000Z</time><extensions><gpxtpx:TrackPointExtension><gpxtpx:hr>130</gpxtpx:hr></gpxtpx:TrackPointExtension></extensions></trkpt>
      <trkpt lat="40.738267" lon="-73.961241"><ele>3.8</ele><time>2026-08-01T00:05:51.000Z</time><extensions><gpxtpx:TrackPointExtension><gpxtpx:hr>130</gpxtpx:hr></gpxtpx:TrackPointExtension></extensions></trkpt>
      <trkpt lat="40.738274" lon="-73.961274"><ele>3.8</ele><time>2026-08-01T00:05:52.000Z</time><extensions><gpxtpx:TrackPointExtension><gpxtpx:hr>130</gpxtpx:hr></gpxtpx:TrackPointExtension></extensions></trkpt>
      <trkpt lat="40.738282" lon="-73.961306"><ele>3.8</ele><time>2026-08-01T00:05:53.000Z</time><extensions><gpxtpx:TrackPointExtension><gpxtpx:hr>130</gpxtpx:hr></gpxtpx:TrackPointExtension></extensions></trkpt>
      <trkpt lat="40.738291" lon="-73.961337"><ele>3.8</ele><time>2026-08-01T00:05:54.000Z</time><extensions><gpxtpx:TrackPointExtension><gpxtpx:hr>130</gpxtpx:hr></gpxtpx:TrackPointExtension></extensions></trkpt>
      <trkpt lat="40.738299" lon="-73.961367"><ele>3.8</ele><time>2026-08-01T00:05:55.000Z</time><extensions><gpxtpx:TrackPointExtension><gpxtpx:hr>130</gpxtpx:hr></gpxtpx:TrackPointExtension></extensions></trkpt>
      <trkpt lat="40.738307" lon="-73.961397"><ele>3.8</ele><time>2026-08-01T00:05:56.000Z</time><extensions><gpxtpx:TrackPointExtension><gpxtpx:hr>130</gpxtpx:hr></gpxtpx:TrackPointExtension></extensions></trkpt>
      <trkpt lat="40.738314" lon="-73.961427"><ele>3.8</ele><time>2026-08-01T00:05:57.000Z</time><extensions><gpxtpx:TrackPointExtension><gpxtpx:hr>130</gpxtpx:hr></gpxtpx:TrackPointExtension></extensions></trkpt>
      <trkpt lat="40.73832" lon="-73.961457"><ele>3.8</ele><time>2026-08-01T00:05:58.000Z</time><extensions><gpxtpx:TrackPointExtension><gpxtpx:hr>133</gpxtpx:hr></gpxtpx:TrackPointExtension></extensions></trkpt>
      <trkpt lat="40.738326" lon="-73.961485"><ele>3.8</ele><time>2026-08-01T00:05:59.000Z</time><extensions><gpxtpx:TrackPointExtension><gpxtpx:hr>133</gpxtpx:hr></gpxtpx:TrackPointExtension></extensions></trkpt>
      <trkpt lat="40.738333" lon="-73.961512"><ele>4</ele><time>2026-08-01T00:06:00.000Z</time><extensions><gpxtpx:TrackPointExtension><gpxtpx:hr>133</gpxtpx:hr></gpxtpx:TrackPointExtension></extensions></trkpt>
      <trkpt lat="40.738341" lon="-73.961538"><ele>4</ele><time>2026-08-01T00:06:01.000Z</time><extensions><gpxtpx:TrackPointExtension><gpxtpx:hr>133</gpxtpx:hr></gpxtpx:TrackPointExtension></extensions></trkpt>
      <trkpt lat="40.738349" lon="-73.961562"><ele>4</ele><time>2026-08-01T00:06:02.000Z</time><extensions><gpxtpx:TrackPointExtension><gpxtpx:hr>133</gpxtpx:hr></gpxtpx:TrackPointExtension></extensions></trkpt>
      <trkpt lat="40.738358" lon="-73.961587"><ele>4.2</ele><time>2026-08-01T00:06:03.000Z</time><extensions><gpxtpx:TrackPointExtension><gpxtpx:hr>133</gpxtpx:hr></gpxtpx:TrackPointExtension></extensions></trkpt>
      <trkpt lat="40.738367" lon="-73.961613"><ele>4.2</ele><time>2026-08-01T00:06:04.000Z</time><extensions><gpxtpx:TrackPointExtension><gpxtpx:hr>133</gpxtpx:hr></gpxtpx:TrackPointExtension></extensions></trkpt>
      <trkpt lat="40.738378" lon="-73.961638"><ele>4.4</ele><time>2026-08-01T00:06:05.000Z</time><extensions><gpxtpx:TrackPointExtension><gpxtpx:hr>133</gpxtpx:hr></gpxtpx:TrackPointExtension></extensions></trkpt>
      <trkpt lat="40.738389" lon="-73.961664"><ele>4.4</ele><time>2026-08-01T00:06:06.000Z</time><extensions><gpxtpx:TrackPointExtension><gpxtpx:hr>137</gpxtpx:hr></gpxtpx:TrackPointExtension></extensions></trkpt>
      <trkpt lat="40.738401" lon="-73.96169"><ele>4.6</ele><time>2026-08-01T00:06:07.000Z</time><extensions><gpxtpx:TrackPointExtension><gpxtpx:hr>137</gpxtpx:hr></gpxtpx:TrackPointExtension></extensions></trkpt>
      <trkpt lat="40.738413" lon="-73.961716"><ele>4.6</ele><time>2026-08-01T00:06:08.000Z</time><extensions><gpxtpx:TrackPointExtension><gpxtpx:hr>137</gpxtpx:hr></gpxtpx:TrackPointExtension></extensions></trkpt>
      <trkpt lat="40.738425" lon="-73.961742"><ele>4.8</ele><time>2026-08-01T00:06:09.000Z</time><extensions><gpxtpx:TrackPointExtension><gpxtpx:hr>137</gpxtpx:hr></gpxtpx:TrackPointExtension></extensions></trkpt>
      <trkpt lat="40.738437" lon="-73.961767"><ele>4.8</ele><time>2026-08-01T00:06:10.000Z</time><extensions><gpxtpx:TrackPointExtension><gpxtpx:hr>137</gpxtpx:hr></gpxtpx:TrackPointExtension></extensions></trkpt>
      <trkpt lat="40.738449" lon="-73.961791"><ele>5</ele><time>2026-08-01T00:06:11.000Z</time><extensions><gpxtpx:TrackPointExtension><gpxtpx:hr>138</gpxtpx:hr></gpxtpx:TrackPointExtension></extensions></trkpt>
      <trkpt lat="40.73846" lon="-73.961813"><ele>5</ele><time>2026-08-01T00:06:12.000Z</time><extensions><gpxtpx:TrackPointExtension><gpxtpx:hr>138</gpxtpx:hr></gpxtpx:TrackPointExtension></extensions></trkpt>
      <trkpt lat="40.738471" lon="-73.961833"><ele>5.2</ele><time>2026-08-01T00:06:13.000Z</time><extensions><gpxtpx:TrackPointExtension><gpxtpx:hr>138</gpxtpx:hr></gpxtpx:TrackPointExtension></extensions></trkpt>
      <trkpt lat="40.738483" lon="-73.961851"><ele>5.2</ele><time>2026-08-01T00:06:14.000Z</time><extensions><gpxtpx:TrackPointExtension><gpxtpx:hr>138</gpxtpx:hr></gpxtpx:TrackPointExtension></extensions></trkpt>
      <trkpt lat="40.738496" lon="-73.96187"><ele>5.4</ele><time>2026-08-01T00:06:15.000Z</time><extensions><gpxtpx:TrackPointExtension><gpxtpx:hr>138</gpxtpx:hr></gpxtpx:TrackPointExtension></extensions></trkpt>
      <trkpt lat="40.738509" lon="-73.961887"><ele>5.4</ele><time>2026-08-01T00:06:16.000Z</time><extensions><gpxtpx:TrackPointExtension><gpxtpx:hr>138</gpxtpx:hr></gpxtpx:TrackPointExtension></extensions></trkpt>
      <trkpt lat="40.738522" lon="-73.961905"><ele>5.6</ele><time>2026-08-01T00:06:17.000Z</time><extensions><gpxtpx:TrackPointExtension><gpxtpx:hr>138</gpxtpx:hr></gpxtpx:TrackPointExtension></extensions></trkpt>
      <trkpt lat="40.738536" lon="-73.961922"><ele>5.6</ele><time>2026-08-01T00:06:18.000Z</time><extensions><gpxtpx:TrackPointExtension><gpxtpx:hr>138</gpxtpx:hr></gpxtpx:TrackPointExtension></extensions></trkpt>
      <trkpt lat="40.738551" lon="-73.96194"><ele>5.8</ele><time>2026-08-01T00:06:19.000Z</time><extensions><gpxtpx:TrackPointExtension><gpxtpx:hr>138</gpxtpx:hr></gpxtpx:TrackPointExtension></extensions></trkpt>
      <trkpt lat="40.738565" lon="-73.961959"><ele>5.8</ele><time>2026-08-01T00:06:20.000Z</time><extensions><gpxtpx:TrackPointExtension><gpxtpx:hr>138</gpxtpx:hr></gpxtpx:TrackPointExtension></extensions></trkpt>
      <trkpt lat="40.738579" lon="-73.961978"><ele>5.8</ele><time>2026-08-01T00:06:21.000Z</time><extensions><gpxtpx:TrackPointExtension><gpxtpx:hr>142</gpxtpx:hr></gpxtpx:TrackPointExtension></extensions></trkpt>
      <trkpt lat="40.738594" lon="-73.961998"><ele>6</ele><time>2026-08-01T00:06:22.000Z</time><extensions><gpxtpx:TrackPointExtension><gpxtpx:hr>142</gpxtpx:hr></gpxtpx:TrackPointExtension></extensions></trkpt>
      <trkpt lat="40.738609" lon="-73.962018"><ele>6</ele><time>2026-08-01T00:06:23.000Z</time><extensions><gpxtpx:TrackPointExtension><gpxtpx:hr>142</gpxtpx:hr></gpxtpx:TrackPointExtension></extensions></trkpt>
      <trkpt lat="40.738624" lon="-73.96204"><ele>6</ele><time>2026-08-01T00:06:24.000Z</time><extensions><gpxtpx:TrackPointExtension><gpxtpx:hr>142</gpxtpx:hr></gpxtpx:TrackPointExtension></extensions></trkpt>
      <trkpt lat="40.738641" lon="-73.962062"><ele>6</ele><time>2026-08-01T00:06:25.000Z</time><extensions><gpxtpx:TrackPointExtension><gpxtpx:hr>142</gpxtpx:hr></gpxtpx:TrackPointExtension></extensions></trkpt>
      <trkpt lat="40.738658" lon="-73.962083"><ele>6.2</ele><time>2026-08-01T00:06:26.000Z</time><extensions><gpxtpx:TrackPointExtension><gpxtpx:hr>143</gpxtpx:hr></gpxtpx:TrackPointExtension></extensions></trkpt>
      <trkpt lat="40.738675" lon="-73.962102"><ele>6.2</ele><time>2026-08-01T00:06:27.000Z</time><extensions><gpxtpx:TrackPointExtension><gpxtpx:hr>144</gpxtpx:hr></gpxtpx:TrackPointExtension></extensions></trkpt>
      <trkpt lat="40.738692" lon="-73.96212"><ele>6.2</ele><time>2026-08-01T00:06:28.000Z</time><extensions><gpxtpx:TrackPointExtension><gpxtpx:hr>144</gpxtpx:hr></gpxtpx:TrackPointExtension></extensions></trkpt>
      <trkpt lat="40.738711" lon="-73.962137"><ele>6.2</ele><time>2026-08-01T00:06:29.000Z</time><extensions><gpxtpx:TrackPointExtension><gpxtpx:hr>144</gpxtpx:hr></gpxtpx:TrackPointExtension></extensions></trkpt>
      <trkpt lat="40.73873" lon="-73.962152"><ele>6.2</ele><time>2026-08-01T00:06:30.000Z</time><extensions><gpxtpx:TrackPointExtension><gpxtpx:hr>144</gpxtpx:hr></gpxtpx:TrackPointExtension></extensions></trkpt>
      <trkpt lat="40.738751" lon="-73.962167"><ele>6.2</ele><time>2026-08-01T00:06:31.000Z</time><extensions><gpxtpx:TrackPointExtension><gpxtpx:hr>144</gpxtpx:hr></gpxtpx:TrackPointExtension></extensions></trkpt>
      <trkpt lat="40.738772" lon="-73.96218"><ele>6.4</ele><time>2026-08-01T00:06:32.000Z</time><extensions><gpxtpx:TrackPointExtension><gpxtpx:hr>144</gpxtpx:hr></gpxtpx:TrackPointExtension></extensions></trkpt>
      <trkpt lat="40.738793" lon="-73.962191"><ele>6.4</ele><time>2026-08-01T00:06:33.000Z</time><extensions><gpxtpx:TrackPointExtension><gpxtpx:hr>144</gpxtpx:hr></gpxtpx:TrackPointExtension></extensions></trkpt>
      <trkpt lat="40.738814" lon="-73.962201"><ele>6.4</ele><time>2026-08-01T00:06:34.000Z</time><extensions><gpxtpx:TrackPointExtension><gpxtpx:hr>144</gpxtpx:hr></gpxtpx:TrackPointExtension></extensions></trkpt>
      <trkpt lat="40.738835" lon="-73.96221"><ele>6.4</ele><time>2026-08-01T00:06:35.000Z</time><extensions><gpxtpx:TrackPointExtension><gpxtpx:hr>144</gpxtpx:hr></gpxtpx:TrackPointExtension></extensions></trkpt>
      <trkpt lat="40.738855" lon="-73.962217"><ele>6.4</ele><time>2026-08-01T00:06:36.000Z</time><extensions><gpxtpx:TrackPointExtension><gpxtpx:hr>144</gpxtpx:hr></gpxtpx:TrackPointExtension></extensions></trkpt>
      <trkpt lat="40.738875" lon="-73.962223"><ele>6.4</ele><time>2026-08-01T00:06:37.000Z</time><extensions><gpxtpx:TrackPointExtension><gpxtpx:hr>145</gpxtpx:hr></gpxtpx:TrackPointExtension></extensions></trkpt>
      <trkpt lat="40.738895" lon="-73.962229"><ele>6.4</ele><time>2026-08-01T00:06:38.000Z</time><extensions><gpxtpx:TrackPointExtension><gpxtpx:hr>145</gpxtpx:hr></gpxtpx:TrackPointExtension></extensions></trkpt>
      <trkpt lat="40.738914" lon="-73.962234"><ele>6.4</ele><time>2026-08-01T00:06:39.000Z</time><extensions><gpxtpx:TrackPointExtension><gpxtpx:hr>145</gpxtpx:hr></gpxtpx:TrackPointExtension></extensions></trkpt>
      <trkpt lat="40.73893" lon="-73.962237"><ele>6.6</ele><time>2026-08-01T00:06:40.000Z</time><extensions><gpxtpx:TrackPointExtension><gpxtpx:hr>145</gpxtpx:hr></gpxtpx:TrackPointExtension></extensions></trkpt>
      <trkpt lat="40.738941" lon="-73.962239"><ele>6.6</ele><time>2026-08-01T00:06:41.000Z</time><extensions><gpxtpx:TrackPointExtension><gpxtpx:hr>145</gpxtpx:hr></gpxtpx:TrackPointExtension></extensions></trkpt>
      <trkpt lat="40.738999" lon="-73.962237"><ele>6.8</ele><time>2026-08-01T00:06:47.000Z</time><extensions><gpxtpx:TrackPointExtension><gpxtpx:hr>145</gpxtpx:hr></gpxtpx:TrackPointExtension></extensions></trkpt>
      <trkpt lat="40.739023" lon="-73.962239"><ele>7</ele><time>2026-08-01T00:06:48.000Z</time><extensions><gpxtpx:TrackPointExtension><gpxtpx:hr>144</gpxtpx:hr></gpxtpx:TrackPointExtension></extensions></trkpt>
      <trkpt lat="40.739047" lon="-73.962241"><ele>7</ele><time>2026-08-01T00:06:49.000Z</time><extensions><gpxtpx:TrackPointExtension><gpxtpx:hr>144</gpxtpx:hr></gpxtpx:TrackPointExtension></extensions></trkpt>
      <trkpt lat="40.739071" lon="-73.962243"><ele>7</ele><time>2026-08-01T00:06:50.000Z</time><extensions><gpxtpx:TrackPointExtension><gpxtpx:hr>144</gpxtpx:hr></gpxtpx:TrackPointExtension></extensions></trkpt>
      <trkpt lat="40.739093" lon="-73.962245"><ele>7</ele><time>2026-08-01T00:06:51.000Z</time><extensions><gpxtpx:TrackPointExtension><gpxtpx:hr>144</gpxtpx:hr></gpxtpx:TrackPointExtension></extensions></trkpt>
      <trkpt lat="40.739115" lon="-73.962246"><ele>7.2</ele><time>2026-08-01T00:06:52.000Z</time><extensions><gpxtpx:TrackPointExtension><gpxtpx:hr>144</gpxtpx:hr></gpxtpx:TrackPointExtension></extensions></trkpt>
      <trkpt lat="40.739137" lon="-73.962247"><ele>7.2</ele><time>2026-08-01T00:06:53.000Z</time><extensions><gpxtpx:TrackPointExtension><gpxtpx:hr>144</gpxtpx:hr></gpxtpx:TrackPointExtension></extensions></trkpt>
      <trkpt lat="40.73916" lon="-73.962247"><ele>7.2</ele><time>2026-08-01T00:06:54.000Z</time><extensions><gpxtpx:TrackPointExtension><gpxtpx:hr>144</gpxtpx:hr></gpxtpx:TrackPointExtension></extensions></trkpt>
      <trkpt lat="40.739184" lon="-73.962246"><ele>7.2</ele><time>2026-08-01T00:06:55.000Z</time><extensions><gpxtpx:TrackPointExtension><gpxtpx:hr>144</gpxtpx:hr></gpxtpx:TrackPointExtension></extensions></trkpt>
      <trkpt lat="40.739208" lon="-73.962243"><ele>7.2</ele><time>2026-08-01T00:06:56.000Z</time><extensions><gpxtpx:TrackPointExtension><gpxtpx:hr>143</gpxtpx:hr></gpxtpx:TrackPointExtension></extensions></trkpt>
      <trkpt lat="40.739231" lon="-73.96224"><ele>7.2</ele><time>2026-08-01T00:06:57.000Z</time><extensions><gpxtpx:TrackPointExtension><gpxtpx:hr>143</gpxtpx:hr></gpxtpx:TrackPointExtension></extensions></trkpt>
      <trkpt lat="40.739255" lon="-73.962236"><ele>7.2</ele><time>2026-08-01T00:06:58.000Z</time><extensions><gpxtpx:TrackPointExtension><gpxtpx:hr>143</gpxtpx:hr></gpxtpx:TrackPointExtension></extensions></trkpt>
      <trkpt lat="40.739278" lon="-73.962229"><ele>7.2</ele><time>2026-08-01T00:06:59.000Z</time><extensions><gpxtpx:TrackPointExtension><gpxtpx:hr>143</gpxtpx:hr></gpxtpx:TrackPointExtension></extensions></trkpt>
      <trkpt lat="40.739301" lon="-73.962222"><ele>7.2</ele><time>2026-08-01T00:07:00.000Z</time><extensions><gpxtpx:TrackPointExtension><gpxtpx:hr>143</gpxtpx:hr></gpxtpx:TrackPointExtension></extensions></trkpt>
      <trkpt lat="40.739324" lon="-73.962213"><ele>7</ele><time>2026-08-01T00:07:01.000Z</time><extensions><gpxtpx:TrackPointExtension><gpxtpx:hr>144</gpxtpx:hr></gpxtpx:TrackPointExtension></extensions></trkpt>
      <trkpt lat="40.739346" lon="-73.962203"><ele>7</ele><time>2026-08-01T00:07:02.000Z</time><extensions><gpxtpx:TrackPointExtension><gpxtpx:hr>144</gpxtpx:hr></gpxtpx:TrackPointExtension></extensions></trkpt>
      <trkpt lat="40.739368" lon="-73.962193"><ele>7</ele><time>2026-08-01T00:07:03.000Z</time><extensions><gpxtpx:TrackPointExtension><gpxtpx:hr>144</gpxtpx:hr></gpxtpx:TrackPointExtension></extensions></trkpt>
      <trkpt lat="40.73939" lon="-73.962183"><ele>6.8</ele><time>2026-08-01T00:07:04.000Z</time><extensions><gpxtpx:TrackPointExtension><gpxtpx:hr>144</gpxtpx:hr></gpxtpx:TrackPointExtension></extensions></trkpt>
      <trkpt lat="40.739411" lon="-73.962172"><ele>6.8</ele><time>2026-08-01T00:07:05.000Z</time><extensions><gpxtpx:TrackPointExtension><gpxtpx:hr>144</gpxtpx:hr></gpxtpx:TrackPointExtension></extensions></trkpt>
      <trkpt lat="40.739432" lon="-73.96216"><ele>6.6</ele><time>2026-08-01T00:07:06.000Z</time><extensions><gpxtpx:TrackPointExtension><gpxtpx:hr>144</gpxtpx:hr></gpxtpx:TrackPointExtension></extensions></trkpt>
      <trkpt lat="40.739452" lon="-73.962148"><ele>6.6</ele><time>2026-08-01T00:07:07.000Z</time><extensions><gpxtpx:TrackPointExtension><gpxtpx:hr>144</gpxtpx:hr></gpxtpx:TrackPointExtension></extensions></trkpt>
      <trkpt lat="40.739473" lon="-73.962134"><ele>6.4</ele><time>2026-08-01T00:07:08.000Z</time><extensions><gpxtpx:TrackPointExtension><gpxtpx:hr>144</gpxtpx:hr></gpxtpx:TrackPointExtension></extensions></trkpt>
      <trkpt lat="40.739493" lon="-73.962118"><ele>6</ele><time>2026-08-01T00:07:09.000Z</time><extensions><gpxtpx:TrackPointExtension><gpxtpx:hr>144</gpxtpx:hr></gpxtpx:TrackPointExtension></extensions></trkpt>
      <trkpt lat="40.739514" lon="-73.9621"><ele>5.8</ele><time>2026-08-01T00:07:10.000Z</time><extensions><gpxtpx:TrackPointExtension><gpxtpx:hr>144</gpxtpx:hr></gpxtpx:TrackPointExtension></extensions></trkpt>
      <trkpt lat="40.739533" lon="-73.962082"><ele>5.4</ele><time>2026-08-01T00:07:11.000Z</time><extensions><gpxtpx:TrackPointExtension><gpxtpx:hr>144</gpxtpx:hr></gpxtpx:TrackPointExtension></extensions></trkpt>
      <trkpt lat="40.739551" lon="-73.962064"><ele>5.2</ele><time>2026-08-01T00:07:12.000Z</time><extensions><gpxtpx:TrackPointExtension><gpxtpx:hr>144</gpxtpx:hr></gpxtpx:TrackPointExtension></extensions></trkpt>
      <trkpt lat="40.739566" lon="-73.962045"><ele>4.8</ele><time>2026-08-01T00:07:13.000Z</time><extensions><gpxtpx:TrackPointExtension><gpxtpx:hr>144</gpxtpx:hr></gpxtpx:TrackPointExtension></extensions></trkpt>
      <trkpt lat="40.73958" lon="-73.962028"><ele>4.2</ele><time>2026-08-01T00:07:14.000Z</time><extensions><gpxtpx:TrackPointExtension><gpxtpx:hr>144</gpxtpx:hr></gpxtpx:TrackPointExtension></extensions></trkpt>
      <trkpt lat="40.739592" lon="-73.962012"><ele>3.8</ele><time>2026-08-01T00:07:15.000Z</time><extensions><gpxtpx:TrackPointExtension><gpxtpx:hr>144</gpxtpx:hr></gpxtpx:TrackPointExtension></extensions></trkpt>
      <trkpt lat="40.739601" lon="-73.961998"><ele>3.2</ele><time>2026-08-01T00:07:16.000Z</time><extensions><gpxtpx:TrackPointExtension><gpxtpx:hr>144</gpxtpx:hr></gpxtpx:TrackPointExtension></extensions></trkpt>
    </trkseg>
  </trk>
</gpx>
