<?xml version="1.0" encoding="UTF-8"?>
<gpx version="1.1" creator="pull-strava.mjs"
  xmlns="http://www.topografix.com/GPX/1/1"
  xmlns:gpxtpx="http://www.garmin.com/xmlschemas/TrackPointExtension/v1">
  <metadata><name>Evening Run</name><time>2026-08-06T23:44:26.000Z</time></metadata>
  <trk><name>Evening Run</name><type>running</type>
    <trkseg>
      <trkpt lat="40.739047" lon="-73.961495"><ele>14.4</ele><time>2026-08-06T23:44:26.000Z</time><extensions><gpxtpx:TrackPointExtension><gpxtpx:hr>161</gpxtpx:hr></gpxtpx:TrackPointExtension></extensions></trkpt>
      <trkpt lat="40.739037" lon="-73.96149"><ele>13.6</ele><time>2026-08-06T23:44:27.000Z</time><extensions><gpxtpx:TrackPointExtension><gpxtpx:hr>161</gpxtpx:hr></gpxtpx:TrackPointExtension></extensions></trkpt>
      <trkpt lat="40.739034" lon="-73.96149"><ele>12.6</ele><time>2026-08-06T23:44:28.000Z</time><extensions><gpxtpx:TrackPointExtension><gpxtpx:hr>161</gpxtpx:hr></gpxtpx:TrackPointExtension></extensions></trkpt>
      <trkpt lat="40.739027" lon="-73.961488"><ele>11.8</ele><time>2026-08-06T23:44:29.000Z</time><extensions><gpxtpx:TrackPointExtension><gpxtpx:hr>161</gpxtpx:hr></gpxtpx:TrackPointExtension></extensions></trkpt>
      <trkpt lat="40.739021" lon="-73.961487"><ele>11</ele><time>2026-08-06T23:44:30.000Z</time><extensions><gpxtpx:TrackPointExtension><gpxtpx:hr>161</gpxtpx:hr></gpxtpx:TrackPointExtension></extensions></trkpt>
      <trkpt lat="40.739016" lon="-73.961485"><ele>10.2</ele><time>2026-08-06T23:44:31.000Z</time><extensions><gpxtpx:TrackPointExtension><gpxtpx:hr>161</gpxtpx:hr></gpxtpx:TrackPointExtension></extensions></trkpt>
      <trkpt lat="40.739012" lon="-73.961484"><ele>9.6</ele><time>2026-08-06T23:44:32.000Z</time><extensions><gpxtpx:TrackPointExtension><gpxtpx:hr>161</gpxtpx:hr></gpxtpx:TrackPointExtension></extensions></trkpt>
      <trkpt lat="40.739008" lon="-73.961483"><ele>9</ele><time>2026-08-06T23:44:33.000Z</time><extensions><gpxtpx:TrackPointExtension><gpxtpx:hr>161</gpxtpx:hr></gpxtpx:TrackPointExtension></extensions></trkpt>
      <trkpt lat="40.739003" lon="-73.96148"><ele>8.6</ele><time>2026-08-06T23:44:34.000Z</time><extensions><gpxtpx:TrackPointExtension><gpxtpx:hr>161</gpxtpx:hr></gpxtpx:TrackPointExtension></extensions></trkpt>
      <trkpt lat="40.738994" lon="-73.961475"><ele>8.4</ele><time>2026-08-06T23:44:35.000Z</time><extensions><gpxtpx:TrackPointExtension><gpxtpx:hr>161</gpxtpx:hr></gpxtpx:TrackPointExtension></extensions></trkpt>
      <trkpt lat="40.738979" lon="-73.961468"><ele>8.2</ele><time>2026-08-06T23:44:36.000Z</time><extensions><gpxtpx:TrackPointExtension><gpxtpx:hr>161</gpxtpx:hr></gpxtpx:TrackPointExtension></extensions></trkpt>
      <trkpt lat="40.738961" lon="-73.961459"><ele>8</ele><time>2026-08-06T23:44:37.000Z</time><extensions><gpxtpx:TrackPointExtension><gpxtpx:hr>161</gpxtpx:hr></gpxtpx:TrackPointExtension></extensions></trkpt>
      <trkpt lat="40.738938" lon="-73.96145"><ele>7.8</ele><time>2026-08-06T23:44:38.000Z</time><extensions><gpxtpx:TrackPointExtension><gpxtpx:hr>161</gpxtpx:hr></gpxtpx:TrackPointExtension></extensions></trkpt>
      <trkpt lat="40.738912" lon="-73.961442"><ele>7.8</ele><time>2026-08-06T23:44:39.000Z</time><extensions><gpxtpx:TrackPointExtension><gpxtpx:hr>161</gpxtpx:hr></gpxtpx:TrackPointExtension></extensions></trkpt>
      <trkpt lat="40.738886" lon="-73.961436"><ele>7.8</ele><time>2026-08-06T23:44:40.000Z</time><extensions><gpxtpx:TrackPointExtension><gpxtpx:hr>161</gpxtpx:hr></gpxtpx:TrackPointExtension></extensions></trkpt>
      <trkpt lat="40.738861" lon="-73.96143"><ele>7.8</ele><time>2026-08-06T23:44:41.000Z</time><extensions><gpxtpx:TrackPointExtension><gpxtpx:hr>161</gpxtpx:hr></gpxtpx:TrackPointExtension></extensions></trkpt>
      <trkpt lat="40.738836" lon="-73.961426"><ele>7.8</ele><time>2026-08-06T23:44:42.000Z</time><extensions><gpxtpx:TrackPointExtension><gpxtpx:hr>161</gpxtpx:hr></gpxtpx:TrackPointExtension></extensions></trkpt>
      <trkpt lat="40.738811" lon="-73.961419"><ele>7.8</ele><time>2026-08-06T23:44:43.000Z</time><extensions><gpxtpx:TrackPointExtension><gpxtpx:hr>161</gpxtpx:hr></gpxtpx:TrackPointExtension></extensions></trkpt>
      <trkpt lat="40.738787" lon="-73.961412"><ele>7.8</ele><time>2026-08-06T23:44:44.000Z</time><extensions><gpxtpx:TrackPointExtension><gpxtpx:hr>161</gpxtpx:hr></gpxtpx:TrackPointExtension></extensions></trkpt>
      <trkpt lat="40.738765" lon="-73.961405"><ele>7.8</ele><time>2026-08-06T23:44:45.000Z</time><extensions><gpxtpx:TrackPointExtension><gpxtpx:hr>161</gpxtpx:hr></gpxtpx:TrackPointExtension></extensions></trkpt>
      <trkpt lat="40.738745" lon="-73.961398"><ele>7.8</ele><time>2026-08-06T23:44:46.000Z</time><extensions><gpxtpx:TrackPointExtension><gpxtpx:hr>161</gpxtpx:hr></gpxtpx:TrackPointExtension></extensions></trkpt>
      <trkpt lat="40.738725" lon="-73.961391"><ele>7.6</ele><time>2026-08-06T23:44:47.000Z</time><extensions><gpxtpx:TrackPointExtension><gpxtpx:hr>161</gpxtpx:hr></gpxtpx:TrackPointExtension></extensions></trkpt>
      <trkpt lat="40.738706" lon="-73.961383"><ele>7.6</ele><time>2026-08-06T23:44:48.000Z</time><extensions><gpxtpx:TrackPointExtension><gpxtpx:hr>161</gpxtpx:hr></gpxtpx:TrackPointExtension></extensions></trkpt>
      <trkpt lat="40.738686" lon="-73.961379"><ele>7.6</ele><time>2026-08-06T23:44:49.000Z</time><extensions><gpxtpx:TrackPointExtension><gpxtpx:hr>161</gpxtpx:hr></gpxtpx:TrackPointExtension></extensions></trkpt>
      <trkpt lat="40.738666" lon="-73.961373"><ele>7.6</ele><time>2026-08-06T23:44:50.000Z</time><extensions><gpxtpx:TrackPointExtension><gpxtpx:hr>161</gpxtpx:hr></gpxtpx:TrackPointExtension></extensions></trkpt>
      <trkpt lat="40.738648" lon="-73.961364"><ele>7.6</ele><time>2026-08-06T23:44:51.000Z</time><extensions><gpxtpx:TrackPointExtension><gpxtpx:hr>161</gpxtpx:hr></gpxtpx:TrackPointExtension></extensions></trkpt>
      <trkpt lat="40.738631" lon="-73.961351"><ele>7.6</ele><time>2026-08-06T23:44:52.000Z</time><extensions><gpxtpx:TrackPointExtension><gpxtpx:hr>161</gpxtpx:hr></gpxtpx:TrackPointExtension></extensions></trkpt>
      <trkpt lat="40.738615" lon="-73.961337"><ele>7.6</ele><time>2026-08-06T23:44:53.000Z</time><extensions><gpxtpx:TrackPointExtension><gpxtpx:hr>161</gpxtpx:hr></gpxtpx:TrackPointExtension></extensions></trkpt>
      <trkpt lat="40.7386" lon="-73.961321"><ele>7.6</ele><time>2026-08-06T23:44:54.000Z</time><extensions><gpxtpx:TrackPointExtension><gpxtpx:hr>161</gpxtpx:hr></gpxtpx:TrackPointExtension></extensions></trkpt>
      <trkpt lat="40.738588" lon="-73.961301"><ele>7.6</ele><time>2026-08-06T23:44:55.000Z</time><extensions><gpxtpx:TrackPointExtension><gpxtpx:hr>161</gpxtpx:hr></gpxtpx:TrackPointExtension></extensions></trkpt>
      <trkpt lat="40.73858" lon="-73.961279"><ele>7.4</ele><time>2026-08-06T23:44:56.000Z</time><extensions><gpxtpx:TrackPointExtension><gpxtpx:hr>161</gpxtpx:hr></gpxtpx:TrackPointExtension></extensions></trkpt>
      <trkpt lat="40.738576" lon="-73.961255"><ele>7.4</ele><time>2026-08-06T23:44:57.000Z</time><extensions><gpxtpx:TrackPointExtension><gpxtpx:hr>161</gpxtpx:hr></gpxtpx:TrackPointExtension></extensions></trkpt>
      <trkpt lat="40.738574" lon="-73.961233"><ele>7.4</ele><time>2026-08-06T23:44:58.000Z</time><extensions><gpxtpx:TrackPointExtension><gpxtpx:hr>161</gpxtpx:hr></gpxtpx:TrackPointExtension></extensions></trkpt>
      <trkpt lat="40.738575" lon="-73.961213"><ele>7.4</ele><time>2026-08-06T23:44:59.000Z</time><extensions><gpxtpx:TrackPointExtension><gpxtpx:hr>161</gpxtpx:hr></gpxtpx:TrackPointExtension></extensions></trkpt>
      <trkpt lat="40.738576" lon="-73.961196"><ele>7.4</ele><time>2026-08-06T23:45:00.000Z</time><extensions><gpxtpx:TrackPointExtension><gpxtpx:hr>161</gpxtpx:hr></gpxtpx:TrackPointExtension></extensions></trkpt>
      <trkpt lat="40.73858" lon="-73.961179"><ele>7.2</ele><time>2026-08-06T23:45:01.000Z</time><extensions><gpxtpx:TrackPointExtension><gpxtpx:hr>161</gpxtpx:hr></gpxtpx:TrackPointExtension></extensions></trkpt>
      <trkpt lat="40.738586" lon="-73.961161"><ele>7.2</ele><time>2026-08-06T23:45:02.000Z</time><extensions><gpxtpx:TrackPointExtension><gpxtpx:hr>161</gpxtpx:hr></gpxtpx:TrackPointExtension></extensions></trkpt>
      <trkpt lat="40.738595" lon="-73.961141"><ele>7.2</ele><time>2026-08-06T23:45:03.000Z</time><extensions><gpxtpx:TrackPointExtension><gpxtpx:hr>161</gpxtpx:hr></gpxtpx:TrackPointExtension></extensions></trkpt>
      <trkpt lat="40.738606" lon="-73.961118"><ele>7.2</ele><time>2026-08-06T23:45:04.000Z</time><extensions><gpxtpx:TrackPointExtension><gpxtpx:hr>161</gpxtpx:hr></gpxtpx:TrackPointExtension></extensions></trkpt>
      <trkpt lat="40.738618" lon="-73.961096"><ele>7</ele><time>2026-08-06T23:45:05.000Z</time><extensions><gpxtpx:TrackPointExtension><gpxtpx:hr>167</gpxtpx:hr></gpxtpx:TrackPointExtension></extensions></trkpt>
      <trkpt lat="40.73863" lon="-73.961073"><ele>7</ele><time>2026-08-06T23:45:06.000Z</time><extensions><gpxtpx:TrackPointExtension><gpxtpx:hr>166</gpxtpx:hr></gpxtpx:TrackPointExtension></extensions></trkpt>
      <trkpt lat="40.738641" lon="-73.961049"><ele>7</ele><time>2026-08-06T23:45:07.000Z</time><extensions><gpxtpx:TrackPointExtension><gpxtpx:hr>166</gpxtpx:hr></gpxtpx:TrackPointExtension></extensions></trkpt>
      <trkpt lat="40.738653" lon="-73.961025"><ele>7</ele><time>2026-08-06T23:45:08.000Z</time><extensions><gpxtpx:TrackPointExtension><gpxtpx:hr>166</gpxtpx:hr></gpxtpx:TrackPointExtension></extensions></trkpt>
      <trkpt lat="40.738665" lon="-73.961001"><ele>6.8</ele><time>2026-08-06T23:45:09.000Z</time><extensions><gpxtpx:TrackPointExtension><gpxtpx:hr>166</gpxtpx:hr></gpxtpx:TrackPointExtension></extensions></trkpt>
      <trkpt lat="40.738678" lon="-73.960976"><ele>6.8</ele><time>2026-08-06T23:45:10.000Z</time><extensions><gpxtpx:TrackPointExtension><gpxtpx:hr>166</gpxtpx:hr></gpxtpx:TrackPointExtension></extensions></trkpt>
      <trkpt lat="40.73869" lon="-73.960952"><ele>6.8</ele><time>2026-08-06T23:45:11.000Z</time><extensions><gpxtpx:TrackPointExtension><gpxtpx:hr>165</gpxtpx:hr></gpxtpx:TrackPointExtension></extensions></trkpt>
      <trkpt lat="40.738704" lon="-73.960928"><ele>6.8</ele><time>2026-08-06T23:45:12.000Z</time><extensions><gpxtpx:TrackPointExtension><gpxtpx:hr>165</gpxtpx:hr></gpxtpx:TrackPointExtension></extensions></trkpt>
      <trkpt lat="40.738719" lon="-73.960905"><ele>6.8</ele><time>2026-08-06T23:45:13.000Z</time><extensions><gpxtpx:TrackPointExtension><gpxtpx:hr>165</gpxtpx:hr></gpxtpx:TrackPointExtension></extensions></trkpt>
      <trkpt lat="40.738738" lon="-73.960885"><ele>6.8</ele><time>2026-08-06T23:45:14.000Z</time><extensions><gpxtpx:TrackPointExtension><gpxtpx:hr>165</gpxtpx:hr></gpxtpx:TrackPointExtension></extensions></trkpt>
      <trkpt lat="40.738756" lon="-73.960867"><ele>6.8</ele><time>2026-08-06T23:45:15.000Z</time><extensions><gpxtpx:TrackPointExtension><gpxtpx:hr>165</gpxtpx:hr></gpxtpx:TrackPointExtension></extensions></trkpt>
      <trkpt lat="40.738772" lon="-73.96085"><ele>6.8</ele><time>2026-08-06T23:45:16.000Z</time><extensions><gpxtpx:TrackPointExtension><gpxtpx:hr>165</gpxtpx:hr></gpxtpx:TrackPointExtension></extensions></trkpt>
      <trkpt lat="40.738787" lon="-73.960832"><ele>6.8</ele><time>2026-08-06T23:45:17.000Z</time><extensions><gpxtpx:TrackPointExtension><gpxtpx:hr>167</gpxtpx:hr></gpxtpx:TrackPointExtension></extensions></trkpt>
      <trkpt lat="40.738801" lon="-73.960812"><ele>6.8</ele><time>2026-08-06T23:45:18.000Z</time><extensions><gpxtpx:TrackPointExtension><gpxtpx:hr>167</gpxtpx:hr></gpxtpx:TrackPointExtension></extensions></trkpt>
      <trkpt lat="40.738814" lon="-73.960792"><ele>6.8</ele><time>2026-08-06T23:45:19.000Z</time><extensions><gpxtpx:TrackPointExtension><gpxtpx:hr>167</gpxtpx:hr></gpxtpx:TrackPointExtension></extensions></trkpt>
      <trkpt lat="40.738827" lon="-73.960773"><ele>6.8</ele><time>2026-08-06T23:45:20.000Z</time><extensions><gpxtpx:TrackPointExtension><gpxtpx:hr>167</gpxtpx:hr></gpxtpx:TrackPointExtension></extensions></trkpt>
      <trkpt lat="40.738838" lon="-73.960755"><ele>6.8</ele><time>2026-08-06T23:45:21.000Z</time><extensions><gpxtpx:TrackPointExtension><gpxtpx:hr>162</gpxtpx:hr></gpxtpx:TrackPointExtension></extensions></trkpt>
      <trkpt lat="40.73885" lon="-73.960734"><ele>6.6</ele><time>2026-08-06T23:45:22.000Z</time><extensions><gpxtpx:TrackPointExtension><gpxtpx:hr>162</gpxtpx:hr></gpxtpx:TrackPointExtension></extensions></trkpt>
      <trkpt lat="40.738861" lon="-73.960709"><ele>6.6</ele><time>2026-08-06T23:45:23.000Z</time><extensions><gpxtpx:TrackPointExtension><gpxtpx:hr>162</gpxtpx:hr></gpxtpx:TrackPointExtension></extensions></trkpt>
      <trkpt lat="40.738872" lon="-73.960684"><ele>6.6</ele><time>2026-08-06T23:45:24.000Z</time><extensions><gpxtpx:TrackPointExtension><gpxtpx:hr>162</gpxtpx:hr></gpxtpx:TrackPointExtension></extensions></trkpt>
      <trkpt lat="40.738883" lon="-73.960658"><ele>6.4</ele><time>2026-08-06T23:45:25.000Z</time><extensions><gpxtpx:TrackPointExtension><gpxtpx:hr>162</gpxtpx:hr></gpxtpx:TrackPointExtension></extensions></trkpt>
      <trkpt lat="40.738894" lon="-73.960633"><ele>6.4</ele><time>2026-08-06T23:45:26.000Z</time><extensions><gpxtpx:TrackPointExtension><gpxtpx:hr>162</gpxtpx:hr></gpxtpx:TrackPointExtension></extensions></trkpt>
      <trkpt lat="40.738905" lon="-73.960608"><ele>6.4</ele><time>2026-08-06T23:45:27.000Z</time><extensions><gpxtpx:TrackPointExtension><gpxtpx:hr>162</gpxtpx:hr></gpxtpx:TrackPointExtension></extensions></trkpt>
      <trkpt lat="40.738915" lon="-73.960584"><ele>6.2</ele><time>2026-08-06T23:45:28.000Z</time><extensions><gpxtpx:TrackPointExtension><gpxtpx:hr>162</gpxtpx:hr></gpxtpx:TrackPointExtension></extensions></trkpt>
      <trkpt lat="40.738925" lon="-73.96056"><ele>6.2</ele><time>2026-08-06T23:45:29.000Z</time><extensions><gpxtpx:TrackPointExtension><gpxtpx:hr>162</gpxtpx:hr></gpxtpx:TrackPointExtension></extensions></trkpt>
      <trkpt lat="40.738934" lon="-73.960535"><ele>6</ele><time>2026-08-06T23:45:30.000Z</time><extensions><gpxtpx:TrackPointExtension><gpxtpx:hr>162</gpxtpx:hr></gpxtpx:TrackPointExtension></extensions></trkpt>
      <trkpt lat="40.738943" lon="-73.960506"><ele>6</ele><time>2026-08-06T23:45:31.000Z</time><extensions><gpxtpx:TrackPointExtension><gpxtpx:hr>162</gpxtpx:hr></gpxtpx:TrackPointExtension></extensions></trkpt>
      <trkpt lat="40.738951" lon="-73.960478"><ele>5.8</ele><time>2026-08-06T23:45:32.000Z</time><extensions><gpxtpx:TrackPointExtension><gpxtpx:hr>162</gpxtpx:hr></gpxtpx:TrackPointExtension></extensions></trkpt>
      <trkpt lat="40.738959" lon="-73.96045"><ele>5.8</ele><time>2026-08-06T23:45:33.000Z</time><extensions><gpxtpx:TrackPointExtension><gpxtpx:hr>162</gpxtpx:hr></gpxtpx:TrackPointExtension></extensions></trkpt>
      <trkpt lat="40.738967" lon="-73.960422"><ele>5.6</ele><time>2026-08-06T23:45:34.000Z</time><extensions><gpxtpx:TrackPointExtension><gpxtpx:hr>162</gpxtpx:hr></gpxtpx:TrackPointExtension></extensions></trkpt>
      <trkpt lat="40.738974" lon="-73.960393"><ele>5.6</ele><time>2026-08-06T23:45:35.000Z</time><extensions><gpxtpx:TrackPointExtension><gpxtpx:hr>162</gpxtpx:hr></gpxtpx:TrackPointExtension></extensions></trkpt>
      <trkpt lat="40.738981" lon="-73.960365"><ele>5.4</ele><time>2026-08-06T23:45:36.000Z</time><extensions><gpxtpx:TrackPointExtension><gpxtpx:hr>162</gpxtpx:hr></gpxtpx:TrackPointExtension></extensions></trkpt>
      <trkpt lat="40.738988" lon="-73.960337"><ele>5.4</ele><time>2026-08-06T23:45:37.000Z</time><extensions><gpxtpx:TrackPointExtension><gpxtpx:hr>162</gpxtpx:hr></gpxtpx:TrackPointExtension></extensions></trkpt>
      <trkpt lat="40.738994" lon="-73.960308"><ele>5.2</ele><time>2026-08-06T23:45:38.000Z</time><extensions><gpxtpx:TrackPointExtension><gpxtpx:hr>162</gpxtpx:hr></gpxtpx:TrackPointExtension></extensions></trkpt>
      <trkpt lat="40.739001" lon="-73.960278"><ele>5.2</ele><time>2026-08-06T23:45:39.000Z</time><extensions><gpxtpx:TrackPointExtension><gpxtpx:hr>162</gpxtpx:hr></gpxtpx:TrackPointExtension></extensions></trkpt>
      <trkpt lat="40.739007" lon="-73.960248"><ele>5</ele><time>2026-08-06T23:45:40.000Z</time><extensions><gpxtpx:TrackPointExtension><gpxtpx:hr>162</gpxtpx:hr></gpxtpx:TrackPointExtension></extensions></trkpt>
      <trkpt lat="40.739013" lon="-73.960217"><ele>5</ele><time>2026-08-06T23:45:41.000Z</time><extensions><gpxtpx:TrackPointExtension><gpxtpx:hr>162</gpxtpx:hr></gpxtpx:TrackPointExtension></extensions></trkpt>
      <trkpt lat="40.739019" lon="-73.960186"><ele>5</ele><time>2026-08-06T23:45:42.000Z</time><extensions><gpxtpx:TrackPointExtension><gpxtpx:hr>162</gpxtpx:hr></gpxtpx:TrackPointExtension></extensions></trkpt>
      <trkpt lat="40.739026" lon="-73.960154"><ele>4.8</ele><time>2026-08-06T23:45:43.000Z</time><extensions><gpxtpx:TrackPointExtension><gpxtpx:hr>162</gpxtpx:hr></gpxtpx:TrackPointExtension></extensions></trkpt>
      <trkpt lat="40.739033" lon="-73.960122"><ele>4.8</ele><time>2026-08-06T23:45:44.000Z</time><extensions><gpxtpx:TrackPointExtension><gpxtpx:hr>162</gpxtpx:hr></gpxtpx:TrackPointExtension></extensions></trkpt>
      <trkpt lat="40.739041" lon="-73.96009"><ele>4.6</ele><time>2026-08-06T23:45:45.000Z</time><extensions><gpxtpx:TrackPointExtension><gpxtpx:hr>162</gpxtpx:hr></gpxtpx:TrackPointExtension></extensions></trkpt>
      <trkpt lat="40.739051" lon="-73.960059"><ele>4.6</ele><time>2026-08-06T23:45:46.000Z</time><extensions><gpxtpx:TrackPointExtension><gpxtpx:hr>162</gpxtpx:hr></gpxtpx:TrackPointExtension></extensions></trkpt>
      <trkpt lat="40.739061" lon="-73.960028"><ele>4.6</ele><time>2026-08-06T23:45:47.000Z</time><extensions><gpxtpx:TrackPointExtension><gpxtpx:hr>162</gpxtpx:hr></gpxtpx:TrackPointExtension></extensions></trkpt>
      <trkpt lat="40.739072" lon="-73.959998"><ele>4.4</ele><time>2026-08-06T23:45:48.000Z</time><extensions><gpxtpx:TrackPointExtension><gpxtpx:hr>162</gpxtpx:hr></gpxtpx:TrackPointExtension></extensions></trkpt>
      <trkpt lat="40.739083" lon="-73.959968"><ele>4.4</ele><time>2026-08-06T23:45:49.000Z</time><extensions><gpxtpx:TrackPointExtension><gpxtpx:hr>162</gpxtpx:hr></gpxtpx:TrackPointExtension></extensions></trkpt>
      <trkpt lat="40.739092" lon="-73.959937"><ele>4.4</ele><time>2026-08-06T23:45:50.000Z</time><extensions><gpxtpx:TrackPointExtension><gpxtpx:hr>162</gpxtpx:hr></gpxtpx:TrackPointExtension></extensions></trkpt>
      <trkpt lat="40.739097" lon="-73.959904"><ele>4.2</ele><time>2026-08-06T23:45:51.000Z</time><extensions><gpxtpx:TrackPointExtension><gpxtpx:hr>162</gpxtpx:hr></gpxtpx:TrackPointExtension></extensions></trkpt>
      <trkpt lat="40.7391" lon="-73.95987"><ele>4.2</ele><time>2026-08-06T23:45:52.000Z</time><extensions><gpxtpx:TrackPointExtension><gpxtpx:hr>162</gpxtpx:hr></gpxtpx:TrackPointExtension></extensions></trkpt>
      <trkpt lat="40.739101" lon="-73.959836"><ele>4.2</ele><time>2026-08-06T23:45:53.000Z</time><extensions><gpxtpx:TrackPointExtension><gpxtpx:hr>162</gpxtpx:hr></gpxtpx:TrackPointExtension></extensions></trkpt>
      <trkpt lat="40.739099" lon="-73.959803"><ele>4.2</ele><time>2026-08-06T23:45:54.000Z</time><extensions><gpxtpx:TrackPointExtension><gpxtpx:hr>162</gpxtpx:hr></gpxtpx:TrackPointExtension></extensions></trkpt>
      <trkpt lat="40.739096" lon="-73.95977"><ele>4</ele><time>2026-08-06T23:45:55.000Z</time><extensions><gpxtpx:TrackPointExtension><gpxtpx:hr>162</gpxtpx:hr></gpxtpx:TrackPointExtension></extensions></trkpt>
      <trkpt lat="40.739091" lon="-73.959738"><ele>4</ele><time>2026-08-06T23:45:56.000Z</time><extensions><gpxtpx:TrackPointExtension><gpxtpx:hr>162</gpxtpx:hr></gpxtpx:TrackPointExtension></extensions></trkpt>
      <trkpt lat="40.739086" lon="-73.959706"><ele>4</ele><time>2026-08-06T23:45:57.000Z</time><extensions><gpxtpx:TrackPointExtension><gpxtpx:hr>162</gpxtpx:hr></gpxtpx:TrackPointExtension></extensions></trkpt>
      <trkpt lat="40.73908" lon="-73.959674"><ele>4</ele><time>2026-08-06T23:45:58.000Z</time><extensions><gpxtpx:TrackPointExtension><gpxtpx:hr>162</gpxtpx:hr></gpxtpx:TrackPointExtension></extensions></trkpt>
      <trkpt lat="40.739074" lon="-73.959643"><ele>4</ele><time>2026-08-06T23:45:59.000Z</time><extensions><gpxtpx:TrackPointExtension><gpxtpx:hr>162</gpxtpx:hr></gpxtpx:TrackPointExtension></extensions></trkpt>
      <trkpt lat="40.73907" lon="-73.959613"><ele>4</ele><time>2026-08-06T23:46:00.000Z</time><extensions><gpxtpx:TrackPointExtension><gpxtpx:hr>162</gpxtpx:hr></gpxtpx:TrackPointExtension></extensions></trkpt>
      <trkpt lat="40.739066" lon="-73.959584"><ele>4</ele><time>2026-08-06T23:46:01.000Z</time><extensions><gpxtpx:TrackPointExtension><gpxtpx:hr>162</gpxtpx:hr></gpxtpx:TrackPointExtension></extensions></trkpt>
      <trkpt lat="40.739061" lon="-73.959555"><ele>3.8</ele><time>2026-08-06T23:46:02.000Z</time><extensions><gpxtpx:TrackPointExtension><gpxtpx:hr>162</gpxtpx:hr></gpxtpx:TrackPointExtension></extensions></trkpt>
      <trkpt lat="40.739056" lon="-73.959527"><ele>3.8</ele><time>2026-08-06T23:46:03.000Z</time><extensions><gpxtpx:TrackPointExtension><gpxtpx:hr>162</gpxtpx:hr></gpxtpx:TrackPointExtension></extensions></trkpt>
      <trkpt lat="40.739051" lon="-73.959499"><ele>3.8</ele><time>2026-08-06T23:46:04.000Z</time><extensions><gpxtpx:TrackPointExtension><gpxtpx:hr>162</gpxtpx:hr></gpxtpx:TrackPointExtension></extensions></trkpt>
      <trkpt lat="40.739047" lon="-73.959474"><ele>3.8</ele><time>2026-08-06T23:46:05.000Z</time><extensions><gpxtpx:TrackPointExtension><gpxtpx:hr>114</gpxtpx:hr></gpxtpx:TrackPointExtension></extensions></trkpt>
      <trkpt lat="40.739044" lon="-73.959453"><ele>3.8</ele><time>2026-08-06T23:46:06.000Z</time><extensions><gpxtpx:TrackPointExtension><gpxtpx:hr>114</gpxtpx:hr></gpxtpx:TrackPointExtension></extensions></trkpt>
      <trkpt lat="40.739042" lon="-73.959439"><ele>3.8</ele><time>2026-08-06T23:46:07.000Z</time><extensions><gpxtpx:TrackPointExtension><gpxtpx:hr>114</gpxtpx:hr></gpxtpx:TrackPointExtension></extensions></trkpt>
      <trkpt lat="40.739028" lon="-73.959334"><ele>5.2</ele><time>2026-08-06T23:46:19.000Z</time><extensions><gpxtpx:TrackPointExtension><gpxtpx:hr>108</gpxtpx:hr></gpxtpx:TrackPointExtension></extensions></trkpt>
      <trkpt lat="40.739024" lon="-73.959305"><ele>5.4</ele><time>2026-08-06T23:46:20.000Z</time><extensions><gpxtpx:TrackPointExtension><gpxtpx:hr>108</gpxtpx:hr></gpxtpx:TrackPointExtension></extensions></trkpt>
      <trkpt lat="40.739022" lon="-73.959276"><ele>5.4</ele><time>2026-08-06T23:46:21.000Z</time><extensions><gpxtpx:TrackPointExtension><gpxtpx:hr>108</gpxtpx:hr></gpxtpx:TrackPointExtension></extensions></trkpt>
      <trkpt lat="40.739019" lon="-73.959248"><ele>5.2</ele><time>2026-08-06T23:46:22.000Z</time><extensions><gpxtpx:TrackPointExtension><gpxtpx:hr>108</gpxtpx:hr></gpxtpx:TrackPointExtension></extensions></trkpt>
      <trkpt lat="40.739017" lon="-73.959221"><ele>5</ele><time>2026-08-06T23:46:23.000Z</time><extensions><gpxtpx:TrackPointExtension><gpxtpx:hr>108</gpxtpx:hr></gpxtpx:TrackPointExtension></extensions></trkpt>
      <trkpt lat="40.739015" lon="-73.959196"><ele>4.8</ele><time>2026-08-06T23:46:24.000Z</time><extensions><gpxtpx:TrackPointExtension><gpxtpx:hr>107</gpxtpx:hr></gpxtpx:TrackPointExtension></extensions></trkpt>
      <trkpt lat="40.739015" lon="-73.95917"><ele>4.4</ele><time>2026-08-06T23:46:25.000Z</time><extensions><gpxtpx:TrackPointExtension><gpxtpx:hr>107</gpxtpx:hr></gpxtpx:TrackPointExtension></extensions></trkpt>
      <trkpt lat="40.739018" lon="-73.959144"><ele>4.2</ele><time>2026-08-06T23:46:26.000Z</time><extensions><gpxtpx:TrackPointExtension><gpxtpx:hr>107</gpxtpx:hr></gpxtpx:TrackPointExtension></extensions></trkpt>
      <trkpt lat="40.739025" lon="-73.959118"><ele>4</ele><time>2026-08-06T23:46:27.000Z</time><extensions><gpxtpx:TrackPointExtension><gpxtpx:hr>107</gpxtpx:hr></gpxtpx:TrackPointExtension></extensions></trkpt>
      <trkpt lat="40.739036" lon="-73.959092"><ele>3.8</ele><time>2026-08-06T23:46:28.000Z</time><extensions><gpxtpx:TrackPointExtension><gpxtpx:hr>107</gpxtpx:hr></gpxtpx:TrackPointExtension></extensions></trkpt>
      <trkpt lat="40.739048" lon="-73.959067"><ele>3.6</ele><time>2026-08-06T23:46:29.000Z</time><extensions><gpxtpx:TrackPointExtension><gpxtpx:hr>107</gpxtpx:hr></gpxtpx:TrackPointExtension></extensions></trkpt>
      <trkpt lat="40.739063" lon="-73.959043"><ele>3.4</ele><time>2026-08-06T23:46:30.000Z</time><extensions><gpxtpx:TrackPointExtension><gpxtpx:hr>107</gpxtpx:hr></gpxtpx:TrackPointExtension></extensions></trkpt>
      <trkpt lat="40.739077" lon="-73.95902"><ele>3.4</ele><time>2026-08-06T23:46:31.000Z</time><extensions><gpxtpx:TrackPointExtension><gpxtpx:hr>107</gpxtpx:hr></gpxtpx:TrackPointExtension></extensions></trkpt>
      <trkpt lat="40.739091" lon="-73.958999"><ele>3.4</ele><time>2026-08-06T23:46:32.000Z</time><extensions><gpxtpx:TrackPointExtension><gpxtpx:hr>107</gpxtpx:hr></gpxtpx:TrackPointExtension></extensions></trkpt>
      <trkpt lat="40.739105" lon="-73.958978"><ele>3.4</ele><time>2026-08-06T23:46:33.000Z</time><extensions><gpxtpx:TrackPointExtension><gpxtpx:hr>107</gpxtpx:hr></gpxtpx:TrackPointExtension></extensions></trkpt>
      <trkpt lat="40.739118" lon="-73.958957"><ele>3.2</ele><time>2026-08-06T23:46:34.000Z</time><extensions><gpxtpx:TrackPointExtension><gpxtpx:hr>107</gpxtpx:hr></gpxtpx:TrackPointExtension></extensions></trkpt>
      <trkpt lat="40.739133" lon="-73.958938"><ele>3.2</ele><time>2026-08-06T23:46:35.000Z</time><extensions><gpxtpx:TrackPointExtension><gpxtpx:hr>107</gpxtpx:hr></gpxtpx:TrackPointExtension></extensions></trkpt>
      <trkpt lat="40.739147" lon="-73.95892"><ele>3.2</ele><time>2026-08-06T23:46:36.000Z</time><extensions><gpxtpx:TrackPointExtension><gpxtpx:hr>108</gpxtpx:hr></gpxtpx:TrackPointExtension></extensions></trkpt>
      <trkpt lat="40.739162" lon="-73.958903"><ele>3.4</ele><time>2026-08-06T23:46:37.000Z</time><extensions><gpxtpx:TrackPointExtension><gpxtpx:hr>108</gpxtpx:hr></gpxtpx:TrackPointExtension></extensions></trkpt>
      <trkpt lat="40.739178" lon="-73.958886"><ele>3.4</ele><time>2026-08-06T23:46:38.000Z</time><extensions><gpxtpx:TrackPointExtension><gpxtpx:hr>108</gpxtpx:hr></gpxtpx:TrackPointExtension></extensions></trkpt>
      <trkpt lat="40.739195" lon="-73.958869"><ele>3.4</ele><time>2026-08-06T23:46:39.000Z</time><extensions><gpxtpx:TrackPointExtension><gpxtpx:hr>108</gpxtpx:hr></gpxtpx:TrackPointExtension></extensions></trkpt>
      <trkpt lat="40.739212" lon="-73.958851"><ele>3.4</ele><time>2026-08-06T23:46:40.000Z</time><extensions><gpxtpx:TrackPointExtension><gpxtpx:hr>108</gpxtpx:hr></gpxtpx:TrackPointExtension></extensions></trkpt>
      <trkpt lat="40.739227" lon="-73.958833"><ele>3.4</ele><time>2026-08-06T23:46:41.000Z</time><extensions><gpxtpx:TrackPointExtension><gpxtpx:hr>108</gpxtpx:hr></gpxtpx:TrackPointExtension></extensions></trkpt>
      <trkpt lat="40.739242" lon="-73.958815"><ele>3.4</ele><time>2026-08-06T23:46:42.000Z</time><extensions><gpxtpx:TrackPointExtension><gpxtpx:hr>108</gpxtpx:hr></gpxtpx:TrackPointExtension></extensions></trkpt>
      <trkpt lat="40.739255" lon="-73.958797"><ele>3.4</ele><time>2026-08-06T23:46:43.000Z</time><extensions><gpxtpx:TrackPointExtension><gpxtpx:hr>108</gpxtpx:hr></gpxtpx:TrackPointExtension></extensions></trkpt>
      <trkpt lat="40.739266" lon="-73.958778"><ele>3.6</ele><time>2026-08-06T23:46:44.000Z</time><extensions><gpxtpx:TrackPointExtension><gpxtpx:hr>108</gpxtpx:hr></gpxtpx:TrackPointExtension></extensions></trkpt>
      <trkpt lat="40.739277" lon="-73.958757"><ele>3.6</ele><time>2026-08-06T23:46:45.000Z</time><extensions><gpxtpx:TrackPointExtension><gpxtpx:hr>112</gpxtpx:hr></gpxtpx:TrackPointExtension></extensions></trkpt>
      <trkpt lat="40.739287" lon="-73.958734"><ele>3.6</ele><time>2026-08-06T23:46:46.000Z</time><extensions><gpxtpx:TrackPointExtension><gpxtpx:hr>112</gpxtpx:hr></gpxtpx:TrackPointExtension></extensions></trkpt>
      <trkpt lat="40.739297" lon="-73.958709"><ele>3.6</ele><time>2026-08-06T23:46:47.000Z</time><extensions><gpxtpx:TrackPointExtension><gpxtpx:hr>112</gpxtpx:hr></gpxtpx:TrackPointExtension></extensions></trkpt>
      <trkpt lat="40.739307" lon="-73.958684"><ele>3.8</ele><time>2026-08-06T23:46:48.000Z</time><extensions><gpxtpx:TrackPointExtension><gpxtpx:hr>113</gpxtpx:hr></gpxtpx:TrackPointExtension></extensions></trkpt>
      <trkpt lat="40.739319" lon="-73.958662"><ele>3.8</ele><time>2026-08-06T23:46:49.000Z</time><extensions><gpxtpx:TrackPointExtension><gpxtpx:hr>113</gpxtpx:hr></gpxtpx:TrackPointExtension></extensions></trkpt>
      <trkpt lat="40.739333" lon="-73.958641"><ele>3.8</ele><time>2026-08-06T23:46:50.000Z</time><extensions><gpxtpx:TrackPointExtension><gpxtpx:hr>113</gpxtpx:hr></gpxtpx:TrackPointExtension></extensions></trkpt>
      <trkpt lat="40.739348" lon="-73.958621"><ele>3.8</ele><time>2026-08-06T23:46:51.000Z</time><extensions><gpxtpx:TrackPointExtension><gpxtpx:hr>113</gpxtpx:hr></gpxtpx:TrackPointExtension></extensions></trkpt>
      <trkpt lat="40.739364" lon="-73.958601"><ele>3.8</ele><time>2026-08-06T23:46:52.000Z</time><extensions><gpxtpx:TrackPointExtension><gpxtpx:hr>113</gpxtpx:hr></gpxtpx:TrackPointExtension></extensions></trkpt>
      <trkpt lat="40.739378" lon="-73.958582"><ele>4</ele><time>2026-08-06T23:46:53.000Z</time><extensions><gpxtpx:TrackPointExtension><gpxtpx:hr>112</gpxtpx:hr></gpxtpx:TrackPointExtension></extensions></trkpt>
      <trkpt lat="40.739391" lon="-73.958562"><ele>4</ele><time>2026-08-06T23:46:54.000Z</time><extensions><gpxtpx:TrackPointExtension><gpxtpx:hr>112</gpxtpx:hr></gpxtpx:TrackPointExtension></extensions></trkpt>
      <trkpt lat="40.739404" lon="-73.958541"><ele>4</ele><time>2026-08-06T23:46:55.000Z</time><extensions><gpxtpx:TrackPointExtension><gpxtpx:hr>112</gpxtpx:hr></gpxtpx:TrackPointExtension></extensions></trkpt>
      <trkpt lat="40.739417" lon="-73.958521"><ele>4</ele><time>2026-08-06T23:46:56.000Z</time><extensions><gpxtpx:TrackPointExtension><gpxtpx:hr>112</gpxtpx:hr></gpxtpx:TrackPointExtension></extensions></trkpt>
      <trkpt lat="40.739429" lon="-73.958501"><ele>4</ele><time>2026-08-06T23:46:57.000Z</time><extensions><gpxtpx:TrackPointExtension><gpxtpx:hr>112</gpxtpx:hr></gpxtpx:TrackPointExtension></extensions></trkpt>
      <trkpt lat="40.739432" lon="-73.958479"><ele>4</ele><time>2026-08-06T23:46:58.000Z</time><extensions><gpxtpx:TrackPointExtension><gpxtpx:hr>112</gpxtpx:hr></gpxtpx:TrackPointExtension></extensions></trkpt>
      <trkpt lat="40.739443" lon="-73.958457"><ele>4</ele><time>2026-08-06T23:46:59.000Z</time><extensions><gpxtpx:TrackPointExtension><gpxtpx:hr>112</gpxtpx:hr></gpxtpx:TrackPointExtension></extensions></trkpt>
      <trkpt lat="40.739453" lon="-73.958435"><ele>4</ele><time>2026-08-06T23:47:00.000Z</time><extensions><gpxtpx:TrackPointExtension><gpxtpx:hr>112</gpxtpx:hr></gpxtpx:TrackPointExtension></extensions></trkpt>
      <trkpt lat="40.739465" lon="-73.958413"><ele>4</ele><time>2026-08-06T23:47:01.000Z</time><extensions><gpxtpx:TrackPointExtension><gpxtpx:hr>112</gpxtpx:hr></gpxtpx:TrackPointExtension></extensions></trkpt>
      <trkpt lat="40.739477" lon="-73.958393"><ele>4</ele><time>2026-08-06T23:47:02.000Z</time><extensions><gpxtpx:TrackPointExtension><gpxtpx:hr>112</gpxtpx:hr></gpxtpx:TrackPointExtension></extensions></trkpt>
      <trkpt lat="40.73949" lon="-73.958374"><ele>4</ele><time>2026-08-06T23:47:03.000Z</time><extensions><gpxtpx:TrackPointExtension><gpxtpx:hr>112</gpxtpx:hr></gpxtpx:TrackPointExtension></extensions></trkpt>
      <trkpt lat="40.739504" lon="-73.958356"><ele>3.8</ele><time>2026-08-06T23:47:04.000Z</time><extensions><gpxtpx:TrackPointExtension><gpxtpx:hr>108</gpxtpx:hr></gpxtpx:TrackPointExtension></extensions></trkpt>
      <trkpt lat="40.739517" lon="-73.958339"><ele>3.8</ele><time>2026-08-06T23:47:05.000Z</time><extensions><gpxtpx:TrackPointExtension><gpxtpx:hr>108</gpxtpx:hr></gpxtpx:TrackPointExtension></extensions></trkpt>
      <trkpt lat="40.73953" lon="-73.958321"><ele>3.8</ele><time>2026-08-06T23:47:06.000Z</time><extensions><gpxtpx:TrackPointExtension><gpxtpx:hr>108</gpxtpx:hr></gpxtpx:TrackPointExtension></extensions></trkpt>
      <trkpt lat="40.739543" lon="-73.958303"><ele>4</ele><time>2026-08-06T23:47:07.000Z</time><extensions><gpxtpx:TrackPointExtension><gpxtpx:hr>108</gpxtpx:hr></gpxtpx:TrackPointExtension></extensions></trkpt>
      <trkpt lat="40.739554" lon="-73.958286"><ele>4</ele><time>2026-08-06T23:47:08.000Z</time><extensions><gpxtpx:TrackPointExtension><gpxtpx:hr>108</gpxtpx:hr></gpxtpx:TrackPointExtension></extensions></trkpt>
      <trkpt lat="40.739566" lon="-73.958269"><ele>4</ele><time>2026-08-06T23:47:09.000Z</time><extensions><gpxtpx:TrackPointExtension><gpxtpx:hr>108</gpxtpx:hr></gpxtpx:TrackPointExtension></extensions></trkpt>
      <trkpt lat="40.73958" lon="-73.958252"><ele>4</ele><time>2026-08-06T23:47:10.000Z</time><extensions><gpxtpx:TrackPointExtension><gpxtpx:hr>112</gpxtpx:hr></gpxtpx:TrackPointExtension></extensions></trkpt>
      <trkpt lat="40.739596" lon="-73.958235"><ele>4</ele><time>2026-08-06T23:47:11.000Z</time><extensions><gpxtpx:TrackPointExtension><gpxtpx:hr>113</gpxtpx:hr></gpxtpx:TrackPointExtension></extensions></trkpt>
      <trkpt lat="40.739613" lon="-73.958217"><ele>4</ele><time>2026-08-06T23:47:12.000Z</time><extensions><gpxtpx:TrackPointExtension><gpxtpx:hr>113</gpxtpx:hr></gpxtpx:TrackPointExtension></extensions></trkpt>
      <trkpt lat="40.739627" lon="-73.958197"><ele>4</ele><time>2026-08-06T23:47:13.000Z</time><extensions><gpxtpx:TrackPointExtension><gpxtpx:hr>113</gpxtpx:hr></gpxtpx:TrackPointExtension></extensions></trkpt>
      <trkpt lat="40.739634" lon="-73.958174"><ele>4</ele><time>2026-08-06T23:47:14.000Z</time><extensions><gpxtpx:TrackPointExtension><gpxtpx:hr>113</gpxtpx:hr></gpxtpx:TrackPointExtension></extensions></trkpt>
      <trkpt lat="40.739633" lon="-73.95815"><ele>4</ele><time>2026-08-06T23:47:15.000Z</time><extensions><gpxtpx:TrackPointExtension><gpxtpx:hr>113</gpxtpx:hr></gpxtpx:TrackPointExtension></extensions></trkpt>
      <trkpt lat="40.739625" lon="-73.958124"><ele>4</ele><time>2026-08-06T23:47:16.000Z</time><extensions><gpxtpx:TrackPointExtension><gpxtpx:hr>113</gpxtpx:hr></gpxtpx:TrackPointExtension></extensions></trkpt>
      <trkpt lat="40.739612" lon="-73.958098"><ele>4</ele><time>2026-08-06T23:47:17.000Z</time><extensions><gpxtpx:TrackPointExtension><gpxtpx:hr>114</gpxtpx:hr></gpxtpx:TrackPointExtension></extensions></trkpt>
      <trkpt lat="40.739596" lon="-73.958075"><ele>3.8</ele><time>2026-08-06T23:47:18.000Z</time><extensions><gpxtpx:TrackPointExtension><gpxtpx:hr>114</gpxtpx:hr></gpxtpx:TrackPointExtension></extensions></trkpt>
      <trkpt lat="40.739578" lon="-73.958055"><ele>3.8</ele><time>2026-08-06T23:47:19.000Z</time><extensions><gpxtpx:TrackPointExtension><gpxtpx:hr>114</gpxtpx:hr></gpxtpx:TrackPointExtension></extensions></trkpt>
      <trkpt lat="40.739557" lon="-73.958043"><ele>3.8</ele><time>2026-08-06T23:47:20.000Z</time><extensions><gpxtpx:TrackPointExtension><gpxtpx:hr>114</gpxtpx:hr></gpxtpx:TrackPointExtension></extensions></trkpt>
      <trkpt lat="40.739534" lon="-73.958039"><ele>3.8</ele><time>2026-08-06T23:47:21.000Z</time><extensions><gpxtpx:TrackPointExtension><gpxtpx:hr>114</gpxtpx:hr></gpxtpx:TrackPointExtension></extensions></trkpt>
      <trkpt lat="40.739508" lon="-73.958045"><ele>3.6</ele><time>2026-08-06T23:47:22.000Z</time><extensions><gpxtpx:TrackPointExtension><gpxtpx:hr>114</gpxtpx:hr></gpxtpx:TrackPointExtension></extensions></trkpt>
      <trkpt lat="40.739483" lon="-73.958058"><ele>3.6</ele><time>2026-08-06T23:47:23.000Z</time><extensions><gpxtpx:TrackPointExtension><gpxtpx:hr>114</gpxtpx:hr></gpxtpx:TrackPointExtension></extensions></trkpt>
      <trkpt lat="40.739461" lon="-73.958072"><ele>3.6</ele><time>2026-08-06T23:47:24.000Z</time><extensions><gpxtpx:TrackPointExtension><gpxtpx:hr>114</gpxtpx:hr></gpxtpx:TrackPointExtension></extensions></trkpt>
      <trkpt lat="40.739441" lon="-73.958085"><ele>3.4</ele><time>2026-08-06T23:47:25.000Z</time><extensions><gpxtpx:TrackPointExtension><gpxtpx:hr>113</gpxtpx:hr></gpxtpx:TrackPointExtension></extensions></trkpt>
      <trkpt lat="40.739422" lon="-73.958099"><ele>3.4</ele><time>2026-08-06T23:47:26.000Z</time><extensions><gpxtpx:TrackPointExtension><gpxtpx:hr>113</gpxtpx:hr></gpxtpx:TrackPointExtension></extensions></trkpt>
      <trkpt lat="40.739403" lon="-73.958116"><ele>3.4</ele><time>2026-08-06T23:47:27.000Z</time><extensions><gpxtpx:TrackPointExtension><gpxtpx:hr>113</gpxtpx:hr></gpxtpx:TrackPointExtension></extensions></trkpt>
      <trkpt lat="40.739386" lon="-73.958136"><ele>3.2</ele><time>2026-08-06T23:47:28.000Z</time><extensions><gpxtpx:TrackPointExtension><gpxtpx:hr>113</gpxtpx:hr></gpxtpx:TrackPointExtension></extensions></trkpt>
      <trkpt lat="40.739369" lon="-73.958157"><ele>3.2</ele><time>2026-08-06T23:47:29.000Z</time><extensions><gpxtpx:TrackPointExtension><gpxtpx:hr>114</gpxtpx:hr></gpxtpx:TrackPointExtension></extensions></trkpt>
      <trkpt lat="40.739353" lon="-73.958179"><ele>3.2</ele><time>2026-08-06T23:47:30.000Z</time><extensions><gpxtpx:TrackPointExtension><gpxtpx:hr>114</gpxtpx:hr></gpxtpx:TrackPointExtension></extensions></trkpt>
      <trkpt lat="40.739338" lon="-73.958201"><ele>3.2</ele><time>2026-08-06T23:47:31.000Z</time><extensions><gpxtpx:TrackPointExtension><gpxtpx:hr>114</gpxtpx:hr></gpxtpx:TrackPointExtension></extensions></trkpt>
      <trkpt lat="40.739327" lon="-73.958223"><ele>3.2</ele><time>2026-08-06T23:47:32.000Z</time><extensions><gpxtpx:TrackPointExtension><gpxtpx:hr>114</gpxtpx:hr></gpxtpx:TrackPointExtension></extensions></trkpt>
      <trkpt lat="40.739318" lon="-73.958247"><ele>3.2</ele><time>2026-08-06T23:47:33.000Z</time><extensions><gpxtpx:TrackPointExtension><gpxtpx:hr>114</gpxtpx:hr></gpxtpx:TrackPointExtension></extensions></trkpt>
      <trkpt lat="40.739312" lon="-73.958272"><ele>3.2</ele><time>2026-08-06T23:47:34.000Z</time><extensions><gpxtpx:TrackPointExtension><gpxtpx:hr>114</gpxtpx:hr></gpxtpx:TrackPointExtension></extensions></trkpt>
      <trkpt lat="40.739309" lon="-73.958298"><ele>3.2</ele><time>2026-08-06T23:47:35.000Z</time><extensions><gpxtpx:TrackPointExtension><gpxtpx:hr>114</gpxtpx:hr></gpxtpx:TrackPointExtension></extensions></trkpt>
      <trkpt lat="40.739306" lon="-73.958325"><ele>3.2</ele><time>2026-08-06T23:47:36.000Z</time><extensions><gpxtpx:TrackPointExtension><gpxtpx:hr>114</gpxtpx:hr></gpxtpx:TrackPointExtension></extensions></trkpt>
      <trkpt lat="40.739301" lon="-73.958352"><ele>3.2</ele><time>2026-08-06T23:47:37.000Z</time><extensions><gpxtpx:TrackPointExtension><gpxtpx:hr>115</gpxtpx:hr></gpxtpx:TrackPointExtension></extensions></trkpt>
      <trkpt lat="40.739293" lon="-73.958377"><ele>3.4</ele><time>2026-08-06T23:47:38.000Z</time><extensions><gpxtpx:TrackPointExtension><gpxtpx:hr>115</gpxtpx:hr></gpxtpx:TrackPointExtension></extensions></trkpt>
      <trkpt lat="40.739281" lon="-73.958401"><ele>3.4</ele><time>2026-08-06T23:47:39.000Z</time><extensions><gpxtpx:TrackPointExtension><gpxtpx:hr>115</gpxtpx:hr></gpxtpx:TrackPointExtension></extensions></trkpt>
      <trkpt lat="40.739266" lon="-73.958422"><ele>3.4</ele><time>2026-08-06T23:47:40.000Z</time><extensions><gpxtpx:TrackPointExtension><gpxtpx:hr>115</gpxtpx:hr></gpxtpx:TrackPointExtension></extensions></trkpt>
      <trkpt lat="40.739247" lon="-73.95844"><ele>3.2</ele><time>2026-08-06T23:47:41.000Z</time><extensions><gpxtpx:TrackPointExtension><gpxtpx:hr>115</gpxtpx:hr></gpxtpx:TrackPointExtension></extensions></trkpt>
      <trkpt lat="40.739228" lon="-73.958456"><ele>3.2</ele><time>2026-08-06T23:47:42.000Z</time><extensions><gpxtpx:TrackPointExtension><gpxtpx:hr>115</gpxtpx:hr></gpxtpx:TrackPointExtension></extensions></trkpt>
      <trkpt lat="40.73921" lon="-73.958474"><ele>3.2</ele><time>2026-08-06T23:47:43.000Z</time><extensions><gpxtpx:TrackPointExtension><gpxtpx:hr>115</gpxtpx:hr></gpxtpx:TrackPointExtension></extensions></trkpt>
      <trkpt lat="40.739194" lon="-73.958495"><ele>3.2</ele><time>2026-08-06T23:47:44.000Z</time><extensions><gpxtpx:TrackPointExtension><gpxtpx:hr>115</gpxtpx:hr></gpxtpx:TrackPointExtension></extensions></trkpt>
      <trkpt lat="40.739178" lon="-73.958519"><ele>3.2</ele><time>2026-08-06T23:47:45.000Z</time><extensions><gpxtpx:TrackPointExtension><gpxtpx:hr>116</gpxtpx:hr></gpxtpx:TrackPointExtension></extensions></trkpt>
      <trkpt lat="40.739165" lon="-73.958544"><ele>3.2</ele><time>2026-08-06T23:47:46.000Z</time><extensions><gpxtpx:TrackPointExtension><gpxtpx:hr>116</gpxtpx:hr></gpxtpx:TrackPointExtension></extensions></trkpt>
      <trkpt lat="40.739152" lon="-73.95857"><ele>3.2</ele><time>2026-08-06T23:47:47.000Z</time><extensions><gpxtpx:TrackPointExtension><gpxtpx:hr>116</gpxtpx:hr></gpxtpx:TrackPointExtension></extensions></trkpt>
      <trkpt lat="40.73914" lon="-73.958596"><ele>3.2</ele><time>2026-08-06T23:47:48.000Z</time><extensions><gpxtpx:TrackPointExtension><gpxtpx:hr>116</gpxtpx:hr></gpxtpx:TrackPointExtension></extensions></trkpt>
      <trkpt lat="40.739128" lon="-73.958621"><ele>3.2</ele><time>2026-08-06T23:47:49.000Z</time><extensions><gpxtpx:TrackPointExtension><gpxtpx:hr>116</gpxtpx:hr></gpxtpx:TrackPointExtension></extensions></trkpt>
      <trkpt lat="40.739116" lon="-73.958645"><ele>3.2</ele><time>2026-08-06T23:47:50.000Z</time><extensions><gpxtpx:TrackPointExtension><gpxtpx:hr>120</gpxtpx:hr></gpxtpx:TrackPointExtension></extensions></trkpt>
      <trkpt lat="40.739104" lon="-73.95867"><ele>3.2</ele><time>2026-08-06T23:47:51.000Z</time><extensions><gpxtpx:TrackPointExtension><gpxtpx:hr>120</gpxtpx:hr></gpxtpx:TrackPointExtension></extensions></trkpt>
      <trkpt lat="40.739092" lon="-73.958697"><ele>3.2</ele><time>2026-08-06T23:47:52.000Z</time><extensions><gpxtpx:TrackPointExtension><gpxtpx:hr>120</gpxtpx:hr></gpxtpx:TrackPointExtension></extensions></trkpt>
      <trkpt lat="40.739081" lon="-73.958724"><ele>3</ele><time>2026-08-06T23:47:53.000Z</time><extensions><gpxtpx:TrackPointExtension><gpxtpx:hr>120</gpxtpx:hr></gpxtpx:TrackPointExtension></extensions></trkpt>
      <trkpt lat="40.739069" lon="-73.958752"><ele>3</ele><time>2026-08-06T23:47:54.000Z</time><extensions><gpxtpx:TrackPointExtension><gpxtpx:hr>121</gpxtpx:hr></gpxtpx:TrackPointExtension></extensions></trkpt>
      <trkpt lat="40.739056" lon="-73.958779"><ele>3</ele><time>2026-08-06T23:47:55.000Z</time><extensions><gpxtpx:TrackPointExtension><gpxtpx:hr>121</gpxtpx:hr></gpxtpx:TrackPointExtension></extensions></trkpt>
      <trkpt lat="40.739044" lon="-73.958804"><ele>3</ele><time>2026-08-06T23:47:56.000Z</time><extensions><gpxtpx:TrackPointExtension><gpxtpx:hr>121</gpxtpx:hr></gpxtpx:TrackPointExtension></extensions></trkpt>
      <trkpt lat="40.739033" lon="-73.95883"><ele>3</ele><time>2026-08-06T23:47:57.000Z</time><extensions><gpxtpx:TrackPointExtension><gpxtpx:hr>121</gpxtpx:hr></gpxtpx:TrackPointExtension></extensions></trkpt>
      <trkpt lat="40.739022" lon="-73.958855"><ele>3</ele><time>2026-08-06T23:47:58.000Z</time><extensions><gpxtpx:TrackPointExtension><gpxtpx:hr>121</gpxtpx:hr></gpxtpx:TrackPointExtension></extensions></trkpt>
      <trkpt lat="40.73901" lon="-73.958882"><ele>3</ele><time>2026-08-06T23:47:59.000Z</time><extensions><gpxtpx:TrackPointExtension><gpxtpx:hr>121</gpxtpx:hr></gpxtpx:TrackPointExtension></extensions></trkpt>
      <trkpt lat="40.738999" lon="-73.958909"><ele>3</ele><time>2026-08-06T23:48:00.000Z</time><extensions><gpxtpx:TrackPointExtension><gpxtpx:hr>121</gpxtpx:hr></gpxtpx:TrackPointExtension></extensions></trkpt>
      <trkpt lat="40.738989" lon="-73.958935"><ele>3</ele><time>2026-08-06T23:48:01.000Z</time><extensions><gpxtpx:TrackPointExtension><gpxtpx:hr>121</gpxtpx:hr></gpxtpx:TrackPointExtension></extensions></trkpt>
      <trkpt lat="40.738979" lon="-73.958961"><ele>3</ele><time>2026-08-06T23:48:02.000Z</time><extensions><gpxtpx:TrackPointExtension><gpxtpx:hr>121</gpxtpx:hr></gpxtpx:TrackPointExtension></extensions></trkpt>
      <trkpt lat="40.73897" lon="-73.958988"><ele>3</ele><time>2026-08-06T23:48:03.000Z</time><extensions><gpxtpx:TrackPointExtension><gpxtpx:hr>121</gpxtpx:hr></gpxtpx:TrackPointExtension></extensions></trkpt>
      <trkpt lat="40.738964" lon="-73.959017"><ele>2.8</ele><time>2026-08-06T23:48:04.000Z</time><extensions><gpxtpx:TrackPointExtension><gpxtpx:hr>121</gpxtpx:hr></gpxtpx:TrackPointExtension></extensions></trkpt>
      <trkpt lat="40.738961" lon="-73.959048"><ele>2.8</ele><time>2026-08-06T23:48:05.000Z</time><extensions><gpxtpx:TrackPointExtension><gpxtpx:hr>122</gpxtpx:hr></gpxtpx:TrackPointExtension></extensions></trkpt>
      <trkpt lat="40.738961" lon="-73.95908"><ele>2.8</ele><time>2026-08-06T23:48:06.000Z</time><extensions><gpxtpx:TrackPointExtension><gpxtpx:hr>122</gpxtpx:hr></gpxtpx:TrackPointExtension></extensions></trkpt>
      <trkpt lat="40.738965" lon="-73.959113"><ele>2.8</ele><time>2026-08-06T23:48:07.000Z</time><extensions><gpxtpx:TrackPointExtension><gpxtpx:hr>122</gpxtpx:hr></gpxtpx:TrackPointExtension></extensions></trkpt>
      <trkpt lat="40.738972" lon="-73.959145"><ele>3</ele><time>2026-08-06T23:48:08.000Z</time><extensions><gpxtpx:TrackPointExtension><gpxtpx:hr>122</gpxtpx:hr></gpxtpx:TrackPointExtension></extensions></trkpt>
      <trkpt lat="40.738979" lon="-73.959176"><ele>3</ele><time>2026-08-06T23:48:09.000Z</time><extensions><gpxtpx:TrackPointExtension><gpxtpx:hr>122</gpxtpx:hr></gpxtpx:TrackPointExtension></extensions></trkpt>
      <trkpt lat="40.738987" lon="-73.959207"><ele>3</ele><time>2026-08-06T23:48:10.000Z</time><extensions><gpxtpx:TrackPointExtension><gpxtpx:hr>122</gpxtpx:hr></gpxtpx:TrackPointExtension></extensions></trkpt>
      <trkpt lat="40.738995" lon="-73.959237"><ele>3</ele><time>2026-08-06T23:48:11.000Z</time><extensions><gpxtpx:TrackPointExtension><gpxtpx:hr>122</gpxtpx:hr></gpxtpx:TrackPointExtension></extensions></trkpt>
      <trkpt lat="40.739004" lon="-73.959268"><ele>3</ele><time>2026-08-06T23:48:12.000Z</time><extensions><gpxtpx:TrackPointExtension><gpxtpx:hr>122</gpxtpx:hr></gpxtpx:TrackPointExtension></extensions></trkpt>
      <trkpt lat="40.739013" lon="-73.959298"><ele>3</ele><time>2026-08-06T23:48:13.000Z</time><extensions><gpxtpx:TrackPointExtension><gpxtpx:hr>122</gpxtpx:hr></gpxtpx:TrackPointExtension></extensions></trkpt>
      <trkpt lat="40.73902" lon="-73.959329"><ele>3.2</ele><time>2026-08-06T23:48:14.000Z</time><extensions><gpxtpx:TrackPointExtension><gpxtpx:hr>122</gpxtpx:hr></gpxtpx:TrackPointExtension></extensions></trkpt>
      <trkpt lat="40.739027" lon="-73.95936"><ele>3.2</ele><time>2026-08-06T23:48:15.000Z</time><extensions><gpxtpx:TrackPointExtension><gpxtpx:hr>122</gpxtpx:hr></gpxtpx:TrackPointExtension></extensions></trkpt>
      <trkpt lat="40.739033" lon="-73.95939"><ele>3.2</ele><time>2026-08-06T23:48:16.000Z</time><extensions><gpxtpx:TrackPointExtension><gpxtpx:hr>122</gpxtpx:hr></gpxtpx:TrackPointExtension></extensions></trkpt>
      <trkpt lat="40.73904" lon="-73.95942"><ele>3.2</ele><time>2026-08-06T23:48:17.000Z</time><extensions><gpxtpx:TrackPointExtension><gpxtpx:hr>122</gpxtpx:hr></gpxtpx:TrackPointExtension></extensions></trkpt>
      <trkpt lat="40.73904" lon="-73.95942"><ele>3.2</ele><time>2026-08-06T23:48:18.000Z</time><extensions><gpxtpx:TrackPointExtension><gpxtpx:hr>122</gpxtpx:hr></gpxtpx:TrackPointExtension></extensions></trkpt>
      <trkpt lat="40.739047" lon="-73.959452"><ele>3.2</ele><time>2026-08-06T23:48:19.000Z</time><extensions><gpxtpx:TrackPointExtension><gpxtpx:hr>126</gpxtpx:hr></gpxtpx:TrackPointExtension></extensions></trkpt>
      <trkpt lat="40.739056" lon="-73.959485"><ele>3.2</ele><time>2026-08-06T23:48:20.000Z</time><extensions><gpxtpx:TrackPointExtension><gpxtpx:hr>126</gpxtpx:hr></gpxtpx:TrackPointExtension></extensions></trkpt>
      <trkpt lat="40.739064" lon="-73.959519"><ele>3.2</ele><time>2026-08-06T23:48:21.000Z</time><extensions><gpxtpx:TrackPointExtension><gpxtpx:hr>126</gpxtpx:hr></gpxtpx:TrackPointExtension></extensions></trkpt>
      <trkpt lat="40.739068" lon="-73.959552"><ele>3.2</ele><time>2026-08-06T23:48:22.000Z</time><extensions><gpxtpx:TrackPointExtension><gpxtpx:hr>126</gpxtpx:hr></gpxtpx:TrackPointExtension></extensions></trkpt>
      <trkpt lat="40.739069" lon="-73.959584"><ele>3.2</ele><time>2026-08-06T23:48:23.000Z</time><extensions><gpxtpx:TrackPointExtension><gpxtpx:hr>126</gpxtpx:hr></gpxtpx:TrackPointExtension></extensions></trkpt>
      <trkpt lat="40.739067" lon="-73.959614"><ele>3.2</ele><time>2026-08-06T23:48:24.000Z</time><extensions><gpxtpx:TrackPointExtension><gpxtpx:hr>126</gpxtpx:hr></gpxtpx:TrackPointExtension></extensions></trkpt>
      <trkpt lat="40.739065" lon="-73.959644"><ele>3.2</ele><time>2026-08-06T23:48:25.000Z</time><extensions><gpxtpx:TrackPointExtension><gpxtpx:hr>126</gpxtpx:hr></gpxtpx:TrackPointExtension></extensions></trkpt>
      <trkpt lat="40.739061" lon="-73.959675"><ele>3.4</ele><time>2026-08-06T23:48:26.000Z</time><extensions><gpxtpx:TrackPointExtension><gpxtpx:hr>126</gpxtpx:hr></gpxtpx:TrackPointExtension></extensions></trkpt>
      <trkpt lat="40.739056" lon="-73.959706"><ele>3.4</ele><time>2026-08-06T23:48:27.000Z</time><extensions><gpxtpx:TrackPointExtension><gpxtpx:hr>126</gpxtpx:hr></gpxtpx:TrackPointExtension></extensions></trkpt>
      <trkpt lat="40.739053" lon="-73.959738"><ele>3.4</ele><time>2026-08-06T23:48:28.000Z</time><extensions><gpxtpx:TrackPointExtension><gpxtpx:hr>126</gpxtpx:hr></gpxtpx:TrackPointExtension></extensions></trkpt>
      <trkpt lat="40.739048" lon="-73.959771"><ele>3.4</ele><time>2026-08-06T23:48:29.000Z</time><extensions><gpxtpx:TrackPointExtension><gpxtpx:hr>126</gpxtpx:hr></gpxtpx:TrackPointExtension></extensions></trkpt>
      <trkpt lat="40.739043" lon="-73.959802"><ele>3.4</ele><time>2026-08-06T23:48:30.000Z</time><extensions><gpxtpx:TrackPointExtension><gpxtpx:hr>126</gpxtpx:hr></gpxtpx:TrackPointExtension></extensions></trkpt>
      <trkpt lat="40.739034" lon="-73.95983"><ele>3.4</ele><time>2026-08-06T23:48:31.000Z</time><extensions><gpxtpx:TrackPointExtension><gpxtpx:hr>126</gpxtpx:hr></gpxtpx:TrackPointExtension></extensions></trkpt>
      <trkpt lat="40.739021" lon="-73.959858"><ele>3.6</ele><time>2026-08-06T23:48:32.000Z</time><extensions><gpxtpx:TrackPointExtension><gpxtpx:hr>126</gpxtpx:hr></gpxtpx:TrackPointExtension></extensions></trkpt>
      <trkpt lat="40.739005" lon="-73.959883"><ele>3.6</ele><time>2026-08-06T23:48:33.000Z</time><extensions><gpxtpx:TrackPointExtension><gpxtpx:hr>126</gpxtpx:hr></gpxtpx:TrackPointExtension></extensions></trkpt>
      <trkpt lat="40.738987" lon="-73.959903"><ele>3.8</ele><time>2026-08-06T23:48:34.000Z</time><extensions><gpxtpx:TrackPointExtension><gpxtpx:hr>126</gpxtpx:hr></gpxtpx:TrackPointExtension></extensions></trkpt>
      <trkpt lat="40.738967" lon="-73.959919"><ele>3.8</ele><time>2026-08-06T23:48:35.000Z</time><extensions><gpxtpx:TrackPointExtension><gpxtpx:hr>126</gpxtpx:hr></gpxtpx:TrackPointExtension></extensions></trkpt>
      <trkpt lat="40.738945" lon="-73.959933"><ele>3.8</ele><time>2026-08-06T23:48:36.000Z</time><extensions><gpxtpx:TrackPointExtension><gpxtpx:hr>126</gpxtpx:hr></gpxtpx:TrackPointExtension></extensions></trkpt>
      <trkpt lat="40.738922" lon="-73.959947"><ele>4</ele><time>2026-08-06T23:48:37.000Z</time><extensions><gpxtpx:TrackPointExtension><gpxtpx:hr>126</gpxtpx:hr></gpxtpx:TrackPointExtension></extensions></trkpt>
      <trkpt lat="40.7389" lon="-73.959963"><ele>4</ele><time>2026-08-06T23:48:38.000Z</time><extensions><gpxtpx:TrackPointExtension><gpxtpx:hr>126</gpxtpx:hr></gpxtpx:TrackPointExtension></extensions></trkpt>
      <trkpt lat="40.73888" lon="-73.959983"><ele>4</ele><time>2026-08-06T23:48:39.000Z</time><extensions><gpxtpx:TrackPointExtension><gpxtpx:hr>126</gpxtpx:hr></gpxtpx:TrackPointExtension></extensions></trkpt>
      <trkpt lat="40.738863" lon="-73.960008"><ele>4.2</ele><time>2026-08-06T23:48:40.000Z</time><extensions><gpxtpx:TrackPointExtension><gpxtpx:hr>127</gpxtpx:hr></gpxtpx:TrackPointExtension></extensions></trkpt>
      <trkpt lat="40.738848" lon="-73.960034"><ele>4.2</ele><time>2026-08-06T23:48:41.000Z</time><extensions><gpxtpx:TrackPointExtension><gpxtpx:hr>127</gpxtpx:hr></gpxtpx:TrackPointExtension></extensions></trkpt>
      <trkpt lat="40.738833" lon="-73.960058"><ele>4.2</ele><time>2026-08-06T23:48:42.000Z</time><extensions><gpxtpx:TrackPointExtension><gpxtpx:hr>127</gpxtpx:hr></gpxtpx:TrackPointExtension></extensions></trkpt>
      <trkpt lat="40.738816" lon="-73.960077"><ele>4.2</ele><time>2026-08-06T23:48:43.000Z</time><extensions><gpxtpx:TrackPointExtension><gpxtpx:hr>127</gpxtpx:hr></gpxtpx:TrackPointExtension></extensions></trkpt>
      <trkpt lat="40.738796" lon="-73.960093"><ele>4.2</ele><time>2026-08-06T23:48:44.000Z</time><extensions><gpxtpx:TrackPointExtension><gpxtpx:hr>127</gpxtpx:hr></gpxtpx:TrackPointExtension></extensions></trkpt>
      <trkpt lat="40.738773" lon="-73.960104"><ele>4.2</ele><time>2026-08-06T23:48:45.000Z</time><extensions><gpxtpx:TrackPointExtension><gpxtpx:hr>126</gpxtpx:hr></gpxtpx:TrackPointExtension></extensions></trkpt>
      <trkpt lat="40.738749" lon="-73.960113"><ele>4.2</ele><time>2026-08-06T23:48:46.000Z</time><extensions><gpxtpx:TrackPointExtension><gpxtpx:hr>126</gpxtpx:hr></gpxtpx:TrackPointExtension></extensions></trkpt>
      <trkpt lat="40.738726" lon="-73.960123"><ele>4.2</ele><time>2026-08-06T23:48:47.000Z</time><extensions><gpxtpx:TrackPointExtension><gpxtpx:hr>126</gpxtpx:hr></gpxtpx:TrackPointExtension></extensions></trkpt>
      <trkpt lat="40.738703" lon="-73.960133"><ele>4.2</ele><time>2026-08-06T23:48:48.000Z</time><extensions><gpxtpx:TrackPointExtension><gpxtpx:hr>126</gpxtpx:hr></gpxtpx:TrackPointExtension></extensions></trkpt>
      <trkpt lat="40.73868" lon="-73.960147"><ele>4</ele><time>2026-08-06T23:48:49.000Z</time><extensions><gpxtpx:TrackPointExtension><gpxtpx:hr>126</gpxtpx:hr></gpxtpx:TrackPointExtension></extensions></trkpt>
      <trkpt lat="40.738657" lon="-73.960162"><ele>4</ele><time>2026-08-06T23:48:50.000Z</time><extensions><gpxtpx:TrackPointExtension><gpxtpx:hr>126</gpxtpx:hr></gpxtpx:TrackPointExtension></extensions></trkpt>
      <trkpt lat="40.738635" lon="-73.960178"><ele>4</ele><time>2026-08-06T23:48:51.000Z</time><extensions><gpxtpx:TrackPointExtension><gpxtpx:hr>126</gpxtpx:hr></gpxtpx:TrackPointExtension></extensions></trkpt>
      <trkpt lat="40.738613" lon="-73.960193"><ele>4</ele><time>2026-08-06T23:48:52.000Z</time><extensions><gpxtpx:TrackPointExtension><gpxtpx:hr>126</gpxtpx:hr></gpxtpx:TrackPointExtension></extensions></trkpt>
      <trkpt lat="40.738592" lon="-73.960207"><ele>4</ele><time>2026-08-06T23:48:53.000Z</time><extensions><gpxtpx:TrackPointExtension><gpxtpx:hr>126</gpxtpx:hr></gpxtpx:TrackPointExtension></extensions></trkpt>
      <trkpt lat="40.738572" lon="-73.960221"><ele>3.8</ele><time>2026-08-06T23:48:54.000Z</time><extensions><gpxtpx:TrackPointExtension><gpxtpx:hr>126</gpxtpx:hr></gpxtpx:TrackPointExtension></extensions></trkpt>
      <trkpt lat="40.738552" lon="-73.960237"><ele>3.8</ele><time>2026-08-06T23:48:55.000Z</time><extensions><gpxtpx:TrackPointExtension><gpxtpx:hr>126</gpxtpx:hr></gpxtpx:TrackPointExtension></extensions></trkpt>
      <trkpt lat="40.738534" lon="-73.960254"><ele>3.8</ele><time>2026-08-06T23:48:56.000Z</time><extensions><gpxtpx:TrackPointExtension><gpxtpx:hr>126</gpxtpx:hr></gpxtpx:TrackPointExtension></extensions></trkpt>
      <trkpt lat="40.738516" lon="-73.960271"><ele>3.8</ele><time>2026-08-06T23:48:57.000Z</time><extensions><gpxtpx:TrackPointExtension><gpxtpx:hr>126</gpxtpx:hr></gpxtpx:TrackPointExtension></extensions></trkpt>
      <trkpt lat="40.738499" lon="-73.960287"><ele>3.8</ele><time>2026-08-06T23:48:58.000Z</time><extensions><gpxtpx:TrackPointExtension><gpxtpx:hr>126</gpxtpx:hr></gpxtpx:TrackPointExtension></extensions></trkpt>
      <trkpt lat="40.73848" lon="-73.960303"><ele>3.8</ele><time>2026-08-06T23:48:59.000Z</time><extensions><gpxtpx:TrackPointExtension><gpxtpx:hr>126</gpxtpx:hr></gpxtpx:TrackPointExtension></extensions></trkpt>
      <trkpt lat="40.73846" lon="-73.960323"><ele>3.8</ele><time>2026-08-06T23:49:00.000Z</time><extensions><gpxtpx:TrackPointExtension><gpxtpx:hr>126</gpxtpx:hr></gpxtpx:TrackPointExtension></extensions></trkpt>
      <trkpt lat="40.738443" lon="-73.960346"><ele>3.8</ele><time>2026-08-06T23:49:01.000Z</time><extensions><gpxtpx:TrackPointExtension><gpxtpx:hr>126</gpxtpx:hr></gpxtpx:TrackPointExtension></extensions></trkpt>
      <trkpt lat="40.73843" lon="-73.960372"><ele>3.8</ele><time>2026-08-06T23:49:02.000Z</time><extensions><gpxtpx:TrackPointExtension><gpxtpx:hr>126</gpxtpx:hr></gpxtpx:TrackPointExtension></extensions></trkpt>
      <trkpt lat="40.738419" lon="-73.9604"><ele>3.6</ele><time>2026-08-06T23:49:03.000Z</time><extensions><gpxtpx:TrackPointExtension><gpxtpx:hr>128</gpxtpx:hr></gpxtpx:TrackPointExtension></extensions></trkpt>
      <trkpt lat="40.738406" lon="-73.960429"><ele>3.6</ele><time>2026-08-06T23:49:04.000Z</time><extensions><gpxtpx:TrackPointExtension><gpxtpx:hr>128</gpxtpx:hr></gpxtpx:TrackPointExtension></extensions></trkpt>
      <trkpt lat="40.738391" lon="-73.96046"><ele>3.6</ele><time>2026-08-06T23:49:05.000Z</time><extensions><gpxtpx:TrackPointExtension><gpxtpx:hr>128</gpxtpx:hr></gpxtpx:TrackPointExtension></extensions></trkpt>
      <trkpt lat="40.738375" lon="-73.960492"><ele>3.6</ele><time>2026-08-06T23:49:06.000Z</time><extensions><gpxtpx:TrackPointExtension><gpxtpx:hr>128</gpxtpx:hr></gpxtpx:TrackPointExtension></extensions></trkpt>
      <trkpt lat="40.738359" lon="-73.960525"><ele>3.6</ele><time>2026-08-06T23:49:07.000Z</time><extensions><gpxtpx:TrackPointExtension><gpxtpx:hr>128</gpxtpx:hr></gpxtpx:TrackPointExtension></extensions></trkpt>
      <trkpt lat="40.738343" lon="-73.960558"><ele>3.6</ele><time>2026-08-06T23:49:08.000Z</time><extensions><gpxtpx:TrackPointExtension><gpxtpx:hr>128</gpxtpx:hr></gpxtpx:TrackPointExtension></extensions></trkpt>
      <trkpt lat="40.738328" lon="-73.960591"><ele>3.6</ele><time>2026-08-06T23:49:09.000Z</time><extensions><gpxtpx:TrackPointExtension><gpxtpx:hr>128</gpxtpx:hr></gpxtpx:TrackPointExtension></extensions></trkpt>
      <trkpt lat="40.738313" lon="-73.960624"><ele>3.6</ele><time>2026-08-06T23:49:10.000Z</time><extensions><gpxtpx:TrackPointExtension><gpxtpx:hr>128</gpxtpx:hr></gpxtpx:TrackPointExtension></extensions></trkpt>
      <trkpt lat="40.738299" lon="-73.960657"><ele>3.6</ele><time>2026-08-06T23:49:11.000Z</time><extensions><gpxtpx:TrackPointExtension><gpxtpx:hr>128</gpxtpx:hr></gpxtpx:TrackPointExtension></extensions></trkpt>
      <trkpt lat="40.738287" lon="-73.960689"><ele>3.6</ele><time>2026-08-06T23:49:12.000Z</time><extensions><gpxtpx:TrackPointExtension><gpxtpx:hr>128</gpxtpx:hr></gpxtpx:TrackPointExtension></extensions></trkpt>
      <trkpt lat="40.738276" lon="-73.960721"><ele>3.6</ele><time>2026-08-06T23:49:13.000Z</time><extensions><gpxtpx:TrackPointExtension><gpxtpx:hr>128</gpxtpx:hr></gpxtpx:TrackPointExtension></extensions></trkpt>
      <trkpt lat="40.738266" lon="-73.960753"><ele>3.4</ele><time>2026-08-06T23:49:14.000Z</time><extensions><gpxtpx:TrackPointExtension><gpxtpx:hr>128</gpxtpx:hr></gpxtpx:TrackPointExtension></extensions></trkpt>
      <trkpt lat="40.738257" lon="-73.960787"><ele>3.4</ele><time>2026-08-06T23:49:15.000Z</time><extensions><gpxtpx:TrackPointExtension><gpxtpx:hr>128</gpxtpx:hr></gpxtpx:TrackPointExtension></extensions></trkpt>
      <trkpt lat="40.73825" lon="-73.960821"><ele>3.4</ele><time>2026-08-06T23:49:16.000Z</time><extensions><gpxtpx:TrackPointExtension><gpxtpx:hr>128</gpxtpx:hr></gpxtpx:TrackPointExtension></extensions></trkpt>
      <trkpt lat="40.738246" lon="-73.960855"><ele>3.4</ele><time>2026-08-06T23:49:17.000Z</time><extensions><gpxtpx:TrackPointExtension><gpxtpx:hr>128</gpxtpx:hr></gpxtpx:TrackPointExtension></extensions></trkpt>
      <trkpt lat="40.738244" lon="-73.960889"><ele>3.4</ele><time>2026-08-06T23:49:18.000Z</time><extensions><gpxtpx:TrackPointExtension><gpxtpx:hr>128</gpxtpx:hr></gpxtpx:TrackPointExtension></extensions></trkpt>
      <trkpt lat="40.738244" lon="-73.960923"><ele>3.4</ele><time>2026-08-06T23:49:19.000Z</time><extensions><gpxtpx:TrackPointExtension><gpxtpx:hr>129</gpxtpx:hr></gpxtpx:TrackPointExtension></extensions></trkpt>
      <trkpt lat="40.738243" lon="-73.960957"><ele>3.4</ele><time>2026-08-06T23:49:20.000Z</time><extensions><gpxtpx:TrackPointExtension><gpxtpx:hr>129</gpxtpx:hr></gpxtpx:TrackPointExtension></extensions></trkpt>
      <trkpt lat="40.738243" lon="-73.96099"><ele>3.2</ele><time>2026-08-06T23:49:21.000Z</time><extensions><gpxtpx:TrackPointExtension><gpxtpx:hr>129</gpxtpx:hr></gpxtpx:TrackPointExtension></extensions></trkpt>
      <trkpt lat="40.738242" lon="-73.961022"><ele>3.2</ele><time>2026-08-06T23:49:22.000Z</time><extensions><gpxtpx:TrackPointExtension><gpxtpx:hr>128</gpxtpx:hr></gpxtpx:TrackPointExtension></extensions></trkpt>
      <trkpt lat="40.738242" lon="-73.961054"><ele>3.2</ele><time>2026-08-06T23:49:23.000Z</time><extensions><gpxtpx:TrackPointExtension><gpxtpx:hr>128</gpxtpx:hr></gpxtpx:TrackPointExtension></extensions></trkpt>
      <trkpt lat="40.738244" lon="-73.961086"><ele>3.2</ele><time>2026-08-06T23:49:24.000Z</time><extensions><gpxtpx:TrackPointExtension><gpxtpx:hr>128</gpxtpx:hr></gpxtpx:TrackPointExtension></extensions></trkpt>
      <trkpt lat="40.738247" lon="-73.961119"><ele>3.2</ele><time>2026-08-06T23:49:25.000Z</time><extensions><gpxtpx:TrackPointExtension><gpxtpx:hr>128</gpxtpx:hr></gpxtpx:TrackPointExtension></extensions></trkpt>
      <trkpt lat="40.73825" lon="-73.961152"><ele>3.2</ele><time>2026-08-06T23:49:26.000Z</time><extensions><gpxtpx:TrackPointExtension><gpxtpx:hr>128</gpxtpx:hr></gpxtpx:TrackPointExtension></extensions></trkpt>
      <trkpt lat="40.738254" lon="-73.961185"><ele>3.2</ele><time>2026-08-06T23:49:27.000Z</time><extensions><gpxtpx:TrackPointExtension><gpxtpx:hr>128</gpxtpx:hr></gpxtpx:TrackPointExtension></extensions></trkpt>
      <trkpt lat="40.738258" lon="-73.961218"><ele>3.2</ele><time>2026-08-06T23:49:28.000Z</time><extensions><gpxtpx:TrackPointExtension><gpxtpx:hr>128</gpxtpx:hr></gpxtpx:TrackPointExtension></extensions></trkpt>
      <trkpt lat="40.738262" lon="-73.961251"><ele>3.2</ele><time>2026-08-06T23:49:29.000Z</time><extensions><gpxtpx:TrackPointExtension><gpxtpx:hr>128</gpxtpx:hr></gpxtpx:TrackPointExtension></extensions></trkpt>
      <trkpt lat="40.738268" lon="-73.961283"><ele>3.2</ele><time>2026-08-06T23:49:30.000Z</time><extensions><gpxtpx:TrackPointExtension><gpxtpx:hr>129</gpxtpx:hr></gpxtpx:TrackPointExtension></extensions></trkpt>
      <trkpt lat="40.738273" lon="-73.961314"><ele>3.2</ele><time>2026-08-06T23:49:31.000Z</time><extensions><gpxtpx:TrackPointExtension><gpxtpx:hr>129</gpxtpx:hr></gpxtpx:TrackPointExtension></extensions></trkpt>
      <trkpt lat="40.738277" lon="-73.961345"><ele>3.2</ele><time>2026-08-06T23:49:32.000Z</time><extensions><gpxtpx:TrackPointExtension><gpxtpx:hr>129</gpxtpx:hr></gpxtpx:TrackPointExtension></extensions></trkpt>
      <trkpt lat="40.738279" lon="-73.961377"><ele>3.2</ele><time>2026-08-06T23:49:33.000Z</time><extensions><gpxtpx:TrackPointExtension><gpxtpx:hr>129</gpxtpx:hr></gpxtpx:TrackPointExtension></extensions></trkpt>
      <trkpt lat="40.738279" lon="-73.961409"><ele>3.2</ele><time>2026-08-06T23:49:34.000Z</time><extensions><gpxtpx:TrackPointExtension><gpxtpx:hr>129</gpxtpx:hr></gpxtpx:TrackPointExtension></extensions></trkpt>
      <trkpt lat="40.738277" lon="-73.96144"><ele>3.2</ele><time>2026-08-06T23:49:35.000Z</time><extensions><gpxtpx:TrackPointExtension><gpxtpx:hr>129</gpxtpx:hr></gpxtpx:TrackPointExtension></extensions></trkpt>
      <trkpt lat="40.738273" lon="-73.961471"><ele>3.2</ele><time>2026-08-06T23:49:36.000Z</time><extensions><gpxtpx:TrackPointExtension><gpxtpx:hr>130</gpxtpx:hr></gpxtpx:TrackPointExtension></extensions></trkpt>
      <trkpt lat="40.738272" lon="-73.961501"><ele>3.2</ele><time>2026-08-06T23:49:37.000Z</time><extensions><gpxtpx:TrackPointExtension><gpxtpx:hr>130</gpxtpx:hr></gpxtpx:TrackPointExtension></extensions></trkpt>
      <trkpt lat="40.738272" lon="-73.961531"><ele>3.2</ele><time>2026-08-06T23:49:38.000Z</time><extensions><gpxtpx:TrackPointExtension><gpxtpx:hr>130</gpxtpx:hr></gpxtpx:TrackPointExtension></extensions></trkpt>
      <trkpt lat="40.738276" lon="-73.961561"><ele>3.2</ele><time>2026-08-06T23:49:39.000Z</time><extensions><gpxtpx:TrackPointExtension><gpxtpx:hr>130</gpxtpx:hr></gpxtpx:TrackPointExtension></extensions></trkpt>
      <trkpt lat="40.738283" lon="-73.961591"><ele>3.2</ele><time>2026-08-06T23:49:40.000Z</time><extensions><gpxtpx:TrackPointExtension><gpxtpx:hr>130</gpxtpx:hr></gpxtpx:TrackPointExtension></extensions></trkpt>
      <trkpt lat="40.738294" lon="-73.96162"><ele>3.2</ele><time>2026-08-06T23:49:41.000Z</time><extensions><gpxtpx:TrackPointExtension><gpxtpx:hr>130</gpxtpx:hr></gpxtpx:TrackPointExtension></extensions></trkpt>
      <trkpt lat="40.738305" lon="-73.961648"><ele>3.2</ele><time>2026-08-06T23:49:42.000Z</time><extensions><gpxtpx:TrackPointExtension><gpxtpx:hr>130</gpxtpx:hr></gpxtpx:TrackPointExtension></extensions></trkpt>
      <trkpt lat="40.738312" lon="-73.961675"><ele>3.2</ele><time>2026-08-06T23:49:43.000Z</time><extensions><gpxtpx:TrackPointExtension><gpxtpx:hr>130</gpxtpx:hr></gpxtpx:TrackPointExtension></extensions></trkpt>
      <trkpt lat="40.738313" lon="-73.961701"><ele>3.2</ele><time>2026-08-06T23:49:44.000Z</time><extensions><gpxtpx:TrackPointExtension><gpxtpx:hr>130</gpxtpx:hr></gpxtpx:TrackPointExtension></extensions></trkpt>
      <trkpt lat="40.738311" lon="-73.961728"><ele>3.2</ele><time>2026-08-06T23:49:45.000Z</time><extensions><gpxtpx:TrackPointExtension><gpxtpx:hr>131</gpxtpx:hr></gpxtpx:TrackPointExtension></extensions></trkpt>
      <trkpt lat="40.738306" lon="-73.961756"><ele>3.2</ele><time>2026-08-06T23:49:46.000Z</time><extensions><gpxtpx:TrackPointExtension><gpxtpx:hr>131</gpxtpx:hr></gpxtpx:TrackPointExtension></extensions></trkpt>
      <trkpt lat="40.738305" lon="-73.961784"><ele>3.2</ele><time>2026-08-06T23:49:47.000Z</time><extensions><gpxtpx:TrackPointExtension><gpxtpx:hr>131</gpxtpx:hr></gpxtpx:TrackPointExtension></extensions></trkpt>
      <trkpt lat="40.73831" lon="-73.961811"><ele>3.2</ele><time>2026-08-06T23:49:48.000Z</time><extensions><gpxtpx:TrackPointExtension><gpxtpx:hr>131</gpxtpx:hr></gpxtpx:TrackPointExtension></extensions></trkpt>
      <trkpt lat="40.738319" lon="-73.961834"><ele>3.2</ele><time>2026-08-06T23:49:49.000Z</time><extensions><gpxtpx:TrackPointExtension><gpxtpx:hr>131</gpxtpx:hr></gpxtpx:TrackPointExtension></extensions></trkpt>
      <trkpt lat="40.73833" lon="-73.961856"><ele>3.2</ele><time>2026-08-06T23:49:50.000Z</time><extensions><gpxtpx:TrackPointExtension><gpxtpx:hr>131</gpxtpx:hr></gpxtpx:TrackPointExtension></extensions></trkpt>
      <trkpt lat="40.73834" lon="-73.961878"><ele>3.2</ele><time>2026-08-06T23:49:51.000Z</time><extensions><gpxtpx:TrackPointExtension><gpxtpx:hr>131</gpxtpx:hr></gpxtpx:TrackPointExtension></extensions></trkpt>
      <trkpt lat="40.738347" lon="-73.961902"><ele>3.2</ele><time>2026-08-06T23:49:52.000Z</time><extensions><gpxtpx:TrackPointExtension><gpxtpx:hr>131</gpxtpx:hr></gpxtpx:TrackPointExtension></extensions></trkpt>
      <trkpt lat="40.738352" lon="-73.961927"><ele>3.2</ele><time>2026-08-06T23:49:53.000Z</time><extensions><gpxtpx:TrackPointExtension><gpxtpx:hr>131</gpxtpx:hr></gpxtpx:TrackPointExtension></extensions></trkpt>
      <trkpt lat="40.738354" lon="-73.961954"><ele>3.2</ele><time>2026-08-06T23:49:54.000Z</time><extensions><gpxtpx:TrackPointExtension><gpxtpx:hr>131</gpxtpx:hr></gpxtpx:TrackPointExtension></extensions></trkpt>
      <trkpt lat="40.738355" lon="-73.961983"><ele>3.2</ele><time>2026-08-06T23:49:55.000Z</time><extensions><gpxtpx:TrackPointExtension><gpxtpx:hr>129</gpxtpx:hr></gpxtpx:TrackPointExtension></extensions></trkpt>
      <trkpt lat="40.738358" lon="-73.962012"><ele>3.2</ele><time>2026-08-06T23:49:56.000Z</time><extensions><gpxtpx:TrackPointExtension><gpxtpx:hr>129</gpxtpx:hr></gpxtpx:TrackPointExtension></extensions></trkpt>
      <trkpt lat="40.738365" lon="-73.96204"><ele>3.2</ele><time>2026-08-06T23:49:57.000Z</time><extensions><gpxtpx:TrackPointExtension><gpxtpx:hr>129</gpxtpx:hr></gpxtpx:TrackPointExtension></extensions></trkpt>
      <trkpt lat="40.738377" lon="-73.962065"><ele>3.2</ele><time>2026-08-06T23:49:58.000Z</time><extensions><gpxtpx:TrackPointExtension><gpxtpx:hr>129</gpxtpx:hr></gpxtpx:TrackPointExtension></extensions></trkpt>
      <trkpt lat="40.738396" lon="-73.962084"><ele>3.2</ele><time>2026-08-06T23:49:59.000Z</time><extensions><gpxtpx:TrackPointExtension><gpxtpx:hr>129</gpxtpx:hr></gpxtpx:TrackPointExtension></extensions></trkpt>
      <trkpt lat="40.738416" lon="-73.962097"><ele>3.2</ele><time>2026-08-06T23:50:00.000Z</time><extensions><gpxtpx:TrackPointExtension><gpxtpx:hr>129</gpxtpx:hr></gpxtpx:TrackPointExtension></extensions></trkpt>
      <trkpt lat="40.738437" lon="-73.962106"><ele>3.2</ele><time>2026-08-06T23:50:01.000Z</time><extensions><gpxtpx:TrackPointExtension><gpxtpx:hr>129</gpxtpx:hr></gpxtpx:TrackPointExtension></extensions></trkpt>
      <trkpt lat="40.738458" lon="-73.962117"><ele>3.2</ele><time>2026-08-06T23:50:02.000Z</time><extensions><gpxtpx:TrackPointExtension><gpxtpx:hr>129</gpxtpx:hr></gpxtpx:TrackPointExtension></extensions></trkpt>
      <trkpt lat="40.738478" lon="-73.962132"><ele>3.2</ele><time>2026-08-06T23:50:03.000Z</time><extensions><gpxtpx:TrackPointExtension><gpxtpx:hr>129</gpxtpx:hr></gpxtpx:TrackPointExtension></extensions></trkpt>
      <trkpt lat="40.738498" lon="-73.962149"><ele>3.2</ele><time>2026-08-06T23:50:04.000Z</time><extensions><gpxtpx:TrackPointExtension><gpxtpx:hr>130</gpxtpx:hr></gpxtpx:TrackPointExtension></extensions></trkpt>
      <trkpt lat="40.738518" lon="-73.962164"><ele>3.2</ele><time>2026-08-06T23:50:05.000Z</time><extensions><gpxtpx:TrackPointExtension><gpxtpx:hr>130</gpxtpx:hr></gpxtpx:TrackPointExtension></extensions></trkpt>
      <trkpt lat="40.738537" lon="-73.962177"><ele>3.2</ele><time>2026-08-06T23:50:06.000Z</time><extensions><gpxtpx:TrackPointExtension><gpxtpx:hr>130</gpxtpx:hr></gpxtpx:TrackPointExtension></extensions></trkpt>
      <trkpt lat="40.738556" lon="-73.962189"><ele>3.2</ele><time>2026-08-06T23:50:07.000Z</time><extensions><gpxtpx:TrackPointExtension><gpxtpx:hr>130</gpxtpx:hr></gpxtpx:TrackPointExtension></extensions></trkpt>
      <trkpt lat="40.738575" lon="-73.962201"><ele>3.2</ele><time>2026-08-06T23:50:08.000Z</time><extensions><gpxtpx:TrackPointExtension><gpxtpx:hr>130</gpxtpx:hr></gpxtpx:TrackPointExtension></extensions></trkpt>
      <trkpt lat="40.738594" lon="-73.962214"><ele>3.2</ele><time>2026-08-06T23:50:09.000Z</time><extensions><gpxtpx:TrackPointExtension><gpxtpx:hr>130</gpxtpx:hr></gpxtpx:TrackPointExtension></extensions></trkpt>
      <trkpt lat="40.738612" lon="-73.962227"><ele>3.4</ele><time>2026-08-06T23:50:10.000Z</time><extensions><gpxtpx:TrackPointExtension><gpxtpx:hr>130</gpxtpx:hr></gpxtpx:TrackPointExtension></extensions></trkpt>
      <trkpt lat="40.738631" lon="-73.962241"><ele>3.4</ele><time>2026-08-06T23:50:11.000Z</time><extensions><gpxtpx:TrackPointExtension><gpxtpx:hr>131</gpxtpx:hr></gpxtpx:TrackPointExtension></extensions></trkpt>
      <trkpt lat="40.738649" lon="-73.962254"><ele>3.4</ele><time>2026-08-06T23:50:12.000Z</time><extensions><gpxtpx:TrackPointExtension><gpxtpx:hr>131</gpxtpx:hr></gpxtpx:TrackPointExtension></extensions></trkpt>
      <trkpt lat="40.738667" lon="-73.962266"><ele>3.6</ele><time>2026-08-06T23:50:13.000Z</time><extensions><gpxtpx:TrackPointExtension><gpxtpx:hr>131</gpxtpx:hr></gpxtpx:TrackPointExtension></extensions></trkpt>
      <trkpt lat="40.738686" lon="-73.962276"><ele>3.6</ele><time>2026-08-06T23:50:14.000Z</time><extensions><gpxtpx:TrackPointExtension><gpxtpx:hr>131</gpxtpx:hr></gpxtpx:TrackPointExtension></extensions></trkpt>
      <trkpt lat="40.738706" lon="-73.962286"><ele>3.8</ele><time>2026-08-06T23:50:15.000Z</time><extensions><gpxtpx:TrackPointExtension><gpxtpx:hr>131</gpxtpx:hr></gpxtpx:TrackPointExtension></extensions></trkpt>
      <trkpt lat="40.738726" lon="-73.962293"><ele>3.8</ele><time>2026-08-06T23:50:16.000Z</time><extensions><gpxtpx:TrackPointExtension><gpxtpx:hr>131</gpxtpx:hr></gpxtpx:TrackPointExtension></extensions></trkpt>
      <trkpt lat="40.738747" lon="-73.962299"><ele>4</ele><time>2026-08-06T23:50:17.000Z</time><extensions><gpxtpx:TrackPointExtension><gpxtpx:hr>131</gpxtpx:hr></gpxtpx:TrackPointExtension></extensions></trkpt>
      <trkpt lat="40.738769" lon="-73.962303"><ele>4</ele><time>2026-08-06T23:50:18.000Z</time><extensions><gpxtpx:TrackPointExtension><gpxtpx:hr>132</gpxtpx:hr></gpxtpx:TrackPointExtension></extensions></trkpt>
      <trkpt lat="40.738791" lon="-73.962307"><ele>4.2</ele><time>2026-08-06T23:50:19.000Z</time><extensions><gpxtpx:TrackPointExtension><gpxtpx:hr>132</gpxtpx:hr></gpxtpx:TrackPointExtension></extensions></trkpt>
      <trkpt lat="40.738812" lon="-73.962312"><ele>4.2</ele><time>2026-08-06T23:50:20.000Z</time><extensions><gpxtpx:TrackPointExtension><gpxtpx:hr>132</gpxtpx:hr></gpxtpx:TrackPointExtension></extensions></trkpt>
      <trkpt lat="40.738834" lon="-73.962317"><ele>4.4</ele><time>2026-08-06T23:50:21.000Z</time><extensions><gpxtpx:TrackPointExtension><gpxtpx:hr>132</gpxtpx:hr></gpxtpx:TrackPointExtension></extensions></trkpt>
      <trkpt lat="40.738858" lon="-73.962322"><ele>4.4</ele><time>2026-08-06T23:50:22.000Z</time><extensions><gpxtpx:TrackPointExtension><gpxtpx:hr>132</gpxtpx:hr></gpxtpx:TrackPointExtension></extensions></trkpt>
      <trkpt lat="40.738881" lon="-73.962326"><ele>4.6</ele><time>2026-08-06T23:50:23.000Z</time><extensions><gpxtpx:TrackPointExtension><gpxtpx:hr>132</gpxtpx:hr></gpxtpx:TrackPointExtension></extensions></trkpt>
      <trkpt lat="40.738904" lon="-73.962331"><ele>4.6</ele><time>2026-08-06T23:50:24.000Z</time><extensions><gpxtpx:TrackPointExtension><gpxtpx:hr>132</gpxtpx:hr></gpxtpx:TrackPointExtension></extensions></trkpt>
      <trkpt lat="40.738925" lon="-73.962334"><ele>4.8</ele><time>2026-08-06T23:50:25.000Z</time><extensions><gpxtpx:TrackPointExtension><gpxtpx:hr>132</gpxtpx:hr></gpxtpx:TrackPointExtension></extensions></trkpt>
      <trkpt lat="40.738947" lon="-73.962337"><ele>5</ele><time>2026-08-06T23:50:26.000Z</time><extensions><gpxtpx:TrackPointExtension><gpxtpx:hr>132</gpxtpx:hr></gpxtpx:TrackPointExtension></extensions></trkpt>
      <trkpt lat="40.738968" lon="-73.962339"><ele>5</ele><time>2026-08-06T23:50:27.000Z</time><extensions><gpxtpx:TrackPointExtension><gpxtpx:hr>132</gpxtpx:hr></gpxtpx:TrackPointExtension></extensions></trkpt>
      <trkpt lat="40.73899" lon="-73.96234"><ele>5.2</ele><time>2026-08-06T23:50:28.000Z</time><extensions><gpxtpx:TrackPointExtension><gpxtpx:hr>132</gpxtpx:hr></gpxtpx:TrackPointExtension></extensions></trkpt>
      <trkpt lat="40.73901" lon="-73.96234"><ele>5.2</ele><time>2026-08-06T23:50:29.000Z</time><extensions><gpxtpx:TrackPointExtension><gpxtpx:hr>132</gpxtpx:hr></gpxtpx:TrackPointExtension></extensions></trkpt>
      <trkpt lat="40.73903" lon="-73.962339"><ele>5.4</ele><time>2026-08-06T23:50:30.000Z</time><extensions><gpxtpx:TrackPointExtension><gpxtpx:hr>132</gpxtpx:hr></gpxtpx:TrackPointExtension></extensions></trkpt>
      <trkpt lat="40.739052" lon="-73.962337"><ele>5.4</ele><time>2026-08-06T23:50:31.000Z</time><extensions><gpxtpx:TrackPointExtension><gpxtpx:hr>132</gpxtpx:hr></gpxtpx:TrackPointExtension></extensions></trkpt>
      <trkpt lat="40.739073" lon="-73.962334"><ele>5.6</ele><time>2026-08-06T23:50:32.000Z</time><extensions><gpxtpx:TrackPointExtension><gpxtpx:hr>132</gpxtpx:hr></gpxtpx:TrackPointExtension></extensions></trkpt>
      <trkpt lat="40.739096" lon="-73.962329"><ele>5.6</ele><time>2026-08-06T23:50:33.000Z</time><extensions><gpxtpx:TrackPointExtension><gpxtpx:hr>132</gpxtpx:hr></gpxtpx:TrackPointExtension></extensions></trkpt>
      <trkpt lat="40.739118" lon="-73.962323"><ele>5.8</ele><time>2026-08-06T23:50:34.000Z</time><extensions><gpxtpx:TrackPointExtension><gpxtpx:hr>132</gpxtpx:hr></gpxtpx:TrackPointExtension></extensions></trkpt>
      <trkpt lat="40.739141" lon="-73.962317"><ele>5.8</ele><time>2026-08-06T23:50:35.000Z</time><extensions><gpxtpx:TrackPointExtension><gpxtpx:hr>132</gpxtpx:hr></gpxtpx:TrackPointExtension></extensions></trkpt>
      <trkpt lat="40.739162" lon="-73.96231"><ele>6</ele><time>2026-08-06T23:50:36.000Z</time><extensions><gpxtpx:TrackPointExtension><gpxtpx:hr>132</gpxtpx:hr></gpxtpx:TrackPointExtension></extensions></trkpt>
      <trkpt lat="40.739183" lon="-73.962303"><ele>6</ele><time>2026-08-06T23:50:37.000Z</time><extensions><gpxtpx:TrackPointExtension><gpxtpx:hr>132</gpxtpx:hr></gpxtpx:TrackPointExtension></extensions></trkpt>
      <trkpt lat="40.739204" lon="-73.962295"><ele>6.2</ele><time>2026-08-06T23:50:38.000Z</time><extensions><gpxtpx:TrackPointExtension><gpxtpx:hr>132</gpxtpx:hr></gpxtpx:TrackPointExtension></extensions></trkpt>
      <trkpt lat="40.739225" lon="-73.962288"><ele>6.2</ele><time>2026-08-06T23:50:39.000Z</time><extensions><gpxtpx:TrackPointExtension><gpxtpx:hr>134</gpxtpx:hr></gpxtpx:TrackPointExtension></extensions></trkpt>
      <trkpt lat="40.739246" lon="-73.96228"><ele>6.4</ele><time>2026-08-06T23:50:40.000Z</time><extensions><gpxtpx:TrackPointExtension><gpxtpx:hr>134</gpxtpx:hr></gpxtpx:TrackPointExtension></extensions></trkpt>
      <trkpt lat="40.739267" lon="-73.96227"><ele>6.4</ele><time>2026-08-06T23:50:41.000Z</time><extensions><gpxtpx:TrackPointExtension><gpxtpx:hr>133</gpxtpx:hr></gpxtpx:TrackPointExtension></extensions></trkpt>
      <trkpt lat="40.739287" lon="-73.962259"><ele>6.6</ele><time>2026-08-06T23:50:42.000Z</time><extensions><gpxtpx:TrackPointExtension><gpxtpx:hr>133</gpxtpx:hr></gpxtpx:TrackPointExtension></extensions></trkpt>
      <trkpt lat="40.739308" lon="-73.962246"><ele>6.6</ele><time>2026-08-06T23:50:43.000Z</time><extensions><gpxtpx:TrackPointExtension><gpxtpx:hr>133</gpxtpx:hr></gpxtpx:TrackPointExtension></extensions></trkpt>
      <trkpt lat="40.73933" lon="-73.962232"><ele>6.8</ele><time>2026-08-06T23:50:44.000Z</time><extensions><gpxtpx:TrackPointExtension><gpxtpx:hr>133</gpxtpx:hr></gpxtpx:TrackPointExtension></extensions></trkpt>
      <trkpt lat="40.739352" lon="-73.962219"><ele>6.8</ele><time>2026-08-06T23:50:45.000Z</time><extensions><gpxtpx:TrackPointExtension><gpxtpx:hr>133</gpxtpx:hr></gpxtpx:TrackPointExtension></extensions></trkpt>
      <trkpt lat="40.739374" lon="-73.962207"><ele>6.8</ele><time>2026-08-06T23:50:46.000Z</time><extensions><gpxtpx:TrackPointExtension><gpxtpx:hr>133</gpxtpx:hr></gpxtpx:TrackPointExtension></extensions></trkpt>
      <trkpt lat="40.739396" lon="-73.962195"><ele>7</ele><time>2026-08-06T23:50:47.000Z</time><extensions><gpxtpx:TrackPointExtension><gpxtpx:hr>133</gpxtpx:hr></gpxtpx:TrackPointExtension></extensions></trkpt>
      <trkpt lat="40.739418" lon="-73.962182"><ele>7</ele><time>2026-08-06T23:50:48.000Z</time><extensions><gpxtpx:TrackPointExtension><gpxtpx:hr>133</gpxtpx:hr></gpxtpx:TrackPointExtension></extensions></trkpt>
      <trkpt lat="40.739438" lon="-73.962169"><ele>7</ele><time>2026-08-06T23:50:49.000Z</time><extensions><gpxtpx:TrackPointExtension><gpxtpx:hr>133</gpxtpx:hr></gpxtpx:TrackPointExtension></extensions></trkpt>
      <trkpt lat="40.739458" lon="-73.962155"><ele>7.2</ele><time>2026-08-06T23:50:50.000Z</time><extensions><gpxtpx:TrackPointExtension><gpxtpx:hr>133</gpxtpx:hr></gpxtpx:TrackPointExtension></extensions></trkpt>
      <trkpt lat="40.739478" lon="-73.962139"><ele>7.2</ele><time>2026-08-06T23:50:51.000Z</time><extensions><gpxtpx:TrackPointExtension><gpxtpx:hr>133</gpxtpx:hr></gpxtpx:TrackPointExtension></extensions></trkpt>
      <trkpt lat="40.739499" lon="-73.962121"><ele>7.2</ele><time>2026-08-06T23:50:52.000Z</time><extensions><gpxtpx:TrackPointExtension><gpxtpx:hr>134</gpxtpx:hr></gpxtpx:TrackPointExtension></extensions></trkpt>
      <trkpt lat="40.73952" lon="-73.962103"><ele>7.2</ele><time>2026-08-06T23:50:53.000Z</time><extensions><gpxtpx:TrackPointExtension><gpxtpx:hr>134</gpxtpx:hr></gpxtpx:TrackPointExtension></extensions></trkpt>
      <trkpt lat="40.73954" lon="-73.962083"><ele>7.4</ele><time>2026-08-06T23:50:54.000Z</time><extensions><gpxtpx:TrackPointExtension><gpxtpx:hr>134</gpxtpx:hr></gpxtpx:TrackPointExtension></extensions></trkpt>
      <trkpt lat="40.739559" lon="-73.962062"><ele>7.4</ele><time>2026-08-06T23:50:55.000Z</time><extensions><gpxtpx:TrackPointExtension><gpxtpx:hr>134</gpxtpx:hr></gpxtpx:TrackPointExtension></extensions></trkpt>
      <trkpt lat="40.739577" lon="-73.962039"><ele>7.4</ele><time>2026-08-06T23:50:56.000Z</time><extensions><gpxtpx:TrackPointExtension><gpxtpx:hr>134</gpxtpx:hr></gpxtpx:TrackPointExtension></extensions></trkpt>
      <trkpt lat="40.739593" lon="-73.962015"><ele>7.4</ele><time>2026-08-06T23:50:57.000Z</time><extensions><gpxtpx:TrackPointExtension><gpxtpx:hr>134</gpxtpx:hr></gpxtpx:TrackPointExtension></extensions></trkpt>
      <trkpt lat="40.739607" lon="-73.961989"><ele>7.4</ele><time>2026-08-06T23:50:58.000Z</time><extensions><gpxtpx:TrackPointExtension><gpxtpx:hr>134</gpxtpx:hr></gpxtpx:TrackPointExtension></extensions></trkpt>
      <trkpt lat="40.739619" lon="-73.961962"><ele>7.4</ele><time>2026-08-06T23:50:59.000Z</time><extensions><gpxtpx:TrackPointExtension><gpxtpx:hr>134</gpxtpx:hr></gpxtpx:TrackPointExtension></extensions></trkpt>
      <trkpt lat="40.739631" lon="-73.961933"><ele>7.4</ele><time>2026-08-06T23:51:00.000Z</time><extensions><gpxtpx:TrackPointExtension><gpxtpx:hr>134</gpxtpx:hr></gpxtpx:TrackPointExtension></extensions></trkpt>
      <trkpt lat="40.739643" lon="-73.961904"><ele>7.4</ele><time>2026-08-06T23:51:01.000Z</time><extensions><gpxtpx:TrackPointExtension><gpxtpx:hr>134</gpxtpx:hr></gpxtpx:TrackPointExtension></extensions></trkpt>
      <trkpt lat="40.739656" lon="-73.961874"><ele>7.4</ele><time>2026-08-06T23:51:02.000Z</time><extensions><gpxtpx:TrackPointExtension><gpxtpx:hr>134</gpxtpx:hr></gpxtpx:TrackPointExtension></extensions></trkpt>
      <trkpt lat="40.739671" lon="-73.961845"><ele>7.4</ele><time>2026-08-06T23:51:03.000Z</time><extensions><gpxtpx:TrackPointExtension><gpxtpx:hr>134</gpxtpx:hr></gpxtpx:TrackPointExtension></extensions></trkpt>
      <trkpt lat="40.739687" lon="-73.961816"><ele>7.2</ele><time>2026-08-06T23:51:04.000Z</time><extensions><gpxtpx:TrackPointExtension><gpxtpx:hr>133</gpxtpx:hr></gpxtpx:TrackPointExtension></extensions></trkpt>
      <trkpt lat="40.739703" lon="-73.961787"><ele>7.2</ele><time>2026-08-06T23:51:05.000Z</time><extensions><gpxtpx:TrackPointExtension><gpxtpx:hr>133</gpxtpx:hr></gpxtpx:TrackPointExtension></extensions></trkpt>
      <trkpt lat="40.73972" lon="-73.961759"><ele>7.2</ele><time>2026-08-06T23:51:06.000Z</time><extensions><gpxtpx:TrackPointExtension><gpxtpx:hr>133</gpxtpx:hr></gpxtpx:TrackPointExtension></extensions></trkpt>
      <trkpt lat="40.739736" lon="-73.961733"><ele>7</ele><time>2026-08-06T23:51:07.000Z</time><extensions><gpxtpx:TrackPointExtension><gpxtpx:hr>134</gpxtpx:hr></gpxtpx:TrackPointExtension></extensions></trkpt>
      <trkpt lat="40.739751" lon="-73.961709"><ele>7</ele><time>2026-08-06T23:51:08.000Z</time><extensions><gpxtpx:TrackPointExtension><gpxtpx:hr>134</gpxtpx:hr></gpxtpx:TrackPointExtension></extensions></trkpt>
      <trkpt lat="40.739767" lon="-73.961685"><ele>7</ele><time>2026-08-06T23:51:09.000Z</time><extensions><gpxtpx:TrackPointExtension><gpxtpx:hr>134</gpxtpx:hr></gpxtpx:TrackPointExtension></extensions></trkpt>
      <trkpt lat="40.739783" lon="-73.961661"><ele>6.8</ele><time>2026-08-06T23:51:10.000Z</time><extensions><gpxtpx:TrackPointExtension><gpxtpx:hr>134</gpxtpx:hr></gpxtpx:TrackPointExtension></extensions></trkpt>
      <trkpt lat="40.7398" lon="-73.961636"><ele>6.8</ele><time>2026-08-06T23:51:11.000Z</time><extensions><gpxtpx:TrackPointExtension><gpxtpx:hr>134</gpxtpx:hr></gpxtpx:TrackPointExtension></extensions></trkpt>
      <trkpt lat="40.739818" lon="-73.96161"><ele>6.6</ele><time>2026-08-06T23:51:12.000Z</time><extensions><gpxtpx:TrackPointExtension><gpxtpx:hr>134</gpxtpx:hr></gpxtpx:TrackPointExtension></extensions></trkpt>
      <trkpt lat="40.739836" lon="-73.961585"><ele>6.6</ele><time>2026-08-06T23:51:13.000Z</time><extensions><gpxtpx:TrackPointExtension><gpxtpx:hr>134</gpxtpx:hr></gpxtpx:TrackPointExtension></extensions></trkpt>
      <trkpt lat="40.739854" lon="-73.961562"><ele>6.6</ele><time>2026-08-06T23:51:14.000Z</time><extensions><gpxtpx:TrackPointExtension><gpxtpx:hr>134</gpxtpx:hr></gpxtpx:TrackPointExtension></extensions></trkpt>
      <trkpt lat="40.739872" lon="-73.961538"><ele>6.4</ele><time>2026-08-06T23:51:15.000Z</time><extensions><gpxtpx:TrackPointExtension><gpxtpx:hr>134</gpxtpx:hr></gpxtpx:TrackPointExtension></extensions></trkpt>
      <trkpt lat="40.73989" lon="-73.961516"><ele>6.4</ele><time>2026-08-06T23:51:16.000Z</time><extensions><gpxtpx:TrackPointExtension><gpxtpx:hr>134</gpxtpx:hr></gpxtpx:TrackPointExtension></extensions></trkpt>
      <trkpt lat="40.739909" lon="-73.961494"><ele>6.4</ele><time>2026-08-06T23:51:17.000Z</time><extensions><gpxtpx:TrackPointExtension><gpxtpx:hr>134</gpxtpx:hr></gpxtpx:TrackPointExtension></extensions></trkpt>
      <trkpt lat="40.739928" lon="-73.961472"><ele>6.2</ele><time>2026-08-06T23:51:18.000Z</time><extensions><gpxtpx:TrackPointExtension><gpxtpx:hr>134</gpxtpx:hr></gpxtpx:TrackPointExtension></extensions></trkpt>
      <trkpt lat="40.739947" lon="-73.961452"><ele>6.2</ele><time>2026-08-06T23:51:19.000Z</time><extensions><gpxtpx:TrackPointExtension><gpxtpx:hr>134</gpxtpx:hr></gpxtpx:TrackPointExtension></extensions></trkpt>
      <trkpt lat="40.739965" lon="-73.961432"><ele>6.2</ele><time>2026-08-06T23:51:20.000Z</time><extensions><gpxtpx:TrackPointExtension><gpxtpx:hr>134</gpxtpx:hr></gpxtpx:TrackPointExtension></extensions></trkpt>
      <trkpt lat="40.739983" lon="-73.961414"><ele>6.2</ele><time>2026-08-06T23:51:21.000Z</time><extensions><gpxtpx:TrackPointExtension><gpxtpx:hr>134</gpxtpx:hr></gpxtpx:TrackPointExtension></extensions></trkpt>
      <trkpt lat="40.740002" lon="-73.961395"><ele>6</ele><time>2026-08-06T23:51:22.000Z</time><extensions><gpxtpx:TrackPointExtension><gpxtpx:hr>134</gpxtpx:hr></gpxtpx:TrackPointExtension></extensions></trkpt>
      <trkpt lat="40.74002" lon="-73.961377"><ele>6</ele><time>2026-08-06T23:51:23.000Z</time><extensions><gpxtpx:TrackPointExtension><gpxtpx:hr>134</gpxtpx:hr></gpxtpx:TrackPointExtension></extensions></trkpt>
      <trkpt lat="40.740039" lon="-73.96136"><ele>6</ele><time>2026-08-06T23:51:24.000Z</time><extensions><gpxtpx:TrackPointExtension><gpxtpx:hr>134</gpxtpx:hr></gpxtpx:TrackPointExtension></extensions></trkpt>
      <trkpt lat="40.740058" lon="-73.961343"><ele>5.8</ele><time>2026-08-06T23:51:25.000Z</time><extensions><gpxtpx:TrackPointExtension><gpxtpx:hr>134</gpxtpx:hr></gpxtpx:TrackPointExtension></extensions></trkpt>
      <trkpt lat="40.740079" lon="-73.961326"><ele>5.8</ele><time>2026-08-06T23:51:26.000Z</time><extensions><gpxtpx:TrackPointExtension><gpxtpx:hr>134</gpxtpx:hr></gpxtpx:TrackPointExtension></extensions></trkpt>
      <trkpt lat="40.7401" lon="-73.96131"><ele>5.6</ele><time>2026-08-06T23:51:27.000Z</time><extensions><gpxtpx:TrackPointExtension><gpxtpx:hr>134</gpxtpx:hr></gpxtpx:TrackPointExtension></extensions></trkpt>
      <trkpt lat="40.740123" lon="-73.961293"><ele>5.6</ele><time>2026-08-06T23:51:28.000Z</time><extensions><gpxtpx:TrackPointExtension><gpxtpx:hr>134</gpxtpx:hr></gpxtpx:TrackPointExtension></extensions></trkpt>
      <trkpt lat="40.740147" lon="-73.961276"><ele>5.4</ele><time>2026-08-06T23:51:29.000Z</time><extensions><gpxtpx:TrackPointExtension><gpxtpx:hr>134</gpxtpx:hr></gpxtpx:TrackPointExtension></extensions></trkpt>
      <trkpt lat="40.740172" lon="-73.96126"><ele>5.4</ele><time>2026-08-06T23:51:30.000Z</time><extensions><gpxtpx:TrackPointExtension><gpxtpx:hr>132</gpxtpx:hr></gpxtpx:TrackPointExtension></extensions></trkpt>
      <trkpt lat="40.740198" lon="-73.961244"><ele>5.4</ele><time>2026-08-06T23:51:31.000Z</time><extensions><gpxtpx:TrackPointExtension><gpxtpx:hr>132</gpxtpx:hr></gpxtpx:TrackPointExtension></extensions></trkpt>
      <trkpt lat="40.740225" lon="-73.961227"><ele>5.2</ele><time>2026-08-06T23:51:32.000Z</time><extensions><gpxtpx:TrackPointExtension><gpxtpx:hr>132</gpxtpx:hr></gpxtpx:TrackPointExtension></extensions></trkpt>
      <trkpt lat="40.740251" lon="-73.961211"><ele>5.2</ele><time>2026-08-06T23:51:33.000Z</time><extensions><gpxtpx:TrackPointExtension><gpxtpx:hr>130</gpxtpx:hr></gpxtpx:TrackPointExtension></extensions></trkpt>
      <trkpt lat="40.740276" lon="-73.961194"><ele>5</ele><time>2026-08-06T23:51:34.000Z</time><extensions><gpxtpx:TrackPointExtension><gpxtpx:hr>130</gpxtpx:hr></gpxtpx:TrackPointExtension></extensions></trkpt>
      <trkpt lat="40.7403" lon="-73.961177"><ele>5</ele><time>2026-08-06T23:51:35.000Z</time><extensions><gpxtpx:TrackPointExtension><gpxtpx:hr>130</gpxtpx:hr></gpxtpx:TrackPointExtension></extensions></trkpt>
      <trkpt lat="40.740324" lon="-73.96116"><ele>4.8</ele><time>2026-08-06T23:51:36.000Z</time><extensions><gpxtpx:TrackPointExtension><gpxtpx:hr>130</gpxtpx:hr></gpxtpx:TrackPointExtension></extensions></trkpt>
      <trkpt lat="40.740349" lon="-73.961146"><ele>4.8</ele><time>2026-08-06T23:51:37.000Z</time><extensions><gpxtpx:TrackPointExtension><gpxtpx:hr>130</gpxtpx:hr></gpxtpx:TrackPointExtension></extensions></trkpt>
      <trkpt lat="40.740375" lon="-73.961132"><ele>4.8</ele><time>2026-08-06T23:51:38.000Z</time><extensions><gpxtpx:TrackPointExtension><gpxtpx:hr>130</gpxtpx:hr></gpxtpx:TrackPointExtension></extensions></trkpt>
      <trkpt lat="40.740402" lon="-73.96112"><ele>4.6</ele><time>2026-08-06T23:51:39.000Z</time><extensions><gpxtpx:TrackPointExtension><gpxtpx:hr>130</gpxtpx:hr></gpxtpx:TrackPointExtension></extensions></trkpt>
      <trkpt lat="40.740431" lon="-73.961109"><ele>4.6</ele><time>2026-08-06T23:51:40.000Z</time><extensions><gpxtpx:TrackPointExtension><gpxtpx:hr>130</gpxtpx:hr></gpxtpx:TrackPointExtension></extensions></trkpt>
      <trkpt lat="40.740459" lon="-73.961099"><ele>4.6</ele><time>2026-08-06T23:51:41.000Z</time><extensions><gpxtpx:TrackPointExtension><gpxtpx:hr>130</gpxtpx:hr></gpxtpx:TrackPointExtension></extensions></trkpt>
      <trkpt lat="40.740487" lon="-73.961091"><ele>4.6</ele><time>2026-08-06T23:51:42.000Z</time><extensions><gpxtpx:TrackPointExtension><gpxtpx:hr>130</gpxtpx:hr></gpxtpx:TrackPointExtension></extensions></trkpt>
      <trkpt lat="40.740514" lon="-73.961086"><ele>4.4</ele><time>2026-08-06T23:51:43.000Z</time><extensions><gpxtpx:TrackPointExtension><gpxtpx:hr>130</gpxtpx:hr></gpxtpx:TrackPointExtension></extensions></trkpt>
      <trkpt lat="40.740541" lon="-73.961083"><ele>4.4</ele><time>2026-08-06T23:51:44.000Z</time><extensions><gpxtpx:TrackPointExtension><gpxtpx:hr>130</gpxtpx:hr></gpxtpx:TrackPointExtension></extensions></trkpt>
      <trkpt lat="40.740568" lon="-73.961082"><ele>4.4</ele><time>2026-08-06T23:51:45.000Z</time><extensions><gpxtpx:TrackPointExtension><gpxtpx:hr>131</gpxtpx:hr></gpxtpx:TrackPointExtension></extensions></trkpt>
      <trkpt lat="40.740594" lon="-73.961082"><ele>4.4</ele><time>2026-08-06T23:51:46.000Z</time><extensions><gpxtpx:TrackPointExtension><gpxtpx:hr>132</gpxtpx:hr></gpxtpx:TrackPointExtension></extensions></trkpt>
      <trkpt lat="40.74062" lon="-73.961082"><ele>4.4</ele><time>2026-08-06T23:51:47.000Z</time><extensions><gpxtpx:TrackPointExtension><gpxtpx:hr>132</gpxtpx:hr></gpxtpx:TrackPointExtension></extensions></trkpt>
      <trkpt lat="40.740646" lon="-73.961081"><ele>4.4</ele><time>2026-08-06T23:51:48.000Z</time><extensions><gpxtpx:TrackPointExtension><gpxtpx:hr>132</gpxtpx:hr></gpxtpx:TrackPointExtension></extensions></trkpt>
      <trkpt lat="40.740672" lon="-73.961078"><ele>4.4</ele><time>2026-08-06T23:51:49.000Z</time><extensions><gpxtpx:TrackPointExtension><gpxtpx:hr>132</gpxtpx:hr></gpxtpx:TrackPointExtension></extensions></trkpt>
      <trkpt lat="40.740697" lon="-73.961074"><ele>4.4</ele><time>2026-08-06T23:51:50.000Z</time><extensions><gpxtpx:TrackPointExtension><gpxtpx:hr>132</gpxtpx:hr></gpxtpx:TrackPointExtension></extensions></trkpt>
      <trkpt lat="40.740721" lon="-73.96107"><ele>4.2</ele><time>2026-08-06T23:51:51.000Z</time><extensions><gpxtpx:TrackPointExtension><gpxtpx:hr>132</gpxtpx:hr></gpxtpx:TrackPointExtension></extensions></trkpt>
      <trkpt lat="40.740745" lon="-73.961065"><ele>4.2</ele><time>2026-08-06T23:51:52.000Z</time><extensions><gpxtpx:TrackPointExtension><gpxtpx:hr>132</gpxtpx:hr></gpxtpx:TrackPointExtension></extensions></trkpt>
      <trkpt lat="40.740768" lon="-73.961059"><ele>4.2</ele><time>2026-08-06T23:51:53.000Z</time><extensions><gpxtpx:TrackPointExtension><gpxtpx:hr>132</gpxtpx:hr></gpxtpx:TrackPointExtension></extensions></trkpt>
      <trkpt lat="40.740792" lon="-73.961054"><ele>4.2</ele><time>2026-08-06T23:51:54.000Z</time><extensions><gpxtpx:TrackPointExtension><gpxtpx:hr>132</gpxtpx:hr></gpxtpx:TrackPointExtension></extensions></trkpt>
      <trkpt lat="40.740816" lon="-73.961048"><ele>4.2</ele><time>2026-08-06T23:51:55.000Z</time><extensions><gpxtpx:TrackPointExtension><gpxtpx:hr>133</gpxtpx:hr></gpxtpx:TrackPointExtension></extensions></trkpt>
      <trkpt lat="40.74084" lon="-73.961044"><ele>4</ele><time>2026-08-06T23:51:56.000Z</time><extensions><gpxtpx:TrackPointExtension><gpxtpx:hr>133</gpxtpx:hr></gpxtpx:TrackPointExtension></extensions></trkpt>
      <trkpt lat="40.740863" lon="-73.96104"><ele>4</ele><time>2026-08-06T23:51:57.000Z</time><extensions><gpxtpx:TrackPointExtension><gpxtpx:hr>133</gpxtpx:hr></gpxtpx:TrackPointExtension></extensions></trkpt>
      <trkpt lat="40.740885" lon="-73.961036"><ele>4</ele><time>2026-08-06T23:51:58.000Z</time><extensions><gpxtpx:TrackPointExtension><gpxtpx:hr>133</gpxtpx:hr></gpxtpx:TrackPointExtension></extensions></trkpt>
      <trkpt lat="40.740905" lon="-73.961032"><ele>4</ele><time>2026-08-06T23:51:59.000Z</time><extensions><gpxtpx:TrackPointExtension><gpxtpx:hr>133</gpxtpx:hr></gpxtpx:TrackPointExtension></extensions></trkpt>
      <trkpt lat="40.740923" lon="-73.961028"><ele>4</ele><time>2026-08-06T23:52:00.000Z</time><extensions><gpxtpx:TrackPointExtension><gpxtpx:hr>133</gpxtpx:hr></gpxtpx:TrackPointExtension></extensions></trkpt>
      <trkpt lat="40.74094" lon="-73.961025"><ele>4</ele><time>2026-08-06T23:52:01.000Z</time><extensions><gpxtpx:TrackPointExtension><gpxtpx:hr>133</gpxtpx:hr></gpxtpx:TrackPointExtension></extensions></trkpt>
      <trkpt lat="40.740955" lon="-73.961023"><ele>4</ele><time>2026-08-06T23:52:02.000Z</time><extensions><gpxtpx:TrackPointExtension><gpxtpx:hr>133</gpxtpx:hr></gpxtpx:TrackPointExtension></extensions></trkpt>
      <trkpt lat="40.74097" lon="-73.961021"><ele>4</ele><time>2026-08-06T23:52:03.000Z</time><extensions><gpxtpx:TrackPointExtension><gpxtpx:hr>132</gpxtpx:hr></gpxtpx:TrackPointExtension></extensions></trkpt>
      <trkpt lat="40.740987" lon="-73.961019"><ele>4</ele><time>2026-08-06T23:52:04.000Z</time><extensions><gpxtpx:TrackPointExtension><gpxtpx:hr>132</gpxtpx:hr></gpxtpx:TrackPointExtension></extensions></trkpt>
      <trkpt lat="40.741007" lon="-73.961015"><ele>4</ele><time>2026-08-06T23:52:05.000Z</time><extensions><gpxtpx:TrackPointExtension><gpxtpx:hr>132</gpxtpx:hr></gpxtpx:TrackPointExtension></extensions></trkpt>
      <trkpt lat="40.74103" lon="-73.961008"><ele>4</ele><time>2026-08-06T23:52:06.000Z</time><extensions><gpxtpx:TrackPointExtension><gpxtpx:hr>132</gpxtpx:hr></gpxtpx:TrackPointExtension></extensions></trkpt>
      <trkpt lat="40.741053" lon="-73.960999"><ele>4</ele><time>2026-08-06T23:52:07.000Z</time><extensions><gpxtpx:TrackPointExtension><gpxtpx:hr>132</gpxtpx:hr></gpxtpx:TrackPointExtension></extensions></trkpt>
      <trkpt lat="40.741076" lon="-73.960992"><ele>4</ele><time>2026-08-06T23:52:08.000Z</time><extensions><gpxtpx:TrackPointExtension><gpxtpx:hr>132</gpxtpx:hr></gpxtpx:TrackPointExtension></extensions></trkpt>
      <trkpt lat="40.741098" lon="-73.960989"><ele>4</ele><time>2026-08-06T23:52:09.000Z</time><extensions><gpxtpx:TrackPointExtension><gpxtpx:hr>132</gpxtpx:hr></gpxtpx:TrackPointExtension></extensions></trkpt>
      <trkpt lat="40.741119" lon="-73.960988"><ele>4</ele><time>2026-08-06T23:52:10.000Z</time><extensions><gpxtpx:TrackPointExtension><gpxtpx:hr>132</gpxtpx:hr></gpxtpx:TrackPointExtension></extensions></trkpt>
      <trkpt lat="40.741139" lon="-73.960988"><ele>4</ele><time>2026-08-06T23:52:11.000Z</time><extensions><gpxtpx:TrackPointExtension><gpxtpx:hr>132</gpxtpx:hr></gpxtpx:TrackPointExtension></extensions></trkpt>
      <trkpt lat="40.74116" lon="-73.960986"><ele>4</ele><time>2026-08-06T23:52:12.000Z</time><extensions><gpxtpx:TrackPointExtension><gpxtpx:hr>132</gpxtpx:hr></gpxtpx:TrackPointExtension></extensions></trkpt>
      <trkpt lat="40.741181" lon="-73.960985"><ele>4</ele><time>2026-08-06T23:52:13.000Z</time><extensions><gpxtpx:TrackPointExtension><gpxtpx:hr>132</gpxtpx:hr></gpxtpx:TrackPointExtension></extensions></trkpt>
      <trkpt lat="40.741203" lon="-73.960987"><ele>4</ele><time>2026-08-06T23:52:14.000Z</time><extensions><gpxtpx:TrackPointExtension><gpxtpx:hr>132</gpxtpx:hr></gpxtpx:TrackPointExtension></extensions></trkpt>
      <trkpt lat="40.741225" lon="-73.960995"><ele>4</ele><time>2026-08-06T23:52:15.000Z</time><extensions><gpxtpx:TrackPointExtension><gpxtpx:hr>130</gpxtpx:hr></gpxtpx:TrackPointExtension></extensions></trkpt>
      <trkpt lat="40.741247" lon="-73.961004"><ele>4</ele><time>2026-08-06T23:52:16.000Z</time><extensions><gpxtpx:TrackPointExtension><gpxtpx:hr>130</gpxtpx:hr></gpxtpx:TrackPointExtension></extensions></trkpt>
      <trkpt lat="40.74127" lon="-73.961013"><ele>4</ele><time>2026-08-06T23:52:17.000Z</time><extensions><gpxtpx:TrackPointExtension><gpxtpx:hr>130</gpxtpx:hr></gpxtpx:TrackPointExtension></extensions></trkpt>
      <trkpt lat="40.741294" lon="-73.961019"><ele>4</ele><time>2026-08-06T23:52:18.000Z</time><extensions><gpxtpx:TrackPointExtension><gpxtpx:hr>130</gpxtpx:hr></gpxtpx:TrackPointExtension></extensions></trkpt>
      <trkpt lat="40.74132" lon="-73.961022"><ele>4</ele><time>2026-08-06T23:52:19.000Z</time><extensions><gpxtpx:TrackPointExtension><gpxtpx:hr>130</gpxtpx:hr></gpxtpx:TrackPointExtension></extensions></trkpt>
      <trkpt lat="40.741345" lon="-73.961023"><ele>4</ele><time>2026-08-06T23:52:20.000Z</time><extensions><gpxtpx:TrackPointExtension><gpxtpx:hr>130</gpxtpx:hr></gpxtpx:TrackPointExtension></extensions></trkpt>
      <trkpt lat="40.74137" lon="-73.961024"><ele>4</ele><time>2026-08-06T23:52:21.000Z</time><extensions><gpxtpx:TrackPointExtension><gpxtpx:hr>130</gpxtpx:hr></gpxtpx:TrackPointExtension></extensions></trkpt>
      <trkpt lat="40.741396" lon="-73.961026"><ele>4</ele><time>2026-08-06T23:52:22.000Z</time><extensions><gpxtpx:TrackPointExtension><gpxtpx:hr>131</gpxtpx:hr></gpxtpx:TrackPointExtension></extensions></trkpt>
      <trkpt lat="40.741423" lon="-73.961026"><ele>4</ele><time>2026-08-06T23:52:23.000Z</time><extensions><gpxtpx:TrackPointExtension><gpxtpx:hr>131</gpxtpx:hr></gpxtpx:TrackPointExtension></extensions></trkpt>
      <trkpt lat="40.741448" lon="-73.961025"><ele>4</ele><time>2026-08-06T23:52:24.000Z</time><extensions><gpxtpx:TrackPointExtension><gpxtpx:hr>131</gpxtpx:hr></gpxtpx:TrackPointExtension></extensions></trkpt>
      <trkpt lat="40.741473" lon="-73.961022"><ele>4</ele><time>2026-08-06T23:52:25.000Z</time><extensions><gpxtpx:TrackPointExtension><gpxtpx:hr>131</gpxtpx:hr></gpxtpx:TrackPointExtension></extensions></trkpt>
      <trkpt lat="40.741497" lon="-73.96102"><ele>4</ele><time>2026-08-06T23:52:26.000Z</time><extensions><gpxtpx:TrackPointExtension><gpxtpx:hr>131</gpxtpx:hr></gpxtpx:TrackPointExtension></extensions></trkpt>
      <trkpt lat="40.741522" lon="-73.961018"><ele>4</ele><time>2026-08-06T23:52:27.000Z</time><extensions><gpxtpx:TrackPointExtension><gpxtpx:hr>131</gpxtpx:hr></gpxtpx:TrackPointExtension></extensions></trkpt>
      <trkpt lat="40.741546" lon="-73.961017"><ele>4</ele><time>2026-08-06T23:52:28.000Z</time><extensions><gpxtpx:TrackPointExtension><gpxtpx:hr>131</gpxtpx:hr></gpxtpx:TrackPointExtension></extensions></trkpt>
      <trkpt lat="40.741571" lon="-73.961017"><ele>4</ele><time>2026-08-06T23:52:29.000Z</time><extensions><gpxtpx:TrackPointExtension><gpxtpx:hr>130</gpxtpx:hr></gpxtpx:TrackPointExtension></extensions></trkpt>
      <trkpt lat="40.741594" lon="-73.961018"><ele>4</ele><time>2026-08-06T23:52:30.000Z</time><extensions><gpxtpx:TrackPointExtension><gpxtpx:hr>130</gpxtpx:hr></gpxtpx:TrackPointExtension></extensions></trkpt>
      <trkpt lat="40.741618" lon="-73.961019"><ele>4</ele><time>2026-08-06T23:52:31.000Z</time><extensions><gpxtpx:TrackPointExtension><gpxtpx:hr>130</gpxtpx:hr></gpxtpx:TrackPointExtension></extensions></trkpt>
      <trkpt lat="40.741641" lon="-73.961019"><ele>4</ele><time>2026-08-06T23:52:32.000Z</time><extensions><gpxtpx:TrackPointExtension><gpxtpx:hr>130</gpxtpx:hr></gpxtpx:TrackPointExtension></extensions></trkpt>
      <trkpt lat="40.741665" lon="-73.961019"><ele>4</ele><time>2026-08-06T23:52:33.000Z</time><extensions><gpxtpx:TrackPointExtension><gpxtpx:hr>130</gpxtpx:hr></gpxtpx:TrackPointExtension></extensions></trkpt>
      <trkpt lat="40.741689" lon="-73.96102"><ele>4</ele><time>2026-08-06T23:52:34.000Z</time><extensions><gpxtpx:TrackPointExtension><gpxtpx:hr>130</gpxtpx:hr></gpxtpx:TrackPointExtension></extensions></trkpt>
      <trkpt lat="40.741713" lon="-73.961023"><ele>4</ele><time>2026-08-06T23:52:35.000Z</time><extensions><gpxtpx:TrackPointExtension><gpxtpx:hr>130</gpxtpx:hr></gpxtpx:TrackPointExtension></extensions></trkpt>
      <trkpt lat="40.741736" lon="-73.961026"><ele>4</ele><time>2026-08-06T23:52:36.000Z</time><extensions><gpxtpx:TrackPointExtension><gpxtpx:hr>130</gpxtpx:hr></gpxtpx:TrackPointExtension></extensions></trkpt>
      <trkpt lat="40.741759" lon="-73.96103"><ele>4</ele><time>2026-08-06T23:52:37.000Z</time><extensions><gpxtpx:TrackPointExtension><gpxtpx:hr>130</gpxtpx:hr></gpxtpx:TrackPointExtension></extensions></trkpt>
      <trkpt lat="40.741783" lon="-73.961035"><ele>4</ele><time>2026-08-06T23:52:38.000Z</time><extensions><gpxtpx:TrackPointExtension><gpxtpx:hr>130</gpxtpx:hr></gpxtpx:TrackPointExtension></extensions></trkpt>
      <trkpt lat="40.741807" lon="-73.96104"><ele>4</ele><time>2026-08-06T23:52:39.000Z</time><extensions><gpxtpx:TrackPointExtension><gpxtpx:hr>130</gpxtpx:hr></gpxtpx:TrackPointExtension></extensions></trkpt>
      <trkpt lat="40.741829" lon="-73.961046"><ele>4</ele><time>2026-08-06T23:52:40.000Z</time><extensions><gpxtpx:TrackPointExtension><gpxtpx:hr>130</gpxtpx:hr></gpxtpx:TrackPointExtension></extensions></trkpt>
      <trkpt lat="40.741851" lon="-73.961052"><ele>4</ele><time>2026-08-06T23:52:41.000Z</time><extensions><gpxtpx:TrackPointExtension><gpxtpx:hr>130</gpxtpx:hr></gpxtpx:TrackPointExtension></extensions></trkpt>
      <trkpt lat="40.741873" lon="-73.961058"><ele>4</ele><time>2026-08-06T23:52:42.000Z</time><extensions><gpxtpx:TrackPointExtension><gpxtpx:hr>130</gpxtpx:hr></gpxtpx:TrackPointExtension></extensions></trkpt>
      <trkpt lat="40.741895" lon="-73.961063"><ele>4</ele><time>2026-08-06T23:52:43.000Z</time><extensions><gpxtpx:TrackPointExtension><gpxtpx:hr>130</gpxtpx:hr></gpxtpx:TrackPointExtension></extensions></trkpt>
      <trkpt lat="40.741918" lon="-73.961068"><ele>4</ele><time>2026-08-06T23:52:44.000Z</time><extensions><gpxtpx:TrackPointExtension><gpxtpx:hr>130</gpxtpx:hr></gpxtpx:TrackPointExtension></extensions></trkpt>
      <trkpt lat="40.741942" lon="-73.961072"><ele>4</ele><time>2026-08-06T23:52:45.000Z</time><extensions><gpxtpx:TrackPointExtension><gpxtpx:hr>130</gpxtpx:hr></gpxtpx:TrackPointExtension></extensions></trkpt>
      <trkpt lat="40.741967" lon="-73.961074"><ele>4</ele><time>2026-08-06T23:52:46.000Z</time><extensions><gpxtpx:TrackPointExtension><gpxtpx:hr>128</gpxtpx:hr></gpxtpx:TrackPointExtension></extensions></trkpt>
      <trkpt lat="40.741991" lon="-73.961075"><ele>4.2</ele><time>2026-08-06T23:52:47.000Z</time><extensions><gpxtpx:TrackPointExtension><gpxtpx:hr>128</gpxtpx:hr></gpxtpx:TrackPointExtension></extensions></trkpt>
      <trkpt lat="40.742015" lon="-73.961074"><ele>4.2</ele><time>2026-08-06T23:52:48.000Z</time><extensions><gpxtpx:TrackPointExtension><gpxtpx:hr>128</gpxtpx:hr></gpxtpx:TrackPointExtension></extensions></trkpt>
      <trkpt lat="40.742037" lon="-73.961072"><ele>4.2</ele><time>2026-08-06T23:52:49.000Z</time><extensions><gpxtpx:TrackPointExtension><gpxtpx:hr>128</gpxtpx:hr></gpxtpx:TrackPointExtension></extensions></trkpt>
      <trkpt lat="40.742054" lon="-73.961072"><ele>4.2</ele><time>2026-08-06T23:52:50.000Z</time><extensions><gpxtpx:TrackPointExtension><gpxtpx:hr>128</gpxtpx:hr></gpxtpx:TrackPointExtension></extensions></trkpt>
      <trkpt lat="40.742071" lon="-73.961073"><ele>4.2</ele><time>2026-08-06T23:52:51.000Z</time><extensions><gpxtpx:TrackPointExtension><gpxtpx:hr>128</gpxtpx:hr></gpxtpx:TrackPointExtension></extensions></trkpt>
      <trkpt lat="40.742093" lon="-73.961077"><ele>4.2</ele><time>2026-08-06T23:52:52.000Z</time><extensions><gpxtpx:TrackPointExtension><gpxtpx:hr>129</gpxtpx:hr></gpxtpx:TrackPointExtension></extensions></trkpt>
      <trkpt lat="40.742122" lon="-73.961084"><ele>4.2</ele><time>2026-08-06T23:52:53.000Z</time><extensions><gpxtpx:TrackPointExtension><gpxtpx:hr>129</gpxtpx:hr></gpxtpx:TrackPointExtension></extensions></trkpt>
      <trkpt lat="40.742153" lon="-73.961091"><ele>4.2</ele><time>2026-08-06T23:52:54.000Z</time><extensions><gpxtpx:TrackPointExtension><gpxtpx:hr>129</gpxtpx:hr></gpxtpx:TrackPointExtension></extensions></trkpt>
      <trkpt lat="40.742187" lon="-73.961098"><ele>4.2</ele><time>2026-08-06T23:52:55.000Z</time><extensions><gpxtpx:TrackPointExtension><gpxtpx:hr>129</gpxtpx:hr></gpxtpx:TrackPointExtension></extensions></trkpt>
      <trkpt lat="40.742222" lon="-73.961102"><ele>4</ele><time>2026-08-06T23:52:56.000Z</time><extensions><gpxtpx:TrackPointExtension><gpxtpx:hr>129</gpxtpx:hr></gpxtpx:TrackPointExtension></extensions></trkpt>
      <trkpt lat="40.742257" lon="-73.961103"><ele>4</ele><time>2026-08-06T23:52:57.000Z</time><extensions><gpxtpx:TrackPointExtension><gpxtpx:hr>132</gpxtpx:hr></gpxtpx:TrackPointExtension></extensions></trkpt>
      <trkpt lat="40.74229" lon="-73.9611"><ele>4</ele><time>2026-08-06T23:52:58.000Z</time><extensions><gpxtpx:TrackPointExtension><gpxtpx:hr>132</gpxtpx:hr></gpxtpx:TrackPointExtension></extensions></trkpt>
      <trkpt lat="40.742322" lon="-73.961095"><ele>4</ele><time>2026-08-06T23:52:59.000Z</time><extensions><gpxtpx:TrackPointExtension><gpxtpx:hr>132</gpxtpx:hr></gpxtpx:TrackPointExtension></extensions></trkpt>
      <trkpt lat="40.742354" lon="-73.961088"><ele>4</ele><time>2026-08-06T23:53:00.000Z</time><extensions><gpxtpx:TrackPointExtension><gpxtpx:hr>132</gpxtpx:hr></gpxtpx:TrackPointExtension></extensions></trkpt>
      <trkpt lat="40.742387" lon="-73.961081"><ele>3.8</ele><time>2026-08-06T23:53:01.000Z</time><extensions><gpxtpx:TrackPointExtension><gpxtpx:hr>134</gpxtpx:hr></gpxtpx:TrackPointExtension></extensions></trkpt>
      <trkpt lat="40.74242" lon="-73.961072"><ele>3.8</ele><time>2026-08-06T23:53:02.000Z</time><extensions><gpxtpx:TrackPointExtension><gpxtpx:hr>134</gpxtpx:hr></gpxtpx:TrackPointExtension></extensions></trkpt>
      <trkpt lat="40.742454" lon="-73.961064"><ele>3.8</ele><time>2026-08-06T23:53:03.000Z</time><extensions><gpxtpx:TrackPointExtension><gpxtpx:hr>134</gpxtpx:hr></gpxtpx:TrackPointExtension></extensions></trkpt>
      <trkpt lat="40.742488" lon="-73.961056"><ele>3.8</ele><time>2026-08-06T23:53:04.000Z</time><extensions><gpxtpx:TrackPointExtension><gpxtpx:hr>134</gpxtpx:hr></gpxtpx:TrackPointExtension></extensions></trkpt>
      <trkpt lat="40.742523" lon="-73.961048"><ele>3.6</ele><time>2026-08-06T23:53:05.000Z</time><extensions><gpxtpx:TrackPointExtension><gpxtpx:hr>134</gpxtpx:hr></gpxtpx:TrackPointExtension></extensions></trkpt>
      <trkpt lat="40.742557" lon="-73.961037"><ele>3.6</ele><time>2026-08-06T23:53:06.000Z</time><extensions><gpxtpx:TrackPointExtension><gpxtpx:hr>134</gpxtpx:hr></gpxtpx:TrackPointExtension></extensions></trkpt>
      <trkpt lat="40.742591" lon="-73.961019"><ele>3.6</ele><time>2026-08-06T23:53:07.000Z</time><extensions><gpxtpx:TrackPointExtension><gpxtpx:hr>134</gpxtpx:hr></gpxtpx:TrackPointExtension></extensions></trkpt>
      <trkpt lat="40.742622" lon="-73.960996"><ele>3.6</ele><time>2026-08-06T23:53:08.000Z</time><extensions><gpxtpx:TrackPointExtension><gpxtpx:hr>134</gpxtpx:hr></gpxtpx:TrackPointExtension></extensions></trkpt>
      <trkpt lat="40.742652" lon="-73.960972"><ele>3.6</ele><time>2026-08-06T23:53:09.000Z</time><extensions><gpxtpx:TrackPointExtension><gpxtpx:hr>134</gpxtpx:hr></gpxtpx:TrackPointExtension></extensions></trkpt>
      <trkpt lat="40.74268" lon="-73.960952"><ele>3.6</ele><time>2026-08-06T23:53:10.000Z</time><extensions><gpxtpx:TrackPointExtension><gpxtpx:hr>138</gpxtpx:hr></gpxtpx:TrackPointExtension></extensions></trkpt>
      <trkpt lat="40.742706" lon="-73.960938"><ele>3.6</ele><time>2026-08-06T23:53:11.000Z</time><extensions><gpxtpx:TrackPointExtension><gpxtpx:hr>138</gpxtpx:hr></gpxtpx:TrackPointExtension></extensions></trkpt>
      <trkpt lat="40.742731" lon="-73.960929"><ele>3.6</ele><time>2026-08-06T23:53:12.000Z</time><extensions><gpxtpx:TrackPointExtension><gpxtpx:hr>138</gpxtpx:hr></gpxtpx:TrackPointExtension></extensions></trkpt>
      <trkpt lat="40.742754" lon="-73.960924"><ele>3.6</ele><time>2026-08-06T23:53:13.000Z</time><extensions><gpxtpx:TrackPointExtension><gpxtpx:hr>138</gpxtpx:hr></gpxtpx:TrackPointExtension></extensions></trkpt>
      <trkpt lat="40.742775" lon="-73.960921"><ele>3.6</ele><time>2026-08-06T23:53:14.000Z</time><extensions><gpxtpx:TrackPointExtension><gpxtpx:hr>138</gpxtpx:hr></gpxtpx:TrackPointExtension></extensions></trkpt>
      <trkpt lat="40.742795" lon="-73.960916"><ele>3.6</ele><time>2026-08-06T23:53:15.000Z</time><extensions><gpxtpx:TrackPointExtension><gpxtpx:hr>138</gpxtpx:hr></gpxtpx:TrackPointExtension></extensions></trkpt>
      <trkpt lat="40.742816" lon="-73.960907"><ele>3.6</ele><time>2026-08-06T23:53:16.000Z</time><extensions><gpxtpx:TrackPointExtension><gpxtpx:hr>138</gpxtpx:hr></gpxtpx:TrackPointExtension></extensions></trkpt>
      <trkpt lat="40.742837" lon="-73.960894"><ele>3.6</ele><time>2026-08-06T23:53:17.000Z</time><extensions><gpxtpx:TrackPointExtension><gpxtpx:hr>138</gpxtpx:hr></gpxtpx:TrackPointExtension></extensions></trkpt>
      <trkpt lat="40.742858" lon="-73.960879"><ele>3.6</ele><time>2026-08-06T23:53:18.000Z</time><extensions><gpxtpx:TrackPointExtension><gpxtpx:hr>138</gpxtpx:hr></gpxtpx:TrackPointExtension></extensions></trkpt>
      <trkpt lat="40.74288" lon="-73.960866"><ele>3.6</ele><time>2026-08-06T23:53:19.000Z</time><extensions><gpxtpx:TrackPointExtension><gpxtpx:hr>139</gpxtpx:hr></gpxtpx:TrackPointExtension></extensions></trkpt>
      <trkpt lat="40.7429" lon="-73.960854"><ele>3.6</ele><time>2026-08-06T23:53:20.000Z</time><extensions><gpxtpx:TrackPointExtension><gpxtpx:hr>139</gpxtpx:hr></gpxtpx:TrackPointExtension></extensions></trkpt>
      <trkpt lat="40.74292" lon="-73.960842"><ele>3.6</ele><time>2026-08-06T23:53:21.000Z</time><extensions><gpxtpx:TrackPointExtension><gpxtpx:hr>139</gpxtpx:hr></gpxtpx:TrackPointExtension></extensions></trkpt>
      <trkpt lat="40.74294" lon="-73.960832"><ele>3.6</ele><time>2026-08-06T23:53:22.000Z</time><extensions><gpxtpx:TrackPointExtension><gpxtpx:hr>139</gpxtpx:hr></gpxtpx:TrackPointExtension></extensions></trkpt>
      <trkpt lat="40.742959" lon="-73.960822"><ele>3.6</ele><time>2026-08-06T23:53:23.000Z</time><extensions><gpxtpx:TrackPointExtension><gpxtpx:hr>139</gpxtpx:hr></gpxtpx:TrackPointExtension></extensions></trkpt>
      <trkpt lat="40.742978" lon="-73.960812"><ele>3.6</ele><time>2026-08-06T23:53:24.000Z</time><extensions><gpxtpx:TrackPointExtension><gpxtpx:hr>139</gpxtpx:hr></gpxtpx:TrackPointExtension></extensions></trkpt>
      <trkpt lat="40.742996" lon="-73.960801"><ele>3.6</ele><time>2026-08-06T23:53:25.000Z</time><extensions><gpxtpx:TrackPointExtension><gpxtpx:hr>139</gpxtpx:hr></gpxtpx:TrackPointExtension></extensions></trkpt>
      <trkpt lat="40.743015" lon="-73.960791"><ele>3.6</ele><time>2026-08-06T23:53:26.000Z</time><extensions><gpxtpx:TrackPointExtension><gpxtpx:hr>139</gpxtpx:hr></gpxtpx:TrackPointExtension></extensions></trkpt>
      <trkpt lat="40.743034" lon="-73.96078"><ele>3.6</ele><time>2026-08-06T23:53:27.000Z</time><extensions><gpxtpx:TrackPointExtension><gpxtpx:hr>139</gpxtpx:hr></gpxtpx:TrackPointExtension></extensions></trkpt>
      <trkpt lat="40.743055" lon="-73.960767"><ele>3.6</ele><time>2026-08-06T23:53:28.000Z</time><extensions><gpxtpx:TrackPointExtension><gpxtpx:hr>137</gpxtpx:hr></gpxtpx:TrackPointExtension></extensions></trkpt>
      <trkpt lat="40.743076" lon="-73.960752"><ele>3.6</ele><time>2026-08-06T23:53:29.000Z</time><extensions><gpxtpx:TrackPointExtension><gpxtpx:hr>137</gpxtpx:hr></gpxtpx:TrackPointExtension></extensions></trkpt>
      <trkpt lat="40.743097" lon="-73.960735"><ele>3.6</ele><time>2026-08-06T23:53:30.000Z</time><extensions><gpxtpx:TrackPointExtension><gpxtpx:hr>137</gpxtpx:hr></gpxtpx:TrackPointExtension></extensions></trkpt>
      <trkpt lat="40.743119" lon="-73.960717"><ele>3.6</ele><time>2026-08-06T23:53:31.000Z</time><extensions><gpxtpx:TrackPointExtension><gpxtpx:hr>137</gpxtpx:hr></gpxtpx:TrackPointExtension></extensions></trkpt>
      <trkpt lat="40.74314" lon="-73.960702"><ele>3.6</ele><time>2026-08-06T23:53:32.000Z</time><extensions><gpxtpx:TrackPointExtension><gpxtpx:hr>136</gpxtpx:hr></gpxtpx:TrackPointExtension></extensions></trkpt>
      <trkpt lat="40.743162" lon="-73.960688"><ele>3.6</ele><time>2026-08-06T23:53:33.000Z</time><extensions><gpxtpx:TrackPointExtension><gpxtpx:hr>136</gpxtpx:hr></gpxtpx:TrackPointExtension></extensions></trkpt>
      <trkpt lat="40.743184" lon="-73.960676"><ele>3.6</ele><time>2026-08-06T23:53:34.000Z</time><extensions><gpxtpx:TrackPointExtension><gpxtpx:hr>136</gpxtpx:hr></gpxtpx:TrackPointExtension></extensions></trkpt>
      <trkpt lat="40.743206" lon="-73.960663"><ele>3.6</ele><time>2026-08-06T23:53:35.000Z</time><extensions><gpxtpx:TrackPointExtension><gpxtpx:hr>136</gpxtpx:hr></gpxtpx:TrackPointExtension></extensions></trkpt>
      <trkpt lat="40.743228" lon="-73.960649"><ele>3.6</ele><time>2026-08-06T23:53:36.000Z</time><extensions><gpxtpx:TrackPointExtension><gpxtpx:hr>134</gpxtpx:hr></gpxtpx:TrackPointExtension></extensions></trkpt>
      <trkpt lat="40.74325" lon="-73.960635"><ele>3.6</ele><time>2026-08-06T23:53:37.000Z</time><extensions><gpxtpx:TrackPointExtension><gpxtpx:hr>134</gpxtpx:hr></gpxtpx:TrackPointExtension></extensions></trkpt>
      <trkpt lat="40.743273" lon="-73.960622"><ele>3.6</ele><time>2026-08-06T23:53:38.000Z</time><extensions><gpxtpx:TrackPointExtension><gpxtpx:hr>134</gpxtpx:hr></gpxtpx:TrackPointExtension></extensions></trkpt>
      <trkpt lat="40.743294" lon="-73.960609"><ele>3.6</ele><time>2026-08-06T23:53:39.000Z</time><extensions><gpxtpx:TrackPointExtension><gpxtpx:hr>134</gpxtpx:hr></gpxtpx:TrackPointExtension></extensions></trkpt>
      <trkpt lat="40.743314" lon="-73.960594"><ele>3.6</ele><time>2026-08-06T23:53:40.000Z</time><extensions><gpxtpx:TrackPointExtension><gpxtpx:hr>134</gpxtpx:hr></gpxtpx:TrackPointExtension></extensions></trkpt>
      <trkpt lat="40.743334" lon="-73.960577"><ele>3.6</ele><time>2026-08-06T23:53:41.000Z</time><extensions><gpxtpx:TrackPointExtension><gpxtpx:hr>134</gpxtpx:hr></gpxtpx:TrackPointExtension></extensions></trkpt>
      <trkpt lat="40.743354" lon="-73.960559"><ele>3.6</ele><time>2026-08-06T23:53:42.000Z</time><extensions><gpxtpx:TrackPointExtension><gpxtpx:hr>134</gpxtpx:hr></gpxtpx:TrackPointExtension></extensions></trkpt>
      <trkpt lat="40.743372" lon="-73.960539"><ele>3.6</ele><time>2026-08-06T23:53:43.000Z</time><extensions><gpxtpx:TrackPointExtension><gpxtpx:hr>134</gpxtpx:hr></gpxtpx:TrackPointExtension></extensions></trkpt>
      <trkpt lat="40.743389" lon="-73.960517"><ele>3.6</ele><time>2026-08-06T23:53:44.000Z</time><extensions><gpxtpx:TrackPointExtension><gpxtpx:hr>134</gpxtpx:hr></gpxtpx:TrackPointExtension></extensions></trkpt>
      <trkpt lat="40.743405" lon="-73.960493"><ele>3.6</ele><time>2026-08-06T23:53:45.000Z</time><extensions><gpxtpx:TrackPointExtension><gpxtpx:hr>134</gpxtpx:hr></gpxtpx:TrackPointExtension></extensions></trkpt>
      <trkpt lat="40.743419" lon="-73.960468"><ele>3.6</ele><time>2026-08-06T23:53:46.000Z</time><extensions><gpxtpx:TrackPointExtension><gpxtpx:hr>134</gpxtpx:hr></gpxtpx:TrackPointExtension></extensions></trkpt>
      <trkpt lat="40.743431" lon="-73.960441"><ele>3.6</ele><time>2026-08-06T23:53:47.000Z</time><extensions><gpxtpx:TrackPointExtension><gpxtpx:hr>134</gpxtpx:hr></gpxtpx:TrackPointExtension></extensions></trkpt>
      <trkpt lat="40.743441" lon="-73.960413"><ele>3.6</ele><time>2026-08-06T23:53:48.000Z</time><extensions><gpxtpx:TrackPointExtension><gpxtpx:hr>134</gpxtpx:hr></gpxtpx:TrackPointExtension></extensions></trkpt>
      <trkpt lat="40.743449" lon="-73.960384"><ele>3.6</ele><time>2026-08-06T23:53:49.000Z</time><extensions><gpxtpx:TrackPointExtension><gpxtpx:hr>134</gpxtpx:hr></gpxtpx:TrackPointExtension></extensions></trkpt>
      <trkpt lat="40.743455" lon="-73.960355"><ele>3.6</ele><time>2026-08-06T23:53:50.000Z</time><extensions><gpxtpx:TrackPointExtension><gpxtpx:hr>134</gpxtpx:hr></gpxtpx:TrackPointExtension></extensions></trkpt>
      <trkpt lat="40.743458" lon="-73.960324"><ele>3.6</ele><time>2026-08-06T23:53:51.000Z</time><extensions><gpxtpx:TrackPointExtension><gpxtpx:hr>134</gpxtpx:hr></gpxtpx:TrackPointExtension></extensions></trkpt>
      <trkpt lat="40.743459" lon="-73.960293"><ele>3.6</ele><time>2026-08-06T23:53:52.000Z</time><extensions><gpxtpx:TrackPointExtension><gpxtpx:hr>134</gpxtpx:hr></gpxtpx:TrackPointExtension></extensions></trkpt>
      <trkpt lat="40.743457" lon="-73.960262"><ele>3.6</ele><time>2026-08-06T23:53:53.000Z</time><extensions><gpxtpx:TrackPointExtension><gpxtpx:hr>134</gpxtpx:hr></gpxtpx:TrackPointExtension></extensions></trkpt>
      <trkpt lat="40.743453" lon="-73.960232"><ele>3.6</ele><time>2026-08-06T23:53:54.000Z</time><extensions><gpxtpx:TrackPointExtension><gpxtpx:hr>134</gpxtpx:hr></gpxtpx:TrackPointExtension></extensions></trkpt>
      <trkpt lat="40.743446" lon="-73.960202"><ele>3.6</ele><time>2026-08-06T23:53:55.000Z</time><extensions><gpxtpx:TrackPointExtension><gpxtpx:hr>134</gpxtpx:hr></gpxtpx:TrackPointExtension></extensions></trkpt>
      <trkpt lat="40.74344" lon="-73.960172"><ele>3.6</ele><time>2026-08-06T23:53:56.000Z</time><extensions><gpxtpx:TrackPointExtension><gpxtpx:hr>134</gpxtpx:hr></gpxtpx:TrackPointExtension></extensions></trkpt>
      <trkpt lat="40.743433" lon="-73.960142"><ele>3.6</ele><time>2026-08-06T23:53:57.000Z</time><extensions><gpxtpx:TrackPointExtension><gpxtpx:hr>134</gpxtpx:hr></gpxtpx:TrackPointExtension></extensions></trkpt>
      <trkpt lat="40.743428" lon="-73.960112"><ele>3.6</ele><time>2026-08-06T23:53:58.000Z</time><extensions><gpxtpx:TrackPointExtension><gpxtpx:hr>134</gpxtpx:hr></gpxtpx:TrackPointExtension></extensions></trkpt>
      <trkpt lat="40.743422" lon="-73.960081"><ele>3.6</ele><time>2026-08-06T23:53:59.000Z</time><extensions><gpxtpx:TrackPointExtension><gpxtpx:hr>134</gpxtpx:hr></gpxtpx:TrackPointExtension></extensions></trkpt>
      <trkpt lat="40.743418" lon="-73.96005"><ele>3.6</ele><time>2026-08-06T23:54:00.000Z</time><extensions><gpxtpx:TrackPointExtension><gpxtpx:hr>134</gpxtpx:hr></gpxtpx:TrackPointExtension></extensions></trkpt>
      <trkpt lat="40.743415" lon="-73.960018"><ele>3.6</ele><time>2026-08-06T23:54:01.000Z</time><extensions><gpxtpx:TrackPointExtension><gpxtpx:hr>134</gpxtpx:hr></gpxtpx:TrackPointExtension></extensions></trkpt>
      <trkpt lat="40.743414" lon="-73.959987"><ele>3.8</ele><time>2026-08-06T23:54:02.000Z</time><extensions><gpxtpx:TrackPointExtension><gpxtpx:hr>134</gpxtpx:hr></gpxtpx:TrackPointExtension></extensions></trkpt>
      <trkpt lat="40.743415" lon="-73.959956"><ele>3.8</ele><time>2026-08-06T23:54:03.000Z</time><extensions><gpxtpx:TrackPointExtension><gpxtpx:hr>134</gpxtpx:hr></gpxtpx:TrackPointExtension></extensions></trkpt>
      <trkpt lat="40.743417" lon="-73.959925"><ele>3.8</ele><time>2026-08-06T23:54:04.000Z</time><extensions><gpxtpx:TrackPointExtension><gpxtpx:hr>134</gpxtpx:hr></gpxtpx:TrackPointExtension></extensions></trkpt>
      <trkpt lat="40.743419" lon="-73.959895"><ele>3.8</ele><time>2026-08-06T23:54:05.000Z</time><extensions><gpxtpx:TrackPointExtension><gpxtpx:hr>135</gpxtpx:hr></gpxtpx:TrackPointExtension></extensions></trkpt>
      <trkpt lat="40.743423" lon="-73.959865"><ele>3.8</ele><time>2026-08-06T23:54:06.000Z</time><extensions><gpxtpx:TrackPointExtension><gpxtpx:hr>135</gpxtpx:hr></gpxtpx:TrackPointExtension></extensions></trkpt>
      <trkpt lat="40.743429" lon="-73.959835"><ele>3.8</ele><time>2026-08-06T23:54:07.000Z</time><extensions><gpxtpx:TrackPointExtension><gpxtpx:hr>134</gpxtpx:hr></gpxtpx:TrackPointExtension></extensions></trkpt>
      <trkpt lat="40.743438" lon="-73.959809"><ele>3.8</ele><time>2026-08-06T23:54:08.000Z</time><extensions><gpxtpx:TrackPointExtension><gpxtpx:hr>134</gpxtpx:hr></gpxtpx:TrackPointExtension></extensions></trkpt>
      <trkpt lat="40.743452" lon="-73.959788"><ele>3.8</ele><time>2026-08-06T23:54:09.000Z</time><extensions><gpxtpx:TrackPointExtension><gpxtpx:hr>134</gpxtpx:hr></gpxtpx:TrackPointExtension></extensions></trkpt>
      <trkpt lat="40.743469" lon="-73.959773"><ele>3.8</ele><time>2026-08-06T23:54:10.000Z</time><extensions><gpxtpx:TrackPointExtension><gpxtpx:hr>134</gpxtpx:hr></gpxtpx:TrackPointExtension></extensions></trkpt>
      <trkpt lat="40.743489" lon="-73.959762"><ele>3.8</ele><time>2026-08-06T23:54:11.000Z</time><extensions><gpxtpx:TrackPointExtension><gpxtpx:hr>134</gpxtpx:hr></gpxtpx:TrackPointExtension></extensions></trkpt>
      <trkpt lat="40.743508" lon="-73.959752"><ele>3.8</ele><time>2026-08-06T23:54:12.000Z</time><extensions><gpxtpx:TrackPointExtension><gpxtpx:hr>134</gpxtpx:hr></gpxtpx:TrackPointExtension></extensions></trkpt>
      <trkpt lat="40.743529" lon="-73.959742"><ele>3.8</ele><time>2026-08-06T23:54:13.000Z</time><extensions><gpxtpx:TrackPointExtension><gpxtpx:hr>134</gpxtpx:hr></gpxtpx:TrackPointExtension></extensions></trkpt>
      <trkpt lat="40.74355" lon="-73.959732"><ele>4</ele><time>2026-08-06T23:54:14.000Z</time><extensions><gpxtpx:TrackPointExtension><gpxtpx:hr>134</gpxtpx:hr></gpxtpx:TrackPointExtension></extensions></trkpt>
      <trkpt lat="40.74357" lon="-73.959718"><ele>4</ele><time>2026-08-06T23:54:15.000Z</time><extensions><gpxtpx:TrackPointExtension><gpxtpx:hr>132</gpxtpx:hr></gpxtpx:TrackPointExtension></extensions></trkpt>
      <trkpt lat="40.743589" lon="-73.959699"><ele>4</ele><time>2026-08-06T23:54:16.000Z</time><extensions><gpxtpx:TrackPointExtension><gpxtpx:hr>132</gpxtpx:hr></gpxtpx:TrackPointExtension></extensions></trkpt>
      <trkpt lat="40.743607" lon="-73.959678"><ele>4</ele><time>2026-08-06T23:54:17.000Z</time><extensions><gpxtpx:TrackPointExtension><gpxtpx:hr>132</gpxtpx:hr></gpxtpx:TrackPointExtension></extensions></trkpt>
      <trkpt lat="40.743625" lon="-73.959658"><ele>4</ele><time>2026-08-06T23:54:18.000Z</time><extensions><gpxtpx:TrackPointExtension><gpxtpx:hr>132</gpxtpx:hr></gpxtpx:TrackPointExtension></extensions></trkpt>
      <trkpt lat="40.743642" lon="-73.959641"><ele>4</ele><time>2026-08-06T23:54:19.000Z</time><extensions><gpxtpx:TrackPointExtension><gpxtpx:hr>132</gpxtpx:hr></gpxtpx:TrackPointExtension></extensions></trkpt>
      <trkpt lat="40.743659" lon="-73.959625"><ele>4</ele><time>2026-08-06T23:54:20.000Z</time><extensions><gpxtpx:TrackPointExtension><gpxtpx:hr>132</gpxtpx:hr></gpxtpx:TrackPointExtension></extensions></trkpt>
      <trkpt lat="40.743676" lon="-73.95961"><ele>4</ele><time>2026-08-06T23:54:21.000Z</time><extensions><gpxtpx:TrackPointExtension><gpxtpx:hr>132</gpxtpx:hr></gpxtpx:TrackPointExtension></extensions></trkpt>
      <trkpt lat="40.743693" lon="-73.959594"><ele>4</ele><time>2026-08-06T23:54:22.000Z</time><extensions><gpxtpx:TrackPointExtension><gpxtpx:hr>132</gpxtpx:hr></gpxtpx:TrackPointExtension></extensions></trkpt>
      <trkpt lat="40.74371" lon="-73.959579"><ele>4</ele><time>2026-08-06T23:54:23.000Z</time><extensions><gpxtpx:TrackPointExtension><gpxtpx:hr>132</gpxtpx:hr></gpxtpx:TrackPointExtension></extensions></trkpt>
      <trkpt lat="40.743726" lon="-73.959563"><ele>4</ele><time>2026-08-06T23:54:24.000Z</time><extensions><gpxtpx:TrackPointExtension><gpxtpx:hr>132</gpxtpx:hr></gpxtpx:TrackPointExtension></extensions></trkpt>
      <trkpt lat="40.743742" lon="-73.959547"><ele>4</ele><time>2026-08-06T23:54:25.000Z</time><extensions><gpxtpx:TrackPointExtension><gpxtpx:hr>133</gpxtpx:hr></gpxtpx:TrackPointExtension></extensions></trkpt>
      <trkpt lat="40.74376" lon="-73.95953"><ele>4.2</ele><time>2026-08-06T23:54:26.000Z</time><extensions><gpxtpx:TrackPointExtension><gpxtpx:hr>133</gpxtpx:hr></gpxtpx:TrackPointExtension></extensions></trkpt>
      <trkpt lat="40.743777" lon="-73.959514"><ele>4.2</ele><time>2026-08-06T23:54:27.000Z</time><extensions><gpxtpx:TrackPointExtension><gpxtpx:hr>133</gpxtpx:hr></gpxtpx:TrackPointExtension></extensions></trkpt>
      <trkpt lat="40.743795" lon="-73.959498"><ele>4.2</ele><time>2026-08-06T23:54:28.000Z</time><extensions><gpxtpx:TrackPointExtension><gpxtpx:hr>133</gpxtpx:hr></gpxtpx:TrackPointExtension></extensions></trkpt>
      <trkpt lat="40.743813" lon="-73.959483"><ele>4.2</ele><time>2026-08-06T23:54:29.000Z</time><extensions><gpxtpx:TrackPointExtension><gpxtpx:hr>132</gpxtpx:hr></gpxtpx:TrackPointExtension></extensions></trkpt>
      <trkpt lat="40.743831" lon="-73.959466"><ele>4.2</ele><time>2026-08-06T23:54:30.000Z</time><extensions><gpxtpx:TrackPointExtension><gpxtpx:hr>132</gpxtpx:hr></gpxtpx:TrackPointExtension></extensions></trkpt>
      <trkpt lat="40.74385" lon="-73.959447"><ele>4.2</ele><time>2026-08-06T23:54:31.000Z</time><extensions><gpxtpx:TrackPointExtension><gpxtpx:hr>132</gpxtpx:hr></gpxtpx:TrackPointExtension></extensions></trkpt>
      <trkpt lat="40.743867" lon="-73.959428"><ele>4.2</ele><time>2026-08-06T23:54:32.000Z</time><extensions><gpxtpx:TrackPointExtension><gpxtpx:hr>132</gpxtpx:hr></gpxtpx:TrackPointExtension></extensions></trkpt>
      <trkpt lat="40.743884" lon="-73.959409"><ele>4.2</ele><time>2026-08-06T23:54:33.000Z</time><extensions><gpxtpx:TrackPointExtension><gpxtpx:hr>132</gpxtpx:hr></gpxtpx:TrackPointExtension></extensions></trkpt>
      <trkpt lat="40.743901" lon="-73.959392"><ele>4.2</ele><time>2026-08-06T23:54:34.000Z</time><extensions><gpxtpx:TrackPointExtension><gpxtpx:hr>132</gpxtpx:hr></gpxtpx:TrackPointExtension></extensions></trkpt>
      <trkpt lat="40.743918" lon="-73.959375"><ele>4.2</ele><time>2026-08-06T23:54:35.000Z</time><extensions><gpxtpx:TrackPointExtension><gpxtpx:hr>131</gpxtpx:hr></gpxtpx:TrackPointExtension></extensions></trkpt>
      <trkpt lat="40.743937" lon="-73.959357"><ele>4.2</ele><time>2026-08-06T23:54:36.000Z</time><extensions><gpxtpx:TrackPointExtension><gpxtpx:hr>131</gpxtpx:hr></gpxtpx:TrackPointExtension></extensions></trkpt>
      <trkpt lat="40.743955" lon="-73.959338"><ele>4.2</ele><time>2026-08-06T23:54:37.000Z</time><extensions><gpxtpx:TrackPointExtension><gpxtpx:hr>131</gpxtpx:hr></gpxtpx:TrackPointExtension></extensions></trkpt>
      <trkpt lat="40.743973" lon="-73.959318"><ele>4.2</ele><time>2026-08-06T23:54:38.000Z</time><extensions><gpxtpx:TrackPointExtension><gpxtpx:hr>131</gpxtpx:hr></gpxtpx:TrackPointExtension></extensions></trkpt>
      <trkpt lat="40.743991" lon="-73.959298"><ele>4.2</ele><time>2026-08-06T23:54:39.000Z</time><extensions><gpxtpx:TrackPointExtension><gpxtpx:hr>131</gpxtpx:hr></gpxtpx:TrackPointExtension></extensions></trkpt>
      <trkpt lat="40.744009" lon="-73.95928"><ele>4.4</ele><time>2026-08-06T23:54:40.000Z</time><extensions><gpxtpx:TrackPointExtension><gpxtpx:hr>131</gpxtpx:hr></gpxtpx:TrackPointExtension></extensions></trkpt>
      <trkpt lat="40.744026" lon="-73.959262"><ele>4.4</ele><time>2026-08-06T23:54:41.000Z</time><extensions><gpxtpx:TrackPointExtension><gpxtpx:hr>131</gpxtpx:hr></gpxtpx:TrackPointExtension></extensions></trkpt>
      <trkpt lat="40.744043" lon="-73.959242"><ele>4.6</ele><time>2026-08-06T23:54:42.000Z</time><extensions><gpxtpx:TrackPointExtension><gpxtpx:hr>131</gpxtpx:hr></gpxtpx:TrackPointExtension></extensions></trkpt>
      <trkpt lat="40.744058" lon="-73.959221"><ele>4.6</ele><time>2026-08-06T23:54:43.000Z</time><extensions><gpxtpx:TrackPointExtension><gpxtpx:hr>131</gpxtpx:hr></gpxtpx:TrackPointExtension></extensions></trkpt>
      <trkpt lat="40.744073" lon="-73.959198"><ele>4.8</ele><time>2026-08-06T23:54:44.000Z</time><extensions><gpxtpx:TrackPointExtension><gpxtpx:hr>131</gpxtpx:hr></gpxtpx:TrackPointExtension></extensions></trkpt>
      <trkpt lat="40.744088" lon="-73.959175"><ele>5</ele><time>2026-08-06T23:54:45.000Z</time><extensions><gpxtpx:TrackPointExtension><gpxtpx:hr>130</gpxtpx:hr></gpxtpx:TrackPointExtension></extensions></trkpt>
      <trkpt lat="40.744104" lon="-73.959151"><ele>5.2</ele><time>2026-08-06T23:54:46.000Z</time><extensions><gpxtpx:TrackPointExtension><gpxtpx:hr>130</gpxtpx:hr></gpxtpx:TrackPointExtension></extensions></trkpt>
      <trkpt lat="40.74412" lon="-73.959125"><ele>5.4</ele><time>2026-08-06T23:54:47.000Z</time><extensions><gpxtpx:TrackPointExtension><gpxtpx:hr>130</gpxtpx:hr></gpxtpx:TrackPointExtension></extensions></trkpt>
      <trkpt lat="40.744136" lon="-73.959098"><ele>5.6</ele><time>2026-08-06T23:54:48.000Z</time><extensions><gpxtpx:TrackPointExtension><gpxtpx:hr>130</gpxtpx:hr></gpxtpx:TrackPointExtension></extensions></trkpt>
      <trkpt lat="40.744152" lon="-73.959071"><ele>5.6</ele><time>2026-08-06T23:54:49.000Z</time><extensions><gpxtpx:TrackPointExtension><gpxtpx:hr>130</gpxtpx:hr></gpxtpx:TrackPointExtension></extensions></trkpt>
      <trkpt lat="40.744168" lon="-73.959046"><ele>5.8</ele><time>2026-08-06T23:54:50.000Z</time><extensions><gpxtpx:TrackPointExtension><gpxtpx:hr>130</gpxtpx:hr></gpxtpx:TrackPointExtension></extensions></trkpt>
      <trkpt lat="40.744186" lon="-73.959023"><ele>5.8</ele><time>2026-08-06T23:54:51.000Z</time><extensions><gpxtpx:TrackPointExtension><gpxtpx:hr>130</gpxtpx:hr></gpxtpx:TrackPointExtension></extensions></trkpt>
      <trkpt lat="40.744205" lon="-73.959003"><ele>5.8</ele><time>2026-08-06T23:54:52.000Z</time><extensions><gpxtpx:TrackPointExtension><gpxtpx:hr>130</gpxtpx:hr></gpxtpx:TrackPointExtension></extensions></trkpt>
      <trkpt lat="40.744224" lon="-73.958984"><ele>5.8</ele><time>2026-08-06T23:54:53.000Z</time><extensions><gpxtpx:TrackPointExtension><gpxtpx:hr>130</gpxtpx:hr></gpxtpx:TrackPointExtension></extensions></trkpt>
      <trkpt lat="40.744242" lon="-73.958963"><ele>5.8</ele><time>2026-08-06T23:54:54.000Z</time><extensions><gpxtpx:TrackPointExtension><gpxtpx:hr>133</gpxtpx:hr></gpxtpx:TrackPointExtension></extensions></trkpt>
      <trkpt lat="40.74426" lon="-73.958937"><ele>5.8</ele><time>2026-08-06T23:54:55.000Z</time><extensions><gpxtpx:TrackPointExtension><gpxtpx:hr>133</gpxtpx:hr></gpxtpx:TrackPointExtension></extensions></trkpt>
      <trkpt lat="40.744278" lon="-73.958908"><ele>5.8</ele><time>2026-08-06T23:54:56.000Z</time><extensions><gpxtpx:TrackPointExtension><gpxtpx:hr>133</gpxtpx:hr></gpxtpx:TrackPointExtension></extensions></trkpt>
      <trkpt lat="40.744296" lon="-73.958881"><ele>5.8</ele><time>2026-08-06T23:54:57.000Z</time><extensions><gpxtpx:TrackPointExtension><gpxtpx:hr>133</gpxtpx:hr></gpxtpx:TrackPointExtension></extensions></trkpt>
      <trkpt lat="40.744314" lon="-73.958856"><ele>5.8</ele><time>2026-08-06T23:54:58.000Z</time><extensions><gpxtpx:TrackPointExtension><gpxtpx:hr>133</gpxtpx:hr></gpxtpx:TrackPointExtension></extensions></trkpt>
      <trkpt lat="40.744332" lon="-73.958832"><ele>5.6</ele><time>2026-08-06T23:54:59.000Z</time><extensions><gpxtpx:TrackPointExtension><gpxtpx:hr>133</gpxtpx:hr></gpxtpx:TrackPointExtension></extensions></trkpt>
      <trkpt lat="40.744348" lon="-73.958809"><ele>5.6</ele><time>2026-08-06T23:55:00.000Z</time><extensions><gpxtpx:TrackPointExtension><gpxtpx:hr>133</gpxtpx:hr></gpxtpx:TrackPointExtension></extensions></trkpt>
      <trkpt lat="40.744363" lon="-73.958783"><ele>5.6</ele><time>2026-08-06T23:55:01.000Z</time><extensions><gpxtpx:TrackPointExtension><gpxtpx:hr>133</gpxtpx:hr></gpxtpx:TrackPointExtension></extensions></trkpt>
      <trkpt lat="40.744376" lon="-73.958755"><ele>5.6</ele><time>2026-08-06T23:55:02.000Z</time><extensions><gpxtpx:TrackPointExtension><gpxtpx:hr>133</gpxtpx:hr></gpxtpx:TrackPointExtension></extensions></trkpt>
      <trkpt lat="40.744389" lon="-73.958726"><ele>5.6</ele><time>2026-08-06T23:55:03.000Z</time><extensions><gpxtpx:TrackPointExtension><gpxtpx:hr>133</gpxtpx:hr></gpxtpx:TrackPointExtension></extensions></trkpt>
      <trkpt lat="40.744403" lon="-73.958697"><ele>5.6</ele><time>2026-08-06T23:55:04.000Z</time><extensions><gpxtpx:TrackPointExtension><gpxtpx:hr>133</gpxtpx:hr></gpxtpx:TrackPointExtension></extensions></trkpt>
      <trkpt lat="40.744418" lon="-73.958671"><ele>5.6</ele><time>2026-08-06T23:55:05.000Z</time><extensions><gpxtpx:TrackPointExtension><gpxtpx:hr>133</gpxtpx:hr></gpxtpx:TrackPointExtension></extensions></trkpt>
      <trkpt lat="40.744435" lon="-73.958649"><ele>5.6</ele><time>2026-08-06T23:55:06.000Z</time><extensions><gpxtpx:TrackPointExtension><gpxtpx:hr>133</gpxtpx:hr></gpxtpx:TrackPointExtension></extensions></trkpt>
      <trkpt lat="40.744453" lon="-73.958628"><ele>5.6</ele><time>2026-08-06T23:55:07.000Z</time><extensions><gpxtpx:TrackPointExtension><gpxtpx:hr>133</gpxtpx:hr></gpxtpx:TrackPointExtension></extensions></trkpt>
      <trkpt lat="40.744472" lon="-73.958607"><ele>5.6</ele><time>2026-08-06T23:55:08.000Z</time><extensions><gpxtpx:TrackPointExtension><gpxtpx:hr>133</gpxtpx:hr></gpxtpx:TrackPointExtension></extensions></trkpt>
      <trkpt lat="40.744489" lon="-73.958585"><ele>5.6</ele><time>2026-08-06T23:55:09.000Z</time><extensions><gpxtpx:TrackPointExtension><gpxtpx:hr>134</gpxtpx:hr></gpxtpx:TrackPointExtension></extensions></trkpt>
      <trkpt lat="40.744506" lon="-73.958563"><ele>5.6</ele><time>2026-08-06T23:55:10.000Z</time><extensions><gpxtpx:TrackPointExtension><gpxtpx:hr>134</gpxtpx:hr></gpxtpx:TrackPointExtension></extensions></trkpt>
      <trkpt lat="40.744523" lon="-73.958542"><ele>5.6</ele><time>2026-08-06T23:55:11.000Z</time><extensions><gpxtpx:TrackPointExtension><gpxtpx:hr>134</gpxtpx:hr></gpxtpx:TrackPointExtension></extensions></trkpt>
      <trkpt lat="40.74454" lon="-73.958521"><ele>5.6</ele><time>2026-08-06T23:55:12.000Z</time><extensions><gpxtpx:TrackPointExtension><gpxtpx:hr>134</gpxtpx:hr></gpxtpx:TrackPointExtension></extensions></trkpt>
      <trkpt lat="40.744558" lon="-73.958502"><ele>5.6</ele><time>2026-08-06T23:55:13.000Z</time><extensions><gpxtpx:TrackPointExtension><gpxtpx:hr>134</gpxtpx:hr></gpxtpx:TrackPointExtension></extensions></trkpt>
      <trkpt lat="40.744577" lon="-73.958485"><ele>5.6</ele><time>2026-08-06T23:55:14.000Z</time><extensions><gpxtpx:TrackPointExtension><gpxtpx:hr>134</gpxtpx:hr></gpxtpx:TrackPointExtension></extensions></trkpt>
      <trkpt lat="40.744596" lon="-73.958469"><ele>5.6</ele><time>2026-08-06T23:55:15.000Z</time><extensions><gpxtpx:TrackPointExtension><gpxtpx:hr>134</gpxtpx:hr></gpxtpx:TrackPointExtension></extensions></trkpt>
      <trkpt lat="40.744615" lon="-73.958454"><ele>5.6</ele><time>2026-08-06T23:55:16.000Z</time><extensions><gpxtpx:TrackPointExtension><gpxtpx:hr>134</gpxtpx:hr></gpxtpx:TrackPointExtension></extensions></trkpt>
      <trkpt lat="40.744635" lon="-73.95844"><ele>5.6</ele><time>2026-08-06T23:55:17.000Z</time><extensions><gpxtpx:TrackPointExtension><gpxtpx:hr>134</gpxtpx:hr></gpxtpx:TrackPointExtension></extensions></trkpt>
      <trkpt lat="40.744656" lon="-73.958429"><ele>5.6</ele><time>2026-08-06T23:55:18.000Z</time><extensions><gpxtpx:TrackPointExtension><gpxtpx:hr>134</gpxtpx:hr></gpxtpx:TrackPointExtension></extensions></trkpt>
      <trkpt lat="40.744678" lon="-73.958422"><ele>5.6</ele><time>2026-08-06T23:55:19.000Z</time><extensions><gpxtpx:TrackPointExtension><gpxtpx:hr>134</gpxtpx:hr></gpxtpx:TrackPointExtension></extensions></trkpt>
      <trkpt lat="40.7447" lon="-73.958417"><ele>5.6</ele><time>2026-08-06T23:55:20.000Z</time><extensions><gpxtpx:TrackPointExtension><gpxtpx:hr>134</gpxtpx:hr></gpxtpx:TrackPointExtension></extensions></trkpt>
      <trkpt lat="40.744723" lon="-73.958415"><ele>5.6</ele><time>2026-08-06T23:55:21.000Z</time><extensions><gpxtpx:TrackPointExtension><gpxtpx:hr>134</gpxtpx:hr></gpxtpx:TrackPointExtension></extensions></trkpt>
      <trkpt lat="40.744745" lon="-73.958416"><ele>5.6</ele><time>2026-08-06T23:55:22.000Z</time><extensions><gpxtpx:TrackPointExtension><gpxtpx:hr>134</gpxtpx:hr></gpxtpx:TrackPointExtension></extensions></trkpt>
      <trkpt lat="40.744766" lon="-73.95842"><ele>5.6</ele><time>2026-08-06T23:55:23.000Z</time><extensions><gpxtpx:TrackPointExtension><gpxtpx:hr>133</gpxtpx:hr></gpxtpx:TrackPointExtension></extensions></trkpt>
      <trkpt lat="40.744786" lon="-73.958425"><ele>5.6</ele><time>2026-08-06T23:55:24.000Z</time><extensions><gpxtpx:TrackPointExtension><gpxtpx:hr>133</gpxtpx:hr></gpxtpx:TrackPointExtension></extensions></trkpt>
      <trkpt lat="40.744805" lon="-73.958431"><ele>5.6</ele><time>2026-08-06T23:55:25.000Z</time><extensions><gpxtpx:TrackPointExtension><gpxtpx:hr>133</gpxtpx:hr></gpxtpx:TrackPointExtension></extensions></trkpt>
      <trkpt lat="40.744826" lon="-73.958439"><ele>5.4</ele><time>2026-08-06T23:55:26.000Z</time><extensions><gpxtpx:TrackPointExtension><gpxtpx:hr>133</gpxtpx:hr></gpxtpx:TrackPointExtension></extensions></trkpt>
      <trkpt lat="40.744846" lon="-73.958447"><ele>5.4</ele><time>2026-08-06T23:55:27.000Z</time><extensions><gpxtpx:TrackPointExtension><gpxtpx:hr>133</gpxtpx:hr></gpxtpx:TrackPointExtension></extensions></trkpt>
      <trkpt lat="40.744867" lon="-73.958456"><ele>5.4</ele><time>2026-08-06T23:55:28.000Z</time><extensions><gpxtpx:TrackPointExtension><gpxtpx:hr>133</gpxtpx:hr></gpxtpx:TrackPointExtension></extensions></trkpt>
      <trkpt lat="40.744888" lon="-73.958465"><ele>5.2</ele><time>2026-08-06T23:55:29.000Z</time><extensions><gpxtpx:TrackPointExtension><gpxtpx:hr>133</gpxtpx:hr></gpxtpx:TrackPointExtension></extensions></trkpt>
      <trkpt lat="40.74491" lon="-73.958473"><ele>5.2</ele><time>2026-08-06T23:55:30.000Z</time><extensions><gpxtpx:TrackPointExtension><gpxtpx:hr>133</gpxtpx:hr></gpxtpx:TrackPointExtension></extensions></trkpt>
      <trkpt lat="40.744932" lon="-73.95848"><ele>5.2</ele><time>2026-08-06T23:55:31.000Z</time><extensions><gpxtpx:TrackPointExtension><gpxtpx:hr>133</gpxtpx:hr></gpxtpx:TrackPointExtension></extensions></trkpt>
      <trkpt lat="40.744955" lon="-73.958485"><ele>5</ele><time>2026-08-06T23:55:32.000Z</time><extensions><gpxtpx:TrackPointExtension><gpxtpx:hr>133</gpxtpx:hr></gpxtpx:TrackPointExtension></extensions></trkpt>
      <trkpt lat="40.744978" lon="-73.958488"><ele>5</ele><time>2026-08-06T23:55:33.000Z</time><extensions><gpxtpx:TrackPointExtension><gpxtpx:hr>133</gpxtpx:hr></gpxtpx:TrackPointExtension></extensions></trkpt>
      <trkpt lat="40.745002" lon="-73.958489"><ele>5</ele><time>2026-08-06T23:55:34.000Z</time><extensions><gpxtpx:TrackPointExtension><gpxtpx:hr>133</gpxtpx:hr></gpxtpx:TrackPointExtension></extensions></trkpt>
      <trkpt lat="40.745025" lon="-73.958489"><ele>4.8</ele><time>2026-08-06T23:55:35.000Z</time><extensions><gpxtpx:TrackPointExtension><gpxtpx:hr>133</gpxtpx:hr></gpxtpx:TrackPointExtension></extensions></trkpt>
      <trkpt lat="40.745049" lon="-73.958486"><ele>4.8</ele><time>2026-08-06T23:55:36.000Z</time><extensions><gpxtpx:TrackPointExtension><gpxtpx:hr>133</gpxtpx:hr></gpxtpx:TrackPointExtension></extensions></trkpt>
      <trkpt lat="40.745073" lon="-73.95848"><ele>4.8</ele><time>2026-08-06T23:55:37.000Z</time><extensions><gpxtpx:TrackPointExtension><gpxtpx:hr>133</gpxtpx:hr></gpxtpx:TrackPointExtension></extensions></trkpt>
      <trkpt lat="40.745098" lon="-73.958471"><ele>4.8</ele><time>2026-08-06T23:55:38.000Z</time><extensions><gpxtpx:TrackPointExtension><gpxtpx:hr>133</gpxtpx:hr></gpxtpx:TrackPointExtension></extensions></trkpt>
      <trkpt lat="40.745123" lon="-73.95846"><ele>4.8</ele><time>2026-08-06T23:55:39.000Z</time><extensions><gpxtpx:TrackPointExtension><gpxtpx:hr>133</gpxtpx:hr></gpxtpx:TrackPointExtension></extensions></trkpt>
      <trkpt lat="40.745148" lon="-73.958449"><ele>4.8</ele><time>2026-08-06T23:55:40.000Z</time><extensions><gpxtpx:TrackPointExtension><gpxtpx:hr>133</gpxtpx:hr></gpxtpx:TrackPointExtension></extensions></trkpt>
      <trkpt lat="40.745173" lon="-73.958436"><ele>4.8</ele><time>2026-08-06T23:55:41.000Z</time><extensions><gpxtpx:TrackPointExtension><gpxtpx:hr>133</gpxtpx:hr></gpxtpx:TrackPointExtension></extensions></trkpt>
      <trkpt lat="40.745197" lon="-73.958422"><ele>4.8</ele><time>2026-08-06T23:55:42.000Z</time><extensions><gpxtpx:TrackPointExtension><gpxtpx:hr>134</gpxtpx:hr></gpxtpx:TrackPointExtension></extensions></trkpt>
      <trkpt lat="40.745221" lon="-73.95841"><ele>4.8</ele><time>2026-08-06T23:55:43.000Z</time><extensions><gpxtpx:TrackPointExtension><gpxtpx:hr>134</gpxtpx:hr></gpxtpx:TrackPointExtension></extensions></trkpt>
      <trkpt lat="40.745246" lon="-73.958399"><ele>5</ele><time>2026-08-06T23:55:44.000Z</time><extensions><gpxtpx:TrackPointExtension><gpxtpx:hr>134</gpxtpx:hr></gpxtpx:TrackPointExtension></extensions></trkpt>
      <trkpt lat="40.745273" lon="-73.95839"><ele>5</ele><time>2026-08-06T23:55:45.000Z</time><extensions><gpxtpx:TrackPointExtension><gpxtpx:hr>134</gpxtpx:hr></gpxtpx:TrackPointExtension></extensions></trkpt>
      <trkpt lat="40.745298" lon="-73.958382"><ele>5</ele><time>2026-08-06T23:55:46.000Z</time><extensions><gpxtpx:TrackPointExtension><gpxtpx:hr>134</gpxtpx:hr></gpxtpx:TrackPointExtension></extensions></trkpt>
      <trkpt lat="40.745322" lon="-73.958372"><ele>5</ele><time>2026-08-06T23:55:47.000Z</time><extensions><gpxtpx:TrackPointExtension><gpxtpx:hr>135</gpxtpx:hr></gpxtpx:TrackPointExtension></extensions></trkpt>
      <trkpt lat="40.745345" lon="-73.95836"><ele>5</ele><time>2026-08-06T23:55:48.000Z</time><extensions><gpxtpx:TrackPointExtension><gpxtpx:hr>135</gpxtpx:hr></gpxtpx:TrackPointExtension></extensions></trkpt>
      <trkpt lat="40.745369" lon="-73.958347"><ele>5</ele><time>2026-08-06T23:55:49.000Z</time><extensions><gpxtpx:TrackPointExtension><gpxtpx:hr>135</gpxtpx:hr></gpxtpx:TrackPointExtension></extensions></trkpt>
      <trkpt lat="40.745392" lon="-73.958335"><ele>5</ele><time>2026-08-06T23:55:50.000Z</time><extensions><gpxtpx:TrackPointExtension><gpxtpx:hr>135</gpxtpx:hr></gpxtpx:TrackPointExtension></extensions></trkpt>
      <trkpt lat="40.745416" lon="-73.958327"><ele>5</ele><time>2026-08-06T23:55:51.000Z</time><extensions><gpxtpx:TrackPointExtension><gpxtpx:hr>135</gpxtpx:hr></gpxtpx:TrackPointExtension></extensions></trkpt>
      <trkpt lat="40.745439" lon="-73.958323"><ele>5.2</ele><time>2026-08-06T23:55:52.000Z</time><extensions><gpxtpx:TrackPointExtension><gpxtpx:hr>135</gpxtpx:hr></gpxtpx:TrackPointExtension></extensions></trkpt>
      <trkpt lat="40.745461" lon="-73.958325"><ele>5.2</ele><time>2026-08-06T23:55:53.000Z</time><extensions><gpxtpx:TrackPointExtension><gpxtpx:hr>135</gpxtpx:hr></gpxtpx:TrackPointExtension></extensions></trkpt>
      <trkpt lat="40.745482" lon="-73.958328"><ele>5.2</ele><time>2026-08-06T23:55:54.000Z</time><extensions><gpxtpx:TrackPointExtension><gpxtpx:hr>135</gpxtpx:hr></gpxtpx:TrackPointExtension></extensions></trkpt>
      <trkpt lat="40.745503" lon="-73.958334"><ele>5.2</ele><time>2026-08-06T23:55:55.000Z</time><extensions><gpxtpx:TrackPointExtension><gpxtpx:hr>135</gpxtpx:hr></gpxtpx:TrackPointExtension></extensions></trkpt>
      <trkpt lat="40.745524" lon="-73.958339"><ele>5.2</ele><time>2026-08-06T23:55:56.000Z</time><extensions><gpxtpx:TrackPointExtension><gpxtpx:hr>135</gpxtpx:hr></gpxtpx:TrackPointExtension></extensions></trkpt>
      <trkpt lat="40.745546" lon="-73.958346"><ele>5.2</ele><time>2026-08-06T23:55:57.000Z</time><extensions><gpxtpx:TrackPointExtension><gpxtpx:hr>135</gpxtpx:hr></gpxtpx:TrackPointExtension></extensions></trkpt>
      <trkpt lat="40.745567" lon="-73.958354"><ele>5.2</ele><time>2026-08-06T23:55:58.000Z</time><extensions><gpxtpx:TrackPointExtension><gpxtpx:hr>135</gpxtpx:hr></gpxtpx:TrackPointExtension></extensions></trkpt>
      <trkpt lat="40.745588" lon="-73.958364"><ele>5.2</ele><time>2026-08-06T23:55:59.000Z</time><extensions><gpxtpx:TrackPointExtension><gpxtpx:hr>135</gpxtpx:hr></gpxtpx:TrackPointExtension></extensions></trkpt>
      <trkpt lat="40.745609" lon="-73.958372"><ele>5.2</ele><time>2026-08-06T23:56:00.000Z</time><extensions><gpxtpx:TrackPointExtension><gpxtpx:hr>135</gpxtpx:hr></gpxtpx:TrackPointExtension></extensions></trkpt>
      <trkpt lat="40.745631" lon="-73.95838"><ele>5.2</ele><time>2026-08-06T23:56:01.000Z</time><extensions><gpxtpx:TrackPointExtension><gpxtpx:hr>135</gpxtpx:hr></gpxtpx:TrackPointExtension></extensions></trkpt>
      <trkpt lat="40.745653" lon="-73.958386"><ele>5.2</ele><time>2026-08-06T23:56:02.000Z</time><extensions><gpxtpx:TrackPointExtension><gpxtpx:hr>133</gpxtpx:hr></gpxtpx:TrackPointExtension></extensions></trkpt>
      <trkpt lat="40.745675" lon="-73.958393"><ele>5.2</ele><time>2026-08-06T23:56:03.000Z</time><extensions><gpxtpx:TrackPointExtension><gpxtpx:hr>133</gpxtpx:hr></gpxtpx:TrackPointExtension></extensions></trkpt>
      <trkpt lat="40.745698" lon="-73.958398"><ele>5</ele><time>2026-08-06T23:56:04.000Z</time><extensions><gpxtpx:TrackPointExtension><gpxtpx:hr>133</gpxtpx:hr></gpxtpx:TrackPointExtension></extensions></trkpt>
      <trkpt lat="40.74572" lon="-73.9584"><ele>5</ele><time>2026-08-06T23:56:05.000Z</time><extensions><gpxtpx:TrackPointExtension><gpxtpx:hr>133</gpxtpx:hr></gpxtpx:TrackPointExtension></extensions></trkpt>
      <trkpt lat="40.745742" lon="-73.9584"><ele>5</ele><time>2026-08-06T23:56:06.000Z</time><extensions><gpxtpx:TrackPointExtension><gpxtpx:hr>133</gpxtpx:hr></gpxtpx:TrackPointExtension></extensions></trkpt>
      <trkpt lat="40.745764" lon="-73.958397"><ele>5</ele><time>2026-08-06T23:56:07.000Z</time><extensions><gpxtpx:TrackPointExtension><gpxtpx:hr>133</gpxtpx:hr></gpxtpx:TrackPointExtension></extensions></trkpt>
      <trkpt lat="40.745787" lon="-73.958391"><ele>5</ele><time>2026-08-06T23:56:08.000Z</time><extensions><gpxtpx:TrackPointExtension><gpxtpx:hr>133</gpxtpx:hr></gpxtpx:TrackPointExtension></extensions></trkpt>
      <trkpt lat="40.74581" lon="-73.958382"><ele>5</ele><time>2026-08-06T23:56:09.000Z</time><extensions><gpxtpx:TrackPointExtension><gpxtpx:hr>133</gpxtpx:hr></gpxtpx:TrackPointExtension></extensions></trkpt>
      <trkpt lat="40.745834" lon="-73.95837"><ele>5</ele><time>2026-08-06T23:56:10.000Z</time><extensions><gpxtpx:TrackPointExtension><gpxtpx:hr>133</gpxtpx:hr></gpxtpx:TrackPointExtension></extensions></trkpt>
      <trkpt lat="40.745857" lon="-73.958358"><ele>5</ele><time>2026-08-06T23:56:11.000Z</time><extensions><gpxtpx:TrackPointExtension><gpxtpx:hr>133</gpxtpx:hr></gpxtpx:TrackPointExtension></extensions></trkpt>
      <trkpt lat="40.745881" lon="-73.958346"><ele>4.8</ele><time>2026-08-06T23:56:12.000Z</time><extensions><gpxtpx:TrackPointExtension><gpxtpx:hr>133</gpxtpx:hr></gpxtpx:TrackPointExtension></extensions></trkpt>
      <trkpt lat="40.745904" lon="-73.958334"><ele>4.8</ele><time>2026-08-06T23:56:13.000Z</time><extensions><gpxtpx:TrackPointExtension><gpxtpx:hr>130</gpxtpx:hr></gpxtpx:TrackPointExtension></extensions></trkpt>
      <trkpt lat="40.745927" lon="-73.958323"><ele>4.8</ele><time>2026-08-06T23:56:14.000Z</time><extensions><gpxtpx:TrackPointExtension><gpxtpx:hr>130</gpxtpx:hr></gpxtpx:TrackPointExtension></extensions></trkpt>
      <trkpt lat="40.745949" lon="-73.958312"><ele>4.8</ele><time>2026-08-06T23:56:15.000Z</time><extensions><gpxtpx:TrackPointExtension><gpxtpx:hr>130</gpxtpx:hr></gpxtpx:TrackPointExtension></extensions></trkpt>
      <trkpt lat="40.74597" lon="-73.958303"><ele>4.8</ele><time>2026-08-06T23:56:16.000Z</time><extensions><gpxtpx:TrackPointExtension><gpxtpx:hr>130</gpxtpx:hr></gpxtpx:TrackPointExtension></extensions></trkpt>
      <trkpt lat="40.74599" lon="-73.958293"><ele>5</ele><time>2026-08-06T23:56:17.000Z</time><extensions><gpxtpx:TrackPointExtension><gpxtpx:hr>130</gpxtpx:hr></gpxtpx:TrackPointExtension></extensions></trkpt>
      <trkpt lat="40.746011" lon="-73.958284"><ele>5</ele><time>2026-08-06T23:56:18.000Z</time><extensions><gpxtpx:TrackPointExtension><gpxtpx:hr>130</gpxtpx:hr></gpxtpx:TrackPointExtension></extensions></trkpt>
      <trkpt lat="40.746033" lon="-73.958275"><ele>5</ele><time>2026-08-06T23:56:19.000Z</time><extensions><gpxtpx:TrackPointExtension><gpxtpx:hr>130</gpxtpx:hr></gpxtpx:TrackPointExtension></extensions></trkpt>
      <trkpt lat="40.746055" lon="-73.958264"><ele>5</ele><time>2026-08-06T23:56:20.000Z</time><extensions><gpxtpx:TrackPointExtension><gpxtpx:hr>133</gpxtpx:hr></gpxtpx:TrackPointExtension></extensions></trkpt>
      <trkpt lat="40.746077" lon="-73.958252"><ele>5</ele><time>2026-08-06T23:56:21.000Z</time><extensions><gpxtpx:TrackPointExtension><gpxtpx:hr>133</gpxtpx:hr></gpxtpx:TrackPointExtension></extensions></trkpt>
      <trkpt lat="40.746097" lon="-73.958238"><ele>5</ele><time>2026-08-06T23:56:22.000Z</time><extensions><gpxtpx:TrackPointExtension><gpxtpx:hr>133</gpxtpx:hr></gpxtpx:TrackPointExtension></extensions></trkpt>
      <trkpt lat="40.746117" lon="-73.958223"><ele>5</ele><time>2026-08-06T23:56:23.000Z</time><extensions><gpxtpx:TrackPointExtension><gpxtpx:hr>133</gpxtpx:hr></gpxtpx:TrackPointExtension></extensions></trkpt>
      <trkpt lat="40.746136" lon="-73.958208"><ele>5.2</ele><time>2026-08-06T23:56:24.000Z</time><extensions><gpxtpx:TrackPointExtension><gpxtpx:hr>133</gpxtpx:hr></gpxtpx:TrackPointExtension></extensions></trkpt>
      <trkpt lat="40.746154" lon="-73.958194"><ele>5.2</ele><time>2026-08-06T23:56:25.000Z</time><extensions><gpxtpx:TrackPointExtension><gpxtpx:hr>133</gpxtpx:hr></gpxtpx:TrackPointExtension></extensions></trkpt>
      <trkpt lat="40.746172" lon="-73.95818"><ele>5.2</ele><time>2026-08-06T23:56:26.000Z</time><extensions><gpxtpx:TrackPointExtension><gpxtpx:hr>133</gpxtpx:hr></gpxtpx:TrackPointExtension></extensions></trkpt>
      <trkpt lat="40.746191" lon="-73.958166"><ele>5.2</ele><time>2026-08-06T23:56:27.000Z</time><extensions><gpxtpx:TrackPointExtension><gpxtpx:hr>133</gpxtpx:hr></gpxtpx:TrackPointExtension></extensions></trkpt>
      <trkpt lat="40.746212" lon="-73.958151"><ele>5.2</ele><time>2026-08-06T23:56:28.000Z</time><extensions><gpxtpx:TrackPointExtension><gpxtpx:hr>133</gpxtpx:hr></gpxtpx:TrackPointExtension></extensions></trkpt>
      <trkpt lat="40.746232" lon="-73.958135"><ele>5.2</ele><time>2026-08-06T23:56:29.000Z</time><extensions><gpxtpx:TrackPointExtension><gpxtpx:hr>133</gpxtpx:hr></gpxtpx:TrackPointExtension></extensions></trkpt>
      <trkpt lat="40.746253" lon="-73.958117"><ele>5.2</ele><time>2026-08-06T23:56:30.000Z</time><extensions><gpxtpx:TrackPointExtension><gpxtpx:hr>134</gpxtpx:hr></gpxtpx:TrackPointExtension></extensions></trkpt>
      <trkpt lat="40.746273" lon="-73.958098"><ele>5.2</ele><time>2026-08-06T23:56:31.000Z</time><extensions><gpxtpx:TrackPointExtension><gpxtpx:hr>134</gpxtpx:hr></gpxtpx:TrackPointExtension></extensions></trkpt>
      <trkpt lat="40.74629" lon="-73.958075"><ele>5.2</ele><time>2026-08-06T23:56:32.000Z</time><extensions><gpxtpx:TrackPointExtension><gpxtpx:hr>134</gpxtpx:hr></gpxtpx:TrackPointExtension></extensions></trkpt>
      <trkpt lat="40.746306" lon="-73.958049"><ele>5.4</ele><time>2026-08-06T23:56:33.000Z</time><extensions><gpxtpx:TrackPointExtension><gpxtpx:hr>133</gpxtpx:hr></gpxtpx:TrackPointExtension></extensions></trkpt>
      <trkpt lat="40.746319" lon="-73.958021"><ele>5.4</ele><time>2026-08-06T23:56:34.000Z</time><extensions><gpxtpx:TrackPointExtension><gpxtpx:hr>133</gpxtpx:hr></gpxtpx:TrackPointExtension></extensions></trkpt>
      <trkpt lat="40.746329" lon="-73.957992"><ele>5.4</ele><time>2026-08-06T23:56:35.000Z</time><extensions><gpxtpx:TrackPointExtension><gpxtpx:hr>133</gpxtpx:hr></gpxtpx:TrackPointExtension></extensions></trkpt>
      <trkpt lat="40.746339" lon="-73.957961"><ele>5.4</ele><time>2026-08-06T23:56:36.000Z</time><extensions><gpxtpx:TrackPointExtension><gpxtpx:hr>133</gpxtpx:hr></gpxtpx:TrackPointExtension></extensions></trkpt>
      <trkpt lat="40.746347" lon="-73.95793"><ele>5.4</ele><time>2026-08-06T23:56:37.000Z</time><extensions><gpxtpx:TrackPointExtension><gpxtpx:hr>133</gpxtpx:hr></gpxtpx:TrackPointExtension></extensions></trkpt>
      <trkpt lat="40.746355" lon="-73.9579"><ele>5.4</ele><time>2026-08-06T23:56:38.000Z</time><extensions><gpxtpx:TrackPointExtension><gpxtpx:hr>133</gpxtpx:hr></gpxtpx:TrackPointExtension></extensions></trkpt>
      <trkpt lat="40.746365" lon="-73.957871"><ele>5.4</ele><time>2026-08-06T23:56:39.000Z</time><extensions><gpxtpx:TrackPointExtension><gpxtpx:hr>133</gpxtpx:hr></gpxtpx:TrackPointExtension></extensions></trkpt>
      <trkpt lat="40.746376" lon="-73.957844"><ele>5.4</ele><time>2026-08-06T23:56:40.000Z</time><extensions><gpxtpx:TrackPointExtension><gpxtpx:hr>132</gpxtpx:hr></gpxtpx:TrackPointExtension></extensions></trkpt>
      <trkpt lat="40.746388" lon="-73.957818"><ele>5.4</ele><time>2026-08-06T23:56:41.000Z</time><extensions><gpxtpx:TrackPointExtension><gpxtpx:hr>132</gpxtpx:hr></gpxtpx:TrackPointExtension></extensions></trkpt>
      <trkpt lat="40.7464" lon="-73.957796"><ele>5.4</ele><time>2026-08-06T23:56:42.000Z</time><extensions><gpxtpx:TrackPointExtension><gpxtpx:hr>132</gpxtpx:hr></gpxtpx:TrackPointExtension></extensions></trkpt>
      <trkpt lat="40.746413" lon="-73.957777"><ele>5.6</ele><time>2026-08-06T23:56:43.000Z</time><extensions><gpxtpx:TrackPointExtension><gpxtpx:hr>132</gpxtpx:hr></gpxtpx:TrackPointExtension></extensions></trkpt>
      <trkpt lat="40.746426" lon="-73.957759"><ele>5.6</ele><time>2026-08-06T23:56:44.000Z</time><extensions><gpxtpx:TrackPointExtension><gpxtpx:hr>132</gpxtpx:hr></gpxtpx:TrackPointExtension></extensions></trkpt>
      <trkpt lat="40.74644" lon="-73.957742"><ele>5.6</ele><time>2026-08-06T23:56:45.000Z</time><extensions><gpxtpx:TrackPointExtension><gpxtpx:hr>132</gpxtpx:hr></gpxtpx:TrackPointExtension></extensions></trkpt>
      <trkpt lat="40.746456" lon="-73.957726"><ele>5.6</ele><time>2026-08-06T23:56:46.000Z</time><extensions><gpxtpx:TrackPointExtension><gpxtpx:hr>132</gpxtpx:hr></gpxtpx:TrackPointExtension></extensions></trkpt>
      <trkpt lat="40.746472" lon="-73.957711"><ele>5.6</ele><time>2026-08-06T23:56:47.000Z</time><extensions><gpxtpx:TrackPointExtension><gpxtpx:hr>132</gpxtpx:hr></gpxtpx:TrackPointExtension></extensions></trkpt>
      <trkpt lat="40.74649" lon="-73.957695"><ele>5.6</ele><time>2026-08-06T23:56:48.000Z</time><extensions><gpxtpx:TrackPointExtension><gpxtpx:hr>132</gpxtpx:hr></gpxtpx:TrackPointExtension></extensions></trkpt>
      <trkpt lat="40.746508" lon="-73.957678"><ele>5.6</ele><time>2026-08-06T23:56:49.000Z</time><extensions><gpxtpx:TrackPointExtension><gpxtpx:hr>133</gpxtpx:hr></gpxtpx:TrackPointExtension></extensions></trkpt>
      <trkpt lat="40.746527" lon="-73.957659"><ele>5.8</ele><time>2026-08-06T23:56:50.000Z</time><extensions><gpxtpx:TrackPointExtension><gpxtpx:hr>133</gpxtpx:hr></gpxtpx:TrackPointExtension></extensions></trkpt>
      <trkpt lat="40.746545" lon="-73.95764"><ele>5.8</ele><time>2026-08-06T23:56:51.000Z</time><extensions><gpxtpx:TrackPointExtension><gpxtpx:hr>133</gpxtpx:hr></gpxtpx:TrackPointExtension></extensions></trkpt>
      <trkpt lat="40.746563" lon="-73.957621"><ele>5.8</ele><time>2026-08-06T23:56:52.000Z</time><extensions><gpxtpx:TrackPointExtension><gpxtpx:hr>133</gpxtpx:hr></gpxtpx:TrackPointExtension></extensions></trkpt>
      <trkpt lat="40.746581" lon="-73.957603"><ele>5.8</ele><time>2026-08-06T23:56:53.000Z</time><extensions><gpxtpx:TrackPointExtension><gpxtpx:hr>133</gpxtpx:hr></gpxtpx:TrackPointExtension></extensions></trkpt>
      <trkpt lat="40.746599" lon="-73.957586"><ele>5.8</ele><time>2026-08-06T23:56:54.000Z</time><extensions><gpxtpx:TrackPointExtension><gpxtpx:hr>137</gpxtpx:hr></gpxtpx:TrackPointExtension></extensions></trkpt>
      <trkpt lat="40.746615" lon="-73.957569"><ele>5.8</ele><time>2026-08-06T23:56:55.000Z</time><extensions><gpxtpx:TrackPointExtension><gpxtpx:hr>137</gpxtpx:hr></gpxtpx:TrackPointExtension></extensions></trkpt>
      <trkpt lat="40.74663" lon="-73.957554"><ele>5.8</ele><time>2026-08-06T23:56:56.000Z</time><extensions><gpxtpx:TrackPointExtension><gpxtpx:hr>137</gpxtpx:hr></gpxtpx:TrackPointExtension></extensions></trkpt>
      <trkpt lat="40.746644" lon="-73.957541"><ele>5.8</ele><time>2026-08-06T23:56:57.000Z</time><extensions><gpxtpx:TrackPointExtension><gpxtpx:hr>137</gpxtpx:hr></gpxtpx:TrackPointExtension></extensions></trkpt>
      <trkpt lat="40.746659" lon="-73.95753"><ele>5.8</ele><time>2026-08-06T23:56:58.000Z</time><extensions><gpxtpx:TrackPointExtension><gpxtpx:hr>137</gpxtpx:hr></gpxtpx:TrackPointExtension></extensions></trkpt>
      <trkpt lat="40.746675" lon="-73.95752"><ele>6</ele><time>2026-08-06T23:56:59.000Z</time><extensions><gpxtpx:TrackPointExtension><gpxtpx:hr>137</gpxtpx:hr></gpxtpx:TrackPointExtension></extensions></trkpt>
      <trkpt lat="40.746692" lon="-73.957515"><ele>6</ele><time>2026-08-06T23:57:00.000Z</time><extensions><gpxtpx:TrackPointExtension><gpxtpx:hr>137</gpxtpx:hr></gpxtpx:TrackPointExtension></extensions></trkpt>
      <trkpt lat="40.746708" lon="-73.957515"><ele>6</ele><time>2026-08-06T23:57:01.000Z</time><extensions><gpxtpx:TrackPointExtension><gpxtpx:hr>137</gpxtpx:hr></gpxtpx:TrackPointExtension></extensions></trkpt>
      <trkpt lat="40.746724" lon="-73.957517"><ele>6</ele><time>2026-08-06T23:57:02.000Z</time><extensions><gpxtpx:TrackPointExtension><gpxtpx:hr>137</gpxtpx:hr></gpxtpx:TrackPointExtension></extensions></trkpt>
      <trkpt lat="40.746741" lon="-73.95752"><ele>6</ele><time>2026-08-06T23:57:03.000Z</time><extensions><gpxtpx:TrackPointExtension><gpxtpx:hr>137</gpxtpx:hr></gpxtpx:TrackPointExtension></extensions></trkpt>
      <trkpt lat="40.74676" lon="-73.957524"><ele>6</ele><time>2026-08-06T23:57:04.000Z</time><extensions><gpxtpx:TrackPointExtension><gpxtpx:hr>137</gpxtpx:hr></gpxtpx:TrackPointExtension></extensions></trkpt>
      <trkpt lat="40.746782" lon="-73.957528"><ele>6</ele><time>2026-08-06T23:57:05.000Z</time><extensions><gpxtpx:TrackPointExtension><gpxtpx:hr>136</gpxtpx:hr></gpxtpx:TrackPointExtension></extensions></trkpt>
      <trkpt lat="40.746803" lon="-73.957533"><ele>6</ele><time>2026-08-06T23:57:06.000Z</time><extensions><gpxtpx:TrackPointExtension><gpxtpx:hr>135</gpxtpx:hr></gpxtpx:TrackPointExtension></extensions></trkpt>
      <trkpt lat="40.746824" lon="-73.957539"><ele>6</ele><time>2026-08-06T23:57:07.000Z</time><extensions><gpxtpx:TrackPointExtension><gpxtpx:hr>135</gpxtpx:hr></gpxtpx:TrackPointExtension></extensions></trkpt>
      <trkpt lat="40.746845" lon="-73.957545"><ele>5.8</ele><time>2026-08-06T23:57:08.000Z</time><extensions><gpxtpx:TrackPointExtension><gpxtpx:hr>135</gpxtpx:hr></gpxtpx:TrackPointExtension></extensions></trkpt>
      <trkpt lat="40.746867" lon="-73.957552"><ele>5.8</ele><time>2026-08-06T23:57:09.000Z</time><extensions><gpxtpx:TrackPointExtension><gpxtpx:hr>135</gpxtpx:hr></gpxtpx:TrackPointExtension></extensions></trkpt>
      <trkpt lat="40.746888" lon="-73.957561"><ele>5.8</ele><time>2026-08-06T23:57:10.000Z</time><extensions><gpxtpx:TrackPointExtension><gpxtpx:hr>135</gpxtpx:hr></gpxtpx:TrackPointExtension></extensions></trkpt>
      <trkpt lat="40.746911" lon="-73.957573"><ele>5.8</ele><time>2026-08-06T23:57:11.000Z</time><extensions><gpxtpx:TrackPointExtension><gpxtpx:hr>135</gpxtpx:hr></gpxtpx:TrackPointExtension></extensions></trkpt>
      <trkpt lat="40.746933" lon="-73.957589"><ele>5.8</ele><time>2026-08-06T23:57:12.000Z</time><extensions><gpxtpx:TrackPointExtension><gpxtpx:hr>135</gpxtpx:hr></gpxtpx:TrackPointExtension></extensions></trkpt>
      <trkpt lat="40.746954" lon="-73.957607"><ele>5.8</ele><time>2026-08-06T23:57:13.000Z</time><extensions><gpxtpx:TrackPointExtension><gpxtpx:hr>135</gpxtpx:hr></gpxtpx:TrackPointExtension></extensions></trkpt>
      <trkpt lat="40.746974" lon="-73.957628"><ele>5.6</ele><time>2026-08-06T23:57:14.000Z</time><extensions><gpxtpx:TrackPointExtension><gpxtpx:hr>135</gpxtpx:hr></gpxtpx:TrackPointExtension></extensions></trkpt>
      <trkpt lat="40.746995" lon="-73.957649"><ele>5.6</ele><time>2026-08-06T23:57:15.000Z</time><extensions><gpxtpx:TrackPointExtension><gpxtpx:hr>135</gpxtpx:hr></gpxtpx:TrackPointExtension></extensions></trkpt>
      <trkpt lat="40.747015" lon="-73.957672"><ele>5.6</ele><time>2026-08-06T23:57:16.000Z</time><extensions><gpxtpx:TrackPointExtension><gpxtpx:hr>135</gpxtpx:hr></gpxtpx:TrackPointExtension></extensions></trkpt>
      <trkpt lat="40.747034" lon="-73.957695"><ele>5.6</ele><time>2026-08-06T23:57:17.000Z</time><extensions><gpxtpx:TrackPointExtension><gpxtpx:hr>135</gpxtpx:hr></gpxtpx:TrackPointExtension></extensions></trkpt>
      <trkpt lat="40.747052" lon="-73.957717"><ele>5.6</ele><time>2026-08-06T23:57:18.000Z</time><extensions><gpxtpx:TrackPointExtension><gpxtpx:hr>135</gpxtpx:hr></gpxtpx:TrackPointExtension></extensions></trkpt>
      <trkpt lat="40.747071" lon="-73.957738"><ele>5.6</ele><time>2026-08-06T23:57:19.000Z</time><extensions><gpxtpx:TrackPointExtension><gpxtpx:hr>135</gpxtpx:hr></gpxtpx:TrackPointExtension></extensions></trkpt>
      <trkpt lat="40.74709" lon="-73.957758"><ele>5.6</ele><time>2026-08-06T23:57:20.000Z</time><extensions><gpxtpx:TrackPointExtension><gpxtpx:hr>135</gpxtpx:hr></gpxtpx:TrackPointExtension></extensions></trkpt>
      <trkpt lat="40.74711" lon="-73.957778"><ele>5.6</ele><time>2026-08-06T23:57:21.000Z</time><extensions><gpxtpx:TrackPointExtension><gpxtpx:hr>135</gpxtpx:hr></gpxtpx:TrackPointExtension></extensions></trkpt>
      <trkpt lat="40.747129" lon="-73.957799"><ele>5.6</ele><time>2026-08-06T23:57:22.000Z</time><extensions><gpxtpx:TrackPointExtension><gpxtpx:hr>136</gpxtpx:hr></gpxtpx:TrackPointExtension></extensions></trkpt>
      <trkpt lat="40.747147" lon="-73.957821"><ele>5.6</ele><time>2026-08-06T23:57:23.000Z</time><extensions><gpxtpx:TrackPointExtension><gpxtpx:hr>136</gpxtpx:hr></gpxtpx:TrackPointExtension></extensions></trkpt>
      <trkpt lat="40.747166" lon="-73.957843"><ele>5.6</ele><time>2026-08-06T23:57:24.000Z</time><extensions><gpxtpx:TrackPointExtension><gpxtpx:hr>136</gpxtpx:hr></gpxtpx:TrackPointExtension></extensions></trkpt>
      <trkpt lat="40.747185" lon="-73.957865"><ele>5.6</ele><time>2026-08-06T23:57:25.000Z</time><extensions><gpxtpx:TrackPointExtension><gpxtpx:hr>136</gpxtpx:hr></gpxtpx:TrackPointExtension></extensions></trkpt>
      <trkpt lat="40.747205" lon="-73.957886"><ele>5.6</ele><time>2026-08-06T23:57:26.000Z</time><extensions><gpxtpx:TrackPointExtension><gpxtpx:hr>136</gpxtpx:hr></gpxtpx:TrackPointExtension></extensions></trkpt>
      <trkpt lat="40.747225" lon="-73.957904"><ele>5.6</ele><time>2026-08-06T23:57:27.000Z</time><extensions><gpxtpx:TrackPointExtension><gpxtpx:hr>137</gpxtpx:hr></gpxtpx:TrackPointExtension></extensions></trkpt>
      <trkpt lat="40.747245" lon="-73.95792"><ele>5.6</ele><time>2026-08-06T23:57:28.000Z</time><extensions><gpxtpx:TrackPointExtension><gpxtpx:hr>137</gpxtpx:hr></gpxtpx:TrackPointExtension></extensions></trkpt>
      <trkpt lat="40.747266" lon="-73.957931"><ele>5.6</ele><time>2026-08-06T23:57:29.000Z</time><extensions><gpxtpx:TrackPointExtension><gpxtpx:hr>137</gpxtpx:hr></gpxtpx:TrackPointExtension></extensions></trkpt>
      <trkpt lat="40.747289" lon="-73.957939"><ele>5.8</ele><time>2026-08-06T23:57:30.000Z</time><extensions><gpxtpx:TrackPointExtension><gpxtpx:hr>137</gpxtpx:hr></gpxtpx:TrackPointExtension></extensions></trkpt>
      <trkpt lat="40.747314" lon="-73.957941"><ele>5.8</ele><time>2026-08-06T23:57:31.000Z</time><extensions><gpxtpx:TrackPointExtension><gpxtpx:hr>137</gpxtpx:hr></gpxtpx:TrackPointExtension></extensions></trkpt>
      <trkpt lat="40.74734" lon="-73.957941"><ele>5.8</ele><time>2026-08-06T23:57:32.000Z</time><extensions><gpxtpx:TrackPointExtension><gpxtpx:hr>138</gpxtpx:hr></gpxtpx:TrackPointExtension></extensions></trkpt>
      <trkpt lat="40.747366" lon="-73.957938"><ele>5.8</ele><time>2026-08-06T23:57:33.000Z</time><extensions><gpxtpx:TrackPointExtension><gpxtpx:hr>138</gpxtpx:hr></gpxtpx:TrackPointExtension></extensions></trkpt>
      <trkpt lat="40.747393" lon="-73.957933"><ele>5.8</ele><time>2026-08-06T23:57:34.000Z</time><extensions><gpxtpx:TrackPointExtension><gpxtpx:hr>138</gpxtpx:hr></gpxtpx:TrackPointExtension></extensions></trkpt>
      <trkpt lat="40.74742" lon="-73.957924"><ele>6</ele><time>2026-08-06T23:57:35.000Z</time><extensions><gpxtpx:TrackPointExtension><gpxtpx:hr>138</gpxtpx:hr></gpxtpx:TrackPointExtension></extensions></trkpt>
      <trkpt lat="40.747448" lon="-73.957912"><ele>6</ele><time>2026-08-06T23:57:36.000Z</time><extensions><gpxtpx:TrackPointExtension><gpxtpx:hr>141</gpxtpx:hr></gpxtpx:TrackPointExtension></extensions></trkpt>
      <trkpt lat="40.747474" lon="-73.957894"><ele>6</ele><time>2026-08-06T23:57:37.000Z</time><extensions><gpxtpx:TrackPointExtension><gpxtpx:hr>141</gpxtpx:hr></gpxtpx:TrackPointExtension></extensions></trkpt>
      <trkpt lat="40.7475" lon="-73.957873"><ele>6</ele><time>2026-08-06T23:57:38.000Z</time><extensions><gpxtpx:TrackPointExtension><gpxtpx:hr>141</gpxtpx:hr></gpxtpx:TrackPointExtension></extensions></trkpt>
      <trkpt lat="40.747528" lon="-73.957849"><ele>6</ele><time>2026-08-06T23:57:39.000Z</time><extensions><gpxtpx:TrackPointExtension><gpxtpx:hr>141</gpxtpx:hr></gpxtpx:TrackPointExtension></extensions></trkpt>
      <trkpt lat="40.747557" lon="-73.957822"><ele>6</ele><time>2026-08-06T23:57:40.000Z</time><extensions><gpxtpx:TrackPointExtension><gpxtpx:hr>141</gpxtpx:hr></gpxtpx:TrackPointExtension></extensions></trkpt>
      <trkpt lat="40.747585" lon="-73.957794"><ele>6</ele><time>2026-08-06T23:57:41.000Z</time><extensions><gpxtpx:TrackPointExtension><gpxtpx:hr>141</gpxtpx:hr></gpxtpx:TrackPointExtension></extensions></trkpt>
      <trkpt lat="40.747613" lon="-73.957765"><ele>6</ele><time>2026-08-06T23:57:42.000Z</time><extensions><gpxtpx:TrackPointExtension><gpxtpx:hr>141</gpxtpx:hr></gpxtpx:TrackPointExtension></extensions></trkpt>
      <trkpt lat="40.747641" lon="-73.957738"><ele>6</ele><time>2026-08-06T23:57:43.000Z</time><extensions><gpxtpx:TrackPointExtension><gpxtpx:hr>142</gpxtpx:hr></gpxtpx:TrackPointExtension></extensions></trkpt>
      <trkpt lat="40.74767" lon="-73.957712"><ele>5.8</ele><time>2026-08-06T23:57:44.000Z</time><extensions><gpxtpx:TrackPointExtension><gpxtpx:hr>142</gpxtpx:hr></gpxtpx:TrackPointExtension></extensions></trkpt>
      <trkpt lat="40.747698" lon="-73.957688"><ele>5.8</ele><time>2026-08-06T23:57:45.000Z</time><extensions><gpxtpx:TrackPointExtension><gpxtpx:hr>142</gpxtpx:hr></gpxtpx:TrackPointExtension></extensions></trkpt>
      <trkpt lat="40.747726" lon="-73.957666"><ele>5.8</ele><time>2026-08-06T23:57:46.000Z</time><extensions><gpxtpx:TrackPointExtension><gpxtpx:hr>142</gpxtpx:hr></gpxtpx:TrackPointExtension></extensions></trkpt>
      <trkpt lat="40.747754" lon="-73.957644"><ele>5.6</ele><time>2026-08-06T23:57:47.000Z</time><extensions><gpxtpx:TrackPointExtension><gpxtpx:hr>142</gpxtpx:hr></gpxtpx:TrackPointExtension></extensions></trkpt>
      <trkpt lat="40.747782" lon="-73.957625"><ele>5.6</ele><time>2026-08-06T23:57:48.000Z</time><extensions><gpxtpx:TrackPointExtension><gpxtpx:hr>142</gpxtpx:hr></gpxtpx:TrackPointExtension></extensions></trkpt>
      <trkpt lat="40.747812" lon="-73.957611"><ele>5.6</ele><time>2026-08-06T23:57:49.000Z</time><extensions><gpxtpx:TrackPointExtension><gpxtpx:hr>142</gpxtpx:hr></gpxtpx:TrackPointExtension></extensions></trkpt>
      <trkpt lat="40.747843" lon="-73.957602"><ele>5.4</ele><time>2026-08-06T23:57:50.000Z</time><extensions><gpxtpx:TrackPointExtension><gpxtpx:hr>142</gpxtpx:hr></gpxtpx:TrackPointExtension></extensions></trkpt>
      <trkpt lat="40.747875" lon="-73.957598"><ele>5.4</ele><time>2026-08-06T23:57:51.000Z</time><extensions><gpxtpx:TrackPointExtension><gpxtpx:hr>142</gpxtpx:hr></gpxtpx:TrackPointExtension></extensions></trkpt>
      <trkpt lat="40.747906" lon="-73.957599"><ele>5.4</ele><time>2026-08-06T23:57:52.000Z</time><extensions><gpxtpx:TrackPointExtension><gpxtpx:hr>143</gpxtpx:hr></gpxtpx:TrackPointExtension></extensions></trkpt>
      <trkpt lat="40.747936" lon="-73.957602"><ele>5.2</ele><time>2026-08-06T23:57:53.000Z</time><extensions><gpxtpx:TrackPointExtension><gpxtpx:hr>143</gpxtpx:hr></gpxtpx:TrackPointExtension></extensions></trkpt>
      <trkpt lat="40.747966" lon="-73.957607"><ele>5.2</ele><time>2026-08-06T23:57:54.000Z</time><extensions><gpxtpx:TrackPointExtension><gpxtpx:hr>143</gpxtpx:hr></gpxtpx:TrackPointExtension></extensions></trkpt>
      <trkpt lat="40.747995" lon="-73.957611"><ele>5.2</ele><time>2026-08-06T23:57:55.000Z</time><extensions><gpxtpx:TrackPointExtension><gpxtpx:hr>143</gpxtpx:hr></gpxtpx:TrackPointExtension></extensions></trkpt>
      <trkpt lat="40.748024" lon="-73.957615"><ele>5</ele><time>2026-08-06T23:57:56.000Z</time><extensions><gpxtpx:TrackPointExtension><gpxtpx:hr>143</gpxtpx:hr></gpxtpx:TrackPointExtension></extensions></trkpt>
      <trkpt lat="40.748053" lon="-73.957616"><ele>5</ele><time>2026-08-06T23:57:57.000Z</time><extensions><gpxtpx:TrackPointExtension><gpxtpx:hr>143</gpxtpx:hr></gpxtpx:TrackPointExtension></extensions></trkpt>
      <trkpt lat="40.748083" lon="-73.957612"><ele>4.8</ele><time>2026-08-06T23:57:58.000Z</time><extensions><gpxtpx:TrackPointExtension><gpxtpx:hr>143</gpxtpx:hr></gpxtpx:TrackPointExtension></extensions></trkpt>
      <trkpt lat="40.748113" lon="-73.957607"><ele>4.8</ele><time>2026-08-06T23:57:59.000Z</time><extensions><gpxtpx:TrackPointExtension><gpxtpx:hr>143</gpxtpx:hr></gpxtpx:TrackPointExtension></extensions></trkpt>
      <trkpt lat="40.748142" lon="-73.957599"><ele>4.8</ele><time>2026-08-06T23:58:00.000Z</time><extensions><gpxtpx:TrackPointExtension><gpxtpx:hr>141</gpxtpx:hr></gpxtpx:TrackPointExtension></extensions></trkpt>
      <trkpt lat="40.748171" lon="-73.957593"><ele>4.6</ele><time>2026-08-06T23:58:01.000Z</time><extensions><gpxtpx:TrackPointExtension><gpxtpx:hr>142</gpxtpx:hr></gpxtpx:TrackPointExtension></extensions></trkpt>
      <trkpt lat="40.748199" lon="-73.957587"><ele>4.6</ele><time>2026-08-06T23:58:02.000Z</time><extensions><gpxtpx:TrackPointExtension><gpxtpx:hr>142</gpxtpx:hr></gpxtpx:TrackPointExtension></extensions></trkpt>
      <trkpt lat="40.748226" lon="-73.957581"><ele>4.6</ele><time>2026-08-06T23:58:03.000Z</time><extensions><gpxtpx:TrackPointExtension><gpxtpx:hr>142</gpxtpx:hr></gpxtpx:TrackPointExtension></extensions></trkpt>
      <trkpt lat="40.748253" lon="-73.957574"><ele>4.6</ele><time>2026-08-06T23:58:04.000Z</time><extensions><gpxtpx:TrackPointExtension><gpxtpx:hr>142</gpxtpx:hr></gpxtpx:TrackPointExtension></extensions></trkpt>
      <trkpt lat="40.748281" lon="-73.957564"><ele>4.6</ele><time>2026-08-06T23:58:05.000Z</time><extensions><gpxtpx:TrackPointExtension><gpxtpx:hr>142</gpxtpx:hr></gpxtpx:TrackPointExtension></extensions></trkpt>
      <trkpt lat="40.748308" lon="-73.957551"><ele>4.6</ele><time>2026-08-06T23:58:06.000Z</time><extensions><gpxtpx:TrackPointExtension><gpxtpx:hr>142</gpxtpx:hr></gpxtpx:TrackPointExtension></extensions></trkpt>
      <trkpt lat="40.748334" lon="-73.957536"><ele>4.6</ele><time>2026-08-06T23:58:07.000Z</time><extensions><gpxtpx:TrackPointExtension><gpxtpx:hr>141</gpxtpx:hr></gpxtpx:TrackPointExtension></extensions></trkpt>
      <trkpt lat="40.748359" lon="-73.95752"><ele>4.6</ele><time>2026-08-06T23:58:08.000Z</time><extensions><gpxtpx:TrackPointExtension><gpxtpx:hr>141</gpxtpx:hr></gpxtpx:TrackPointExtension></extensions></trkpt>
      <trkpt lat="40.748384" lon="-73.957504"><ele>4.6</ele><time>2026-08-06T23:58:09.000Z</time><extensions><gpxtpx:TrackPointExtension><gpxtpx:hr>141</gpxtpx:hr></gpxtpx:TrackPointExtension></extensions></trkpt>
      <trkpt lat="40.748408" lon="-73.957487"><ele>4.6</ele><time>2026-08-06T23:58:10.000Z</time><extensions><gpxtpx:TrackPointExtension><gpxtpx:hr>141</gpxtpx:hr></gpxtpx:TrackPointExtension></extensions></trkpt>
      <trkpt lat="40.748433" lon="-73.957466"><ele>4.6</ele><time>2026-08-06T23:58:11.000Z</time><extensions><gpxtpx:TrackPointExtension><gpxtpx:hr>141</gpxtpx:hr></gpxtpx:TrackPointExtension></extensions></trkpt>
      <trkpt lat="40.748458" lon="-73.957444"><ele>4.6</ele><time>2026-08-06T23:58:12.000Z</time><extensions><gpxtpx:TrackPointExtension><gpxtpx:hr>143</gpxtpx:hr></gpxtpx:TrackPointExtension></extensions></trkpt>
      <trkpt lat="40.748483" lon="-73.957421"><ele>4.6</ele><time>2026-08-06T23:58:13.000Z</time><extensions><gpxtpx:TrackPointExtension><gpxtpx:hr>143</gpxtpx:hr></gpxtpx:TrackPointExtension></extensions></trkpt>
      <trkpt lat="40.748508" lon="-73.957399"><ele>4.6</ele><time>2026-08-06T23:58:14.000Z</time><extensions><gpxtpx:TrackPointExtension><gpxtpx:hr>143</gpxtpx:hr></gpxtpx:TrackPointExtension></extensions></trkpt>
      <trkpt lat="40.748533" lon="-73.957376"><ele>4.6</ele><time>2026-08-06T23:58:15.000Z</time><extensions><gpxtpx:TrackPointExtension><gpxtpx:hr>143</gpxtpx:hr></gpxtpx:TrackPointExtension></extensions></trkpt>
      <trkpt lat="40.748558" lon="-73.957352"><ele>4.6</ele><time>2026-08-06T23:58:16.000Z</time><extensions><gpxtpx:TrackPointExtension><gpxtpx:hr>143</gpxtpx:hr></gpxtpx:TrackPointExtension></extensions></trkpt>
      <trkpt lat="40.748584" lon="-73.957327"><ele>4.6</ele><time>2026-08-06T23:58:17.000Z</time><extensions><gpxtpx:TrackPointExtension><gpxtpx:hr>143</gpxtpx:hr></gpxtpx:TrackPointExtension></extensions></trkpt>
      <trkpt lat="40.748609" lon="-73.957301"><ele>4.6</ele><time>2026-08-06T23:58:18.000Z</time><extensions><gpxtpx:TrackPointExtension><gpxtpx:hr>145</gpxtpx:hr></gpxtpx:TrackPointExtension></extensions></trkpt>
      <trkpt lat="40.748633" lon="-73.957276"><ele>4.6</ele><time>2026-08-06T23:58:19.000Z</time><extensions><gpxtpx:TrackPointExtension><gpxtpx:hr>145</gpxtpx:hr></gpxtpx:TrackPointExtension></extensions></trkpt>
      <trkpt lat="40.748655" lon="-73.95725"><ele>4.6</ele><time>2026-08-06T23:58:20.000Z</time><extensions><gpxtpx:TrackPointExtension><gpxtpx:hr>145</gpxtpx:hr></gpxtpx:TrackPointExtension></extensions></trkpt>
      <trkpt lat="40.748675" lon="-73.95722"><ele>4.6</ele><time>2026-08-06T23:58:21.000Z</time><extensions><gpxtpx:TrackPointExtension><gpxtpx:hr>146</gpxtpx:hr></gpxtpx:TrackPointExtension></extensions></trkpt>
      <trkpt lat="40.748693" lon="-73.957187"><ele>4.6</ele><time>2026-08-06T23:58:22.000Z</time><extensions><gpxtpx:TrackPointExtension><gpxtpx:hr>146</gpxtpx:hr></gpxtpx:TrackPointExtension></extensions></trkpt>
      <trkpt lat="40.748708" lon="-73.957151"><ele>4.6</ele><time>2026-08-06T23:58:23.000Z</time><extensions><gpxtpx:TrackPointExtension><gpxtpx:hr>146</gpxtpx:hr></gpxtpx:TrackPointExtension></extensions></trkpt>
      <trkpt lat="40.748721" lon="-73.957112"><ele>4.6</ele><time>2026-08-06T23:58:24.000Z</time><extensions><gpxtpx:TrackPointExtension><gpxtpx:hr>146</gpxtpx:hr></gpxtpx:TrackPointExtension></extensions></trkpt>
      <trkpt lat="40.748731" lon="-73.957072"><ele>4.6</ele><time>2026-08-06T23:58:25.000Z</time><extensions><gpxtpx:TrackPointExtension><gpxtpx:hr>146</gpxtpx:hr></gpxtpx:TrackPointExtension></extensions></trkpt>
      <trkpt lat="40.748741" lon="-73.957035"><ele>4.6</ele><time>2026-08-06T23:58:26.000Z</time><extensions><gpxtpx:TrackPointExtension><gpxtpx:hr>146</gpxtpx:hr></gpxtpx:TrackPointExtension></extensions></trkpt>
      <trkpt lat="40.748752" lon="-73.957005"><ele>4.6</ele><time>2026-08-06T23:58:27.000Z</time><extensions><gpxtpx:TrackPointExtension><gpxtpx:hr>146</gpxtpx:hr></gpxtpx:TrackPointExtension></extensions></trkpt>
      <trkpt lat="40.748767" lon="-73.956986"><ele>4.6</ele><time>2026-08-06T23:58:28.000Z</time><extensions><gpxtpx:TrackPointExtension><gpxtpx:hr>146</gpxtpx:hr></gpxtpx:TrackPointExtension></extensions></trkpt>
      <trkpt lat="40.748786" lon="-73.956982"><ele>4.8</ele><time>2026-08-06T23:58:29.000Z</time><extensions><gpxtpx:TrackPointExtension><gpxtpx:hr>147</gpxtpx:hr></gpxtpx:TrackPointExtension></extensions></trkpt>
      <trkpt lat="40.748805" lon="-73.956994"><ele>4.8</ele><time>2026-08-06T23:58:30.000Z</time><extensions><gpxtpx:TrackPointExtension><gpxtpx:hr>147</gpxtpx:hr></gpxtpx:TrackPointExtension></extensions></trkpt>
      <trkpt lat="40.748817" lon="-73.95702"><ele>4.8</ele><time>2026-08-06T23:58:31.000Z</time><extensions><gpxtpx:TrackPointExtension><gpxtpx:hr>147</gpxtpx:hr></gpxtpx:TrackPointExtension></extensions></trkpt>
      <trkpt lat="40.748819" lon="-73.957051"><ele>4.8</ele><time>2026-08-06T23:58:32.000Z</time><extensions><gpxtpx:TrackPointExtension><gpxtpx:hr>147</gpxtpx:hr></gpxtpx:TrackPointExtension></extensions></trkpt>
      <trkpt lat="40.748813" lon="-73.957083"><ele>4.8</ele><time>2026-08-06T23:58:33.000Z</time><extensions><gpxtpx:TrackPointExtension><gpxtpx:hr>147</gpxtpx:hr></gpxtpx:TrackPointExtension></extensions></trkpt>
      <trkpt lat="40.748797" lon="-73.957109"><ele>4.8</ele><time>2026-08-06T23:58:34.000Z</time><extensions><gpxtpx:TrackPointExtension><gpxtpx:hr>147</gpxtpx:hr></gpxtpx:TrackPointExtension></extensions></trkpt>
      <trkpt lat="40.748776" lon="-73.957131"><ele>5</ele><time>2026-08-06T23:58:35.000Z</time><extensions><gpxtpx:TrackPointExtension><gpxtpx:hr>147</gpxtpx:hr></gpxtpx:TrackPointExtension></extensions></trkpt>
      <trkpt lat="40.74875" lon="-73.95715"><ele>5</ele><time>2026-08-06T23:58:36.000Z</time><extensions><gpxtpx:TrackPointExtension><gpxtpx:hr>147</gpxtpx:hr></gpxtpx:TrackPointExtension></extensions></trkpt>
      <trkpt lat="40.748723" lon="-73.957166"><ele>5</ele><time>2026-08-06T23:58:37.000Z</time><extensions><gpxtpx:TrackPointExtension><gpxtpx:hr>147</gpxtpx:hr></gpxtpx:TrackPointExtension></extensions></trkpt>
      <trkpt lat="40.748697" lon="-73.957185"><ele>5</ele><time>2026-08-06T23:58:38.000Z</time><extensions><gpxtpx:TrackPointExtension><gpxtpx:hr>146</gpxtpx:hr></gpxtpx:TrackPointExtension></extensions></trkpt>
      <trkpt lat="40.748674" lon="-73.957209"><ele>5.2</ele><time>2026-08-06T23:58:39.000Z</time><extensions><gpxtpx:TrackPointExtension><gpxtpx:hr>146</gpxtpx:hr></gpxtpx:TrackPointExtension></extensions></trkpt>
      <trkpt lat="40.748654" lon="-73.957236"><ele>5.2</ele><time>2026-08-06T23:58:40.000Z</time><extensions><gpxtpx:TrackPointExtension><gpxtpx:hr>146</gpxtpx:hr></gpxtpx:TrackPointExtension></extensions></trkpt>
      <trkpt lat="40.748635" lon="-73.957265"><ele>5.2</ele><time>2026-08-06T23:58:41.000Z</time><extensions><gpxtpx:TrackPointExtension><gpxtpx:hr>148</gpxtpx:hr></gpxtpx:TrackPointExtension></extensions></trkpt>
      <trkpt lat="40.748613" lon="-73.957291"><ele>5.2</ele><time>2026-08-06T23:58:42.000Z</time><extensions><gpxtpx:TrackPointExtension><gpxtpx:hr>148</gpxtpx:hr></gpxtpx:TrackPointExtension></extensions></trkpt>
      <trkpt lat="40.748586" lon="-73.957314"><ele>5.4</ele><time>2026-08-06T23:58:43.000Z</time><extensions><gpxtpx:TrackPointExtension><gpxtpx:hr>148</gpxtpx:hr></gpxtpx:TrackPointExtension></extensions></trkpt>
      <trkpt lat="40.748555" lon="-73.957333"><ele>5.4</ele><time>2026-08-06T23:58:44.000Z</time><extensions><gpxtpx:TrackPointExtension><gpxtpx:hr>148</gpxtpx:hr></gpxtpx:TrackPointExtension></extensions></trkpt>
      <trkpt lat="40.748523" lon="-73.95735"><ele>5.4</ele><time>2026-08-06T23:58:45.000Z</time><extensions><gpxtpx:TrackPointExtension><gpxtpx:hr>148</gpxtpx:hr></gpxtpx:TrackPointExtension></extensions></trkpt>
      <trkpt lat="40.74849" lon="-73.957363"><ele>5.4</ele><time>2026-08-06T23:58:46.000Z</time><extensions><gpxtpx:TrackPointExtension><gpxtpx:hr>148</gpxtpx:hr></gpxtpx:TrackPointExtension></extensions></trkpt>
      <trkpt lat="40.748455" lon="-73.957375"><ele>5.4</ele><time>2026-08-06T23:58:47.000Z</time><extensions><gpxtpx:TrackPointExtension><gpxtpx:hr>148</gpxtpx:hr></gpxtpx:TrackPointExtension></extensions></trkpt>
      <trkpt lat="40.74842" lon="-73.957386"><ele>5.4</ele><time>2026-08-06T23:58:48.000Z</time><extensions><gpxtpx:TrackPointExtension><gpxtpx:hr>148</gpxtpx:hr></gpxtpx:TrackPointExtension></extensions></trkpt>
      <trkpt lat="40.748384" lon="-73.9574"><ele>5.4</ele><time>2026-08-06T23:58:49.000Z</time><extensions><gpxtpx:TrackPointExtension><gpxtpx:hr>148</gpxtpx:hr></gpxtpx:TrackPointExtension></extensions></trkpt>
      <trkpt lat="40.748349" lon="-73.957415"><ele>5.4</ele><time>2026-08-06T23:58:50.000Z</time><extensions><gpxtpx:TrackPointExtension><gpxtpx:hr>148</gpxtpx:hr></gpxtpx:TrackPointExtension></extensions></trkpt>
      <trkpt lat="40.748314" lon="-73.957431"><ele>5.4</ele><time>2026-08-06T23:58:51.000Z</time><extensions><gpxtpx:TrackPointExtension><gpxtpx:hr>148</gpxtpx:hr></gpxtpx:TrackPointExtension></extensions></trkpt>
      <trkpt lat="40.748281" lon="-73.957446"><ele>5.4</ele><time>2026-08-06T23:58:52.000Z</time><extensions><gpxtpx:TrackPointExtension><gpxtpx:hr>149</gpxtpx:hr></gpxtpx:TrackPointExtension></extensions></trkpt>
      <trkpt lat="40.748248" lon="-73.95746"><ele>5.4</ele><time>2026-08-06T23:58:53.000Z</time><extensions><gpxtpx:TrackPointExtension><gpxtpx:hr>149</gpxtpx:hr></gpxtpx:TrackPointExtension></extensions></trkpt>
      <trkpt lat="40.748215" lon="-73.957473"><ele>5.4</ele><time>2026-08-06T23:58:54.000Z</time><extensions><gpxtpx:TrackPointExtension><gpxtpx:hr>149</gpxtpx:hr></gpxtpx:TrackPointExtension></extensions></trkpt>
      <trkpt lat="40.748182" lon="-73.957484"><ele>5.4</ele><time>2026-08-06T23:58:55.000Z</time><extensions><gpxtpx:TrackPointExtension><gpxtpx:hr>149</gpxtpx:hr></gpxtpx:TrackPointExtension></extensions></trkpt>
      <trkpt lat="40.748152" lon="-73.957491"><ele>5.4</ele><time>2026-08-06T23:58:56.000Z</time><extensions><gpxtpx:TrackPointExtension><gpxtpx:hr>149</gpxtpx:hr></gpxtpx:TrackPointExtension></extensions></trkpt>
      <trkpt lat="40.748125" lon="-73.957497"><ele>5.4</ele><time>2026-08-06T23:58:57.000Z</time><extensions><gpxtpx:TrackPointExtension><gpxtpx:hr>149</gpxtpx:hr></gpxtpx:TrackPointExtension></extensions></trkpt>
      <trkpt lat="40.7481" lon="-73.957503"><ele>5.4</ele><time>2026-08-06T23:58:58.000Z</time><extensions><gpxtpx:TrackPointExtension><gpxtpx:hr>149</gpxtpx:hr></gpxtpx:TrackPointExtension></extensions></trkpt>
      <trkpt lat="40.748075" lon="-73.95751"><ele>5.4</ele><time>2026-08-06T23:58:59.000Z</time><extensions><gpxtpx:TrackPointExtension><gpxtpx:hr>149</gpxtpx:hr></gpxtpx:TrackPointExtension></extensions></trkpt>
      <trkpt lat="40.748052" lon="-73.957516"><ele>5.4</ele><time>2026-08-06T23:59:00.000Z</time><extensions><gpxtpx:TrackPointExtension><gpxtpx:hr>149</gpxtpx:hr></gpxtpx:TrackPointExtension></extensions></trkpt>
      <trkpt lat="40.748029" lon="-73.957523"><ele>5.4</ele><time>2026-08-06T23:59:01.000Z</time><extensions><gpxtpx:TrackPointExtension><gpxtpx:hr>149</gpxtpx:hr></gpxtpx:TrackPointExtension></extensions></trkpt>
      <trkpt lat="40.748006" lon="-73.957531"><ele>5.2</ele><time>2026-08-06T23:59:02.000Z</time><extensions><gpxtpx:TrackPointExtension><gpxtpx:hr>149</gpxtpx:hr></gpxtpx:TrackPointExtension></extensions></trkpt>
      <trkpt lat="40.747982" lon="-73.957539"><ele>5.2</ele><time>2026-08-06T23:59:03.000Z</time><extensions><gpxtpx:TrackPointExtension><gpxtpx:hr>149</gpxtpx:hr></gpxtpx:TrackPointExtension></extensions></trkpt>
      <trkpt lat="40.747959" lon="-73.957548"><ele>5.2</ele><time>2026-08-06T23:59:04.000Z</time><extensions><gpxtpx:TrackPointExtension><gpxtpx:hr>149</gpxtpx:hr></gpxtpx:TrackPointExtension></extensions></trkpt>
      <trkpt lat="40.747934" lon="-73.957559"><ele>5.2</ele><time>2026-08-06T23:59:05.000Z</time><extensions><gpxtpx:TrackPointExtension><gpxtpx:hr>159</gpxtpx:hr></gpxtpx:TrackPointExtension></extensions></trkpt>
      <trkpt lat="40.747909" lon="-73.957569"><ele>5.2</ele><time>2026-08-06T23:59:06.000Z</time><extensions><gpxtpx:TrackPointExtension><gpxtpx:hr>159</gpxtpx:hr></gpxtpx:TrackPointExtension></extensions></trkpt>
      <trkpt lat="40.747884" lon="-73.957578"><ele>5.2</ele><time>2026-08-06T23:59:07.000Z</time><extensions><gpxtpx:TrackPointExtension><gpxtpx:hr>159</gpxtpx:hr></gpxtpx:TrackPointExtension></extensions></trkpt>
      <trkpt lat="40.747859" lon="-73.957584"><ele>5.2</ele><time>2026-08-06T23:59:08.000Z</time><extensions><gpxtpx:TrackPointExtension><gpxtpx:hr>159</gpxtpx:hr></gpxtpx:TrackPointExtension></extensions></trkpt>
      <trkpt lat="40.747834" lon="-73.957589"><ele>5.2</ele><time>2026-08-06T23:59:09.000Z</time><extensions><gpxtpx:TrackPointExtension><gpxtpx:hr>158</gpxtpx:hr></gpxtpx:TrackPointExtension></extensions></trkpt>
      <trkpt lat="40.747805" lon="-73.957595"><ele>5.2</ele><time>2026-08-06T23:59:10.000Z</time><extensions><gpxtpx:TrackPointExtension><gpxtpx:hr>158</gpxtpx:hr></gpxtpx:TrackPointExtension></extensions></trkpt>
      <trkpt lat="40.747775" lon="-73.957604"><ele>5</ele><time>2026-08-06T23:59:11.000Z</time><extensions><gpxtpx:TrackPointExtension><gpxtpx:hr>157</gpxtpx:hr></gpxtpx:TrackPointExtension></extensions></trkpt>
      <trkpt lat="40.747744" lon="-73.957614"><ele>5</ele><time>2026-08-06T23:59:12.000Z</time><extensions><gpxtpx:TrackPointExtension><gpxtpx:hr>157</gpxtpx:hr></gpxtpx:TrackPointExtension></extensions></trkpt>
      <trkpt lat="40.747714" lon="-73.957624"><ele>5</ele><time>2026-08-06T23:59:13.000Z</time><extensions><gpxtpx:TrackPointExtension><gpxtpx:hr>157</gpxtpx:hr></gpxtpx:TrackPointExtension></extensions></trkpt>
      <trkpt lat="40.747686" lon="-73.957635"><ele>5</ele><time>2026-08-06T23:59:14.000Z</time><extensions><gpxtpx:TrackPointExtension><gpxtpx:hr>157</gpxtpx:hr></gpxtpx:TrackPointExtension></extensions></trkpt>
      <trkpt lat="40.747658" lon="-73.957646"><ele>5</ele><time>2026-08-06T23:59:15.000Z</time><extensions><gpxtpx:TrackPointExtension><gpxtpx:hr>157</gpxtpx:hr></gpxtpx:TrackPointExtension></extensions></trkpt>
      <trkpt lat="40.747629" lon="-73.957656"><ele>5</ele><time>2026-08-06T23:59:16.000Z</time><extensions><gpxtpx:TrackPointExtension><gpxtpx:hr>157</gpxtpx:hr></gpxtpx:TrackPointExtension></extensions></trkpt>
      <trkpt lat="40.747599" lon="-73.957666"><ele>5</ele><time>2026-08-06T23:59:17.000Z</time><extensions><gpxtpx:TrackPointExtension><gpxtpx:hr>157</gpxtpx:hr></gpxtpx:TrackPointExtension></extensions></trkpt>
      <trkpt lat="40.747571" lon="-73.957678"><ele>5</ele><time>2026-08-06T23:59:18.000Z</time><extensions><gpxtpx:TrackPointExtension><gpxtpx:hr>157</gpxtpx:hr></gpxtpx:TrackPointExtension></extensions></trkpt>
      <trkpt lat="40.747543" lon="-73.95769"><ele>5.2</ele><time>2026-08-06T23:59:19.000Z</time><extensions><gpxtpx:TrackPointExtension><gpxtpx:hr>157</gpxtpx:hr></gpxtpx:TrackPointExtension></extensions></trkpt>
      <trkpt lat="40.747516" lon="-73.957704"><ele>5.2</ele><time>2026-08-06T23:59:20.000Z</time><extensions><gpxtpx:TrackPointExtension><gpxtpx:hr>155</gpxtpx:hr></gpxtpx:TrackPointExtension></extensions></trkpt>
      <trkpt lat="40.747462" lon="-73.95773"><ele>5</ele><time>2026-08-06T23:59:21.000Z</time><extensions><gpxtpx:TrackPointExtension><gpxtpx:hr>155</gpxtpx:hr></gpxtpx:TrackPointExtension></extensions></trkpt>
      <trkpt lat="40.747436" lon="-73.957742"><ele>5</ele><time>2026-08-06T23:59:22.000Z</time><extensions><gpxtpx:TrackPointExtension><gpxtpx:hr>155</gpxtpx:hr></gpxtpx:TrackPointExtension></extensions></trkpt>
      <trkpt lat="40.74741" lon="-73.957752"><ele>5</ele><time>2026-08-06T23:59:23.000Z</time><extensions><gpxtpx:TrackPointExtension><gpxtpx:hr>155</gpxtpx:hr></gpxtpx:TrackPointExtension></extensions></trkpt>
      <trkpt lat="40.747384" lon="-73.957764"><ele>5</ele><time>2026-08-06T23:59:24.000Z</time><extensions><gpxtpx:TrackPointExtension><gpxtpx:hr>155</gpxtpx:hr></gpxtpx:TrackPointExtension></extensions></trkpt>
      <trkpt lat="40.747359" lon="-73.957776"><ele>5</ele><time>2026-08-06T23:59:25.000Z</time><extensions><gpxtpx:TrackPointExtension><gpxtpx:hr>155</gpxtpx:hr></gpxtpx:TrackPointExtension></extensions></trkpt>
      <trkpt lat="40.747333" lon="-73.957789"><ele>5</ele><time>2026-08-06T23:59:26.000Z</time><extensions><gpxtpx:TrackPointExtension><gpxtpx:hr>154</gpxtpx:hr></gpxtpx:TrackPointExtension></extensions></trkpt>
      <trkpt lat="40.747307" lon="-73.9578"><ele>5</ele><time>2026-08-06T23:59:27.000Z</time><extensions><gpxtpx:TrackPointExtension><gpxtpx:hr>154</gpxtpx:hr></gpxtpx:TrackPointExtension></extensions></trkpt>
      <trkpt lat="40.747284" lon="-73.957811"><ele>5</ele><time>2026-08-06T23:59:28.000Z</time><extensions><gpxtpx:TrackPointExtension><gpxtpx:hr>154</gpxtpx:hr></gpxtpx:TrackPointExtension></extensions></trkpt>
      <trkpt lat="40.747263" lon="-73.957821"><ele>5</ele><time>2026-08-06T23:59:29.000Z</time><extensions><gpxtpx:TrackPointExtension><gpxtpx:hr>154</gpxtpx:hr></gpxtpx:TrackPointExtension></extensions></trkpt>
      <trkpt lat="40.747244" lon="-73.957833"><ele>5</ele><time>2026-08-06T23:59:30.000Z</time><extensions><gpxtpx:TrackPointExtension><gpxtpx:hr>154</gpxtpx:hr></gpxtpx:TrackPointExtension></extensions></trkpt>
      <trkpt lat="40.747225" lon="-73.957845"><ele>5</ele><time>2026-08-06T23:59:31.000Z</time><extensions><gpxtpx:TrackPointExtension><gpxtpx:hr>154</gpxtpx:hr></gpxtpx:TrackPointExtension></extensions></trkpt>
      <trkpt lat="40.747207" lon="-73.957858"><ele>5</ele><time>2026-08-06T23:59:32.000Z</time><extensions><gpxtpx:TrackPointExtension><gpxtpx:hr>154</gpxtpx:hr></gpxtpx:TrackPointExtension></extensions></trkpt>
      <trkpt lat="40.747187" lon="-73.957871"><ele>5</ele><time>2026-08-06T23:59:33.000Z</time><extensions><gpxtpx:TrackPointExtension><gpxtpx:hr>154</gpxtpx:hr></gpxtpx:TrackPointExtension></extensions></trkpt>
      <trkpt lat="40.747166" lon="-73.957881"><ele>5.2</ele><time>2026-08-06T23:59:34.000Z</time><extensions><gpxtpx:TrackPointExtension><gpxtpx:hr>154</gpxtpx:hr></gpxtpx:TrackPointExtension></extensions></trkpt>
      <trkpt lat="40.747145" lon="-73.957889"><ele>5.2</ele><time>2026-08-06T23:59:35.000Z</time><extensions><gpxtpx:TrackPointExtension><gpxtpx:hr>154</gpxtpx:hr></gpxtpx:TrackPointExtension></extensions></trkpt>
      <trkpt lat="40.747126" lon="-73.957895"><ele>5.2</ele><time>2026-08-06T23:59:36.000Z</time><extensions><gpxtpx:TrackPointExtension><gpxtpx:hr>154</gpxtpx:hr></gpxtpx:TrackPointExtension></extensions></trkpt>
      <trkpt lat="40.747106" lon="-73.957902"><ele>5.2</ele><time>2026-08-06T23:59:37.000Z</time><extensions><gpxtpx:TrackPointExtension><gpxtpx:hr>154</gpxtpx:hr></gpxtpx:TrackPointExtension></extensions></trkpt>
      <trkpt lat="40.747087" lon="-73.957911"><ele>5.2</ele><time>2026-08-06T23:59:38.000Z</time><extensions><gpxtpx:TrackPointExtension><gpxtpx:hr>154</gpxtpx:hr></gpxtpx:TrackPointExtension></extensions></trkpt>
      <trkpt lat="40.747069" lon="-73.957922"><ele>5.2</ele><time>2026-08-06T23:59:39.000Z</time><extensions><gpxtpx:TrackPointExtension><gpxtpx:hr>152</gpxtpx:hr></gpxtpx:TrackPointExtension></extensions></trkpt>
      <trkpt lat="40.747051" lon="-73.957933"><ele>5.2</ele><time>2026-08-06T23:59:40.000Z</time><extensions><gpxtpx:TrackPointExtension><gpxtpx:hr>152</gpxtpx:hr></gpxtpx:TrackPointExtension></extensions></trkpt>
      <trkpt lat="40.747033" lon="-73.957945"><ele>5.2</ele><time>2026-08-06T23:59:41.000Z</time><extensions><gpxtpx:TrackPointExtension><gpxtpx:hr>152</gpxtpx:hr></gpxtpx:TrackPointExtension></extensions></trkpt>
      <trkpt lat="40.747015" lon="-73.957958"><ele>5</ele><time>2026-08-06T23:59:42.000Z</time><extensions><gpxtpx:TrackPointExtension><gpxtpx:hr>152</gpxtpx:hr></gpxtpx:TrackPointExtension></extensions></trkpt>
      <trkpt lat="40.746996" lon="-73.957971"><ele>5</ele><time>2026-08-06T23:59:43.000Z</time><extensions><gpxtpx:TrackPointExtension><gpxtpx:hr>152</gpxtpx:hr></gpxtpx:TrackPointExtension></extensions></trkpt>
      <trkpt lat="40.746996" lon="-73.957971"><ele>5</ele><time>2026-08-06T23:59:44.000Z</time><extensions><gpxtpx:TrackPointExtension><gpxtpx:hr>151</gpxtpx:hr></gpxtpx:TrackPointExtension></extensions></trkpt>
      <trkpt lat="40.746976" lon="-73.957985"><ele>5</ele><time>2026-08-06T23:59:45.000Z</time><extensions><gpxtpx:TrackPointExtension><gpxtpx:hr>151</gpxtpx:hr></gpxtpx:TrackPointExtension></extensions></trkpt>
      <trkpt lat="40.746955" lon="-73.958"><ele>5</ele><time>2026-08-06T23:59:46.000Z</time><extensions><gpxtpx:TrackPointExtension><gpxtpx:hr>151</gpxtpx:hr></gpxtpx:TrackPointExtension></extensions></trkpt>
      <trkpt lat="40.746935" lon="-73.958018"><ele>5</ele><time>2026-08-06T23:59:47.000Z</time><extensions><gpxtpx:TrackPointExtension><gpxtpx:hr>151</gpxtpx:hr></gpxtpx:TrackPointExtension></extensions></trkpt>
      <trkpt lat="40.746916" lon="-73.958037"><ele>5</ele><time>2026-08-06T23:59:48.000Z</time><extensions><gpxtpx:TrackPointExtension><gpxtpx:hr>151</gpxtpx:hr></gpxtpx:TrackPointExtension></extensions></trkpt>
      <trkpt lat="40.7469" lon="-73.958059"><ele>5</ele><time>2026-08-06T23:59:49.000Z</time><extensions><gpxtpx:TrackPointExtension><gpxtpx:hr>151</gpxtpx:hr></gpxtpx:TrackPointExtension></extensions></trkpt>
      <trkpt lat="40.746884" lon="-73.958083"><ele>5</ele><time>2026-08-06T23:59:50.000Z</time><extensions><gpxtpx:TrackPointExtension><gpxtpx:hr>151</gpxtpx:hr></gpxtpx:TrackPointExtension></extensions></trkpt>
      <trkpt lat="40.746868" lon="-73.958108"><ele>5</ele><time>2026-08-06T23:59:51.000Z</time><extensions><gpxtpx:TrackPointExtension><gpxtpx:hr>150</gpxtpx:hr></gpxtpx:TrackPointExtension></extensions></trkpt>
      <trkpt lat="40.746847" lon="-73.958135"><ele>5</ele><time>2026-08-06T23:59:52.000Z</time><extensions><gpxtpx:TrackPointExtension><gpxtpx:hr>150</gpxtpx:hr></gpxtpx:TrackPointExtension></extensions></trkpt>
      <trkpt lat="40.746823" lon="-73.958163"><ele>5</ele><time>2026-08-06T23:59:53.000Z</time><extensions><gpxtpx:TrackPointExtension><gpxtpx:hr>150</gpxtpx:hr></gpxtpx:TrackPointExtension></extensions></trkpt>
      <trkpt lat="40.746796" lon="-73.958191"><ele>5</ele><time>2026-08-06T23:59:54.000Z</time><extensions><gpxtpx:TrackPointExtension><gpxtpx:hr>150</gpxtpx:hr></gpxtpx:TrackPointExtension></extensions></trkpt>
      <trkpt lat="40.74677" lon="-73.95822"><ele>5</ele><time>2026-08-06T23:59:55.000Z</time><extensions><gpxtpx:TrackPointExtension><gpxtpx:hr>150</gpxtpx:hr></gpxtpx:TrackPointExtension></extensions></trkpt>
      <trkpt lat="40.746745" lon="-73.958248"><ele>5</ele><time>2026-08-06T23:59:56.000Z</time><extensions><gpxtpx:TrackPointExtension><gpxtpx:hr>150</gpxtpx:hr></gpxtpx:TrackPointExtension></extensions></trkpt>
      <trkpt lat="40.746722" lon="-73.958278"><ele>5</ele><time>2026-08-06T23:59:57.000Z</time><extensions><gpxtpx:TrackPointExtension><gpxtpx:hr>150</gpxtpx:hr></gpxtpx:TrackPointExtension></extensions></trkpt>
      <trkpt lat="40.746701" lon="-73.958309"><ele>5</ele><time>2026-08-06T23:59:58.000Z</time><extensions><gpxtpx:TrackPointExtension><gpxtpx:hr>151</gpxtpx:hr></gpxtpx:TrackPointExtension></extensions></trkpt>
      <trkpt lat="40.746681" lon="-73.958341"><ele>5</ele><time>2026-08-06T23:59:59.000Z</time><extensions><gpxtpx:TrackPointExtension><gpxtpx:hr>151</gpxtpx:hr></gpxtpx:TrackPointExtension></extensions></trkpt>
      <trkpt lat="40.746662" lon="-73.958372"><ele>5</ele><time>2026-08-07T00:00:00.000Z</time><extensions><gpxtpx:TrackPointExtension><gpxtpx:hr>151</gpxtpx:hr></gpxtpx:TrackPointExtension></extensions></trkpt>
      <trkpt lat="40.746643" lon="-73.958401"><ele>5</ele><time>2026-08-07T00:00:01.000Z</time><extensions><gpxtpx:TrackPointExtension><gpxtpx:hr>151</gpxtpx:hr></gpxtpx:TrackPointExtension></extensions></trkpt>
      <trkpt lat="40.746624" lon="-73.958427"><ele>5</ele><time>2026-08-07T00:00:02.000Z</time><extensions><gpxtpx:TrackPointExtension><gpxtpx:hr>151</gpxtpx:hr></gpxtpx:TrackPointExtension></extensions></trkpt>
      <trkpt lat="40.746604" lon="-73.958452"><ele>5</ele><time>2026-08-07T00:00:03.000Z</time><extensions><gpxtpx:TrackPointExtension><gpxtpx:hr>151</gpxtpx:hr></gpxtpx:TrackPointExtension></extensions></trkpt>
      <trkpt lat="40.746582" lon="-73.958475"><ele>5</ele><time>2026-08-07T00:00:04.000Z</time><extensions><gpxtpx:TrackPointExtension><gpxtpx:hr>151</gpxtpx:hr></gpxtpx:TrackPointExtension></extensions></trkpt>
      <trkpt lat="40.746559" lon="-73.958495"><ele>5</ele><time>2026-08-07T00:00:05.000Z</time><extensions><gpxtpx:TrackPointExtension><gpxtpx:hr>151</gpxtpx:hr></gpxtpx:TrackPointExtension></extensions></trkpt>
      <trkpt lat="40.746535" lon="-73.958514"><ele>5</ele><time>2026-08-07T00:00:06.000Z</time><extensions><gpxtpx:TrackPointExtension><gpxtpx:hr>151</gpxtpx:hr></gpxtpx:TrackPointExtension></extensions></trkpt>
      <trkpt lat="40.746511" lon="-73.958532"><ele>5</ele><time>2026-08-07T00:00:07.000Z</time><extensions><gpxtpx:TrackPointExtension><gpxtpx:hr>151</gpxtpx:hr></gpxtpx:TrackPointExtension></extensions></trkpt>
      <trkpt lat="40.746486" lon="-73.958546"><ele>5</ele><time>2026-08-07T00:00:08.000Z</time><extensions><gpxtpx:TrackPointExtension><gpxtpx:hr>153</gpxtpx:hr></gpxtpx:TrackPointExtension></extensions></trkpt>
      <trkpt lat="40.746462" lon="-73.958556"><ele>5</ele><time>2026-08-07T00:00:09.000Z</time><extensions><gpxtpx:TrackPointExtension><gpxtpx:hr>153</gpxtpx:hr></gpxtpx:TrackPointExtension></extensions></trkpt>
      <trkpt lat="40.746438" lon="-73.958562"><ele>5</ele><time>2026-08-07T00:00:10.000Z</time><extensions><gpxtpx:TrackPointExtension><gpxtpx:hr>153</gpxtpx:hr></gpxtpx:TrackPointExtension></extensions></trkpt>
      <trkpt lat="40.746413" lon="-73.958564"><ele>5</ele><time>2026-08-07T00:00:11.000Z</time><extensions><gpxtpx:TrackPointExtension><gpxtpx:hr>153</gpxtpx:hr></gpxtpx:TrackPointExtension></extensions></trkpt>
      <trkpt lat="40.746388" lon="-73.958565"><ele>5</ele><time>2026-08-07T00:00:12.000Z</time><extensions><gpxtpx:TrackPointExtension><gpxtpx:hr>153</gpxtpx:hr></gpxtpx:TrackPointExtension></extensions></trkpt>
      <trkpt lat="40.746365" lon="-73.958565"><ele>5</ele><time>2026-08-07T00:00:13.000Z</time><extensions><gpxtpx:TrackPointExtension><gpxtpx:hr>153</gpxtpx:hr></gpxtpx:TrackPointExtension></extensions></trkpt>
      <trkpt lat="40.74634" lon="-73.958567"><ele>5</ele><time>2026-08-07T00:00:14.000Z</time><extensions><gpxtpx:TrackPointExtension><gpxtpx:hr>153</gpxtpx:hr></gpxtpx:TrackPointExtension></extensions></trkpt>
      <trkpt lat="40.746315" lon="-73.95857"><ele>5</ele><time>2026-08-07T00:00:15.000Z</time><extensions><gpxtpx:TrackPointExtension><gpxtpx:hr>152</gpxtpx:hr></gpxtpx:TrackPointExtension></extensions></trkpt>
      <trkpt lat="40.746289" lon="-73.958573"><ele>5</ele><time>2026-08-07T00:00:16.000Z</time><extensions><gpxtpx:TrackPointExtension><gpxtpx:hr>153</gpxtpx:hr></gpxtpx:TrackPointExtension></extensions></trkpt>
      <trkpt lat="40.746264" lon="-73.958577"><ele>5.2</ele><time>2026-08-07T00:00:17.000Z</time><extensions><gpxtpx:TrackPointExtension><gpxtpx:hr>153</gpxtpx:hr></gpxtpx:TrackPointExtension></extensions></trkpt>
      <trkpt lat="40.74624" lon="-73.958578"><ele>5.2</ele><time>2026-08-07T00:00:18.000Z</time><extensions><gpxtpx:TrackPointExtension><gpxtpx:hr>153</gpxtpx:hr></gpxtpx:TrackPointExtension></extensions></trkpt>
      <trkpt lat="40.746216" lon="-73.958577"><ele>5.2</ele><time>2026-08-07T00:00:19.000Z</time><extensions><gpxtpx:TrackPointExtension><gpxtpx:hr>153</gpxtpx:hr></gpxtpx:TrackPointExtension></extensions></trkpt>
      <trkpt lat="40.746192" lon="-73.958573"><ele>5.2</ele><time>2026-08-07T00:00:20.000Z</time><extensions><gpxtpx:TrackPointExtension><gpxtpx:hr>153</gpxtpx:hr></gpxtpx:TrackPointExtension></extensions></trkpt>
      <trkpt lat="40.746168" lon="-73.958568"><ele>5.2</ele><time>2026-08-07T00:00:21.000Z</time><extensions><gpxtpx:TrackPointExtension><gpxtpx:hr>153</gpxtpx:hr></gpxtpx:TrackPointExtension></extensions></trkpt>
      <trkpt lat="40.746144" lon="-73.95856"><ele>5.2</ele><time>2026-08-07T00:00:22.000Z</time><extensions><gpxtpx:TrackPointExtension><gpxtpx:hr>153</gpxtpx:hr></gpxtpx:TrackPointExtension></extensions></trkpt>
      <trkpt lat="40.746122" lon="-73.958552"><ele>5.2</ele><time>2026-08-07T00:00:23.000Z</time><extensions><gpxtpx:TrackPointExtension><gpxtpx:hr>153</gpxtpx:hr></gpxtpx:TrackPointExtension></extensions></trkpt>
      <trkpt lat="40.7461" lon="-73.958541"><ele>5.2</ele><time>2026-08-07T00:00:24.000Z</time><extensions><gpxtpx:TrackPointExtension><gpxtpx:hr>153</gpxtpx:hr></gpxtpx:TrackPointExtension></extensions></trkpt>
      <trkpt lat="40.746079" lon="-73.958528"><ele>5.2</ele><time>2026-08-07T00:00:25.000Z</time><extensions><gpxtpx:TrackPointExtension><gpxtpx:hr>153</gpxtpx:hr></gpxtpx:TrackPointExtension></extensions></trkpt>
      <trkpt lat="40.746059" lon="-73.958512"><ele>5.2</ele><time>2026-08-07T00:00:26.000Z</time><extensions><gpxtpx:TrackPointExtension><gpxtpx:hr>153</gpxtpx:hr></gpxtpx:TrackPointExtension></extensions></trkpt>
      <trkpt lat="40.746039" lon="-73.958493"><ele>5.2</ele><time>2026-08-07T00:00:27.000Z</time><extensions><gpxtpx:TrackPointExtension><gpxtpx:hr>153</gpxtpx:hr></gpxtpx:TrackPointExtension></extensions></trkpt>
      <trkpt lat="40.74602" lon="-73.958473"><ele>5.2</ele><time>2026-08-07T00:00:28.000Z</time><extensions><gpxtpx:TrackPointExtension><gpxtpx:hr>153</gpxtpx:hr></gpxtpx:TrackPointExtension></extensions></trkpt>
      <trkpt lat="40.746001" lon="-73.958453"><ele>5.2</ele><time>2026-08-07T00:00:29.000Z</time><extensions><gpxtpx:TrackPointExtension><gpxtpx:hr>153</gpxtpx:hr></gpxtpx:TrackPointExtension></extensions></trkpt>
      <trkpt lat="40.745982" lon="-73.958432"><ele>5.2</ele><time>2026-08-07T00:00:30.000Z</time><extensions><gpxtpx:TrackPointExtension><gpxtpx:hr>153</gpxtpx:hr></gpxtpx:TrackPointExtension></extensions></trkpt>
      <trkpt lat="40.745965" lon="-73.958408"><ele>5.2</ele><time>2026-08-07T00:00:31.000Z</time><extensions><gpxtpx:TrackPointExtension><gpxtpx:hr>153</gpxtpx:hr></gpxtpx:TrackPointExtension></extensions></trkpt>
      <trkpt lat="40.745951" lon="-73.958381"><ele>5.2</ele><time>2026-08-07T00:00:32.000Z</time><extensions><gpxtpx:TrackPointExtension><gpxtpx:hr>153</gpxtpx:hr></gpxtpx:TrackPointExtension></extensions></trkpt>
      <trkpt lat="40.745939" lon="-73.958354"><ele>5.2</ele><time>2026-08-07T00:00:33.000Z</time><extensions><gpxtpx:TrackPointExtension><gpxtpx:hr>153</gpxtpx:hr></gpxtpx:TrackPointExtension></extensions></trkpt>
      <trkpt lat="40.745927" lon="-73.958329"><ele>5.2</ele><time>2026-08-07T00:00:34.000Z</time><extensions><gpxtpx:TrackPointExtension><gpxtpx:hr>153</gpxtpx:hr></gpxtpx:TrackPointExtension></extensions></trkpt>
      <trkpt lat="40.745911" lon="-73.958307"><ele>5</ele><time>2026-08-07T00:00:35.000Z</time><extensions><gpxtpx:TrackPointExtension><gpxtpx:hr>153</gpxtpx:hr></gpxtpx:TrackPointExtension></extensions></trkpt>
      <trkpt lat="40.745889" lon="-73.958291"><ele>5</ele><time>2026-08-07T00:00:36.000Z</time><extensions><gpxtpx:TrackPointExtension><gpxtpx:hr>153</gpxtpx:hr></gpxtpx:TrackPointExtension></extensions></trkpt>
      <trkpt lat="40.745861" lon="-73.958283"><ele>5</ele><time>2026-08-07T00:00:37.000Z</time><extensions><gpxtpx:TrackPointExtension><gpxtpx:hr>153</gpxtpx:hr></gpxtpx:TrackPointExtension></extensions></trkpt>
      <trkpt lat="40.745831" lon="-73.958279"><ele>5</ele><time>2026-08-07T00:00:38.000Z</time><extensions><gpxtpx:TrackPointExtension><gpxtpx:hr>153</gpxtpx:hr></gpxtpx:TrackPointExtension></extensions></trkpt>
      <trkpt lat="40.745802" lon="-73.958278"><ele>5</ele><time>2026-08-07T00:00:39.000Z</time><extensions><gpxtpx:TrackPointExtension><gpxtpx:hr>153</gpxtpx:hr></gpxtpx:TrackPointExtension></extensions></trkpt>
      <trkpt lat="40.745774" lon="-73.958277"><ele>5</ele><time>2026-08-07T00:00:40.000Z</time><extensions><gpxtpx:TrackPointExtension><gpxtpx:hr>153</gpxtpx:hr></gpxtpx:TrackPointExtension></extensions></trkpt>
      <trkpt lat="40.745748" lon="-73.958275"><ele>5</ele><time>2026-08-07T00:00:41.000Z</time><extensions><gpxtpx:TrackPointExtension><gpxtpx:hr>153</gpxtpx:hr></gpxtpx:TrackPointExtension></extensions></trkpt>
      <trkpt lat="40.745724" lon="-73.958272"><ele>5</ele><time>2026-08-07T00:00:42.000Z</time><extensions><gpxtpx:TrackPointExtension><gpxtpx:hr>152</gpxtpx:hr></gpxtpx:TrackPointExtension></extensions></trkpt>
      <trkpt lat="40.745699" lon="-73.958269"><ele>5</ele><time>2026-08-07T00:00:43.000Z</time><extensions><gpxtpx:TrackPointExtension><gpxtpx:hr>152</gpxtpx:hr></gpxtpx:TrackPointExtension></extensions></trkpt>
      <trkpt lat="40.745672" lon="-73.958266"><ele>5</ele><time>2026-08-07T00:00:44.000Z</time><extensions><gpxtpx:TrackPointExtension><gpxtpx:hr>152</gpxtpx:hr></gpxtpx:TrackPointExtension></extensions></trkpt>
      <trkpt lat="40.745644" lon="-73.958262"><ele>5</ele><time>2026-08-07T00:00:45.000Z</time><extensions><gpxtpx:TrackPointExtension><gpxtpx:hr>152</gpxtpx:hr></gpxtpx:TrackPointExtension></extensions></trkpt>
      <trkpt lat="40.745616" lon="-73.958256"><ele>5</ele><time>2026-08-07T00:00:46.000Z</time><extensions><gpxtpx:TrackPointExtension><gpxtpx:hr>152</gpxtpx:hr></gpxtpx:TrackPointExtension></extensions></trkpt>
      <trkpt lat="40.745588" lon="-73.95825"><ele>5</ele><time>2026-08-07T00:00:47.000Z</time><extensions><gpxtpx:TrackPointExtension><gpxtpx:hr>152</gpxtpx:hr></gpxtpx:TrackPointExtension></extensions></trkpt>
      <trkpt lat="40.745559" lon="-73.958244"><ele>5</ele><time>2026-08-07T00:00:48.000Z</time><extensions><gpxtpx:TrackPointExtension><gpxtpx:hr>151</gpxtpx:hr></gpxtpx:TrackPointExtension></extensions></trkpt>
      <trkpt lat="40.745531" lon="-73.958238"><ele>5.2</ele><time>2026-08-07T00:00:49.000Z</time><extensions><gpxtpx:TrackPointExtension><gpxtpx:hr>151</gpxtpx:hr></gpxtpx:TrackPointExtension></extensions></trkpt>
      <trkpt lat="40.745503" lon="-73.958234"><ele>5.2</ele><time>2026-08-07T00:00:50.000Z</time><extensions><gpxtpx:TrackPointExtension><gpxtpx:hr>151</gpxtpx:hr></gpxtpx:TrackPointExtension></extensions></trkpt>
      <trkpt lat="40.745476" lon="-73.95823"><ele>5.2</ele><time>2026-08-07T00:00:51.000Z</time><extensions><gpxtpx:TrackPointExtension><gpxtpx:hr>151</gpxtpx:hr></gpxtpx:TrackPointExtension></extensions></trkpt>
      <trkpt lat="40.745449" lon="-73.958226"><ele>5.2</ele><time>2026-08-07T00:00:52.000Z</time><extensions><gpxtpx:TrackPointExtension><gpxtpx:hr>151</gpxtpx:hr></gpxtpx:TrackPointExtension></extensions></trkpt>
      <trkpt lat="40.745422" lon="-73.958222"><ele>5.2</ele><time>2026-08-07T00:00:53.000Z</time><extensions><gpxtpx:TrackPointExtension><gpxtpx:hr>151</gpxtpx:hr></gpxtpx:TrackPointExtension></extensions></trkpt>
      <trkpt lat="40.745394" lon="-73.958221"><ele>5.2</ele><time>2026-08-07T00:00:54.000Z</time><extensions><gpxtpx:TrackPointExtension><gpxtpx:hr>151</gpxtpx:hr></gpxtpx:TrackPointExtension></extensions></trkpt>
      <trkpt lat="40.745365" lon="-73.958219"><ele>5.2</ele><time>2026-08-07T00:00:55.000Z</time><extensions><gpxtpx:TrackPointExtension><gpxtpx:hr>151</gpxtpx:hr></gpxtpx:TrackPointExtension></extensions></trkpt>
      <trkpt lat="40.745335" lon="-73.958217"><ele>5.2</ele><time>2026-08-07T00:00:56.000Z</time><extensions><gpxtpx:TrackPointExtension><gpxtpx:hr>151</gpxtpx:hr></gpxtpx:TrackPointExtension></extensions></trkpt>
      <trkpt lat="40.745304" lon="-73.958213"><ele>5.2</ele><time>2026-08-07T00:00:57.000Z</time><extensions><gpxtpx:TrackPointExtension><gpxtpx:hr>151</gpxtpx:hr></gpxtpx:TrackPointExtension></extensions></trkpt>
      <trkpt lat="40.745273" lon="-73.958209"><ele>5.2</ele><time>2026-08-07T00:00:58.000Z</time><extensions><gpxtpx:TrackPointExtension><gpxtpx:hr>151</gpxtpx:hr></gpxtpx:TrackPointExtension></extensions></trkpt>
      <trkpt lat="40.745243" lon="-73.958206"><ele>5.2</ele><time>2026-08-07T00:00:59.000Z</time><extensions><gpxtpx:TrackPointExtension><gpxtpx:hr>151</gpxtpx:hr></gpxtpx:TrackPointExtension></extensions></trkpt>
      <trkpt lat="40.745215" lon="-73.958203"><ele>5.2</ele><time>2026-08-07T00:01:00.000Z</time><extensions><gpxtpx:TrackPointExtension><gpxtpx:hr>151</gpxtpx:hr></gpxtpx:TrackPointExtension></extensions></trkpt>
      <trkpt lat="40.74519" lon="-73.958202"><ele>5.2</ele><time>2026-08-07T00:01:01.000Z</time><extensions><gpxtpx:TrackPointExtension><gpxtpx:hr>151</gpxtpx:hr></gpxtpx:TrackPointExtension></extensions></trkpt>
      <trkpt lat="40.745165" lon="-73.958203"><ele>5</ele><time>2026-08-07T00:01:02.000Z</time><extensions><gpxtpx:TrackPointExtension><gpxtpx:hr>151</gpxtpx:hr></gpxtpx:TrackPointExtension></extensions></trkpt>
      <trkpt lat="40.74514" lon="-73.958205"><ele>5</ele><time>2026-08-07T00:01:03.000Z</time><extensions><gpxtpx:TrackPointExtension><gpxtpx:hr>151</gpxtpx:hr></gpxtpx:TrackPointExtension></extensions></trkpt>
      <trkpt lat="40.745114" lon="-73.958209"><ele>5</ele><time>2026-08-07T00:01:04.000Z</time><extensions><gpxtpx:TrackPointExtension><gpxtpx:hr>151</gpxtpx:hr></gpxtpx:TrackPointExtension></extensions></trkpt>
      <trkpt lat="40.745087" lon="-73.958216"><ele>5</ele><time>2026-08-07T00:01:05.000Z</time><extensions><gpxtpx:TrackPointExtension><gpxtpx:hr>151</gpxtpx:hr></gpxtpx:TrackPointExtension></extensions></trkpt>
      <trkpt lat="40.745059" lon="-73.958225"><ele>5</ele><time>2026-08-07T00:01:06.000Z</time><extensions><gpxtpx:TrackPointExtension><gpxtpx:hr>151</gpxtpx:hr></gpxtpx:TrackPointExtension></extensions></trkpt>
      <trkpt lat="40.745031" lon="-73.958235"><ele>4.8</ele><time>2026-08-07T00:01:07.000Z</time><extensions><gpxtpx:TrackPointExtension><gpxtpx:hr>151</gpxtpx:hr></gpxtpx:TrackPointExtension></extensions></trkpt>
      <trkpt lat="40.745004" lon="-73.958243"><ele>4.8</ele><time>2026-08-07T00:01:08.000Z</time><extensions><gpxtpx:TrackPointExtension><gpxtpx:hr>151</gpxtpx:hr></gpxtpx:TrackPointExtension></extensions></trkpt>
      <trkpt lat="40.744978" lon="-73.958251"><ele>4.8</ele><time>2026-08-07T00:01:09.000Z</time><extensions><gpxtpx:TrackPointExtension><gpxtpx:hr>151</gpxtpx:hr></gpxtpx:TrackPointExtension></extensions></trkpt>
      <trkpt lat="40.744952" lon="-73.958257"><ele>4.8</ele><time>2026-08-07T00:01:10.000Z</time><extensions><gpxtpx:TrackPointExtension><gpxtpx:hr>151</gpxtpx:hr></gpxtpx:TrackPointExtension></extensions></trkpt>
      <trkpt lat="40.744927" lon="-73.95826"><ele>4.8</ele><time>2026-08-07T00:01:11.000Z</time><extensions><gpxtpx:TrackPointExtension><gpxtpx:hr>151</gpxtpx:hr></gpxtpx:TrackPointExtension></extensions></trkpt>
      <trkpt lat="40.744901" lon="-73.958261"><ele>4.8</ele><time>2026-08-07T00:01:12.000Z</time><extensions><gpxtpx:TrackPointExtension><gpxtpx:hr>151</gpxtpx:hr></gpxtpx:TrackPointExtension></extensions></trkpt>
      <trkpt lat="40.744877" lon="-73.958261"><ele>4.8</ele><time>2026-08-07T00:01:13.000Z</time><extensions><gpxtpx:TrackPointExtension><gpxtpx:hr>151</gpxtpx:hr></gpxtpx:TrackPointExtension></extensions></trkpt>
      <trkpt lat="40.744853" lon="-73.958259"><ele>4.8</ele><time>2026-08-07T00:01:14.000Z</time><extensions><gpxtpx:TrackPointExtension><gpxtpx:hr>151</gpxtpx:hr></gpxtpx:TrackPointExtension></extensions></trkpt>
      <trkpt lat="40.744831" lon="-73.958257"><ele>4.8</ele><time>2026-08-07T00:01:15.000Z</time><extensions><gpxtpx:TrackPointExtension><gpxtpx:hr>150</gpxtpx:hr></gpxtpx:TrackPointExtension></extensions></trkpt>
      <trkpt lat="40.744809" lon="-73.958254"><ele>4.8</ele><time>2026-08-07T00:01:16.000Z</time><extensions><gpxtpx:TrackPointExtension><gpxtpx:hr>150</gpxtpx:hr></gpxtpx:TrackPointExtension></extensions></trkpt>
      <trkpt lat="40.744788" lon="-73.958251"><ele>4.8</ele><time>2026-08-07T00:01:17.000Z</time><extensions><gpxtpx:TrackPointExtension><gpxtpx:hr>149</gpxtpx:hr></gpxtpx:TrackPointExtension></extensions></trkpt>
      <trkpt lat="40.744768" lon="-73.958248"><ele>5</ele><time>2026-08-07T00:01:18.000Z</time><extensions><gpxtpx:TrackPointExtension><gpxtpx:hr>149</gpxtpx:hr></gpxtpx:TrackPointExtension></extensions></trkpt>
      <trkpt lat="40.744748" lon="-73.958244"><ele>5</ele><time>2026-08-07T00:01:19.000Z</time><extensions><gpxtpx:TrackPointExtension><gpxtpx:hr>149</gpxtpx:hr></gpxtpx:TrackPointExtension></extensions></trkpt>
      <trkpt lat="40.744728" lon="-73.958242"><ele>5</ele><time>2026-08-07T00:01:20.000Z</time><extensions><gpxtpx:TrackPointExtension><gpxtpx:hr>149</gpxtpx:hr></gpxtpx:TrackPointExtension></extensions></trkpt>
      <trkpt lat="40.744708" lon="-73.958242"><ele>5.2</ele><time>2026-08-07T00:01:21.000Z</time><extensions><gpxtpx:TrackPointExtension><gpxtpx:hr>149</gpxtpx:hr></gpxtpx:TrackPointExtension></extensions></trkpt>
      <trkpt lat="40.744687" lon="-73.958245"><ele>5.2</ele><time>2026-08-07T00:01:22.000Z</time><extensions><gpxtpx:TrackPointExtension><gpxtpx:hr>149</gpxtpx:hr></gpxtpx:TrackPointExtension></extensions></trkpt>
      <trkpt lat="40.744668" lon="-73.958254"><ele>5.2</ele><time>2026-08-07T00:01:23.000Z</time><extensions><gpxtpx:TrackPointExtension><gpxtpx:hr>149</gpxtpx:hr></gpxtpx:TrackPointExtension></extensions></trkpt>
      <trkpt lat="40.74465" lon="-73.958267"><ele>5.4</ele><time>2026-08-07T00:01:24.000Z</time><extensions><gpxtpx:TrackPointExtension><gpxtpx:hr>149</gpxtpx:hr></gpxtpx:TrackPointExtension></extensions></trkpt>
      <trkpt lat="40.744634" lon="-73.958282"><ele>5.4</ele><time>2026-08-07T00:01:25.000Z</time><extensions><gpxtpx:TrackPointExtension><gpxtpx:hr>149</gpxtpx:hr></gpxtpx:TrackPointExtension></extensions></trkpt>
      <trkpt lat="40.744619" lon="-73.958298"><ele>5.4</ele><time>2026-08-07T00:01:26.000Z</time><extensions><gpxtpx:TrackPointExtension><gpxtpx:hr>149</gpxtpx:hr></gpxtpx:TrackPointExtension></extensions></trkpt>
      <trkpt lat="40.744604" lon="-73.958313"><ele>5.6</ele><time>2026-08-07T00:01:27.000Z</time><extensions><gpxtpx:TrackPointExtension><gpxtpx:hr>149</gpxtpx:hr></gpxtpx:TrackPointExtension></extensions></trkpt>
      <trkpt lat="40.744587" lon="-73.95833"><ele>5.6</ele><time>2026-08-07T00:01:28.000Z</time><extensions><gpxtpx:TrackPointExtension><gpxtpx:hr>149</gpxtpx:hr></gpxtpx:TrackPointExtension></extensions></trkpt>
      <trkpt lat="40.74457" lon="-73.958349"><ele>5.6</ele><time>2026-08-07T00:01:29.000Z</time><extensions><gpxtpx:TrackPointExtension><gpxtpx:hr>149</gpxtpx:hr></gpxtpx:TrackPointExtension></extensions></trkpt>
      <trkpt lat="40.744552" lon="-73.95837"><ele>5.6</ele><time>2026-08-07T00:01:30.000Z</time><extensions><gpxtpx:TrackPointExtension><gpxtpx:hr>149</gpxtpx:hr></gpxtpx:TrackPointExtension></extensions></trkpt>
      <trkpt lat="40.744533" lon="-73.958391"><ele>5.6</ele><time>2026-08-07T00:01:31.000Z</time><extensions><gpxtpx:TrackPointExtension><gpxtpx:hr>149</gpxtpx:hr></gpxtpx:TrackPointExtension></extensions></trkpt>
      <trkpt lat="40.744513" lon="-73.958413"><ele>5.6</ele><time>2026-08-07T00:01:32.000Z</time><extensions><gpxtpx:TrackPointExtension><gpxtpx:hr>149</gpxtpx:hr></gpxtpx:TrackPointExtension></extensions></trkpt>
      <trkpt lat="40.744492" lon="-73.958436"><ele>5.6</ele><time>2026-08-07T00:01:33.000Z</time><extensions><gpxtpx:TrackPointExtension><gpxtpx:hr>149</gpxtpx:hr></gpxtpx:TrackPointExtension></extensions></trkpt>
      <trkpt lat="40.744473" lon="-73.958459"><ele>5.6</ele><time>2026-08-07T00:01:34.000Z</time><extensions><gpxtpx:TrackPointExtension><gpxtpx:hr>149</gpxtpx:hr></gpxtpx:TrackPointExtension></extensions></trkpt>
      <trkpt lat="40.744456" lon="-73.958482"><ele>5.6</ele><time>2026-08-07T00:01:35.000Z</time><extensions><gpxtpx:TrackPointExtension><gpxtpx:hr>149</gpxtpx:hr></gpxtpx:TrackPointExtension></extensions></trkpt>
      <trkpt lat="40.74444" lon="-73.958507"><ele>5.6</ele><time>2026-08-07T00:01:36.000Z</time><extensions><gpxtpx:TrackPointExtension><gpxtpx:hr>149</gpxtpx:hr></gpxtpx:TrackPointExtension></extensions></trkpt>
      <trkpt lat="40.744425" lon="-73.958531"><ele>5.6</ele><time>2026-08-07T00:01:37.000Z</time><extensions><gpxtpx:TrackPointExtension><gpxtpx:hr>149</gpxtpx:hr></gpxtpx:TrackPointExtension></extensions></trkpt>
      <trkpt lat="40.74441" lon="-73.958557"><ele>5.6</ele><time>2026-08-07T00:01:38.000Z</time><extensions><gpxtpx:TrackPointExtension><gpxtpx:hr>149</gpxtpx:hr></gpxtpx:TrackPointExtension></extensions></trkpt>
      <trkpt lat="40.744395" lon="-73.958582"><ele>5.6</ele><time>2026-08-07T00:01:39.000Z</time><extensions><gpxtpx:TrackPointExtension><gpxtpx:hr>149</gpxtpx:hr></gpxtpx:TrackPointExtension></extensions></trkpt>
      <trkpt lat="40.744379" lon="-73.958608"><ele>5.6</ele><time>2026-08-07T00:01:40.000Z</time><extensions><gpxtpx:TrackPointExtension><gpxtpx:hr>149</gpxtpx:hr></gpxtpx:TrackPointExtension></extensions></trkpt>
      <trkpt lat="40.744362" lon="-73.958635"><ele>5.6</ele><time>2026-08-07T00:01:41.000Z</time><extensions><gpxtpx:TrackPointExtension><gpxtpx:hr>149</gpxtpx:hr></gpxtpx:TrackPointExtension></extensions></trkpt>
      <trkpt lat="40.744344" lon="-73.958661"><ele>5.6</ele><time>2026-08-07T00:01:42.000Z</time><extensions><gpxtpx:TrackPointExtension><gpxtpx:hr>149</gpxtpx:hr></gpxtpx:TrackPointExtension></extensions></trkpt>
      <trkpt lat="40.744324" lon="-73.958688"><ele>5.6</ele><time>2026-08-07T00:01:43.000Z</time><extensions><gpxtpx:TrackPointExtension><gpxtpx:hr>148</gpxtpx:hr></gpxtpx:TrackPointExtension></extensions></trkpt>
      <trkpt lat="40.744305" lon="-73.958714"><ele>5.6</ele><time>2026-08-07T00:01:44.000Z</time><extensions><gpxtpx:TrackPointExtension><gpxtpx:hr>148</gpxtpx:hr></gpxtpx:TrackPointExtension></extensions></trkpt>
      <trkpt lat="40.744286" lon="-73.958738"><ele>5.6</ele><time>2026-08-07T00:01:45.000Z</time><extensions><gpxtpx:TrackPointExtension><gpxtpx:hr>148</gpxtpx:hr></gpxtpx:TrackPointExtension></extensions></trkpt>
      <trkpt lat="40.744267" lon="-73.958761"><ele>5.6</ele><time>2026-08-07T00:01:46.000Z</time><extensions><gpxtpx:TrackPointExtension><gpxtpx:hr>148</gpxtpx:hr></gpxtpx:TrackPointExtension></extensions></trkpt>
      <trkpt lat="40.744248" lon="-73.958784"><ele>5.6</ele><time>2026-08-07T00:01:47.000Z</time><extensions><gpxtpx:TrackPointExtension><gpxtpx:hr>148</gpxtpx:hr></gpxtpx:TrackPointExtension></extensions></trkpt>
      <trkpt lat="40.744228" lon="-73.958807"><ele>5.6</ele><time>2026-08-07T00:01:48.000Z</time><extensions><gpxtpx:TrackPointExtension><gpxtpx:hr>148</gpxtpx:hr></gpxtpx:TrackPointExtension></extensions></trkpt>
      <trkpt lat="40.74421" lon="-73.95883"><ele>5.6</ele><time>2026-08-07T00:01:49.000Z</time><extensions><gpxtpx:TrackPointExtension><gpxtpx:hr>148</gpxtpx:hr></gpxtpx:TrackPointExtension></extensions></trkpt>
      <trkpt lat="40.744191" lon="-73.958853"><ele>5.6</ele><time>2026-08-07T00:01:50.000Z</time><extensions><gpxtpx:TrackPointExtension><gpxtpx:hr>146</gpxtpx:hr></gpxtpx:TrackPointExtension></extensions></trkpt>
      <trkpt lat="40.744173" lon="-73.958876"><ele>5.6</ele><time>2026-08-07T00:01:51.000Z</time><extensions><gpxtpx:TrackPointExtension><gpxtpx:hr>146</gpxtpx:hr></gpxtpx:TrackPointExtension></extensions></trkpt>
      <trkpt lat="40.744154" lon="-73.958901"><ele>5.6</ele><time>2026-08-07T00:01:52.000Z</time><extensions><gpxtpx:TrackPointExtension><gpxtpx:hr>146</gpxtpx:hr></gpxtpx:TrackPointExtension></extensions></trkpt>
      <trkpt lat="40.744134" lon="-73.958927"><ele>5.8</ele><time>2026-08-07T00:01:53.000Z</time><extensions><gpxtpx:TrackPointExtension><gpxtpx:hr>146</gpxtpx:hr></gpxtpx:TrackPointExtension></extensions></trkpt>
      <trkpt lat="40.744115" lon="-73.958953"><ele>5.8</ele><time>2026-08-07T00:01:54.000Z</time><extensions><gpxtpx:TrackPointExtension><gpxtpx:hr>146</gpxtpx:hr></gpxtpx:TrackPointExtension></extensions></trkpt>
      <trkpt lat="40.744097" lon="-73.958977"><ele>5.8</ele><time>2026-08-07T00:01:55.000Z</time><extensions><gpxtpx:TrackPointExtension><gpxtpx:hr>147</gpxtpx:hr></gpxtpx:TrackPointExtension></extensions></trkpt>
      <trkpt lat="40.744079" lon="-73.959"><ele>5.8</ele><time>2026-08-07T00:01:56.000Z</time><extensions><gpxtpx:TrackPointExtension><gpxtpx:hr>147</gpxtpx:hr></gpxtpx:TrackPointExtension></extensions></trkpt>
      <trkpt lat="40.744063" lon="-73.959023"><ele>5.8</ele><time>2026-08-07T00:01:57.000Z</time><extensions><gpxtpx:TrackPointExtension><gpxtpx:hr>147</gpxtpx:hr></gpxtpx:TrackPointExtension></extensions></trkpt>
      <trkpt lat="40.744046" lon="-73.959046"><ele>5.8</ele><time>2026-08-07T00:01:58.000Z</time><extensions><gpxtpx:TrackPointExtension><gpxtpx:hr>147</gpxtpx:hr></gpxtpx:TrackPointExtension></extensions></trkpt>
      <trkpt lat="40.744029" lon="-73.959069"><ele>6</ele><time>2026-08-07T00:01:59.000Z</time><extensions><gpxtpx:TrackPointExtension><gpxtpx:hr>147</gpxtpx:hr></gpxtpx:TrackPointExtension></extensions></trkpt>
      <trkpt lat="40.744013" lon="-73.959093"><ele>6</ele><time>2026-08-07T00:02:00.000Z</time><extensions><gpxtpx:TrackPointExtension><gpxtpx:hr>147</gpxtpx:hr></gpxtpx:TrackPointExtension></extensions></trkpt>
      <trkpt lat="40.743997" lon="-73.959116"><ele>6</ele><time>2026-08-07T00:02:01.000Z</time><extensions><gpxtpx:TrackPointExtension><gpxtpx:hr>147</gpxtpx:hr></gpxtpx:TrackPointExtension></extensions></trkpt>
      <trkpt lat="40.743981" lon="-73.959138"><ele>6</ele><time>2026-08-07T00:02:02.000Z</time><extensions><gpxtpx:TrackPointExtension><gpxtpx:hr>147</gpxtpx:hr></gpxtpx:TrackPointExtension></extensions></trkpt>
      <trkpt lat="40.743965" lon="-73.959159"><ele>6</ele><time>2026-08-07T00:02:03.000Z</time><extensions><gpxtpx:TrackPointExtension><gpxtpx:hr>147</gpxtpx:hr></gpxtpx:TrackPointExtension></extensions></trkpt>
      <trkpt lat="40.743949" lon="-73.959181"><ele>6</ele><time>2026-08-07T00:02:04.000Z</time><extensions><gpxtpx:TrackPointExtension><gpxtpx:hr>147</gpxtpx:hr></gpxtpx:TrackPointExtension></extensions></trkpt>
      <trkpt lat="40.743934" lon="-73.959203"><ele>6</ele><time>2026-08-07T00:02:05.000Z</time><extensions><gpxtpx:TrackPointExtension><gpxtpx:hr>147</gpxtpx:hr></gpxtpx:TrackPointExtension></extensions></trkpt>
      <trkpt lat="40.743919" lon="-73.959224"><ele>6</ele><time>2026-08-07T00:02:06.000Z</time><extensions><gpxtpx:TrackPointExtension><gpxtpx:hr>147</gpxtpx:hr></gpxtpx:TrackPointExtension></extensions></trkpt>
      <trkpt lat="40.743905" lon="-73.959244"><ele>6.2</ele><time>2026-08-07T00:02:07.000Z</time><extensions><gpxtpx:TrackPointExtension><gpxtpx:hr>147</gpxtpx:hr></gpxtpx:TrackPointExtension></extensions></trkpt>
      <trkpt lat="40.743891" lon="-73.959263"><ele>6.2</ele><time>2026-08-07T00:02:08.000Z</time><extensions><gpxtpx:TrackPointExtension><gpxtpx:hr>147</gpxtpx:hr></gpxtpx:TrackPointExtension></extensions></trkpt>
      <trkpt lat="40.743875" lon="-73.959283"><ele>6.2</ele><time>2026-08-07T00:02:09.000Z</time><extensions><gpxtpx:TrackPointExtension><gpxtpx:hr>147</gpxtpx:hr></gpxtpx:TrackPointExtension></extensions></trkpt>
      <trkpt lat="40.743859" lon="-73.959305"><ele>6.2</ele><time>2026-08-07T00:02:10.000Z</time><extensions><gpxtpx:TrackPointExtension><gpxtpx:hr>147</gpxtpx:hr></gpxtpx:TrackPointExtension></extensions></trkpt>
      <trkpt lat="40.743842" lon="-73.959326"><ele>6.4</ele><time>2026-08-07T00:02:11.000Z</time><extensions><gpxtpx:TrackPointExtension><gpxtpx:hr>147</gpxtpx:hr></gpxtpx:TrackPointExtension></extensions></trkpt>
      <trkpt lat="40.743824" lon="-73.959344"><ele>6.4</ele><time>2026-08-07T00:02:12.000Z</time><extensions><gpxtpx:TrackPointExtension><gpxtpx:hr>147</gpxtpx:hr></gpxtpx:TrackPointExtension></extensions></trkpt>
      <trkpt lat="40.743806" lon="-73.95936"><ele>6.4</ele><time>2026-08-07T00:02:13.000Z</time><extensions><gpxtpx:TrackPointExtension><gpxtpx:hr>147</gpxtpx:hr></gpxtpx:TrackPointExtension></extensions></trkpt>
      <trkpt lat="40.743787" lon="-73.959375"><ele>6.4</ele><time>2026-08-07T00:02:14.000Z</time><extensions><gpxtpx:TrackPointExtension><gpxtpx:hr>146</gpxtpx:hr></gpxtpx:TrackPointExtension></extensions></trkpt>
      <trkpt lat="40.743767" lon="-73.959391"><ele>6.4</ele><time>2026-08-07T00:02:15.000Z</time><extensions><gpxtpx:TrackPointExtension><gpxtpx:hr>146</gpxtpx:hr></gpxtpx:TrackPointExtension></extensions></trkpt>
      <trkpt lat="40.743747" lon="-73.959408"><ele>6.4</ele><time>2026-08-07T00:02:16.000Z</time><extensions><gpxtpx:TrackPointExtension><gpxtpx:hr>146</gpxtpx:hr></gpxtpx:TrackPointExtension></extensions></trkpt>
      <trkpt lat="40.743726" lon="-73.959425"><ele>6.4</ele><time>2026-08-07T00:02:17.000Z</time><extensions><gpxtpx:TrackPointExtension><gpxtpx:hr>146</gpxtpx:hr></gpxtpx:TrackPointExtension></extensions></trkpt>
      <trkpt lat="40.743704" lon="-73.959441"><ele>6.4</ele><time>2026-08-07T00:02:18.000Z</time><extensions><gpxtpx:TrackPointExtension><gpxtpx:hr>144</gpxtpx:hr></gpxtpx:TrackPointExtension></extensions></trkpt>
      <trkpt lat="40.743681" lon="-73.959453"><ele>6.4</ele><time>2026-08-07T00:02:19.000Z</time><extensions><gpxtpx:TrackPointExtension><gpxtpx:hr>144</gpxtpx:hr></gpxtpx:TrackPointExtension></extensions></trkpt>
      <trkpt lat="40.743657" lon="-73.959464"><ele>6.4</ele><time>2026-08-07T00:02:20.000Z</time><extensions><gpxtpx:TrackPointExtension><gpxtpx:hr>144</gpxtpx:hr></gpxtpx:TrackPointExtension></extensions></trkpt>
      <trkpt lat="40.743632" lon="-73.959475"><ele>6.4</ele><time>2026-08-07T00:02:21.000Z</time><extensions><gpxtpx:TrackPointExtension><gpxtpx:hr>144</gpxtpx:hr></gpxtpx:TrackPointExtension></extensions></trkpt>
      <trkpt lat="40.743607" lon="-73.959486"><ele>6.2</ele><time>2026-08-07T00:02:22.000Z</time><extensions><gpxtpx:TrackPointExtension><gpxtpx:hr>144</gpxtpx:hr></gpxtpx:TrackPointExtension></extensions></trkpt>
      <trkpt lat="40.743581" lon="-73.959496"><ele>6.2</ele><time>2026-08-07T00:02:23.000Z</time><extensions><gpxtpx:TrackPointExtension><gpxtpx:hr>144</gpxtpx:hr></gpxtpx:TrackPointExtension></extensions></trkpt>
      <trkpt lat="40.743554" lon="-73.959504"><ele>6.2</ele><time>2026-08-07T00:02:24.000Z</time><extensions><gpxtpx:TrackPointExtension><gpxtpx:hr>144</gpxtpx:hr></gpxtpx:TrackPointExtension></extensions></trkpt>
      <trkpt lat="40.743525" lon="-73.959513"><ele>6.2</ele><time>2026-08-07T00:02:25.000Z</time><extensions><gpxtpx:TrackPointExtension><gpxtpx:hr>141</gpxtpx:hr></gpxtpx:TrackPointExtension></extensions></trkpt>
      <trkpt lat="40.743496" lon="-73.95952"><ele>6.2</ele><time>2026-08-07T00:02:26.000Z</time><extensions><gpxtpx:TrackPointExtension><gpxtpx:hr>142</gpxtpx:hr></gpxtpx:TrackPointExtension></extensions></trkpt>
      <trkpt lat="40.743467" lon="-73.959527"><ele>6.2</ele><time>2026-08-07T00:02:27.000Z</time><extensions><gpxtpx:TrackPointExtension><gpxtpx:hr>142</gpxtpx:hr></gpxtpx:TrackPointExtension></extensions></trkpt>
      <trkpt lat="40.743438" lon="-73.959534"><ele>6.2</ele><time>2026-08-07T00:02:28.000Z</time><extensions><gpxtpx:TrackPointExtension><gpxtpx:hr>142</gpxtpx:hr></gpxtpx:TrackPointExtension></extensions></trkpt>
      <trkpt lat="40.74341" lon="-73.95954"><ele>6.2</ele><time>2026-08-07T00:02:29.000Z</time><extensions><gpxtpx:TrackPointExtension><gpxtpx:hr>142</gpxtpx:hr></gpxtpx:TrackPointExtension></extensions></trkpt>
      <trkpt lat="40.743383" lon="-73.959544"><ele>6.2</ele><time>2026-08-07T00:02:30.000Z</time><extensions><gpxtpx:TrackPointExtension><gpxtpx:hr>142</gpxtpx:hr></gpxtpx:TrackPointExtension></extensions></trkpt>
      <trkpt lat="40.743354" lon="-73.959548"><ele>6.2</ele><time>2026-08-07T00:02:31.000Z</time><extensions><gpxtpx:TrackPointExtension><gpxtpx:hr>142</gpxtpx:hr></gpxtpx:TrackPointExtension></extensions></trkpt>
      <trkpt lat="40.743324" lon="-73.959553"><ele>6.2</ele><time>2026-08-07T00:02:32.000Z</time><extensions><gpxtpx:TrackPointExtension><gpxtpx:hr>142</gpxtpx:hr></gpxtpx:TrackPointExtension></extensions></trkpt>
      <trkpt lat="40.743293" lon="-73.959558"><ele>6.2</ele><time>2026-08-07T00:02:33.000Z</time><extensions><gpxtpx:TrackPointExtension><gpxtpx:hr>142</gpxtpx:hr></gpxtpx:TrackPointExtension></extensions></trkpt>
      <trkpt lat="40.743262" lon="-73.959564"><ele>6.2</ele><time>2026-08-07T00:02:34.000Z</time><extensions><gpxtpx:TrackPointExtension><gpxtpx:hr>142</gpxtpx:hr></gpxtpx:TrackPointExtension></extensions></trkpt>
      <trkpt lat="40.74323" lon="-73.95957"><ele>6.2</ele><time>2026-08-07T00:02:35.000Z</time><extensions><gpxtpx:TrackPointExtension><gpxtpx:hr>147</gpxtpx:hr></gpxtpx:TrackPointExtension></extensions></trkpt>
      <trkpt lat="40.7432" lon="-73.959577"><ele>6.2</ele><time>2026-08-07T00:02:36.000Z</time><extensions><gpxtpx:TrackPointExtension><gpxtpx:hr>147</gpxtpx:hr></gpxtpx:TrackPointExtension></extensions></trkpt>
      <trkpt lat="40.743173" lon="-73.959581"><ele>6.2</ele><time>2026-08-07T00:02:37.000Z</time><extensions><gpxtpx:TrackPointExtension><gpxtpx:hr>148</gpxtpx:hr></gpxtpx:TrackPointExtension></extensions></trkpt>
      <trkpt lat="40.743148" lon="-73.959583"><ele>6.2</ele><time>2026-08-07T00:02:38.000Z</time><extensions><gpxtpx:TrackPointExtension><gpxtpx:hr>148</gpxtpx:hr></gpxtpx:TrackPointExtension></extensions></trkpt>
      <trkpt lat="40.743125" lon="-73.959583"><ele>6.2</ele><time>2026-08-07T00:02:39.000Z</time><extensions><gpxtpx:TrackPointExtension><gpxtpx:hr>148</gpxtpx:hr></gpxtpx:TrackPointExtension></extensions></trkpt>
      <trkpt lat="40.743101" lon="-73.959582"><ele>6.2</ele><time>2026-08-07T00:02:40.000Z</time><extensions><gpxtpx:TrackPointExtension><gpxtpx:hr>148</gpxtpx:hr></gpxtpx:TrackPointExtension></extensions></trkpt>
      <trkpt lat="40.743077" lon="-73.959582"><ele>6.2</ele><time>2026-08-07T00:02:41.000Z</time><extensions><gpxtpx:TrackPointExtension><gpxtpx:hr>148</gpxtpx:hr></gpxtpx:TrackPointExtension></extensions></trkpt>
      <trkpt lat="40.743054" lon="-73.959584"><ele>6.2</ele><time>2026-08-07T00:02:42.000Z</time><extensions><gpxtpx:TrackPointExtension><gpxtpx:hr>148</gpxtpx:hr></gpxtpx:TrackPointExtension></extensions></trkpt>
      <trkpt lat="40.743031" lon="-73.959587"><ele>6.2</ele><time>2026-08-07T00:02:43.000Z</time><extensions><gpxtpx:TrackPointExtension><gpxtpx:hr>148</gpxtpx:hr></gpxtpx:TrackPointExtension></extensions></trkpt>
      <trkpt lat="40.743006" lon="-73.959592"><ele>6.2</ele><time>2026-08-07T00:02:44.000Z</time><extensions><gpxtpx:TrackPointExtension><gpxtpx:hr>150</gpxtpx:hr></gpxtpx:TrackPointExtension></extensions></trkpt>
      <trkpt lat="40.74298" lon="-73.959596"><ele>6.2</ele><time>2026-08-07T00:02:45.000Z</time><extensions><gpxtpx:TrackPointExtension><gpxtpx:hr>150</gpxtpx:hr></gpxtpx:TrackPointExtension></extensions></trkpt>
      <trkpt lat="40.742954" lon="-73.959599"><ele>6.2</ele><time>2026-08-07T00:02:46.000Z</time><extensions><gpxtpx:TrackPointExtension><gpxtpx:hr>150</gpxtpx:hr></gpxtpx:TrackPointExtension></extensions></trkpt>
      <trkpt lat="40.742928" lon="-73.959599"><ele>6.2</ele><time>2026-08-07T00:02:47.000Z</time><extensions><gpxtpx:TrackPointExtension><gpxtpx:hr>150</gpxtpx:hr></gpxtpx:TrackPointExtension></extensions></trkpt>
      <trkpt lat="40.742902" lon="-73.959599"><ele>6.2</ele><time>2026-08-07T00:02:48.000Z</time><extensions><gpxtpx:TrackPointExtension><gpxtpx:hr>150</gpxtpx:hr></gpxtpx:TrackPointExtension></extensions></trkpt>
      <trkpt lat="40.742877" lon="-73.959601"><ele>6.2</ele><time>2026-08-07T00:02:49.000Z</time><extensions><gpxtpx:TrackPointExtension><gpxtpx:hr>150</gpxtpx:hr></gpxtpx:TrackPointExtension></extensions></trkpt>
      <trkpt lat="40.742853" lon="-73.959606"><ele>6.2</ele><time>2026-08-07T00:02:50.000Z</time><extensions><gpxtpx:TrackPointExtension><gpxtpx:hr>150</gpxtpx:hr></gpxtpx:TrackPointExtension></extensions></trkpt>
      <trkpt lat="40.742829" lon="-73.959613"><ele>6.2</ele><time>2026-08-07T00:02:51.000Z</time><extensions><gpxtpx:TrackPointExtension><gpxtpx:hr>150</gpxtpx:hr></gpxtpx:TrackPointExtension></extensions></trkpt>
      <trkpt lat="40.742804" lon="-73.959618"><ele>6.2</ele><time>2026-08-07T00:02:52.000Z</time><extensions><gpxtpx:TrackPointExtension><gpxtpx:hr>150</gpxtpx:hr></gpxtpx:TrackPointExtension></extensions></trkpt>
      <trkpt lat="40.742779" lon="-73.959624"><ele>6.2</ele><time>2026-08-07T00:02:53.000Z</time><extensions><gpxtpx:TrackPointExtension><gpxtpx:hr>150</gpxtpx:hr></gpxtpx:TrackPointExtension></extensions></trkpt>
      <trkpt lat="40.742753" lon="-73.95963"><ele>6.2</ele><time>2026-08-07T00:02:54.000Z</time><extensions><gpxtpx:TrackPointExtension><gpxtpx:hr>150</gpxtpx:hr></gpxtpx:TrackPointExtension></extensions></trkpt>
      <trkpt lat="40.742727" lon="-73.959639"><ele>6.4</ele><time>2026-08-07T00:02:55.000Z</time><extensions><gpxtpx:TrackPointExtension><gpxtpx:hr>150</gpxtpx:hr></gpxtpx:TrackPointExtension></extensions></trkpt>
      <trkpt lat="40.742701" lon="-73.959648"><ele>6.4</ele><time>2026-08-07T00:02:56.000Z</time><extensions><gpxtpx:TrackPointExtension><gpxtpx:hr>150</gpxtpx:hr></gpxtpx:TrackPointExtension></extensions></trkpt>
      <trkpt lat="40.742674" lon="-73.959655"><ele>6.4</ele><time>2026-08-07T00:02:57.000Z</time><extensions><gpxtpx:TrackPointExtension><gpxtpx:hr>150</gpxtpx:hr></gpxtpx:TrackPointExtension></extensions></trkpt>
      <trkpt lat="40.742648" lon="-73.959661"><ele>6.4</ele><time>2026-08-07T00:02:58.000Z</time><extensions><gpxtpx:TrackPointExtension><gpxtpx:hr>150</gpxtpx:hr></gpxtpx:TrackPointExtension></extensions></trkpt>
      <trkpt lat="40.742621" lon="-73.959665"><ele>6.4</ele><time>2026-08-07T00:02:59.000Z</time><extensions><gpxtpx:TrackPointExtension><gpxtpx:hr>150</gpxtpx:hr></gpxtpx:TrackPointExtension></extensions></trkpt>
      <trkpt lat="40.742597" lon="-73.959668"><ele>6.4</ele><time>2026-08-07T00:03:00.000Z</time><extensions><gpxtpx:TrackPointExtension><gpxtpx:hr>150</gpxtpx:hr></gpxtpx:TrackPointExtension></extensions></trkpt>
      <trkpt lat="40.742573" lon="-73.959669"><ele>6.4</ele><time>2026-08-07T00:03:01.000Z</time><extensions><gpxtpx:TrackPointExtension><gpxtpx:hr>150</gpxtpx:hr></gpxtpx:TrackPointExtension></extensions></trkpt>
      <trkpt lat="40.742547" lon="-73.959674"><ele>6.4</ele><time>2026-08-07T00:03:02.000Z</time><extensions><gpxtpx:TrackPointExtension><gpxtpx:hr>151</gpxtpx:hr></gpxtpx:TrackPointExtension></extensions></trkpt>
      <trkpt lat="40.742521" lon="-73.95968"><ele>6.4</ele><time>2026-08-07T00:03:03.000Z</time><extensions><gpxtpx:TrackPointExtension><gpxtpx:hr>151</gpxtpx:hr></gpxtpx:TrackPointExtension></extensions></trkpt>
      <trkpt lat="40.742493" lon="-73.959691"><ele>6.4</ele><time>2026-08-07T00:03:04.000Z</time><extensions><gpxtpx:TrackPointExtension><gpxtpx:hr>151</gpxtpx:hr></gpxtpx:TrackPointExtension></extensions></trkpt>
      <trkpt lat="40.742465" lon="-73.959705"><ele>6.4</ele><time>2026-08-07T00:03:05.000Z</time><extensions><gpxtpx:TrackPointExtension><gpxtpx:hr>151</gpxtpx:hr></gpxtpx:TrackPointExtension></extensions></trkpt>
      <trkpt lat="40.74244" lon="-73.959719"><ele>6.2</ele><time>2026-08-07T00:03:06.000Z</time><extensions><gpxtpx:TrackPointExtension><gpxtpx:hr>151</gpxtpx:hr></gpxtpx:TrackPointExtension></extensions></trkpt>
      <trkpt lat="40.742414" lon="-73.959733"><ele>6.2</ele><time>2026-08-07T00:03:07.000Z</time><extensions><gpxtpx:TrackPointExtension><gpxtpx:hr>151</gpxtpx:hr></gpxtpx:TrackPointExtension></extensions></trkpt>
      <trkpt lat="40.742387" lon="-73.959745"><ele>6.2</ele><time>2026-08-07T00:03:08.000Z</time><extensions><gpxtpx:TrackPointExtension><gpxtpx:hr>151</gpxtpx:hr></gpxtpx:TrackPointExtension></extensions></trkpt>
      <trkpt lat="40.742361" lon="-73.959759"><ele>6.2</ele><time>2026-08-07T00:03:09.000Z</time><extensions><gpxtpx:TrackPointExtension><gpxtpx:hr>151</gpxtpx:hr></gpxtpx:TrackPointExtension></extensions></trkpt>
      <trkpt lat="40.742335" lon="-73.959776"><ele>6.2</ele><time>2026-08-07T00:03:10.000Z</time><extensions><gpxtpx:TrackPointExtension><gpxtpx:hr>151</gpxtpx:hr></gpxtpx:TrackPointExtension></extensions></trkpt>
      <trkpt lat="40.74231" lon="-73.959794"><ele>6</ele><time>2026-08-07T00:03:11.000Z</time><extensions><gpxtpx:TrackPointExtension><gpxtpx:hr>151</gpxtpx:hr></gpxtpx:TrackPointExtension></extensions></trkpt>
      <trkpt lat="40.742286" lon="-73.959813"><ele>6.2</ele><time>2026-08-07T00:03:12.000Z</time><extensions><gpxtpx:TrackPointExtension><gpxtpx:hr>151</gpxtpx:hr></gpxtpx:TrackPointExtension></extensions></trkpt>
      <trkpt lat="40.742263" lon="-73.959833"><ele>6.2</ele><time>2026-08-07T00:03:13.000Z</time><extensions><gpxtpx:TrackPointExtension><gpxtpx:hr>151</gpxtpx:hr></gpxtpx:TrackPointExtension></extensions></trkpt>
      <trkpt lat="40.742242" lon="-73.959853"><ele>6.2</ele><time>2026-08-07T00:03:14.000Z</time><extensions><gpxtpx:TrackPointExtension><gpxtpx:hr>151</gpxtpx:hr></gpxtpx:TrackPointExtension></extensions></trkpt>
      <trkpt lat="40.742221" lon="-73.959872"><ele>6.2</ele><time>2026-08-07T00:03:15.000Z</time><extensions><gpxtpx:TrackPointExtension><gpxtpx:hr>151</gpxtpx:hr></gpxtpx:TrackPointExtension></extensions></trkpt>
      <trkpt lat="40.742201" lon="-73.959889"><ele>6.2</ele><time>2026-08-07T00:03:16.000Z</time><extensions><gpxtpx:TrackPointExtension><gpxtpx:hr>151</gpxtpx:hr></gpxtpx:TrackPointExtension></extensions></trkpt>
      <trkpt lat="40.742182" lon="-73.959905"><ele>6.4</ele><time>2026-08-07T00:03:17.000Z</time><extensions><gpxtpx:TrackPointExtension><gpxtpx:hr>151</gpxtpx:hr></gpxtpx:TrackPointExtension></extensions></trkpt>
      <trkpt lat="40.742164" lon="-73.959919"><ele>6.4</ele><time>2026-08-07T00:03:18.000Z</time><extensions><gpxtpx:TrackPointExtension><gpxtpx:hr>151</gpxtpx:hr></gpxtpx:TrackPointExtension></extensions></trkpt>
      <trkpt lat="40.742147" lon="-73.959931"><ele>6.4</ele><time>2026-08-07T00:03:19.000Z</time><extensions><gpxtpx:TrackPointExtension><gpxtpx:hr>151</gpxtpx:hr></gpxtpx:TrackPointExtension></extensions></trkpt>
      <trkpt lat="40.742128" lon="-73.959941"><ele>6.4</ele><time>2026-08-07T00:03:20.000Z</time><extensions><gpxtpx:TrackPointExtension><gpxtpx:hr>150</gpxtpx:hr></gpxtpx:TrackPointExtension></extensions></trkpt>
      <trkpt lat="40.742107" lon="-73.959949"><ele>6.4</ele><time>2026-08-07T00:03:21.000Z</time><extensions><gpxtpx:TrackPointExtension><gpxtpx:hr>149</gpxtpx:hr></gpxtpx:TrackPointExtension></extensions></trkpt>
      <trkpt lat="40.742084" lon="-73.959955"><ele>6.4</ele><time>2026-08-07T00:03:22.000Z</time><extensions><gpxtpx:TrackPointExtension><gpxtpx:hr>149</gpxtpx:hr></gpxtpx:TrackPointExtension></extensions></trkpt>
      <trkpt lat="40.742061" lon="-73.959961"><ele>6.4</ele><time>2026-08-07T00:03:23.000Z</time><extensions><gpxtpx:TrackPointExtension><gpxtpx:hr>149</gpxtpx:hr></gpxtpx:TrackPointExtension></extensions></trkpt>
      <trkpt lat="40.742039" lon="-73.959966"><ele>6.4</ele><time>2026-08-07T00:03:24.000Z</time><extensions><gpxtpx:TrackPointExtension><gpxtpx:hr>149</gpxtpx:hr></gpxtpx:TrackPointExtension></extensions></trkpt>
      <trkpt lat="40.742017" lon="-73.959971"><ele>6.4</ele><time>2026-08-07T00:03:25.000Z</time><extensions><gpxtpx:TrackPointExtension><gpxtpx:hr>149</gpxtpx:hr></gpxtpx:TrackPointExtension></extensions></trkpt>
      <trkpt lat="40.741995" lon="-73.959976"><ele>6.4</ele><time>2026-08-07T00:03:26.000Z</time><extensions><gpxtpx:TrackPointExtension><gpxtpx:hr>148</gpxtpx:hr></gpxtpx:TrackPointExtension></extensions></trkpt>
      <trkpt lat="40.741973" lon="-73.959982"><ele>6.4</ele><time>2026-08-07T00:03:27.000Z</time><extensions><gpxtpx:TrackPointExtension><gpxtpx:hr>148</gpxtpx:hr></gpxtpx:TrackPointExtension></extensions></trkpt>
      <trkpt lat="40.741951" lon="-73.959988"><ele>6.4</ele><time>2026-08-07T00:03:28.000Z</time><extensions><gpxtpx:TrackPointExtension><gpxtpx:hr>148</gpxtpx:hr></gpxtpx:TrackPointExtension></extensions></trkpt>
      <trkpt lat="40.741929" lon="-73.959994"><ele>6.4</ele><time>2026-08-07T00:03:29.000Z</time><extensions><gpxtpx:TrackPointExtension><gpxtpx:hr>148</gpxtpx:hr></gpxtpx:TrackPointExtension></extensions></trkpt>
      <trkpt lat="40.741907" lon="-73.959999"><ele>6.4</ele><time>2026-08-07T00:03:30.000Z</time><extensions><gpxtpx:TrackPointExtension><gpxtpx:hr>148</gpxtpx:hr></gpxtpx:TrackPointExtension></extensions></trkpt>
      <trkpt lat="40.741885" lon="-73.960005"><ele>6.4</ele><time>2026-08-07T00:03:31.000Z</time><extensions><gpxtpx:TrackPointExtension><gpxtpx:hr>148</gpxtpx:hr></gpxtpx:TrackPointExtension></extensions></trkpt>
      <trkpt lat="40.741864" lon="-73.96001"><ele>6.4</ele><time>2026-08-07T00:03:32.000Z</time><extensions><gpxtpx:TrackPointExtension><gpxtpx:hr>148</gpxtpx:hr></gpxtpx:TrackPointExtension></extensions></trkpt>
      <trkpt lat="40.741842" lon="-73.960016"><ele>6.4</ele><time>2026-08-07T00:03:33.000Z</time><extensions><gpxtpx:TrackPointExtension><gpxtpx:hr>146</gpxtpx:hr></gpxtpx:TrackPointExtension></extensions></trkpt>
      <trkpt lat="40.741819" lon="-73.960021"><ele>6.4</ele><time>2026-08-07T00:03:34.000Z</time><extensions><gpxtpx:TrackPointExtension><gpxtpx:hr>146</gpxtpx:hr></gpxtpx:TrackPointExtension></extensions></trkpt>
      <trkpt lat="40.741797" lon="-73.960027"><ele>6.4</ele><time>2026-08-07T00:03:35.000Z</time><extensions><gpxtpx:TrackPointExtension><gpxtpx:hr>146</gpxtpx:hr></gpxtpx:TrackPointExtension></extensions></trkpt>
      <trkpt lat="40.741775" lon="-73.960033"><ele>6.4</ele><time>2026-08-07T00:03:36.000Z</time><extensions><gpxtpx:TrackPointExtension><gpxtpx:hr>146</gpxtpx:hr></gpxtpx:TrackPointExtension></extensions></trkpt>
      <trkpt lat="40.741754" lon="-73.96004"><ele>6.4</ele><time>2026-08-07T00:03:37.000Z</time><extensions><gpxtpx:TrackPointExtension><gpxtpx:hr>145</gpxtpx:hr></gpxtpx:TrackPointExtension></extensions></trkpt>
      <trkpt lat="40.74171" lon="-73.960052"><ele>6.4</ele><time>2026-08-07T00:03:38.000Z</time><extensions><gpxtpx:TrackPointExtension><gpxtpx:hr>145</gpxtpx:hr></gpxtpx:TrackPointExtension></extensions></trkpt>
      <trkpt lat="40.741687" lon="-73.960058"><ele>6.4</ele><time>2026-08-07T00:03:39.000Z</time><extensions><gpxtpx:TrackPointExtension><gpxtpx:hr>145</gpxtpx:hr></gpxtpx:TrackPointExtension></extensions></trkpt>
      <trkpt lat="40.741665" lon="-73.960062"><ele>6.4</ele><time>2026-08-07T00:03:40.000Z</time><extensions><gpxtpx:TrackPointExtension><gpxtpx:hr>145</gpxtpx:hr></gpxtpx:TrackPointExtension></extensions></trkpt>
      <trkpt lat="40.741645" lon="-73.960066"><ele>6.4</ele><time>2026-08-07T00:03:41.000Z</time><extensions><gpxtpx:TrackPointExtension><gpxtpx:hr>145</gpxtpx:hr></gpxtpx:TrackPointExtension></extensions></trkpt>
      <trkpt lat="40.741626" lon="-73.960069"><ele>6.4</ele><time>2026-08-07T00:03:42.000Z</time><extensions><gpxtpx:TrackPointExtension><gpxtpx:hr>142</gpxtpx:hr></gpxtpx:TrackPointExtension></extensions></trkpt>
      <trkpt lat="40.741607" lon="-73.960074"><ele>6.4</ele><time>2026-08-07T00:03:43.000Z</time><extensions><gpxtpx:TrackPointExtension><gpxtpx:hr>142</gpxtpx:hr></gpxtpx:TrackPointExtension></extensions></trkpt>
      <trkpt lat="40.741587" lon="-73.960081"><ele>6.4</ele><time>2026-08-07T00:03:44.000Z</time><extensions><gpxtpx:TrackPointExtension><gpxtpx:hr>142</gpxtpx:hr></gpxtpx:TrackPointExtension></extensions></trkpt>
      <trkpt lat="40.741566" lon="-73.960089"><ele>6.4</ele><time>2026-08-07T00:03:45.000Z</time><extensions><gpxtpx:TrackPointExtension><gpxtpx:hr>142</gpxtpx:hr></gpxtpx:TrackPointExtension></extensions></trkpt>
      <trkpt lat="40.741545" lon="-73.960098"><ele>6.4</ele><time>2026-08-07T00:03:46.000Z</time><extensions><gpxtpx:TrackPointExtension><gpxtpx:hr>142</gpxtpx:hr></gpxtpx:TrackPointExtension></extensions></trkpt>
      <trkpt lat="40.741524" lon="-73.960109"><ele>6.4</ele><time>2026-08-07T00:03:47.000Z</time><extensions><gpxtpx:TrackPointExtension><gpxtpx:hr>142</gpxtpx:hr></gpxtpx:TrackPointExtension></extensions></trkpt>
      <trkpt lat="40.741504" lon="-73.960122"><ele>6.4</ele><time>2026-08-07T00:03:48.000Z</time><extensions><gpxtpx:TrackPointExtension><gpxtpx:hr>142</gpxtpx:hr></gpxtpx:TrackPointExtension></extensions></trkpt>
      <trkpt lat="40.741485" lon="-73.960137"><ele>6.4</ele><time>2026-08-07T00:03:49.000Z</time><extensions><gpxtpx:TrackPointExtension><gpxtpx:hr>142</gpxtpx:hr></gpxtpx:TrackPointExtension></extensions></trkpt>
      <trkpt lat="40.741468" lon="-73.960152"><ele>6.4</ele><time>2026-08-07T00:03:50.000Z</time><extensions><gpxtpx:TrackPointExtension><gpxtpx:hr>140</gpxtpx:hr></gpxtpx:TrackPointExtension></extensions></trkpt>
      <trkpt lat="40.741452" lon="-73.960169"><ele>6.2</ele><time>2026-08-07T00:03:51.000Z</time><extensions><gpxtpx:TrackPointExtension><gpxtpx:hr>140</gpxtpx:hr></gpxtpx:TrackPointExtension></extensions></trkpt>
      <trkpt lat="40.741438" lon="-73.960186"><ele>6.2</ele><time>2026-08-07T00:03:52.000Z</time><extensions><gpxtpx:TrackPointExtension><gpxtpx:hr>140</gpxtpx:hr></gpxtpx:TrackPointExtension></extensions></trkpt>
      <trkpt lat="40.741423" lon="-73.960206"><ele>6.2</ele><time>2026-08-07T00:03:53.000Z</time><extensions><gpxtpx:TrackPointExtension><gpxtpx:hr>140</gpxtpx:hr></gpxtpx:TrackPointExtension></extensions></trkpt>
      <trkpt lat="40.741409" lon="-73.960226"><ele>6.2</ele><time>2026-08-07T00:03:54.000Z</time><extensions><gpxtpx:TrackPointExtension><gpxtpx:hr>140</gpxtpx:hr></gpxtpx:TrackPointExtension></extensions></trkpt>
      <trkpt lat="40.741394" lon="-73.960246"><ele>6.2</ele><time>2026-08-07T00:03:55.000Z</time><extensions><gpxtpx:TrackPointExtension><gpxtpx:hr>140</gpxtpx:hr></gpxtpx:TrackPointExtension></extensions></trkpt>
      <trkpt lat="40.741379" lon="-73.960265"><ele>6.2</ele><time>2026-08-07T00:03:56.000Z</time><extensions><gpxtpx:TrackPointExtension><gpxtpx:hr>141</gpxtpx:hr></gpxtpx:TrackPointExtension></extensions></trkpt>
      <trkpt lat="40.741366" lon="-73.960283"><ele>6.2</ele><time>2026-08-07T00:03:57.000Z</time><extensions><gpxtpx:TrackPointExtension><gpxtpx:hr>141</gpxtpx:hr></gpxtpx:TrackPointExtension></extensions></trkpt>
      <trkpt lat="40.741353" lon="-73.960302"><ele>6.2</ele><time>2026-08-07T00:03:58.000Z</time><extensions><gpxtpx:TrackPointExtension><gpxtpx:hr>141</gpxtpx:hr></gpxtpx:TrackPointExtension></extensions></trkpt>
      <trkpt lat="40.741339" lon="-73.960321"><ele>6.2</ele><time>2026-08-07T00:03:59.000Z</time><extensions><gpxtpx:TrackPointExtension><gpxtpx:hr>141</gpxtpx:hr></gpxtpx:TrackPointExtension></extensions></trkpt>
      <trkpt lat="40.741325" lon="-73.960342"><ele>6.2</ele><time>2026-08-07T00:04:00.000Z</time><extensions><gpxtpx:TrackPointExtension><gpxtpx:hr>141</gpxtpx:hr></gpxtpx:TrackPointExtension></extensions></trkpt>
      <trkpt lat="40.741311" lon="-73.960364"><ele>6.2</ele><time>2026-08-07T00:04:01.000Z</time><extensions><gpxtpx:TrackPointExtension><gpxtpx:hr>141</gpxtpx:hr></gpxtpx:TrackPointExtension></extensions></trkpt>
      <trkpt lat="40.741298" lon="-73.960385"><ele>6.2</ele><time>2026-08-07T00:04:02.000Z</time><extensions><gpxtpx:TrackPointExtension><gpxtpx:hr>141</gpxtpx:hr></gpxtpx:TrackPointExtension></extensions></trkpt>
      <trkpt lat="40.741285" lon="-73.960406"><ele>6.2</ele><time>2026-08-07T00:04:03.000Z</time><extensions><gpxtpx:TrackPointExtension><gpxtpx:hr>141</gpxtpx:hr></gpxtpx:TrackPointExtension></extensions></trkpt>
      <trkpt lat="40.741272" lon="-73.960426"><ele>6.2</ele><time>2026-08-07T00:04:04.000Z</time><extensions><gpxtpx:TrackPointExtension><gpxtpx:hr>141</gpxtpx:hr></gpxtpx:TrackPointExtension></extensions></trkpt>
      <trkpt lat="40.741259" lon="-73.960445"><ele>6.2</ele><time>2026-08-07T00:04:05.000Z</time><extensions><gpxtpx:TrackPointExtension><gpxtpx:hr>141</gpxtpx:hr></gpxtpx:TrackPointExtension></extensions></trkpt>
      <trkpt lat="40.741246" lon="-73.960463"><ele>6.2</ele><time>2026-08-07T00:04:06.000Z</time><extensions><gpxtpx:TrackPointExtension><gpxtpx:hr>141</gpxtpx:hr></gpxtpx:TrackPointExtension></extensions></trkpt>
      <trkpt lat="40.741232" lon="-73.960481"><ele>6.2</ele><time>2026-08-07T00:04:07.000Z</time><extensions><gpxtpx:TrackPointExtension><gpxtpx:hr>141</gpxtpx:hr></gpxtpx:TrackPointExtension></extensions></trkpt>
      <trkpt lat="40.741219" lon="-73.960499"><ele>6.2</ele><time>2026-08-07T00:04:08.000Z</time><extensions><gpxtpx:TrackPointExtension><gpxtpx:hr>140</gpxtpx:hr></gpxtpx:TrackPointExtension></extensions></trkpt>
      <trkpt lat="40.741205" lon="-73.960516"><ele>6.2</ele><time>2026-08-07T00:04:09.000Z</time><extensions><gpxtpx:TrackPointExtension><gpxtpx:hr>140</gpxtpx:hr></gpxtpx:TrackPointExtension></extensions></trkpt>
      <trkpt lat="40.74119" lon="-73.960534"><ele>6.2</ele><time>2026-08-07T00:04:10.000Z</time><extensions><gpxtpx:TrackPointExtension><gpxtpx:hr>140</gpxtpx:hr></gpxtpx:TrackPointExtension></extensions></trkpt>
      <trkpt lat="40.741175" lon="-73.960552"><ele>6.2</ele><time>2026-08-07T00:04:11.000Z</time><extensions><gpxtpx:TrackPointExtension><gpxtpx:hr>140</gpxtpx:hr></gpxtpx:TrackPointExtension></extensions></trkpt>
      <trkpt lat="40.741159" lon="-73.96057"><ele>6.2</ele><time>2026-08-07T00:04:12.000Z</time><extensions><gpxtpx:TrackPointExtension><gpxtpx:hr>140</gpxtpx:hr></gpxtpx:TrackPointExtension></extensions></trkpt>
      <trkpt lat="40.741142" lon="-73.960587"><ele>6.2</ele><time>2026-08-07T00:04:13.000Z</time><extensions><gpxtpx:TrackPointExtension><gpxtpx:hr>140</gpxtpx:hr></gpxtpx:TrackPointExtension></extensions></trkpt>
      <trkpt lat="40.741124" lon="-73.960601"><ele>6.2</ele><time>2026-08-07T00:04:14.000Z</time><extensions><gpxtpx:TrackPointExtension><gpxtpx:hr>140</gpxtpx:hr></gpxtpx:TrackPointExtension></extensions></trkpt>
      <trkpt lat="40.741106" lon="-73.960611"><ele>6.2</ele><time>2026-08-07T00:04:15.000Z</time><extensions><gpxtpx:TrackPointExtension><gpxtpx:hr>140</gpxtpx:hr></gpxtpx:TrackPointExtension></extensions></trkpt>
      <trkpt lat="40.741089" lon="-73.960616"><ele>6.2</ele><time>2026-08-07T00:04:16.000Z</time><extensions><gpxtpx:TrackPointExtension><gpxtpx:hr>140</gpxtpx:hr></gpxtpx:TrackPointExtension></extensions></trkpt>
      <trkpt lat="40.741072" lon="-73.960618"><ele>6.2</ele><time>2026-08-07T00:04:17.000Z</time><extensions><gpxtpx:TrackPointExtension><gpxtpx:hr>140</gpxtpx:hr></gpxtpx:TrackPointExtension></extensions></trkpt>
      <trkpt lat="40.741056" lon="-73.960618"><ele>6.2</ele><time>2026-08-07T00:04:18.000Z</time><extensions><gpxtpx:TrackPointExtension><gpxtpx:hr>140</gpxtpx:hr></gpxtpx:TrackPointExtension></extensions></trkpt>
      <trkpt lat="40.741041" lon="-73.960621"><ele>6.2</ele><time>2026-08-07T00:04:19.000Z</time><extensions><gpxtpx:TrackPointExtension><gpxtpx:hr>140</gpxtpx:hr></gpxtpx:TrackPointExtension></extensions></trkpt>
      <trkpt lat="40.741025" lon="-73.960626"><ele>6.2</ele><time>2026-08-07T00:04:20.000Z</time><extensions><gpxtpx:TrackPointExtension><gpxtpx:hr>140</gpxtpx:hr></gpxtpx:TrackPointExtension></extensions></trkpt>
      <trkpt lat="40.741008" lon="-73.960634"><ele>6.2</ele><time>2026-08-07T00:04:21.000Z</time><extensions><gpxtpx:TrackPointExtension><gpxtpx:hr>140</gpxtpx:hr></gpxtpx:TrackPointExtension></extensions></trkpt>
      <trkpt lat="40.74099" lon="-73.960645"><ele>6.2</ele><time>2026-08-07T00:04:22.000Z</time><extensions><gpxtpx:TrackPointExtension><gpxtpx:hr>140</gpxtpx:hr></gpxtpx:TrackPointExtension></extensions></trkpt>
      <trkpt lat="40.740972" lon="-73.960659"><ele>6.2</ele><time>2026-08-07T00:04:23.000Z</time><extensions><gpxtpx:TrackPointExtension><gpxtpx:hr>139</gpxtpx:hr></gpxtpx:TrackPointExtension></extensions></trkpt>
      <trkpt lat="40.740955" lon="-73.960675"><ele>6.2</ele><time>2026-08-07T00:04:24.000Z</time><extensions><gpxtpx:TrackPointExtension><gpxtpx:hr>139</gpxtpx:hr></gpxtpx:TrackPointExtension></extensions></trkpt>
      <trkpt lat="40.740938" lon="-73.960692"><ele>6.2</ele><time>2026-08-07T00:04:25.000Z</time><extensions><gpxtpx:TrackPointExtension><gpxtpx:hr>139</gpxtpx:hr></gpxtpx:TrackPointExtension></extensions></trkpt>
      <trkpt lat="40.740922" lon="-73.96071"><ele>6.2</ele><time>2026-08-07T00:04:26.000Z</time><extensions><gpxtpx:TrackPointExtension><gpxtpx:hr>139</gpxtpx:hr></gpxtpx:TrackPointExtension></extensions></trkpt>
      <trkpt lat="40.740906" lon="-73.960727"><ele>6.2</ele><time>2026-08-07T00:04:27.000Z</time><extensions><gpxtpx:TrackPointExtension><gpxtpx:hr>137</gpxtpx:hr></gpxtpx:TrackPointExtension></extensions></trkpt>
      <trkpt lat="40.740891" lon="-73.960744"><ele>6.2</ele><time>2026-08-07T00:04:28.000Z</time><extensions><gpxtpx:TrackPointExtension><gpxtpx:hr>137</gpxtpx:hr></gpxtpx:TrackPointExtension></extensions></trkpt>
      <trkpt lat="40.740876" lon="-73.960759"><ele>6.2</ele><time>2026-08-07T00:04:29.000Z</time><extensions><gpxtpx:TrackPointExtension><gpxtpx:hr>137</gpxtpx:hr></gpxtpx:TrackPointExtension></extensions></trkpt>
      <trkpt lat="40.740861" lon="-73.960773"><ele>6.2</ele><time>2026-08-07T00:04:30.000Z</time><extensions><gpxtpx:TrackPointExtension><gpxtpx:hr>137</gpxtpx:hr></gpxtpx:TrackPointExtension></extensions></trkpt>
      <trkpt lat="40.740847" lon="-73.960785"><ele>6.2</ele><time>2026-08-07T00:04:31.000Z</time><extensions><gpxtpx:TrackPointExtension><gpxtpx:hr>137</gpxtpx:hr></gpxtpx:TrackPointExtension></extensions></trkpt>
      <trkpt lat="40.740833" lon="-73.960796"><ele>6.2</ele><time>2026-08-07T00:04:32.000Z</time><extensions><gpxtpx:TrackPointExtension><gpxtpx:hr>137</gpxtpx:hr></gpxtpx:TrackPointExtension></extensions></trkpt>
      <trkpt lat="40.740817" lon="-73.960806"><ele>6.2</ele><time>2026-08-07T00:04:33.000Z</time><extensions><gpxtpx:TrackPointExtension><gpxtpx:hr>137</gpxtpx:hr></gpxtpx:TrackPointExtension></extensions></trkpt>
      <trkpt lat="40.740802" lon="-73.960816"><ele>6.2</ele><time>2026-08-07T00:04:34.000Z</time><extensions><gpxtpx:TrackPointExtension><gpxtpx:hr>137</gpxtpx:hr></gpxtpx:TrackPointExtension></extensions></trkpt>
      <trkpt lat="40.740785" lon="-73.960827"><ele>6.2</ele><time>2026-08-07T00:04:35.000Z</time><extensions><gpxtpx:TrackPointExtension><gpxtpx:hr>137</gpxtpx:hr></gpxtpx:TrackPointExtension></extensions></trkpt>
      <trkpt lat="40.740767" lon="-73.960838"><ele>6.2</ele><time>2026-08-07T00:04:36.000Z</time><extensions><gpxtpx:TrackPointExtension><gpxtpx:hr>137</gpxtpx:hr></gpxtpx:TrackPointExtension></extensions></trkpt>
      <trkpt lat="40.740747" lon="-73.960848"><ele>6.4</ele><time>2026-08-07T00:04:37.000Z</time><extensions><gpxtpx:TrackPointExtension><gpxtpx:hr>137</gpxtpx:hr></gpxtpx:TrackPointExtension></extensions></trkpt>
      <trkpt lat="40.740726" lon="-73.960856"><ele>6.4</ele><time>2026-08-07T00:04:38.000Z</time><extensions><gpxtpx:TrackPointExtension><gpxtpx:hr>137</gpxtpx:hr></gpxtpx:TrackPointExtension></extensions></trkpt>
      <trkpt lat="40.740705" lon="-73.960864"><ele>6.4</ele><time>2026-08-07T00:04:39.000Z</time><extensions><gpxtpx:TrackPointExtension><gpxtpx:hr>137</gpxtpx:hr></gpxtpx:TrackPointExtension></extensions></trkpt>
      <trkpt lat="40.740685" lon="-73.96087"><ele>6.4</ele><time>2026-08-07T00:04:40.000Z</time><extensions><gpxtpx:TrackPointExtension><gpxtpx:hr>137</gpxtpx:hr></gpxtpx:TrackPointExtension></extensions></trkpt>
      <trkpt lat="40.740664" lon="-73.960876"><ele>6.4</ele><time>2026-08-07T00:04:41.000Z</time><extensions><gpxtpx:TrackPointExtension><gpxtpx:hr>137</gpxtpx:hr></gpxtpx:TrackPointExtension></extensions></trkpt>
      <trkpt lat="40.740642" lon="-73.960882"><ele>6.6</ele><time>2026-08-07T00:04:42.000Z</time><extensions><gpxtpx:TrackPointExtension><gpxtpx:hr>138</gpxtpx:hr></gpxtpx:TrackPointExtension></extensions></trkpt>
      <trkpt lat="40.740621" lon="-73.960887"><ele>6.4</ele><time>2026-08-07T00:04:43.000Z</time><extensions><gpxtpx:TrackPointExtension><gpxtpx:hr>138</gpxtpx:hr></gpxtpx:TrackPointExtension></extensions></trkpt>
      <trkpt lat="40.740599" lon="-73.960892"><ele>6.4</ele><time>2026-08-07T00:04:44.000Z</time><extensions><gpxtpx:TrackPointExtension><gpxtpx:hr>138</gpxtpx:hr></gpxtpx:TrackPointExtension></extensions></trkpt>
      <trkpt lat="40.740578" lon="-73.960897"><ele>6.4</ele><time>2026-08-07T00:04:45.000Z</time><extensions><gpxtpx:TrackPointExtension><gpxtpx:hr>138</gpxtpx:hr></gpxtpx:TrackPointExtension></extensions></trkpt>
      <trkpt lat="40.740558" lon="-73.960902"><ele>6.2</ele><time>2026-08-07T00:04:46.000Z</time><extensions><gpxtpx:TrackPointExtension><gpxtpx:hr>138</gpxtpx:hr></gpxtpx:TrackPointExtension></extensions></trkpt>
      <trkpt lat="40.740538" lon="-73.960907"><ele>6.2</ele><time>2026-08-07T00:04:47.000Z</time><extensions><gpxtpx:TrackPointExtension><gpxtpx:hr>138</gpxtpx:hr></gpxtpx:TrackPointExtension></extensions></trkpt>
      <trkpt lat="40.740519" lon="-73.960911"><ele>6</ele><time>2026-08-07T00:04:48.000Z</time><extensions><gpxtpx:TrackPointExtension><gpxtpx:hr>138</gpxtpx:hr></gpxtpx:TrackPointExtension></extensions></trkpt>
      <trkpt lat="40.7405" lon="-73.960915"><ele>5.8</ele><time>2026-08-07T00:04:49.000Z</time><extensions><gpxtpx:TrackPointExtension><gpxtpx:hr>138</gpxtpx:hr></gpxtpx:TrackPointExtension></extensions></trkpt>
      <trkpt lat="40.740482" lon="-73.960921"><ele>5.8</ele><time>2026-08-07T00:04:50.000Z</time><extensions><gpxtpx:TrackPointExtension><gpxtpx:hr>137</gpxtpx:hr></gpxtpx:TrackPointExtension></extensions></trkpt>
      <trkpt lat="40.740463" lon="-73.960927"><ele>5.8</ele><time>2026-08-07T00:04:51.000Z</time><extensions><gpxtpx:TrackPointExtension><gpxtpx:hr>137</gpxtpx:hr></gpxtpx:TrackPointExtension></extensions></trkpt>
      <trkpt lat="40.740444" lon="-73.960932"><ele>5.6</ele><time>2026-08-07T00:04:52.000Z</time><extensions><gpxtpx:TrackPointExtension><gpxtpx:hr>136</gpxtpx:hr></gpxtpx:TrackPointExtension></extensions></trkpt>
      <trkpt lat="40.740424" lon="-73.960939"><ele>5.6</ele><time>2026-08-07T00:04:53.000Z</time><extensions><gpxtpx:TrackPointExtension><gpxtpx:hr>136</gpxtpx:hr></gpxtpx:TrackPointExtension></extensions></trkpt>
      <trkpt lat="40.740404" lon="-73.960945"><ele>5.6</ele><time>2026-08-07T00:04:54.000Z</time><extensions><gpxtpx:TrackPointExtension><gpxtpx:hr>136</gpxtpx:hr></gpxtpx:TrackPointExtension></extensions></trkpt>
      <trkpt lat="40.740383" lon="-73.960952"><ele>5.6</ele><time>2026-08-07T00:04:55.000Z</time><extensions><gpxtpx:TrackPointExtension><gpxtpx:hr>136</gpxtpx:hr></gpxtpx:TrackPointExtension></extensions></trkpt>
      <trkpt lat="40.740362" lon="-73.960959"><ele>5.6</ele><time>2026-08-07T00:04:56.000Z</time><extensions><gpxtpx:TrackPointExtension><gpxtpx:hr>136</gpxtpx:hr></gpxtpx:TrackPointExtension></extensions></trkpt>
      <trkpt lat="40.740342" lon="-73.960967"><ele>5.6</ele><time>2026-08-07T00:04:57.000Z</time><extensions><gpxtpx:TrackPointExtension><gpxtpx:hr>136</gpxtpx:hr></gpxtpx:TrackPointExtension></extensions></trkpt>
      <trkpt lat="40.740323" lon="-73.960973"><ele>5.6</ele><time>2026-08-07T00:04:58.000Z</time><extensions><gpxtpx:TrackPointExtension><gpxtpx:hr>136</gpxtpx:hr></gpxtpx:TrackPointExtension></extensions></trkpt>
      <trkpt lat="40.740304" lon="-73.96098"><ele>5.6</ele><time>2026-08-07T00:04:59.000Z</time><extensions><gpxtpx:TrackPointExtension><gpxtpx:hr>136</gpxtpx:hr></gpxtpx:TrackPointExtension></extensions></trkpt>
      <trkpt lat="40.740285" lon="-73.960988"><ele>5.6</ele><time>2026-08-07T00:05:00.000Z</time><extensions><gpxtpx:TrackPointExtension><gpxtpx:hr>136</gpxtpx:hr></gpxtpx:TrackPointExtension></extensions></trkpt>
      <trkpt lat="40.740265" lon="-73.960997"><ele>5.6</ele><time>2026-08-07T00:05:01.000Z</time><extensions><gpxtpx:TrackPointExtension><gpxtpx:hr>136</gpxtpx:hr></gpxtpx:TrackPointExtension></extensions></trkpt>
      <trkpt lat="40.740246" lon="-73.961008"><ele>5.6</ele><time>2026-08-07T00:05:02.000Z</time><extensions><gpxtpx:TrackPointExtension><gpxtpx:hr>136</gpxtpx:hr></gpxtpx:TrackPointExtension></extensions></trkpt>
      <trkpt lat="40.740227" lon="-73.961019"><ele>5.8</ele><time>2026-08-07T00:05:03.000Z</time><extensions><gpxtpx:TrackPointExtension><gpxtpx:hr>136</gpxtpx:hr></gpxtpx:TrackPointExtension></extensions></trkpt>
      <trkpt lat="40.740208" lon="-73.96103"><ele>5.8</ele><time>2026-08-07T00:05:04.000Z</time><extensions><gpxtpx:TrackPointExtension><gpxtpx:hr>136</gpxtpx:hr></gpxtpx:TrackPointExtension></extensions></trkpt>
      <trkpt lat="40.740188" lon="-73.961041"><ele>5.8</ele><time>2026-08-07T00:05:05.000Z</time><extensions><gpxtpx:TrackPointExtension><gpxtpx:hr>135</gpxtpx:hr></gpxtpx:TrackPointExtension></extensions></trkpt>
      <trkpt lat="40.740168" lon="-73.961051"><ele>5.8</ele><time>2026-08-07T00:05:06.000Z</time><extensions><gpxtpx:TrackPointExtension><gpxtpx:hr>135</gpxtpx:hr></gpxtpx:TrackPointExtension></extensions></trkpt>
      <trkpt lat="40.740149" lon="-73.96106"><ele>5.8</ele><time>2026-08-07T00:05:07.000Z</time><extensions><gpxtpx:TrackPointExtension><gpxtpx:hr>135</gpxtpx:hr></gpxtpx:TrackPointExtension></extensions></trkpt>
      <trkpt lat="40.740131" lon="-73.961069"><ele>5.8</ele><time>2026-08-07T00:05:08.000Z</time><extensions><gpxtpx:TrackPointExtension><gpxtpx:hr>135</gpxtpx:hr></gpxtpx:TrackPointExtension></extensions></trkpt>
      <trkpt lat="40.740114" lon="-73.961079"><ele>5.8</ele><time>2026-08-07T00:05:09.000Z</time><extensions><gpxtpx:TrackPointExtension><gpxtpx:hr>135</gpxtpx:hr></gpxtpx:TrackPointExtension></extensions></trkpt>
      <trkpt lat="40.740096" lon="-73.961089"><ele>6</ele><time>2026-08-07T00:05:10.000Z</time><extensions><gpxtpx:TrackPointExtension><gpxtpx:hr>135</gpxtpx:hr></gpxtpx:TrackPointExtension></extensions></trkpt>
      <trkpt lat="40.740079" lon="-73.961101"><ele>6</ele><time>2026-08-07T00:05:11.000Z</time><extensions><gpxtpx:TrackPointExtension><gpxtpx:hr>135</gpxtpx:hr></gpxtpx:TrackPointExtension></extensions></trkpt>
      <trkpt lat="40.740062" lon="-73.961113"><ele>6</ele><time>2026-08-07T00:05:12.000Z</time><extensions><gpxtpx:TrackPointExtension><gpxtpx:hr>135</gpxtpx:hr></gpxtpx:TrackPointExtension></extensions></trkpt>
      <trkpt lat="40.740044" lon="-73.961126"><ele>5.8</ele><time>2026-08-07T00:05:13.000Z</time><extensions><gpxtpx:TrackPointExtension><gpxtpx:hr>135</gpxtpx:hr></gpxtpx:TrackPointExtension></extensions></trkpt>
      <trkpt lat="40.740027" lon="-73.961139"><ele>5.6</ele><time>2026-08-07T00:05:14.000Z</time><extensions><gpxtpx:TrackPointExtension><gpxtpx:hr>135</gpxtpx:hr></gpxtpx:TrackPointExtension></extensions></trkpt>
      <trkpt lat="40.74001" lon="-73.961152"><ele>5.4</ele><time>2026-08-07T00:05:15.000Z</time><extensions><gpxtpx:TrackPointExtension><gpxtpx:hr>135</gpxtpx:hr></gpxtpx:TrackPointExtension></extensions></trkpt>
      <trkpt lat="40.739994" lon="-73.961164"><ele>5.2</ele><time>2026-08-07T00:05:16.000Z</time><extensions><gpxtpx:TrackPointExtension><gpxtpx:hr>135</gpxtpx:hr></gpxtpx:TrackPointExtension></extensions></trkpt>
      <trkpt lat="40.739978" lon="-73.961177"><ele>4.8</ele><time>2026-08-07T00:05:17.000Z</time><extensions><gpxtpx:TrackPointExtension><gpxtpx:hr>135</gpxtpx:hr></gpxtpx:TrackPointExtension></extensions></trkpt>
      <trkpt lat="40.739962" lon="-73.961189"><ele>4.4</ele><time>2026-08-07T00:05:18.000Z</time><extensions><gpxtpx:TrackPointExtension><gpxtpx:hr>135</gpxtpx:hr></gpxtpx:TrackPointExtension></extensions></trkpt>
      <trkpt lat="40.739947" lon="-73.961201"><ele>4</ele><time>2026-08-07T00:05:19.000Z</time><extensions><gpxtpx:TrackPointExtension><gpxtpx:hr>135</gpxtpx:hr></gpxtpx:TrackPointExtension></extensions></trkpt>
      <trkpt lat="40.739933" lon="-73.961211"><ele>3.6</ele><time>2026-08-07T00:05:20.000Z</time><extensions><gpxtpx:TrackPointExtension><gpxtpx:hr>135</gpxtpx:hr></gpxtpx:TrackPointExtension></extensions></trkpt>
      <trkpt lat="40.739918" lon="-73.961222"><ele>3</ele><time>2026-08-07T00:05:21.000Z</time><extensions><gpxtpx:TrackPointExtension><gpxtpx:hr>135</gpxtpx:hr></gpxtpx:TrackPointExtension></extensions></trkpt>
      <trkpt lat="40.739903" lon="-73.961234"><ele>2.4</ele><time>2026-08-07T00:05:22.000Z</time><extensions><gpxtpx:TrackPointExtension><gpxtpx:hr>136</gpxtpx:hr></gpxtpx:TrackPointExtension></extensions></trkpt>
      <trkpt lat="40.739903" lon="-73.961234"><ele>2.4</ele><time>2026-08-07T00:05:23.000Z</time><extensions><gpxtpx:TrackPointExtension><gpxtpx:hr>136</gpxtpx:hr></gpxtpx:TrackPointExtension></extensions></trkpt>
    </trkseg>
  </trk>
</gpx>
