<?xml version="1.0" encoding="UTF-8"?>
<gpx version="1.1" creator="pull-strava.mjs"
  xmlns="http://www.topografix.com/GPX/1/1"
  xmlns:gpxtpx="http://www.garmin.com/xmlschemas/TrackPointExtension/v1">
  <metadata><name>Lunch Run</name><time>2026-07-30T15:40:12.000Z</time></metadata>
  <trk><name>Lunch Run</name><type>running</type>
    <trkseg>
      <trkpt lat="40.73961" lon="-73.961286"><ele>10.6</ele><time>2026-07-30T15:40:12.000Z</time></trkpt>
      <trkpt lat="40.73961" lon="-73.961286"><ele>10.6</ele><time>2026-07-30T15:40:14.000Z</time></trkpt>
      <trkpt lat="40.739646" lon="-73.961301"><ele>10.6</ele><time>2026-07-30T15:40:17.000Z</time></trkpt>
      <trkpt lat="40.739646" lon="-73.961301"><ele>8.6</ele><time>2026-07-30T15:40:18.000Z</time></trkpt>
      <trkpt lat="40.739662" lon="-73.961307"><ele>8.2</ele><time>2026-07-30T15:40:19.000Z</time></trkpt>
      <trkpt lat="40.739677" lon="-73.961309"><ele>7.8</ele><time>2026-07-30T15:40:20.000Z</time></trkpt>
      <trkpt lat="40.739695" lon="-73.961311"><ele>7.6</ele><time>2026-07-30T15:40:21.000Z</time></trkpt>
      <trkpt lat="40.739718" lon="-73.961312"><ele>7.4</ele><time>2026-07-30T15:40:22.000Z</time></trkpt>
      <trkpt lat="40.739743" lon="-73.961314"><ele>7.4</ele><time>2026-07-30T15:40:23.000Z</time></trkpt>
      <trkpt lat="40.739768" lon="-73.961318"><ele>7.2</ele><time>2026-07-30T15:40:24.000Z</time></trkpt>
      <trkpt lat="40.739792" lon="-73.961324"><ele>7.2</ele><time>2026-07-30T15:40:25.000Z</time></trkpt>
      <trkpt lat="40.739814" lon="-73.961328"><ele>7.2</ele><time>2026-07-30T15:40:26.000Z</time></trkpt>
      <trkpt lat="40.739832" lon="-73.961329"><ele>7.2</ele><time>2026-07-30T15:40:27.000Z</time></trkpt>
      <trkpt lat="40.739843" lon="-73.961327"><ele>7.2</ele><time>2026-07-30T15:40:28.000Z</time></trkpt>
      <trkpt lat="40.739858" lon="-73.961322"><ele>7</ele><time>2026-07-30T15:40:29.000Z</time></trkpt>
      <trkpt lat="40.739877" lon="-73.961313"><ele>7</ele><time>2026-07-30T15:40:30.000Z</time></trkpt>
      <trkpt lat="40.739898" lon="-73.9613"><ele>7</ele><time>2026-07-30T15:40:31.000Z</time></trkpt>
      <trkpt lat="40.739922" lon="-73.961282"><ele>7</ele><time>2026-07-30T15:40:32.000Z</time></trkpt>
      <trkpt lat="40.739947" lon="-73.961261"><ele>7</ele><time>2026-07-30T15:40:33.000Z</time></trkpt>
      <trkpt lat="40.739974" lon="-73.961238"><ele>6.8</ele><time>2026-07-30T15:40:34.000Z</time></trkpt>
      <trkpt lat="40.740004" lon="-73.961213"><ele>6.8</ele><time>2026-07-30T15:40:35.000Z</time></trkpt>
      <trkpt lat="40.740035" lon="-73.961189"><ele>6.8</ele><time>2026-07-30T15:40:36.000Z</time></trkpt>
      <trkpt lat="40.740064" lon="-73.961167"><ele>6.6</ele><time>2026-07-30T15:40:37.000Z</time></trkpt>
      <trkpt lat="40.740092" lon="-73.961147"><ele>6.6</ele><time>2026-07-30T15:40:38.000Z</time></trkpt>
      <trkpt lat="40.74012" lon="-73.961128"><ele>6.6</ele><time>2026-07-30T15:40:39.000Z</time></trkpt>
      <trkpt lat="40.740148" lon="-73.961109"><ele>6.4</ele><time>2026-07-30T15:40:40.000Z</time></trkpt>
      <trkpt lat="40.740176" lon="-73.961092"><ele>6.4</ele><time>2026-07-30T15:40:41.000Z</time></trkpt>
      <trkpt lat="40.740204" lon="-73.961076"><ele>6.4</ele><time>2026-07-30T15:40:42.000Z</time></trkpt>
      <trkpt lat="40.740232" lon="-73.961059"><ele>6.2</ele><time>2026-07-30T15:40:43.000Z</time></trkpt>
      <trkpt lat="40.740261" lon="-73.961044"><ele>6.2</ele><time>2026-07-30T15:40:44.000Z</time></trkpt>
      <trkpt lat="40.740291" lon="-73.96103"><ele>6.2</ele><time>2026-07-30T15:40:45.000Z</time></trkpt>
      <trkpt lat="40.740321" lon="-73.961018"><ele>6</ele><time>2026-07-30T15:40:46.000Z</time></trkpt>
      <trkpt lat="40.740351" lon="-73.961007"><ele>6</ele><time>2026-07-30T15:40:47.000Z</time></trkpt>
      <trkpt lat="40.74038" lon="-73.960998"><ele>6</ele><time>2026-07-30T15:40:48.000Z</time></trkpt>
      <trkpt lat="40.740407" lon="-73.96099"><ele>5.8</ele><time>2026-07-30T15:40:49.000Z</time></trkpt>
      <trkpt lat="40.740435" lon="-73.960983"><ele>5.8</ele><time>2026-07-30T15:40:50.000Z</time></trkpt>
      <trkpt lat="40.740461" lon="-73.960977"><ele>5.8</ele><time>2026-07-30T15:40:51.000Z</time></trkpt>
      <trkpt lat="40.740488" lon="-73.960971"><ele>5.8</ele><time>2026-07-30T15:40:52.000Z</time></trkpt>
      <trkpt lat="40.740516" lon="-73.960967"><ele>5.8</ele><time>2026-07-30T15:40:53.000Z</time></trkpt>
      <trkpt lat="40.740544" lon="-73.960963"><ele>5.8</ele><time>2026-07-30T15:40:54.000Z</time></trkpt>
      <trkpt lat="40.740572" lon="-73.960961"><ele>5.8</ele><time>2026-07-30T15:40:55.000Z</time></trkpt>
      <trkpt lat="40.740599" lon="-73.960961"><ele>5.8</ele><time>2026-07-30T15:40:56.000Z</time></trkpt>
      <trkpt lat="40.740627" lon="-73.960963"><ele>5.8</ele><time>2026-07-30T15:40:57.000Z</time></trkpt>
      <trkpt lat="40.740654" lon="-73.960964"><ele>5.8</ele><time>2026-07-30T15:40:58.000Z</time></trkpt>
      <trkpt lat="40.74068" lon="-73.960965"><ele>5.8</ele><time>2026-07-30T15:40:59.000Z</time></trkpt>
      <trkpt lat="40.740706" lon="-73.960963"><ele>5.8</ele><time>2026-07-30T15:41:00.000Z</time></trkpt>
      <trkpt lat="40.740731" lon="-73.96096"><ele>5.8</ele><time>2026-07-30T15:41:01.000Z</time></trkpt>
      <trkpt lat="40.740757" lon="-73.960957"><ele>5.8</ele><time>2026-07-30T15:41:02.000Z</time></trkpt>
      <trkpt lat="40.740783" lon="-73.960954"><ele>5.8</ele><time>2026-07-30T15:41:03.000Z</time></trkpt>
      <trkpt lat="40.740809" lon="-73.960949"><ele>5.8</ele><time>2026-07-30T15:41:04.000Z</time></trkpt>
      <trkpt lat="40.740861" lon="-73.960932"><ele>5.6</ele><time>2026-07-30T15:41:05.000Z</time></trkpt>
      <trkpt lat="40.740887" lon="-73.960922"><ele>5.6</ele><time>2026-07-30T15:41:06.000Z</time></trkpt>
      <trkpt lat="40.740914" lon="-73.960914"><ele>5.6</ele><time>2026-07-30T15:41:07.000Z</time></trkpt>
      <trkpt lat="40.740942" lon="-73.960908"><ele>5.6</ele><time>2026-07-30T15:41:08.000Z</time></trkpt>
      <trkpt lat="40.740972" lon="-73.960902"><ele>5.4</ele><time>2026-07-30T15:41:09.000Z</time></trkpt>
      <trkpt lat="40.741001" lon="-73.960895"><ele>5.4</ele><time>2026-07-30T15:41:10.000Z</time></trkpt>
      <trkpt lat="40.74103" lon="-73.960887"><ele>5.4</ele><time>2026-07-30T15:41:11.000Z</time></trkpt>
      <trkpt lat="40.74106" lon="-73.960879"><ele>5.4</ele><time>2026-07-30T15:41:12.000Z</time></trkpt>
      <trkpt lat="40.741089" lon="-73.96087"><ele>5.4</ele><time>2026-07-30T15:41:13.000Z</time></trkpt>
      <trkpt lat="40.741118" lon="-73.960862"><ele>5.4</ele><time>2026-07-30T15:41:14.000Z</time></trkpt>
      <trkpt lat="40.741145" lon="-73.960853"><ele>5.4</ele><time>2026-07-30T15:41:15.000Z</time></trkpt>
      <trkpt lat="40.741172" lon="-73.960845"><ele>5.4</ele><time>2026-07-30T15:41:16.000Z</time></trkpt>
      <trkpt lat="40.741199" lon="-73.960836"><ele>5.4</ele><time>2026-07-30T15:41:17.000Z</time></trkpt>
      <trkpt lat="40.741224" lon="-73.960829"><ele>5.4</ele><time>2026-07-30T15:41:18.000Z</time></trkpt>
      <trkpt lat="40.74125" lon="-73.960822"><ele>5.4</ele><time>2026-07-30T15:41:19.000Z</time></trkpt>
      <trkpt lat="40.741274" lon="-73.960814"><ele>5.6</ele><time>2026-07-30T15:41:20.000Z</time></trkpt>
      <trkpt lat="40.741297" lon="-73.960807"><ele>5.6</ele><time>2026-07-30T15:41:21.000Z</time></trkpt>
      <trkpt lat="40.741321" lon="-73.960799"><ele>5.6</ele><time>2026-07-30T15:41:22.000Z</time></trkpt>
      <trkpt lat="40.741346" lon="-73.960792"><ele>5.6</ele><time>2026-07-30T15:41:23.000Z</time></trkpt>
      <trkpt lat="40.741372" lon="-73.960785"><ele>5.6</ele><time>2026-07-30T15:41:24.000Z</time></trkpt>
      <trkpt lat="40.741398" lon="-73.960776"><ele>5.6</ele><time>2026-07-30T15:41:25.000Z</time></trkpt>
      <trkpt lat="40.741425" lon="-73.960765"><ele>5.6</ele><time>2026-07-30T15:41:26.000Z</time></trkpt>
      <trkpt lat="40.741452" lon="-73.960752"><ele>5.6</ele><time>2026-07-30T15:41:27.000Z</time></trkpt>
      <trkpt lat="40.741478" lon="-73.96074"><ele>5.6</ele><time>2026-07-30T15:41:28.000Z</time></trkpt>
      <trkpt lat="40.741504" lon="-73.960727"><ele>5.6</ele><time>2026-07-30T15:41:29.000Z</time></trkpt>
      <trkpt lat="40.741529" lon="-73.960715"><ele>5.6</ele><time>2026-07-30T15:41:30.000Z</time></trkpt>
      <trkpt lat="40.741553" lon="-73.960703"><ele>5.6</ele><time>2026-07-30T15:41:31.000Z</time></trkpt>
      <trkpt lat="40.741576" lon="-73.960692"><ele>5.6</ele><time>2026-07-30T15:41:32.000Z</time></trkpt>
      <trkpt lat="40.7416" lon="-73.960679"><ele>5.4</ele><time>2026-07-30T15:41:33.000Z</time></trkpt>
      <trkpt lat="40.741623" lon="-73.960665"><ele>5.4</ele><time>2026-07-30T15:41:34.000Z</time></trkpt>
      <trkpt lat="40.741646" lon="-73.960651"><ele>5.4</ele><time>2026-07-30T15:41:35.000Z</time></trkpt>
      <trkpt lat="40.741669" lon="-73.960634"><ele>5.4</ele><time>2026-07-30T15:41:36.000Z</time></trkpt>
      <trkpt lat="40.741691" lon="-73.960614"><ele>5.4</ele><time>2026-07-30T15:41:37.000Z</time></trkpt>
      <trkpt lat="40.741714" lon="-73.960592"><ele>5.4</ele><time>2026-07-30T15:41:38.000Z</time></trkpt>
      <trkpt lat="40.741736" lon="-73.960569"><ele>5.4</ele><time>2026-07-30T15:41:39.000Z</time></trkpt>
      <trkpt lat="40.741757" lon="-73.960547"><ele>5.4</ele><time>2026-07-30T15:41:40.000Z</time></trkpt>
      <trkpt lat="40.741779" lon="-73.960524"><ele>5.4</ele><time>2026-07-30T15:41:41.000Z</time></trkpt>
      <trkpt lat="40.7418" lon="-73.960502"><ele>5.4</ele><time>2026-07-30T15:41:42.000Z</time></trkpt>
      <trkpt lat="40.741822" lon="-73.960478"><ele>5.4</ele><time>2026-07-30T15:41:43.000Z</time></trkpt>
      <trkpt lat="40.741843" lon="-73.960455"><ele>5.4</ele><time>2026-07-30T15:41:44.000Z</time></trkpt>
      <trkpt lat="40.741865" lon="-73.960432"><ele>5.4</ele><time>2026-07-30T15:41:45.000Z</time></trkpt>
      <trkpt lat="40.741885" lon="-73.960413"><ele>5.4</ele><time>2026-07-30T15:41:46.000Z</time></trkpt>
      <trkpt lat="40.741905" lon="-73.960396"><ele>5.4</ele><time>2026-07-30T15:41:47.000Z</time></trkpt>
      <trkpt lat="40.741924" lon="-73.96038"><ele>5.4</ele><time>2026-07-30T15:41:48.000Z</time></trkpt>
      <trkpt lat="40.741946" lon="-73.960364"><ele>5.4</ele><time>2026-07-30T15:41:49.000Z</time></trkpt>
      <trkpt lat="40.74197" lon="-73.960348"><ele>5.4</ele><time>2026-07-30T15:41:50.000Z</time></trkpt>
      <trkpt lat="40.741996" lon="-73.96033"><ele>5.4</ele><time>2026-07-30T15:41:51.000Z</time></trkpt>
      <trkpt lat="40.742023" lon="-73.960313"><ele>5.6</ele><time>2026-07-30T15:41:52.000Z</time></trkpt>
      <trkpt lat="40.742051" lon="-73.960294"><ele>5.6</ele><time>2026-07-30T15:41:53.000Z</time></trkpt>
      <trkpt lat="40.74208" lon="-73.960275"><ele>5.6</ele><time>2026-07-30T15:41:54.000Z</time></trkpt>
      <trkpt lat="40.74211" lon="-73.960257"><ele>5.6</ele><time>2026-07-30T15:41:55.000Z</time></trkpt>
      <trkpt lat="40.742138" lon="-73.960239"><ele>5.6</ele><time>2026-07-30T15:41:56.000Z</time></trkpt>
      <trkpt lat="40.742165" lon="-73.96022"><ele>5.8</ele><time>2026-07-30T15:41:57.000Z</time></trkpt>
      <trkpt lat="40.742191" lon="-73.960201"><ele>5.8</ele><time>2026-07-30T15:41:58.000Z</time></trkpt>
      <trkpt lat="40.742219" lon="-73.960181"><ele>5.8</ele><time>2026-07-30T15:41:59.000Z</time></trkpt>
      <trkpt lat="40.742249" lon="-73.960162"><ele>6</ele><time>2026-07-30T15:42:00.000Z</time></trkpt>
      <trkpt lat="40.742279" lon="-73.960145"><ele>6</ele><time>2026-07-30T15:42:01.000Z</time></trkpt>
      <trkpt lat="40.742309" lon="-73.96013"><ele>6</ele><time>2026-07-30T15:42:02.000Z</time></trkpt>
      <trkpt lat="40.742341" lon="-73.960117"><ele>6</ele><time>2026-07-30T15:42:03.000Z</time></trkpt>
      <trkpt lat="40.742372" lon="-73.960104"><ele>6</ele><time>2026-07-30T15:42:04.000Z</time></trkpt>
      <trkpt lat="40.742401" lon="-73.960093"><ele>5.8</ele><time>2026-07-30T15:42:05.000Z</time></trkpt>
      <trkpt lat="40.742429" lon="-73.960084"><ele>5.8</ele><time>2026-07-30T15:42:06.000Z</time></trkpt>
      <trkpt lat="40.742455" lon="-73.960077"><ele>5.8</ele><time>2026-07-30T15:42:07.000Z</time></trkpt>
      <trkpt lat="40.74248" lon="-73.960069"><ele>5.6</ele><time>2026-07-30T15:42:08.000Z</time></trkpt>
      <trkpt lat="40.742507" lon="-73.960062"><ele>5.6</ele><time>2026-07-30T15:42:09.000Z</time></trkpt>
      <trkpt lat="40.742535" lon="-73.960055"><ele>5.6</ele><time>2026-07-30T15:42:10.000Z</time></trkpt>
      <trkpt lat="40.742563" lon="-73.960049"><ele>5.6</ele><time>2026-07-30T15:42:11.000Z</time></trkpt>
      <trkpt lat="40.742592" lon="-73.960045"><ele>5.4</ele><time>2026-07-30T15:42:12.000Z</time></trkpt>
      <trkpt lat="40.74262" lon="-73.960041"><ele>5.4</ele><time>2026-07-30T15:42:13.000Z</time></trkpt>
      <trkpt lat="40.742647" lon="-73.960037"><ele>5.4</ele><time>2026-07-30T15:42:14.000Z</time></trkpt>
      <trkpt lat="40.742674" lon="-73.960035"><ele>5.4</ele><time>2026-07-30T15:42:15.000Z</time></trkpt>
      <trkpt lat="40.7427" lon="-73.960032"><ele>5.2</ele><time>2026-07-30T15:42:16.000Z</time></trkpt>
      <trkpt lat="40.742726" lon="-73.960027"><ele>5.2</ele><time>2026-07-30T15:42:17.000Z</time></trkpt>
      <trkpt lat="40.742752" lon="-73.960021"><ele>5.2</ele><time>2026-07-30T15:42:18.000Z</time></trkpt>
      <trkpt lat="40.742778" lon="-73.960015"><ele>5.2</ele><time>2026-07-30T15:42:19.000Z</time></trkpt>
      <trkpt lat="40.742807" lon="-73.960009"><ele>5.2</ele><time>2026-07-30T15:42:20.000Z</time></trkpt>
      <trkpt lat="40.742838" lon="-73.960006"><ele>5.2</ele><time>2026-07-30T15:42:21.000Z</time></trkpt>
      <trkpt lat="40.74287" lon="-73.960003"><ele>5.2</ele><time>2026-07-30T15:42:22.000Z</time></trkpt>
      <trkpt lat="40.742902" lon="-73.959999"><ele>5.2</ele><time>2026-07-30T15:42:23.000Z</time></trkpt>
      <trkpt lat="40.742932" lon="-73.959994"><ele>5.2</ele><time>2026-07-30T15:42:24.000Z</time></trkpt>
      <trkpt lat="40.742961" lon="-73.959987"><ele>5.2</ele><time>2026-07-30T15:42:25.000Z</time></trkpt>
      <trkpt lat="40.742991" lon="-73.959978"><ele>5</ele><time>2026-07-30T15:42:26.000Z</time></trkpt>
      <trkpt lat="40.743022" lon="-73.959969"><ele>5</ele><time>2026-07-30T15:42:27.000Z</time></trkpt>
      <trkpt lat="40.743054" lon="-73.959959"><ele>5</ele><time>2026-07-30T15:42:28.000Z</time></trkpt>
      <trkpt lat="40.743086" lon="-73.959949"><ele>5</ele><time>2026-07-30T15:42:29.000Z</time></trkpt>
      <trkpt lat="40.743117" lon="-73.95994"><ele>5</ele><time>2026-07-30T15:42:30.000Z</time></trkpt>
      <trkpt lat="40.743148" lon="-73.959931"><ele>5</ele><time>2026-07-30T15:42:31.000Z</time></trkpt>
      <trkpt lat="40.743179" lon="-73.95992"><ele>5</ele><time>2026-07-30T15:42:32.000Z</time></trkpt>
      <trkpt lat="40.743209" lon="-73.959904"><ele>5</ele><time>2026-07-30T15:42:33.000Z</time></trkpt>
      <trkpt lat="40.743237" lon="-73.959886"><ele>5.2</ele><time>2026-07-30T15:42:34.000Z</time></trkpt>
      <trkpt lat="40.743262" lon="-73.959868"><ele>5.2</ele><time>2026-07-30T15:42:35.000Z</time></trkpt>
      <trkpt lat="40.743287" lon="-73.959848"><ele>5.2</ele><time>2026-07-30T15:42:36.000Z</time></trkpt>
      <trkpt lat="40.743312" lon="-73.959826"><ele>5.2</ele><time>2026-07-30T15:42:37.000Z</time></trkpt>
      <trkpt lat="40.743339" lon="-73.959803"><ele>5.4</ele><time>2026-07-30T15:42:38.000Z</time></trkpt>
      <trkpt lat="40.743366" lon="-73.959779"><ele>5.4</ele><time>2026-07-30T15:42:39.000Z</time></trkpt>
      <trkpt lat="40.743393" lon="-73.959756"><ele>5.4</ele><time>2026-07-30T15:42:40.000Z</time></trkpt>
      <trkpt lat="40.74342" lon="-73.959733"><ele>5.4</ele><time>2026-07-30T15:42:41.000Z</time></trkpt>
      <trkpt lat="40.743445" lon="-73.95971"><ele>5.4</ele><time>2026-07-30T15:42:42.000Z</time></trkpt>
      <trkpt lat="40.74347" lon="-73.959689"><ele>5.4</ele><time>2026-07-30T15:42:43.000Z</time></trkpt>
      <trkpt lat="40.743493" lon="-73.959669"><ele>5.4</ele><time>2026-07-30T15:42:44.000Z</time></trkpt>
      <trkpt lat="40.743517" lon="-73.95965"><ele>5.4</ele><time>2026-07-30T15:42:45.000Z</time></trkpt>
      <trkpt lat="40.743542" lon="-73.959632"><ele>5.4</ele><time>2026-07-30T15:42:46.000Z</time></trkpt>
      <trkpt lat="40.743566" lon="-73.959613"><ele>5.4</ele><time>2026-07-30T15:42:47.000Z</time></trkpt>
      <trkpt lat="40.743591" lon="-73.959592"><ele>5.4</ele><time>2026-07-30T15:42:48.000Z</time></trkpt>
      <trkpt lat="40.743616" lon="-73.959571"><ele>5.4</ele><time>2026-07-30T15:42:49.000Z</time></trkpt>
      <trkpt lat="40.743641" lon="-73.959552"><ele>5.6</ele><time>2026-07-30T15:42:50.000Z</time></trkpt>
      <trkpt lat="40.743669" lon="-73.959536"><ele>5.6</ele><time>2026-07-30T15:42:51.000Z</time></trkpt>
      <trkpt lat="40.743698" lon="-73.959524"><ele>5.8</ele><time>2026-07-30T15:42:52.000Z</time></trkpt>
      <trkpt lat="40.743727" lon="-73.959515"><ele>5.8</ele><time>2026-07-30T15:42:53.000Z</time></trkpt>
      <trkpt lat="40.743756" lon="-73.959503"><ele>6</ele><time>2026-07-30T15:42:54.000Z</time></trkpt>
      <trkpt lat="40.743783" lon="-73.959485"><ele>6</ele><time>2026-07-30T15:42:55.000Z</time></trkpt>
      <trkpt lat="40.743808" lon="-73.959464"><ele>6</ele><time>2026-07-30T15:42:56.000Z</time></trkpt>
      <trkpt lat="40.743831" lon="-73.959442"><ele>6</ele><time>2026-07-30T15:42:57.000Z</time></trkpt>
      <trkpt lat="40.743853" lon="-73.959419"><ele>6</ele><time>2026-07-30T15:42:58.000Z</time></trkpt>
      <trkpt lat="40.743874" lon="-73.959396"><ele>6</ele><time>2026-07-30T15:42:59.000Z</time></trkpt>
      <trkpt lat="40.743895" lon="-73.959374"><ele>5.8</ele><time>2026-07-30T15:43:00.000Z</time></trkpt>
      <trkpt lat="40.743916" lon="-73.959353"><ele>5.8</ele><time>2026-07-30T15:43:01.000Z</time></trkpt>
      <trkpt lat="40.743935" lon="-73.95933"><ele>5.6</ele><time>2026-07-30T15:43:02.000Z</time></trkpt>
      <trkpt lat="40.743955" lon="-73.959304"><ele>5.6</ele><time>2026-07-30T15:43:03.000Z</time></trkpt>
      <trkpt lat="40.743974" lon="-73.959277"><ele>5.4</ele><time>2026-07-30T15:43:04.000Z</time></trkpt>
      <trkpt lat="40.743993" lon="-73.95925"><ele>5.2</ele><time>2026-07-30T15:43:05.000Z</time></trkpt>
      <trkpt lat="40.744014" lon="-73.959225"><ele>5.2</ele><time>2026-07-30T15:43:06.000Z</time></trkpt>
      <trkpt lat="40.744034" lon="-73.959199"><ele>5</ele><time>2026-07-30T15:43:07.000Z</time></trkpt>
      <trkpt lat="40.744054" lon="-73.959172"><ele>5</ele><time>2026-07-30T15:43:08.000Z</time></trkpt>
      <trkpt lat="40.744074" lon="-73.959144"><ele>4.8</ele><time>2026-07-30T15:43:09.000Z</time></trkpt>
      <trkpt lat="40.744093" lon="-73.959115"><ele>4.8</ele><time>2026-07-30T15:43:10.000Z</time></trkpt>
      <trkpt lat="40.744113" lon="-73.959085"><ele>4.8</ele><time>2026-07-30T15:43:11.000Z</time></trkpt>
      <trkpt lat="40.744131" lon="-73.959055"><ele>4.6</ele><time>2026-07-30T15:43:12.000Z</time></trkpt>
      <trkpt lat="40.744148" lon="-73.959026"><ele>4.6</ele><time>2026-07-30T15:43:13.000Z</time></trkpt>
      <trkpt lat="40.744164" lon="-73.958997"><ele>4.6</ele><time>2026-07-30T15:43:14.000Z</time></trkpt>
      <trkpt lat="40.744181" lon="-73.958967"><ele>4.6</ele><time>2026-07-30T15:43:15.000Z</time></trkpt>
      <trkpt lat="40.744198" lon="-73.958937"><ele>4.6</ele><time>2026-07-30T15:43:16.000Z</time></trkpt>
      <trkpt lat="40.744216" lon="-73.958906"><ele>4.6</ele><time>2026-07-30T15:43:17.000Z</time></trkpt>
      <trkpt lat="40.744234" lon="-73.958874"><ele>4.6</ele><time>2026-07-30T15:43:18.000Z</time></trkpt>
      <trkpt lat="40.744251" lon="-73.958842"><ele>4.6</ele><time>2026-07-30T15:43:19.000Z</time></trkpt>
      <trkpt lat="40.744269" lon="-73.958809"><ele>4.8</ele><time>2026-07-30T15:43:20.000Z</time></trkpt>
      <trkpt lat="40.744288" lon="-73.958777"><ele>4.8</ele><time>2026-07-30T15:43:21.000Z</time></trkpt>
      <trkpt lat="40.744309" lon="-73.958747"><ele>4.8</ele><time>2026-07-30T15:43:22.000Z</time></trkpt>
      <trkpt lat="40.74433" lon="-73.958718"><ele>5</ele><time>2026-07-30T15:43:23.000Z</time></trkpt>
      <trkpt lat="40.744352" lon="-73.958689"><ele>5</ele><time>2026-07-30T15:43:24.000Z</time></trkpt>
      <trkpt lat="40.744371" lon="-73.95866"><ele>5.2</ele><time>2026-07-30T15:43:25.000Z</time></trkpt>
      <trkpt lat="40.744391" lon="-73.958632"><ele>5.2</ele><time>2026-07-30T15:43:26.000Z</time></trkpt>
      <trkpt lat="40.744411" lon="-73.958607"><ele>5.2</ele><time>2026-07-30T15:43:27.000Z</time></trkpt>
      <trkpt lat="40.744432" lon="-73.958583"><ele>5.4</ele><time>2026-07-30T15:43:28.000Z</time></trkpt>
      <trkpt lat="40.744455" lon="-73.95856"><ele>5.4</ele><time>2026-07-30T15:43:29.000Z</time></trkpt>
      <trkpt lat="40.74448" lon="-73.958538"><ele>5.4</ele><time>2026-07-30T15:43:30.000Z</time></trkpt>
      <trkpt lat="40.744507" lon="-73.958516"><ele>5.4</ele><time>2026-07-30T15:43:31.000Z</time></trkpt>
      <trkpt lat="40.744533" lon="-73.958497"><ele>5.4</ele><time>2026-07-30T15:43:32.000Z</time></trkpt>
      <trkpt lat="40.74456" lon="-73.95848"><ele>5.4</ele><time>2026-07-30T15:43:33.000Z</time></trkpt>
      <trkpt lat="40.744587" lon="-73.958465"><ele>5.4</ele><time>2026-07-30T15:43:34.000Z</time></trkpt>
      <trkpt lat="40.744613" lon="-73.958449"><ele>5.4</ele><time>2026-07-30T15:43:35.000Z</time></trkpt>
      <trkpt lat="40.744639" lon="-73.958434"><ele>5.4</ele><time>2026-07-30T15:43:36.000Z</time></trkpt>
      <trkpt lat="40.744663" lon="-73.958421"><ele>5.2</ele><time>2026-07-30T15:43:37.000Z</time></trkpt>
      <trkpt lat="40.744688" lon="-73.95841"><ele>5.2</ele><time>2026-07-30T15:43:38.000Z</time></trkpt>
      <trkpt lat="40.744712" lon="-73.958404"><ele>5.2</ele><time>2026-07-30T15:43:39.000Z</time></trkpt>
      <trkpt lat="40.744737" lon="-73.958401"><ele>5.2</ele><time>2026-07-30T15:43:40.000Z</time></trkpt>
      <trkpt lat="40.744761" lon="-73.958405"><ele>5</ele><time>2026-07-30T15:43:41.000Z</time></trkpt>
      <trkpt lat="40.744787" lon="-73.958415"><ele>5</ele><time>2026-07-30T15:43:42.000Z</time></trkpt>
      <trkpt lat="40.744813" lon="-73.958429"><ele>5</ele><time>2026-07-30T15:43:43.000Z</time></trkpt>
      <trkpt lat="40.744839" lon="-73.958445"><ele>4.8</ele><time>2026-07-30T15:43:44.000Z</time></trkpt>
      <trkpt lat="40.744866" lon="-73.95846"><ele>4.8</ele><time>2026-07-30T15:43:45.000Z</time></trkpt>
      <trkpt lat="40.744895" lon="-73.958472"><ele>4.6</ele><time>2026-07-30T15:43:46.000Z</time></trkpt>
      <trkpt lat="40.744925" lon="-73.958478"><ele>4.6</ele><time>2026-07-30T15:43:47.000Z</time></trkpt>
      <trkpt lat="40.744955" lon="-73.958478"><ele>4.6</ele><time>2026-07-30T15:43:48.000Z</time></trkpt>
      <trkpt lat="40.744984" lon="-73.958475"><ele>4.4</ele><time>2026-07-30T15:43:49.000Z</time></trkpt>
      <trkpt lat="40.745012" lon="-73.95847"><ele>4.4</ele><time>2026-07-30T15:43:50.000Z</time></trkpt>
      <trkpt lat="40.745039" lon="-73.958466"><ele>4.4</ele><time>2026-07-30T15:43:51.000Z</time></trkpt>
      <trkpt lat="40.745066" lon="-73.958462"><ele>4.4</ele><time>2026-07-30T15:43:52.000Z</time></trkpt>
      <trkpt lat="40.745092" lon="-73.958457"><ele>4.2</ele><time>2026-07-30T15:43:53.000Z</time></trkpt>
      <trkpt lat="40.745119" lon="-73.958451"><ele>4.2</ele><time>2026-07-30T15:43:54.000Z</time></trkpt>
      <trkpt lat="40.745146" lon="-73.958446"><ele>4.2</ele><time>2026-07-30T15:43:55.000Z</time></trkpt>
      <trkpt lat="40.745176" lon="-73.958441"><ele>4.2</ele><time>2026-07-30T15:43:56.000Z</time></trkpt>
      <trkpt lat="40.745207" lon="-73.958433"><ele>4.2</ele><time>2026-07-30T15:43:57.000Z</time></trkpt>
      <trkpt lat="40.745238" lon="-73.95842"><ele>4.2</ele><time>2026-07-30T15:43:58.000Z</time></trkpt>
      <trkpt lat="40.745268" lon="-73.958403"><ele>4.2</ele><time>2026-07-30T15:43:59.000Z</time></trkpt>
      <trkpt lat="40.745298" lon="-73.958384"><ele>4.4</ele><time>2026-07-30T15:44:00.000Z</time></trkpt>
      <trkpt lat="40.745327" lon="-73.958369"><ele>4.4</ele><time>2026-07-30T15:44:01.000Z</time></trkpt>
      <trkpt lat="40.745356" lon="-73.958358"><ele>4.4</ele><time>2026-07-30T15:44:02.000Z</time></trkpt>
      <trkpt lat="40.745385" lon="-73.958348"><ele>4.4</ele><time>2026-07-30T15:44:03.000Z</time></trkpt>
      <trkpt lat="40.745413" lon="-73.958339"><ele>4.6</ele><time>2026-07-30T15:44:04.000Z</time></trkpt>
      <trkpt lat="40.745443" lon="-73.958331"><ele>4.6</ele><time>2026-07-30T15:44:05.000Z</time></trkpt>
      <trkpt lat="40.745474" lon="-73.958329"><ele>4.6</ele><time>2026-07-30T15:44:06.000Z</time></trkpt>
      <trkpt lat="40.745508" lon="-73.958334"><ele>4.8</ele><time>2026-07-30T15:44:07.000Z</time></trkpt>
      <trkpt lat="40.745543" lon="-73.958344"><ele>4.8</ele><time>2026-07-30T15:44:08.000Z</time></trkpt>
      <trkpt lat="40.745576" lon="-73.958355"><ele>4.8</ele><time>2026-07-30T15:44:09.000Z</time></trkpt>
      <trkpt lat="40.745609" lon="-73.958361"><ele>4.8</ele><time>2026-07-30T15:44:10.000Z</time></trkpt>
      <trkpt lat="40.745641" lon="-73.95836"><ele>4.8</ele><time>2026-07-30T15:44:11.000Z</time></trkpt>
      <trkpt lat="40.745674" lon="-73.958355"><ele>4.8</ele><time>2026-07-30T15:44:12.000Z</time></trkpt>
      <trkpt lat="40.745705" lon="-73.958349"><ele>4.8</ele><time>2026-07-30T15:44:13.000Z</time></trkpt>
      <trkpt lat="40.745735" lon="-73.958342"><ele>4.8</ele><time>2026-07-30T15:44:14.000Z</time></trkpt>
      <trkpt lat="40.745764" lon="-73.958334"><ele>4.8</ele><time>2026-07-30T15:44:15.000Z</time></trkpt>
      <trkpt lat="40.745794" lon="-73.958323"><ele>4.8</ele><time>2026-07-30T15:44:16.000Z</time></trkpt>
      <trkpt lat="40.745827" lon="-73.958306"><ele>4.6</ele><time>2026-07-30T15:44:17.000Z</time></trkpt>
      <trkpt lat="40.745859" lon="-73.958286"><ele>4.6</ele><time>2026-07-30T15:44:18.000Z</time></trkpt>
      <trkpt lat="40.745891" lon="-73.958268"><ele>4.8</ele><time>2026-07-30T15:44:19.000Z</time></trkpt>
      <trkpt lat="40.745922" lon="-73.958253"><ele>4.8</ele><time>2026-07-30T15:44:20.000Z</time></trkpt>
      <trkpt lat="40.745954" lon="-73.958242"><ele>4.8</ele><time>2026-07-30T15:44:21.000Z</time></trkpt>
      <trkpt lat="40.745985" lon="-73.958233"><ele>4.8</ele><time>2026-07-30T15:44:22.000Z</time></trkpt>
      <trkpt lat="40.746017" lon="-73.958223"><ele>4.8</ele><time>2026-07-30T15:44:23.000Z</time></trkpt>
      <trkpt lat="40.74605" lon="-73.958211"><ele>4.8</ele><time>2026-07-30T15:44:24.000Z</time></trkpt>
      <trkpt lat="40.746082" lon="-73.958196"><ele>4.8</ele><time>2026-07-30T15:44:25.000Z</time></trkpt>
      <trkpt lat="40.746111" lon="-73.958179"><ele>4.8</ele><time>2026-07-30T15:44:26.000Z</time></trkpt>
      <trkpt lat="40.746137" lon="-73.95816"><ele>4.8</ele><time>2026-07-30T15:44:27.000Z</time></trkpt>
      <trkpt lat="40.746161" lon="-73.958139"><ele>5</ele><time>2026-07-30T15:44:28.000Z</time></trkpt>
      <trkpt lat="40.746185" lon="-73.958115"><ele>5</ele><time>2026-07-30T15:44:29.000Z</time></trkpt>
      <trkpt lat="40.746208" lon="-73.95809"><ele>5</ele><time>2026-07-30T15:44:30.000Z</time></trkpt>
      <trkpt lat="40.746232" lon="-73.958064"><ele>5</ele><time>2026-07-30T15:44:31.000Z</time></trkpt>
      <trkpt lat="40.746254" lon="-73.958036"><ele>5</ele><time>2026-07-30T15:44:32.000Z</time></trkpt>
      <trkpt lat="40.746273" lon="-73.958005"><ele>5</ele><time>2026-07-30T15:44:33.000Z</time></trkpt>
      <trkpt lat="40.746289" lon="-73.957972"><ele>5</ele><time>2026-07-30T15:44:34.000Z</time></trkpt>
      <trkpt lat="40.746304" lon="-73.957937"><ele>5</ele><time>2026-07-30T15:44:35.000Z</time></trkpt>
      <trkpt lat="40.746319" lon="-73.957901"><ele>5</ele><time>2026-07-30T15:44:36.000Z</time></trkpt>
      <trkpt lat="40.746335" lon="-73.957866"><ele>5</ele><time>2026-07-30T15:44:37.000Z</time></trkpt>
      <trkpt lat="40.746351" lon="-73.957833"><ele>5</ele><time>2026-07-30T15:44:38.000Z</time></trkpt>
      <trkpt lat="40.746369" lon="-73.957802"><ele>5.2</ele><time>2026-07-30T15:44:39.000Z</time></trkpt>
      <trkpt lat="40.746386" lon="-73.957771"><ele>5.2</ele><time>2026-07-30T15:44:40.000Z</time></trkpt>
      <trkpt lat="40.746404" lon="-73.957739"><ele>5.2</ele><time>2026-07-30T15:44:41.000Z</time></trkpt>
      <trkpt lat="40.74642" lon="-73.957707"><ele>5.2</ele><time>2026-07-30T15:44:42.000Z</time></trkpt>
      <trkpt lat="40.746437" lon="-73.957678"><ele>5.2</ele><time>2026-07-30T15:44:43.000Z</time></trkpt>
      <trkpt lat="40.746454" lon="-73.957649"><ele>5.4</ele><time>2026-07-30T15:44:44.000Z</time></trkpt>
      <trkpt lat="40.746473" lon="-73.957621"><ele>5.4</ele><time>2026-07-30T15:44:45.000Z</time></trkpt>
      <trkpt lat="40.746493" lon="-73.957595"><ele>5.4</ele><time>2026-07-30T15:44:46.000Z</time></trkpt>
      <trkpt lat="40.746515" lon="-73.95757"><ele>5.4</ele><time>2026-07-30T15:44:47.000Z</time></trkpt>
      <trkpt lat="40.746538" lon="-73.957547"><ele>5.6</ele><time>2026-07-30T15:44:48.000Z</time></trkpt>
      <trkpt lat="40.746561" lon="-73.957526"><ele>5.6</ele><time>2026-07-30T15:44:49.000Z</time></trkpt>
      <trkpt lat="40.746583" lon="-73.95751"><ele>5.6</ele><time>2026-07-30T15:44:50.000Z</time></trkpt>
      <trkpt lat="40.746606" lon="-73.957499"><ele>5.8</ele><time>2026-07-30T15:44:51.000Z</time></trkpt>
      <trkpt lat="40.74663" lon="-73.95749"><ele>5.8</ele><time>2026-07-30T15:44:52.000Z</time></trkpt>
      <trkpt lat="40.746653" lon="-73.957481"><ele>5.8</ele><time>2026-07-30T15:44:53.000Z</time></trkpt>
      <trkpt lat="40.746677" lon="-73.957471"><ele>6</ele><time>2026-07-30T15:44:54.000Z</time></trkpt>
      <trkpt lat="40.746701" lon="-73.957461"><ele>6</ele><time>2026-07-30T15:44:55.000Z</time></trkpt>
      <trkpt lat="40.746724" lon="-73.957452"><ele>6</ele><time>2026-07-30T15:44:56.000Z</time></trkpt>
      <trkpt lat="40.746747" lon="-73.957447"><ele>6</ele><time>2026-07-30T15:44:57.000Z</time></trkpt>
      <trkpt lat="40.746771" lon="-73.957445"><ele>6</ele><time>2026-07-30T15:44:58.000Z</time></trkpt>
      <trkpt lat="40.746793" lon="-73.957448"><ele>6</ele><time>2026-07-30T15:44:59.000Z</time></trkpt>
      <trkpt lat="40.746814" lon="-73.957454"><ele>5.8</ele><time>2026-07-30T15:45:00.000Z</time></trkpt>
      <trkpt lat="40.746836" lon="-73.957461"><ele>5.8</ele><time>2026-07-30T15:45:01.000Z</time></trkpt>
      <trkpt lat="40.746858" lon="-73.957468"><ele>5.8</ele><time>2026-07-30T15:45:02.000Z</time></trkpt>
      <trkpt lat="40.746881" lon="-73.957478"><ele>5.8</ele><time>2026-07-30T15:45:03.000Z</time></trkpt>
      <trkpt lat="40.746906" lon="-73.957492"><ele>5.6</ele><time>2026-07-30T15:45:04.000Z</time></trkpt>
      <trkpt lat="40.746931" lon="-73.957511"><ele>5.6</ele><time>2026-07-30T15:45:05.000Z</time></trkpt>
      <trkpt lat="40.746957" lon="-73.957534"><ele>5.6</ele><time>2026-07-30T15:45:06.000Z</time></trkpt>
      <trkpt lat="40.746981" lon="-73.957559"><ele>5.6</ele><time>2026-07-30T15:45:07.000Z</time></trkpt>
      <trkpt lat="40.747003" lon="-73.957585"><ele>5.4</ele><time>2026-07-30T15:45:08.000Z</time></trkpt>
      <trkpt lat="40.747023" lon="-73.957612"><ele>5.4</ele><time>2026-07-30T15:45:09.000Z</time></trkpt>
      <trkpt lat="40.747041" lon="-73.957642"><ele>5.4</ele><time>2026-07-30T15:45:10.000Z</time></trkpt>
      <trkpt lat="40.74706" lon="-73.957675"><ele>5.4</ele><time>2026-07-30T15:45:11.000Z</time></trkpt>
      <trkpt lat="40.747082" lon="-73.957706"><ele>5.4</ele><time>2026-07-30T15:45:12.000Z</time></trkpt>
      <trkpt lat="40.747105" lon="-73.957734"><ele>5.4</ele><time>2026-07-30T15:45:13.000Z</time></trkpt>
      <trkpt lat="40.747127" lon="-73.957761"><ele>5.4</ele><time>2026-07-30T15:45:14.000Z</time></trkpt>
      <trkpt lat="40.747151" lon="-73.957787"><ele>5.4</ele><time>2026-07-30T15:45:15.000Z</time></trkpt>
      <trkpt lat="40.747176" lon="-73.957811"><ele>5.4</ele><time>2026-07-30T15:45:16.000Z</time></trkpt>
      <trkpt lat="40.747202" lon="-73.957832"><ele>5.6</ele><time>2026-07-30T15:45:17.000Z</time></trkpt>
      <trkpt lat="40.747229" lon="-73.957851"><ele>5.6</ele><time>2026-07-30T15:45:18.000Z</time></trkpt>
      <trkpt lat="40.747257" lon="-73.957864"><ele>5.6</ele><time>2026-07-30T15:45:19.000Z</time></trkpt>
      <trkpt lat="40.747287" lon="-73.957874"><ele>5.6</ele><time>2026-07-30T15:45:20.000Z</time></trkpt>
      <trkpt lat="40.747318" lon="-73.957879"><ele>5.6</ele><time>2026-07-30T15:45:21.000Z</time></trkpt>
      <trkpt lat="40.74735" lon="-73.957879"><ele>5.6</ele><time>2026-07-30T15:45:22.000Z</time></trkpt>
      <trkpt lat="40.747381" lon="-73.957876"><ele>5.6</ele><time>2026-07-30T15:45:23.000Z</time></trkpt>
      <trkpt lat="40.747412" lon="-73.957871"><ele>5.8</ele><time>2026-07-30T15:45:24.000Z</time></trkpt>
      <trkpt lat="40.74744" lon="-73.957865"><ele>5.8</ele><time>2026-07-30T15:45:25.000Z</time></trkpt>
      <trkpt lat="40.747467" lon="-73.957857"><ele>5.8</ele><time>2026-07-30T15:45:26.000Z</time></trkpt>
      <trkpt lat="40.747493" lon="-73.957846"><ele>5.8</ele><time>2026-07-30T15:45:27.000Z</time></trkpt>
      <trkpt lat="40.747519" lon="-73.957831"><ele>5.8</ele><time>2026-07-30T15:45:28.000Z</time></trkpt>
      <trkpt lat="40.747546" lon="-73.957811"><ele>5.8</ele><time>2026-07-30T15:45:29.000Z</time></trkpt>
      <trkpt lat="40.747572" lon="-73.957789"><ele>6</ele><time>2026-07-30T15:45:30.000Z</time></trkpt>
      <trkpt lat="40.747597" lon="-73.957765"><ele>6</ele><time>2026-07-30T15:45:31.000Z</time></trkpt>
      <trkpt lat="40.747621" lon="-73.957741"><ele>6</ele><time>2026-07-30T15:45:32.000Z</time></trkpt>
      <trkpt lat="40.747645" lon="-73.957716"><ele>5.8</ele><time>2026-07-30T15:45:33.000Z</time></trkpt>
      <trkpt lat="40.747669" lon="-73.957691"><ele>5.8</ele><time>2026-07-30T15:45:34.000Z</time></trkpt>
      <trkpt lat="40.747694" lon="-73.957667"><ele>5.8</ele><time>2026-07-30T15:45:35.000Z</time></trkpt>
      <trkpt lat="40.74772" lon="-73.957644"><ele>5.8</ele><time>2026-07-30T15:45:36.000Z</time></trkpt>
      <trkpt lat="40.747747" lon="-73.957622"><ele>5.6</ele><time>2026-07-30T15:45:37.000Z</time></trkpt>
      <trkpt lat="40.747774" lon="-73.957603"><ele>5.6</ele><time>2026-07-30T15:45:38.000Z</time></trkpt>
      <trkpt lat="40.747804" lon="-73.957591"><ele>5.6</ele><time>2026-07-30T15:45:39.000Z</time></trkpt>
      <trkpt lat="40.747839" lon="-73.95759"><ele>5.4</ele><time>2026-07-30T15:45:40.000Z</time></trkpt>
      <trkpt lat="40.747877" lon="-73.957596"><ele>5.4</ele><time>2026-07-30T15:45:41.000Z</time></trkpt>
      <trkpt lat="40.747914" lon="-73.957603"><ele>5.4</ele><time>2026-07-30T15:45:42.000Z</time></trkpt>
      <trkpt lat="40.747948" lon="-73.957605"><ele>5.4</ele><time>2026-07-30T15:45:43.000Z</time></trkpt>
      <trkpt lat="40.74798" lon="-73.957603"><ele>5.2</ele><time>2026-07-30T15:45:44.000Z</time></trkpt>
      <trkpt lat="40.748011" lon="-73.957599"><ele>5.2</ele><time>2026-07-30T15:45:45.000Z</time></trkpt>
      <trkpt lat="40.748039" lon="-73.957597"><ele>5.2</ele><time>2026-07-30T15:45:46.000Z</time></trkpt>
      <trkpt lat="40.748067" lon="-73.957596"><ele>5</ele><time>2026-07-30T15:45:47.000Z</time></trkpt>
      <trkpt lat="40.748096" lon="-73.957595"><ele>5</ele><time>2026-07-30T15:45:48.000Z</time></trkpt>
      <trkpt lat="40.748125" lon="-73.957591"><ele>4.8</ele><time>2026-07-30T15:45:49.000Z</time></trkpt>
      <trkpt lat="40.748154" lon="-73.957584"><ele>4.8</ele><time>2026-07-30T15:45:50.000Z</time></trkpt>
      <trkpt lat="40.748183" lon="-73.957574"><ele>4.6</ele><time>2026-07-30T15:45:51.000Z</time></trkpt>
      <trkpt lat="40.748213" lon="-73.957561"><ele>4.6</ele><time>2026-07-30T15:45:52.000Z</time></trkpt>
      <trkpt lat="40.748242" lon="-73.957546"><ele>4.6</ele><time>2026-07-30T15:45:53.000Z</time></trkpt>
      <trkpt lat="40.748271" lon="-73.957531"><ele>4.4</ele><time>2026-07-30T15:45:54.000Z</time></trkpt>
      <trkpt lat="40.748299" lon="-73.957518"><ele>4.4</ele><time>2026-07-30T15:45:55.000Z</time></trkpt>
      <trkpt lat="40.748327" lon="-73.957504"><ele>4.4</ele><time>2026-07-30T15:45:56.000Z</time></trkpt>
      <trkpt lat="40.748354" lon="-73.95749"><ele>4.4</ele><time>2026-07-30T15:45:57.000Z</time></trkpt>
      <trkpt lat="40.748382" lon="-73.957475"><ele>4.4</ele><time>2026-07-30T15:45:58.000Z</time></trkpt>
      <trkpt lat="40.748409" lon="-73.957459"><ele>4.4</ele><time>2026-07-30T15:45:59.000Z</time></trkpt>
      <trkpt lat="40.748435" lon="-73.957441"><ele>4.4</ele><time>2026-07-30T15:46:00.000Z</time></trkpt>
      <trkpt lat="40.748461" lon="-73.957423"><ele>4.4</ele><time>2026-07-30T15:46:01.000Z</time></trkpt>
      <trkpt lat="40.748486" lon="-73.957406"><ele>4.6</ele><time>2026-07-30T15:46:02.000Z</time></trkpt>
      <trkpt lat="40.748511" lon="-73.957389"><ele>4.6</ele><time>2026-07-30T15:46:03.000Z</time></trkpt>
      <trkpt lat="40.748536" lon="-73.957372"><ele>4.6</ele><time>2026-07-30T15:46:04.000Z</time></trkpt>
      <trkpt lat="40.748562" lon="-73.957355"><ele>4.6</ele><time>2026-07-30T15:46:05.000Z</time></trkpt>
      <trkpt lat="40.748586" lon="-73.957337"><ele>4.6</ele><time>2026-07-30T15:46:06.000Z</time></trkpt>
      <trkpt lat="40.748609" lon="-73.957319"><ele>4.6</ele><time>2026-07-30T15:46:07.000Z</time></trkpt>
      <trkpt lat="40.748631" lon="-73.957299"><ele>4.8</ele><time>2026-07-30T15:46:08.000Z</time></trkpt>
      <trkpt lat="40.748653" lon="-73.957279"><ele>4.8</ele><time>2026-07-30T15:46:09.000Z</time></trkpt>
      <trkpt lat="40.748674" lon="-73.957258"><ele>4.8</ele><time>2026-07-30T15:46:10.000Z</time></trkpt>
      <trkpt lat="40.748697" lon="-73.957235"><ele>4.6</ele><time>2026-07-30T15:46:11.000Z</time></trkpt>
      <trkpt lat="40.748718" lon="-73.957212"><ele>4.6</ele><time>2026-07-30T15:46:12.000Z</time></trkpt>
      <trkpt lat="40.748738" lon="-73.957189"><ele>4.6</ele><time>2026-07-30T15:46:13.000Z</time></trkpt>
      <trkpt lat="40.748757" lon="-73.957165"><ele>4.4</ele><time>2026-07-30T15:46:14.000Z</time></trkpt>
      <trkpt lat="40.748775" lon="-73.957139"><ele>4.4</ele><time>2026-07-30T15:46:15.000Z</time></trkpt>
      <trkpt lat="40.748793" lon="-73.957112"><ele>4.2</ele><time>2026-07-30T15:46:16.000Z</time></trkpt>
      <trkpt lat="40.748809" lon="-73.957082"><ele>4.2</ele><time>2026-07-30T15:46:17.000Z</time></trkpt>
      <trkpt lat="40.748821" lon="-73.95705"><ele>4</ele><time>2026-07-30T15:46:18.000Z</time></trkpt>
      <trkpt lat="40.748827" lon="-73.957017"><ele>4</ele><time>2026-07-30T15:46:19.000Z</time></trkpt>
      <trkpt lat="40.748822" lon="-73.956984"><ele>3.8</ele><time>2026-07-30T15:46:20.000Z</time></trkpt>
      <trkpt lat="40.748806" lon="-73.956957"><ele>3.8</ele><time>2026-07-30T15:46:21.000Z</time></trkpt>
      <trkpt lat="40.748782" lon="-73.956942"><ele>3.8</ele><time>2026-07-30T15:46:22.000Z</time></trkpt>
      <trkpt lat="40.748756" lon="-73.956942"><ele>3.8</ele><time>2026-07-30T15:46:23.000Z</time></trkpt>
      <trkpt lat="40.748732" lon="-73.956956"><ele>3.6</ele><time>2026-07-30T15:46:24.000Z</time></trkpt>
      <trkpt lat="40.748714" lon="-73.956978"><ele>3.6</ele><time>2026-07-30T15:46:25.000Z</time></trkpt>
      <trkpt lat="40.748703" lon="-73.957005"><ele>3.6</ele><time>2026-07-30T15:46:26.000Z</time></trkpt>
      <trkpt lat="40.748695" lon="-73.957031"><ele>3.6</ele><time>2026-07-30T15:46:27.000Z</time></trkpt>
      <trkpt lat="40.748688" lon="-73.957057"><ele>3.6</ele><time>2026-07-30T15:46:28.000Z</time></trkpt>
      <trkpt lat="40.748679" lon="-73.957083"><ele>3.6</ele><time>2026-07-30T15:46:29.000Z</time></trkpt>
      <trkpt lat="40.748665" lon="-73.957111"><ele>3.6</ele><time>2026-07-30T15:46:30.000Z</time></trkpt>
      <trkpt lat="40.748647" lon="-73.95714"><ele>3.6</ele><time>2026-07-30T15:46:31.000Z</time></trkpt>
      <trkpt lat="40.74863" lon="-73.957166"><ele>3.6</ele><time>2026-07-30T15:46:32.000Z</time></trkpt>
      <trkpt lat="40.748613" lon="-73.95719"><ele>3.6</ele><time>2026-07-30T15:46:33.000Z</time></trkpt>
      <trkpt lat="40.748595" lon="-73.957213"><ele>3.6</ele><time>2026-07-30T15:46:34.000Z</time></trkpt>
      <trkpt lat="40.748577" lon="-73.957236"><ele>3.6</ele><time>2026-07-30T15:46:35.000Z</time></trkpt>
      <trkpt lat="40.748558" lon="-73.95726"><ele>3.6</ele><time>2026-07-30T15:46:36.000Z</time></trkpt>
      <trkpt lat="40.748538" lon="-73.957283"><ele>3.6</ele><time>2026-07-30T15:46:37.000Z</time></trkpt>
      <trkpt lat="40.748516" lon="-73.957302"><ele>3.6</ele><time>2026-07-30T15:46:38.000Z</time></trkpt>
      <trkpt lat="40.748492" lon="-73.957318"><ele>3.6</ele><time>2026-07-30T15:46:39.000Z</time></trkpt>
      <trkpt lat="40.748467" lon="-73.957329"><ele>3.6</ele><time>2026-07-30T15:46:40.000Z</time></trkpt>
      <trkpt lat="40.74844" lon="-73.957338"><ele>3.6</ele><time>2026-07-30T15:46:41.000Z</time></trkpt>
      <trkpt lat="40.748412" lon="-73.957345"><ele>3.6</ele><time>2026-07-30T15:46:42.000Z</time></trkpt>
      <trkpt lat="40.748384" lon="-73.957352"><ele>3.6</ele><time>2026-07-30T15:46:43.000Z</time></trkpt>
      <trkpt lat="40.748356" lon="-73.95736"><ele>3.8</ele><time>2026-07-30T15:46:44.000Z</time></trkpt>
      <trkpt lat="40.74833" lon="-73.957369"><ele>3.8</ele><time>2026-07-30T15:46:45.000Z</time></trkpt>
      <trkpt lat="40.748304" lon="-73.957379"><ele>3.8</ele><time>2026-07-30T15:46:46.000Z</time></trkpt>
      <trkpt lat="40.748279" lon="-73.957389"><ele>3.8</ele><time>2026-07-30T15:46:47.000Z</time></trkpt>
      <trkpt lat="40.748254" lon="-73.957397"><ele>3.8</ele><time>2026-07-30T15:46:48.000Z</time></trkpt>
      <trkpt lat="40.748228" lon="-73.957403"><ele>3.8</ele><time>2026-07-30T15:46:49.000Z</time></trkpt>
      <trkpt lat="40.748203" lon="-73.957409"><ele>3.8</ele><time>2026-07-30T15:46:50.000Z</time></trkpt>
      <trkpt lat="40.748177" lon="-73.957415"><ele>3.8</ele><time>2026-07-30T15:46:51.000Z</time></trkpt>
      <trkpt lat="40.748152" lon="-73.957421"><ele>3.8</ele><time>2026-07-30T15:46:52.000Z</time></trkpt>
      <trkpt lat="40.748127" lon="-73.957426"><ele>4</ele><time>2026-07-30T15:46:53.000Z</time></trkpt>
      <trkpt lat="40.748102" lon="-73.957429"><ele>4</ele><time>2026-07-30T15:46:54.000Z</time></trkpt>
      <trkpt lat="40.748075" lon="-73.957432"><ele>4</ele><time>2026-07-30T15:46:55.000Z</time></trkpt>
      <trkpt lat="40.748049" lon="-73.957437"><ele>4</ele><time>2026-07-30T15:46:56.000Z</time></trkpt>
      <trkpt lat="40.748022" lon="-73.957443"><ele>4</ele><time>2026-07-30T15:46:57.000Z</time></trkpt>
      <trkpt lat="40.747995" lon="-73.95745"><ele>4</ele><time>2026-07-30T15:46:58.000Z</time></trkpt>
      <trkpt lat="40.747968" lon="-73.957456"><ele>4</ele><time>2026-07-30T15:46:59.000Z</time></trkpt>
      <trkpt lat="40.747941" lon="-73.957461"><ele>4</ele><time>2026-07-30T15:47:00.000Z</time></trkpt>
      <trkpt lat="40.747915" lon="-73.957467"><ele>4</ele><time>2026-07-30T15:47:01.000Z</time></trkpt>
      <trkpt lat="40.747889" lon="-73.957477"><ele>4</ele><time>2026-07-30T15:47:02.000Z</time></trkpt>
      <trkpt lat="40.747863" lon="-73.957488"><ele>4</ele><time>2026-07-30T15:47:03.000Z</time></trkpt>
      <trkpt lat="40.747836" lon="-73.957502"><ele>4</ele><time>2026-07-30T15:47:04.000Z</time></trkpt>
      <trkpt lat="40.747809" lon="-73.957519"><ele>3.8</ele><time>2026-07-30T15:47:05.000Z</time></trkpt>
      <trkpt lat="40.747782" lon="-73.957539"><ele>3.8</ele><time>2026-07-30T15:47:06.000Z</time></trkpt>
      <trkpt lat="40.747756" lon="-73.95756"><ele>3.8</ele><time>2026-07-30T15:47:07.000Z</time></trkpt>
      <trkpt lat="40.747731" lon="-73.957581"><ele>3.6</ele><time>2026-07-30T15:47:08.000Z</time></trkpt>
      <trkpt lat="40.747707" lon="-73.957601"><ele>3.6</ele><time>2026-07-30T15:47:09.000Z</time></trkpt>
      <trkpt lat="40.747683" lon="-73.957621"><ele>3.6</ele><time>2026-07-30T15:47:10.000Z</time></trkpt>
      <trkpt lat="40.747661" lon="-73.95764"><ele>3.6</ele><time>2026-07-30T15:47:11.000Z</time></trkpt>
      <trkpt lat="40.747638" lon="-73.95766"><ele>3.6</ele><time>2026-07-30T15:47:12.000Z</time></trkpt>
      <trkpt lat="40.747614" lon="-73.957681"><ele>3.6</ele><time>2026-07-30T15:47:13.000Z</time></trkpt>
      <trkpt lat="40.747587" lon="-73.957701"><ele>3.6</ele><time>2026-07-30T15:47:14.000Z</time></trkpt>
      <trkpt lat="40.747559" lon="-73.95772"><ele>3.6</ele><time>2026-07-30T15:47:15.000Z</time></trkpt>
      <trkpt lat="40.747532" lon="-73.957739"><ele>3.6</ele><time>2026-07-30T15:47:16.000Z</time></trkpt>
      <trkpt lat="40.747505" lon="-73.957758"><ele>3.6</ele><time>2026-07-30T15:47:17.000Z</time></trkpt>
      <trkpt lat="40.747478" lon="-73.957778"><ele>3.8</ele><time>2026-07-30T15:47:18.000Z</time></trkpt>
      <trkpt lat="40.74745" lon="-73.957799"><ele>3.8</ele><time>2026-07-30T15:47:19.000Z</time></trkpt>
      <trkpt lat="40.747422" lon="-73.957821"><ele>3.8</ele><time>2026-07-30T15:47:20.000Z</time></trkpt>
      <trkpt lat="40.747394" lon="-73.957841"><ele>3.8</ele><time>2026-07-30T15:47:21.000Z</time></trkpt>
      <trkpt lat="40.747367" lon="-73.957862"><ele>3.8</ele><time>2026-07-30T15:47:22.000Z</time></trkpt>
      <trkpt lat="40.747341" lon="-73.957882"><ele>3.8</ele><time>2026-07-30T15:47:23.000Z</time></trkpt>
      <trkpt lat="40.747316" lon="-73.957901"><ele>3.8</ele><time>2026-07-30T15:47:24.000Z</time></trkpt>
      <trkpt lat="40.747291" lon="-73.957921"><ele>4</ele><time>2026-07-30T15:47:25.000Z</time></trkpt>
      <trkpt lat="40.747267" lon="-73.95794"><ele>4</ele><time>2026-07-30T15:47:26.000Z</time></trkpt>
      <trkpt lat="40.747243" lon="-73.957958"><ele>3.8</ele><time>2026-07-30T15:47:27.000Z</time></trkpt>
      <trkpt lat="40.74722" lon="-73.957974"><ele>3.8</ele><time>2026-07-30T15:47:28.000Z</time></trkpt>
      <trkpt lat="40.747198" lon="-73.957987"><ele>3.8</ele><time>2026-07-30T15:47:29.000Z</time></trkpt>
      <trkpt lat="40.747177" lon="-73.957996"><ele>3.8</ele><time>2026-07-30T15:47:30.000Z</time></trkpt>
      <trkpt lat="40.747156" lon="-73.958001"><ele>3.8</ele><time>2026-07-30T15:47:31.000Z</time></trkpt>
      <trkpt lat="40.747133" lon="-73.958003"><ele>3.8</ele><time>2026-07-30T15:47:32.000Z</time></trkpt>
      <trkpt lat="40.747109" lon="-73.958006"><ele>3.8</ele><time>2026-07-30T15:47:33.000Z</time></trkpt>
      <trkpt lat="40.747086" lon="-73.958008"><ele>3.8</ele><time>2026-07-30T15:47:34.000Z</time></trkpt>
      <trkpt lat="40.747064" lon="-73.95801"><ele>3.8</ele><time>2026-07-30T15:47:35.000Z</time></trkpt>
      <trkpt lat="40.747044" lon="-73.958013"><ele>3.8</ele><time>2026-07-30T15:47:36.000Z</time></trkpt>
      <trkpt lat="40.747023" lon="-73.958018"><ele>3.8</ele><time>2026-07-30T15:47:37.000Z</time></trkpt>
      <trkpt lat="40.747002" lon="-73.958022"><ele>3.8</ele><time>2026-07-30T15:47:38.000Z</time></trkpt>
      <trkpt lat="40.746979" lon="-73.958028"><ele>3.8</ele><time>2026-07-30T15:47:39.000Z</time></trkpt>
      <trkpt lat="40.746955" lon="-73.958037"><ele>4</ele><time>2026-07-30T15:47:40.000Z</time></trkpt>
      <trkpt lat="40.746931" lon="-73.95805"><ele>4</ele><time>2026-07-30T15:47:41.000Z</time></trkpt>
      <trkpt lat="40.746906" lon="-73.958065"><ele>4</ele><time>2026-07-30T15:47:42.000Z</time></trkpt>
      <trkpt lat="40.746881" lon="-73.958081"><ele>4</ele><time>2026-07-30T15:47:43.000Z</time></trkpt>
      <trkpt lat="40.746856" lon="-73.958098"><ele>4</ele><time>2026-07-30T15:47:44.000Z</time></trkpt>
      <trkpt lat="40.746832" lon="-73.958117"><ele>4</ele><time>2026-07-30T15:47:45.000Z</time></trkpt>
      <trkpt lat="40.746808" lon="-73.958138"><ele>4.2</ele><time>2026-07-30T15:47:46.000Z</time></trkpt>
      <trkpt lat="40.746785" lon="-73.958159"><ele>4.2</ele><time>2026-07-30T15:47:47.000Z</time></trkpt>
      <trkpt lat="40.746762" lon="-73.95818"><ele>4.2</ele><time>2026-07-30T15:47:48.000Z</time></trkpt>
      <trkpt lat="40.746739" lon="-73.958202"><ele>4.2</ele><time>2026-07-30T15:47:49.000Z</time></trkpt>
      <trkpt lat="40.746717" lon="-73.958223"><ele>4.2</ele><time>2026-07-30T15:47:50.000Z</time></trkpt>
      <trkpt lat="40.746695" lon="-73.958247"><ele>4.2</ele><time>2026-07-30T15:47:51.000Z</time></trkpt>
      <trkpt lat="40.746675" lon="-73.958272"><ele>4.2</ele><time>2026-07-30T15:47:52.000Z</time></trkpt>
      <trkpt lat="40.746656" lon="-73.958298"><ele>4.2</ele><time>2026-07-30T15:47:53.000Z</time></trkpt>
      <trkpt lat="40.746639" lon="-73.958324"><ele>4.2</ele><time>2026-07-30T15:47:54.000Z</time></trkpt>
      <trkpt lat="40.746622" lon="-73.958349"><ele>4.2</ele><time>2026-07-30T15:47:55.000Z</time></trkpt>
      <trkpt lat="40.746605" lon="-73.958374"><ele>4.2</ele><time>2026-07-30T15:47:56.000Z</time></trkpt>
      <trkpt lat="40.746586" lon="-73.958398"><ele>4.2</ele><time>2026-07-30T15:47:57.000Z</time></trkpt>
      <trkpt lat="40.746566" lon="-73.958421"><ele>4.2</ele><time>2026-07-30T15:47:58.000Z</time></trkpt>
      <trkpt lat="40.746545" lon="-73.958444"><ele>4.2</ele><time>2026-07-30T15:47:59.000Z</time></trkpt>
      <trkpt lat="40.746524" lon="-73.958464"><ele>4.2</ele><time>2026-07-30T15:48:00.000Z</time></trkpt>
      <trkpt lat="40.746501" lon="-73.958481"><ele>4.2</ele><time>2026-07-30T15:48:01.000Z</time></trkpt>
      <trkpt lat="40.746476" lon="-73.958497"><ele>4.2</ele><time>2026-07-30T15:48:02.000Z</time></trkpt>
      <trkpt lat="40.74645" lon="-73.95851"><ele>4.2</ele><time>2026-07-30T15:48:03.000Z</time></trkpt>
      <trkpt lat="40.746423" lon="-73.95852"><ele>4.2</ele><time>2026-07-30T15:48:04.000Z</time></trkpt>
      <trkpt lat="40.746395" lon="-73.958528"><ele>4.2</ele><time>2026-07-30T15:48:05.000Z</time></trkpt>
      <trkpt lat="40.746367" lon="-73.958532"><ele>4.2</ele><time>2026-07-30T15:48:06.000Z</time></trkpt>
      <trkpt lat="40.74634" lon="-73.958536"><ele>4.2</ele><time>2026-07-30T15:48:07.000Z</time></trkpt>
      <trkpt lat="40.746313" lon="-73.958538"><ele>4.2</ele><time>2026-07-30T15:48:08.000Z</time></trkpt>
      <trkpt lat="40.746286" lon="-73.95854"><ele>4.2</ele><time>2026-07-30T15:48:09.000Z</time></trkpt>
      <trkpt lat="40.746259" lon="-73.958542"><ele>4.2</ele><time>2026-07-30T15:48:10.000Z</time></trkpt>
      <trkpt lat="40.746232" lon="-73.958541"><ele>4.2</ele><time>2026-07-30T15:48:11.000Z</time></trkpt>
      <trkpt lat="40.746205" lon="-73.958537"><ele>4.2</ele><time>2026-07-30T15:48:12.000Z</time></trkpt>
      <trkpt lat="40.746177" lon="-73.95853"><ele>4.2</ele><time>2026-07-30T15:48:13.000Z</time></trkpt>
      <trkpt lat="40.746151" lon="-73.958521"><ele>4.2</ele><time>2026-07-30T15:48:14.000Z</time></trkpt>
      <trkpt lat="40.746125" lon="-73.958512"><ele>4.2</ele><time>2026-07-30T15:48:15.000Z</time></trkpt>
      <trkpt lat="40.7461" lon="-73.958502"><ele>4.2</ele><time>2026-07-30T15:48:16.000Z</time></trkpt>
      <trkpt lat="40.746075" lon="-73.958492"><ele>4.2</ele><time>2026-07-30T15:48:17.000Z</time></trkpt>
      <trkpt lat="40.74605" lon="-73.958479"><ele>4.2</ele><time>2026-07-30T15:48:18.000Z</time></trkpt>
      <trkpt lat="40.746025" lon="-73.958465"><ele>4.2</ele><time>2026-07-30T15:48:19.000Z</time></trkpt>
      <trkpt lat="40.746001" lon="-73.958447"><ele>4.2</ele><time>2026-07-30T15:48:20.000Z</time></trkpt>
      <trkpt lat="40.745979" lon="-73.958428"><ele>4.2</ele><time>2026-07-30T15:48:21.000Z</time></trkpt>
      <trkpt lat="40.745957" lon="-73.958407"><ele>4.2</ele><time>2026-07-30T15:48:22.000Z</time></trkpt>
      <trkpt lat="40.745937" lon="-73.958384"><ele>4.2</ele><time>2026-07-30T15:48:23.000Z</time></trkpt>
      <trkpt lat="40.745917" lon="-73.958363"><ele>4.2</ele><time>2026-07-30T15:48:24.000Z</time></trkpt>
      <trkpt lat="40.745897" lon="-73.958343"><ele>4.2</ele><time>2026-07-30T15:48:25.000Z</time></trkpt>
      <trkpt lat="40.745874" lon="-73.958327"><ele>4.2</ele><time>2026-07-30T15:48:26.000Z</time></trkpt>
      <trkpt lat="40.74585" lon="-73.958313"><ele>4.2</ele><time>2026-07-30T15:48:27.000Z</time></trkpt>
      <trkpt lat="40.745823" lon="-73.958302"><ele>4.2</ele><time>2026-07-30T15:48:28.000Z</time></trkpt>
      <trkpt lat="40.745795" lon="-73.958292"><ele>4.4</ele><time>2026-07-30T15:48:29.000Z</time></trkpt>
      <trkpt lat="40.745769" lon="-73.958282"><ele>4.4</ele><time>2026-07-30T15:48:30.000Z</time></trkpt>
      <trkpt lat="40.745742" lon="-73.958273"><ele>4.4</ele><time>2026-07-30T15:48:31.000Z</time></trkpt>
      <trkpt lat="40.745715" lon="-73.958266"><ele>4.4</ele><time>2026-07-30T15:48:32.000Z</time></trkpt>
      <trkpt lat="40.745687" lon="-73.95826"><ele>4.4</ele><time>2026-07-30T15:48:33.000Z</time></trkpt>
      <trkpt lat="40.745658" lon="-73.958256"><ele>4.6</ele><time>2026-07-30T15:48:34.000Z</time></trkpt>
      <trkpt lat="40.745629" lon="-73.958252"><ele>4.6</ele><time>2026-07-30T15:48:35.000Z</time></trkpt>
      <trkpt lat="40.745598" lon="-73.958247"><ele>4.6</ele><time>2026-07-30T15:48:36.000Z</time></trkpt>
      <trkpt lat="40.745566" lon="-73.958242"><ele>4.6</ele><time>2026-07-30T15:48:37.000Z</time></trkpt>
      <trkpt lat="40.745534" lon="-73.958238"><ele>4.8</ele><time>2026-07-30T15:48:38.000Z</time></trkpt>
      <trkpt lat="40.745502" lon="-73.958233"><ele>4.8</ele><time>2026-07-30T15:48:39.000Z</time></trkpt>
      <trkpt lat="40.745471" lon="-73.958228"><ele>4.8</ele><time>2026-07-30T15:48:40.000Z</time></trkpt>
      <trkpt lat="40.74544" lon="-73.958225"><ele>4.8</ele><time>2026-07-30T15:48:41.000Z</time></trkpt>
      <trkpt lat="40.74541" lon="-73.958225"><ele>4.8</ele><time>2026-07-30T15:48:42.000Z</time></trkpt>
      <trkpt lat="40.74538" lon="-73.958225"><ele>4.8</ele><time>2026-07-30T15:48:43.000Z</time></trkpt>
      <trkpt lat="40.745351" lon="-73.958225"><ele>4.8</ele><time>2026-07-30T15:48:44.000Z</time></trkpt>
      <trkpt lat="40.745321" lon="-73.958226"><ele>4.8</ele><time>2026-07-30T15:48:45.000Z</time></trkpt>
      <trkpt lat="40.745292" lon="-73.958227"><ele>4.8</ele><time>2026-07-30T15:48:46.000Z</time></trkpt>
      <trkpt lat="40.745264" lon="-73.958228"><ele>4.8</ele><time>2026-07-30T15:48:47.000Z</time></trkpt>
      <trkpt lat="40.745235" lon="-73.958229"><ele>4.6</ele><time>2026-07-30T15:48:48.000Z</time></trkpt>
      <trkpt lat="40.745206" lon="-73.958232"><ele>4.6</ele><time>2026-07-30T15:48:49.000Z</time></trkpt>
      <trkpt lat="40.745178" lon="-73.958236"><ele>4.6</ele><time>2026-07-30T15:48:50.000Z</time></trkpt>
      <trkpt lat="40.74515" lon="-73.958241"><ele>4.6</ele><time>2026-07-30T15:48:51.000Z</time></trkpt>
      <trkpt lat="40.745123" lon="-73.958245"><ele>4.4</ele><time>2026-07-30T15:48:52.000Z</time></trkpt>
      <trkpt lat="40.745123" lon="-73.958245"><ele>4.4</ele><time>2026-07-30T15:48:53.000Z</time></trkpt>
      <trkpt lat="40.745096" lon="-73.95825"><ele>4.4</ele><time>2026-07-30T15:48:54.000Z</time></trkpt>
      <trkpt lat="40.745068" lon="-73.958255"><ele>4.2</ele><time>2026-07-30T15:48:55.000Z</time></trkpt>
      <trkpt lat="40.74504" lon="-73.95826"><ele>4.2</ele><time>2026-07-30T15:48:56.000Z</time></trkpt>
      <trkpt lat="40.745012" lon="-73.958266"><ele>4.2</ele><time>2026-07-30T15:48:57.000Z</time></trkpt>
      <trkpt lat="40.744987" lon="-73.958274"><ele>4</ele><time>2026-07-30T15:48:58.000Z</time></trkpt>
      <trkpt lat="40.744963" lon="-73.958286"><ele>4</ele><time>2026-07-30T15:48:59.000Z</time></trkpt>
      <trkpt lat="40.74494" lon="-73.9583"><ele>4</ele><time>2026-07-30T15:49:00.000Z</time></trkpt>
      <trkpt lat="40.744917" lon="-73.958317"><ele>4</ele><time>2026-07-30T15:49:01.000Z</time></trkpt>
      <trkpt lat="40.744895" lon="-73.958335"><ele>3.8</ele><time>2026-07-30T15:49:02.000Z</time></trkpt>
      <trkpt lat="40.744872" lon="-73.958354"><ele>3.8</ele><time>2026-07-30T15:49:03.000Z</time></trkpt>
      <trkpt lat="40.74485" lon="-73.958372"><ele>3.8</ele><time>2026-07-30T15:49:04.000Z</time></trkpt>
      <trkpt lat="40.744828" lon="-73.958391"><ele>3.8</ele><time>2026-07-30T15:49:05.000Z</time></trkpt>
      <trkpt lat="40.744806" lon="-73.958412"><ele>3.8</ele><time>2026-07-30T15:49:06.000Z</time></trkpt>
      <trkpt lat="40.744784" lon="-73.958432"><ele>3.8</ele><time>2026-07-30T15:49:07.000Z</time></trkpt>
      <trkpt lat="40.744763" lon="-73.958451"><ele>3.8</ele><time>2026-07-30T15:49:08.000Z</time></trkpt>
      <trkpt lat="40.744742" lon="-73.958471"><ele>3.8</ele><time>2026-07-30T15:49:09.000Z</time></trkpt>
      <trkpt lat="40.744721" lon="-73.958492"><ele>3.8</ele><time>2026-07-30T15:49:10.000Z</time></trkpt>
      <trkpt lat="40.7447" lon="-73.958514"><ele>3.8</ele><time>2026-07-30T15:49:11.000Z</time></trkpt>
      <trkpt lat="40.744679" lon="-73.958537"><ele>3.8</ele><time>2026-07-30T15:49:12.000Z</time></trkpt>
      <trkpt lat="40.744658" lon="-73.958558"><ele>3.8</ele><time>2026-07-30T15:49:13.000Z</time></trkpt>
      <trkpt lat="40.744638" lon="-73.958577"><ele>3.8</ele><time>2026-07-30T15:49:14.000Z</time></trkpt>
      <trkpt lat="40.74462" lon="-73.958594"><ele>3.8</ele><time>2026-07-30T15:49:15.000Z</time></trkpt>
      <trkpt lat="40.744603" lon="-73.958613"><ele>3.8</ele><time>2026-07-30T15:49:16.000Z</time></trkpt>
      <trkpt lat="40.744585" lon="-73.958633"><ele>3.8</ele><time>2026-07-30T15:49:17.000Z</time></trkpt>
      <trkpt lat="40.744566" lon="-73.958653"><ele>3.8</ele><time>2026-07-30T15:49:18.000Z</time></trkpt>
      <trkpt lat="40.744548" lon="-73.958672"><ele>3.8</ele><time>2026-07-30T15:49:19.000Z</time></trkpt>
      <trkpt lat="40.74453" lon="-73.958689"><ele>3.8</ele><time>2026-07-30T15:49:20.000Z</time></trkpt>
      <trkpt lat="40.744513" lon="-73.9587"><ele>3.8</ele><time>2026-07-30T15:49:21.000Z</time></trkpt>
      <trkpt lat="40.744498" lon="-73.9587"><ele>3.8</ele><time>2026-07-30T15:49:22.000Z</time></trkpt>
      <trkpt lat="40.744486" lon="-73.958686"><ele>3.8</ele><time>2026-07-30T15:49:23.000Z</time></trkpt>
      <trkpt lat="40.744481" lon="-73.958662"><ele>3.8</ele><time>2026-07-30T15:49:24.000Z</time></trkpt>
      <trkpt lat="40.744481" lon="-73.958632"><ele>4</ele><time>2026-07-30T15:49:25.000Z</time></trkpt>
      <trkpt lat="40.744484" lon="-73.958603"><ele>4</ele><time>2026-07-30T15:49:26.000Z</time></trkpt>
      <trkpt lat="40.744486" lon="-73.958579"><ele>4.2</ele><time>2026-07-30T15:49:27.000Z</time></trkpt>
      <trkpt lat="40.744481" lon="-73.958561"><ele>4.2</ele><time>2026-07-30T15:49:28.000Z</time></trkpt>
      <trkpt lat="40.74447" lon="-73.958554"><ele>4.2</ele><time>2026-07-30T15:49:29.000Z</time></trkpt>
      <trkpt lat="40.744454" lon="-73.958561"><ele>4.4</ele><time>2026-07-30T15:49:30.000Z</time></trkpt>
      <trkpt lat="40.744438" lon="-73.958583"><ele>4.4</ele><time>2026-07-30T15:49:31.000Z</time></trkpt>
      <trkpt lat="40.744423" lon="-73.958611"><ele>4.6</ele><time>2026-07-30T15:49:32.000Z</time></trkpt>
      <trkpt lat="40.744408" lon="-73.95864"><ele>4.6</ele><time>2026-07-30T15:49:33.000Z</time></trkpt>
      <trkpt lat="40.744392" lon="-73.958667"><ele>4.6</ele><time>2026-07-30T15:49:34.000Z</time></trkpt>
      <trkpt lat="40.744374" lon="-73.958693"><ele>4.6</ele><time>2026-07-30T15:49:35.000Z</time></trkpt>
      <trkpt lat="40.744355" lon="-73.958719"><ele>4.6</ele><time>2026-07-30T15:49:36.000Z</time></trkpt>
      <trkpt lat="40.744334" lon="-73.958744"><ele>4.6</ele><time>2026-07-30T15:49:37.000Z</time></trkpt>
      <trkpt lat="40.744312" lon="-73.958769"><ele>4.6</ele><time>2026-07-30T15:49:38.000Z</time></trkpt>
      <trkpt lat="40.744292" lon="-73.958793"><ele>4.6</ele><time>2026-07-30T15:49:39.000Z</time></trkpt>
      <trkpt lat="40.744271" lon="-73.958816"><ele>4.6</ele><time>2026-07-30T15:49:40.000Z</time></trkpt>
      <trkpt lat="40.744251" lon="-73.958839"><ele>4.6</ele><time>2026-07-30T15:49:41.000Z</time></trkpt>
      <trkpt lat="40.744229" lon="-73.958863"><ele>4.6</ele><time>2026-07-30T15:49:42.000Z</time></trkpt>
      <trkpt lat="40.744207" lon="-73.958887"><ele>4.6</ele><time>2026-07-30T15:49:43.000Z</time></trkpt>
      <trkpt lat="40.744185" lon="-73.958912"><ele>4.6</ele><time>2026-07-30T15:49:44.000Z</time></trkpt>
      <trkpt lat="40.744164" lon="-73.958937"><ele>4.6</ele><time>2026-07-30T15:49:45.000Z</time></trkpt>
      <trkpt lat="40.744143" lon="-73.958962"><ele>4.6</ele><time>2026-07-30T15:49:46.000Z</time></trkpt>
      <trkpt lat="40.744125" lon="-73.958987"><ele>4.6</ele><time>2026-07-30T15:49:47.000Z</time></trkpt>
      <trkpt lat="40.744106" lon="-73.959011"><ele>4.6</ele><time>2026-07-30T15:49:48.000Z</time></trkpt>
      <trkpt lat="40.744087" lon="-73.959035"><ele>4.6</ele><time>2026-07-30T15:49:49.000Z</time></trkpt>
      <trkpt lat="40.744066" lon="-73.959059"><ele>4.6</ele><time>2026-07-30T15:49:50.000Z</time></trkpt>
      <trkpt lat="40.744045" lon="-73.959085"><ele>4.6</ele><time>2026-07-30T15:49:51.000Z</time></trkpt>
      <trkpt lat="40.744022" lon="-73.95911"><ele>4.6</ele><time>2026-07-30T15:49:52.000Z</time></trkpt>
      <trkpt lat="40.743999" lon="-73.959136"><ele>4.6</ele><time>2026-07-30T15:49:53.000Z</time></trkpt>
      <trkpt lat="40.743975" lon="-73.95916"><ele>4.6</ele><time>2026-07-30T15:49:54.000Z</time></trkpt>
      <trkpt lat="40.74395" lon="-73.959182"><ele>4.6</ele><time>2026-07-30T15:49:55.000Z</time></trkpt>
      <trkpt lat="40.743925" lon="-73.959203"><ele>4.6</ele><time>2026-07-30T15:49:56.000Z</time></trkpt>
      <trkpt lat="40.743902" lon="-73.959223"><ele>4.6</ele><time>2026-07-30T15:49:57.000Z</time></trkpt>
      <trkpt lat="40.74388" lon="-73.959244"><ele>4.6</ele><time>2026-07-30T15:49:58.000Z</time></trkpt>
      <trkpt lat="40.74386" lon="-73.959267"><ele>4.6</ele><time>2026-07-30T15:49:59.000Z</time></trkpt>
      <trkpt lat="40.74384" lon="-73.95929"><ele>4.6</ele><time>2026-07-30T15:50:00.000Z</time></trkpt>
      <trkpt lat="40.743817" lon="-73.959311"><ele>4.6</ele><time>2026-07-30T15:50:01.000Z</time></trkpt>
      <trkpt lat="40.743793" lon="-73.959331"><ele>4.6</ele><time>2026-07-30T15:50:02.000Z</time></trkpt>
      <trkpt lat="40.743769" lon="-73.959353"><ele>4.6</ele><time>2026-07-30T15:50:03.000Z</time></trkpt>
      <trkpt lat="40.743746" lon="-73.959375"><ele>4.6</ele><time>2026-07-30T15:50:04.000Z</time></trkpt>
      <trkpt lat="40.743723" lon="-73.959397"><ele>4.6</ele><time>2026-07-30T15:50:05.000Z</time></trkpt>
      <trkpt lat="40.743703" lon="-73.959416"><ele>4.4</ele><time>2026-07-30T15:50:06.000Z</time></trkpt>
      <trkpt lat="40.743683" lon="-73.959436"><ele>4.4</ele><time>2026-07-30T15:50:07.000Z</time></trkpt>
      <trkpt lat="40.743663" lon="-73.959458"><ele>4.4</ele><time>2026-07-30T15:50:08.000Z</time></trkpt>
      <trkpt lat="40.743642" lon="-73.959481"><ele>4.4</ele><time>2026-07-30T15:50:09.000Z</time></trkpt>
      <trkpt lat="40.743619" lon="-73.9595"><ele>4.4</ele><time>2026-07-30T15:50:10.000Z</time></trkpt>
      <trkpt lat="40.743592" lon="-73.959515"><ele>4.4</ele><time>2026-07-30T15:50:11.000Z</time></trkpt>
      <trkpt lat="40.743562" lon="-73.959528"><ele>4.4</ele><time>2026-07-30T15:50:12.000Z</time></trkpt>
      <trkpt lat="40.743531" lon="-73.959541"><ele>4.4</ele><time>2026-07-30T15:50:13.000Z</time></trkpt>
      <trkpt lat="40.7435" lon="-73.959555"><ele>4.4</ele><time>2026-07-30T15:50:14.000Z</time></trkpt>
      <trkpt lat="40.74347" lon="-73.959571"><ele>4.4</ele><time>2026-07-30T15:50:15.000Z</time></trkpt>
      <trkpt lat="40.74344" lon="-73.959585"><ele>4.4</ele><time>2026-07-30T15:50:16.000Z</time></trkpt>
      <trkpt lat="40.74341" lon="-73.959597"><ele>4.4</ele><time>2026-07-30T15:50:17.000Z</time></trkpt>
      <trkpt lat="40.74338" lon="-73.959608"><ele>4.4</ele><time>2026-07-30T15:50:18.000Z</time></trkpt>
      <trkpt lat="40.743351" lon="-73.959617"><ele>4.4</ele><time>2026-07-30T15:50:19.000Z</time></trkpt>
      <trkpt lat="40.74332" lon="-73.959627"><ele>4.4</ele><time>2026-07-30T15:50:20.000Z</time></trkpt>
      <trkpt lat="40.743289" lon="-73.959636"><ele>4.4</ele><time>2026-07-30T15:50:21.000Z</time></trkpt>
      <trkpt lat="40.743256" lon="-73.959645"><ele>4.4</ele><time>2026-07-30T15:50:22.000Z</time></trkpt>
      <trkpt lat="40.743224" lon="-73.959656"><ele>4.4</ele><time>2026-07-30T15:50:23.000Z</time></trkpt>
      <trkpt lat="40.743194" lon="-73.959668"><ele>4.4</ele><time>2026-07-30T15:50:24.000Z</time></trkpt>
      <trkpt lat="40.743166" lon="-73.959681"><ele>4.4</ele><time>2026-07-30T15:50:25.000Z</time></trkpt>
      <trkpt lat="40.743139" lon="-73.959691"><ele>4.4</ele><time>2026-07-30T15:50:26.000Z</time></trkpt>
      <trkpt lat="40.743112" lon="-73.9597"><ele>4.4</ele><time>2026-07-30T15:50:27.000Z</time></trkpt>
      <trkpt lat="40.743084" lon="-73.959708"><ele>4.4</ele><time>2026-07-30T15:50:28.000Z</time></trkpt>
      <trkpt lat="40.743055" lon="-73.959717"><ele>4.4</ele><time>2026-07-30T15:50:29.000Z</time></trkpt>
      <trkpt lat="40.743025" lon="-73.959726"><ele>4.4</ele><time>2026-07-30T15:50:30.000Z</time></trkpt>
      <trkpt lat="40.742994" lon="-73.959734"><ele>4.4</ele><time>2026-07-30T15:50:31.000Z</time></trkpt>
      <trkpt lat="40.742963" lon="-73.959741"><ele>4.4</ele><time>2026-07-30T15:50:32.000Z</time></trkpt>
      <trkpt lat="40.742933" lon="-73.959745"><ele>4.4</ele><time>2026-07-30T15:50:33.000Z</time></trkpt>
      <trkpt lat="40.742903" lon="-73.959746"><ele>4.4</ele><time>2026-07-30T15:50:34.000Z</time></trkpt>
      <trkpt lat="40.742873" lon="-73.959745"><ele>4.4</ele><time>2026-07-30T15:50:35.000Z</time></trkpt>
      <trkpt lat="40.742844" lon="-73.959744"><ele>4.4</ele><time>2026-07-30T15:50:36.000Z</time></trkpt>
      <trkpt lat="40.742815" lon="-73.959744"><ele>4.4</ele><time>2026-07-30T15:50:37.000Z</time></trkpt>
      <trkpt lat="40.742786" lon="-73.959745"><ele>4.4</ele><time>2026-07-30T15:50:38.000Z</time></trkpt>
      <trkpt lat="40.742757" lon="-73.959748"><ele>4.4</ele><time>2026-07-30T15:50:39.000Z</time></trkpt>
      <trkpt lat="40.742727" lon="-73.959752"><ele>4.4</ele><time>2026-07-30T15:50:40.000Z</time></trkpt>
      <trkpt lat="40.742697" lon="-73.959756"><ele>4.4</ele><time>2026-07-30T15:50:41.000Z</time></trkpt>
      <trkpt lat="40.742667" lon="-73.959757"><ele>4.4</ele><time>2026-07-30T15:50:42.000Z</time></trkpt>
      <trkpt lat="40.742638" lon="-73.959757"><ele>4.4</ele><time>2026-07-30T15:50:43.000Z</time></trkpt>
      <trkpt lat="40.742607" lon="-73.959755"><ele>4.2</ele><time>2026-07-30T15:50:44.000Z</time></trkpt>
      <trkpt lat="40.742575" lon="-73.959754"><ele>4.2</ele><time>2026-07-30T15:50:45.000Z</time></trkpt>
      <trkpt lat="40.742544" lon="-73.959753"><ele>4.2</ele><time>2026-07-30T15:50:46.000Z</time></trkpt>
      <trkpt lat="40.742514" lon="-73.959755"><ele>4.2</ele><time>2026-07-30T15:50:47.000Z</time></trkpt>
      <trkpt lat="40.742485" lon="-73.959761"><ele>4.2</ele><time>2026-07-30T15:50:48.000Z</time></trkpt>
      <trkpt lat="40.742457" lon="-73.959768"><ele>4</ele><time>2026-07-30T15:50:49.000Z</time></trkpt>
      <trkpt lat="40.742429" lon="-73.959776"><ele>4</ele><time>2026-07-30T15:50:50.000Z</time></trkpt>
      <trkpt lat="40.742401" lon="-73.959785"><ele>4</ele><time>2026-07-30T15:50:51.000Z</time></trkpt>
      <trkpt lat="40.742375" lon="-73.959797"><ele>4</ele><time>2026-07-30T15:50:52.000Z</time></trkpt>
      <trkpt lat="40.742348" lon="-73.959811"><ele>3.8</ele><time>2026-07-30T15:50:53.000Z</time></trkpt>
      <trkpt lat="40.742319" lon="-73.959827"><ele>3.8</ele><time>2026-07-30T15:50:54.000Z</time></trkpt>
      <trkpt lat="40.74229" lon="-73.959844"><ele>4</ele><time>2026-07-30T15:50:55.000Z</time></trkpt>
      <trkpt lat="40.742262" lon="-73.959859"><ele>4</ele><time>2026-07-30T15:50:56.000Z</time></trkpt>
      <trkpt lat="40.742236" lon="-73.959872"><ele>4</ele><time>2026-07-30T15:50:57.000Z</time></trkpt>
      <trkpt lat="40.742209" lon="-73.959883"><ele>4</ele><time>2026-07-30T15:50:58.000Z</time></trkpt>
      <trkpt lat="40.742181" lon="-73.959894"><ele>4.2</ele><time>2026-07-30T15:50:59.000Z</time></trkpt>
      <trkpt lat="40.742152" lon="-73.959904"><ele>4.2</ele><time>2026-07-30T15:51:00.000Z</time></trkpt>
      <trkpt lat="40.742125" lon="-73.959914"><ele>4.4</ele><time>2026-07-30T15:51:01.000Z</time></trkpt>
      <trkpt lat="40.7421" lon="-73.959926"><ele>4.6</ele><time>2026-07-30T15:51:02.000Z</time></trkpt>
      <trkpt lat="40.742073" lon="-73.959937"><ele>4.6</ele><time>2026-07-30T15:51:03.000Z</time></trkpt>
      <trkpt lat="40.742045" lon="-73.959948"><ele>4.8</ele><time>2026-07-30T15:51:04.000Z</time></trkpt>
      <trkpt lat="40.742016" lon="-73.959958"><ele>4.8</ele><time>2026-07-30T15:51:05.000Z</time></trkpt>
      <trkpt lat="40.741989" lon="-73.959971"><ele>5</ele><time>2026-07-30T15:51:06.000Z</time></trkpt>
      <trkpt lat="40.741961" lon="-73.95998"><ele>5</ele><time>2026-07-30T15:51:07.000Z</time></trkpt>
      <trkpt lat="40.741933" lon="-73.959988"><ele>5</ele><time>2026-07-30T15:51:08.000Z</time></trkpt>
      <trkpt lat="40.741904" lon="-73.959996"><ele>5</ele><time>2026-07-30T15:51:09.000Z</time></trkpt>
      <trkpt lat="40.741876" lon="-73.960003"><ele>5.2</ele><time>2026-07-30T15:51:10.000Z</time></trkpt>
      <trkpt lat="40.741847" lon="-73.960015"><ele>5.2</ele><time>2026-07-30T15:51:11.000Z</time></trkpt>
      <trkpt lat="40.741818" lon="-73.960035"><ele>5.2</ele><time>2026-07-30T15:51:12.000Z</time></trkpt>
      <trkpt lat="40.741789" lon="-73.960064"><ele>5.2</ele><time>2026-07-30T15:51:13.000Z</time></trkpt>
      <trkpt lat="40.741762" lon="-73.9601"><ele>5.2</ele><time>2026-07-30T15:51:14.000Z</time></trkpt>
      <trkpt lat="40.741738" lon="-73.960143"><ele>5.2</ele><time>2026-07-30T15:51:15.000Z</time></trkpt>
      <trkpt lat="40.741717" lon="-73.960186"><ele>5.2</ele><time>2026-07-30T15:51:16.000Z</time></trkpt>
      <trkpt lat="40.741698" lon="-73.960228"><ele>5.2</ele><time>2026-07-30T15:51:17.000Z</time></trkpt>
      <trkpt lat="40.741678" lon="-73.960267"><ele>5.2</ele><time>2026-07-30T15:51:18.000Z</time></trkpt>
      <trkpt lat="40.741659" lon="-73.960304"><ele>5.2</ele><time>2026-07-30T15:51:19.000Z</time></trkpt>
      <trkpt lat="40.741639" lon="-73.960338"><ele>5.2</ele><time>2026-07-30T15:51:20.000Z</time></trkpt>
      <trkpt lat="40.741619" lon="-73.960371"><ele>5.2</ele><time>2026-07-30T15:51:21.000Z</time></trkpt>
      <trkpt lat="40.741598" lon="-73.960403"><ele>5.2</ele><time>2026-07-30T15:51:22.000Z</time></trkpt>
      <trkpt lat="40.741575" lon="-73.960432"><ele>5.2</ele><time>2026-07-30T15:51:23.000Z</time></trkpt>
      <trkpt lat="40.741552" lon="-73.960461"><ele>5.2</ele><time>2026-07-30T15:51:24.000Z</time></trkpt>
      <trkpt lat="40.74153" lon="-73.960488"><ele>5.2</ele><time>2026-07-30T15:51:25.000Z</time></trkpt>
      <trkpt lat="40.741507" lon="-73.960513"><ele>5.2</ele><time>2026-07-30T15:51:26.000Z</time></trkpt>
      <trkpt lat="40.741485" lon="-73.960538"><ele>5.2</ele><time>2026-07-30T15:51:27.000Z</time></trkpt>
      <trkpt lat="40.741462" lon="-73.960559"><ele>5.2</ele><time>2026-07-30T15:51:28.000Z</time></trkpt>
      <trkpt lat="40.741437" lon="-73.960579"><ele>5</ele><time>2026-07-30T15:51:29.000Z</time></trkpt>
      <trkpt lat="40.741412" lon="-73.960597"><ele>5</ele><time>2026-07-30T15:51:30.000Z</time></trkpt>
      <trkpt lat="40.741387" lon="-73.960614"><ele>5</ele><time>2026-07-30T15:51:31.000Z</time></trkpt>
      <trkpt lat="40.741362" lon="-73.960629"><ele>5</ele><time>2026-07-30T15:51:32.000Z</time></trkpt>
      <trkpt lat="40.741335" lon="-73.960644"><ele>5</ele><time>2026-07-30T15:51:33.000Z</time></trkpt>
      <trkpt lat="40.741309" lon="-73.960657"><ele>5</ele><time>2026-07-30T15:51:34.000Z</time></trkpt>
      <trkpt lat="40.741283" lon="-73.960669"><ele>4.8</ele><time>2026-07-30T15:51:35.000Z</time></trkpt>
      <trkpt lat="40.741259" lon="-73.960679"><ele>4.8</ele><time>2026-07-30T15:51:36.000Z</time></trkpt>
      <trkpt lat="40.741235" lon="-73.960688"><ele>4.8</ele><time>2026-07-30T15:51:37.000Z</time></trkpt>
      <trkpt lat="40.741211" lon="-73.960695"><ele>4.8</ele><time>2026-07-30T15:51:38.000Z</time></trkpt>
      <trkpt lat="40.741186" lon="-73.9607"><ele>4.8</ele><time>2026-07-30T15:51:39.000Z</time></trkpt>
      <trkpt lat="40.74116" lon="-73.960704"><ele>4.6</ele><time>2026-07-30T15:51:40.000Z</time></trkpt>
      <trkpt lat="40.741133" lon="-73.96071"><ele>4.6</ele><time>2026-07-30T15:51:41.000Z</time></trkpt>
      <trkpt lat="40.741106" lon="-73.960717"><ele>4.6</ele><time>2026-07-30T15:51:42.000Z</time></trkpt>
      <trkpt lat="40.741079" lon="-73.960724"><ele>4.6</ele><time>2026-07-30T15:51:43.000Z</time></trkpt>
      <trkpt lat="40.741053" lon="-73.96073"><ele>4.6</ele><time>2026-07-30T15:51:44.000Z</time></trkpt>
      <trkpt lat="40.741029" lon="-73.960734"><ele>4.6</ele><time>2026-07-30T15:51:45.000Z</time></trkpt>
      <trkpt lat="40.741006" lon="-73.960739"><ele>4.8</ele><time>2026-07-30T15:51:46.000Z</time></trkpt>
      <trkpt lat="40.740982" lon="-73.960744"><ele>4.8</ele><time>2026-07-30T15:51:47.000Z</time></trkpt>
      <trkpt lat="40.740959" lon="-73.960752"><ele>4.8</ele><time>2026-07-30T15:51:48.000Z</time></trkpt>
      <trkpt lat="40.740936" lon="-73.960762"><ele>4.8</ele><time>2026-07-30T15:51:49.000Z</time></trkpt>
      <trkpt lat="40.740915" lon="-73.960771"><ele>4.8</ele><time>2026-07-30T15:51:50.000Z</time></trkpt>
      <trkpt lat="40.740893" lon="-73.960779"><ele>5</ele><time>2026-07-30T15:51:51.000Z</time></trkpt>
      <trkpt lat="40.740871" lon="-73.960788"><ele>5</ele><time>2026-07-30T15:51:52.000Z</time></trkpt>
      <trkpt lat="40.740849" lon="-73.960798"><ele>5</ele><time>2026-07-30T15:51:53.000Z</time></trkpt>
      <trkpt lat="40.740826" lon="-73.96081"><ele>5</ele><time>2026-07-30T15:51:54.000Z</time></trkpt>
      <trkpt lat="40.740804" lon="-73.960821"><ele>5</ele><time>2026-07-30T15:51:55.000Z</time></trkpt>
      <trkpt lat="40.740785" lon="-73.960831"><ele>5.2</ele><time>2026-07-30T15:51:56.000Z</time></trkpt>
      <trkpt lat="40.740768" lon="-73.960839"><ele>5.2</ele><time>2026-07-30T15:51:57.000Z</time></trkpt>
      <trkpt lat="40.74075" lon="-73.960846"><ele>5.2</ele><time>2026-07-30T15:51:58.000Z</time></trkpt>
      <trkpt lat="40.74073" lon="-73.960853"><ele>5.2</ele><time>2026-07-30T15:51:59.000Z</time></trkpt>
      <trkpt lat="40.740708" lon="-73.96086"><ele>5.2</ele><time>2026-07-30T15:52:00.000Z</time></trkpt>
      <trkpt lat="40.740686" lon="-73.960866"><ele>5.2</ele><time>2026-07-30T15:52:01.000Z</time></trkpt>
      <trkpt lat="40.740664" lon="-73.960873"><ele>5.2</ele><time>2026-07-30T15:52:02.000Z</time></trkpt>
      <trkpt lat="40.740641" lon="-73.960879"><ele>5.2</ele><time>2026-07-30T15:52:03.000Z</time></trkpt>
      <trkpt lat="40.740618" lon="-73.960886"><ele>5.2</ele><time>2026-07-30T15:52:04.000Z</time></trkpt>
      <trkpt lat="40.740593" lon="-73.960892"><ele>5.2</ele><time>2026-07-30T15:52:05.000Z</time></trkpt>
      <trkpt lat="40.740567" lon="-73.9609"><ele>5.2</ele><time>2026-07-30T15:52:06.000Z</time></trkpt>
      <trkpt lat="40.740542" lon="-73.960909"><ele>5</ele><time>2026-07-30T15:52:07.000Z</time></trkpt>
      <trkpt lat="40.740518" lon="-73.960919"><ele>5</ele><time>2026-07-30T15:52:08.000Z</time></trkpt>
      <trkpt lat="40.740497" lon="-73.960932"><ele>5</ele><time>2026-07-30T15:52:09.000Z</time></trkpt>
      <trkpt lat="40.740479" lon="-73.960949"><ele>5</ele><time>2026-07-30T15:52:10.000Z</time></trkpt>
      <trkpt lat="40.740466" lon="-73.960972"><ele>5</ele><time>2026-07-30T15:52:11.000Z</time></trkpt>
      <trkpt lat="40.740453" lon="-73.961001"><ele>5</ele><time>2026-07-30T15:52:12.000Z</time></trkpt>
      <trkpt lat="40.740437" lon="-73.96103"><ele>4.8</ele><time>2026-07-30T15:52:13.000Z</time></trkpt>
      <trkpt lat="40.740414" lon="-73.961054"><ele>4.8</ele><time>2026-07-30T15:52:14.000Z</time></trkpt>
      <trkpt lat="40.740388" lon="-73.961074"><ele>4.8</ele><time>2026-07-30T15:52:15.000Z</time></trkpt>
      <trkpt lat="40.740361" lon="-73.96109"><ele>4.8</ele><time>2026-07-30T15:52:16.000Z</time></trkpt>
      <trkpt lat="40.740335" lon="-73.961104"><ele>4.8</ele><time>2026-07-30T15:52:17.000Z</time></trkpt>
      <trkpt lat="40.74031" lon="-73.961118"><ele>4.6</ele><time>2026-07-30T15:52:18.000Z</time></trkpt>
      <trkpt lat="40.740287" lon="-73.961133"><ele>4.6</ele><time>2026-07-30T15:52:19.000Z</time></trkpt>
      <trkpt lat="40.740264" lon="-73.961152"><ele>4.6</ele><time>2026-07-30T15:52:20.000Z</time></trkpt>
      <trkpt lat="40.740241" lon="-73.961173"><ele>4.6</ele><time>2026-07-30T15:52:21.000Z</time></trkpt>
      <trkpt lat="40.740217" lon="-73.961195"><ele>4.6</ele><time>2026-07-30T15:52:22.000Z</time></trkpt>
      <trkpt lat="40.740194" lon="-73.961216"><ele>4.4</ele><time>2026-07-30T15:52:23.000Z</time></trkpt>
      <trkpt lat="40.740171" lon="-73.961236"><ele>4.4</ele><time>2026-07-30T15:52:24.000Z</time></trkpt>
      <trkpt lat="40.74015" lon="-73.961256"><ele>4.4</ele><time>2026-07-30T15:52:25.000Z</time></trkpt>
      <trkpt lat="40.74013" lon="-73.961278"><ele>4.4</ele><time>2026-07-30T15:52:26.000Z</time></trkpt>
      <trkpt lat="40.740111" lon="-73.961302"><ele>4.4</ele><time>2026-07-30T15:52:27.000Z</time></trkpt>
      <trkpt lat="40.740091" lon="-73.961328"><ele>4.4</ele><time>2026-07-30T15:52:28.000Z</time></trkpt>
      <trkpt lat="40.740071" lon="-73.961354"><ele>4.4</ele><time>2026-07-30T15:52:29.000Z</time></trkpt>
      <trkpt lat="40.740051" lon="-73.961381"><ele>4.4</ele><time>2026-07-30T15:52:30.000Z</time></trkpt>
      <trkpt lat="40.740031" lon="-73.96141"><ele>4.4</ele><time>2026-07-30T15:52:31.000Z</time></trkpt>
      <trkpt lat="40.740013" lon="-73.96144"><ele>4.4</ele><time>2026-07-30T15:52:32.000Z</time></trkpt>
      <trkpt lat="40.739997" lon="-73.961471"><ele>4.4</ele><time>2026-07-30T15:52:33.000Z</time></trkpt>
      <trkpt lat="40.739981" lon="-73.961503"><ele>4.4</ele><time>2026-07-30T15:52:34.000Z</time></trkpt>
      <trkpt lat="40.739966" lon="-73.961536"><ele>4.4</ele><time>2026-07-30T15:52:35.000Z</time></trkpt>
      <trkpt lat="40.739953" lon="-73.961569"><ele>4.4</ele><time>2026-07-30T15:52:36.000Z</time></trkpt>
      <trkpt lat="40.739943" lon="-73.9616"><ele>4.4</ele><time>2026-07-30T15:52:37.000Z</time></trkpt>
      <trkpt lat="40.739937" lon="-73.961629"><ele>4.2</ele><time>2026-07-30T15:52:38.000Z</time></trkpt>
      <trkpt lat="40.739936" lon="-73.961655"><ele>4</ele><time>2026-07-30T15:52:39.000Z</time></trkpt>
      <trkpt lat="40.739937" lon="-73.961681"><ele>3.8</ele><time>2026-07-30T15:52:40.000Z</time></trkpt>
      <trkpt lat="40.739938" lon="-73.961708"><ele>3.4</ele><time>2026-07-30T15:52:41.000Z</time></trkpt>
      <trkpt lat="40.739935" lon="-73.961736"><ele>3.2</ele><time>2026-07-30T15:52:42.000Z</time></trkpt>
      <trkpt lat="40.73993" lon="-73.961766"><ele>2.8</ele><time>2026-07-30T15:52:43.000Z</time></trkpt>
      <trkpt lat="40.739925" lon="-73.961796"><ele>2.2</ele><time>2026-07-30T15:52:44.000Z</time></trkpt>
      <trkpt lat="40.739922" lon="-73.961825"><ele>1.8</ele><time>2026-07-30T15:52:45.000Z</time></trkpt>
      <trkpt lat="40.739921" lon="-73.961854"><ele>1.2</ele><time>2026-07-30T15:52:46.000Z</time></trkpt>
      <trkpt lat="40.739974" lon="-73.962049"><ele>1.2</ele><time>2026-07-30T15:54:38.000Z</time></trkpt>
      <trkpt lat="40.739974" lon="-73.962051"><ele>5.8</ele><time>2026-07-30T15:54:39.000Z</time></trkpt>
      <trkpt lat="40.739966" lon="-73.962069"><ele>5.4</ele><time>2026-07-30T15:54:40.000Z</time></trkpt>
      <trkpt lat="40.739958" lon="-73.962088"><ele>4.8</ele><time>2026-07-30T15:54:41.000Z</time></trkpt>
      <trkpt lat="40.739951" lon="-73.962107"><ele>4.4</ele><time>2026-07-30T15:54:42.000Z</time></trkpt>
      <trkpt lat="40.739943" lon="-73.96213"><ele>4.2</ele><time>2026-07-30T15:54:43.000Z</time></trkpt>
      <trkpt lat="40.739933" lon="-73.962153"><ele>4</ele><time>2026-07-30T15:54:44.000Z</time></trkpt>
      <trkpt lat="40.739921" lon="-73.962177"><ele>3.8</ele><time>2026-07-30T15:54:45.000Z</time></trkpt>
      <trkpt lat="40.739906" lon="-73.9622"><ele>3.6</ele><time>2026-07-30T15:54:46.000Z</time></trkpt>
      <trkpt lat="40.73989" lon="-73.962223"><ele>3.4</ele><time>2026-07-30T15:54:47.000Z</time></trkpt>
      <trkpt lat="40.739874" lon="-73.962246"><ele>3.4</ele><time>2026-07-30T15:54:48.000Z</time></trkpt>
      <trkpt lat="40.739859" lon="-73.962272"><ele>3.4</ele><time>2026-07-30T15:54:49.000Z</time></trkpt>
      <trkpt lat="40.739845" lon="-73.962298"><ele>3.4</ele><time>2026-07-30T15:54:50.000Z</time></trkpt>
      <trkpt lat="40.73983" lon="-73.962323"><ele>3.4</ele><time>2026-07-30T15:54:51.000Z</time></trkpt>
      <trkpt lat="40.739814" lon="-73.962345"><ele>3.4</ele><time>2026-07-30T15:54:52.000Z</time></trkpt>
      <trkpt lat="40.739795" lon="-73.962362"><ele>3.4</ele><time>2026-07-30T15:54:53.000Z</time></trkpt>
      <trkpt lat="40.739774" lon="-73.962374"><ele>3.4</ele><time>2026-07-30T15:54:54.000Z</time></trkpt>
      <trkpt lat="40.739753" lon="-73.962383"><ele>3.4</ele><time>2026-07-30T15:54:55.000Z</time></trkpt>
      <trkpt lat="40.739732" lon="-73.962393"><ele>3.4</ele><time>2026-07-30T15:54:56.000Z</time></trkpt>
      <trkpt lat="40.739712" lon="-73.962403"><ele>3.4</ele><time>2026-07-30T15:54:57.000Z</time></trkpt>
      <trkpt lat="40.739694" lon="-73.962416"><ele>3.4</ele><time>2026-07-30T15:54:58.000Z</time></trkpt>
      <trkpt lat="40.739678" lon="-73.96243"><ele>3.4</ele><time>2026-07-30T15:54:59.000Z</time></trkpt>
      <trkpt lat="40.739663" lon="-73.962442"><ele>3.4</ele><time>2026-07-30T15:55:00.000Z</time></trkpt>
      <trkpt lat="40.739645" lon="-73.96245"><ele>3.4</ele><time>2026-07-30T15:55:01.000Z</time></trkpt>
      <trkpt lat="40.739627" lon="-73.962456"><ele>3.4</ele><time>2026-07-30T15:55:02.000Z</time></trkpt>
      <trkpt lat="40.739607" lon="-73.962461"><ele>3.4</ele><time>2026-07-30T15:55:03.000Z</time></trkpt>
      <trkpt lat="40.739586" lon="-73.962464"><ele>3.4</ele><time>2026-07-30T15:55:04.000Z</time></trkpt>
      <trkpt lat="40.739565" lon="-73.962465"><ele>3.4</ele><time>2026-07-30T15:55:05.000Z</time></trkpt>
      <trkpt lat="40.739544" lon="-73.962464"><ele>3.4</ele><time>2026-07-30T15:55:06.000Z</time></trkpt>
      <trkpt lat="40.739523" lon="-73.96246"><ele>3.2</ele><time>2026-07-30T15:55:07.000Z</time></trkpt>
      <trkpt lat="40.739502" lon="-73.962455"><ele>3.2</ele><time>2026-07-30T15:55:08.000Z</time></trkpt>
      <trkpt lat="40.739481" lon="-73.962452"><ele>3.2</ele><time>2026-07-30T15:55:09.000Z</time></trkpt>
      <trkpt lat="40.739459" lon="-73.962451"><ele>3.2</ele><time>2026-07-30T15:55:10.000Z</time></trkpt>
      <trkpt lat="40.739436" lon="-73.962449"><ele>3.2</ele><time>2026-07-30T15:55:11.000Z</time></trkpt>
      <trkpt lat="40.73941" lon="-73.962444"><ele>3.2</ele><time>2026-07-30T15:55:12.000Z</time></trkpt>
      <trkpt lat="40.739384" lon="-73.962439"><ele>3.2</ele><time>2026-07-30T15:55:13.000Z</time></trkpt>
      <trkpt lat="40.739358" lon="-73.962434"><ele>3.2</ele><time>2026-07-30T15:55:14.000Z</time></trkpt>
      <trkpt lat="40.739332" lon="-73.962431"><ele>3.2</ele><time>2026-07-30T15:55:15.000Z</time></trkpt>
      <trkpt lat="40.739306" lon="-73.962431"><ele>3.2</ele><time>2026-07-30T15:55:16.000Z</time></trkpt>
      <trkpt lat="40.73928" lon="-73.962434"><ele>3.2</ele><time>2026-07-30T15:55:17.000Z</time></trkpt>
      <trkpt lat="40.739255" lon="-73.96244"><ele>3.2</ele><time>2026-07-30T15:55:18.000Z</time></trkpt>
      <trkpt lat="40.739231" lon="-73.96245"><ele>3.2</ele><time>2026-07-30T15:55:19.000Z</time></trkpt>
      <trkpt lat="40.739209" lon="-73.962461"><ele>3.2</ele><time>2026-07-30T15:55:20.000Z</time></trkpt>
      <trkpt lat="40.739187" lon="-73.962472"><ele>3.2</ele><time>2026-07-30T15:55:21.000Z</time></trkpt>
      <trkpt lat="40.739164" lon="-73.96248"><ele>3.2</ele><time>2026-07-30T15:55:22.000Z</time></trkpt>
      <trkpt lat="40.73914" lon="-73.962486"><ele>3.2</ele><time>2026-07-30T15:55:23.000Z</time></trkpt>
      <trkpt lat="40.739115" lon="-73.962492"><ele>3.2</ele><time>2026-07-30T15:55:24.000Z</time></trkpt>
      <trkpt lat="40.739091" lon="-73.962502"><ele>3.2</ele><time>2026-07-30T15:55:25.000Z</time></trkpt>
      <trkpt lat="40.739068" lon="-73.962514"><ele>3.2</ele><time>2026-07-30T15:55:26.000Z</time></trkpt>
      <trkpt lat="40.739046" lon="-73.962527"><ele>3.2</ele><time>2026-07-30T15:55:27.000Z</time></trkpt>
      <trkpt lat="40.739024" lon="-73.962537"><ele>3.2</ele><time>2026-07-30T15:55:28.000Z</time></trkpt>
      <trkpt lat="40.738999" lon="-73.962544"><ele>3.2</ele><time>2026-07-30T15:55:29.000Z</time></trkpt>
      <trkpt lat="40.738974" lon="-73.962551"><ele>3.2</ele><time>2026-07-30T15:55:30.000Z</time></trkpt>
      <trkpt lat="40.73895" lon="-73.962557"><ele>3.2</ele><time>2026-07-30T15:55:31.000Z</time></trkpt>
      <trkpt lat="40.738926" lon="-73.962563"><ele>3.2</ele><time>2026-07-30T15:55:32.000Z</time></trkpt>
      <trkpt lat="40.738902" lon="-73.962568"><ele>3.2</ele><time>2026-07-30T15:55:33.000Z</time></trkpt>
      <trkpt lat="40.738877" lon="-73.96257"><ele>3.2</ele><time>2026-07-30T15:55:34.000Z</time></trkpt>
      <trkpt lat="40.738852" lon="-73.962572"><ele>3.2</ele><time>2026-07-30T15:55:35.000Z</time></trkpt>
      <trkpt lat="40.738827" lon="-73.962573"><ele>3.2</ele><time>2026-07-30T15:55:36.000Z</time></trkpt>
      <trkpt lat="40.738802" lon="-73.962572"><ele>3.2</ele><time>2026-07-30T15:55:37.000Z</time></trkpt>
      <trkpt lat="40.738778" lon="-73.962567"><ele>3.2</ele><time>2026-07-30T15:55:38.000Z</time></trkpt>
      <trkpt lat="40.738755" lon="-73.962559"><ele>3.2</ele><time>2026-07-30T15:55:39.000Z</time></trkpt>
      <trkpt lat="40.738732" lon="-73.962553"><ele>3.2</ele><time>2026-07-30T15:55:40.000Z</time></trkpt>
      <trkpt lat="40.738709" lon="-73.962552"><ele>3.2</ele><time>2026-07-30T15:55:41.000Z</time></trkpt>
      <trkpt lat="40.738689" lon="-73.962552"><ele>3.2</ele><time>2026-07-30T15:55:42.000Z</time></trkpt>
      <trkpt lat="40.738672" lon="-73.962546"><ele>3.2</ele><time>2026-07-30T15:55:43.000Z</time></trkpt>
      <trkpt lat="40.738657" lon="-73.962533"><ele>3.2</ele><time>2026-07-30T15:55:44.000Z</time></trkpt>
      <trkpt lat="40.738643" lon="-73.962513"><ele>3.2</ele><time>2026-07-30T15:55:45.000Z</time></trkpt>
      <trkpt lat="40.738631" lon="-73.962489"><ele>3.2</ele><time>2026-07-30T15:55:46.000Z</time></trkpt>
      <trkpt lat="40.738621" lon="-73.962462"><ele>3.4</ele><time>2026-07-30T15:55:47.000Z</time></trkpt>
      <trkpt lat="40.738611" lon="-73.962435"><ele>3.4</ele><time>2026-07-30T15:55:48.000Z</time></trkpt>
      <trkpt lat="40.738601" lon="-73.962406"><ele>3.4</ele><time>2026-07-30T15:55:49.000Z</time></trkpt>
      <trkpt lat="40.738592" lon="-73.962375"><ele>3.4</ele><time>2026-07-30T15:55:50.000Z</time></trkpt>
      <trkpt lat="40.738583" lon="-73.962342"><ele>3.6</ele><time>2026-07-30T15:55:51.000Z</time></trkpt>
      <trkpt lat="40.738575" lon="-73.962308"><ele>3.6</ele><time>2026-07-30T15:55:52.000Z</time></trkpt>
      <trkpt lat="40.738565" lon="-73.962276"><ele>3.6</ele><time>2026-07-30T15:55:53.000Z</time></trkpt>
      <trkpt lat="40.738552" lon="-73.962248"><ele>3.6</ele><time>2026-07-30T15:55:54.000Z</time></trkpt>
      <trkpt lat="40.738539" lon="-73.962223"><ele>3.6</ele><time>2026-07-30T15:55:55.000Z</time></trkpt>
      <trkpt lat="40.738527" lon="-73.962198"><ele>3.6</ele><time>2026-07-30T15:55:56.000Z</time></trkpt>
      <trkpt lat="40.738517" lon="-73.962171"><ele>3.6</ele><time>2026-07-30T15:55:57.000Z</time></trkpt>
      <trkpt lat="40.738505" lon="-73.962144"><ele>3.6</ele><time>2026-07-30T15:55:58.000Z</time></trkpt>
      <trkpt lat="40.73849" lon="-73.962119"><ele>3.6</ele><time>2026-07-30T15:55:59.000Z</time></trkpt>
      <trkpt lat="40.738473" lon="-73.962097"><ele>3.6</ele><time>2026-07-30T15:56:00.000Z</time></trkpt>
      <trkpt lat="40.738456" lon="-73.962077"><ele>3.6</ele><time>2026-07-30T15:56:01.000Z</time></trkpt>
      <trkpt lat="40.738438" lon="-73.962058"><ele>3.6</ele><time>2026-07-30T15:56:02.000Z</time></trkpt>
      <trkpt lat="40.738421" lon="-73.96204"><ele>3.6</ele><time>2026-07-30T15:56:03.000Z</time></trkpt>
      <trkpt lat="40.738404" lon="-73.962024"><ele>3.6</ele><time>2026-07-30T15:56:04.000Z</time></trkpt>
      <trkpt lat="40.73839" lon="-73.962008"><ele>3.6</ele><time>2026-07-30T15:56:05.000Z</time></trkpt>
      <trkpt lat="40.738381" lon="-73.961993"><ele>3.6</ele><time>2026-07-30T15:56:06.000Z</time></trkpt>
      <trkpt lat="40.738378" lon="-73.961981"><ele>3.8</ele><time>2026-07-30T15:56:07.000Z</time></trkpt>
      <trkpt lat="40.738382" lon="-73.961979"><ele>3.8</ele><time>2026-07-30T15:56:08.000Z</time></trkpt>
      <trkpt lat="40.738394" lon="-73.96199"><ele>3.8</ele><time>2026-07-30T15:56:09.000Z</time></trkpt>
      <trkpt lat="40.73841" lon="-73.962009"><ele>3.8</ele><time>2026-07-30T15:56:10.000Z</time></trkpt>
      <trkpt lat="40.738426" lon="-73.962031"><ele>3.8</ele><time>2026-07-30T15:56:11.000Z</time></trkpt>
      <trkpt lat="40.738442" lon="-73.962053"><ele>3.8</ele><time>2026-07-30T15:56:12.000Z</time></trkpt>
      <trkpt lat="40.738459" lon="-73.962074"><ele>3.8</ele><time>2026-07-30T15:56:13.000Z</time></trkpt>
      <trkpt lat="40.738478" lon="-73.962095"><ele>3.8</ele><time>2026-07-30T15:56:14.000Z</time></trkpt>
      <trkpt lat="40.738498" lon="-73.962115"><ele>3.8</ele><time>2026-07-30T15:56:15.000Z</time></trkpt>
      <trkpt lat="40.738521" lon="-73.962134"><ele>3.8</ele><time>2026-07-30T15:56:16.000Z</time></trkpt>
      <trkpt lat="40.738544" lon="-73.96215"><ele>3.8</ele><time>2026-07-30T15:56:17.000Z</time></trkpt>
      <trkpt lat="40.738565" lon="-73.962165"><ele>4</ele><time>2026-07-30T15:56:18.000Z</time></trkpt>
      <trkpt lat="40.738585" lon="-73.96218"><ele>4</ele><time>2026-07-30T15:56:19.000Z</time></trkpt>
      <trkpt lat="40.738604" lon="-73.962195"><ele>4</ele><time>2026-07-30T15:56:20.000Z</time></trkpt>
      <trkpt lat="40.738622" lon="-73.96221"><ele>4</ele><time>2026-07-30T15:56:21.000Z</time></trkpt>
      <trkpt lat="40.738641" lon="-73.962225"><ele>4.2</ele><time>2026-07-30T15:56:22.000Z</time></trkpt>
      <trkpt lat="40.73866" lon="-73.962239"><ele>4.2</ele><time>2026-07-30T15:56:23.000Z</time></trkpt>
      <trkpt lat="40.73868" lon="-73.962251"><ele>4.4</ele><time>2026-07-30T15:56:24.000Z</time></trkpt>
      <trkpt lat="40.7387" lon="-73.962261"><ele>4.4</ele><time>2026-07-30T15:56:25.000Z</time></trkpt>
      <trkpt lat="40.73872" lon="-73.96227"><ele>4.6</ele><time>2026-07-30T15:56:26.000Z</time></trkpt>
      <trkpt lat="40.73874" lon="-73.962278"><ele>4.8</ele><time>2026-07-30T15:56:27.000Z</time></trkpt>
      <trkpt lat="40.73876" lon="-73.962286"><ele>4.8</ele><time>2026-07-30T15:56:28.000Z</time></trkpt>
      <trkpt lat="40.738781" lon="-73.962293"><ele>5</ele><time>2026-07-30T15:56:29.000Z</time></trkpt>
      <trkpt lat="40.738804" lon="-73.962298"><ele>5</ele><time>2026-07-30T15:56:30.000Z</time></trkpt>
      <trkpt lat="40.738826" lon="-73.962302"><ele>5.2</ele><time>2026-07-30T15:56:31.000Z</time></trkpt>
      <trkpt lat="40.738849" lon="-73.962305"><ele>5.4</ele><time>2026-07-30T15:56:32.000Z</time></trkpt>
      <trkpt lat="40.738871" lon="-73.962308"><ele>5.4</ele><time>2026-07-30T15:56:33.000Z</time></trkpt>
      <trkpt lat="40.738893" lon="-73.962312"><ele>5.6</ele><time>2026-07-30T15:56:34.000Z</time></trkpt>
      <trkpt lat="40.738915" lon="-73.962317"><ele>5.6</ele><time>2026-07-30T15:56:35.000Z</time></trkpt>
      <trkpt lat="40.738937" lon="-73.962321"><ele>5.8</ele><time>2026-07-30T15:56:36.000Z</time></trkpt>
      <trkpt lat="40.738959" lon="-73.962323"><ele>5.8</ele><time>2026-07-30T15:56:37.000Z</time></trkpt>
      <trkpt lat="40.738982" lon="-73.962323"><ele>6</ele><time>2026-07-30T15:56:38.000Z</time></trkpt>
      <trkpt lat="40.739005" lon="-73.962322"><ele>6</ele><time>2026-07-30T15:56:39.000Z</time></trkpt>
      <trkpt lat="40.739028" lon="-73.96232"><ele>6</ele><time>2026-07-30T15:56:40.000Z</time></trkpt>
      <trkpt lat="40.739051" lon="-73.962317"><ele>6.2</ele><time>2026-07-30T15:56:41.000Z</time></trkpt>
      <trkpt lat="40.739074" lon="-73.962313"><ele>6.2</ele><time>2026-07-30T15:56:42.000Z</time></trkpt>
      <trkpt lat="40.739096" lon="-73.962308"><ele>6.4</ele><time>2026-07-30T15:56:43.000Z</time></trkpt>
      <trkpt lat="40.739118" lon="-73.962302"><ele>6.6</ele><time>2026-07-30T15:56:44.000Z</time></trkpt>
      <trkpt lat="40.739141" lon="-73.962296"><ele>6.6</ele><time>2026-07-30T15:56:45.000Z</time></trkpt>
      <trkpt lat="40.739164" lon="-73.962289"><ele>6.8</ele><time>2026-07-30T15:56:46.000Z</time></trkpt>
      <trkpt lat="40.739188" lon="-73.96228"><ele>6.8</ele><time>2026-07-30T15:56:47.000Z</time></trkpt>
      <trkpt lat="40.739211" lon="-73.962269"><ele>7</ele><time>2026-07-30T15:56:48.000Z</time></trkpt>
      <trkpt lat="40.739234" lon="-73.962259"><ele>7</ele><time>2026-07-30T15:56:49.000Z</time></trkpt>
      <trkpt lat="40.739255" lon="-73.962251"><ele>7.2</ele><time>2026-07-30T15:56:50.000Z</time></trkpt>
      <trkpt lat="40.739276" lon="-73.962241"><ele>7.2</ele><time>2026-07-30T15:56:51.000Z</time></trkpt>
      <trkpt lat="40.739295" lon="-73.962229"><ele>7.4</ele><time>2026-07-30T15:56:52.000Z</time></trkpt>
      <trkpt lat="40.739315" lon="-73.962214"><ele>7.4</ele><time>2026-07-30T15:56:53.000Z</time></trkpt>
      <trkpt lat="40.739334" lon="-73.962198"><ele>7.6</ele><time>2026-07-30T15:56:54.000Z</time></trkpt>
      <trkpt lat="40.739354" lon="-73.962182"><ele>7.6</ele><time>2026-07-30T15:56:55.000Z</time></trkpt>
      <trkpt lat="40.739376" lon="-73.962167"><ele>7.8</ele><time>2026-07-30T15:56:56.000Z</time></trkpt>
      <trkpt lat="40.739398" lon="-73.962154"><ele>7.8</ele><time>2026-07-30T15:56:57.000Z</time></trkpt>
      <trkpt lat="40.739421" lon="-73.962142"><ele>8</ele><time>2026-07-30T15:56:58.000Z</time></trkpt>
      <trkpt lat="40.739443" lon="-73.96213"><ele>8</ele><time>2026-07-30T15:56:59.000Z</time></trkpt>
      <trkpt lat="40.739465" lon="-73.962117"><ele>8</ele><time>2026-07-30T15:57:00.000Z</time></trkpt>
      <trkpt lat="40.739486" lon="-73.962103"><ele>8.2</ele><time>2026-07-30T15:57:01.000Z</time></trkpt>
      <trkpt lat="40.739506" lon="-73.962089"><ele>8.2</ele><time>2026-07-30T15:57:02.000Z</time></trkpt>
      <trkpt lat="40.739526" lon="-73.962072"><ele>8.2</ele><time>2026-07-30T15:57:03.000Z</time></trkpt>
      <trkpt lat="40.739546" lon="-73.962054"><ele>8.2</ele><time>2026-07-30T15:57:04.000Z</time></trkpt>
      <trkpt lat="40.739566" lon="-73.962034"><ele>8.2</ele><time>2026-07-30T15:57:05.000Z</time></trkpt>
      <trkpt lat="40.739584" lon="-73.962013"><ele>8.2</ele><time>2026-07-30T15:57:06.000Z</time></trkpt>
      <trkpt lat="40.739602" lon="-73.96199"><ele>8.2</ele><time>2026-07-30T15:57:07.000Z</time></trkpt>
      <trkpt lat="40.739619" lon="-73.961964"><ele>8</ele><time>2026-07-30T15:57:08.000Z</time></trkpt>
      <trkpt lat="40.739635" lon="-73.961936"><ele>8</ele><time>2026-07-30T15:57:09.000Z</time></trkpt>
      <trkpt lat="40.73965" lon="-73.961905"><ele>8</ele><time>2026-07-30T15:57:10.000Z</time></trkpt>
      <trkpt lat="40.739664" lon="-73.961872"><ele>8</ele><time>2026-07-30T15:57:11.000Z</time></trkpt>
      <trkpt lat="40.739677" lon="-73.961838"><ele>7.8</ele><time>2026-07-30T15:57:12.000Z</time></trkpt>
      <trkpt lat="40.739691" lon="-73.961804"><ele>7.8</ele><time>2026-07-30T15:57:13.000Z</time></trkpt>
      <trkpt lat="40.739706" lon="-73.961771"><ele>7.8</ele><time>2026-07-30T15:57:14.000Z</time></trkpt>
      <trkpt lat="40.739722" lon="-73.961741"><ele>7.6</ele><time>2026-07-30T15:57:15.000Z</time></trkpt>
      <trkpt lat="40.739738" lon="-73.961713"><ele>7.6</ele><time>2026-07-30T15:57:16.000Z</time></trkpt>
      <trkpt lat="40.739754" lon="-73.961685"><ele>7.4</ele><time>2026-07-30T15:57:17.000Z</time></trkpt>
      <trkpt lat="40.73977" lon="-73.961658"><ele>7.2</ele><time>2026-07-30T15:57:18.000Z</time></trkpt>
      <trkpt lat="40.739787" lon="-73.96163"><ele>7.2</ele><time>2026-07-30T15:57:19.000Z</time></trkpt>
      <trkpt lat="40.739804" lon="-73.961603"><ele>7</ele><time>2026-07-30T15:57:20.000Z</time></trkpt>
      <trkpt lat="40.739821" lon="-73.961577"><ele>6.8</ele><time>2026-07-30T15:57:21.000Z</time></trkpt>
      <trkpt lat="40.739839" lon="-73.961552"><ele>6.8</ele><time>2026-07-30T15:57:22.000Z</time></trkpt>
      <trkpt lat="40.739857" lon="-73.961526"><ele>6.6</ele><time>2026-07-30T15:57:23.000Z</time></trkpt>
      <trkpt lat="40.739876" lon="-73.9615"><ele>6.4</ele><time>2026-07-30T15:57:24.000Z</time></trkpt>
      <trkpt lat="40.739894" lon="-73.961474"><ele>6.4</ele><time>2026-07-30T15:57:25.000Z</time></trkpt>
      <trkpt lat="40.739913" lon="-73.961451"><ele>6.2</ele><time>2026-07-30T15:57:26.000Z</time></trkpt>
      <trkpt lat="40.739931" lon="-73.96143"><ele>6.2</ele><time>2026-07-30T15:57:27.000Z</time></trkpt>
      <trkpt lat="40.739949" lon="-73.961409"><ele>6</ele><time>2026-07-30T15:57:28.000Z</time></trkpt>
      <trkpt lat="40.739969" lon="-73.961389"><ele>6</ele><time>2026-07-30T15:57:29.000Z</time></trkpt>
      <trkpt lat="40.73999" lon="-73.961372"><ele>5.8</ele><time>2026-07-30T15:57:30.000Z</time></trkpt>
      <trkpt lat="40.740011" lon="-73.961355"><ele>5.8</ele><time>2026-07-30T15:57:31.000Z</time></trkpt>
      <trkpt lat="40.740033" lon="-73.961339"><ele>5.8</ele><time>2026-07-30T15:57:32.000Z</time></trkpt>
      <trkpt lat="40.740056" lon="-73.961321"><ele>5.8</ele><time>2026-07-30T15:57:33.000Z</time></trkpt>
      <trkpt lat="40.740078" lon="-73.961303"><ele>5.6</ele><time>2026-07-30T15:57:34.000Z</time></trkpt>
      <trkpt lat="40.740101" lon="-73.961285"><ele>5.6</ele><time>2026-07-30T15:57:35.000Z</time></trkpt>
      <trkpt lat="40.740124" lon="-73.961269"><ele>5.6</ele><time>2026-07-30T15:57:36.000Z</time></trkpt>
      <trkpt lat="40.740146" lon="-73.961256"><ele>5.4</ele><time>2026-07-30T15:57:37.000Z</time></trkpt>
      <trkpt lat="40.740169" lon="-73.961245"><ele>5.4</ele><time>2026-07-30T15:57:38.000Z</time></trkpt>
      <trkpt lat="40.740192" lon="-73.961235"><ele>5.4</ele><time>2026-07-30T15:57:39.000Z</time></trkpt>
      <trkpt lat="40.740214" lon="-73.961225"><ele>5.4</ele><time>2026-07-30T15:57:40.000Z</time></trkpt>
      <trkpt lat="40.740236" lon="-73.961214"><ele>5.2</ele><time>2026-07-30T15:57:41.000Z</time></trkpt>
      <trkpt lat="40.740259" lon="-73.961201"><ele>5.2</ele><time>2026-07-30T15:57:42.000Z</time></trkpt>
      <trkpt lat="40.740281" lon="-73.961188"><ele>5.2</ele><time>2026-07-30T15:57:43.000Z</time></trkpt>
      <trkpt lat="40.740303" lon="-73.961174"><ele>5.2</ele><time>2026-07-30T15:57:44.000Z</time></trkpt>
      <trkpt lat="40.740327" lon="-73.961161"><ele>5</ele><time>2026-07-30T15:57:45.000Z</time></trkpt>
      <trkpt lat="40.74035" lon="-73.961149"><ele>5</ele><time>2026-07-30T15:57:46.000Z</time></trkpt>
      <trkpt lat="40.740373" lon="-73.961138"><ele>5</ele><time>2026-07-30T15:57:47.000Z</time></trkpt>
      <trkpt lat="40.740397" lon="-73.961126"><ele>5</ele><time>2026-07-30T15:57:48.000Z</time></trkpt>
      <trkpt lat="40.740421" lon="-73.961116"><ele>4.8</ele><time>2026-07-30T15:57:49.000Z</time></trkpt>
      <trkpt lat="40.740446" lon="-73.961109"><ele>4.8</ele><time>2026-07-30T15:57:50.000Z</time></trkpt>
      <trkpt lat="40.74047" lon="-73.961103"><ele>4.8</ele><time>2026-07-30T15:57:51.000Z</time></trkpt>
      <trkpt lat="40.740495" lon="-73.961098"><ele>4.8</ele><time>2026-07-30T15:57:52.000Z</time></trkpt>
      <trkpt lat="40.74052" lon="-73.961091"><ele>4.8</ele><time>2026-07-30T15:57:53.000Z</time></trkpt>
      <trkpt lat="40.740545" lon="-73.961084"><ele>4.8</ele><time>2026-07-30T15:57:54.000Z</time></trkpt>
      <trkpt lat="40.740569" lon="-73.961076"><ele>4.8</ele><time>2026-07-30T15:57:55.000Z</time></trkpt>
      <trkpt lat="40.740594" lon="-73.961067"><ele>4.8</ele><time>2026-07-30T15:57:56.000Z</time></trkpt>
      <trkpt lat="40.740619" lon="-73.961057"><ele>4.8</ele><time>2026-07-30T15:57:57.000Z</time></trkpt>
      <trkpt lat="40.740646" lon="-73.961047"><ele>4.8</ele><time>2026-07-30T15:57:58.000Z</time></trkpt>
      <trkpt lat="40.740675" lon="-73.961038"><ele>4.8</ele><time>2026-07-30T15:57:59.000Z</time></trkpt>
      <trkpt lat="40.740705" lon="-73.961034"><ele>4.8</ele><time>2026-07-30T15:58:00.000Z</time></trkpt>
      <trkpt lat="40.740735" lon="-73.961033"><ele>4.6</ele><time>2026-07-30T15:58:01.000Z</time></trkpt>
      <trkpt lat="40.740763" lon="-73.961033"><ele>4.6</ele><time>2026-07-30T15:58:02.000Z</time></trkpt>
      <trkpt lat="40.74079" lon="-73.961034"><ele>4.6</ele><time>2026-07-30T15:58:03.000Z</time></trkpt>
      <trkpt lat="40.740818" lon="-73.961035"><ele>4.6</ele><time>2026-07-30T15:58:04.000Z</time></trkpt>
      <trkpt lat="40.740845" lon="-73.961036"><ele>4.6</ele><time>2026-07-30T15:58:05.000Z</time></trkpt>
      <trkpt lat="40.740872" lon="-73.961035"><ele>4.6</ele><time>2026-07-30T15:58:06.000Z</time></trkpt>
      <trkpt lat="40.740899" lon="-73.961034"><ele>4.4</ele><time>2026-07-30T15:58:07.000Z</time></trkpt>
      <trkpt lat="40.740923" lon="-73.961032"><ele>4.4</ele><time>2026-07-30T15:58:08.000Z</time></trkpt>
      <trkpt lat="40.740946" lon="-73.961029"><ele>4.4</ele><time>2026-07-30T15:58:09.000Z</time></trkpt>
      <trkpt lat="40.740969" lon="-73.961025"><ele>4.4</ele><time>2026-07-30T15:58:10.000Z</time></trkpt>
      <trkpt lat="40.740992" lon="-73.961022"><ele>4.4</ele><time>2026-07-30T15:58:11.000Z</time></trkpt>
      <trkpt lat="40.741015" lon="-73.961018"><ele>4.2</ele><time>2026-07-30T15:58:12.000Z</time></trkpt>
      <trkpt lat="40.741037" lon="-73.961013"><ele>4.2</ele><time>2026-07-30T15:58:13.000Z</time></trkpt>
      <trkpt lat="40.74106" lon="-73.961007"><ele>4.2</ele><time>2026-07-30T15:58:14.000Z</time></trkpt>
      <trkpt lat="40.741083" lon="-73.961003"><ele>4.2</ele><time>2026-07-30T15:58:15.000Z</time></trkpt>
      <trkpt lat="40.741107" lon="-73.961002"><ele>4.4</ele><time>2026-07-30T15:58:16.000Z</time></trkpt>
      <trkpt lat="40.741131" lon="-73.961002"><ele>4.4</ele><time>2026-07-30T15:58:17.000Z</time></trkpt>
      <trkpt lat="40.741154" lon="-73.961003"><ele>4.4</ele><time>2026-07-30T15:58:18.000Z</time></trkpt>
      <trkpt lat="40.741178" lon="-73.961004"><ele>4.4</ele><time>2026-07-30T15:58:19.000Z</time></trkpt>
      <trkpt lat="40.741203" lon="-73.961006"><ele>4.4</ele><time>2026-07-30T15:58:20.000Z</time></trkpt>
      <trkpt lat="40.741227" lon="-73.961009"><ele>4.6</ele><time>2026-07-30T15:58:21.000Z</time></trkpt>
      <trkpt lat="40.741252" lon="-73.961011"><ele>4.6</ele><time>2026-07-30T15:58:22.000Z</time></trkpt>
      <trkpt lat="40.741279" lon="-73.961013"><ele>4.6</ele><time>2026-07-30T15:58:23.000Z</time></trkpt>
      <trkpt lat="40.741306" lon="-73.961013"><ele>4.6</ele><time>2026-07-30T15:58:24.000Z</time></trkpt>
      <trkpt lat="40.741334" lon="-73.961013"><ele>4.6</ele><time>2026-07-30T15:58:25.000Z</time></trkpt>
      <trkpt lat="40.741362" lon="-73.961012"><ele>4.6</ele><time>2026-07-30T15:58:26.000Z</time></trkpt>
      <trkpt lat="40.74139" lon="-73.961012"><ele>4.6</ele><time>2026-07-30T15:58:27.000Z</time></trkpt>
      <trkpt lat="40.741417" lon="-73.961014"><ele>4.6</ele><time>2026-07-30T15:58:28.000Z</time></trkpt>
      <trkpt lat="40.741444" lon="-73.961017"><ele>4.6</ele><time>2026-07-30T15:58:29.000Z</time></trkpt>
      <trkpt lat="40.741471" lon="-73.96102"><ele>4.6</ele><time>2026-07-30T15:58:30.000Z</time></trkpt>
      <trkpt lat="40.741499" lon="-73.961022"><ele>4.6</ele><time>2026-07-30T15:58:31.000Z</time></trkpt>
      <trkpt lat="40.741528" lon="-73.961023"><ele>4.6</ele><time>2026-07-30T15:58:32.000Z</time></trkpt>
      <trkpt lat="40.741557" lon="-73.961023"><ele>4.6</ele><time>2026-07-30T15:58:33.000Z</time></trkpt>
      <trkpt lat="40.741586" lon="-73.961023"><ele>4.6</ele><time>2026-07-30T15:58:34.000Z</time></trkpt>
      <trkpt lat="40.741613" lon="-73.961023"><ele>4.8</ele><time>2026-07-30T15:58:35.000Z</time></trkpt>
      <trkpt lat="40.74164" lon="-73.961024"><ele>4.8</ele><time>2026-07-30T15:58:36.000Z</time></trkpt>
      <trkpt lat="40.741666" lon="-73.961026"><ele>4.8</ele><time>2026-07-30T15:58:37.000Z</time></trkpt>
      <trkpt lat="40.741693" lon="-73.961028"><ele>4.8</ele><time>2026-07-30T15:58:38.000Z</time></trkpt>
      <trkpt lat="40.741719" lon="-73.961029"><ele>4.8</ele><time>2026-07-30T15:58:39.000Z</time></trkpt>
      <trkpt lat="40.741745" lon="-73.96103"><ele>4.8</ele><time>2026-07-30T15:58:40.000Z</time></trkpt>
      <trkpt lat="40.741771" lon="-73.961031"><ele>4.8</ele><time>2026-07-30T15:58:41.000Z</time></trkpt>
      <trkpt lat="40.741797" lon="-73.961032"><ele>4.8</ele><time>2026-07-30T15:58:42.000Z</time></trkpt>
      <trkpt lat="40.741823" lon="-73.961035"><ele>4.8</ele><time>2026-07-30T15:58:43.000Z</time></trkpt>
      <trkpt lat="40.741847" lon="-73.96104"><ele>4.6</ele><time>2026-07-30T15:58:44.000Z</time></trkpt>
      <trkpt lat="40.74187" lon="-73.961048"><ele>4.6</ele><time>2026-07-30T15:58:45.000Z</time></trkpt>
      <trkpt lat="40.741891" lon="-73.961056"><ele>4.6</ele><time>2026-07-30T15:58:46.000Z</time></trkpt>
      <trkpt lat="40.741911" lon="-73.961066"><ele>4.6</ele><time>2026-07-30T15:58:47.000Z</time></trkpt>
      <trkpt lat="40.74193" lon="-73.961077"><ele>4.6</ele><time>2026-07-30T15:58:48.000Z</time></trkpt>
      <trkpt lat="40.741949" lon="-73.961086"><ele>4.6</ele><time>2026-07-30T15:58:49.000Z</time></trkpt>
      <trkpt lat="40.741969" lon="-73.96109"><ele>4.6</ele><time>2026-07-30T15:58:50.000Z</time></trkpt>
      <trkpt lat="40.741992" lon="-73.96109"><ele>4.6</ele><time>2026-07-30T15:58:51.000Z</time></trkpt>
      <trkpt lat="40.742017" lon="-73.961087"><ele>4.6</ele><time>2026-07-30T15:58:52.000Z</time></trkpt>
      <trkpt lat="40.742043" lon="-73.961084"><ele>4.6</ele><time>2026-07-30T15:58:53.000Z</time></trkpt>
      <trkpt lat="40.742068" lon="-73.961084"><ele>4.6</ele><time>2026-07-30T15:58:54.000Z</time></trkpt>
      <trkpt lat="40.742093" lon="-73.961085"><ele>4.6</ele><time>2026-07-30T15:58:55.000Z</time></trkpt>
      <trkpt lat="40.742119" lon="-73.961088"><ele>4.6</ele><time>2026-07-30T15:58:56.000Z</time></trkpt>
      <trkpt lat="40.742147" lon="-73.961092"><ele>4.4</ele><time>2026-07-30T15:58:57.000Z</time></trkpt>
      <trkpt lat="40.742176" lon="-73.961095"><ele>4.4</ele><time>2026-07-30T15:58:58.000Z</time></trkpt>
      <trkpt lat="40.742205" lon="-73.961098"><ele>4.4</ele><time>2026-07-30T15:58:59.000Z</time></trkpt>
      <trkpt lat="40.742236" lon="-73.9611"><ele>4.4</ele><time>2026-07-30T15:59:00.000Z</time></trkpt>
      <trkpt lat="40.742267" lon="-73.961101"><ele>4.2</ele><time>2026-07-30T15:59:01.000Z</time></trkpt>
      <trkpt lat="40.742298" lon="-73.961101"><ele>4.2</ele><time>2026-07-30T15:59:02.000Z</time></trkpt>
      <trkpt lat="40.742331" lon="-73.961099"><ele>4.2</ele><time>2026-07-30T15:59:03.000Z</time></trkpt>
      <trkpt lat="40.742364" lon="-73.961095"><ele>4.2</ele><time>2026-07-30T15:59:04.000Z</time></trkpt>
      <trkpt lat="40.742397" lon="-73.96109"><ele>4.2</ele><time>2026-07-30T15:59:05.000Z</time></trkpt>
      <trkpt lat="40.742428" lon="-73.961083"><ele>4</ele><time>2026-07-30T15:59:06.000Z</time></trkpt>
      <trkpt lat="40.742459" lon="-73.961072"><ele>4</ele><time>2026-07-30T15:59:07.000Z</time></trkpt>
      <trkpt lat="40.742492" lon="-73.961058"><ele>4</ele><time>2026-07-30T15:59:08.000Z</time></trkpt>
      <trkpt lat="40.742524" lon="-73.96104"><ele>4</ele><time>2026-07-30T15:59:09.000Z</time></trkpt>
      <trkpt lat="40.742554" lon="-73.961022"><ele>4</ele><time>2026-07-30T15:59:10.000Z</time></trkpt>
      <trkpt lat="40.742584" lon="-73.961004"><ele>4</ele><time>2026-07-30T15:59:11.000Z</time></trkpt>
      <trkpt lat="40.742614" lon="-73.960989"><ele>4</ele><time>2026-07-30T15:59:12.000Z</time></trkpt>
      <trkpt lat="40.742643" lon="-73.960975"><ele>4</ele><time>2026-07-30T15:59:13.000Z</time></trkpt>
      <trkpt lat="40.742672" lon="-73.960963"><ele>4</ele><time>2026-07-30T15:59:14.000Z</time></trkpt>
      <trkpt lat="40.742701" lon="-73.960951"><ele>4</ele><time>2026-07-30T15:59:15.000Z</time></trkpt>
      <trkpt lat="40.74273" lon="-73.96094"><ele>4</ele><time>2026-07-30T15:59:16.000Z</time></trkpt>
      <trkpt lat="40.742757" lon="-73.960927"><ele>4</ele><time>2026-07-30T15:59:17.000Z</time></trkpt>
      <trkpt lat="40.742783" lon="-73.960916"><ele>4</ele><time>2026-07-30T15:59:18.000Z</time></trkpt>
      <trkpt lat="40.742808" lon="-73.960905"><ele>3.8</ele><time>2026-07-30T15:59:19.000Z</time></trkpt>
      <trkpt lat="40.742833" lon="-73.960894"><ele>3.8</ele><time>2026-07-30T15:59:20.000Z</time></trkpt>
      <trkpt lat="40.742857" lon="-73.960882"><ele>3.8</ele><time>2026-07-30T15:59:21.000Z</time></trkpt>
      <trkpt lat="40.742881" lon="-73.96087"><ele>3.8</ele><time>2026-07-30T15:59:22.000Z</time></trkpt>
      <trkpt lat="40.742906" lon="-73.960857"><ele>3.6</ele><time>2026-07-30T15:59:23.000Z</time></trkpt>
      <trkpt lat="40.74293" lon="-73.960843"><ele>3.6</ele><time>2026-07-30T15:59:24.000Z</time></trkpt>
      <trkpt lat="40.742953" lon="-73.960831"><ele>3.6</ele><time>2026-07-30T15:59:25.000Z</time></trkpt>
      <trkpt lat="40.742976" lon="-73.96082"><ele>3.6</ele><time>2026-07-30T15:59:26.000Z</time></trkpt>
      <trkpt lat="40.742999" lon="-73.960809"><ele>3.6</ele><time>2026-07-30T15:59:27.000Z</time></trkpt>
      <trkpt lat="40.743022" lon="-73.960798"><ele>3.6</ele><time>2026-07-30T15:59:28.000Z</time></trkpt>
      <trkpt lat="40.743045" lon="-73.960786"><ele>3.6</ele><time>2026-07-30T15:59:29.000Z</time></trkpt>
      <trkpt lat="40.743068" lon="-73.960772"><ele>3.4</ele><time>2026-07-30T15:59:30.000Z</time></trkpt>
      <trkpt lat="40.743091" lon="-73.960756"><ele>3.4</ele><time>2026-07-30T15:59:31.000Z</time></trkpt>
      <trkpt lat="40.743114" lon="-73.96074"><ele>3.4</ele><time>2026-07-30T15:59:32.000Z</time></trkpt>
      <trkpt lat="40.743136" lon="-73.960722"><ele>3.4</ele><time>2026-07-30T15:59:33.000Z</time></trkpt>
      <trkpt lat="40.743158" lon="-73.960701"><ele>3.4</ele><time>2026-07-30T15:59:34.000Z</time></trkpt>
      <trkpt lat="40.743175" lon="-73.960679"><ele>3.4</ele><time>2026-07-30T15:59:35.000Z</time></trkpt>
      <trkpt lat="40.743187" lon="-73.960653"><ele>3.4</ele><time>2026-07-30T15:59:36.000Z</time></trkpt>
      <trkpt lat="40.743191" lon="-73.960622"><ele>3.4</ele><time>2026-07-30T15:59:37.000Z</time></trkpt>
      <trkpt lat="40.743188" lon="-73.960588"><ele>3.4</ele><time>2026-07-30T15:59:38.000Z</time></trkpt>
      <trkpt lat="40.743183" lon="-73.960551"><ele>3.4</ele><time>2026-07-30T15:59:39.000Z</time></trkpt>
      <trkpt lat="40.743178" lon="-73.960515"><ele>3.4</ele><time>2026-07-30T15:59:40.000Z</time></trkpt>
      <trkpt lat="40.743175" lon="-73.960479"><ele>3.4</ele><time>2026-07-30T15:59:41.000Z</time></trkpt>
      <trkpt lat="40.743173" lon="-73.960444"><ele>3.4</ele><time>2026-07-30T15:59:42.000Z</time></trkpt>
      <trkpt lat="40.743172" lon="-73.96041"><ele>3.4</ele><time>2026-07-30T15:59:43.000Z</time></trkpt>
      <trkpt lat="40.743171" lon="-73.960379"><ele>3.4</ele><time>2026-07-30T15:59:44.000Z</time></trkpt>
      <trkpt lat="40.743168" lon="-73.960351"><ele>3.4</ele><time>2026-07-30T15:59:45.000Z</time></trkpt>
      <trkpt lat="40.743166" lon="-73.960324"><ele>3.4</ele><time>2026-07-30T15:59:46.000Z</time></trkpt>
      <trkpt lat="40.743165" lon="-73.960298"><ele>3.6</ele><time>2026-07-30T15:59:47.000Z</time></trkpt>
      <trkpt lat="40.743165" lon="-73.960271"><ele>3.6</ele><time>2026-07-30T15:59:48.000Z</time></trkpt>
      <trkpt lat="40.743164" lon="-73.960244"><ele>3.6</ele><time>2026-07-30T15:59:49.000Z</time></trkpt>
      <trkpt lat="40.743164" lon="-73.960217"><ele>3.6</ele><time>2026-07-30T15:59:50.000Z</time></trkpt>
      <trkpt lat="40.743161" lon="-73.960192"><ele>3.6</ele><time>2026-07-30T15:59:51.000Z</time></trkpt>
      <trkpt lat="40.743156" lon="-73.960165"><ele>3.6</ele><time>2026-07-30T15:59:52.000Z</time></trkpt>
      <trkpt lat="40.743151" lon="-73.960138"><ele>3.8</ele><time>2026-07-30T15:59:53.000Z</time></trkpt>
      <trkpt lat="40.743149" lon="-73.960111"><ele>3.8</ele><time>2026-07-30T15:59:54.000Z</time></trkpt>
      <trkpt lat="40.743154" lon="-73.960086"><ele>3.8</ele><time>2026-07-30T15:59:55.000Z</time></trkpt>
      <trkpt lat="40.743165" lon="-73.960065"><ele>3.8</ele><time>2026-07-30T15:59:56.000Z</time></trkpt>
      <trkpt lat="40.743181" lon="-73.960045"><ele>3.8</ele><time>2026-07-30T15:59:57.000Z</time></trkpt>
      <trkpt lat="40.743201" lon="-73.960027"><ele>3.8</ele><time>2026-07-30T15:59:58.000Z</time></trkpt>
      <trkpt lat="40.743221" lon="-73.960011"><ele>3.8</ele><time>2026-07-30T15:59:59.000Z</time></trkpt>
      <trkpt lat="40.74324" lon="-73.959995"><ele>3.8</ele><time>2026-07-30T16:00:00.000Z</time></trkpt>
      <trkpt lat="40.743258" lon="-73.959982"><ele>3.8</ele><time>2026-07-30T16:00:01.000Z</time></trkpt>
      <trkpt lat="40.743277" lon="-73.959971"><ele>3.8</ele><time>2026-07-30T16:00:02.000Z</time></trkpt>
      <trkpt lat="40.743297" lon="-73.959962"><ele>3.8</ele><time>2026-07-30T16:00:03.000Z</time></trkpt>
      <trkpt lat="40.743317" lon="-73.959951"><ele>3.8</ele><time>2026-07-30T16:00:04.000Z</time></trkpt>
      <trkpt lat="40.743338" lon="-73.959937"><ele>3.8</ele><time>2026-07-30T16:00:05.000Z</time></trkpt>
      <trkpt lat="40.743359" lon="-73.95992"><ele>3.8</ele><time>2026-07-30T16:00:06.000Z</time></trkpt>
      <trkpt lat="40.743379" lon="-73.959902"><ele>3.8</ele><time>2026-07-30T16:00:07.000Z</time></trkpt>
      <trkpt lat="40.743398" lon="-73.959885"><ele>3.8</ele><time>2026-07-30T16:00:08.000Z</time></trkpt>
      <trkpt lat="40.743417" lon="-73.959867"><ele>3.8</ele><time>2026-07-30T16:00:09.000Z</time></trkpt>
      <trkpt lat="40.743438" lon="-73.959849"><ele>3.8</ele><time>2026-07-30T16:00:10.000Z</time></trkpt>
      <trkpt lat="40.743459" lon="-73.95983"><ele>3.8</ele><time>2026-07-30T16:00:11.000Z</time></trkpt>
      <trkpt lat="40.74348" lon="-73.959811"><ele>3.8</ele><time>2026-07-30T16:00:12.000Z</time></trkpt>
      <trkpt lat="40.743501" lon="-73.959792"><ele>3.8</ele><time>2026-07-30T16:00:13.000Z</time></trkpt>
      <trkpt lat="40.743521" lon="-73.959773"><ele>3.8</ele><time>2026-07-30T16:00:14.000Z</time></trkpt>
      <trkpt lat="40.74354" lon="-73.959752"><ele>3.8</ele><time>2026-07-30T16:00:15.000Z</time></trkpt>
      <trkpt lat="40.743561" lon="-73.959729"><ele>3.8</ele><time>2026-07-30T16:00:16.000Z</time></trkpt>
      <trkpt lat="40.743582" lon="-73.959705"><ele>3.8</ele><time>2026-07-30T16:00:17.000Z</time></trkpt>
      <trkpt lat="40.743602" lon="-73.959679"><ele>3.8</ele><time>2026-07-30T16:00:18.000Z</time></trkpt>
      <trkpt lat="40.743623" lon="-73.959655"><ele>3.8</ele><time>2026-07-30T16:00:19.000Z</time></trkpt>
      <trkpt lat="40.743643" lon="-73.959631"><ele>3.8</ele><time>2026-07-30T16:00:20.000Z</time></trkpt>
      <trkpt lat="40.743665" lon="-73.95961"><ele>3.8</ele><time>2026-07-30T16:00:21.000Z</time></trkpt>
      <trkpt lat="40.743687" lon="-73.959589"><ele>3.8</ele><time>2026-07-30T16:00:22.000Z</time></trkpt>
      <trkpt lat="40.74371" lon="-73.959569"><ele>4</ele><time>2026-07-30T16:00:23.000Z</time></trkpt>
      <trkpt lat="40.743733" lon="-73.959549"><ele>4</ele><time>2026-07-30T16:00:24.000Z</time></trkpt>
      <trkpt lat="40.743757" lon="-73.959528"><ele>4</ele><time>2026-07-30T16:00:25.000Z</time></trkpt>
      <trkpt lat="40.743782" lon="-73.959506"><ele>4</ele><time>2026-07-30T16:00:26.000Z</time></trkpt>
      <trkpt lat="40.743806" lon="-73.959484"><ele>4</ele><time>2026-07-30T16:00:27.000Z</time></trkpt>
      <trkpt lat="40.743828" lon="-73.959464"><ele>4.2</ele><time>2026-07-30T16:00:28.000Z</time></trkpt>
      <trkpt lat="40.743849" lon="-73.959444"><ele>4.2</ele><time>2026-07-30T16:00:29.000Z</time></trkpt>
      <trkpt lat="40.743869" lon="-73.959424"><ele>4.2</ele><time>2026-07-30T16:00:30.000Z</time></trkpt>
      <trkpt lat="40.743889" lon="-73.959405"><ele>4.2</ele><time>2026-07-30T16:00:31.000Z</time></trkpt>
      <trkpt lat="40.74391" lon="-73.959384"><ele>4.2</ele><time>2026-07-30T16:00:32.000Z</time></trkpt>
      <trkpt lat="40.743931" lon="-73.959364"><ele>4.2</ele><time>2026-07-30T16:00:33.000Z</time></trkpt>
      <trkpt lat="40.743952" lon="-73.959343"><ele>4.2</ele><time>2026-07-30T16:00:34.000Z</time></trkpt>
      <trkpt lat="40.743973" lon="-73.959322"><ele>4.2</ele><time>2026-07-30T16:00:35.000Z</time></trkpt>
      <trkpt lat="40.743994" lon="-73.959299"><ele>4.2</ele><time>2026-07-30T16:00:36.000Z</time></trkpt>
      <trkpt lat="40.744014" lon="-73.959274"><ele>4.2</ele><time>2026-07-30T16:00:37.000Z</time></trkpt>
      <trkpt lat="40.744033" lon="-73.959248"><ele>4.2</ele><time>2026-07-30T16:00:38.000Z</time></trkpt>
      <trkpt lat="40.744051" lon="-73.959222"><ele>4.2</ele><time>2026-07-30T16:00:39.000Z</time></trkpt>
      <trkpt lat="40.744067" lon="-73.959196"><ele>4.2</ele><time>2026-07-30T16:00:40.000Z</time></trkpt>
      <trkpt lat="40.744085" lon="-73.95917"><ele>4.2</ele><time>2026-07-30T16:00:41.000Z</time></trkpt>
      <trkpt lat="40.744102" lon="-73.959142"><ele>4.2</ele><time>2026-07-30T16:00:42.000Z</time></trkpt>
      <trkpt lat="40.74412" lon="-73.959113"><ele>4.2</ele><time>2026-07-30T16:00:43.000Z</time></trkpt>
      <trkpt lat="40.744138" lon="-73.959083"><ele>4.2</ele><time>2026-07-30T16:00:44.000Z</time></trkpt>
      <trkpt lat="40.744154" lon="-73.959053"><ele>4.2</ele><time>2026-07-30T16:00:45.000Z</time></trkpt>
      <trkpt lat="40.744169" lon="-73.959024"><ele>4.2</ele><time>2026-07-30T16:00:46.000Z</time></trkpt>
      <trkpt lat="40.744185" lon="-73.958996"><ele>4</ele><time>2026-07-30T16:00:47.000Z</time></trkpt>
      <trkpt lat="40.744201" lon="-73.958967"><ele>4</ele><time>2026-07-30T16:00:48.000Z</time></trkpt>
      <trkpt lat="40.744219" lon="-73.958937"><ele>4</ele><time>2026-07-30T16:00:49.000Z</time></trkpt>
      <trkpt lat="40.744238" lon="-73.958908"><ele>4</ele><time>2026-07-30T16:00:50.000Z</time></trkpt>
      <trkpt lat="40.744257" lon="-73.958882"><ele>4</ele><time>2026-07-30T16:00:51.000Z</time></trkpt>
      <trkpt lat="40.744275" lon="-73.958857"><ele>4</ele><time>2026-07-30T16:00:52.000Z</time></trkpt>
      <trkpt lat="40.744295" lon="-73.958831"><ele>4</ele><time>2026-07-30T16:00:53.000Z</time></trkpt>
      <trkpt lat="40.744333" lon="-73.958776"><ele>4</ele><time>2026-07-30T16:00:54.000Z</time></trkpt>
      <trkpt lat="40.744351" lon="-73.958749"><ele>4</ele><time>2026-07-30T16:00:55.000Z</time></trkpt>
      <trkpt lat="40.744368" lon="-73.958722"><ele>4</ele><time>2026-07-30T16:00:56.000Z</time></trkpt>
      <trkpt lat="40.744384" lon="-73.958695"><ele>4</ele><time>2026-07-30T16:00:57.000Z</time></trkpt>
      <trkpt lat="40.744401" lon="-73.95867"><ele>4</ele><time>2026-07-30T16:00:58.000Z</time></trkpt>
      <trkpt lat="40.744417" lon="-73.958646"><ele>4</ele><time>2026-07-30T16:00:59.000Z</time></trkpt>
      <trkpt lat="40.744434" lon="-73.958623"><ele>4</ele><time>2026-07-30T16:01:00.000Z</time></trkpt>
      <trkpt lat="40.744452" lon="-73.9586"><ele>4</ele><time>2026-07-30T16:01:01.000Z</time></trkpt>
      <trkpt lat="40.744471" lon="-73.958576"><ele>4.2</ele><time>2026-07-30T16:01:02.000Z</time></trkpt>
      <trkpt lat="40.744491" lon="-73.958552"><ele>4.2</ele><time>2026-07-30T16:01:03.000Z</time></trkpt>
      <trkpt lat="40.744512" lon="-73.958529"><ele>4.2</ele><time>2026-07-30T16:01:04.000Z</time></trkpt>
      <trkpt lat="40.744532" lon="-73.958508"><ele>4.2</ele><time>2026-07-30T16:01:05.000Z</time></trkpt>
      <trkpt lat="40.744554" lon="-73.95849"><ele>4.4</ele><time>2026-07-30T16:01:06.000Z</time></trkpt>
      <trkpt lat="40.744576" lon="-73.958476"><ele>4.4</ele><time>2026-07-30T16:01:07.000Z</time></trkpt>
      <trkpt lat="40.744599" lon="-73.958464"><ele>4.6</ele><time>2026-07-30T16:01:08.000Z</time></trkpt>
      <trkpt lat="40.744622" lon="-73.958455"><ele>4.6</ele><time>2026-07-30T16:01:09.000Z</time></trkpt>
      <trkpt lat="40.744645" lon="-73.958448"><ele>4.6</ele><time>2026-07-30T16:01:10.000Z</time></trkpt>
      <trkpt lat="40.744667" lon="-73.958441"><ele>4.8</ele><time>2026-07-30T16:01:11.000Z</time></trkpt>
      <trkpt lat="40.744689" lon="-73.958434"><ele>4.8</ele><time>2026-07-30T16:01:12.000Z</time></trkpt>
      <trkpt lat="40.744711" lon="-73.958428"><ele>4.8</ele><time>2026-07-30T16:01:13.000Z</time></trkpt>
      <trkpt lat="40.744733" lon="-73.958423"><ele>4.8</ele><time>2026-07-30T16:01:15.000Z</time></trkpt>
      <trkpt lat="40.744754" lon="-73.958421"><ele>4.8</ele><time>2026-07-30T16:01:16.000Z</time></trkpt>
      <trkpt lat="40.744775" lon="-73.958423"><ele>4.6</ele><time>2026-07-30T16:01:17.000Z</time></trkpt>
      <trkpt lat="40.744796" lon="-73.958427"><ele>4.6</ele><time>2026-07-30T16:01:18.000Z</time></trkpt>
      <trkpt lat="40.744817" lon="-73.958434"><ele>4.4</ele><time>2026-07-30T16:01:19.000Z</time></trkpt>
      <trkpt lat="40.744838" lon="-73.958442"><ele>4.4</ele><time>2026-07-30T16:01:20.000Z</time></trkpt>
      <trkpt lat="40.744858" lon="-73.958451"><ele>4.2</ele><time>2026-07-30T16:01:21.000Z</time></trkpt>
      <trkpt lat="40.744879" lon="-73.95846"><ele>4</ele><time>2026-07-30T16:01:22.000Z</time></trkpt>
      <trkpt lat="40.7449" lon="-73.958471"><ele>4</ele><time>2026-07-30T16:01:23.000Z</time></trkpt>
      <trkpt lat="40.744921" lon="-73.958482"><ele>3.8</ele><time>2026-07-30T16:01:24.000Z</time></trkpt>
      <trkpt lat="40.744964" lon="-73.958501"><ele>3.6</ele><time>2026-07-30T16:01:25.000Z</time></trkpt>
      <trkpt lat="40.744985" lon="-73.958507"><ele>3.4</ele><time>2026-07-30T16:01:26.000Z</time></trkpt>
      <trkpt lat="40.745006" lon="-73.958512"><ele>3.4</ele><time>2026-07-30T16:01:27.000Z</time></trkpt>
      <trkpt lat="40.745027" lon="-73.958516"><ele>3.2</ele><time>2026-07-30T16:01:28.000Z</time></trkpt>
      <trkpt lat="40.745049" lon="-73.958516"><ele>3.2</ele><time>2026-07-30T16:01:29.000Z</time></trkpt>
      <trkpt lat="40.745072" lon="-73.958513"><ele>3.2</ele><time>2026-07-30T16:01:30.000Z</time></trkpt>
      <trkpt lat="40.745094" lon="-73.958507"><ele>3.2</ele><time>2026-07-30T16:01:31.000Z</time></trkpt>
      <trkpt lat="40.745117" lon="-73.958498"><ele>3.2</ele><time>2026-07-30T16:01:32.000Z</time></trkpt>
      <trkpt lat="40.745142" lon="-73.958487"><ele>3.2</ele><time>2026-07-30T16:01:33.000Z</time></trkpt>
      <trkpt lat="40.745167" lon="-73.958476"><ele>3.2</ele><time>2026-07-30T16:01:34.000Z</time></trkpt>
      <trkpt lat="40.745191" lon="-73.958465"><ele>3.2</ele><time>2026-07-30T16:01:35.000Z</time></trkpt>
      <trkpt lat="40.745215" lon="-73.958455"><ele>3.2</ele><time>2026-07-30T16:01:36.000Z</time></trkpt>
      <trkpt lat="40.745237" lon="-73.958444"><ele>3.2</ele><time>2026-07-30T16:01:37.000Z</time></trkpt>
      <trkpt lat="40.745259" lon="-73.958435"><ele>3.4</ele><time>2026-07-30T16:01:38.000Z</time></trkpt>
      <trkpt lat="40.745279" lon="-73.958425"><ele>3.4</ele><time>2026-07-30T16:01:39.000Z</time></trkpt>
      <trkpt lat="40.745301" lon="-73.958418"><ele>3.6</ele><time>2026-07-30T16:01:40.000Z</time></trkpt>
      <trkpt lat="40.745323" lon="-73.958411"><ele>3.6</ele><time>2026-07-30T16:01:41.000Z</time></trkpt>
      <trkpt lat="40.745345" lon="-73.958404"><ele>3.8</ele><time>2026-07-30T16:01:42.000Z</time></trkpt>
      <trkpt lat="40.745367" lon="-73.958396"><ele>4</ele><time>2026-07-30T16:01:43.000Z</time></trkpt>
      <trkpt lat="40.74539" lon="-73.958387"><ele>4.4</ele><time>2026-07-30T16:01:44.000Z</time></trkpt>
      <trkpt lat="40.745414" lon="-73.95838"><ele>4.6</ele><time>2026-07-30T16:01:45.000Z</time></trkpt>
      <trkpt lat="40.745439" lon="-73.958377"><ele>4.8</ele><time>2026-07-30T16:01:46.000Z</time></trkpt>
      <trkpt lat="40.745464" lon="-73.958376"><ele>5</ele><time>2026-07-30T16:01:47.000Z</time></trkpt>
      <trkpt lat="40.74549" lon="-73.958377"><ele>5.2</ele><time>2026-07-30T16:01:48.000Z</time></trkpt>
      <trkpt lat="40.745516" lon="-73.958376"><ele>5.4</ele><time>2026-07-30T16:01:49.000Z</time></trkpt>
      <trkpt lat="40.745541" lon="-73.958372"><ele>5.4</ele><time>2026-07-30T16:01:50.000Z</time></trkpt>
      <trkpt lat="40.745566" lon="-73.958368"><ele>5.6</ele><time>2026-07-30T16:01:51.000Z</time></trkpt>
      <trkpt lat="40.745593" lon="-73.958362"><ele>5.6</ele><time>2026-07-30T16:01:52.000Z</time></trkpt>
      <trkpt lat="40.745619" lon="-73.958353"><ele>5.6</ele><time>2026-07-30T16:01:53.000Z</time></trkpt>
      <trkpt lat="40.745647" lon="-73.958343"><ele>5.6</ele><time>2026-07-30T16:01:54.000Z</time></trkpt>
      <trkpt lat="40.745674" lon="-73.958331"><ele>5.4</ele><time>2026-07-30T16:01:55.000Z</time></trkpt>
      <trkpt lat="40.745701" lon="-73.95832"><ele>5.2</ele><time>2026-07-30T16:01:56.000Z</time></trkpt>
      <trkpt lat="40.745728" lon="-73.95831"><ele>5</ele><time>2026-07-30T16:01:57.000Z</time></trkpt>
      <trkpt lat="40.745755" lon="-73.958301"><ele>4.8</ele><time>2026-07-30T16:01:58.000Z</time></trkpt>
      <trkpt lat="40.745783" lon="-73.958293"><ele>4.4</ele><time>2026-07-30T16:01:59.000Z</time></trkpt>
      <trkpt lat="40.74581" lon="-73.958288"><ele>4</ele><time>2026-07-30T16:02:00.000Z</time></trkpt>
      <trkpt lat="40.745837" lon="-73.958284"><ele>3.6</ele><time>2026-07-30T16:02:01.000Z</time></trkpt>
      <trkpt lat="40.745864" lon="-73.958281"><ele>3.2</ele><time>2026-07-30T16:02:02.000Z</time></trkpt>
      <trkpt lat="40.74589" lon="-73.958279"><ele>2.6</ele><time>2026-07-30T16:02:03.000Z</time></trkpt>
      <trkpt lat="40.745912" lon="-73.958277"><ele>2</ele><time>2026-07-30T16:02:04.000Z</time></trkpt>
      <trkpt lat="40.746039" lon="-73.958304"><ele>6.6</ele><time>2026-07-30T16:02:32.000Z</time></trkpt>
      <trkpt lat="40.746046" lon="-73.958289"><ele>6.2</ele><time>2026-07-30T16:02:33.000Z</time></trkpt>
      <trkpt lat="40.746054" lon="-73.958275"><ele>5.8</ele><time>2026-07-30T16:02:34.000Z</time></trkpt>
      <trkpt lat="40.746064" lon="-73.958259"><ele>5.6</ele><time>2026-07-30T16:02:35.000Z</time></trkpt>
      <trkpt lat="40.746076" lon="-73.958244"><ele>5.4</ele><time>2026-07-30T16:02:36.000Z</time></trkpt>
      <trkpt lat="40.746091" lon="-73.95823"><ele>5.4</ele><time>2026-07-30T16:02:37.000Z</time></trkpt>
      <trkpt lat="40.746107" lon="-73.958217"><ele>5.2</ele><time>2026-07-30T16:02:38.000Z</time></trkpt>
      <trkpt lat="40.746123" lon="-73.958203"><ele>5.2</ele><time>2026-07-30T16:02:39.000Z</time></trkpt>
      <trkpt lat="40.746141" lon="-73.958188"><ele>5.4</ele><time>2026-07-30T16:02:40.000Z</time></trkpt>
      <trkpt lat="40.74616" lon="-73.958173"><ele>5.4</ele><time>2026-07-30T16:02:41.000Z</time></trkpt>
      <trkpt lat="40.74618" lon="-73.958159"><ele>5.4</ele><time>2026-07-30T16:02:42.000Z</time></trkpt>
      <trkpt lat="40.7462" lon="-73.958145"><ele>5.4</ele><time>2026-07-30T16:02:43.000Z</time></trkpt>
      <trkpt lat="40.74622" lon="-73.958129"><ele>5.6</ele><time>2026-07-30T16:02:44.000Z</time></trkpt>
      <trkpt lat="40.74624" lon="-73.958112"><ele>5.6</ele><time>2026-07-30T16:02:45.000Z</time></trkpt>
      <trkpt lat="40.746259" lon="-73.958093"><ele>5.6</ele><time>2026-07-30T16:02:46.000Z</time></trkpt>
      <trkpt lat="40.746277" lon="-73.958072"><ele>5.6</ele><time>2026-07-30T16:02:47.000Z</time></trkpt>
      <trkpt lat="40.746295" lon="-73.95805"><ele>5.6</ele><time>2026-07-30T16:02:48.000Z</time></trkpt>
      <trkpt lat="40.746311" lon="-73.958025"><ele>5.6</ele><time>2026-07-30T16:02:49.000Z</time></trkpt>
      <trkpt lat="40.746326" lon="-73.957997"><ele>5.8</ele><time>2026-07-30T16:02:50.000Z</time></trkpt>
      <trkpt lat="40.746342" lon="-73.957969"><ele>5.8</ele><time>2026-07-30T16:02:51.000Z</time></trkpt>
      <trkpt lat="40.74636" lon="-73.957939"><ele>5.8</ele><time>2026-07-30T16:02:52.000Z</time></trkpt>
      <trkpt lat="40.746378" lon="-73.95791"><ele>5.8</ele><time>2026-07-30T16:02:53.000Z</time></trkpt>
      <trkpt lat="40.746397" lon="-73.957882"><ele>5.8</ele><time>2026-07-30T16:02:54.000Z</time></trkpt>
      <trkpt lat="40.746415" lon="-73.957854"><ele>5.8</ele><time>2026-07-30T16:02:55.000Z</time></trkpt>
      <trkpt lat="40.746433" lon="-73.957823"><ele>5.8</ele><time>2026-07-30T16:02:56.000Z</time></trkpt>
      <trkpt lat="40.74645" lon="-73.957793"><ele>6</ele><time>2026-07-30T16:02:57.000Z</time></trkpt>
      <trkpt lat="40.746467" lon="-73.957764"><ele>6</ele><time>2026-07-30T16:02:58.000Z</time></trkpt>
      <trkpt lat="40.746485" lon="-73.957737"><ele>6</ele><time>2026-07-30T16:02:59.000Z</time></trkpt>
      <trkpt lat="40.746503" lon="-73.957712"><ele>6</ele><time>2026-07-30T16:03:00.000Z</time></trkpt>
      <trkpt lat="40.746522" lon="-73.95769"><ele>6</ele><time>2026-07-30T16:03:01.000Z</time></trkpt>
      <trkpt lat="40.74654" lon="-73.957667"><ele>6</ele><time>2026-07-30T16:03:02.000Z</time></trkpt>
      <trkpt lat="40.746558" lon="-73.957645"><ele>6</ele><time>2026-07-30T16:03:03.000Z</time></trkpt>
      <trkpt lat="40.746577" lon="-73.957626"><ele>6.2</ele><time>2026-07-30T16:03:04.000Z</time></trkpt>
      <trkpt lat="40.746595" lon="-73.957607"><ele>6.2</ele><time>2026-07-30T16:03:05.000Z</time></trkpt>
      <trkpt lat="40.746612" lon="-73.957588"><ele>6.2</ele><time>2026-07-30T16:03:06.000Z</time></trkpt>
      <trkpt lat="40.746626" lon="-73.957568"><ele>6.2</ele><time>2026-07-30T16:03:07.000Z</time></trkpt>
      <trkpt lat="40.74664" lon="-73.95755"><ele>6.2</ele><time>2026-07-30T16:03:08.000Z</time></trkpt>
      <trkpt lat="40.746655" lon="-73.957535"><ele>6.2</ele><time>2026-07-30T16:03:09.000Z</time></trkpt>
      <trkpt lat="40.74667" lon="-73.957524"><ele>6.4</ele><time>2026-07-30T16:03:10.000Z</time></trkpt>
      <trkpt lat="40.746686" lon="-73.957517"><ele>6.4</ele><time>2026-07-30T16:03:11.000Z</time></trkpt>
      <trkpt lat="40.746703" lon="-73.957513"><ele>6.4</ele><time>2026-07-30T16:03:12.000Z</time></trkpt>
      <trkpt lat="40.746719" lon="-73.95751"><ele>6.4</ele><time>2026-07-30T16:03:13.000Z</time></trkpt>
      <trkpt lat="40.746735" lon="-73.957506"><ele>6.4</ele><time>2026-07-30T16:03:14.000Z</time></trkpt>
      <trkpt lat="40.746752" lon="-73.957502"><ele>6.4</ele><time>2026-07-30T16:03:15.000Z</time></trkpt>
      <trkpt lat="40.746769" lon="-73.957499"><ele>6.4</ele><time>2026-07-30T16:03:16.000Z</time></trkpt>
      <trkpt lat="40.746787" lon="-73.9575"><ele>6.4</ele><time>2026-07-30T16:03:17.000Z</time></trkpt>
      <trkpt lat="40.746805" lon="-73.957505"><ele>6.4</ele><time>2026-07-30T16:03:18.000Z</time></trkpt>
      <trkpt lat="40.746822" lon="-73.957513"><ele>6.4</ele><time>2026-07-30T16:03:19.000Z</time></trkpt>
      <trkpt lat="40.746839" lon="-73.957523"><ele>6.4</ele><time>2026-07-30T16:03:20.000Z</time></trkpt>
      <trkpt lat="40.746856" lon="-73.957532"><ele>6.2</ele><time>2026-07-30T16:03:21.000Z</time></trkpt>
      <trkpt lat="40.746873" lon="-73.957541"><ele>6.2</ele><time>2026-07-30T16:03:22.000Z</time></trkpt>
      <trkpt lat="40.746891" lon="-73.95755"><ele>6.2</ele><time>2026-07-30T16:03:23.000Z</time></trkpt>
      <trkpt lat="40.746911" lon="-73.957561"><ele>6.2</ele><time>2026-07-30T16:03:24.000Z</time></trkpt>
      <trkpt lat="40.746931" lon="-73.957574"><ele>6.2</ele><time>2026-07-30T16:03:25.000Z</time></trkpt>
      <trkpt lat="40.746951" lon="-73.957587"><ele>6.2</ele><time>2026-07-30T16:03:26.000Z</time></trkpt>
      <trkpt lat="40.746971" lon="-73.957602"><ele>6</ele><time>2026-07-30T16:03:27.000Z</time></trkpt>
      <trkpt lat="40.746992" lon="-73.957619"><ele>6</ele><time>2026-07-30T16:03:28.000Z</time></trkpt>
      <trkpt lat="40.747012" lon="-73.957637"><ele>6</ele><time>2026-07-30T16:03:29.000Z</time></trkpt>
      <trkpt lat="40.747032" lon="-73.957658"><ele>6</ele><time>2026-07-30T16:03:30.000Z</time></trkpt>
      <trkpt lat="40.74705" lon="-73.957682"><ele>6</ele><time>2026-07-30T16:03:31.000Z</time></trkpt>
      <trkpt lat="40.747067" lon="-73.957707"><ele>6</ele><time>2026-07-30T16:03:32.000Z</time></trkpt>
      <trkpt lat="40.747082" lon="-73.957732"><ele>6</ele><time>2026-07-30T16:03:33.000Z</time></trkpt>
      <trkpt lat="40.747096" lon="-73.957759"><ele>6</ele><time>2026-07-30T16:03:34.000Z</time></trkpt>
      <trkpt lat="40.74711" lon="-73.957787"><ele>6</ele><time>2026-07-30T16:03:35.000Z</time></trkpt>
      <trkpt lat="40.747126" lon="-73.957815"><ele>6</ele><time>2026-07-30T16:03:36.000Z</time></trkpt>
      <trkpt lat="40.747143" lon="-73.957841"><ele>6</ele><time>2026-07-30T16:03:37.000Z</time></trkpt>
      <trkpt lat="40.747161" lon="-73.957865"><ele>6</ele><time>2026-07-30T16:03:38.000Z</time></trkpt>
      <trkpt lat="40.74718" lon="-73.957885"><ele>6.2</ele><time>2026-07-30T16:03:39.000Z</time></trkpt>
      <trkpt lat="40.747201" lon="-73.957903"><ele>6.2</ele><time>2026-07-30T16:03:40.000Z</time></trkpt>
      <trkpt lat="40.747221" lon="-73.957918"><ele>6.2</ele><time>2026-07-30T16:03:41.000Z</time></trkpt>
      <trkpt lat="40.747243" lon="-73.957932"><ele>6.2</ele><time>2026-07-30T16:03:42.000Z</time></trkpt>
      <trkpt lat="40.747266" lon="-73.957943"><ele>6.4</ele><time>2026-07-30T16:03:43.000Z</time></trkpt>
      <trkpt lat="40.747289" lon="-73.957952"><ele>6.4</ele><time>2026-07-30T16:03:44.000Z</time></trkpt>
      <trkpt lat="40.747313" lon="-73.957956"><ele>6.4</ele><time>2026-07-30T16:03:45.000Z</time></trkpt>
      <trkpt lat="40.747337" lon="-73.957955"><ele>6.4</ele><time>2026-07-30T16:03:46.000Z</time></trkpt>
      <trkpt lat="40.747361" lon="-73.957951"><ele>6.4</ele><time>2026-07-30T16:03:47.000Z</time></trkpt>
      <trkpt lat="40.747385" lon="-73.957944"><ele>6.4</ele><time>2026-07-30T16:03:48.000Z</time></trkpt>
      <trkpt lat="40.747409" lon="-73.957933"><ele>6.4</ele><time>2026-07-30T16:03:49.000Z</time></trkpt>
      <trkpt lat="40.747434" lon="-73.957921"><ele>6.4</ele><time>2026-07-30T16:03:50.000Z</time></trkpt>
      <trkpt lat="40.747459" lon="-73.957908"><ele>6.4</ele><time>2026-07-30T16:03:51.000Z</time></trkpt>
      <trkpt lat="40.747483" lon="-73.957893"><ele>6.4</ele><time>2026-07-30T16:03:52.000Z</time></trkpt>
      <trkpt lat="40.747507" lon="-73.957876"><ele>6.4</ele><time>2026-07-30T16:03:53.000Z</time></trkpt>
      <trkpt lat="40.74753" lon="-73.957858"><ele>6.4</ele><time>2026-07-30T16:03:54.000Z</time></trkpt>
      <trkpt lat="40.747553" lon="-73.95784"><ele>6.4</ele><time>2026-07-30T16:03:55.000Z</time></trkpt>
      <trkpt lat="40.747575" lon="-73.957821"><ele>6.4</ele><time>2026-07-30T16:03:56.000Z</time></trkpt>
      <trkpt lat="40.747598" lon="-73.957802"><ele>6.4</ele><time>2026-07-30T16:03:57.000Z</time></trkpt>
      <trkpt lat="40.747621" lon="-73.957783"><ele>6.4</ele><time>2026-07-30T16:03:58.000Z</time></trkpt>
      <trkpt lat="40.747644" lon="-73.957761"><ele>6.6</ele><time>2026-07-30T16:03:59.000Z</time></trkpt>
      <trkpt lat="40.747666" lon="-73.957739"><ele>6.6</ele><time>2026-07-30T16:04:00.000Z</time></trkpt>
      <trkpt lat="40.747688" lon="-73.957717"><ele>6.6</ele><time>2026-07-30T16:04:01.000Z</time></trkpt>
      <trkpt lat="40.74771" lon="-73.957696"><ele>6.6</ele><time>2026-07-30T16:04:02.000Z</time></trkpt>
      <trkpt lat="40.747732" lon="-73.957674"><ele>6.4</ele><time>2026-07-30T16:04:03.000Z</time></trkpt>
      <trkpt lat="40.747753" lon="-73.957651"><ele>6.4</ele><time>2026-07-30T16:04:04.000Z</time></trkpt>
      <trkpt lat="40.747774" lon="-73.957631"><ele>6.4</ele><time>2026-07-30T16:04:05.000Z</time></trkpt>
      <trkpt lat="40.747794" lon="-73.957614"><ele>6.2</ele><time>2026-07-30T16:04:06.000Z</time></trkpt>
      <trkpt lat="40.747816" lon="-73.957604"><ele>6.2</ele><time>2026-07-30T16:04:07.000Z</time></trkpt>
      <trkpt lat="40.74784" lon="-73.957601"><ele>6</ele><time>2026-07-30T16:04:08.000Z</time></trkpt>
      <trkpt lat="40.747866" lon="-73.957604"><ele>6</ele><time>2026-07-30T16:04:09.000Z</time></trkpt>
      <trkpt lat="40.747892" lon="-73.957609"><ele>6</ele><time>2026-07-30T16:04:10.000Z</time></trkpt>
      <trkpt lat="40.747917" lon="-73.957614"><ele>5.8</ele><time>2026-07-30T16:04:11.000Z</time></trkpt>
      <trkpt lat="40.747942" lon="-73.957619"><ele>5.8</ele><time>2026-07-30T16:04:12.000Z</time></trkpt>
      <trkpt lat="40.747967" lon="-73.957623"><ele>5.6</ele><time>2026-07-30T16:04:13.000Z</time></trkpt>
      <trkpt lat="40.747991" lon="-73.957628"><ele>5.6</ele><time>2026-07-30T16:04:14.000Z</time></trkpt>
      <trkpt lat="40.748015" lon="-73.957633"><ele>5.6</ele><time>2026-07-30T16:04:15.000Z</time></trkpt>
      <trkpt lat="40.748038" lon="-73.957636"><ele>5.4</ele><time>2026-07-30T16:04:16.000Z</time></trkpt>
      <trkpt lat="40.748062" lon="-73.957635"><ele>5.4</ele><time>2026-07-30T16:04:17.000Z</time></trkpt>
      <trkpt lat="40.748086" lon="-73.957631"><ele>5.4</ele><time>2026-07-30T16:04:18.000Z</time></trkpt>
      <trkpt lat="40.748109" lon="-73.957624"><ele>5.2</ele><time>2026-07-30T16:04:19.000Z</time></trkpt>
      <trkpt lat="40.748133" lon="-73.957615"><ele>5.2</ele><time>2026-07-30T16:04:20.000Z</time></trkpt>
      <trkpt lat="40.748156" lon="-73.957604"><ele>5.2</ele><time>2026-07-30T16:04:21.000Z</time></trkpt>
      <trkpt lat="40.748179" lon="-73.957593"><ele>5.2</ele><time>2026-07-30T16:04:22.000Z</time></trkpt>
      <trkpt lat="40.748204" lon="-73.957585"><ele>5.2</ele><time>2026-07-30T16:04:23.000Z</time></trkpt>
      <trkpt lat="40.748228" lon="-73.957577"><ele>5.2</ele><time>2026-07-30T16:04:24.000Z</time></trkpt>
      <trkpt lat="40.748251" lon="-73.957569"><ele>5.2</ele><time>2026-07-30T16:04:25.000Z</time></trkpt>
      <trkpt lat="40.748274" lon="-73.95756"><ele>5.2</ele><time>2026-07-30T16:04:26.000Z</time></trkpt>
      <trkpt lat="40.748296" lon="-73.957549"><ele>5.2</ele><time>2026-07-30T16:04:27.000Z</time></trkpt>
      <trkpt lat="40.748318" lon="-73.957538"><ele>5</ele><time>2026-07-30T16:04:28.000Z</time></trkpt>
      <trkpt lat="40.748339" lon="-73.957526"><ele>5</ele><time>2026-07-30T16:04:29.000Z</time></trkpt>
      <trkpt lat="40.74836" lon="-73.957514"><ele>5</ele><time>2026-07-30T16:04:30.000Z</time></trkpt>
      <trkpt lat="40.748381" lon="-73.957502"><ele>5</ele><time>2026-07-30T16:04:31.000Z</time></trkpt>
      <trkpt lat="40.748403" lon="-73.957488"><ele>5</ele><time>2026-07-30T16:04:32.000Z</time></trkpt>
      <trkpt lat="40.748424" lon="-73.957472"><ele>5</ele><time>2026-07-30T16:04:33.000Z</time></trkpt>
      <trkpt lat="40.748446" lon="-73.957455"><ele>5</ele><time>2026-07-30T16:04:34.000Z</time></trkpt>
      <trkpt lat="40.748467" lon="-73.957437"><ele>5</ele><time>2026-07-30T16:04:35.000Z</time></trkpt>
      <trkpt lat="40.748488" lon="-73.957421"><ele>5</ele><time>2026-07-30T16:04:36.000Z</time></trkpt>
      <trkpt lat="40.748509" lon="-73.957404"><ele>5</ele><time>2026-07-30T16:04:37.000Z</time></trkpt>
      <trkpt lat="40.74853" lon="-73.957385"><ele>5</ele><time>2026-07-30T16:04:38.000Z</time></trkpt>
      <trkpt lat="40.74855" lon="-73.957365"><ele>5</ele><time>2026-07-30T16:04:39.000Z</time></trkpt>
      <trkpt lat="40.748569" lon="-73.957345"><ele>5</ele><time>2026-07-30T16:04:40.000Z</time></trkpt>
      <trkpt lat="40.748587" lon="-73.957326"><ele>5</ele><time>2026-07-30T16:04:41.000Z</time></trkpt>
      <trkpt lat="40.748607" lon="-73.957308"><ele>5.2</ele><time>2026-07-30T16:04:42.000Z</time></trkpt>
      <trkpt lat="40.748626" lon="-73.957291"><ele>5.2</ele><time>2026-07-30T16:04:43.000Z</time></trkpt>
      <trkpt lat="40.748646" lon="-73.957274"><ele>5.2</ele><time>2026-07-30T16:04:44.000Z</time></trkpt>
      <trkpt lat="40.748665" lon="-73.957257"><ele>5.2</ele><time>2026-07-30T16:04:45.000Z</time></trkpt>
      <trkpt lat="40.748684" lon="-73.957238"><ele>5.2</ele><time>2026-07-30T16:04:46.000Z</time></trkpt>
      <trkpt lat="40.748703" lon="-73.957219"><ele>5.2</ele><time>2026-07-30T16:04:47.000Z</time></trkpt>
      <trkpt lat="40.748722" lon="-73.957201"><ele>5</ele><time>2026-07-30T16:04:48.000Z</time></trkpt>
      <trkpt lat="40.748741" lon="-73.957184"><ele>5</ele><time>2026-07-30T16:04:49.000Z</time></trkpt>
      <trkpt lat="40.748761" lon="-73.957167"><ele>5</ele><time>2026-07-30T16:04:50.000Z</time></trkpt>
      <trkpt lat="40.748781" lon="-73.957152"><ele>5</ele><time>2026-07-30T16:04:51.000Z</time></trkpt>
      <trkpt lat="40.748801" lon="-73.957137"><ele>4.8</ele><time>2026-07-30T16:04:52.000Z</time></trkpt>
      <trkpt lat="40.748821" lon="-73.957122"><ele>4.8</ele><time>2026-07-30T16:04:53.000Z</time></trkpt>
      <trkpt lat="40.74884" lon="-73.957107"><ele>4.8</ele><time>2026-07-30T16:04:54.000Z</time></trkpt>
      <trkpt lat="40.748858" lon="-73.957091"><ele>4.6</ele><time>2026-07-30T16:04:55.000Z</time></trkpt>
      <trkpt lat="40.748873" lon="-73.957075"><ele>4.6</ele><time>2026-07-30T16:04:56.000Z</time></trkpt>
      <trkpt lat="40.748887" lon="-73.95706"><ele>4.6</ele><time>2026-07-30T16:04:57.000Z</time></trkpt>
      <trkpt lat="40.748899" lon="-73.957046"><ele>4.6</ele><time>2026-07-30T16:04:58.000Z</time></trkpt>
      <trkpt lat="40.748909" lon="-73.957034"><ele>4.6</ele><time>2026-07-30T16:04:59.000Z</time></trkpt>
      <trkpt lat="40.748912" lon="-73.957028"><ele>4.4</ele><time>2026-07-30T16:05:00.000Z</time></trkpt>
      <trkpt lat="40.748902" lon="-73.957032"><ele>4.4</ele><time>2026-07-30T16:05:01.000Z</time></trkpt>
      <trkpt lat="40.748881" lon="-73.957042"><ele>4.4</ele><time>2026-07-30T16:05:02.000Z</time></trkpt>
      <trkpt lat="40.748857" lon="-73.957055"><ele>4.2</ele><time>2026-07-30T16:05:03.000Z</time></trkpt>
      <trkpt lat="40.748833" lon="-73.957067"><ele>4.2</ele><time>2026-07-30T16:05:04.000Z</time></trkpt>
      <trkpt lat="40.748811" lon="-73.957079"><ele>4</ele><time>2026-07-30T16:05:05.000Z</time></trkpt>
      <trkpt lat="40.74879" lon="-73.957093"><ele>4</ele><time>2026-07-30T16:05:06.000Z</time></trkpt>
      <trkpt lat="40.748769" lon="-73.957108"><ele>4</ele><time>2026-07-30T16:05:07.000Z</time></trkpt>
      <trkpt lat="40.748749" lon="-73.957125"><ele>4</ele><time>2026-07-30T16:05:08.000Z</time></trkpt>
      <trkpt lat="40.74873" lon="-73.957143"><ele>4</ele><time>2026-07-30T16:05:09.000Z</time></trkpt>
      <trkpt lat="40.748712" lon="-73.957161"><ele>4</ele><time>2026-07-30T16:05:10.000Z</time></trkpt>
      <trkpt lat="40.748695" lon="-73.95718"><ele>4</ele><time>2026-07-30T16:05:11.000Z</time></trkpt>
      <trkpt lat="40.748679" lon="-73.957199"><ele>3.8</ele><time>2026-07-30T16:05:12.000Z</time></trkpt>
      <trkpt lat="40.748663" lon="-73.957218"><ele>3.8</ele><time>2026-07-30T16:05:13.000Z</time></trkpt>
      <trkpt lat="40.748646" lon="-73.957237"><ele>3.8</ele><time>2026-07-30T16:05:14.000Z</time></trkpt>
      <trkpt lat="40.748628" lon="-73.957255"><ele>3.8</ele><time>2026-07-30T16:05:15.000Z</time></trkpt>
      <trkpt lat="40.748609" lon="-73.957274"><ele>3.8</ele><time>2026-07-30T16:05:16.000Z</time></trkpt>
      <trkpt lat="40.74859" lon="-73.957292"><ele>3.8</ele><time>2026-07-30T16:05:17.000Z</time></trkpt>
      <trkpt lat="40.74857" lon="-73.957309"><ele>4</ele><time>2026-07-30T16:05:18.000Z</time></trkpt>
      <trkpt lat="40.74855" lon="-73.957325"><ele>4</ele><time>2026-07-30T16:05:19.000Z</time></trkpt>
      <trkpt lat="40.748528" lon="-73.957338"><ele>4</ele><time>2026-07-30T16:05:20.000Z</time></trkpt>
      <trkpt lat="40.748506" lon="-73.957351"><ele>4</ele><time>2026-07-30T16:05:21.000Z</time></trkpt>
      <trkpt lat="40.748483" lon="-73.957362"><ele>4</ele><time>2026-07-30T16:05:22.000Z</time></trkpt>
      <trkpt lat="40.74846" lon="-73.957371"><ele>4</ele><time>2026-07-30T16:05:23.000Z</time></trkpt>
      <trkpt lat="40.748437" lon="-73.957378"><ele>4</ele><time>2026-07-30T16:05:24.000Z</time></trkpt>
      <trkpt lat="40.748413" lon="-73.957387"><ele>4</ele><time>2026-07-30T16:05:25.000Z</time></trkpt>
      <trkpt lat="40.748388" lon="-73.957396"><ele>4.2</ele><time>2026-07-30T16:05:26.000Z</time></trkpt>
      <trkpt lat="40.748364" lon="-73.957406"><ele>4.2</ele><time>2026-07-30T16:05:27.000Z</time></trkpt>
      <trkpt lat="40.74834" lon="-73.957417"><ele>4.2</ele><time>2026-07-30T16:05:28.000Z</time></trkpt>
      <trkpt lat="40.748316" lon="-73.957426"><ele>4.2</ele><time>2026-07-30T16:05:29.000Z</time></trkpt>
      <trkpt lat="40.748293" lon="-73.957435"><ele>4.2</ele><time>2026-07-30T16:05:30.000Z</time></trkpt>
      <trkpt lat="40.74827" lon="-73.957442"><ele>4.2</ele><time>2026-07-30T16:05:31.000Z</time></trkpt>
      <trkpt lat="40.748247" lon="-73.957449"><ele>4.2</ele><time>2026-07-30T16:05:32.000Z</time></trkpt>
      <trkpt lat="40.748225" lon="-73.957455"><ele>4.2</ele><time>2026-07-30T16:05:33.000Z</time></trkpt>
      <trkpt lat="40.748204" lon="-73.957461"><ele>4.4</ele><time>2026-07-30T16:05:34.000Z</time></trkpt>
      <trkpt lat="40.748182" lon="-73.957467"><ele>4.4</ele><time>2026-07-30T16:05:35.000Z</time></trkpt>
      <trkpt lat="40.748161" lon="-73.957474"><ele>4.4</ele><time>2026-07-30T16:05:36.000Z</time></trkpt>
      <trkpt lat="40.74814" lon="-73.957481"><ele>4.4</ele><time>2026-07-30T16:05:37.000Z</time></trkpt>
      <trkpt lat="40.748122" lon="-73.957488"><ele>4.6</ele><time>2026-07-30T16:05:38.000Z</time></trkpt>
      <trkpt lat="40.748105" lon="-73.957494"><ele>4.6</ele><time>2026-07-30T16:05:39.000Z</time></trkpt>
      <trkpt lat="40.748087" lon="-73.9575"><ele>4.6</ele><time>2026-07-30T16:05:40.000Z</time></trkpt>
      <trkpt lat="40.748068" lon="-73.957507"><ele>4.6</ele><time>2026-07-30T16:05:41.000Z</time></trkpt>
      <trkpt lat="40.748047" lon="-73.957513"><ele>4.6</ele><time>2026-07-30T16:05:42.000Z</time></trkpt>
      <trkpt lat="40.748026" lon="-73.957521"><ele>4.6</ele><time>2026-07-30T16:05:43.000Z</time></trkpt>
      <trkpt lat="40.748006" lon="-73.95753"><ele>4.6</ele><time>2026-07-30T16:05:44.000Z</time></trkpt>
      <trkpt lat="40.747985" lon="-73.957541"><ele>4.8</ele><time>2026-07-30T16:05:45.000Z</time></trkpt>
      <trkpt lat="40.747963" lon="-73.957553"><ele>4.8</ele><time>2026-07-30T16:05:46.000Z</time></trkpt>
      <trkpt lat="40.747939" lon="-73.957564"><ele>4.8</ele><time>2026-07-30T16:05:47.000Z</time></trkpt>
      <trkpt lat="40.747915" lon="-73.957574"><ele>4.8</ele><time>2026-07-30T16:05:48.000Z</time></trkpt>
      <trkpt lat="40.747892" lon="-73.957583"><ele>4.8</ele><time>2026-07-30T16:05:49.000Z</time></trkpt>
      <trkpt lat="40.747869" lon="-73.957593"><ele>4.8</ele><time>2026-07-30T16:05:50.000Z</time></trkpt>
      <trkpt lat="40.747846" lon="-73.957607"><ele>4.8</ele><time>2026-07-30T16:05:51.000Z</time></trkpt>
      <trkpt lat="40.747822" lon="-73.957624"><ele>4.8</ele><time>2026-07-30T16:05:52.000Z</time></trkpt>
      <trkpt lat="40.747798" lon="-73.957642"><ele>4.8</ele><time>2026-07-30T16:05:53.000Z</time></trkpt>
      <trkpt lat="40.747774" lon="-73.957659"><ele>4.8</ele><time>2026-07-30T16:05:54.000Z</time></trkpt>
      <trkpt lat="40.747751" lon="-73.957674"><ele>4.8</ele><time>2026-07-30T16:05:55.000Z</time></trkpt>
      <trkpt lat="40.747727" lon="-73.957689"><ele>5</ele><time>2026-07-30T16:05:56.000Z</time></trkpt>
      <trkpt lat="40.747703" lon="-73.957703"><ele>5</ele><time>2026-07-30T16:05:57.000Z</time></trkpt>
      <trkpt lat="40.747678" lon="-73.957717"><ele>5</ele><time>2026-07-30T16:05:58.000Z</time></trkpt>
      <trkpt lat="40.747653" lon="-73.957731"><ele>5</ele><time>2026-07-30T16:05:59.000Z</time></trkpt>
      <trkpt lat="40.747628" lon="-73.957744"><ele>5</ele><time>2026-07-30T16:06:00.000Z</time></trkpt>
      <trkpt lat="40.747603" lon="-73.957756"><ele>5</ele><time>2026-07-30T16:06:01.000Z</time></trkpt>
      <trkpt lat="40.747578" lon="-73.957768"><ele>5</ele><time>2026-07-30T16:06:02.000Z</time></trkpt>
      <trkpt lat="40.747553" lon="-73.957781"><ele>5</ele><time>2026-07-30T16:06:03.000Z</time></trkpt>
      <trkpt lat="40.747528" lon="-73.957793"><ele>5</ele><time>2026-07-30T16:06:04.000Z</time></trkpt>
      <trkpt lat="40.747503" lon="-73.957805"><ele>5</ele><time>2026-07-30T16:06:05.000Z</time></trkpt>
      <trkpt lat="40.747477" lon="-73.957817"><ele>5</ele><time>2026-07-30T16:06:06.000Z</time></trkpt>
      <trkpt lat="40.747453" lon="-73.957828"><ele>5</ele><time>2026-07-30T16:06:07.000Z</time></trkpt>
      <trkpt lat="40.747429" lon="-73.95784"><ele>5</ele><time>2026-07-30T16:06:08.000Z</time></trkpt>
      <trkpt lat="40.747404" lon="-73.957851"><ele>5</ele><time>2026-07-30T16:06:09.000Z</time></trkpt>
      <trkpt lat="40.747379" lon="-73.957861"><ele>5</ele><time>2026-07-30T16:06:10.000Z</time></trkpt>
      <trkpt lat="40.747355" lon="-73.957869"><ele>5</ele><time>2026-07-30T16:06:11.000Z</time></trkpt>
      <trkpt lat="40.747331" lon="-73.957878"><ele>5</ele><time>2026-07-30T16:06:12.000Z</time></trkpt>
      <trkpt lat="40.747306" lon="-73.957887"><ele>5</ele><time>2026-07-30T16:06:13.000Z</time></trkpt>
      <trkpt lat="40.74728" lon="-73.957896"><ele>5</ele><time>2026-07-30T16:06:14.000Z</time></trkpt>
      <trkpt lat="40.747254" lon="-73.957906"><ele>5</ele><time>2026-07-30T16:06:15.000Z</time></trkpt>
      <trkpt lat="40.747228" lon="-73.957916"><ele>5</ele><time>2026-07-30T16:06:16.000Z</time></trkpt>
      <trkpt lat="40.747204" lon="-73.957928"><ele>5</ele><time>2026-07-30T16:06:17.000Z</time></trkpt>
      <trkpt lat="40.747183" lon="-73.957939"><ele>5</ele><time>2026-07-30T16:06:18.000Z</time></trkpt>
      <trkpt lat="40.74716" lon="-73.95795"><ele>5</ele><time>2026-07-30T16:06:19.000Z</time></trkpt>
      <trkpt lat="40.747137" lon="-73.95796"><ele>5</ele><time>2026-07-30T16:06:20.000Z</time></trkpt>
      <trkpt lat="40.747113" lon="-73.957969"><ele>5</ele><time>2026-07-30T16:06:21.000Z</time></trkpt>
      <trkpt lat="40.747089" lon="-73.95798"><ele>5</ele><time>2026-07-30T16:06:22.000Z</time></trkpt>
      <trkpt lat="40.747064" lon="-73.957991"><ele>5</ele><time>2026-07-30T16:06:23.000Z</time></trkpt>
      <trkpt lat="40.747041" lon="-73.958002"><ele>5</ele><time>2026-07-30T16:06:24.000Z</time></trkpt>
      <trkpt lat="40.747019" lon="-73.958013"><ele>5</ele><time>2026-07-30T16:06:25.000Z</time></trkpt>
      <trkpt lat="40.746998" lon="-73.958026"><ele>5</ele><time>2026-07-30T16:06:26.000Z</time></trkpt>
      <trkpt lat="40.746977" lon="-73.95804"><ele>5</ele><time>2026-07-30T16:06:27.000Z</time></trkpt>
      <trkpt lat="40.746957" lon="-73.958055"><ele>5</ele><time>2026-07-30T16:06:28.000Z</time></trkpt>
      <trkpt lat="40.746935" lon="-73.958072"><ele>5</ele><time>2026-07-30T16:06:29.000Z</time></trkpt>
      <trkpt lat="40.746913" lon="-73.958089"><ele>5.2</ele><time>2026-07-30T16:06:30.000Z</time></trkpt>
      <trkpt lat="40.74689" lon="-73.958106"><ele>5.2</ele><time>2026-07-30T16:06:31.000Z</time></trkpt>
      <trkpt lat="40.746868" lon="-73.958122"><ele>5.2</ele><time>2026-07-30T16:06:32.000Z</time></trkpt>
      <trkpt lat="40.746846" lon="-73.958138"><ele>5.2</ele><time>2026-07-30T16:06:33.000Z</time></trkpt>
      <trkpt lat="40.746824" lon="-73.958155"><ele>5.2</ele><time>2026-07-30T16:06:34.000Z</time></trkpt>
      <trkpt lat="40.746802" lon="-73.958173"><ele>5.2</ele><time>2026-07-30T16:06:35.000Z</time></trkpt>
      <trkpt lat="40.746781" lon="-73.958191"><ele>5.2</ele><time>2026-07-30T16:06:36.000Z</time></trkpt>
      <trkpt lat="40.74676" lon="-73.958211"><ele>5.2</ele><time>2026-07-30T16:06:37.000Z</time></trkpt>
      <trkpt lat="40.746741" lon="-73.958233"><ele>5.2</ele><time>2026-07-30T16:06:38.000Z</time></trkpt>
      <trkpt lat="40.746724" lon="-73.958257"><ele>5.2</ele><time>2026-07-30T16:06:39.000Z</time></trkpt>
      <trkpt lat="40.746706" lon="-73.958281"><ele>5.2</ele><time>2026-07-30T16:06:40.000Z</time></trkpt>
      <trkpt lat="40.746689" lon="-73.958305"><ele>5.2</ele><time>2026-07-30T16:06:41.000Z</time></trkpt>
      <trkpt lat="40.746673" lon="-73.95833"><ele>5.2</ele><time>2026-07-30T16:06:42.000Z</time></trkpt>
      <trkpt lat="40.746658" lon="-73.958354"><ele>5.2</ele><time>2026-07-30T16:06:43.000Z</time></trkpt>
      <trkpt lat="40.746643" lon="-73.958379"><ele>5.2</ele><time>2026-07-30T16:06:44.000Z</time></trkpt>
      <trkpt lat="40.746629" lon="-73.958404"><ele>5.2</ele><time>2026-07-30T16:06:45.000Z</time></trkpt>
      <trkpt lat="40.746615" lon="-73.958427"><ele>5</ele><time>2026-07-30T16:06:46.000Z</time></trkpt>
      <trkpt lat="40.746601" lon="-73.958448"><ele>5</ele><time>2026-07-30T16:06:47.000Z</time></trkpt>
      <trkpt lat="40.746587" lon="-73.958469"><ele>5</ele><time>2026-07-30T16:06:48.000Z</time></trkpt>
      <trkpt lat="40.746573" lon="-73.958492"><ele>5</ele><time>2026-07-30T16:06:49.000Z</time></trkpt>
      <trkpt lat="40.74656" lon="-73.958518"><ele>4.8</ele><time>2026-07-30T16:06:50.000Z</time></trkpt>
      <trkpt lat="40.746549" lon="-73.958547"><ele>4.8</ele><time>2026-07-30T16:06:51.000Z</time></trkpt>
      <trkpt lat="40.746541" lon="-73.958578"><ele>4.8</ele><time>2026-07-30T16:06:52.000Z</time></trkpt>
      <trkpt lat="40.746533" lon="-73.95861"><ele>4.8</ele><time>2026-07-30T16:06:53.000Z</time></trkpt>
      <trkpt lat="40.746526" lon="-73.958641"><ele>4.8</ele><time>2026-07-30T16:06:54.000Z</time></trkpt>
      <trkpt lat="40.746516" lon="-73.95867"><ele>4.8</ele><time>2026-07-30T16:06:55.000Z</time></trkpt>
      <trkpt lat="40.746502" lon="-73.958696"><ele>4.8</ele><time>2026-07-30T16:06:56.000Z</time></trkpt>
      <trkpt lat="40.746485" lon="-73.958719"><ele>4.8</ele><time>2026-07-30T16:06:57.000Z</time></trkpt>
      <trkpt lat="40.746466" lon="-73.958739"><ele>4.8</ele><time>2026-07-30T16:06:58.000Z</time></trkpt>
      <trkpt lat="40.746446" lon="-73.958758"><ele>4.8</ele><time>2026-07-30T16:06:59.000Z</time></trkpt>
      <trkpt lat="40.746426" lon="-73.958774"><ele>4.8</ele><time>2026-07-30T16:07:00.000Z</time></trkpt>
      <trkpt lat="40.746403" lon="-73.958789"><ele>4.6</ele><time>2026-07-30T16:07:01.000Z</time></trkpt>
      <trkpt lat="40.746379" lon="-73.958802"><ele>4.6</ele><time>2026-07-30T16:07:02.000Z</time></trkpt>
      <trkpt lat="40.746355" lon="-73.958814"><ele>4.6</ele><time>2026-07-30T16:07:03.000Z</time></trkpt>
      <trkpt lat="40.746332" lon="-73.958825"><ele>4.6</ele><time>2026-07-30T16:07:04.000Z</time></trkpt>
      <trkpt lat="40.746308" lon="-73.958834"><ele>4.6</ele><time>2026-07-30T16:07:05.000Z</time></trkpt>
      <trkpt lat="40.746284" lon="-73.958842"><ele>4.6</ele><time>2026-07-30T16:07:06.000Z</time></trkpt>
      <trkpt lat="40.746259" lon="-73.958848"><ele>4.6</ele><time>2026-07-30T16:07:07.000Z</time></trkpt>
      <trkpt lat="40.746234" lon="-73.958853"><ele>4.6</ele><time>2026-07-30T16:07:08.000Z</time></trkpt>
      <trkpt lat="40.746209" lon="-73.958858"><ele>4.6</ele><time>2026-07-30T16:07:09.000Z</time></trkpt>
      <trkpt lat="40.746185" lon="-73.958861"><ele>4.6</ele><time>2026-07-30T16:07:10.000Z</time></trkpt>
      <trkpt lat="40.746162" lon="-73.958863"><ele>4.6</ele><time>2026-07-30T16:07:11.000Z</time></trkpt>
      <trkpt lat="40.74614" lon="-73.958865"><ele>4.6</ele><time>2026-07-30T16:07:12.000Z</time></trkpt>
      <trkpt lat="40.746118" lon="-73.958867"><ele>4.6</ele><time>2026-07-30T16:07:13.000Z</time></trkpt>
      <trkpt lat="40.746096" lon="-73.958869"><ele>4.6</ele><time>2026-07-30T16:07:14.000Z</time></trkpt>
      <trkpt lat="40.746073" lon="-73.958872"><ele>4.6</ele><time>2026-07-30T16:07:15.000Z</time></trkpt>
      <trkpt lat="40.746051" lon="-73.958871"><ele>4.6</ele><time>2026-07-30T16:07:16.000Z</time></trkpt>
      <trkpt lat="40.74603" lon="-73.958865"><ele>4.6</ele><time>2026-07-30T16:07:17.000Z</time></trkpt>
      <trkpt lat="40.746012" lon="-73.958852"><ele>4.6</ele><time>2026-07-30T16:07:18.000Z</time></trkpt>
      <trkpt lat="40.745998" lon="-73.958831"><ele>4.6</ele><time>2026-07-30T16:07:19.000Z</time></trkpt>
      <trkpt lat="40.745989" lon="-73.958805"><ele>4.8</ele><time>2026-07-30T16:07:20.000Z</time></trkpt>
      <trkpt lat="40.745984" lon="-73.958775"><ele>4.8</ele><time>2026-07-30T16:07:21.000Z</time></trkpt>
      <trkpt lat="40.745983" lon="-73.958746"><ele>4.8</ele><time>2026-07-30T16:07:22.000Z</time></trkpt>
      <trkpt lat="40.745983" lon="-73.958717"><ele>4.8</ele><time>2026-07-30T16:07:23.000Z</time></trkpt>
      <trkpt lat="40.745982" lon="-73.958687"><ele>4.8</ele><time>2026-07-30T16:07:24.000Z</time></trkpt>
      <trkpt lat="40.74598" lon="-73.958655"><ele>4.6</ele><time>2026-07-30T16:07:25.000Z</time></trkpt>
      <trkpt lat="40.745976" lon="-73.958623"><ele>4.6</ele><time>2026-07-30T16:07:26.000Z</time></trkpt>
      <trkpt lat="40.745972" lon="-73.958594"><ele>4.6</ele><time>2026-07-30T16:07:27.000Z</time></trkpt>
      <trkpt lat="40.745967" lon="-73.958565"><ele>4.6</ele><time>2026-07-30T16:07:28.000Z</time></trkpt>
      <trkpt lat="40.745962" lon="-73.958536"><ele>4.8</ele><time>2026-07-30T16:07:29.000Z</time></trkpt>
      <trkpt lat="40.745957" lon="-73.958506"><ele>4.8</ele><time>2026-07-30T16:07:30.000Z</time></trkpt>
      <trkpt lat="40.745954" lon="-73.958476"><ele>4.8</ele><time>2026-07-30T16:07:31.000Z</time></trkpt>
      <trkpt lat="40.745952" lon="-73.958446"><ele>4.8</ele><time>2026-07-30T16:07:32.000Z</time></trkpt>
      <trkpt lat="40.745949" lon="-73.958418"><ele>4.8</ele><time>2026-07-30T16:07:33.000Z</time></trkpt>
      <trkpt lat="40.745943" lon="-73.958391"><ele>4.8</ele><time>2026-07-30T16:07:34.000Z</time></trkpt>
      <trkpt lat="40.745932" lon="-73.958366"><ele>4.8</ele><time>2026-07-30T16:07:35.000Z</time></trkpt>
      <trkpt lat="40.745916" lon="-73.958344"><ele>4.8</ele><time>2026-07-30T16:07:36.000Z</time></trkpt>
      <trkpt lat="40.745895" lon="-73.958327"><ele>4.8</ele><time>2026-07-30T16:07:37.000Z</time></trkpt>
      <trkpt lat="40.745872" lon="-73.958316"><ele>4.8</ele><time>2026-07-30T16:07:38.000Z</time></trkpt>
      <trkpt lat="40.745846" lon="-73.95831"><ele>4.8</ele><time>2026-07-30T16:07:39.000Z</time></trkpt>
      <trkpt lat="40.745818" lon="-73.958309"><ele>4.8</ele><time>2026-07-30T16:07:40.000Z</time></trkpt>
      <trkpt lat="40.745791" lon="-73.95831"><ele>4.8</ele><time>2026-07-30T16:07:41.000Z</time></trkpt>
      <trkpt lat="40.745766" lon="-73.958311"><ele>4.6</ele><time>2026-07-30T16:07:42.000Z</time></trkpt>
      <trkpt lat="40.74574" lon="-73.958314"><ele>4.6</ele><time>2026-07-30T16:07:43.000Z</time></trkpt>
      <trkpt lat="40.745714" lon="-73.958316"><ele>4.6</ele><time>2026-07-30T16:07:44.000Z</time></trkpt>
      <trkpt lat="40.745688" lon="-73.958318"><ele>4.6</ele><time>2026-07-30T16:07:45.000Z</time></trkpt>
      <trkpt lat="40.745663" lon="-73.958319"><ele>4.8</ele><time>2026-07-30T16:07:46.000Z</time></trkpt>
      <trkpt lat="40.745637" lon="-73.958318"><ele>4.8</ele><time>2026-07-30T16:07:47.000Z</time></trkpt>
      <trkpt lat="40.745611" lon="-73.958316"><ele>4.8</ele><time>2026-07-30T16:07:48.000Z</time></trkpt>
      <trkpt lat="40.745585" lon="-73.958312"><ele>4.8</ele><time>2026-07-30T16:07:49.000Z</time></trkpt>
      <trkpt lat="40.745559" lon="-73.958306"><ele>4.8</ele><time>2026-07-30T16:07:50.000Z</time></trkpt>
      <trkpt lat="40.745533" lon="-73.9583"><ele>4.8</ele><time>2026-07-30T16:07:51.000Z</time></trkpt>
      <trkpt lat="40.745507" lon="-73.958295"><ele>5</ele><time>2026-07-30T16:07:52.000Z</time></trkpt>
      <trkpt lat="40.745482" lon="-73.958293"><ele>5</ele><time>2026-07-30T16:07:53.000Z</time></trkpt>
      <trkpt lat="40.745456" lon="-73.958292"><ele>5</ele><time>2026-07-30T16:07:54.000Z</time></trkpt>
      <trkpt lat="40.745431" lon="-73.958293"><ele>5</ele><time>2026-07-30T16:07:55.000Z</time></trkpt>
      <trkpt lat="40.745405" lon="-73.958296"><ele>5</ele><time>2026-07-30T16:07:56.000Z</time></trkpt>
      <trkpt lat="40.745379" lon="-73.9583"><ele>5</ele><time>2026-07-30T16:07:57.000Z</time></trkpt>
      <trkpt lat="40.745353" lon="-73.958305"><ele>5</ele><time>2026-07-30T16:07:58.000Z</time></trkpt>
      <trkpt lat="40.745326" lon="-73.958308"><ele>5</ele><time>2026-07-30T16:07:59.000Z</time></trkpt>
      <trkpt lat="40.745299" lon="-73.95831"><ele>5</ele><time>2026-07-30T16:08:00.000Z</time></trkpt>
      <trkpt lat="40.745272" lon="-73.958311"><ele>5</ele><time>2026-07-30T16:08:01.000Z</time></trkpt>
      <trkpt lat="40.745245" lon="-73.958311"><ele>5</ele><time>2026-07-30T16:08:02.000Z</time></trkpt>
      <trkpt lat="40.745217" lon="-73.958309"><ele>5</ele><time>2026-07-30T16:08:03.000Z</time></trkpt>
      <trkpt lat="40.745189" lon="-73.958309"><ele>5</ele><time>2026-07-30T16:08:04.000Z</time></trkpt>
      <trkpt lat="40.74516" lon="-73.958313"><ele>5</ele><time>2026-07-30T16:08:05.000Z</time></trkpt>
      <trkpt lat="40.74513" lon="-73.95832"><ele>5</ele><time>2026-07-30T16:08:06.000Z</time></trkpt>
      <trkpt lat="40.745097" lon="-73.958327"><ele>4.8</ele><time>2026-07-30T16:08:07.000Z</time></trkpt>
      <trkpt lat="40.745063" lon="-73.958332"><ele>4.8</ele><time>2026-07-30T16:08:08.000Z</time></trkpt>
      <trkpt lat="40.745033" lon="-73.958337"><ele>4.8</ele><time>2026-07-30T16:08:09.000Z</time></trkpt>
      <trkpt lat="40.745007" lon="-73.958341"><ele>4.6</ele><time>2026-07-30T16:08:10.000Z</time></trkpt>
      <trkpt lat="40.744982" lon="-73.958345"><ele>4.6</ele><time>2026-07-30T16:08:11.000Z</time></trkpt>
      <trkpt lat="40.744958" lon="-73.958346"><ele>4.6</ele><time>2026-07-30T16:08:12.000Z</time></trkpt>
      <trkpt lat="40.744934" lon="-73.958346"><ele>4.6</ele><time>2026-07-30T16:08:13.000Z</time></trkpt>
      <trkpt lat="40.74491" lon="-73.958346"><ele>4.4</ele><time>2026-07-30T16:08:14.000Z</time></trkpt>
      <trkpt lat="40.744887" lon="-73.958346"><ele>4.4</ele><time>2026-07-30T16:08:15.000Z</time></trkpt>
      <trkpt lat="40.744865" lon="-73.958344"><ele>4.4</ele><time>2026-07-30T16:08:16.000Z</time></trkpt>
      <trkpt lat="40.744843" lon="-73.95834"><ele>4.6</ele><time>2026-07-30T16:08:17.000Z</time></trkpt>
      <trkpt lat="40.744822" lon="-73.958335"><ele>4.6</ele><time>2026-07-30T16:08:18.000Z</time></trkpt>
      <trkpt lat="40.744783" lon="-73.958328"><ele>4.6</ele><time>2026-07-30T16:08:19.000Z</time></trkpt>
      <trkpt lat="40.744783" lon="-73.958328"><ele>4.6</ele><time>2026-07-30T16:08:20.000Z</time></trkpt>
      <trkpt lat="40.744763" lon="-73.958327"><ele>4.8</ele><time>2026-07-30T16:08:21.000Z</time></trkpt>
      <trkpt lat="40.744744" lon="-73.95833"><ele>4.8</ele><time>2026-07-30T16:08:22.000Z</time></trkpt>
      <trkpt lat="40.744724" lon="-73.958335"><ele>4.8</ele><time>2026-07-30T16:08:23.000Z</time></trkpt>
      <trkpt lat="40.744703" lon="-73.958342"><ele>4.8</ele><time>2026-07-30T16:08:24.000Z</time></trkpt>
      <trkpt lat="40.744682" lon="-73.958353"><ele>5</ele><time>2026-07-30T16:08:25.000Z</time></trkpt>
      <trkpt lat="40.744661" lon="-73.958366"><ele>5</ele><time>2026-07-30T16:08:26.000Z</time></trkpt>
      <trkpt lat="40.74464" lon="-73.95838"><ele>5</ele><time>2026-07-30T16:08:27.000Z</time></trkpt>
      <trkpt lat="40.744619" lon="-73.958395"><ele>5</ele><time>2026-07-30T16:08:28.000Z</time></trkpt>
      <trkpt lat="40.744596" lon="-73.95841"><ele>5</ele><time>2026-07-30T16:08:29.000Z</time></trkpt>
      <trkpt lat="40.744575" lon="-73.958424"><ele>5</ele><time>2026-07-30T16:08:30.000Z</time></trkpt>
      <trkpt lat="40.744554" lon="-73.958437"><ele>5</ele><time>2026-07-30T16:08:31.000Z</time></trkpt>
      <trkpt lat="40.744533" lon="-73.958448"><ele>5</ele><time>2026-07-30T16:08:32.000Z</time></trkpt>
      <trkpt lat="40.744513" lon="-73.958459"><ele>5</ele><time>2026-07-30T16:08:33.000Z</time></trkpt>
      <trkpt lat="40.744493" lon="-73.958473"><ele>4.8</ele><time>2026-07-30T16:08:34.000Z</time></trkpt>
      <trkpt lat="40.744474" lon="-73.958491"><ele>4.8</ele><time>2026-07-30T16:08:35.000Z</time></trkpt>
      <trkpt lat="40.744456" lon="-73.958511"><ele>4.8</ele><time>2026-07-30T16:08:36.000Z</time></trkpt>
      <trkpt lat="40.74444" lon="-73.958532"><ele>4.8</ele><time>2026-07-30T16:08:37.000Z</time></trkpt>
      <trkpt lat="40.744423" lon="-73.958554"><ele>4.8</ele><time>2026-07-30T16:08:38.000Z</time></trkpt>
      <trkpt lat="40.744404" lon="-73.958575"><ele>4.6</ele><time>2026-07-30T16:08:39.000Z</time></trkpt>
      <trkpt lat="40.744385" lon="-73.958596"><ele>4.6</ele><time>2026-07-30T16:08:40.000Z</time></trkpt>
      <trkpt lat="40.744366" lon="-73.958615"><ele>4.6</ele><time>2026-07-30T16:08:41.000Z</time></trkpt>
      <trkpt lat="40.744347" lon="-73.958635"><ele>4.6</ele><time>2026-07-30T16:08:42.000Z</time></trkpt>
      <trkpt lat="40.74433" lon="-73.958654"><ele>4.6</ele><time>2026-07-30T16:08:43.000Z</time></trkpt>
      <trkpt lat="40.744313" lon="-73.958674"><ele>4.6</ele><time>2026-07-30T16:08:44.000Z</time></trkpt>
      <trkpt lat="40.744298" lon="-73.958694"><ele>4.6</ele><time>2026-07-30T16:08:45.000Z</time></trkpt>
      <trkpt lat="40.744283" lon="-73.958712"><ele>4.6</ele><time>2026-07-30T16:08:46.000Z</time></trkpt>
      <trkpt lat="40.744267" lon="-73.958732"><ele>4.8</ele><time>2026-07-30T16:08:47.000Z</time></trkpt>
      <trkpt lat="40.744252" lon="-73.958752"><ele>4.8</ele><time>2026-07-30T16:08:48.000Z</time></trkpt>
      <trkpt lat="40.744236" lon="-73.958772"><ele>4.8</ele><time>2026-07-30T16:08:49.000Z</time></trkpt>
      <trkpt lat="40.744219" lon="-73.958791"><ele>4.8</ele><time>2026-07-30T16:08:50.000Z</time></trkpt>
      <trkpt lat="40.744203" lon="-73.958812"><ele>4.8</ele><time>2026-07-30T16:08:51.000Z</time></trkpt>
      <trkpt lat="40.744186" lon="-73.958833"><ele>4.8</ele><time>2026-07-30T16:08:52.000Z</time></trkpt>
      <trkpt lat="40.744169" lon="-73.958855"><ele>4.8</ele><time>2026-07-30T16:08:53.000Z</time></trkpt>
      <trkpt lat="40.744153" lon="-73.958878"><ele>4.8</ele><time>2026-07-30T16:08:54.000Z</time></trkpt>
      <trkpt lat="40.744137" lon="-73.958901"><ele>4.8</ele><time>2026-07-30T16:08:55.000Z</time></trkpt>
      <trkpt lat="40.744121" lon="-73.958924"><ele>4.8</ele><time>2026-07-30T16:08:56.000Z</time></trkpt>
      <trkpt lat="40.744104" lon="-73.958946"><ele>4.8</ele><time>2026-07-30T16:08:57.000Z</time></trkpt>
      <trkpt lat="40.744086" lon="-73.95897"><ele>4.8</ele><time>2026-07-30T16:08:58.000Z</time></trkpt>
      <trkpt lat="40.744068" lon="-73.958995"><ele>4.8</ele><time>2026-07-30T16:08:59.000Z</time></trkpt>
      <trkpt lat="40.744051" lon="-73.959019"><ele>4.8</ele><time>2026-07-30T16:09:00.000Z</time></trkpt>
      <trkpt lat="40.744033" lon="-73.959041"><ele>4.8</ele><time>2026-07-30T16:09:01.000Z</time></trkpt>
      <trkpt lat="40.744015" lon="-73.959061"><ele>4.8</ele><time>2026-07-30T16:09:02.000Z</time></trkpt>
      <trkpt lat="40.743996" lon="-73.95908"><ele>4.8</ele><time>2026-07-30T16:09:03.000Z</time></trkpt>
      <trkpt lat="40.743977" lon="-73.9591"><ele>4.8</ele><time>2026-07-30T16:09:04.000Z</time></trkpt>
      <trkpt lat="40.743958" lon="-73.959121"><ele>4.8</ele><time>2026-07-30T16:09:05.000Z</time></trkpt>
      <trkpt lat="40.74394" lon="-73.959144"><ele>4.8</ele><time>2026-07-30T16:09:06.000Z</time></trkpt>
      <trkpt lat="40.743923" lon="-73.959167"><ele>4.8</ele><time>2026-07-30T16:09:07.000Z</time></trkpt>
      <trkpt lat="40.743907" lon="-73.95919"><ele>5</ele><time>2026-07-30T16:09:08.000Z</time></trkpt>
      <trkpt lat="40.743892" lon="-73.959211"><ele>5</ele><time>2026-07-30T16:09:09.000Z</time></trkpt>
      <trkpt lat="40.743878" lon="-73.959232"><ele>5</ele><time>2026-07-30T16:09:10.000Z</time></trkpt>
      <trkpt lat="40.743863" lon="-73.959254"><ele>5</ele><time>2026-07-30T16:09:11.000Z</time></trkpt>
      <trkpt lat="40.743849" lon="-73.959275"><ele>5</ele><time>2026-07-30T16:09:12.000Z</time></trkpt>
      <trkpt lat="40.743833" lon="-73.959297"><ele>5</ele><time>2026-07-30T16:09:13.000Z</time></trkpt>
      <trkpt lat="40.743817" lon="-73.959318"><ele>5</ele><time>2026-07-30T16:09:14.000Z</time></trkpt>
      <trkpt lat="40.7438" lon="-73.959339"><ele>5.2</ele><time>2026-07-30T16:09:15.000Z</time></trkpt>
      <trkpt lat="40.743783" lon="-73.959361"><ele>5.2</ele><time>2026-07-30T16:09:16.000Z</time></trkpt>
      <trkpt lat="40.743766" lon="-73.959382"><ele>5.2</ele><time>2026-07-30T16:09:17.000Z</time></trkpt>
      <trkpt lat="40.743749" lon="-73.959402"><ele>5.2</ele><time>2026-07-30T16:09:18.000Z</time></trkpt>
      <trkpt lat="40.743732" lon="-73.959421"><ele>5.2</ele><time>2026-07-30T16:09:19.000Z</time></trkpt>
      <trkpt lat="40.743715" lon="-73.959441"><ele>5.2</ele><time>2026-07-30T16:09:20.000Z</time></trkpt>
      <trkpt lat="40.743697" lon="-73.959459"><ele>5.2</ele><time>2026-07-30T16:09:21.000Z</time></trkpt>
      <trkpt lat="40.743679" lon="-73.959476"><ele>5.2</ele><time>2026-07-30T16:09:22.000Z</time></trkpt>
      <trkpt lat="40.743662" lon="-73.959493"><ele>5.2</ele><time>2026-07-30T16:09:23.000Z</time></trkpt>
      <trkpt lat="40.743646" lon="-73.959511"><ele>5</ele><time>2026-07-30T16:09:24.000Z</time></trkpt>
      <trkpt lat="40.743629" lon="-73.95953"><ele>5</ele><time>2026-07-30T16:09:25.000Z</time></trkpt>
      <trkpt lat="40.74361" lon="-73.959547"><ele>5</ele><time>2026-07-30T16:09:26.000Z</time></trkpt>
      <trkpt lat="40.743588" lon="-73.959561"><ele>5</ele><time>2026-07-30T16:09:27.000Z</time></trkpt>
      <trkpt lat="40.743565" lon="-73.959572"><ele>4.8</ele><time>2026-07-30T16:09:28.000Z</time></trkpt>
      <trkpt lat="40.743543" lon="-73.959583"><ele>4.8</ele><time>2026-07-30T16:09:29.000Z</time></trkpt>
      <trkpt lat="40.743522" lon="-73.959593"><ele>4.8</ele><time>2026-07-30T16:09:30.000Z</time></trkpt>
      <trkpt lat="40.743501" lon="-73.959603"><ele>4.8</ele><time>2026-07-30T16:09:31.000Z</time></trkpt>
      <trkpt lat="40.743479" lon="-73.959613"><ele>4.8</ele><time>2026-07-30T16:09:32.000Z</time></trkpt>
      <trkpt lat="40.743458" lon="-73.959622"><ele>4.6</ele><time>2026-07-30T16:09:33.000Z</time></trkpt>
      <trkpt lat="40.743435" lon="-73.959631"><ele>4.6</ele><time>2026-07-30T16:09:34.000Z</time></trkpt>
      <trkpt lat="40.743413" lon="-73.95964"><ele>4.6</ele><time>2026-07-30T16:09:35.000Z</time></trkpt>
      <trkpt lat="40.743391" lon="-73.959649"><ele>4.6</ele><time>2026-07-30T16:09:36.000Z</time></trkpt>
      <trkpt lat="40.743369" lon="-73.959656"><ele>4.6</ele><time>2026-07-30T16:09:37.000Z</time></trkpt>
      <trkpt lat="40.743347" lon="-73.959664"><ele>4.8</ele><time>2026-07-30T16:09:38.000Z</time></trkpt>
      <trkpt lat="40.743325" lon="-73.959671"><ele>4.8</ele><time>2026-07-30T16:09:39.000Z</time></trkpt>
      <trkpt lat="40.743304" lon="-73.959679"><ele>4.8</ele><time>2026-07-30T16:09:40.000Z</time></trkpt>
      <trkpt lat="40.743281" lon="-73.959685"><ele>4.8</ele><time>2026-07-30T16:09:41.000Z</time></trkpt>
      <trkpt lat="40.743258" lon="-73.95969"><ele>4.8</ele><time>2026-07-30T16:09:42.000Z</time></trkpt>
      <trkpt lat="40.743235" lon="-73.959693"><ele>4.8</ele><time>2026-07-30T16:09:43.000Z</time></trkpt>
      <trkpt lat="40.743211" lon="-73.959695"><ele>4.8</ele><time>2026-07-30T16:09:44.000Z</time></trkpt>
      <trkpt lat="40.743187" lon="-73.959698"><ele>4.8</ele><time>2026-07-30T16:09:45.000Z</time></trkpt>
      <trkpt lat="40.743163" lon="-73.9597"><ele>4.8</ele><time>2026-07-30T16:09:46.000Z</time></trkpt>
      <trkpt lat="40.74314" lon="-73.9597"><ele>4.8</ele><time>2026-07-30T16:09:47.000Z</time></trkpt>
      <trkpt lat="40.743118" lon="-73.959701"><ele>4.8</ele><time>2026-07-30T16:09:48.000Z</time></trkpt>
      <trkpt lat="40.743093" lon="-73.959703"><ele>4.8</ele><time>2026-07-30T16:09:49.000Z</time></trkpt>
      <trkpt lat="40.743067" lon="-73.959707"><ele>4.8</ele><time>2026-07-30T16:09:50.000Z</time></trkpt>
      <trkpt lat="40.743039" lon="-73.959713"><ele>4.8</ele><time>2026-07-30T16:09:51.000Z</time></trkpt>
      <trkpt lat="40.74301" lon="-73.959721"><ele>4.8</ele><time>2026-07-30T16:09:52.000Z</time></trkpt>
      <trkpt lat="40.742982" lon="-73.959728"><ele>4.8</ele><time>2026-07-30T16:09:53.000Z</time></trkpt>
      <trkpt lat="40.742954" lon="-73.959734"><ele>4.8</ele><time>2026-07-30T16:09:54.000Z</time></trkpt>
      <trkpt lat="40.742926" lon="-73.959741"><ele>4.8</ele><time>2026-07-30T16:09:55.000Z</time></trkpt>
      <trkpt lat="40.742899" lon="-73.959746"><ele>4.8</ele><time>2026-07-30T16:09:56.000Z</time></trkpt>
      <trkpt lat="40.742873" lon="-73.959749"><ele>4.8</ele><time>2026-07-30T16:09:57.000Z</time></trkpt>
      <trkpt lat="40.742846" lon="-73.959752"><ele>4.8</ele><time>2026-07-30T16:09:58.000Z</time></trkpt>
      <trkpt lat="40.742819" lon="-73.959751"><ele>4.8</ele><time>2026-07-30T16:09:59.000Z</time></trkpt>
      <trkpt lat="40.742792" lon="-73.959748"><ele>4.8</ele><time>2026-07-30T16:10:00.000Z</time></trkpt>
      <trkpt lat="40.742765" lon="-73.959743"><ele>4.8</ele><time>2026-07-30T16:10:01.000Z</time></trkpt>
      <trkpt lat="40.742739" lon="-73.959738"><ele>4.8</ele><time>2026-07-30T16:10:02.000Z</time></trkpt>
      <trkpt lat="40.742714" lon="-73.959733"><ele>4.8</ele><time>2026-07-30T16:10:03.000Z</time></trkpt>
      <trkpt lat="40.74269" lon="-73.959729"><ele>4.8</ele><time>2026-07-30T16:10:04.000Z</time></trkpt>
      <trkpt lat="40.742666" lon="-73.959726"><ele>4.8</ele><time>2026-07-30T16:10:05.000Z</time></trkpt>
      <trkpt lat="40.742642" lon="-73.959722"><ele>4.8</ele><time>2026-07-30T16:10:06.000Z</time></trkpt>
      <trkpt lat="40.742617" lon="-73.959718"><ele>4.8</ele><time>2026-07-30T16:10:07.000Z</time></trkpt>
      <trkpt lat="40.742594" lon="-73.959715"><ele>4.8</ele><time>2026-07-30T16:10:08.000Z</time></trkpt>
      <trkpt lat="40.742571" lon="-73.959713"><ele>4.8</ele><time>2026-07-30T16:10:09.000Z</time></trkpt>
      <trkpt lat="40.742548" lon="-73.959711"><ele>4.8</ele><time>2026-07-30T16:10:10.000Z</time></trkpt>
      <trkpt lat="40.742525" lon="-73.959708"><ele>4.6</ele><time>2026-07-30T16:10:11.000Z</time></trkpt>
      <trkpt lat="40.742502" lon="-73.959703"><ele>4.6</ele><time>2026-07-30T16:10:12.000Z</time></trkpt>
      <trkpt lat="40.74248" lon="-73.959699"><ele>4.6</ele><time>2026-07-30T16:10:13.000Z</time></trkpt>
      <trkpt lat="40.74248" lon="-73.959699"><ele>4.6</ele><time>2026-07-30T16:10:14.000Z</time></trkpt>
      <trkpt lat="40.742455" lon="-73.959697"><ele>4.6</ele><time>2026-07-30T16:10:15.000Z</time></trkpt>
      <trkpt lat="40.742429" lon="-73.959696"><ele>4.6</ele><time>2026-07-30T16:10:16.000Z</time></trkpt>
      <trkpt lat="40.742402" lon="-73.959699"><ele>4.6</ele><time>2026-07-30T16:10:17.000Z</time></trkpt>
      <trkpt lat="40.742374" lon="-73.959706"><ele>4.6</ele><time>2026-07-30T16:10:18.000Z</time></trkpt>
      <trkpt lat="40.742348" lon="-73.959717"><ele>4.6</ele><time>2026-07-30T16:10:19.000Z</time></trkpt>
      <trkpt lat="40.742323" lon="-73.95973"><ele>4.6</ele><time>2026-07-30T16:10:20.000Z</time></trkpt>
      <trkpt lat="40.742299" lon="-73.959744"><ele>4.6</ele><time>2026-07-30T16:10:21.000Z</time></trkpt>
      <trkpt lat="40.742274" lon="-73.959758"><ele>4.6</ele><time>2026-07-30T16:10:22.000Z</time></trkpt>
      <trkpt lat="40.742249" lon="-73.959772"><ele>4.6</ele><time>2026-07-30T16:10:23.000Z</time></trkpt>
      <trkpt lat="40.742224" lon="-73.959785"><ele>4.6</ele><time>2026-07-30T16:10:24.000Z</time></trkpt>
      <trkpt lat="40.742197" lon="-73.959799"><ele>4.6</ele><time>2026-07-30T16:10:25.000Z</time></trkpt>
      <trkpt lat="40.74217" lon="-73.959812"><ele>4.6</ele><time>2026-07-30T16:10:26.000Z</time></trkpt>
      <trkpt lat="40.742143" lon="-73.959823"><ele>4.6</ele><time>2026-07-30T16:10:27.000Z</time></trkpt>
      <trkpt lat="40.742114" lon="-73.959834"><ele>4.6</ele><time>2026-07-30T16:10:28.000Z</time></trkpt>
      <trkpt lat="40.742085" lon="-73.959846"><ele>4.6</ele><time>2026-07-30T16:10:29.000Z</time></trkpt>
      <trkpt lat="40.742055" lon="-73.959858"><ele>4.6</ele><time>2026-07-30T16:10:30.000Z</time></trkpt>
      <trkpt lat="40.742026" lon="-73.959869"><ele>4.8</ele><time>2026-07-30T16:10:31.000Z</time></trkpt>
      <trkpt lat="40.741998" lon="-73.95988"><ele>4.8</ele><time>2026-07-30T16:10:32.000Z</time></trkpt>
      <trkpt lat="40.74197" lon="-73.959891"><ele>4.8</ele><time>2026-07-30T16:10:33.000Z</time></trkpt>
      <trkpt lat="40.741941" lon="-73.959902"><ele>5</ele><time>2026-07-30T16:10:34.000Z</time></trkpt>
      <trkpt lat="40.741913" lon="-73.959913"><ele>5</ele><time>2026-07-30T16:10:35.000Z</time></trkpt>
      <trkpt lat="40.741886" lon="-73.959924"><ele>5</ele><time>2026-07-30T16:10:36.000Z</time></trkpt>
      <trkpt lat="40.741858" lon="-73.959934"><ele>5</ele><time>2026-07-30T16:10:37.000Z</time></trkpt>
      <trkpt lat="40.74183" lon="-73.959944"><ele>5.2</ele><time>2026-07-30T16:10:38.000Z</time></trkpt>
      <trkpt lat="40.741801" lon="-73.959956"><ele>5.2</ele><time>2026-07-30T16:10:39.000Z</time></trkpt>
      <trkpt lat="40.741772" lon="-73.959971"><ele>5.2</ele><time>2026-07-30T16:10:40.000Z</time></trkpt>
      <trkpt lat="40.741743" lon="-73.959985"><ele>5.2</ele><time>2026-07-30T16:10:41.000Z</time></trkpt>
      <trkpt lat="40.741715" lon="-73.960001"><ele>5.2</ele><time>2026-07-30T16:10:42.000Z</time></trkpt>
      <trkpt lat="40.741689" lon="-73.960018"><ele>5.2</ele><time>2026-07-30T16:10:43.000Z</time></trkpt>
      <trkpt lat="40.741667" lon="-73.960034"><ele>5.2</ele><time>2026-07-30T16:10:44.000Z</time></trkpt>
      <trkpt lat="40.741647" lon="-73.96005"><ele>5.2</ele><time>2026-07-30T16:10:45.000Z</time></trkpt>
      <trkpt lat="40.741627" lon="-73.960067"><ele>5</ele><time>2026-07-30T16:10:46.000Z</time></trkpt>
      <trkpt lat="40.741605" lon="-73.960085"><ele>5</ele><time>2026-07-30T16:10:47.000Z</time></trkpt>
      <trkpt lat="40.741583" lon="-73.960104"><ele>5</ele><time>2026-07-30T16:10:48.000Z</time></trkpt>
      <trkpt lat="40.74156" lon="-73.960124"><ele>5</ele><time>2026-07-30T16:10:49.000Z</time></trkpt>
      <trkpt lat="40.741539" lon="-73.960144"><ele>5</ele><time>2026-07-30T16:10:50.000Z</time></trkpt>
      <trkpt lat="40.741518" lon="-73.960167"><ele>5</ele><time>2026-07-30T16:10:51.000Z</time></trkpt>
      <trkpt lat="40.741498" lon="-73.960191"><ele>4.8</ele><time>2026-07-30T16:10:52.000Z</time></trkpt>
      <trkpt lat="40.741477" lon="-73.960215"><ele>4.8</ele><time>2026-07-30T16:10:53.000Z</time></trkpt>
      <trkpt lat="40.741457" lon="-73.960239"><ele>4.8</ele><time>2026-07-30T16:10:54.000Z</time></trkpt>
      <trkpt lat="40.741438" lon="-73.960261"><ele>4.8</ele><time>2026-07-30T16:10:55.000Z</time></trkpt>
      <trkpt lat="40.741418" lon="-73.960282"><ele>4.8</ele><time>2026-07-30T16:10:56.000Z</time></trkpt>
      <trkpt lat="40.741399" lon="-73.960304"><ele>4.8</ele><time>2026-07-30T16:10:57.000Z</time></trkpt>
      <trkpt lat="40.74138" lon="-73.960326"><ele>4.8</ele><time>2026-07-30T16:10:58.000Z</time></trkpt>
      <trkpt lat="40.74136" lon="-73.96035"><ele>4.8</ele><time>2026-07-30T16:10:59.000Z</time></trkpt>
      <trkpt lat="40.741338" lon="-73.960372"><ele>4.8</ele><time>2026-07-30T16:11:00.000Z</time></trkpt>
      <trkpt lat="40.741316" lon="-73.960394"><ele>4.8</ele><time>2026-07-30T16:11:01.000Z</time></trkpt>
      <trkpt lat="40.741295" lon="-73.960414"><ele>4.8</ele><time>2026-07-30T16:11:02.000Z</time></trkpt>
      <trkpt lat="40.741274" lon="-73.960433"><ele>4.8</ele><time>2026-07-30T16:11:03.000Z</time></trkpt>
      <trkpt lat="40.741254" lon="-73.960451"><ele>4.8</ele><time>2026-07-30T16:11:04.000Z</time></trkpt>
      <trkpt lat="40.741232" lon="-73.960469"><ele>5</ele><time>2026-07-30T16:11:05.000Z</time></trkpt>
      <trkpt lat="40.741209" lon="-73.960485"><ele>5</ele><time>2026-07-30T16:11:06.000Z</time></trkpt>
      <trkpt lat="40.741186" lon="-73.960499"><ele>5</ele><time>2026-07-30T16:11:07.000Z</time></trkpt>
      <trkpt lat="40.741162" lon="-73.960511"><ele>5</ele><time>2026-07-30T16:11:08.000Z</time></trkpt>
      <trkpt lat="40.741136" lon="-73.960522"><ele>5.2</ele><time>2026-07-30T16:11:09.000Z</time></trkpt>
      <trkpt lat="40.741109" lon="-73.960533"><ele>5.2</ele><time>2026-07-30T16:11:10.000Z</time></trkpt>
      <trkpt lat="40.741084" lon="-73.960545"><ele>5.2</ele><time>2026-07-30T16:11:11.000Z</time></trkpt>
      <trkpt lat="40.741059" lon="-73.960559"><ele>5.2</ele><time>2026-07-30T16:11:12.000Z</time></trkpt>
      <trkpt lat="40.741034" lon="-73.960573"><ele>5.2</ele><time>2026-07-30T16:11:13.000Z</time></trkpt>
      <trkpt lat="40.741008" lon="-73.960584"><ele>5.4</ele><time>2026-07-30T16:11:14.000Z</time></trkpt>
      <trkpt lat="40.740982" lon="-73.960591"><ele>5.4</ele><time>2026-07-30T16:11:15.000Z</time></trkpt>
      <trkpt lat="40.740957" lon="-73.9606"><ele>5.4</ele><time>2026-07-30T16:11:16.000Z</time></trkpt>
      <trkpt lat="40.740932" lon="-73.960616"><ele>5.4</ele><time>2026-07-30T16:11:17.000Z</time></trkpt>
      <trkpt lat="40.740909" lon="-73.960634"><ele>5.4</ele><time>2026-07-30T16:11:18.000Z</time></trkpt>
      <trkpt lat="40.740886" lon="-73.960649"><ele>5.4</ele><time>2026-07-30T16:11:19.000Z</time></trkpt>
      <trkpt lat="40.740865" lon="-73.960658"><ele>5.4</ele><time>2026-07-30T16:11:20.000Z</time></trkpt>
      <trkpt lat="40.740844" lon="-73.960665"><ele>5.4</ele><time>2026-07-30T16:11:21.000Z</time></trkpt>
      <trkpt lat="40.740824" lon="-73.960672"><ele>5.4</ele><time>2026-07-30T16:11:22.000Z</time></trkpt>
      <trkpt lat="40.740804" lon="-73.96068"><ele>5.4</ele><time>2026-07-30T16:11:23.000Z</time></trkpt>
      <trkpt lat="40.740782" lon="-73.960689"><ele>5.4</ele><time>2026-07-30T16:11:24.000Z</time></trkpt>
      <trkpt lat="40.740759" lon="-73.9607"><ele>5.4</ele><time>2026-07-30T16:11:25.000Z</time></trkpt>
      <trkpt lat="40.740735" lon="-73.960712"><ele>5.4</ele><time>2026-07-30T16:11:26.000Z</time></trkpt>
      <trkpt lat="40.740712" lon="-73.960726"><ele>5.4</ele><time>2026-07-30T16:11:27.000Z</time></trkpt>
      <trkpt lat="40.740688" lon="-73.960741"><ele>5.4</ele><time>2026-07-30T16:11:28.000Z</time></trkpt>
      <trkpt lat="40.740663" lon="-73.960756"><ele>5.4</ele><time>2026-07-30T16:11:29.000Z</time></trkpt>
      <trkpt lat="40.740638" lon="-73.960771"><ele>5.4</ele><time>2026-07-30T16:11:30.000Z</time></trkpt>
      <trkpt lat="40.74061" lon="-73.960788"><ele>5.4</ele><time>2026-07-30T16:11:31.000Z</time></trkpt>
      <trkpt lat="40.740583" lon="-73.960807"><ele>5.4</ele><time>2026-07-30T16:11:32.000Z</time></trkpt>
      <trkpt lat="40.740559" lon="-73.960825"><ele>5.4</ele><time>2026-07-30T16:11:33.000Z</time></trkpt>
      <trkpt lat="40.740535" lon="-73.960844"><ele>5.4</ele><time>2026-07-30T16:11:34.000Z</time></trkpt>
      <trkpt lat="40.740511" lon="-73.960864"><ele>5.4</ele><time>2026-07-30T16:11:35.000Z</time></trkpt>
      <trkpt lat="40.740486" lon="-73.960886"><ele>5.4</ele><time>2026-07-30T16:11:36.000Z</time></trkpt>
      <trkpt lat="40.740459" lon="-73.960909"><ele>5.4</ele><time>2026-07-30T16:11:37.000Z</time></trkpt>
      <trkpt lat="40.740432" lon="-73.960932"><ele>5.4</ele><time>2026-07-30T16:11:38.000Z</time></trkpt>
      <trkpt lat="40.740404" lon="-73.960953"><ele>5.2</ele><time>2026-07-30T16:11:39.000Z</time></trkpt>
      <trkpt lat="40.740377" lon="-73.960973"><ele>5.2</ele><time>2026-07-30T16:11:40.000Z</time></trkpt>
      <trkpt lat="40.740349" lon="-73.960995"><ele>5</ele><time>2026-07-30T16:11:41.000Z</time></trkpt>
      <trkpt lat="40.740323" lon="-73.961019"><ele>4.8</ele><time>2026-07-30T16:11:42.000Z</time></trkpt>
      <trkpt lat="40.740299" lon="-73.961046"><ele>4.6</ele><time>2026-07-30T16:11:43.000Z</time></trkpt>
      <trkpt lat="40.740278" lon="-73.961071"><ele>4.6</ele><time>2026-07-30T16:11:44.000Z</time></trkpt>
      <trkpt lat="40.740258" lon="-73.961095"><ele>4.4</ele><time>2026-07-30T16:11:45.000Z</time></trkpt>
      <trkpt lat="40.740238" lon="-73.961116"><ele>4.4</ele><time>2026-07-30T16:11:46.000Z</time></trkpt>
      <trkpt lat="40.740217" lon="-73.961136"><ele>4.2</ele><time>2026-07-30T16:11:47.000Z</time></trkpt>
      <trkpt lat="40.740195" lon="-73.961156"><ele>4.2</ele><time>2026-07-30T16:11:48.000Z</time></trkpt>
      <trkpt lat="40.740173" lon="-73.961175"><ele>4.2</ele><time>2026-07-30T16:11:49.000Z</time></trkpt>
      <trkpt lat="40.74015" lon="-73.961193"><ele>4.2</ele><time>2026-07-30T16:11:50.000Z</time></trkpt>
      <trkpt lat="40.740128" lon="-73.961211"><ele>4.4</ele><time>2026-07-30T16:11:51.000Z</time></trkpt>
      <trkpt lat="40.740106" lon="-73.961229"><ele>4.4</ele><time>2026-07-30T16:11:52.000Z</time></trkpt>
      <trkpt lat="40.740086" lon="-73.961249"><ele>4.4</ele><time>2026-07-30T16:11:53.000Z</time></trkpt>
      <trkpt lat="40.740065" lon="-73.961269"><ele>4.6</ele><time>2026-07-30T16:11:54.000Z</time></trkpt>
      <trkpt lat="40.740045" lon="-73.961289"><ele>4.6</ele><time>2026-07-30T16:11:55.000Z</time></trkpt>
      <trkpt lat="40.740025" lon="-73.961309"><ele>4.8</ele><time>2026-07-30T16:11:56.000Z</time></trkpt>
      <trkpt lat="40.740006" lon="-73.961329"><ele>4.8</ele><time>2026-07-30T16:11:57.000Z</time></trkpt>
      <trkpt lat="40.739987" lon="-73.96135"><ele>5</ele><time>2026-07-30T16:11:58.000Z</time></trkpt>
      <trkpt lat="40.73997" lon="-73.961372"><ele>5</ele><time>2026-07-30T16:11:59.000Z</time></trkpt>
      <trkpt lat="40.739953" lon="-73.961396"><ele>5</ele><time>2026-07-30T16:12:00.000Z</time></trkpt>
      <trkpt lat="40.739938" lon="-73.96142"><ele>5.2</ele><time>2026-07-30T16:12:01.000Z</time></trkpt>
      <trkpt lat="40.739922" lon="-73.961443"><ele>5.2</ele><time>2026-07-30T16:12:02.000Z</time></trkpt>
      <trkpt lat="40.739907" lon="-73.961466"><ele>5.2</ele><time>2026-07-30T16:12:03.000Z</time></trkpt>
      <trkpt lat="40.739891" lon="-73.96149"><ele>5.4</ele><time>2026-07-30T16:12:04.000Z</time></trkpt>
      <trkpt lat="40.739875" lon="-73.961514"><ele>5.4</ele><time>2026-07-30T16:12:05.000Z</time></trkpt>
      <trkpt lat="40.739859" lon="-73.961538"><ele>5.4</ele><time>2026-07-30T16:12:06.000Z</time></trkpt>
      <trkpt lat="40.739843" lon="-73.961561"><ele>5.4</ele><time>2026-07-30T16:12:07.000Z</time></trkpt>
      <trkpt lat="40.739828" lon="-73.961584"><ele>5.4</ele><time>2026-07-30T16:12:08.000Z</time></trkpt>
      <trkpt lat="40.739813" lon="-73.961606"><ele>5.6</ele><time>2026-07-30T16:12:09.000Z</time></trkpt>
      <trkpt lat="40.739799" lon="-73.961628"><ele>5.6</ele><time>2026-07-30T16:12:10.000Z</time></trkpt>
      <trkpt lat="40.739785" lon="-73.961648"><ele>5.6</ele><time>2026-07-30T16:12:11.000Z</time></trkpt>
      <trkpt lat="40.739771" lon="-73.961666"><ele>5.6</ele><time>2026-07-30T16:12:12.000Z</time></trkpt>
      <trkpt lat="40.739756" lon="-73.961684"><ele>5.6</ele><time>2026-07-30T16:12:13.000Z</time></trkpt>
      <trkpt lat="40.739741" lon="-73.9617"><ele>5.6</ele><time>2026-07-30T16:12:14.000Z</time></trkpt>
      <trkpt lat="40.739727" lon="-73.961717"><ele>5.6</ele><time>2026-07-30T16:12:15.000Z</time></trkpt>
      <trkpt lat="40.739714" lon="-73.961733"><ele>5.6</ele><time>2026-07-30T16:12:16.000Z</time></trkpt>
      <trkpt lat="40.739702" lon="-73.961749"><ele>5.6</ele><time>2026-07-30T16:12:17.000Z</time></trkpt>
      <trkpt lat="40.73969" lon="-73.961763"><ele>5.8</ele><time>2026-07-30T16:12:18.000Z</time></trkpt>
      <trkpt lat="40.739677" lon="-73.961777"><ele>5.8</ele><time>2026-07-30T16:12:19.000Z</time></trkpt>
      <trkpt lat="40.739664" lon="-73.961791"><ele>5.8</ele><time>2026-07-30T16:12:20.000Z</time></trkpt>
      <trkpt lat="40.739652" lon="-73.961806"><ele>6</ele><time>2026-07-30T16:12:21.000Z</time></trkpt>
      <trkpt lat="40.739639" lon="-73.961822"><ele>6</ele><time>2026-07-30T16:12:22.000Z</time></trkpt>
      <trkpt lat="40.739627" lon="-73.961838"><ele>6</ele><time>2026-07-30T16:12:23.000Z</time></trkpt>
      <trkpt lat="40.739618" lon="-73.961855"><ele>6.2</ele><time>2026-07-30T16:12:24.000Z</time></trkpt>
      <trkpt lat="40.739609" lon="-73.961873"><ele>6.2</ele><time>2026-07-30T16:12:25.000Z</time></trkpt>
      <trkpt lat="40.739602" lon="-73.961892"><ele>6.4</ele><time>2026-07-30T16:12:26.000Z</time></trkpt>
      <trkpt lat="40.739594" lon="-73.961911"><ele>6.4</ele><time>2026-07-30T16:12:27.000Z</time></trkpt>
      <trkpt lat="40.739587" lon="-73.961932"><ele>6.4</ele><time>2026-07-30T16:12:28.000Z</time></trkpt>
      <trkpt lat="40.739582" lon="-73.961952"><ele>6.2</ele><time>2026-07-30T16:12:29.000Z</time></trkpt>
      <trkpt lat="40.739578" lon="-73.961974"><ele>6</ele><time>2026-07-30T16:12:30.000Z</time></trkpt>
      <trkpt lat="40.739577" lon="-73.961997"><ele>5.8</ele><time>2026-07-30T16:12:31.000Z</time></trkpt>
      <trkpt lat="40.739577" lon="-73.96202"><ele>5.4</ele><time>2026-07-30T16:12:32.000Z</time></trkpt>
      <trkpt lat="40.739576" lon="-73.962044"><ele>5</ele><time>2026-07-30T16:12:33.000Z</time></trkpt>
      <trkpt lat="40.739575" lon="-73.962066"><ele>4.6</ele><time>2026-07-30T16:12:34.000Z</time></trkpt>
      <trkpt lat="40.739573" lon="-73.962088"><ele>4</ele><time>2026-07-30T16:12:35.000Z</time></trkpt>
      <trkpt lat="40.739572" lon="-73.962109"><ele>3.6</ele><time>2026-07-30T16:12:36.000Z</time></trkpt>
      <trkpt lat="40.73957" lon="-73.962131"><ele>3</ele><time>2026-07-30T16:12:37.000Z</time></trkpt>
    </trkseg>
  </trk>
</gpx>
