<?xml version="1.0" encoding="UTF-8"?>
<gpx version="1.1" creator="pull-strava.mjs"
  xmlns="http://www.topografix.com/GPX/1/1"
  xmlns:gpxtpx="http://www.garmin.com/xmlschemas/TrackPointExtension/v1">
  <metadata><name>Lunch Run</name><time>2026-07-23T16:22:37.000Z</time></metadata>
  <trk><name>Lunch Run</name><type>running</type>
    <trkseg>
      <trkpt lat="40.739321" lon="-73.961752"><ele>9.8</ele><time>2026-07-23T16:22:37.000Z</time><extensions><gpxtpx:TrackPointExtension><gpxtpx:hr>85</gpxtpx:hr></gpxtpx:TrackPointExtension></extensions></trkpt>
      <trkpt lat="40.73934" lon="-73.961755"><ele>9.2</ele><time>2026-07-23T16:22:38.000Z</time><extensions><gpxtpx:TrackPointExtension><gpxtpx:hr>85</gpxtpx:hr></gpxtpx:TrackPointExtension></extensions></trkpt>
      <trkpt lat="40.739358" lon="-73.961757"><ele>8.8</ele><time>2026-07-23T16:22:39.000Z</time><extensions><gpxtpx:TrackPointExtension><gpxtpx:hr>85</gpxtpx:hr></gpxtpx:TrackPointExtension></extensions></trkpt>
      <trkpt lat="40.739377" lon="-73.961759"><ele>8.2</ele><time>2026-07-23T16:22:40.000Z</time><extensions><gpxtpx:TrackPointExtension><gpxtpx:hr>85</gpxtpx:hr></gpxtpx:TrackPointExtension></extensions></trkpt>
      <trkpt lat="40.739396" lon="-73.961761"><ele>8</ele><time>2026-07-23T16:22:41.000Z</time><extensions><gpxtpx:TrackPointExtension><gpxtpx:hr>85</gpxtpx:hr></gpxtpx:TrackPointExtension></extensions></trkpt>
      <trkpt lat="40.739417" lon="-73.961762"><ele>7.6</ele><time>2026-07-23T16:22:42.000Z</time><extensions><gpxtpx:TrackPointExtension><gpxtpx:hr>90</gpxtpx:hr></gpxtpx:TrackPointExtension></extensions></trkpt>
      <trkpt lat="40.739438" lon="-73.961764"><ele>7.4</ele><time>2026-07-23T16:22:43.000Z</time><extensions><gpxtpx:TrackPointExtension><gpxtpx:hr>90</gpxtpx:hr></gpxtpx:TrackPointExtension></extensions></trkpt>
      <trkpt lat="40.739459" lon="-73.961765"><ele>7.2</ele><time>2026-07-23T16:22:44.000Z</time><extensions><gpxtpx:TrackPointExtension><gpxtpx:hr>90</gpxtpx:hr></gpxtpx:TrackPointExtension></extensions></trkpt>
      <trkpt lat="40.739483" lon="-73.961768"><ele>7</ele><time>2026-07-23T16:22:45.000Z</time><extensions><gpxtpx:TrackPointExtension><gpxtpx:hr>90</gpxtpx:hr></gpxtpx:TrackPointExtension></extensions></trkpt>
      <trkpt lat="40.739504" lon="-73.961769"><ele>7</ele><time>2026-07-23T16:22:46.000Z</time><extensions><gpxtpx:TrackPointExtension><gpxtpx:hr>90</gpxtpx:hr></gpxtpx:TrackPointExtension></extensions></trkpt>
      <trkpt lat="40.739525" lon="-73.961772"><ele>6.8</ele><time>2026-07-23T16:22:47.000Z</time><extensions><gpxtpx:TrackPointExtension><gpxtpx:hr>90</gpxtpx:hr></gpxtpx:TrackPointExtension></extensions></trkpt>
      <trkpt lat="40.739545" lon="-73.961778"><ele>6.8</ele><time>2026-07-23T16:22:48.000Z</time><extensions><gpxtpx:TrackPointExtension><gpxtpx:hr>90</gpxtpx:hr></gpxtpx:TrackPointExtension></extensions></trkpt>
      <trkpt lat="40.739566" lon="-73.961785"><ele>6.8</ele><time>2026-07-23T16:22:49.000Z</time><extensions><gpxtpx:TrackPointExtension><gpxtpx:hr>90</gpxtpx:hr></gpxtpx:TrackPointExtension></extensions></trkpt>
      <trkpt lat="40.739588" lon="-73.961792"><ele>6.6</ele><time>2026-07-23T16:22:50.000Z</time><extensions><gpxtpx:TrackPointExtension><gpxtpx:hr>90</gpxtpx:hr></gpxtpx:TrackPointExtension></extensions></trkpt>
      <trkpt lat="40.739611" lon="-73.961796"><ele>6.6</ele><time>2026-07-23T16:22:51.000Z</time><extensions><gpxtpx:TrackPointExtension><gpxtpx:hr>90</gpxtpx:hr></gpxtpx:TrackPointExtension></extensions></trkpt>
      <trkpt lat="40.739635" lon="-73.961792"><ele>6.6</ele><time>2026-07-23T16:22:52.000Z</time><extensions><gpxtpx:TrackPointExtension><gpxtpx:hr>90</gpxtpx:hr></gpxtpx:TrackPointExtension></extensions></trkpt>
      <trkpt lat="40.739658" lon="-73.961779"><ele>6.4</ele><time>2026-07-23T16:22:53.000Z</time><extensions><gpxtpx:TrackPointExtension><gpxtpx:hr>90</gpxtpx:hr></gpxtpx:TrackPointExtension></extensions></trkpt>
      <trkpt lat="40.739679" lon="-73.961759"><ele>6.4</ele><time>2026-07-23T16:22:54.000Z</time><extensions><gpxtpx:TrackPointExtension><gpxtpx:hr>90</gpxtpx:hr></gpxtpx:TrackPointExtension></extensions></trkpt>
      <trkpt lat="40.739698" lon="-73.961735"><ele>6.2</ele><time>2026-07-23T16:22:55.000Z</time><extensions><gpxtpx:TrackPointExtension><gpxtpx:hr>90</gpxtpx:hr></gpxtpx:TrackPointExtension></extensions></trkpt>
      <trkpt lat="40.739717" lon="-73.961708"><ele>6.2</ele><time>2026-07-23T16:22:56.000Z</time><extensions><gpxtpx:TrackPointExtension><gpxtpx:hr>90</gpxtpx:hr></gpxtpx:TrackPointExtension></extensions></trkpt>
      <trkpt lat="40.739734" lon="-73.96168"><ele>6.2</ele><time>2026-07-23T16:22:57.000Z</time><extensions><gpxtpx:TrackPointExtension><gpxtpx:hr>90</gpxtpx:hr></gpxtpx:TrackPointExtension></extensions></trkpt>
      <trkpt lat="40.739751" lon="-73.96165"><ele>6</ele><time>2026-07-23T16:22:58.000Z</time><extensions><gpxtpx:TrackPointExtension><gpxtpx:hr>90</gpxtpx:hr></gpxtpx:TrackPointExtension></extensions></trkpt>
      <trkpt lat="40.739768" lon="-73.96162"><ele>6</ele><time>2026-07-23T16:22:59.000Z</time><extensions><gpxtpx:TrackPointExtension><gpxtpx:hr>90</gpxtpx:hr></gpxtpx:TrackPointExtension></extensions></trkpt>
      <trkpt lat="40.739788" lon="-73.961593"><ele>5.8</ele><time>2026-07-23T16:23:00.000Z</time><extensions><gpxtpx:TrackPointExtension><gpxtpx:hr>90</gpxtpx:hr></gpxtpx:TrackPointExtension></extensions></trkpt>
      <trkpt lat="40.739808" lon="-73.961566"><ele>5.8</ele><time>2026-07-23T16:23:01.000Z</time><extensions><gpxtpx:TrackPointExtension><gpxtpx:hr>90</gpxtpx:hr></gpxtpx:TrackPointExtension></extensions></trkpt>
      <trkpt lat="40.739827" lon="-73.96154"><ele>5.6</ele><time>2026-07-23T16:23:02.000Z</time><extensions><gpxtpx:TrackPointExtension><gpxtpx:hr>90</gpxtpx:hr></gpxtpx:TrackPointExtension></extensions></trkpt>
      <trkpt lat="40.739846" lon="-73.961513"><ele>5.6</ele><time>2026-07-23T16:23:03.000Z</time><extensions><gpxtpx:TrackPointExtension><gpxtpx:hr>90</gpxtpx:hr></gpxtpx:TrackPointExtension></extensions></trkpt>
      <trkpt lat="40.739867" lon="-73.961488"><ele>5.4</ele><time>2026-07-23T16:23:04.000Z</time><extensions><gpxtpx:TrackPointExtension><gpxtpx:hr>90</gpxtpx:hr></gpxtpx:TrackPointExtension></extensions></trkpt>
      <trkpt lat="40.73989" lon="-73.961465"><ele>5.2</ele><time>2026-07-23T16:23:05.000Z</time><extensions><gpxtpx:TrackPointExtension><gpxtpx:hr>90</gpxtpx:hr></gpxtpx:TrackPointExtension></extensions></trkpt>
      <trkpt lat="40.739912" lon="-73.961444"><ele>5.2</ele><time>2026-07-23T16:23:06.000Z</time><extensions><gpxtpx:TrackPointExtension><gpxtpx:hr>90</gpxtpx:hr></gpxtpx:TrackPointExtension></extensions></trkpt>
      <trkpt lat="40.739935" lon="-73.961424"><ele>5</ele><time>2026-07-23T16:23:07.000Z</time><extensions><gpxtpx:TrackPointExtension><gpxtpx:hr>90</gpxtpx:hr></gpxtpx:TrackPointExtension></extensions></trkpt>
      <trkpt lat="40.739958" lon="-73.961403"><ele>5</ele><time>2026-07-23T16:23:08.000Z</time><extensions><gpxtpx:TrackPointExtension><gpxtpx:hr>90</gpxtpx:hr></gpxtpx:TrackPointExtension></extensions></trkpt>
      <trkpt lat="40.73998" lon="-73.961383"><ele>4.8</ele><time>2026-07-23T16:23:09.000Z</time><extensions><gpxtpx:TrackPointExtension><gpxtpx:hr>90</gpxtpx:hr></gpxtpx:TrackPointExtension></extensions></trkpt>
      <trkpt lat="40.740003" lon="-73.961365"><ele>4.6</ele><time>2026-07-23T16:23:10.000Z</time><extensions><gpxtpx:TrackPointExtension><gpxtpx:hr>90</gpxtpx:hr></gpxtpx:TrackPointExtension></extensions></trkpt>
      <trkpt lat="40.740026" lon="-73.961349"><ele>4.6</ele><time>2026-07-23T16:23:11.000Z</time><extensions><gpxtpx:TrackPointExtension><gpxtpx:hr>90</gpxtpx:hr></gpxtpx:TrackPointExtension></extensions></trkpt>
      <trkpt lat="40.740049" lon="-73.961335"><ele>4.4</ele><time>2026-07-23T16:23:12.000Z</time><extensions><gpxtpx:TrackPointExtension><gpxtpx:hr>90</gpxtpx:hr></gpxtpx:TrackPointExtension></extensions></trkpt>
      <trkpt lat="40.740071" lon="-73.96132"><ele>4.2</ele><time>2026-07-23T16:23:13.000Z</time><extensions><gpxtpx:TrackPointExtension><gpxtpx:hr>90</gpxtpx:hr></gpxtpx:TrackPointExtension></extensions></trkpt>
      <trkpt lat="40.740092" lon="-73.961306"><ele>4.2</ele><time>2026-07-23T16:23:14.000Z</time><extensions><gpxtpx:TrackPointExtension><gpxtpx:hr>90</gpxtpx:hr></gpxtpx:TrackPointExtension></extensions></trkpt>
      <trkpt lat="40.740112" lon="-73.961291"><ele>4</ele><time>2026-07-23T16:23:15.000Z</time><extensions><gpxtpx:TrackPointExtension><gpxtpx:hr>90</gpxtpx:hr></gpxtpx:TrackPointExtension></extensions></trkpt>
      <trkpt lat="40.740133" lon="-73.961276"><ele>4</ele><time>2026-07-23T16:23:16.000Z</time><extensions><gpxtpx:TrackPointExtension><gpxtpx:hr>90</gpxtpx:hr></gpxtpx:TrackPointExtension></extensions></trkpt>
      <trkpt lat="40.740153" lon="-73.961261"><ele>4</ele><time>2026-07-23T16:23:17.000Z</time><extensions><gpxtpx:TrackPointExtension><gpxtpx:hr>90</gpxtpx:hr></gpxtpx:TrackPointExtension></extensions></trkpt>
      <trkpt lat="40.740173" lon="-73.961246"><ele>4</ele><time>2026-07-23T16:23:18.000Z</time><extensions><gpxtpx:TrackPointExtension><gpxtpx:hr>90</gpxtpx:hr></gpxtpx:TrackPointExtension></extensions></trkpt>
      <trkpt lat="40.740194" lon="-73.961233"><ele>3.8</ele><time>2026-07-23T16:23:19.000Z</time><extensions><gpxtpx:TrackPointExtension><gpxtpx:hr>90</gpxtpx:hr></gpxtpx:TrackPointExtension></extensions></trkpt>
      <trkpt lat="40.740216" lon="-73.961221"><ele>3.8</ele><time>2026-07-23T16:23:20.000Z</time><extensions><gpxtpx:TrackPointExtension><gpxtpx:hr>90</gpxtpx:hr></gpxtpx:TrackPointExtension></extensions></trkpt>
      <trkpt lat="40.740238" lon="-73.96121"><ele>3.8</ele><time>2026-07-23T16:23:21.000Z</time><extensions><gpxtpx:TrackPointExtension><gpxtpx:hr>90</gpxtpx:hr></gpxtpx:TrackPointExtension></extensions></trkpt>
      <trkpt lat="40.74026" lon="-73.961201"><ele>3.8</ele><time>2026-07-23T16:23:22.000Z</time><extensions><gpxtpx:TrackPointExtension><gpxtpx:hr>90</gpxtpx:hr></gpxtpx:TrackPointExtension></extensions></trkpt>
      <trkpt lat="40.740282" lon="-73.961191"><ele>3.8</ele><time>2026-07-23T16:23:23.000Z</time><extensions><gpxtpx:TrackPointExtension><gpxtpx:hr>118</gpxtpx:hr></gpxtpx:TrackPointExtension></extensions></trkpt>
      <trkpt lat="40.740303" lon="-73.961182"><ele>3.8</ele><time>2026-07-23T16:23:24.000Z</time><extensions><gpxtpx:TrackPointExtension><gpxtpx:hr>118</gpxtpx:hr></gpxtpx:TrackPointExtension></extensions></trkpt>
      <trkpt lat="40.740325" lon="-73.961173"><ele>3.8</ele><time>2026-07-23T16:23:25.000Z</time><extensions><gpxtpx:TrackPointExtension><gpxtpx:hr>118</gpxtpx:hr></gpxtpx:TrackPointExtension></extensions></trkpt>
      <trkpt lat="40.740347" lon="-73.961162"><ele>3.8</ele><time>2026-07-23T16:23:26.000Z</time><extensions><gpxtpx:TrackPointExtension><gpxtpx:hr>118</gpxtpx:hr></gpxtpx:TrackPointExtension></extensions></trkpt>
      <trkpt lat="40.740368" lon="-73.961152"><ele>3.8</ele><time>2026-07-23T16:23:27.000Z</time><extensions><gpxtpx:TrackPointExtension><gpxtpx:hr>118</gpxtpx:hr></gpxtpx:TrackPointExtension></extensions></trkpt>
      <trkpt lat="40.740389" lon="-73.961142"><ele>3.8</ele><time>2026-07-23T16:23:28.000Z</time><extensions><gpxtpx:TrackPointExtension><gpxtpx:hr>118</gpxtpx:hr></gpxtpx:TrackPointExtension></extensions></trkpt>
      <trkpt lat="40.74041" lon="-73.961134"><ele>3.8</ele><time>2026-07-23T16:23:29.000Z</time><extensions><gpxtpx:TrackPointExtension><gpxtpx:hr>118</gpxtpx:hr></gpxtpx:TrackPointExtension></extensions></trkpt>
      <trkpt lat="40.740432" lon="-73.961128"><ele>3.8</ele><time>2026-07-23T16:23:30.000Z</time><extensions><gpxtpx:TrackPointExtension><gpxtpx:hr>118</gpxtpx:hr></gpxtpx:TrackPointExtension></extensions></trkpt>
      <trkpt lat="40.740455" lon="-73.961123"><ele>3.8</ele><time>2026-07-23T16:23:31.000Z</time><extensions><gpxtpx:TrackPointExtension><gpxtpx:hr>114</gpxtpx:hr></gpxtpx:TrackPointExtension></extensions></trkpt>
      <trkpt lat="40.740478" lon="-73.961117"><ele>3.8</ele><time>2026-07-23T16:23:32.000Z</time><extensions><gpxtpx:TrackPointExtension><gpxtpx:hr>114</gpxtpx:hr></gpxtpx:TrackPointExtension></extensions></trkpt>
      <trkpt lat="40.740501" lon="-73.961111"><ele>4</ele><time>2026-07-23T16:23:33.000Z</time><extensions><gpxtpx:TrackPointExtension><gpxtpx:hr>114</gpxtpx:hr></gpxtpx:TrackPointExtension></extensions></trkpt>
      <trkpt lat="40.740523" lon="-73.961106"><ele>4</ele><time>2026-07-23T16:23:34.000Z</time><extensions><gpxtpx:TrackPointExtension><gpxtpx:hr>114</gpxtpx:hr></gpxtpx:TrackPointExtension></extensions></trkpt>
      <trkpt lat="40.740545" lon="-73.961102"><ele>4</ele><time>2026-07-23T16:23:35.000Z</time><extensions><gpxtpx:TrackPointExtension><gpxtpx:hr>114</gpxtpx:hr></gpxtpx:TrackPointExtension></extensions></trkpt>
      <trkpt lat="40.740568" lon="-73.9611"><ele>4</ele><time>2026-07-23T16:23:36.000Z</time><extensions><gpxtpx:TrackPointExtension><gpxtpx:hr>114</gpxtpx:hr></gpxtpx:TrackPointExtension></extensions></trkpt>
      <trkpt lat="40.740591" lon="-73.961097"><ele>4.2</ele><time>2026-07-23T16:23:37.000Z</time><extensions><gpxtpx:TrackPointExtension><gpxtpx:hr>115</gpxtpx:hr></gpxtpx:TrackPointExtension></extensions></trkpt>
      <trkpt lat="40.740613" lon="-73.961095"><ele>4.2</ele><time>2026-07-23T16:23:38.000Z</time><extensions><gpxtpx:TrackPointExtension><gpxtpx:hr>115</gpxtpx:hr></gpxtpx:TrackPointExtension></extensions></trkpt>
      <trkpt lat="40.740635" lon="-73.961093"><ele>4.2</ele><time>2026-07-23T16:23:39.000Z</time><extensions><gpxtpx:TrackPointExtension><gpxtpx:hr>115</gpxtpx:hr></gpxtpx:TrackPointExtension></extensions></trkpt>
      <trkpt lat="40.740657" lon="-73.961091"><ele>4.4</ele><time>2026-07-23T16:23:40.000Z</time><extensions><gpxtpx:TrackPointExtension><gpxtpx:hr>115</gpxtpx:hr></gpxtpx:TrackPointExtension></extensions></trkpt>
      <trkpt lat="40.74068" lon="-73.961089"><ele>4.4</ele><time>2026-07-23T16:23:41.000Z</time><extensions><gpxtpx:TrackPointExtension><gpxtpx:hr>115</gpxtpx:hr></gpxtpx:TrackPointExtension></extensions></trkpt>
      <trkpt lat="40.740703" lon="-73.961087"><ele>4.4</ele><time>2026-07-23T16:23:42.000Z</time><extensions><gpxtpx:TrackPointExtension><gpxtpx:hr>117</gpxtpx:hr></gpxtpx:TrackPointExtension></extensions></trkpt>
      <trkpt lat="40.740726" lon="-73.961082"><ele>4.4</ele><time>2026-07-23T16:23:43.000Z</time><extensions><gpxtpx:TrackPointExtension><gpxtpx:hr>117</gpxtpx:hr></gpxtpx:TrackPointExtension></extensions></trkpt>
      <trkpt lat="40.740749" lon="-73.961078"><ele>4.4</ele><time>2026-07-23T16:23:44.000Z</time><extensions><gpxtpx:TrackPointExtension><gpxtpx:hr>117</gpxtpx:hr></gpxtpx:TrackPointExtension></extensions></trkpt>
      <trkpt lat="40.740772" lon="-73.961073"><ele>4.4</ele><time>2026-07-23T16:23:46.000Z</time><extensions><gpxtpx:TrackPointExtension><gpxtpx:hr>117</gpxtpx:hr></gpxtpx:TrackPointExtension></extensions></trkpt>
      <trkpt lat="40.740795" lon="-73.961068"><ele>4.6</ele><time>2026-07-23T16:23:47.000Z</time><extensions><gpxtpx:TrackPointExtension><gpxtpx:hr>118</gpxtpx:hr></gpxtpx:TrackPointExtension></extensions></trkpt>
      <trkpt lat="40.740818" lon="-73.961062"><ele>4.6</ele><time>2026-07-23T16:23:48.000Z</time><extensions><gpxtpx:TrackPointExtension><gpxtpx:hr>118</gpxtpx:hr></gpxtpx:TrackPointExtension></extensions></trkpt>
      <trkpt lat="40.740842" lon="-73.961056"><ele>4.6</ele><time>2026-07-23T16:23:49.000Z</time><extensions><gpxtpx:TrackPointExtension><gpxtpx:hr>118</gpxtpx:hr></gpxtpx:TrackPointExtension></extensions></trkpt>
      <trkpt lat="40.740864" lon="-73.961049"><ele>4.6</ele><time>2026-07-23T16:23:50.000Z</time><extensions><gpxtpx:TrackPointExtension><gpxtpx:hr>118</gpxtpx:hr></gpxtpx:TrackPointExtension></extensions></trkpt>
      <trkpt lat="40.740886" lon="-73.961042"><ele>4.6</ele><time>2026-07-23T16:23:51.000Z</time><extensions><gpxtpx:TrackPointExtension><gpxtpx:hr>118</gpxtpx:hr></gpxtpx:TrackPointExtension></extensions></trkpt>
      <trkpt lat="40.740909" lon="-73.961034"><ele>4.4</ele><time>2026-07-23T16:23:52.000Z</time><extensions><gpxtpx:TrackPointExtension><gpxtpx:hr>120</gpxtpx:hr></gpxtpx:TrackPointExtension></extensions></trkpt>
      <trkpt lat="40.740932" lon="-73.961027"><ele>4.4</ele><time>2026-07-23T16:23:53.000Z</time><extensions><gpxtpx:TrackPointExtension><gpxtpx:hr>120</gpxtpx:hr></gpxtpx:TrackPointExtension></extensions></trkpt>
      <trkpt lat="40.740955" lon="-73.961023"><ele>4.4</ele><time>2026-07-23T16:23:54.000Z</time><extensions><gpxtpx:TrackPointExtension><gpxtpx:hr>120</gpxtpx:hr></gpxtpx:TrackPointExtension></extensions></trkpt>
      <trkpt lat="40.740977" lon="-73.961021"><ele>4.4</ele><time>2026-07-23T16:23:55.000Z</time><extensions><gpxtpx:TrackPointExtension><gpxtpx:hr>120</gpxtpx:hr></gpxtpx:TrackPointExtension></extensions></trkpt>
      <trkpt lat="40.741" lon="-73.961017"><ele>4.4</ele><time>2026-07-23T16:23:56.000Z</time><extensions><gpxtpx:TrackPointExtension><gpxtpx:hr>120</gpxtpx:hr></gpxtpx:TrackPointExtension></extensions></trkpt>
      <trkpt lat="40.741022" lon="-73.961011"><ele>4.4</ele><time>2026-07-23T16:23:57.000Z</time><extensions><gpxtpx:TrackPointExtension><gpxtpx:hr>120</gpxtpx:hr></gpxtpx:TrackPointExtension></extensions></trkpt>
      <trkpt lat="40.741043" lon="-73.961001"><ele>4.2</ele><time>2026-07-23T16:23:58.000Z</time><extensions><gpxtpx:TrackPointExtension><gpxtpx:hr>120</gpxtpx:hr></gpxtpx:TrackPointExtension></extensions></trkpt>
      <trkpt lat="40.741063" lon="-73.960991"><ele>4.2</ele><time>2026-07-23T16:23:59.000Z</time><extensions><gpxtpx:TrackPointExtension><gpxtpx:hr>120</gpxtpx:hr></gpxtpx:TrackPointExtension></extensions></trkpt>
      <trkpt lat="40.741084" lon="-73.960984"><ele>4.2</ele><time>2026-07-23T16:24:00.000Z</time><extensions><gpxtpx:TrackPointExtension><gpxtpx:hr>120</gpxtpx:hr></gpxtpx:TrackPointExtension></extensions></trkpt>
      <trkpt lat="40.741107" lon="-73.960983"><ele>4.2</ele><time>2026-07-23T16:24:01.000Z</time><extensions><gpxtpx:TrackPointExtension><gpxtpx:hr>124</gpxtpx:hr></gpxtpx:TrackPointExtension></extensions></trkpt>
      <trkpt lat="40.74113" lon="-73.960985"><ele>4.2</ele><time>2026-07-23T16:24:02.000Z</time><extensions><gpxtpx:TrackPointExtension><gpxtpx:hr>124</gpxtpx:hr></gpxtpx:TrackPointExtension></extensions></trkpt>
      <trkpt lat="40.741153" lon="-73.960989"><ele>4.2</ele><time>2026-07-23T16:24:03.000Z</time><extensions><gpxtpx:TrackPointExtension><gpxtpx:hr>124</gpxtpx:hr></gpxtpx:TrackPointExtension></extensions></trkpt>
      <trkpt lat="40.741175" lon="-73.960992"><ele>4.2</ele><time>2026-07-23T16:24:04.000Z</time><extensions><gpxtpx:TrackPointExtension><gpxtpx:hr>125</gpxtpx:hr></gpxtpx:TrackPointExtension></extensions></trkpt>
      <trkpt lat="40.741197" lon="-73.960995"><ele>4.2</ele><time>2026-07-23T16:24:05.000Z</time><extensions><gpxtpx:TrackPointExtension><gpxtpx:hr>125</gpxtpx:hr></gpxtpx:TrackPointExtension></extensions></trkpt>
      <trkpt lat="40.74122" lon="-73.961"><ele>4.2</ele><time>2026-07-23T16:24:06.000Z</time><extensions><gpxtpx:TrackPointExtension><gpxtpx:hr>125</gpxtpx:hr></gpxtpx:TrackPointExtension></extensions></trkpt>
      <trkpt lat="40.741244" lon="-73.961005"><ele>4.2</ele><time>2026-07-23T16:24:07.000Z</time><extensions><gpxtpx:TrackPointExtension><gpxtpx:hr>125</gpxtpx:hr></gpxtpx:TrackPointExtension></extensions></trkpt>
      <trkpt lat="40.741269" lon="-73.96101"><ele>4.2</ele><time>2026-07-23T16:24:08.000Z</time><extensions><gpxtpx:TrackPointExtension><gpxtpx:hr>125</gpxtpx:hr></gpxtpx:TrackPointExtension></extensions></trkpt>
      <trkpt lat="40.741294" lon="-73.961014"><ele>4.2</ele><time>2026-07-23T16:24:09.000Z</time><extensions><gpxtpx:TrackPointExtension><gpxtpx:hr>125</gpxtpx:hr></gpxtpx:TrackPointExtension></extensions></trkpt>
      <trkpt lat="40.74132" lon="-73.961017"><ele>4.2</ele><time>2026-07-23T16:24:10.000Z</time><extensions><gpxtpx:TrackPointExtension><gpxtpx:hr>125</gpxtpx:hr></gpxtpx:TrackPointExtension></extensions></trkpt>
      <trkpt lat="40.741345" lon="-73.96102"><ele>4.2</ele><time>2026-07-23T16:24:11.000Z</time><extensions><gpxtpx:TrackPointExtension><gpxtpx:hr>125</gpxtpx:hr></gpxtpx:TrackPointExtension></extensions></trkpt>
      <trkpt lat="40.741372" lon="-73.961024"><ele>4.2</ele><time>2026-07-23T16:24:12.000Z</time><extensions><gpxtpx:TrackPointExtension><gpxtpx:hr>125</gpxtpx:hr></gpxtpx:TrackPointExtension></extensions></trkpt>
      <trkpt lat="40.741399" lon="-73.961027"><ele>4.2</ele><time>2026-07-23T16:24:13.000Z</time><extensions><gpxtpx:TrackPointExtension><gpxtpx:hr>125</gpxtpx:hr></gpxtpx:TrackPointExtension></extensions></trkpt>
      <trkpt lat="40.741425" lon="-73.961029"><ele>4.2</ele><time>2026-07-23T16:24:14.000Z</time><extensions><gpxtpx:TrackPointExtension><gpxtpx:hr>125</gpxtpx:hr></gpxtpx:TrackPointExtension></extensions></trkpt>
      <trkpt lat="40.741451" lon="-73.961031"><ele>4</ele><time>2026-07-23T16:24:15.000Z</time><extensions><gpxtpx:TrackPointExtension><gpxtpx:hr>125</gpxtpx:hr></gpxtpx:TrackPointExtension></extensions></trkpt>
      <trkpt lat="40.741478" lon="-73.961032"><ele>4</ele><time>2026-07-23T16:24:16.000Z</time><extensions><gpxtpx:TrackPointExtension><gpxtpx:hr>125</gpxtpx:hr></gpxtpx:TrackPointExtension></extensions></trkpt>
      <trkpt lat="40.741504" lon="-73.961034"><ele>4</ele><time>2026-07-23T16:24:17.000Z</time><extensions><gpxtpx:TrackPointExtension><gpxtpx:hr>126</gpxtpx:hr></gpxtpx:TrackPointExtension></extensions></trkpt>
      <trkpt lat="40.741531" lon="-73.961034"><ele>4</ele><time>2026-07-23T16:24:18.000Z</time><extensions><gpxtpx:TrackPointExtension><gpxtpx:hr>126</gpxtpx:hr></gpxtpx:TrackPointExtension></extensions></trkpt>
      <trkpt lat="40.741558" lon="-73.961035"><ele>4</ele><time>2026-07-23T16:24:19.000Z</time><extensions><gpxtpx:TrackPointExtension><gpxtpx:hr>126</gpxtpx:hr></gpxtpx:TrackPointExtension></extensions></trkpt>
      <trkpt lat="40.741585" lon="-73.961037"><ele>4</ele><time>2026-07-23T16:24:20.000Z</time><extensions><gpxtpx:TrackPointExtension><gpxtpx:hr>126</gpxtpx:hr></gpxtpx:TrackPointExtension></extensions></trkpt>
      <trkpt lat="40.741611" lon="-73.961038"><ele>3.8</ele><time>2026-07-23T16:24:21.000Z</time><extensions><gpxtpx:TrackPointExtension><gpxtpx:hr>126</gpxtpx:hr></gpxtpx:TrackPointExtension></extensions></trkpt>
      <trkpt lat="40.741638" lon="-73.96104"><ele>3.8</ele><time>2026-07-23T16:24:22.000Z</time><extensions><gpxtpx:TrackPointExtension><gpxtpx:hr>126</gpxtpx:hr></gpxtpx:TrackPointExtension></extensions></trkpt>
      <trkpt lat="40.741664" lon="-73.961041"><ele>3.8</ele><time>2026-07-23T16:24:23.000Z</time><extensions><gpxtpx:TrackPointExtension><gpxtpx:hr>126</gpxtpx:hr></gpxtpx:TrackPointExtension></extensions></trkpt>
      <trkpt lat="40.74169" lon="-73.961043"><ele>3.8</ele><time>2026-07-23T16:24:24.000Z</time><extensions><gpxtpx:TrackPointExtension><gpxtpx:hr>126</gpxtpx:hr></gpxtpx:TrackPointExtension></extensions></trkpt>
      <trkpt lat="40.741716" lon="-73.961045"><ele>3.8</ele><time>2026-07-23T16:24:25.000Z</time><extensions><gpxtpx:TrackPointExtension><gpxtpx:hr>126</gpxtpx:hr></gpxtpx:TrackPointExtension></extensions></trkpt>
      <trkpt lat="40.74174" lon="-73.961048"><ele>3.8</ele><time>2026-07-23T16:24:26.000Z</time><extensions><gpxtpx:TrackPointExtension><gpxtpx:hr>126</gpxtpx:hr></gpxtpx:TrackPointExtension></extensions></trkpt>
      <trkpt lat="40.741764" lon="-73.961052"><ele>3.8</ele><time>2026-07-23T16:24:27.000Z</time><extensions><gpxtpx:TrackPointExtension><gpxtpx:hr>126</gpxtpx:hr></gpxtpx:TrackPointExtension></extensions></trkpt>
      <trkpt lat="40.741788" lon="-73.961056"><ele>3.6</ele><time>2026-07-23T16:24:28.000Z</time><extensions><gpxtpx:TrackPointExtension><gpxtpx:hr>126</gpxtpx:hr></gpxtpx:TrackPointExtension></extensions></trkpt>
      <trkpt lat="40.741811" lon="-73.96106"><ele>3.6</ele><time>2026-07-23T16:24:29.000Z</time><extensions><gpxtpx:TrackPointExtension><gpxtpx:hr>126</gpxtpx:hr></gpxtpx:TrackPointExtension></extensions></trkpt>
      <trkpt lat="40.741833" lon="-73.961063"><ele>3.6</ele><time>2026-07-23T16:24:30.000Z</time><extensions><gpxtpx:TrackPointExtension><gpxtpx:hr>126</gpxtpx:hr></gpxtpx:TrackPointExtension></extensions></trkpt>
      <trkpt lat="40.741855" lon="-73.961066"><ele>3.6</ele><time>2026-07-23T16:24:31.000Z</time><extensions><gpxtpx:TrackPointExtension><gpxtpx:hr>127</gpxtpx:hr></gpxtpx:TrackPointExtension></extensions></trkpt>
      <trkpt lat="40.741876" lon="-73.961071"><ele>3.4</ele><time>2026-07-23T16:24:32.000Z</time><extensions><gpxtpx:TrackPointExtension><gpxtpx:hr>127</gpxtpx:hr></gpxtpx:TrackPointExtension></extensions></trkpt>
      <trkpt lat="40.741895" lon="-73.961077"><ele>3.4</ele><time>2026-07-23T16:24:33.000Z</time><extensions><gpxtpx:TrackPointExtension><gpxtpx:hr>127</gpxtpx:hr></gpxtpx:TrackPointExtension></extensions></trkpt>
      <trkpt lat="40.741914" lon="-73.961084"><ele>3.4</ele><time>2026-07-23T16:24:34.000Z</time><extensions><gpxtpx:TrackPointExtension><gpxtpx:hr>125</gpxtpx:hr></gpxtpx:TrackPointExtension></extensions></trkpt>
      <trkpt lat="40.741934" lon="-73.96109"><ele>3.2</ele><time>2026-07-23T16:24:35.000Z</time><extensions><gpxtpx:TrackPointExtension><gpxtpx:hr>125</gpxtpx:hr></gpxtpx:TrackPointExtension></extensions></trkpt>
      <trkpt lat="40.741954" lon="-73.961091"><ele>3.2</ele><time>2026-07-23T16:24:36.000Z</time><extensions><gpxtpx:TrackPointExtension><gpxtpx:hr>125</gpxtpx:hr></gpxtpx:TrackPointExtension></extensions></trkpt>
      <trkpt lat="40.741975" lon="-73.961087"><ele>3</ele><time>2026-07-23T16:24:37.000Z</time><extensions><gpxtpx:TrackPointExtension><gpxtpx:hr>124</gpxtpx:hr></gpxtpx:TrackPointExtension></extensions></trkpt>
      <trkpt lat="40.741998" lon="-73.961076"><ele>3</ele><time>2026-07-23T16:24:38.000Z</time><extensions><gpxtpx:TrackPointExtension><gpxtpx:hr>124</gpxtpx:hr></gpxtpx:TrackPointExtension></extensions></trkpt>
      <trkpt lat="40.742021" lon="-73.961062"><ele>3</ele><time>2026-07-23T16:24:39.000Z</time><extensions><gpxtpx:TrackPointExtension><gpxtpx:hr>124</gpxtpx:hr></gpxtpx:TrackPointExtension></extensions></trkpt>
      <trkpt lat="40.742044" lon="-73.961047"><ele>2.8</ele><time>2026-07-23T16:24:40.000Z</time><extensions><gpxtpx:TrackPointExtension><gpxtpx:hr>124</gpxtpx:hr></gpxtpx:TrackPointExtension></extensions></trkpt>
      <trkpt lat="40.742068" lon="-73.961033"><ele>2.8</ele><time>2026-07-23T16:24:41.000Z</time><extensions><gpxtpx:TrackPointExtension><gpxtpx:hr>124</gpxtpx:hr></gpxtpx:TrackPointExtension></extensions></trkpt>
      <trkpt lat="40.742093" lon="-73.961027"><ele>2.8</ele><time>2026-07-23T16:24:42.000Z</time><extensions><gpxtpx:TrackPointExtension><gpxtpx:hr>124</gpxtpx:hr></gpxtpx:TrackPointExtension></extensions></trkpt>
      <trkpt lat="40.742121" lon="-73.961027"><ele>2.6</ele><time>2026-07-23T16:24:43.000Z</time><extensions><gpxtpx:TrackPointExtension><gpxtpx:hr>124</gpxtpx:hr></gpxtpx:TrackPointExtension></extensions></trkpt>
      <trkpt lat="40.74215" lon="-73.961031"><ele>2.6</ele><time>2026-07-23T16:24:44.000Z</time><extensions><gpxtpx:TrackPointExtension><gpxtpx:hr>124</gpxtpx:hr></gpxtpx:TrackPointExtension></extensions></trkpt>
      <trkpt lat="40.742178" lon="-73.961036"><ele>2.6</ele><time>2026-07-23T16:24:45.000Z</time><extensions><gpxtpx:TrackPointExtension><gpxtpx:hr>124</gpxtpx:hr></gpxtpx:TrackPointExtension></extensions></trkpt>
      <trkpt lat="40.742204" lon="-73.961042"><ele>2.6</ele><time>2026-07-23T16:24:46.000Z</time><extensions><gpxtpx:TrackPointExtension><gpxtpx:hr>123</gpxtpx:hr></gpxtpx:TrackPointExtension></extensions></trkpt>
      <trkpt lat="40.742229" lon="-73.961048"><ele>2.6</ele><time>2026-07-23T16:24:47.000Z</time><extensions><gpxtpx:TrackPointExtension><gpxtpx:hr>124</gpxtpx:hr></gpxtpx:TrackPointExtension></extensions></trkpt>
      <trkpt lat="40.742254" lon="-73.961056"><ele>2.6</ele><time>2026-07-23T16:24:48.000Z</time><extensions><gpxtpx:TrackPointExtension><gpxtpx:hr>124</gpxtpx:hr></gpxtpx:TrackPointExtension></extensions></trkpt>
      <trkpt lat="40.742279" lon="-73.961065"><ele>2.6</ele><time>2026-07-23T16:24:49.000Z</time><extensions><gpxtpx:TrackPointExtension><gpxtpx:hr>124</gpxtpx:hr></gpxtpx:TrackPointExtension></extensions></trkpt>
      <trkpt lat="40.742305" lon="-73.961072"><ele>2.6</ele><time>2026-07-23T16:24:50.000Z</time><extensions><gpxtpx:TrackPointExtension><gpxtpx:hr>124</gpxtpx:hr></gpxtpx:TrackPointExtension></extensions></trkpt>
      <trkpt lat="40.74233" lon="-73.961077"><ele>2.6</ele><time>2026-07-23T16:24:51.000Z</time><extensions><gpxtpx:TrackPointExtension><gpxtpx:hr>124</gpxtpx:hr></gpxtpx:TrackPointExtension></extensions></trkpt>
      <trkpt lat="40.742357" lon="-73.96108"><ele>2.6</ele><time>2026-07-23T16:24:52.000Z</time><extensions><gpxtpx:TrackPointExtension><gpxtpx:hr>124</gpxtpx:hr></gpxtpx:TrackPointExtension></extensions></trkpt>
      <trkpt lat="40.742384" lon="-73.96108"><ele>2.6</ele><time>2026-07-23T16:24:53.000Z</time><extensions><gpxtpx:TrackPointExtension><gpxtpx:hr>124</gpxtpx:hr></gpxtpx:TrackPointExtension></extensions></trkpt>
      <trkpt lat="40.74241" lon="-73.961078"><ele>2.6</ele><time>2026-07-23T16:24:54.000Z</time><extensions><gpxtpx:TrackPointExtension><gpxtpx:hr>124</gpxtpx:hr></gpxtpx:TrackPointExtension></extensions></trkpt>
      <trkpt lat="40.742436" lon="-73.961075"><ele>2.6</ele><time>2026-07-23T16:24:55.000Z</time><extensions><gpxtpx:TrackPointExtension><gpxtpx:hr>124</gpxtpx:hr></gpxtpx:TrackPointExtension></extensions></trkpt>
      <trkpt lat="40.742462" lon="-73.961071"><ele>2.6</ele><time>2026-07-23T16:24:56.000Z</time><extensions><gpxtpx:TrackPointExtension><gpxtpx:hr>129</gpxtpx:hr></gpxtpx:TrackPointExtension></extensions></trkpt>
      <trkpt lat="40.742514" lon="-73.961058"><ele>2.6</ele><time>2026-07-23T16:24:57.000Z</time><extensions><gpxtpx:TrackPointExtension><gpxtpx:hr>129</gpxtpx:hr></gpxtpx:TrackPointExtension></extensions></trkpt>
      <trkpt lat="40.74254" lon="-73.961048"><ele>2.6</ele><time>2026-07-23T16:24:58.000Z</time><extensions><gpxtpx:TrackPointExtension><gpxtpx:hr>129</gpxtpx:hr></gpxtpx:TrackPointExtension></extensions></trkpt>
      <trkpt lat="40.742564" lon="-73.961036"><ele>2.6</ele><time>2026-07-23T16:24:59.000Z</time><extensions><gpxtpx:TrackPointExtension><gpxtpx:hr>131</gpxtpx:hr></gpxtpx:TrackPointExtension></extensions></trkpt>
      <trkpt lat="40.742587" lon="-73.961023"><ele>2.6</ele><time>2026-07-23T16:25:00.000Z</time><extensions><gpxtpx:TrackPointExtension><gpxtpx:hr>131</gpxtpx:hr></gpxtpx:TrackPointExtension></extensions></trkpt>
      <trkpt lat="40.74261" lon="-73.961011"><ele>2.6</ele><time>2026-07-23T16:25:01.000Z</time><extensions><gpxtpx:TrackPointExtension><gpxtpx:hr>131</gpxtpx:hr></gpxtpx:TrackPointExtension></extensions></trkpt>
      <trkpt lat="40.742632" lon="-73.960998"><ele>2.6</ele><time>2026-07-23T16:25:02.000Z</time><extensions><gpxtpx:TrackPointExtension><gpxtpx:hr>131</gpxtpx:hr></gpxtpx:TrackPointExtension></extensions></trkpt>
      <trkpt lat="40.742655" lon="-73.960987"><ele>2.6</ele><time>2026-07-23T16:25:03.000Z</time><extensions><gpxtpx:TrackPointExtension><gpxtpx:hr>131</gpxtpx:hr></gpxtpx:TrackPointExtension></extensions></trkpt>
      <trkpt lat="40.742678" lon="-73.960975"><ele>2.6</ele><time>2026-07-23T16:25:04.000Z</time><extensions><gpxtpx:TrackPointExtension><gpxtpx:hr>131</gpxtpx:hr></gpxtpx:TrackPointExtension></extensions></trkpt>
      <trkpt lat="40.742701" lon="-73.960964"><ele>2.8</ele><time>2026-07-23T16:25:05.000Z</time><extensions><gpxtpx:TrackPointExtension><gpxtpx:hr>131</gpxtpx:hr></gpxtpx:TrackPointExtension></extensions></trkpt>
      <trkpt lat="40.742724" lon="-73.960953"><ele>2.8</ele><time>2026-07-23T16:25:06.000Z</time><extensions><gpxtpx:TrackPointExtension><gpxtpx:hr>130</gpxtpx:hr></gpxtpx:TrackPointExtension></extensions></trkpt>
      <trkpt lat="40.742747" lon="-73.960942"><ele>2.8</ele><time>2026-07-23T16:25:07.000Z</time><extensions><gpxtpx:TrackPointExtension><gpxtpx:hr>130</gpxtpx:hr></gpxtpx:TrackPointExtension></extensions></trkpt>
      <trkpt lat="40.74277" lon="-73.960932"><ele>2.8</ele><time>2026-07-23T16:25:09.000Z</time><extensions><gpxtpx:TrackPointExtension><gpxtpx:hr>130</gpxtpx:hr></gpxtpx:TrackPointExtension></extensions></trkpt>
      <trkpt lat="40.742793" lon="-73.960923"><ele>2.8</ele><time>2026-07-23T16:25:10.000Z</time><extensions><gpxtpx:TrackPointExtension><gpxtpx:hr>130</gpxtpx:hr></gpxtpx:TrackPointExtension></extensions></trkpt>
      <trkpt lat="40.742816" lon="-73.960914"><ele>2.8</ele><time>2026-07-23T16:25:11.000Z</time><extensions><gpxtpx:TrackPointExtension><gpxtpx:hr>130</gpxtpx:hr></gpxtpx:TrackPointExtension></extensions></trkpt>
      <trkpt lat="40.742839" lon="-73.960903"><ele>2.8</ele><time>2026-07-23T16:25:12.000Z</time><extensions><gpxtpx:TrackPointExtension><gpxtpx:hr>130</gpxtpx:hr></gpxtpx:TrackPointExtension></extensions></trkpt>
      <trkpt lat="40.742861" lon="-73.960892"><ele>2.8</ele><time>2026-07-23T16:25:13.000Z</time><extensions><gpxtpx:TrackPointExtension><gpxtpx:hr>130</gpxtpx:hr></gpxtpx:TrackPointExtension></extensions></trkpt>
      <trkpt lat="40.742884" lon="-73.960879"><ele>2.8</ele><time>2026-07-23T16:25:14.000Z</time><extensions><gpxtpx:TrackPointExtension><gpxtpx:hr>130</gpxtpx:hr></gpxtpx:TrackPointExtension></extensions></trkpt>
      <trkpt lat="40.742907" lon="-73.960865"><ele>2.8</ele><time>2026-07-23T16:25:15.000Z</time><extensions><gpxtpx:TrackPointExtension><gpxtpx:hr>130</gpxtpx:hr></gpxtpx:TrackPointExtension></extensions></trkpt>
      <trkpt lat="40.74293" lon="-73.960852"><ele>2.8</ele><time>2026-07-23T16:25:16.000Z</time><extensions><gpxtpx:TrackPointExtension><gpxtpx:hr>130</gpxtpx:hr></gpxtpx:TrackPointExtension></extensions></trkpt>
      <trkpt lat="40.742953" lon="-73.960839"><ele>2.8</ele><time>2026-07-23T16:25:17.000Z</time><extensions><gpxtpx:TrackPointExtension><gpxtpx:hr>130</gpxtpx:hr></gpxtpx:TrackPointExtension></extensions></trkpt>
      <trkpt lat="40.742976" lon="-73.960825"><ele>2.8</ele><time>2026-07-23T16:25:18.000Z</time><extensions><gpxtpx:TrackPointExtension><gpxtpx:hr>130</gpxtpx:hr></gpxtpx:TrackPointExtension></extensions></trkpt>
      <trkpt lat="40.742999" lon="-73.96081"><ele>2.8</ele><time>2026-07-23T16:25:19.000Z</time><extensions><gpxtpx:TrackPointExtension><gpxtpx:hr>130</gpxtpx:hr></gpxtpx:TrackPointExtension></extensions></trkpt>
      <trkpt lat="40.743021" lon="-73.960792"><ele>2.8</ele><time>2026-07-23T16:25:20.000Z</time><extensions><gpxtpx:TrackPointExtension><gpxtpx:hr>130</gpxtpx:hr></gpxtpx:TrackPointExtension></extensions></trkpt>
      <trkpt lat="40.743043" lon="-73.960774"><ele>2.8</ele><time>2026-07-23T16:25:21.000Z</time><extensions><gpxtpx:TrackPointExtension><gpxtpx:hr>131</gpxtpx:hr></gpxtpx:TrackPointExtension></extensions></trkpt>
      <trkpt lat="40.743066" lon="-73.960756"><ele>2.8</ele><time>2026-07-23T16:25:22.000Z</time><extensions><gpxtpx:TrackPointExtension><gpxtpx:hr>132</gpxtpx:hr></gpxtpx:TrackPointExtension></extensions></trkpt>
      <trkpt lat="40.743089" lon="-73.960739"><ele>2.8</ele><time>2026-07-23T16:25:23.000Z</time><extensions><gpxtpx:TrackPointExtension><gpxtpx:hr>132</gpxtpx:hr></gpxtpx:TrackPointExtension></extensions></trkpt>
      <trkpt lat="40.743113" lon="-73.960724"><ele>2.8</ele><time>2026-07-23T16:25:24.000Z</time><extensions><gpxtpx:TrackPointExtension><gpxtpx:hr>132</gpxtpx:hr></gpxtpx:TrackPointExtension></extensions></trkpt>
      <trkpt lat="40.743136" lon="-73.96071"><ele>2.8</ele><time>2026-07-23T16:25:25.000Z</time><extensions><gpxtpx:TrackPointExtension><gpxtpx:hr>132</gpxtpx:hr></gpxtpx:TrackPointExtension></extensions></trkpt>
      <trkpt lat="40.743159" lon="-73.960697"><ele>2.8</ele><time>2026-07-23T16:25:26.000Z</time><extensions><gpxtpx:TrackPointExtension><gpxtpx:hr>132</gpxtpx:hr></gpxtpx:TrackPointExtension></extensions></trkpt>
      <trkpt lat="40.743182" lon="-73.960686"><ele>2.8</ele><time>2026-07-23T16:25:27.000Z</time><extensions><gpxtpx:TrackPointExtension><gpxtpx:hr>132</gpxtpx:hr></gpxtpx:TrackPointExtension></extensions></trkpt>
      <trkpt lat="40.743205" lon="-73.960677"><ele>2.8</ele><time>2026-07-23T16:25:28.000Z</time><extensions><gpxtpx:TrackPointExtension><gpxtpx:hr>132</gpxtpx:hr></gpxtpx:TrackPointExtension></extensions></trkpt>
      <trkpt lat="40.743228" lon="-73.960669"><ele>2.8</ele><time>2026-07-23T16:25:29.000Z</time><extensions><gpxtpx:TrackPointExtension><gpxtpx:hr>134</gpxtpx:hr></gpxtpx:TrackPointExtension></extensions></trkpt>
      <trkpt lat="40.743251" lon="-73.96066"><ele>2.8</ele><time>2026-07-23T16:25:30.000Z</time><extensions><gpxtpx:TrackPointExtension><gpxtpx:hr>134</gpxtpx:hr></gpxtpx:TrackPointExtension></extensions></trkpt>
      <trkpt lat="40.743273" lon="-73.960649"><ele>2.8</ele><time>2026-07-23T16:25:31.000Z</time><extensions><gpxtpx:TrackPointExtension><gpxtpx:hr>134</gpxtpx:hr></gpxtpx:TrackPointExtension></extensions></trkpt>
      <trkpt lat="40.743294" lon="-73.960633"><ele>2.8</ele><time>2026-07-23T16:25:32.000Z</time><extensions><gpxtpx:TrackPointExtension><gpxtpx:hr>133</gpxtpx:hr></gpxtpx:TrackPointExtension></extensions></trkpt>
      <trkpt lat="40.743314" lon="-73.960613"><ele>2.8</ele><time>2026-07-23T16:25:33.000Z</time><extensions><gpxtpx:TrackPointExtension><gpxtpx:hr>133</gpxtpx:hr></gpxtpx:TrackPointExtension></extensions></trkpt>
      <trkpt lat="40.743331" lon="-73.960591"><ele>2.8</ele><time>2026-07-23T16:25:34.000Z</time><extensions><gpxtpx:TrackPointExtension><gpxtpx:hr>133</gpxtpx:hr></gpxtpx:TrackPointExtension></extensions></trkpt>
      <trkpt lat="40.743347" lon="-73.960565"><ele>2.8</ele><time>2026-07-23T16:25:35.000Z</time><extensions><gpxtpx:TrackPointExtension><gpxtpx:hr>133</gpxtpx:hr></gpxtpx:TrackPointExtension></extensions></trkpt>
      <trkpt lat="40.743362" lon="-73.960538"><ele>2.8</ele><time>2026-07-23T16:25:36.000Z</time><extensions><gpxtpx:TrackPointExtension><gpxtpx:hr>133</gpxtpx:hr></gpxtpx:TrackPointExtension></extensions></trkpt>
      <trkpt lat="40.743377" lon="-73.96051"><ele>2.8</ele><time>2026-07-23T16:25:37.000Z</time><extensions><gpxtpx:TrackPointExtension><gpxtpx:hr>133</gpxtpx:hr></gpxtpx:TrackPointExtension></extensions></trkpt>
      <trkpt lat="40.743391" lon="-73.960481"><ele>2.8</ele><time>2026-07-23T16:25:38.000Z</time><extensions><gpxtpx:TrackPointExtension><gpxtpx:hr>133</gpxtpx:hr></gpxtpx:TrackPointExtension></extensions></trkpt>
      <trkpt lat="40.743405" lon="-73.960451"><ele>2.8</ele><time>2026-07-23T16:25:39.000Z</time><extensions><gpxtpx:TrackPointExtension><gpxtpx:hr>133</gpxtpx:hr></gpxtpx:TrackPointExtension></extensions></trkpt>
      <trkpt lat="40.743418" lon="-73.96042"><ele>2.8</ele><time>2026-07-23T16:25:40.000Z</time><extensions><gpxtpx:TrackPointExtension><gpxtpx:hr>133</gpxtpx:hr></gpxtpx:TrackPointExtension></extensions></trkpt>
      <trkpt lat="40.743429" lon="-73.960387"><ele>2.8</ele><time>2026-07-23T16:25:41.000Z</time><extensions><gpxtpx:TrackPointExtension><gpxtpx:hr>133</gpxtpx:hr></gpxtpx:TrackPointExtension></extensions></trkpt>
      <trkpt lat="40.743438" lon="-73.960354"><ele>2.6</ele><time>2026-07-23T16:25:42.000Z</time><extensions><gpxtpx:TrackPointExtension><gpxtpx:hr>133</gpxtpx:hr></gpxtpx:TrackPointExtension></extensions></trkpt>
      <trkpt lat="40.743445" lon="-73.960319"><ele>2.6</ele><time>2026-07-23T16:25:43.000Z</time><extensions><gpxtpx:TrackPointExtension><gpxtpx:hr>133</gpxtpx:hr></gpxtpx:TrackPointExtension></extensions></trkpt>
      <trkpt lat="40.743448" lon="-73.960285"><ele>2.6</ele><time>2026-07-23T16:25:44.000Z</time><extensions><gpxtpx:TrackPointExtension><gpxtpx:hr>133</gpxtpx:hr></gpxtpx:TrackPointExtension></extensions></trkpt>
      <trkpt lat="40.743448" lon="-73.960252"><ele>2.6</ele><time>2026-07-23T16:25:45.000Z</time><extensions><gpxtpx:TrackPointExtension><gpxtpx:hr>133</gpxtpx:hr></gpxtpx:TrackPointExtension></extensions></trkpt>
      <trkpt lat="40.743447" lon="-73.960221"><ele>2.6</ele><time>2026-07-23T16:25:46.000Z</time><extensions><gpxtpx:TrackPointExtension><gpxtpx:hr>133</gpxtpx:hr></gpxtpx:TrackPointExtension></extensions></trkpt>
      <trkpt lat="40.743445" lon="-73.96019"><ele>2.6</ele><time>2026-07-23T16:25:47.000Z</time><extensions><gpxtpx:TrackPointExtension><gpxtpx:hr>133</gpxtpx:hr></gpxtpx:TrackPointExtension></extensions></trkpt>
      <trkpt lat="40.743441" lon="-73.960158"><ele>2.6</ele><time>2026-07-23T16:25:48.000Z</time><extensions><gpxtpx:TrackPointExtension><gpxtpx:hr>133</gpxtpx:hr></gpxtpx:TrackPointExtension></extensions></trkpt>
      <trkpt lat="40.743437" lon="-73.960126"><ele>2.6</ele><time>2026-07-23T16:25:49.000Z</time><extensions><gpxtpx:TrackPointExtension><gpxtpx:hr>133</gpxtpx:hr></gpxtpx:TrackPointExtension></extensions></trkpt>
      <trkpt lat="40.74343" lon="-73.960093"><ele>2.6</ele><time>2026-07-23T16:25:50.000Z</time><extensions><gpxtpx:TrackPointExtension><gpxtpx:hr>133</gpxtpx:hr></gpxtpx:TrackPointExtension></extensions></trkpt>
      <trkpt lat="40.743423" lon="-73.960061"><ele>2.4</ele><time>2026-07-23T16:25:51.000Z</time><extensions><gpxtpx:TrackPointExtension><gpxtpx:hr>133</gpxtpx:hr></gpxtpx:TrackPointExtension></extensions></trkpt>
      <trkpt lat="40.743416" lon="-73.960028"><ele>2.4</ele><time>2026-07-23T16:25:52.000Z</time><extensions><gpxtpx:TrackPointExtension><gpxtpx:hr>133</gpxtpx:hr></gpxtpx:TrackPointExtension></extensions></trkpt>
      <trkpt lat="40.743409" lon="-73.959996"><ele>2.4</ele><time>2026-07-23T16:25:53.000Z</time><extensions><gpxtpx:TrackPointExtension><gpxtpx:hr>133</gpxtpx:hr></gpxtpx:TrackPointExtension></extensions></trkpt>
      <trkpt lat="40.743404" lon="-73.959963"><ele>2.4</ele><time>2026-07-23T16:25:54.000Z</time><extensions><gpxtpx:TrackPointExtension><gpxtpx:hr>133</gpxtpx:hr></gpxtpx:TrackPointExtension></extensions></trkpt>
      <trkpt lat="40.743401" lon="-73.959929"><ele>2.4</ele><time>2026-07-23T16:25:55.000Z</time><extensions><gpxtpx:TrackPointExtension><gpxtpx:hr>133</gpxtpx:hr></gpxtpx:TrackPointExtension></extensions></trkpt>
      <trkpt lat="40.743402" lon="-73.959896"><ele>2.4</ele><time>2026-07-23T16:25:56.000Z</time><extensions><gpxtpx:TrackPointExtension><gpxtpx:hr>133</gpxtpx:hr></gpxtpx:TrackPointExtension></extensions></trkpt>
      <trkpt lat="40.743409" lon="-73.959862"><ele>2.4</ele><time>2026-07-23T16:25:57.000Z</time><extensions><gpxtpx:TrackPointExtension><gpxtpx:hr>136</gpxtpx:hr></gpxtpx:TrackPointExtension></extensions></trkpt>
      <trkpt lat="40.74342" lon="-73.959831"><ele>2.4</ele><time>2026-07-23T16:25:58.000Z</time><extensions><gpxtpx:TrackPointExtension><gpxtpx:hr>136</gpxtpx:hr></gpxtpx:TrackPointExtension></extensions></trkpt>
      <trkpt lat="40.743437" lon="-73.959804"><ele>2.6</ele><time>2026-07-23T16:25:59.000Z</time><extensions><gpxtpx:TrackPointExtension><gpxtpx:hr>136</gpxtpx:hr></gpxtpx:TrackPointExtension></extensions></trkpt>
      <trkpt lat="40.743456" lon="-73.959781"><ele>2.6</ele><time>2026-07-23T16:26:00.000Z</time><extensions><gpxtpx:TrackPointExtension><gpxtpx:hr>136</gpxtpx:hr></gpxtpx:TrackPointExtension></extensions></trkpt>
      <trkpt lat="40.743477" lon="-73.959763"><ele>2.6</ele><time>2026-07-23T16:26:01.000Z</time><extensions><gpxtpx:TrackPointExtension><gpxtpx:hr>136</gpxtpx:hr></gpxtpx:TrackPointExtension></extensions></trkpt>
      <trkpt lat="40.7435" lon="-73.959748"><ele>2.6</ele><time>2026-07-23T16:26:02.000Z</time><extensions><gpxtpx:TrackPointExtension><gpxtpx:hr>138</gpxtpx:hr></gpxtpx:TrackPointExtension></extensions></trkpt>
      <trkpt lat="40.743523" lon="-73.959733"><ele>2.6</ele><time>2026-07-23T16:26:03.000Z</time><extensions><gpxtpx:TrackPointExtension><gpxtpx:hr>138</gpxtpx:hr></gpxtpx:TrackPointExtension></extensions></trkpt>
      <trkpt lat="40.743544" lon="-73.959716"><ele>2.6</ele><time>2026-07-23T16:26:04.000Z</time><extensions><gpxtpx:TrackPointExtension><gpxtpx:hr>138</gpxtpx:hr></gpxtpx:TrackPointExtension></extensions></trkpt>
      <trkpt lat="40.743564" lon="-73.959698"><ele>2.6</ele><time>2026-07-23T16:26:05.000Z</time><extensions><gpxtpx:TrackPointExtension><gpxtpx:hr>138</gpxtpx:hr></gpxtpx:TrackPointExtension></extensions></trkpt>
      <trkpt lat="40.743582" lon="-73.959678"><ele>2.8</ele><time>2026-07-23T16:26:06.000Z</time><extensions><gpxtpx:TrackPointExtension><gpxtpx:hr>138</gpxtpx:hr></gpxtpx:TrackPointExtension></extensions></trkpt>
      <trkpt lat="40.743599" lon="-73.959657"><ele>2.8</ele><time>2026-07-23T16:26:07.000Z</time><extensions><gpxtpx:TrackPointExtension><gpxtpx:hr>138</gpxtpx:hr></gpxtpx:TrackPointExtension></extensions></trkpt>
      <trkpt lat="40.743617" lon="-73.959637"><ele>2.8</ele><time>2026-07-23T16:26:08.000Z</time><extensions><gpxtpx:TrackPointExtension><gpxtpx:hr>139</gpxtpx:hr></gpxtpx:TrackPointExtension></extensions></trkpt>
      <trkpt lat="40.743636" lon="-73.959618"><ele>2.8</ele><time>2026-07-23T16:26:09.000Z</time><extensions><gpxtpx:TrackPointExtension><gpxtpx:hr>139</gpxtpx:hr></gpxtpx:TrackPointExtension></extensions></trkpt>
      <trkpt lat="40.743658" lon="-73.959599"><ele>2.8</ele><time>2026-07-23T16:26:10.000Z</time><extensions><gpxtpx:TrackPointExtension><gpxtpx:hr>139</gpxtpx:hr></gpxtpx:TrackPointExtension></extensions></trkpt>
      <trkpt lat="40.743681" lon="-73.959582"><ele>2.8</ele><time>2026-07-23T16:26:11.000Z</time><extensions><gpxtpx:TrackPointExtension><gpxtpx:hr>139</gpxtpx:hr></gpxtpx:TrackPointExtension></extensions></trkpt>
      <trkpt lat="40.743706" lon="-73.959566"><ele>2.8</ele><time>2026-07-23T16:26:12.000Z</time><extensions><gpxtpx:TrackPointExtension><gpxtpx:hr>139</gpxtpx:hr></gpxtpx:TrackPointExtension></extensions></trkpt>
      <trkpt lat="40.74373" lon="-73.959548"><ele>2.8</ele><time>2026-07-23T16:26:13.000Z</time><extensions><gpxtpx:TrackPointExtension><gpxtpx:hr>139</gpxtpx:hr></gpxtpx:TrackPointExtension></extensions></trkpt>
      <trkpt lat="40.743753" lon="-73.95953"><ele>2.8</ele><time>2026-07-23T16:26:14.000Z</time><extensions><gpxtpx:TrackPointExtension><gpxtpx:hr>141</gpxtpx:hr></gpxtpx:TrackPointExtension></extensions></trkpt>
      <trkpt lat="40.743776" lon="-73.959512"><ele>2.8</ele><time>2026-07-23T16:26:15.000Z</time><extensions><gpxtpx:TrackPointExtension><gpxtpx:hr>141</gpxtpx:hr></gpxtpx:TrackPointExtension></extensions></trkpt>
      <trkpt lat="40.743797" lon="-73.959494"><ele>3</ele><time>2026-07-23T16:26:16.000Z</time><extensions><gpxtpx:TrackPointExtension><gpxtpx:hr>141</gpxtpx:hr></gpxtpx:TrackPointExtension></extensions></trkpt>
      <trkpt lat="40.743817" lon="-73.959475"><ele>3</ele><time>2026-07-23T16:26:17.000Z</time><extensions><gpxtpx:TrackPointExtension><gpxtpx:hr>141</gpxtpx:hr></gpxtpx:TrackPointExtension></extensions></trkpt>
      <trkpt lat="40.743838" lon="-73.959456"><ele>3</ele><time>2026-07-23T16:26:18.000Z</time><extensions><gpxtpx:TrackPointExtension><gpxtpx:hr>141</gpxtpx:hr></gpxtpx:TrackPointExtension></extensions></trkpt>
      <trkpt lat="40.743857" lon="-73.959438"><ele>3</ele><time>2026-07-23T16:26:19.000Z</time><extensions><gpxtpx:TrackPointExtension><gpxtpx:hr>141</gpxtpx:hr></gpxtpx:TrackPointExtension></extensions></trkpt>
      <trkpt lat="40.743876" lon="-73.959418"><ele>3</ele><time>2026-07-23T16:26:20.000Z</time><extensions><gpxtpx:TrackPointExtension><gpxtpx:hr>141</gpxtpx:hr></gpxtpx:TrackPointExtension></extensions></trkpt>
      <trkpt lat="40.743894" lon="-73.959398"><ele>3</ele><time>2026-07-23T16:26:21.000Z</time><extensions><gpxtpx:TrackPointExtension><gpxtpx:hr>141</gpxtpx:hr></gpxtpx:TrackPointExtension></extensions></trkpt>
      <trkpt lat="40.743912" lon="-73.959376"><ele>3</ele><time>2026-07-23T16:26:22.000Z</time><extensions><gpxtpx:TrackPointExtension><gpxtpx:hr>141</gpxtpx:hr></gpxtpx:TrackPointExtension></extensions></trkpt>
      <trkpt lat="40.743931" lon="-73.959355"><ele>3</ele><time>2026-07-23T16:26:23.000Z</time><extensions><gpxtpx:TrackPointExtension><gpxtpx:hr>141</gpxtpx:hr></gpxtpx:TrackPointExtension></extensions></trkpt>
      <trkpt lat="40.74395" lon="-73.959333"><ele>3</ele><time>2026-07-23T16:26:24.000Z</time><extensions><gpxtpx:TrackPointExtension><gpxtpx:hr>141</gpxtpx:hr></gpxtpx:TrackPointExtension></extensions></trkpt>
      <trkpt lat="40.743969" lon="-73.959311"><ele>3</ele><time>2026-07-23T16:26:25.000Z</time><extensions><gpxtpx:TrackPointExtension><gpxtpx:hr>141</gpxtpx:hr></gpxtpx:TrackPointExtension></extensions></trkpt>
      <trkpt lat="40.743989" lon="-73.959287"><ele>3</ele><time>2026-07-23T16:26:26.000Z</time><extensions><gpxtpx:TrackPointExtension><gpxtpx:hr>141</gpxtpx:hr></gpxtpx:TrackPointExtension></extensions></trkpt>
      <trkpt lat="40.744009" lon="-73.959264"><ele>3</ele><time>2026-07-23T16:26:27.000Z</time><extensions><gpxtpx:TrackPointExtension><gpxtpx:hr>141</gpxtpx:hr></gpxtpx:TrackPointExtension></extensions></trkpt>
      <trkpt lat="40.744029" lon="-73.959242"><ele>3</ele><time>2026-07-23T16:26:28.000Z</time><extensions><gpxtpx:TrackPointExtension><gpxtpx:hr>141</gpxtpx:hr></gpxtpx:TrackPointExtension></extensions></trkpt>
      <trkpt lat="40.744047" lon="-73.959219"><ele>3</ele><time>2026-07-23T16:26:29.000Z</time><extensions><gpxtpx:TrackPointExtension><gpxtpx:hr>141</gpxtpx:hr></gpxtpx:TrackPointExtension></extensions></trkpt>
      <trkpt lat="40.744066" lon="-73.959194"><ele>3</ele><time>2026-07-23T16:26:30.000Z</time><extensions><gpxtpx:TrackPointExtension><gpxtpx:hr>141</gpxtpx:hr></gpxtpx:TrackPointExtension></extensions></trkpt>
      <trkpt lat="40.744085" lon="-73.959168"><ele>3</ele><time>2026-07-23T16:26:31.000Z</time><extensions><gpxtpx:TrackPointExtension><gpxtpx:hr>141</gpxtpx:hr></gpxtpx:TrackPointExtension></extensions></trkpt>
      <trkpt lat="40.744103" lon="-73.95914"><ele>3</ele><time>2026-07-23T16:26:32.000Z</time><extensions><gpxtpx:TrackPointExtension><gpxtpx:hr>141</gpxtpx:hr></gpxtpx:TrackPointExtension></extensions></trkpt>
      <trkpt lat="40.744119" lon="-73.959114"><ele>3</ele><time>2026-07-23T16:26:33.000Z</time><extensions><gpxtpx:TrackPointExtension><gpxtpx:hr>141</gpxtpx:hr></gpxtpx:TrackPointExtension></extensions></trkpt>
      <trkpt lat="40.744134" lon="-73.959089"><ele>2.8</ele><time>2026-07-23T16:26:34.000Z</time><extensions><gpxtpx:TrackPointExtension><gpxtpx:hr>141</gpxtpx:hr></gpxtpx:TrackPointExtension></extensions></trkpt>
      <trkpt lat="40.744148" lon="-73.959064"><ele>2.8</ele><time>2026-07-23T16:26:35.000Z</time><extensions><gpxtpx:TrackPointExtension><gpxtpx:hr>141</gpxtpx:hr></gpxtpx:TrackPointExtension></extensions></trkpt>
      <trkpt lat="40.744162" lon="-73.959039"><ele>2.8</ele><time>2026-07-23T16:26:36.000Z</time><extensions><gpxtpx:TrackPointExtension><gpxtpx:hr>141</gpxtpx:hr></gpxtpx:TrackPointExtension></extensions></trkpt>
      <trkpt lat="40.744178" lon="-73.959011"><ele>2.8</ele><time>2026-07-23T16:26:37.000Z</time><extensions><gpxtpx:TrackPointExtension><gpxtpx:hr>141</gpxtpx:hr></gpxtpx:TrackPointExtension></extensions></trkpt>
      <trkpt lat="40.744193" lon="-73.958983"><ele>2.8</ele><time>2026-07-23T16:26:38.000Z</time><extensions><gpxtpx:TrackPointExtension><gpxtpx:hr>141</gpxtpx:hr></gpxtpx:TrackPointExtension></extensions></trkpt>
      <trkpt lat="40.744207" lon="-73.958955"><ele>2.8</ele><time>2026-07-23T16:26:39.000Z</time><extensions><gpxtpx:TrackPointExtension><gpxtpx:hr>141</gpxtpx:hr></gpxtpx:TrackPointExtension></extensions></trkpt>
      <trkpt lat="40.744221" lon="-73.958927"><ele>2.8</ele><time>2026-07-23T16:26:40.000Z</time><extensions><gpxtpx:TrackPointExtension><gpxtpx:hr>141</gpxtpx:hr></gpxtpx:TrackPointExtension></extensions></trkpt>
      <trkpt lat="40.744233" lon="-73.958901"><ele>2.8</ele><time>2026-07-23T16:26:41.000Z</time><extensions><gpxtpx:TrackPointExtension><gpxtpx:hr>141</gpxtpx:hr></gpxtpx:TrackPointExtension></extensions></trkpt>
      <trkpt lat="40.744245" lon="-73.958874"><ele>2.8</ele><time>2026-07-23T16:26:42.000Z</time><extensions><gpxtpx:TrackPointExtension><gpxtpx:hr>141</gpxtpx:hr></gpxtpx:TrackPointExtension></extensions></trkpt>
      <trkpt lat="40.744259" lon="-73.958845"><ele>2.8</ele><time>2026-07-23T16:26:43.000Z</time><extensions><gpxtpx:TrackPointExtension><gpxtpx:hr>141</gpxtpx:hr></gpxtpx:TrackPointExtension></extensions></trkpt>
      <trkpt lat="40.744274" lon="-73.958816"><ele>2.8</ele><time>2026-07-23T16:26:44.000Z</time><extensions><gpxtpx:TrackPointExtension><gpxtpx:hr>141</gpxtpx:hr></gpxtpx:TrackPointExtension></extensions></trkpt>
      <trkpt lat="40.744289" lon="-73.958788"><ele>2.8</ele><time>2026-07-23T16:26:45.000Z</time><extensions><gpxtpx:TrackPointExtension><gpxtpx:hr>141</gpxtpx:hr></gpxtpx:TrackPointExtension></extensions></trkpt>
      <trkpt lat="40.744305" lon="-73.958761"><ele>2.8</ele><time>2026-07-23T16:26:46.000Z</time><extensions><gpxtpx:TrackPointExtension><gpxtpx:hr>138</gpxtpx:hr></gpxtpx:TrackPointExtension></extensions></trkpt>
      <trkpt lat="40.744321" lon="-73.958735"><ele>2.8</ele><time>2026-07-23T16:26:47.000Z</time><extensions><gpxtpx:TrackPointExtension><gpxtpx:hr>138</gpxtpx:hr></gpxtpx:TrackPointExtension></extensions></trkpt>
      <trkpt lat="40.744337" lon="-73.95871"><ele>2.8</ele><time>2026-07-23T16:26:48.000Z</time><extensions><gpxtpx:TrackPointExtension><gpxtpx:hr>138</gpxtpx:hr></gpxtpx:TrackPointExtension></extensions></trkpt>
      <trkpt lat="40.744353" lon="-73.958686"><ele>2.8</ele><time>2026-07-23T16:26:49.000Z</time><extensions><gpxtpx:TrackPointExtension><gpxtpx:hr>138</gpxtpx:hr></gpxtpx:TrackPointExtension></extensions></trkpt>
      <trkpt lat="40.744368" lon="-73.958665"><ele>2.8</ele><time>2026-07-23T16:26:50.000Z</time><extensions><gpxtpx:TrackPointExtension><gpxtpx:hr>138</gpxtpx:hr></gpxtpx:TrackPointExtension></extensions></trkpt>
      <trkpt lat="40.744384" lon="-73.958646"><ele>2.8</ele><time>2026-07-23T16:26:51.000Z</time><extensions><gpxtpx:TrackPointExtension><gpxtpx:hr>138</gpxtpx:hr></gpxtpx:TrackPointExtension></extensions></trkpt>
      <trkpt lat="40.744401" lon="-73.958631"><ele>2.8</ele><time>2026-07-23T16:26:52.000Z</time><extensions><gpxtpx:TrackPointExtension><gpxtpx:hr>138</gpxtpx:hr></gpxtpx:TrackPointExtension></extensions></trkpt>
      <trkpt lat="40.744419" lon="-73.958621"><ele>2.8</ele><time>2026-07-23T16:26:53.000Z</time><extensions><gpxtpx:TrackPointExtension><gpxtpx:hr>138</gpxtpx:hr></gpxtpx:TrackPointExtension></extensions></trkpt>
      <trkpt lat="40.744436" lon="-73.958617"><ele>2.8</ele><time>2026-07-23T16:26:54.000Z</time><extensions><gpxtpx:TrackPointExtension><gpxtpx:hr>137</gpxtpx:hr></gpxtpx:TrackPointExtension></extensions></trkpt>
      <trkpt lat="40.744452" lon="-73.958623"><ele>3</ele><time>2026-07-23T16:26:55.000Z</time><extensions><gpxtpx:TrackPointExtension><gpxtpx:hr>137</gpxtpx:hr></gpxtpx:TrackPointExtension></extensions></trkpt>
      <trkpt lat="40.744462" lon="-73.95864"><ele>3</ele><time>2026-07-23T16:26:56.000Z</time><extensions><gpxtpx:TrackPointExtension><gpxtpx:hr>137</gpxtpx:hr></gpxtpx:TrackPointExtension></extensions></trkpt>
      <trkpt lat="40.744465" lon="-73.958667"><ele>3</ele><time>2026-07-23T16:26:57.000Z</time><extensions><gpxtpx:TrackPointExtension><gpxtpx:hr>138</gpxtpx:hr></gpxtpx:TrackPointExtension></extensions></trkpt>
      <trkpt lat="40.744462" lon="-73.958699"><ele>3</ele><time>2026-07-23T16:26:58.000Z</time><extensions><gpxtpx:TrackPointExtension><gpxtpx:hr>138</gpxtpx:hr></gpxtpx:TrackPointExtension></extensions></trkpt>
      <trkpt lat="40.744458" lon="-73.958732"><ele>3</ele><time>2026-07-23T16:26:59.000Z</time><extensions><gpxtpx:TrackPointExtension><gpxtpx:hr>138</gpxtpx:hr></gpxtpx:TrackPointExtension></extensions></trkpt>
      <trkpt lat="40.744461" lon="-73.958762"><ele>3.2</ele><time>2026-07-23T16:27:00.000Z</time><extensions><gpxtpx:TrackPointExtension><gpxtpx:hr>138</gpxtpx:hr></gpxtpx:TrackPointExtension></extensions></trkpt>
      <trkpt lat="40.744471" lon="-73.958787"><ele>3.2</ele><time>2026-07-23T16:27:01.000Z</time><extensions><gpxtpx:TrackPointExtension><gpxtpx:hr>138</gpxtpx:hr></gpxtpx:TrackPointExtension></extensions></trkpt>
      <trkpt lat="40.74449" lon="-73.958801"><ele>3.2</ele><time>2026-07-23T16:27:02.000Z</time><extensions><gpxtpx:TrackPointExtension><gpxtpx:hr>138</gpxtpx:hr></gpxtpx:TrackPointExtension></extensions></trkpt>
      <trkpt lat="40.744513" lon="-73.958806"><ele>3.2</ele><time>2026-07-23T16:27:03.000Z</time><extensions><gpxtpx:TrackPointExtension><gpxtpx:hr>138</gpxtpx:hr></gpxtpx:TrackPointExtension></extensions></trkpt>
      <trkpt lat="40.744536" lon="-73.95881"><ele>3.2</ele><time>2026-07-23T16:27:04.000Z</time><extensions><gpxtpx:TrackPointExtension><gpxtpx:hr>138</gpxtpx:hr></gpxtpx:TrackPointExtension></extensions></trkpt>
      <trkpt lat="40.744557" lon="-73.958819"><ele>3.4</ele><time>2026-07-23T16:27:05.000Z</time><extensions><gpxtpx:TrackPointExtension><gpxtpx:hr>138</gpxtpx:hr></gpxtpx:TrackPointExtension></extensions></trkpt>
      <trkpt lat="40.744571" lon="-73.958839"><ele>3.4</ele><time>2026-07-23T16:27:06.000Z</time><extensions><gpxtpx:TrackPointExtension><gpxtpx:hr>138</gpxtpx:hr></gpxtpx:TrackPointExtension></extensions></trkpt>
      <trkpt lat="40.74458" lon="-73.958868"><ele>3.4</ele><time>2026-07-23T16:27:07.000Z</time><extensions><gpxtpx:TrackPointExtension><gpxtpx:hr>138</gpxtpx:hr></gpxtpx:TrackPointExtension></extensions></trkpt>
      <trkpt lat="40.744584" lon="-73.958903"><ele>3.4</ele><time>2026-07-23T16:27:08.000Z</time><extensions><gpxtpx:TrackPointExtension><gpxtpx:hr>138</gpxtpx:hr></gpxtpx:TrackPointExtension></extensions></trkpt>
      <trkpt lat="40.744587" lon="-73.958938"><ele>3.6</ele><time>2026-07-23T16:27:09.000Z</time><extensions><gpxtpx:TrackPointExtension><gpxtpx:hr>138</gpxtpx:hr></gpxtpx:TrackPointExtension></extensions></trkpt>
      <trkpt lat="40.744591" lon="-73.95897"><ele>3.6</ele><time>2026-07-23T16:27:10.000Z</time><extensions><gpxtpx:TrackPointExtension><gpxtpx:hr>141</gpxtpx:hr></gpxtpx:TrackPointExtension></extensions></trkpt>
      <trkpt lat="40.744595" lon="-73.959"><ele>3.6</ele><time>2026-07-23T16:27:11.000Z</time><extensions><gpxtpx:TrackPointExtension><gpxtpx:hr>141</gpxtpx:hr></gpxtpx:TrackPointExtension></extensions></trkpt>
      <trkpt lat="40.744601" lon="-73.959031"><ele>3.6</ele><time>2026-07-23T16:27:12.000Z</time><extensions><gpxtpx:TrackPointExtension><gpxtpx:hr>141</gpxtpx:hr></gpxtpx:TrackPointExtension></extensions></trkpt>
      <trkpt lat="40.744608" lon="-73.959063"><ele>3.8</ele><time>2026-07-23T16:27:13.000Z</time><extensions><gpxtpx:TrackPointExtension><gpxtpx:hr>142</gpxtpx:hr></gpxtpx:TrackPointExtension></extensions></trkpt>
      <trkpt lat="40.744614" lon="-73.959092"><ele>3.8</ele><time>2026-07-23T16:27:14.000Z</time><extensions><gpxtpx:TrackPointExtension><gpxtpx:hr>142</gpxtpx:hr></gpxtpx:TrackPointExtension></extensions></trkpt>
      <trkpt lat="40.744618" lon="-73.959119"><ele>3.8</ele><time>2026-07-23T16:27:15.000Z</time><extensions><gpxtpx:TrackPointExtension><gpxtpx:hr>142</gpxtpx:hr></gpxtpx:TrackPointExtension></extensions></trkpt>
      <trkpt lat="40.744619" lon="-73.959147"><ele>4</ele><time>2026-07-23T16:27:16.000Z</time><extensions><gpxtpx:TrackPointExtension><gpxtpx:hr>142</gpxtpx:hr></gpxtpx:TrackPointExtension></extensions></trkpt>
      <trkpt lat="40.744619" lon="-73.959174"><ele>4</ele><time>2026-07-23T16:27:17.000Z</time><extensions><gpxtpx:TrackPointExtension><gpxtpx:hr>142</gpxtpx:hr></gpxtpx:TrackPointExtension></extensions></trkpt>
      <trkpt lat="40.744615" lon="-73.959199"><ele>4</ele><time>2026-07-23T16:27:18.000Z</time><extensions><gpxtpx:TrackPointExtension><gpxtpx:hr>142</gpxtpx:hr></gpxtpx:TrackPointExtension></extensions></trkpt>
      <trkpt lat="40.744608" lon="-73.959219"><ele>4</ele><time>2026-07-23T16:27:19.000Z</time><extensions><gpxtpx:TrackPointExtension><gpxtpx:hr>142</gpxtpx:hr></gpxtpx:TrackPointExtension></extensions></trkpt>
      <trkpt lat="40.744596" lon="-73.959237"><ele>4.2</ele><time>2026-07-23T16:27:20.000Z</time><extensions><gpxtpx:TrackPointExtension><gpxtpx:hr>142</gpxtpx:hr></gpxtpx:TrackPointExtension></extensions></trkpt>
      <trkpt lat="40.744579" lon="-73.959256"><ele>4.2</ele><time>2026-07-23T16:27:21.000Z</time><extensions><gpxtpx:TrackPointExtension><gpxtpx:hr>142</gpxtpx:hr></gpxtpx:TrackPointExtension></extensions></trkpt>
      <trkpt lat="40.744562" lon="-73.959277"><ele>4.2</ele><time>2026-07-23T16:27:22.000Z</time><extensions><gpxtpx:TrackPointExtension><gpxtpx:hr>142</gpxtpx:hr></gpxtpx:TrackPointExtension></extensions></trkpt>
      <trkpt lat="40.744549" lon="-73.9593"><ele>4.2</ele><time>2026-07-23T16:27:23.000Z</time><extensions><gpxtpx:TrackPointExtension><gpxtpx:hr>142</gpxtpx:hr></gpxtpx:TrackPointExtension></extensions></trkpt>
      <trkpt lat="40.744543" lon="-73.959324"><ele>4.2</ele><time>2026-07-23T16:27:24.000Z</time><extensions><gpxtpx:TrackPointExtension><gpxtpx:hr>142</gpxtpx:hr></gpxtpx:TrackPointExtension></extensions></trkpt>
      <trkpt lat="40.744544" lon="-73.959348"><ele>4.2</ele><time>2026-07-23T16:27:25.000Z</time><extensions><gpxtpx:TrackPointExtension><gpxtpx:hr>142</gpxtpx:hr></gpxtpx:TrackPointExtension></extensions></trkpt>
      <trkpt lat="40.744551" lon="-73.959371"><ele>4.2</ele><time>2026-07-23T16:27:26.000Z</time><extensions><gpxtpx:TrackPointExtension><gpxtpx:hr>142</gpxtpx:hr></gpxtpx:TrackPointExtension></extensions></trkpt>
      <trkpt lat="40.744565" lon="-73.95939"><ele>4.2</ele><time>2026-07-23T16:27:27.000Z</time><extensions><gpxtpx:TrackPointExtension><gpxtpx:hr>142</gpxtpx:hr></gpxtpx:TrackPointExtension></extensions></trkpt>
      <trkpt lat="40.744585" lon="-73.959402"><ele>4.2</ele><time>2026-07-23T16:27:28.000Z</time><extensions><gpxtpx:TrackPointExtension><gpxtpx:hr>142</gpxtpx:hr></gpxtpx:TrackPointExtension></extensions></trkpt>
      <trkpt lat="40.74461" lon="-73.959404"><ele>4.2</ele><time>2026-07-23T16:27:29.000Z</time><extensions><gpxtpx:TrackPointExtension><gpxtpx:hr>142</gpxtpx:hr></gpxtpx:TrackPointExtension></extensions></trkpt>
      <trkpt lat="40.744634" lon="-73.959394"><ele>4.2</ele><time>2026-07-23T16:27:30.000Z</time><extensions><gpxtpx:TrackPointExtension><gpxtpx:hr>142</gpxtpx:hr></gpxtpx:TrackPointExtension></extensions></trkpt>
      <trkpt lat="40.744654" lon="-73.959373"><ele>4.2</ele><time>2026-07-23T16:27:31.000Z</time><extensions><gpxtpx:TrackPointExtension><gpxtpx:hr>142</gpxtpx:hr></gpxtpx:TrackPointExtension></extensions></trkpt>
      <trkpt lat="40.744666" lon="-73.959346"><ele>4.2</ele><time>2026-07-23T16:27:32.000Z</time><extensions><gpxtpx:TrackPointExtension><gpxtpx:hr>142</gpxtpx:hr></gpxtpx:TrackPointExtension></extensions></trkpt>
      <trkpt lat="40.744671" lon="-73.959316"><ele>4.2</ele><time>2026-07-23T16:27:33.000Z</time><extensions><gpxtpx:TrackPointExtension><gpxtpx:hr>142</gpxtpx:hr></gpxtpx:TrackPointExtension></extensions></trkpt>
      <trkpt lat="40.744672" lon="-73.959285"><ele>4.2</ele><time>2026-07-23T16:27:34.000Z</time><extensions><gpxtpx:TrackPointExtension><gpxtpx:hr>142</gpxtpx:hr></gpxtpx:TrackPointExtension></extensions></trkpt>
      <trkpt lat="40.74467" lon="-73.959255"><ele>4.2</ele><time>2026-07-23T16:27:35.000Z</time><extensions><gpxtpx:TrackPointExtension><gpxtpx:hr>142</gpxtpx:hr></gpxtpx:TrackPointExtension></extensions></trkpt>
      <trkpt lat="40.744668" lon="-73.959225"><ele>4.2</ele><time>2026-07-23T16:27:36.000Z</time><extensions><gpxtpx:TrackPointExtension><gpxtpx:hr>141</gpxtpx:hr></gpxtpx:TrackPointExtension></extensions></trkpt>
      <trkpt lat="40.744665" lon="-73.959193"><ele>4</ele><time>2026-07-23T16:27:37.000Z</time><extensions><gpxtpx:TrackPointExtension><gpxtpx:hr>141</gpxtpx:hr></gpxtpx:TrackPointExtension></extensions></trkpt>
      <trkpt lat="40.744662" lon="-73.959161"><ele>4</ele><time>2026-07-23T16:27:38.000Z</time><extensions><gpxtpx:TrackPointExtension><gpxtpx:hr>141</gpxtpx:hr></gpxtpx:TrackPointExtension></extensions></trkpt>
      <trkpt lat="40.744658" lon="-73.959128"><ele>4</ele><time>2026-07-23T16:27:39.000Z</time><extensions><gpxtpx:TrackPointExtension><gpxtpx:hr>141</gpxtpx:hr></gpxtpx:TrackPointExtension></extensions></trkpt>
      <trkpt lat="40.744654" lon="-73.959095"><ele>4</ele><time>2026-07-23T16:27:40.000Z</time><extensions><gpxtpx:TrackPointExtension><gpxtpx:hr>141</gpxtpx:hr></gpxtpx:TrackPointExtension></extensions></trkpt>
      <trkpt lat="40.74465" lon="-73.959062"><ele>4</ele><time>2026-07-23T16:27:41.000Z</time><extensions><gpxtpx:TrackPointExtension><gpxtpx:hr>141</gpxtpx:hr></gpxtpx:TrackPointExtension></extensions></trkpt>
      <trkpt lat="40.744645" lon="-73.95903"><ele>4</ele><time>2026-07-23T16:27:42.000Z</time><extensions><gpxtpx:TrackPointExtension><gpxtpx:hr>141</gpxtpx:hr></gpxtpx:TrackPointExtension></extensions></trkpt>
      <trkpt lat="40.74464" lon="-73.958998"><ele>3.8</ele><time>2026-07-23T16:27:43.000Z</time><extensions><gpxtpx:TrackPointExtension><gpxtpx:hr>141</gpxtpx:hr></gpxtpx:TrackPointExtension></extensions></trkpt>
      <trkpt lat="40.744636" lon="-73.958967"><ele>3.8</ele><time>2026-07-23T16:27:44.000Z</time><extensions><gpxtpx:TrackPointExtension><gpxtpx:hr>141</gpxtpx:hr></gpxtpx:TrackPointExtension></extensions></trkpt>
      <trkpt lat="40.744632" lon="-73.958936"><ele>3.8</ele><time>2026-07-23T16:27:45.000Z</time><extensions><gpxtpx:TrackPointExtension><gpxtpx:hr>141</gpxtpx:hr></gpxtpx:TrackPointExtension></extensions></trkpt>
      <trkpt lat="40.744629" lon="-73.958906"><ele>3.8</ele><time>2026-07-23T16:27:46.000Z</time><extensions><gpxtpx:TrackPointExtension><gpxtpx:hr>141</gpxtpx:hr></gpxtpx:TrackPointExtension></extensions></trkpt>
      <trkpt lat="40.744624" lon="-73.958877"><ele>3.8</ele><time>2026-07-23T16:27:47.000Z</time><extensions><gpxtpx:TrackPointExtension><gpxtpx:hr>140</gpxtpx:hr></gpxtpx:TrackPointExtension></extensions></trkpt>
      <trkpt lat="40.74462" lon="-73.95885"><ele>3.6</ele><time>2026-07-23T16:27:48.000Z</time><extensions><gpxtpx:TrackPointExtension><gpxtpx:hr>140</gpxtpx:hr></gpxtpx:TrackPointExtension></extensions></trkpt>
      <trkpt lat="40.744616" lon="-73.958823"><ele>3.6</ele><time>2026-07-23T16:27:49.000Z</time><extensions><gpxtpx:TrackPointExtension><gpxtpx:hr>140</gpxtpx:hr></gpxtpx:TrackPointExtension></extensions></trkpt>
      <trkpt lat="40.744616" lon="-73.958796"><ele>3.6</ele><time>2026-07-23T16:27:50.000Z</time><extensions><gpxtpx:TrackPointExtension><gpxtpx:hr>140</gpxtpx:hr></gpxtpx:TrackPointExtension></extensions></trkpt>
      <trkpt lat="40.744622" lon="-73.95877"><ele>3.4</ele><time>2026-07-23T16:27:51.000Z</time><extensions><gpxtpx:TrackPointExtension><gpxtpx:hr>140</gpxtpx:hr></gpxtpx:TrackPointExtension></extensions></trkpt>
      <trkpt lat="40.744635" lon="-73.958748"><ele>3.4</ele><time>2026-07-23T16:27:52.000Z</time><extensions><gpxtpx:TrackPointExtension><gpxtpx:hr>140</gpxtpx:hr></gpxtpx:TrackPointExtension></extensions></trkpt>
      <trkpt lat="40.744653" lon="-73.958729"><ele>3.4</ele><time>2026-07-23T16:27:53.000Z</time><extensions><gpxtpx:TrackPointExtension><gpxtpx:hr>140</gpxtpx:hr></gpxtpx:TrackPointExtension></extensions></trkpt>
      <trkpt lat="40.744674" lon="-73.958715"><ele>3.4</ele><time>2026-07-23T16:27:54.000Z</time><extensions><gpxtpx:TrackPointExtension><gpxtpx:hr>140</gpxtpx:hr></gpxtpx:TrackPointExtension></extensions></trkpt>
      <trkpt lat="40.744695" lon="-73.958703"><ele>3.4</ele><time>2026-07-23T16:27:55.000Z</time><extensions><gpxtpx:TrackPointExtension><gpxtpx:hr>140</gpxtpx:hr></gpxtpx:TrackPointExtension></extensions></trkpt>
      <trkpt lat="40.744716" lon="-73.958694"><ele>3.2</ele><time>2026-07-23T16:27:56.000Z</time><extensions><gpxtpx:TrackPointExtension><gpxtpx:hr>140</gpxtpx:hr></gpxtpx:TrackPointExtension></extensions></trkpt>
      <trkpt lat="40.744738" lon="-73.958688"><ele>3.2</ele><time>2026-07-23T16:27:57.000Z</time><extensions><gpxtpx:TrackPointExtension><gpxtpx:hr>140</gpxtpx:hr></gpxtpx:TrackPointExtension></extensions></trkpt>
      <trkpt lat="40.74476" lon="-73.958683"><ele>3.2</ele><time>2026-07-23T16:27:58.000Z</time><extensions><gpxtpx:TrackPointExtension><gpxtpx:hr>140</gpxtpx:hr></gpxtpx:TrackPointExtension></extensions></trkpt>
      <trkpt lat="40.744782" lon="-73.958679"><ele>3.2</ele><time>2026-07-23T16:27:59.000Z</time><extensions><gpxtpx:TrackPointExtension><gpxtpx:hr>140</gpxtpx:hr></gpxtpx:TrackPointExtension></extensions></trkpt>
      <trkpt lat="40.744804" lon="-73.958673"><ele>3.2</ele><time>2026-07-23T16:28:00.000Z</time><extensions><gpxtpx:TrackPointExtension><gpxtpx:hr>140</gpxtpx:hr></gpxtpx:TrackPointExtension></extensions></trkpt>
      <trkpt lat="40.744825" lon="-73.958667"><ele>3.2</ele><time>2026-07-23T16:28:01.000Z</time><extensions><gpxtpx:TrackPointExtension><gpxtpx:hr>140</gpxtpx:hr></gpxtpx:TrackPointExtension></extensions></trkpt>
      <trkpt lat="40.744846" lon="-73.958662"><ele>3.2</ele><time>2026-07-23T16:28:02.000Z</time><extensions><gpxtpx:TrackPointExtension><gpxtpx:hr>140</gpxtpx:hr></gpxtpx:TrackPointExtension></extensions></trkpt>
      <trkpt lat="40.744866" lon="-73.95866"><ele>3.2</ele><time>2026-07-23T16:28:03.000Z</time><extensions><gpxtpx:TrackPointExtension><gpxtpx:hr>140</gpxtpx:hr></gpxtpx:TrackPointExtension></extensions></trkpt>
      <trkpt lat="40.744884" lon="-73.958661"><ele>3.2</ele><time>2026-07-23T16:28:04.000Z</time><extensions><gpxtpx:TrackPointExtension><gpxtpx:hr>140</gpxtpx:hr></gpxtpx:TrackPointExtension></extensions></trkpt>
      <trkpt lat="40.7449" lon="-73.958665"><ele>3.4</ele><time>2026-07-23T16:28:05.000Z</time><extensions><gpxtpx:TrackPointExtension><gpxtpx:hr>140</gpxtpx:hr></gpxtpx:TrackPointExtension></extensions></trkpt>
      <trkpt lat="40.744915" lon="-73.958675"><ele>3.4</ele><time>2026-07-23T16:28:06.000Z</time><extensions><gpxtpx:TrackPointExtension><gpxtpx:hr>141</gpxtpx:hr></gpxtpx:TrackPointExtension></extensions></trkpt>
      <trkpt lat="40.74493" lon="-73.958692"><ele>3.4</ele><time>2026-07-23T16:28:07.000Z</time><extensions><gpxtpx:TrackPointExtension><gpxtpx:hr>141</gpxtpx:hr></gpxtpx:TrackPointExtension></extensions></trkpt>
      <trkpt lat="40.744941" lon="-73.958715"><ele>3.4</ele><time>2026-07-23T16:28:08.000Z</time><extensions><gpxtpx:TrackPointExtension><gpxtpx:hr>141</gpxtpx:hr></gpxtpx:TrackPointExtension></extensions></trkpt>
      <trkpt lat="40.744948" lon="-73.958743"><ele>3.4</ele><time>2026-07-23T16:28:09.000Z</time><extensions><gpxtpx:TrackPointExtension><gpxtpx:hr>141</gpxtpx:hr></gpxtpx:TrackPointExtension></extensions></trkpt>
      <trkpt lat="40.744953" lon="-73.958772"><ele>3.6</ele><time>2026-07-23T16:28:10.000Z</time><extensions><gpxtpx:TrackPointExtension><gpxtpx:hr>141</gpxtpx:hr></gpxtpx:TrackPointExtension></extensions></trkpt>
      <trkpt lat="40.744954" lon="-73.958802"><ele>3.6</ele><time>2026-07-23T16:28:11.000Z</time><extensions><gpxtpx:TrackPointExtension><gpxtpx:hr>141</gpxtpx:hr></gpxtpx:TrackPointExtension></extensions></trkpt>
      <trkpt lat="40.744953" lon="-73.958831"><ele>3.6</ele><time>2026-07-23T16:28:12.000Z</time><extensions><gpxtpx:TrackPointExtension><gpxtpx:hr>141</gpxtpx:hr></gpxtpx:TrackPointExtension></extensions></trkpt>
      <trkpt lat="40.74495" lon="-73.958859"><ele>3.6</ele><time>2026-07-23T16:28:13.000Z</time><extensions><gpxtpx:TrackPointExtension><gpxtpx:hr>141</gpxtpx:hr></gpxtpx:TrackPointExtension></extensions></trkpt>
      <trkpt lat="40.74495" lon="-73.958887"><ele>3.6</ele><time>2026-07-23T16:28:14.000Z</time><extensions><gpxtpx:TrackPointExtension><gpxtpx:hr>141</gpxtpx:hr></gpxtpx:TrackPointExtension></extensions></trkpt>
      <trkpt lat="40.744953" lon="-73.958916"><ele>3.8</ele><time>2026-07-23T16:28:15.000Z</time><extensions><gpxtpx:TrackPointExtension><gpxtpx:hr>141</gpxtpx:hr></gpxtpx:TrackPointExtension></extensions></trkpt>
      <trkpt lat="40.744957" lon="-73.958947"><ele>3.8</ele><time>2026-07-23T16:28:16.000Z</time><extensions><gpxtpx:TrackPointExtension><gpxtpx:hr>141</gpxtpx:hr></gpxtpx:TrackPointExtension></extensions></trkpt>
      <trkpt lat="40.744962" lon="-73.958977"><ele>3.8</ele><time>2026-07-23T16:28:17.000Z</time><extensions><gpxtpx:TrackPointExtension><gpxtpx:hr>141</gpxtpx:hr></gpxtpx:TrackPointExtension></extensions></trkpt>
      <trkpt lat="40.744968" lon="-73.959006"><ele>3.8</ele><time>2026-07-23T16:28:18.000Z</time><extensions><gpxtpx:TrackPointExtension><gpxtpx:hr>141</gpxtpx:hr></gpxtpx:TrackPointExtension></extensions></trkpt>
      <trkpt lat="40.744975" lon="-73.959036"><ele>3.8</ele><time>2026-07-23T16:28:19.000Z</time><extensions><gpxtpx:TrackPointExtension><gpxtpx:hr>141</gpxtpx:hr></gpxtpx:TrackPointExtension></extensions></trkpt>
      <trkpt lat="40.744981" lon="-73.959068"><ele>3.8</ele><time>2026-07-23T16:28:20.000Z</time><extensions><gpxtpx:TrackPointExtension><gpxtpx:hr>143</gpxtpx:hr></gpxtpx:TrackPointExtension></extensions></trkpt>
      <trkpt lat="40.744988" lon="-73.9591"><ele>3.8</ele><time>2026-07-23T16:28:21.000Z</time><extensions><gpxtpx:TrackPointExtension><gpxtpx:hr>143</gpxtpx:hr></gpxtpx:TrackPointExtension></extensions></trkpt>
      <trkpt lat="40.744995" lon="-73.959132"><ele>3.8</ele><time>2026-07-23T16:28:22.000Z</time><extensions><gpxtpx:TrackPointExtension><gpxtpx:hr>143</gpxtpx:hr></gpxtpx:TrackPointExtension></extensions></trkpt>
      <trkpt lat="40.745004" lon="-73.959164"><ele>3.8</ele><time>2026-07-23T16:28:23.000Z</time><extensions><gpxtpx:TrackPointExtension><gpxtpx:hr>143</gpxtpx:hr></gpxtpx:TrackPointExtension></extensions></trkpt>
      <trkpt lat="40.745012" lon="-73.959197"><ele>3.8</ele><time>2026-07-23T16:28:24.000Z</time><extensions><gpxtpx:TrackPointExtension><gpxtpx:hr>143</gpxtpx:hr></gpxtpx:TrackPointExtension></extensions></trkpt>
      <trkpt lat="40.74502" lon="-73.959229"><ele>3.8</ele><time>2026-07-23T16:28:25.000Z</time><extensions><gpxtpx:TrackPointExtension><gpxtpx:hr>143</gpxtpx:hr></gpxtpx:TrackPointExtension></extensions></trkpt>
      <trkpt lat="40.745028" lon="-73.959261"><ele>3.8</ele><time>2026-07-23T16:28:26.000Z</time><extensions><gpxtpx:TrackPointExtension><gpxtpx:hr>143</gpxtpx:hr></gpxtpx:TrackPointExtension></extensions></trkpt>
      <trkpt lat="40.745036" lon="-73.959292"><ele>3.8</ele><time>2026-07-23T16:28:27.000Z</time><extensions><gpxtpx:TrackPointExtension><gpxtpx:hr>143</gpxtpx:hr></gpxtpx:TrackPointExtension></extensions></trkpt>
      <trkpt lat="40.745045" lon="-73.959322"><ele>3.8</ele><time>2026-07-23T16:28:28.000Z</time><extensions><gpxtpx:TrackPointExtension><gpxtpx:hr>143</gpxtpx:hr></gpxtpx:TrackPointExtension></extensions></trkpt>
      <trkpt lat="40.745054" lon="-73.959353"><ele>3.8</ele><time>2026-07-23T16:28:29.000Z</time><extensions><gpxtpx:TrackPointExtension><gpxtpx:hr>143</gpxtpx:hr></gpxtpx:TrackPointExtension></extensions></trkpt>
      <trkpt lat="40.745063" lon="-73.959384"><ele>3.8</ele><time>2026-07-23T16:28:30.000Z</time><extensions><gpxtpx:TrackPointExtension><gpxtpx:hr>143</gpxtpx:hr></gpxtpx:TrackPointExtension></extensions></trkpt>
      <trkpt lat="40.745073" lon="-73.959414"><ele>3.8</ele><time>2026-07-23T16:28:31.000Z</time><extensions><gpxtpx:TrackPointExtension><gpxtpx:hr>143</gpxtpx:hr></gpxtpx:TrackPointExtension></extensions></trkpt>
      <trkpt lat="40.745084" lon="-73.959444"><ele>3.8</ele><time>2026-07-23T16:28:32.000Z</time><extensions><gpxtpx:TrackPointExtension><gpxtpx:hr>143</gpxtpx:hr></gpxtpx:TrackPointExtension></extensions></trkpt>
      <trkpt lat="40.745096" lon="-73.959474"><ele>3.8</ele><time>2026-07-23T16:28:33.000Z</time><extensions><gpxtpx:TrackPointExtension><gpxtpx:hr>142</gpxtpx:hr></gpxtpx:TrackPointExtension></extensions></trkpt>
      <trkpt lat="40.745107" lon="-73.959505"><ele>3.8</ele><time>2026-07-23T16:28:34.000Z</time><extensions><gpxtpx:TrackPointExtension><gpxtpx:hr>142</gpxtpx:hr></gpxtpx:TrackPointExtension></extensions></trkpt>
      <trkpt lat="40.745119" lon="-73.959536"><ele>3.8</ele><time>2026-07-23T16:28:35.000Z</time><extensions><gpxtpx:TrackPointExtension><gpxtpx:hr>142</gpxtpx:hr></gpxtpx:TrackPointExtension></extensions></trkpt>
      <trkpt lat="40.745131" lon="-73.959567"><ele>3.8</ele><time>2026-07-23T16:28:36.000Z</time><extensions><gpxtpx:TrackPointExtension><gpxtpx:hr>142</gpxtpx:hr></gpxtpx:TrackPointExtension></extensions></trkpt>
      <trkpt lat="40.745144" lon="-73.959596"><ele>3.6</ele><time>2026-07-23T16:28:37.000Z</time><extensions><gpxtpx:TrackPointExtension><gpxtpx:hr>142</gpxtpx:hr></gpxtpx:TrackPointExtension></extensions></trkpt>
      <trkpt lat="40.74516" lon="-73.959618"><ele>3.6</ele><time>2026-07-23T16:28:38.000Z</time><extensions><gpxtpx:TrackPointExtension><gpxtpx:hr>142</gpxtpx:hr></gpxtpx:TrackPointExtension></extensions></trkpt>
      <trkpt lat="40.745175" lon="-73.959627"><ele>3.6</ele><time>2026-07-23T16:28:39.000Z</time><extensions><gpxtpx:TrackPointExtension><gpxtpx:hr>142</gpxtpx:hr></gpxtpx:TrackPointExtension></extensions></trkpt>
      <trkpt lat="40.745185" lon="-73.95962"><ele>3.6</ele><time>2026-07-23T16:28:40.000Z</time><extensions><gpxtpx:TrackPointExtension><gpxtpx:hr>141</gpxtpx:hr></gpxtpx:TrackPointExtension></extensions></trkpt>
      <trkpt lat="40.745189" lon="-73.959596"><ele>3.6</ele><time>2026-07-23T16:28:41.000Z</time><extensions><gpxtpx:TrackPointExtension><gpxtpx:hr>141</gpxtpx:hr></gpxtpx:TrackPointExtension></extensions></trkpt>
      <trkpt lat="40.745187" lon="-73.95956"><ele>3.6</ele><time>2026-07-23T16:28:42.000Z</time><extensions><gpxtpx:TrackPointExtension><gpxtpx:hr>141</gpxtpx:hr></gpxtpx:TrackPointExtension></extensions></trkpt>
      <trkpt lat="40.745183" lon="-73.959522"><ele>3.4</ele><time>2026-07-23T16:28:43.000Z</time><extensions><gpxtpx:TrackPointExtension><gpxtpx:hr>141</gpxtpx:hr></gpxtpx:TrackPointExtension></extensions></trkpt>
      <trkpt lat="40.745177" lon="-73.959485"><ele>3.4</ele><time>2026-07-23T16:28:44.000Z</time><extensions><gpxtpx:TrackPointExtension><gpxtpx:hr>141</gpxtpx:hr></gpxtpx:TrackPointExtension></extensions></trkpt>
      <trkpt lat="40.745172" lon="-73.95945"><ele>3.4</ele><time>2026-07-23T16:28:45.000Z</time><extensions><gpxtpx:TrackPointExtension><gpxtpx:hr>141</gpxtpx:hr></gpxtpx:TrackPointExtension></extensions></trkpt>
      <trkpt lat="40.745167" lon="-73.959416"><ele>3.4</ele><time>2026-07-23T16:28:46.000Z</time><extensions><gpxtpx:TrackPointExtension><gpxtpx:hr>141</gpxtpx:hr></gpxtpx:TrackPointExtension></extensions></trkpt>
      <trkpt lat="40.745162" lon="-73.959381"><ele>3.4</ele><time>2026-07-23T16:28:47.000Z</time><extensions><gpxtpx:TrackPointExtension><gpxtpx:hr>141</gpxtpx:hr></gpxtpx:TrackPointExtension></extensions></trkpt>
      <trkpt lat="40.745156" lon="-73.959346"><ele>3.2</ele><time>2026-07-23T16:28:48.000Z</time><extensions><gpxtpx:TrackPointExtension><gpxtpx:hr>142</gpxtpx:hr></gpxtpx:TrackPointExtension></extensions></trkpt>
      <trkpt lat="40.74515" lon="-73.95931"><ele>3.2</ele><time>2026-07-23T16:28:49.000Z</time><extensions><gpxtpx:TrackPointExtension><gpxtpx:hr>142</gpxtpx:hr></gpxtpx:TrackPointExtension></extensions></trkpt>
      <trkpt lat="40.745144" lon="-73.959275"><ele>3.2</ele><time>2026-07-23T16:28:50.000Z</time><extensions><gpxtpx:TrackPointExtension><gpxtpx:hr>142</gpxtpx:hr></gpxtpx:TrackPointExtension></extensions></trkpt>
      <trkpt lat="40.745139" lon="-73.959241"><ele>3</ele><time>2026-07-23T16:28:51.000Z</time><extensions><gpxtpx:TrackPointExtension><gpxtpx:hr>142</gpxtpx:hr></gpxtpx:TrackPointExtension></extensions></trkpt>
      <trkpt lat="40.745135" lon="-73.959207"><ele>3</ele><time>2026-07-23T16:28:52.000Z</time><extensions><gpxtpx:TrackPointExtension><gpxtpx:hr>142</gpxtpx:hr></gpxtpx:TrackPointExtension></extensions></trkpt>
      <trkpt lat="40.74513" lon="-73.959173"><ele>3</ele><time>2026-07-23T16:28:53.000Z</time><extensions><gpxtpx:TrackPointExtension><gpxtpx:hr>142</gpxtpx:hr></gpxtpx:TrackPointExtension></extensions></trkpt>
      <trkpt lat="40.745123" lon="-73.95914"><ele>2.8</ele><time>2026-07-23T16:28:54.000Z</time><extensions><gpxtpx:TrackPointExtension><gpxtpx:hr>142</gpxtpx:hr></gpxtpx:TrackPointExtension></extensions></trkpt>
      <trkpt lat="40.745116" lon="-73.959108"><ele>2.8</ele><time>2026-07-23T16:28:55.000Z</time><extensions><gpxtpx:TrackPointExtension><gpxtpx:hr>142</gpxtpx:hr></gpxtpx:TrackPointExtension></extensions></trkpt>
      <trkpt lat="40.745107" lon="-73.959078"><ele>2.8</ele><time>2026-07-23T16:28:56.000Z</time><extensions><gpxtpx:TrackPointExtension><gpxtpx:hr>142</gpxtpx:hr></gpxtpx:TrackPointExtension></extensions></trkpt>
      <trkpt lat="40.745098" lon="-73.959049"><ele>2.8</ele><time>2026-07-23T16:28:57.000Z</time><extensions><gpxtpx:TrackPointExtension><gpxtpx:hr>142</gpxtpx:hr></gpxtpx:TrackPointExtension></extensions></trkpt>
      <trkpt lat="40.745089" lon="-73.959019"><ele>2.8</ele><time>2026-07-23T16:28:58.000Z</time><extensions><gpxtpx:TrackPointExtension><gpxtpx:hr>142</gpxtpx:hr></gpxtpx:TrackPointExtension></extensions></trkpt>
      <trkpt lat="40.745079" lon="-73.958988"><ele>2.6</ele><time>2026-07-23T16:28:59.000Z</time><extensions><gpxtpx:TrackPointExtension><gpxtpx:hr>142</gpxtpx:hr></gpxtpx:TrackPointExtension></extensions></trkpt>
      <trkpt lat="40.74507" lon="-73.958957"><ele>2.6</ele><time>2026-07-23T16:29:00.000Z</time><extensions><gpxtpx:TrackPointExtension><gpxtpx:hr>142</gpxtpx:hr></gpxtpx:TrackPointExtension></extensions></trkpt>
      <trkpt lat="40.745062" lon="-73.958927"><ele>2.4</ele><time>2026-07-23T16:29:01.000Z</time><extensions><gpxtpx:TrackPointExtension><gpxtpx:hr>142</gpxtpx:hr></gpxtpx:TrackPointExtension></extensions></trkpt>
      <trkpt lat="40.745054" lon="-73.958898"><ele>2.2</ele><time>2026-07-23T16:29:02.000Z</time><extensions><gpxtpx:TrackPointExtension><gpxtpx:hr>142</gpxtpx:hr></gpxtpx:TrackPointExtension></extensions></trkpt>
      <trkpt lat="40.745048" lon="-73.958868"><ele>1.8</ele><time>2026-07-23T16:29:03.000Z</time><extensions><gpxtpx:TrackPointExtension><gpxtpx:hr>142</gpxtpx:hr></gpxtpx:TrackPointExtension></extensions></trkpt>
      <trkpt lat="40.745041" lon="-73.958839"><ele>1.6</ele><time>2026-07-23T16:29:04.000Z</time><extensions><gpxtpx:TrackPointExtension><gpxtpx:hr>142</gpxtpx:hr></gpxtpx:TrackPointExtension></extensions></trkpt>
      <trkpt lat="40.745034" lon="-73.958811"><ele>1.2</ele><time>2026-07-23T16:29:05.000Z</time><extensions><gpxtpx:TrackPointExtension><gpxtpx:hr>142</gpxtpx:hr></gpxtpx:TrackPointExtension></extensions></trkpt>
      <trkpt lat="40.745027" lon="-73.958784"><ele>0.8</ele><time>2026-07-23T16:29:06.000Z</time><extensions><gpxtpx:TrackPointExtension><gpxtpx:hr>142</gpxtpx:hr></gpxtpx:TrackPointExtension></extensions></trkpt>
      <trkpt lat="40.745018" lon="-73.958759"><ele>0.4</ele><time>2026-07-23T16:29:07.000Z</time><extensions><gpxtpx:TrackPointExtension><gpxtpx:hr>142</gpxtpx:hr></gpxtpx:TrackPointExtension></extensions></trkpt>
      <trkpt lat="40.745007" lon="-73.958734"><ele>0</ele><time>2026-07-23T16:29:08.000Z</time><extensions><gpxtpx:TrackPointExtension><gpxtpx:hr>142</gpxtpx:hr></gpxtpx:TrackPointExtension></extensions></trkpt>
      <trkpt lat="40.744986" lon="-73.958663"><ele>5.6</ele><time>2026-07-23T16:30:24.000Z</time><extensions><gpxtpx:TrackPointExtension><gpxtpx:hr>142</gpxtpx:hr></gpxtpx:TrackPointExtension></extensions></trkpt>
      <trkpt lat="40.744987" lon="-73.958647"><ele>5.2</ele><time>2026-07-23T16:30:25.000Z</time><extensions><gpxtpx:TrackPointExtension><gpxtpx:hr>102</gpxtpx:hr></gpxtpx:TrackPointExtension></extensions></trkpt>
      <trkpt lat="40.744988" lon="-73.958629"><ele>4.8</ele><time>2026-07-23T16:30:26.000Z</time><extensions><gpxtpx:TrackPointExtension><gpxtpx:hr>102</gpxtpx:hr></gpxtpx:TrackPointExtension></extensions></trkpt>
      <trkpt lat="40.744989" lon="-73.958606"><ele>4.4</ele><time>2026-07-23T16:30:27.000Z</time><extensions><gpxtpx:TrackPointExtension><gpxtpx:hr>102</gpxtpx:hr></gpxtpx:TrackPointExtension></extensions></trkpt>
      <trkpt lat="40.74499" lon="-73.958579"><ele>4.2</ele><time>2026-07-23T16:30:28.000Z</time><extensions><gpxtpx:TrackPointExtension><gpxtpx:hr>102</gpxtpx:hr></gpxtpx:TrackPointExtension></extensions></trkpt>
      <trkpt lat="40.744992" lon="-73.958551"><ele>4</ele><time>2026-07-23T16:30:29.000Z</time><extensions><gpxtpx:TrackPointExtension><gpxtpx:hr>102</gpxtpx:hr></gpxtpx:TrackPointExtension></extensions></trkpt>
      <trkpt lat="40.744996" lon="-73.958523"><ele>3.8</ele><time>2026-07-23T16:30:30.000Z</time><extensions><gpxtpx:TrackPointExtension><gpxtpx:hr>102</gpxtpx:hr></gpxtpx:TrackPointExtension></extensions></trkpt>
      <trkpt lat="40.745006" lon="-73.958498"><ele>3.6</ele><time>2026-07-23T16:30:31.000Z</time><extensions><gpxtpx:TrackPointExtension><gpxtpx:hr>102</gpxtpx:hr></gpxtpx:TrackPointExtension></extensions></trkpt>
      <trkpt lat="40.74502" lon="-73.958478"><ele>3.6</ele><time>2026-07-23T16:30:32.000Z</time><extensions><gpxtpx:TrackPointExtension><gpxtpx:hr>102</gpxtpx:hr></gpxtpx:TrackPointExtension></extensions></trkpt>
      <trkpt lat="40.745038" lon="-73.958463"><ele>3.6</ele><time>2026-07-23T16:30:33.000Z</time><extensions><gpxtpx:TrackPointExtension><gpxtpx:hr>102</gpxtpx:hr></gpxtpx:TrackPointExtension></extensions></trkpt>
      <trkpt lat="40.745058" lon="-73.958454"><ele>3.6</ele><time>2026-07-23T16:30:34.000Z</time><extensions><gpxtpx:TrackPointExtension><gpxtpx:hr>102</gpxtpx:hr></gpxtpx:TrackPointExtension></extensions></trkpt>
      <trkpt lat="40.745078" lon="-73.958449"><ele>3.6</ele><time>2026-07-23T16:30:35.000Z</time><extensions><gpxtpx:TrackPointExtension><gpxtpx:hr>102</gpxtpx:hr></gpxtpx:TrackPointExtension></extensions></trkpt>
      <trkpt lat="40.745098" lon="-73.958448"><ele>3.6</ele><time>2026-07-23T16:30:36.000Z</time><extensions><gpxtpx:TrackPointExtension><gpxtpx:hr>103</gpxtpx:hr></gpxtpx:TrackPointExtension></extensions></trkpt>
      <trkpt lat="40.745119" lon="-73.958449"><ele>3.8</ele><time>2026-07-23T16:30:37.000Z</time><extensions><gpxtpx:TrackPointExtension><gpxtpx:hr>103</gpxtpx:hr></gpxtpx:TrackPointExtension></extensions></trkpt>
      <trkpt lat="40.745139" lon="-73.958451"><ele>3.8</ele><time>2026-07-23T16:30:38.000Z</time><extensions><gpxtpx:TrackPointExtension><gpxtpx:hr>101</gpxtpx:hr></gpxtpx:TrackPointExtension></extensions></trkpt>
      <trkpt lat="40.74516" lon="-73.958452"><ele>3.8</ele><time>2026-07-23T16:30:39.000Z</time><extensions><gpxtpx:TrackPointExtension><gpxtpx:hr>101</gpxtpx:hr></gpxtpx:TrackPointExtension></extensions></trkpt>
      <trkpt lat="40.745182" lon="-73.95845"><ele>3.8</ele><time>2026-07-23T16:30:40.000Z</time><extensions><gpxtpx:TrackPointExtension><gpxtpx:hr>101</gpxtpx:hr></gpxtpx:TrackPointExtension></extensions></trkpt>
      <trkpt lat="40.745204" lon="-73.958448"><ele>3.8</ele><time>2026-07-23T16:30:41.000Z</time><extensions><gpxtpx:TrackPointExtension><gpxtpx:hr>101</gpxtpx:hr></gpxtpx:TrackPointExtension></extensions></trkpt>
      <trkpt lat="40.745225" lon="-73.958445"><ele>4</ele><time>2026-07-23T16:30:42.000Z</time><extensions><gpxtpx:TrackPointExtension><gpxtpx:hr>102</gpxtpx:hr></gpxtpx:TrackPointExtension></extensions></trkpt>
      <trkpt lat="40.745247" lon="-73.95844"><ele>4</ele><time>2026-07-23T16:30:43.000Z</time><extensions><gpxtpx:TrackPointExtension><gpxtpx:hr>102</gpxtpx:hr></gpxtpx:TrackPointExtension></extensions></trkpt>
      <trkpt lat="40.745268" lon="-73.958435"><ele>4</ele><time>2026-07-23T16:30:44.000Z</time><extensions><gpxtpx:TrackPointExtension><gpxtpx:hr>102</gpxtpx:hr></gpxtpx:TrackPointExtension></extensions></trkpt>
      <trkpt lat="40.74529" lon="-73.958428"><ele>4</ele><time>2026-07-23T16:30:45.000Z</time><extensions><gpxtpx:TrackPointExtension><gpxtpx:hr>102</gpxtpx:hr></gpxtpx:TrackPointExtension></extensions></trkpt>
      <trkpt lat="40.745313" lon="-73.958421"><ele>4</ele><time>2026-07-23T16:30:46.000Z</time><extensions><gpxtpx:TrackPointExtension><gpxtpx:hr>102</gpxtpx:hr></gpxtpx:TrackPointExtension></extensions></trkpt>
      <trkpt lat="40.745333" lon="-73.958414"><ele>4</ele><time>2026-07-23T16:30:47.000Z</time><extensions><gpxtpx:TrackPointExtension><gpxtpx:hr>102</gpxtpx:hr></gpxtpx:TrackPointExtension></extensions></trkpt>
      <trkpt lat="40.745356" lon="-73.958409"><ele>4.2</ele><time>2026-07-23T16:30:48.000Z</time><extensions><gpxtpx:TrackPointExtension><gpxtpx:hr>102</gpxtpx:hr></gpxtpx:TrackPointExtension></extensions></trkpt>
      <trkpt lat="40.745378" lon="-73.958405"><ele>4.2</ele><time>2026-07-23T16:30:49.000Z</time><extensions><gpxtpx:TrackPointExtension><gpxtpx:hr>102</gpxtpx:hr></gpxtpx:TrackPointExtension></extensions></trkpt>
      <trkpt lat="40.745401" lon="-73.958402"><ele>4.2</ele><time>2026-07-23T16:30:50.000Z</time><extensions><gpxtpx:TrackPointExtension><gpxtpx:hr>102</gpxtpx:hr></gpxtpx:TrackPointExtension></extensions></trkpt>
      <trkpt lat="40.745424" lon="-73.958398"><ele>4.2</ele><time>2026-07-23T16:30:51.000Z</time><extensions><gpxtpx:TrackPointExtension><gpxtpx:hr>111</gpxtpx:hr></gpxtpx:TrackPointExtension></extensions></trkpt>
      <trkpt lat="40.745447" lon="-73.958395"><ele>4.2</ele><time>2026-07-23T16:30:52.000Z</time><extensions><gpxtpx:TrackPointExtension><gpxtpx:hr>111</gpxtpx:hr></gpxtpx:TrackPointExtension></extensions></trkpt>
      <trkpt lat="40.74547" lon="-73.958392"><ele>4.4</ele><time>2026-07-23T16:30:53.000Z</time><extensions><gpxtpx:TrackPointExtension><gpxtpx:hr>113</gpxtpx:hr></gpxtpx:TrackPointExtension></extensions></trkpt>
      <trkpt lat="40.745493" lon="-73.95839"><ele>4.4</ele><time>2026-07-23T16:30:54.000Z</time><extensions><gpxtpx:TrackPointExtension><gpxtpx:hr>113</gpxtpx:hr></gpxtpx:TrackPointExtension></extensions></trkpt>
      <trkpt lat="40.745516" lon="-73.958388"><ele>4.4</ele><time>2026-07-23T16:30:55.000Z</time><extensions><gpxtpx:TrackPointExtension><gpxtpx:hr>113</gpxtpx:hr></gpxtpx:TrackPointExtension></extensions></trkpt>
      <trkpt lat="40.745539" lon="-73.958387"><ele>4.4</ele><time>2026-07-23T16:30:56.000Z</time><extensions><gpxtpx:TrackPointExtension><gpxtpx:hr>113</gpxtpx:hr></gpxtpx:TrackPointExtension></extensions></trkpt>
      <trkpt lat="40.745561" lon="-73.958387"><ele>4.4</ele><time>2026-07-23T16:30:57.000Z</time><extensions><gpxtpx:TrackPointExtension><gpxtpx:hr>113</gpxtpx:hr></gpxtpx:TrackPointExtension></extensions></trkpt>
      <trkpt lat="40.745583" lon="-73.95839"><ele>4.4</ele><time>2026-07-23T16:30:58.000Z</time><extensions><gpxtpx:TrackPointExtension><gpxtpx:hr>113</gpxtpx:hr></gpxtpx:TrackPointExtension></extensions></trkpt>
      <trkpt lat="40.745605" lon="-73.958394"><ele>4.4</ele><time>2026-07-23T16:30:59.000Z</time><extensions><gpxtpx:TrackPointExtension><gpxtpx:hr>113</gpxtpx:hr></gpxtpx:TrackPointExtension></extensions></trkpt>
      <trkpt lat="40.745628" lon="-73.958397"><ele>4.4</ele><time>2026-07-23T16:31:00.000Z</time><extensions><gpxtpx:TrackPointExtension><gpxtpx:hr>113</gpxtpx:hr></gpxtpx:TrackPointExtension></extensions></trkpt>
      <trkpt lat="40.745652" lon="-73.958398"><ele>4.4</ele><time>2026-07-23T16:31:01.000Z</time><extensions><gpxtpx:TrackPointExtension><gpxtpx:hr>120</gpxtpx:hr></gpxtpx:TrackPointExtension></extensions></trkpt>
      <trkpt lat="40.745676" lon="-73.958396"><ele>4.4</ele><time>2026-07-23T16:31:02.000Z</time><extensions><gpxtpx:TrackPointExtension><gpxtpx:hr>120</gpxtpx:hr></gpxtpx:TrackPointExtension></extensions></trkpt>
      <trkpt lat="40.7457" lon="-73.958394"><ele>4.4</ele><time>2026-07-23T16:31:03.000Z</time><extensions><gpxtpx:TrackPointExtension><gpxtpx:hr>120</gpxtpx:hr></gpxtpx:TrackPointExtension></extensions></trkpt>
      <trkpt lat="40.745722" lon="-73.958394"><ele>4.4</ele><time>2026-07-23T16:31:04.000Z</time><extensions><gpxtpx:TrackPointExtension><gpxtpx:hr>120</gpxtpx:hr></gpxtpx:TrackPointExtension></extensions></trkpt>
      <trkpt lat="40.745745" lon="-73.958395"><ele>4.4</ele><time>2026-07-23T16:31:05.000Z</time><extensions><gpxtpx:TrackPointExtension><gpxtpx:hr>120</gpxtpx:hr></gpxtpx:TrackPointExtension></extensions></trkpt>
      <trkpt lat="40.745768" lon="-73.9584"><ele>4.4</ele><time>2026-07-23T16:31:06.000Z</time><extensions><gpxtpx:TrackPointExtension><gpxtpx:hr>120</gpxtpx:hr></gpxtpx:TrackPointExtension></extensions></trkpt>
      <trkpt lat="40.745792" lon="-73.958407"><ele>4.4</ele><time>2026-07-23T16:31:07.000Z</time><extensions><gpxtpx:TrackPointExtension><gpxtpx:hr>120</gpxtpx:hr></gpxtpx:TrackPointExtension></extensions></trkpt>
      <trkpt lat="40.745816" lon="-73.958418"><ele>4.4</ele><time>2026-07-23T16:31:08.000Z</time><extensions><gpxtpx:TrackPointExtension><gpxtpx:hr>120</gpxtpx:hr></gpxtpx:TrackPointExtension></extensions></trkpt>
      <trkpt lat="40.745837" lon="-73.958433"><ele>4.4</ele><time>2026-07-23T16:31:09.000Z</time><extensions><gpxtpx:TrackPointExtension><gpxtpx:hr>120</gpxtpx:hr></gpxtpx:TrackPointExtension></extensions></trkpt>
      <trkpt lat="40.745855" lon="-73.958453"><ele>4.4</ele><time>2026-07-23T16:31:10.000Z</time><extensions><gpxtpx:TrackPointExtension><gpxtpx:hr>123</gpxtpx:hr></gpxtpx:TrackPointExtension></extensions></trkpt>
      <trkpt lat="40.745867" lon="-73.958478"><ele>4.4</ele><time>2026-07-23T16:31:11.000Z</time><extensions><gpxtpx:TrackPointExtension><gpxtpx:hr>123</gpxtpx:hr></gpxtpx:TrackPointExtension></extensions></trkpt>
      <trkpt lat="40.745876" lon="-73.958506"><ele>4.4</ele><time>2026-07-23T16:31:12.000Z</time><extensions><gpxtpx:TrackPointExtension><gpxtpx:hr>123</gpxtpx:hr></gpxtpx:TrackPointExtension></extensions></trkpt>
      <trkpt lat="40.745884" lon="-73.958535"><ele>4.2</ele><time>2026-07-23T16:31:13.000Z</time><extensions><gpxtpx:TrackPointExtension><gpxtpx:hr>123</gpxtpx:hr></gpxtpx:TrackPointExtension></extensions></trkpt>
      <trkpt lat="40.745891" lon="-73.958564"><ele>4.2</ele><time>2026-07-23T16:31:14.000Z</time><extensions><gpxtpx:TrackPointExtension><gpxtpx:hr>123</gpxtpx:hr></gpxtpx:TrackPointExtension></extensions></trkpt>
      <trkpt lat="40.745899" lon="-73.958593"><ele>4.2</ele><time>2026-07-23T16:31:15.000Z</time><extensions><gpxtpx:TrackPointExtension><gpxtpx:hr>123</gpxtpx:hr></gpxtpx:TrackPointExtension></extensions></trkpt>
      <trkpt lat="40.745906" lon="-73.958623"><ele>4.2</ele><time>2026-07-23T16:31:16.000Z</time><extensions><gpxtpx:TrackPointExtension><gpxtpx:hr>125</gpxtpx:hr></gpxtpx:TrackPointExtension></extensions></trkpt>
      <trkpt lat="40.745914" lon="-73.958654"><ele>4.2</ele><time>2026-07-23T16:31:17.000Z</time><extensions><gpxtpx:TrackPointExtension><gpxtpx:hr>125</gpxtpx:hr></gpxtpx:TrackPointExtension></extensions></trkpt>
      <trkpt lat="40.745921" lon="-73.958684"><ele>4.2</ele><time>2026-07-23T16:31:18.000Z</time><extensions><gpxtpx:TrackPointExtension><gpxtpx:hr>126</gpxtpx:hr></gpxtpx:TrackPointExtension></extensions></trkpt>
      <trkpt lat="40.745928" lon="-73.958714"><ele>4.2</ele><time>2026-07-23T16:31:19.000Z</time><extensions><gpxtpx:TrackPointExtension><gpxtpx:hr>126</gpxtpx:hr></gpxtpx:TrackPointExtension></extensions></trkpt>
      <trkpt lat="40.745934" lon="-73.958743"><ele>4.2</ele><time>2026-07-23T16:31:20.000Z</time><extensions><gpxtpx:TrackPointExtension><gpxtpx:hr>126</gpxtpx:hr></gpxtpx:TrackPointExtension></extensions></trkpt>
      <trkpt lat="40.74594" lon="-73.958774"><ele>4.2</ele><time>2026-07-23T16:31:21.000Z</time><extensions><gpxtpx:TrackPointExtension><gpxtpx:hr>126</gpxtpx:hr></gpxtpx:TrackPointExtension></extensions></trkpt>
      <trkpt lat="40.745947" lon="-73.958807"><ele>4.2</ele><time>2026-07-23T16:31:22.000Z</time><extensions><gpxtpx:TrackPointExtension><gpxtpx:hr>126</gpxtpx:hr></gpxtpx:TrackPointExtension></extensions></trkpt>
      <trkpt lat="40.745956" lon="-73.958841"><ele>4.2</ele><time>2026-07-23T16:31:23.000Z</time><extensions><gpxtpx:TrackPointExtension><gpxtpx:hr>126</gpxtpx:hr></gpxtpx:TrackPointExtension></extensions></trkpt>
      <trkpt lat="40.745967" lon="-73.958874"><ele>4.2</ele><time>2026-07-23T16:31:24.000Z</time><extensions><gpxtpx:TrackPointExtension><gpxtpx:hr>126</gpxtpx:hr></gpxtpx:TrackPointExtension></extensions></trkpt>
      <trkpt lat="40.745982" lon="-73.958904"><ele>4.4</ele><time>2026-07-23T16:31:25.000Z</time><extensions><gpxtpx:TrackPointExtension><gpxtpx:hr>126</gpxtpx:hr></gpxtpx:TrackPointExtension></extensions></trkpt>
      <trkpt lat="40.746" lon="-73.958929"><ele>4.4</ele><time>2026-07-23T16:31:26.000Z</time><extensions><gpxtpx:TrackPointExtension><gpxtpx:hr>126</gpxtpx:hr></gpxtpx:TrackPointExtension></extensions></trkpt>
      <trkpt lat="40.746023" lon="-73.958948"><ele>4.4</ele><time>2026-07-23T16:31:27.000Z</time><extensions><gpxtpx:TrackPointExtension><gpxtpx:hr>126</gpxtpx:hr></gpxtpx:TrackPointExtension></extensions></trkpt>
      <trkpt lat="40.74605" lon="-73.95896"><ele>4.4</ele><time>2026-07-23T16:31:28.000Z</time><extensions><gpxtpx:TrackPointExtension><gpxtpx:hr>126</gpxtpx:hr></gpxtpx:TrackPointExtension></extensions></trkpt>
      <trkpt lat="40.74608" lon="-73.958962"><ele>4.4</ele><time>2026-07-23T16:31:29.000Z</time><extensions><gpxtpx:TrackPointExtension><gpxtpx:hr>126</gpxtpx:hr></gpxtpx:TrackPointExtension></extensions></trkpt>
      <trkpt lat="40.74611" lon="-73.95896"><ele>4.4</ele><time>2026-07-23T16:31:30.000Z</time><extensions><gpxtpx:TrackPointExtension><gpxtpx:hr>130</gpxtpx:hr></gpxtpx:TrackPointExtension></extensions></trkpt>
      <trkpt lat="40.74614" lon="-73.958959"><ele>4.4</ele><time>2026-07-23T16:31:31.000Z</time><extensions><gpxtpx:TrackPointExtension><gpxtpx:hr>130</gpxtpx:hr></gpxtpx:TrackPointExtension></extensions></trkpt>
      <trkpt lat="40.746171" lon="-73.958963"><ele>4.4</ele><time>2026-07-23T16:31:32.000Z</time><extensions><gpxtpx:TrackPointExtension><gpxtpx:hr>130</gpxtpx:hr></gpxtpx:TrackPointExtension></extensions></trkpt>
      <trkpt lat="40.746203" lon="-73.958969"><ele>4.4</ele><time>2026-07-23T16:31:33.000Z</time><extensions><gpxtpx:TrackPointExtension><gpxtpx:hr>131</gpxtpx:hr></gpxtpx:TrackPointExtension></extensions></trkpt>
      <trkpt lat="40.746237" lon="-73.958971"><ele>4.4</ele><time>2026-07-23T16:31:34.000Z</time><extensions><gpxtpx:TrackPointExtension><gpxtpx:hr>131</gpxtpx:hr></gpxtpx:TrackPointExtension></extensions></trkpt>
      <trkpt lat="40.74627" lon="-73.958962"><ele>4.4</ele><time>2026-07-23T16:31:35.000Z</time><extensions><gpxtpx:TrackPointExtension><gpxtpx:hr>131</gpxtpx:hr></gpxtpx:TrackPointExtension></extensions></trkpt>
      <trkpt lat="40.746299" lon="-73.958939"><ele>4.4</ele><time>2026-07-23T16:31:36.000Z</time><extensions><gpxtpx:TrackPointExtension><gpxtpx:hr>131</gpxtpx:hr></gpxtpx:TrackPointExtension></extensions></trkpt>
      <trkpt lat="40.746324" lon="-73.958908"><ele>4.4</ele><time>2026-07-23T16:31:37.000Z</time><extensions><gpxtpx:TrackPointExtension><gpxtpx:hr>131</gpxtpx:hr></gpxtpx:TrackPointExtension></extensions></trkpt>
      <trkpt lat="40.746349" lon="-73.958878"><ele>4.4</ele><time>2026-07-23T16:31:38.000Z</time><extensions><gpxtpx:TrackPointExtension><gpxtpx:hr>133</gpxtpx:hr></gpxtpx:TrackPointExtension></extensions></trkpt>
      <trkpt lat="40.746377" lon="-73.958855"><ele>4.4</ele><time>2026-07-23T16:31:39.000Z</time><extensions><gpxtpx:TrackPointExtension><gpxtpx:hr>133</gpxtpx:hr></gpxtpx:TrackPointExtension></extensions></trkpt>
      <trkpt lat="40.746406" lon="-73.958836"><ele>4.4</ele><time>2026-07-23T16:31:40.000Z</time><extensions><gpxtpx:TrackPointExtension><gpxtpx:hr>133</gpxtpx:hr></gpxtpx:TrackPointExtension></extensions></trkpt>
      <trkpt lat="40.746435" lon="-73.958816"><ele>4.4</ele><time>2026-07-23T16:31:41.000Z</time><extensions><gpxtpx:TrackPointExtension><gpxtpx:hr>133</gpxtpx:hr></gpxtpx:TrackPointExtension></extensions></trkpt>
      <trkpt lat="40.746461" lon="-73.958793"><ele>4.4</ele><time>2026-07-23T16:31:42.000Z</time><extensions><gpxtpx:TrackPointExtension><gpxtpx:hr>133</gpxtpx:hr></gpxtpx:TrackPointExtension></extensions></trkpt>
      <trkpt lat="40.746482" lon="-73.958766"><ele>4.4</ele><time>2026-07-23T16:31:43.000Z</time><extensions><gpxtpx:TrackPointExtension><gpxtpx:hr>133</gpxtpx:hr></gpxtpx:TrackPointExtension></extensions></trkpt>
      <trkpt lat="40.746497" lon="-73.958734"><ele>4.4</ele><time>2026-07-23T16:31:44.000Z</time><extensions><gpxtpx:TrackPointExtension><gpxtpx:hr>133</gpxtpx:hr></gpxtpx:TrackPointExtension></extensions></trkpt>
      <trkpt lat="40.746509" lon="-73.958701"><ele>4.4</ele><time>2026-07-23T16:31:45.000Z</time><extensions><gpxtpx:TrackPointExtension><gpxtpx:hr>133</gpxtpx:hr></gpxtpx:TrackPointExtension></extensions></trkpt>
      <trkpt lat="40.74652" lon="-73.958668"><ele>4.4</ele><time>2026-07-23T16:31:46.000Z</time><extensions><gpxtpx:TrackPointExtension><gpxtpx:hr>140</gpxtpx:hr></gpxtpx:TrackPointExtension></extensions></trkpt>
      <trkpt lat="40.746532" lon="-73.958635"><ele>4.2</ele><time>2026-07-23T16:31:47.000Z</time><extensions><gpxtpx:TrackPointExtension><gpxtpx:hr>141</gpxtpx:hr></gpxtpx:TrackPointExtension></extensions></trkpt>
      <trkpt lat="40.746545" lon="-73.958603"><ele>4.2</ele><time>2026-07-23T16:31:48.000Z</time><extensions><gpxtpx:TrackPointExtension><gpxtpx:hr>141</gpxtpx:hr></gpxtpx:TrackPointExtension></extensions></trkpt>
      <trkpt lat="40.746558" lon="-73.958571"><ele>4.2</ele><time>2026-07-23T16:31:49.000Z</time><extensions><gpxtpx:TrackPointExtension><gpxtpx:hr>141</gpxtpx:hr></gpxtpx:TrackPointExtension></extensions></trkpt>
      <trkpt lat="40.746571" lon="-73.95854"><ele>4.2</ele><time>2026-07-23T16:31:50.000Z</time><extensions><gpxtpx:TrackPointExtension><gpxtpx:hr>141</gpxtpx:hr></gpxtpx:TrackPointExtension></extensions></trkpt>
      <trkpt lat="40.746583" lon="-73.958509"><ele>4.2</ele><time>2026-07-23T16:31:51.000Z</time><extensions><gpxtpx:TrackPointExtension><gpxtpx:hr>141</gpxtpx:hr></gpxtpx:TrackPointExtension></extensions></trkpt>
      <trkpt lat="40.746597" lon="-73.958479"><ele>4.2</ele><time>2026-07-23T16:31:52.000Z</time><extensions><gpxtpx:TrackPointExtension><gpxtpx:hr>141</gpxtpx:hr></gpxtpx:TrackPointExtension></extensions></trkpt>
      <trkpt lat="40.746612" lon="-73.95845"><ele>4.2</ele><time>2026-07-23T16:31:53.000Z</time><extensions><gpxtpx:TrackPointExtension><gpxtpx:hr>141</gpxtpx:hr></gpxtpx:TrackPointExtension></extensions></trkpt>
      <trkpt lat="40.746629" lon="-73.958423"><ele>4.2</ele><time>2026-07-23T16:31:54.000Z</time><extensions><gpxtpx:TrackPointExtension><gpxtpx:hr>141</gpxtpx:hr></gpxtpx:TrackPointExtension></extensions></trkpt>
      <trkpt lat="40.746648" lon="-73.958398"><ele>4.2</ele><time>2026-07-23T16:31:55.000Z</time><extensions><gpxtpx:TrackPointExtension><gpxtpx:hr>141</gpxtpx:hr></gpxtpx:TrackPointExtension></extensions></trkpt>
      <trkpt lat="40.746668" lon="-73.958376"><ele>4.2</ele><time>2026-07-23T16:31:56.000Z</time><extensions><gpxtpx:TrackPointExtension><gpxtpx:hr>140</gpxtpx:hr></gpxtpx:TrackPointExtension></extensions></trkpt>
      <trkpt lat="40.746689" lon="-73.958355"><ele>4.2</ele><time>2026-07-23T16:31:57.000Z</time><extensions><gpxtpx:TrackPointExtension><gpxtpx:hr>140</gpxtpx:hr></gpxtpx:TrackPointExtension></extensions></trkpt>
      <trkpt lat="40.746711" lon="-73.958335"><ele>4.2</ele><time>2026-07-23T16:31:58.000Z</time><extensions><gpxtpx:TrackPointExtension><gpxtpx:hr>141</gpxtpx:hr></gpxtpx:TrackPointExtension></extensions></trkpt>
      <trkpt lat="40.746734" lon="-73.958316"><ele>4.2</ele><time>2026-07-23T16:31:59.000Z</time><extensions><gpxtpx:TrackPointExtension><gpxtpx:hr>141</gpxtpx:hr></gpxtpx:TrackPointExtension></extensions></trkpt>
      <trkpt lat="40.746758" lon="-73.958299"><ele>4.2</ele><time>2026-07-23T16:32:00.000Z</time><extensions><gpxtpx:TrackPointExtension><gpxtpx:hr>141</gpxtpx:hr></gpxtpx:TrackPointExtension></extensions></trkpt>
      <trkpt lat="40.746783" lon="-73.958283"><ele>4.2</ele><time>2026-07-23T16:32:01.000Z</time><extensions><gpxtpx:TrackPointExtension><gpxtpx:hr>141</gpxtpx:hr></gpxtpx:TrackPointExtension></extensions></trkpt>
      <trkpt lat="40.746807" lon="-73.958268"><ele>4.2</ele><time>2026-07-23T16:32:02.000Z</time><extensions><gpxtpx:TrackPointExtension><gpxtpx:hr>141</gpxtpx:hr></gpxtpx:TrackPointExtension></extensions></trkpt>
      <trkpt lat="40.746832" lon="-73.958255"><ele>4.2</ele><time>2026-07-23T16:32:03.000Z</time><extensions><gpxtpx:TrackPointExtension><gpxtpx:hr>141</gpxtpx:hr></gpxtpx:TrackPointExtension></extensions></trkpt>
      <trkpt lat="40.746856" lon="-73.958241"><ele>4.2</ele><time>2026-07-23T16:32:04.000Z</time><extensions><gpxtpx:TrackPointExtension><gpxtpx:hr>141</gpxtpx:hr></gpxtpx:TrackPointExtension></extensions></trkpt>
      <trkpt lat="40.74688" lon="-73.958226"><ele>4.2</ele><time>2026-07-23T16:32:05.000Z</time><extensions><gpxtpx:TrackPointExtension><gpxtpx:hr>141</gpxtpx:hr></gpxtpx:TrackPointExtension></extensions></trkpt>
      <trkpt lat="40.746903" lon="-73.958211"><ele>4.2</ele><time>2026-07-23T16:32:06.000Z</time><extensions><gpxtpx:TrackPointExtension><gpxtpx:hr>140</gpxtpx:hr></gpxtpx:TrackPointExtension></extensions></trkpt>
      <trkpt lat="40.746927" lon="-73.958197"><ele>4.2</ele><time>2026-07-23T16:32:07.000Z</time><extensions><gpxtpx:TrackPointExtension><gpxtpx:hr>140</gpxtpx:hr></gpxtpx:TrackPointExtension></extensions></trkpt>
      <trkpt lat="40.746951" lon="-73.958185"><ele>4.2</ele><time>2026-07-23T16:32:08.000Z</time><extensions><gpxtpx:TrackPointExtension><gpxtpx:hr>141</gpxtpx:hr></gpxtpx:TrackPointExtension></extensions></trkpt>
      <trkpt lat="40.746977" lon="-73.958178"><ele>4.2</ele><time>2026-07-23T16:32:09.000Z</time><extensions><gpxtpx:TrackPointExtension><gpxtpx:hr>141</gpxtpx:hr></gpxtpx:TrackPointExtension></extensions></trkpt>
      <trkpt lat="40.747003" lon="-73.958175"><ele>4.2</ele><time>2026-07-23T16:32:10.000Z</time><extensions><gpxtpx:TrackPointExtension><gpxtpx:hr>141</gpxtpx:hr></gpxtpx:TrackPointExtension></extensions></trkpt>
      <trkpt lat="40.747029" lon="-73.958175"><ele>4.2</ele><time>2026-07-23T16:32:11.000Z</time><extensions><gpxtpx:TrackPointExtension><gpxtpx:hr>141</gpxtpx:hr></gpxtpx:TrackPointExtension></extensions></trkpt>
      <trkpt lat="40.747052" lon="-73.958176"><ele>4.2</ele><time>2026-07-23T16:32:12.000Z</time><extensions><gpxtpx:TrackPointExtension><gpxtpx:hr>141</gpxtpx:hr></gpxtpx:TrackPointExtension></extensions></trkpt>
      <trkpt lat="40.747076" lon="-73.958176"><ele>4.2</ele><time>2026-07-23T16:32:13.000Z</time><extensions><gpxtpx:TrackPointExtension><gpxtpx:hr>141</gpxtpx:hr></gpxtpx:TrackPointExtension></extensions></trkpt>
      <trkpt lat="40.747098" lon="-73.958176"><ele>4.2</ele><time>2026-07-23T16:32:14.000Z</time><extensions><gpxtpx:TrackPointExtension><gpxtpx:hr>141</gpxtpx:hr></gpxtpx:TrackPointExtension></extensions></trkpt>
      <trkpt lat="40.74712" lon="-73.958178"><ele>4.2</ele><time>2026-07-23T16:32:15.000Z</time><extensions><gpxtpx:TrackPointExtension><gpxtpx:hr>141</gpxtpx:hr></gpxtpx:TrackPointExtension></extensions></trkpt>
      <trkpt lat="40.747144" lon="-73.958181"><ele>4.2</ele><time>2026-07-23T16:32:16.000Z</time><extensions><gpxtpx:TrackPointExtension><gpxtpx:hr>141</gpxtpx:hr></gpxtpx:TrackPointExtension></extensions></trkpt>
      <trkpt lat="40.747168" lon="-73.958187"><ele>4.2</ele><time>2026-07-23T16:32:17.000Z</time><extensions><gpxtpx:TrackPointExtension><gpxtpx:hr>141</gpxtpx:hr></gpxtpx:TrackPointExtension></extensions></trkpt>
      <trkpt lat="40.747192" lon="-73.958195"><ele>4.2</ele><time>2026-07-23T16:32:18.000Z</time><extensions><gpxtpx:TrackPointExtension><gpxtpx:hr>141</gpxtpx:hr></gpxtpx:TrackPointExtension></extensions></trkpt>
      <trkpt lat="40.747219" lon="-73.958202"><ele>4.2</ele><time>2026-07-23T16:32:19.000Z</time><extensions><gpxtpx:TrackPointExtension><gpxtpx:hr>141</gpxtpx:hr></gpxtpx:TrackPointExtension></extensions></trkpt>
      <trkpt lat="40.747247" lon="-73.958208"><ele>4.2</ele><time>2026-07-23T16:32:20.000Z</time><extensions><gpxtpx:TrackPointExtension><gpxtpx:hr>141</gpxtpx:hr></gpxtpx:TrackPointExtension></extensions></trkpt>
      <trkpt lat="40.747276" lon="-73.958212"><ele>4.2</ele><time>2026-07-23T16:32:21.000Z</time><extensions><gpxtpx:TrackPointExtension><gpxtpx:hr>141</gpxtpx:hr></gpxtpx:TrackPointExtension></extensions></trkpt>
      <trkpt lat="40.747305" lon="-73.958214"><ele>4.2</ele><time>2026-07-23T16:32:22.000Z</time><extensions><gpxtpx:TrackPointExtension><gpxtpx:hr>141</gpxtpx:hr></gpxtpx:TrackPointExtension></extensions></trkpt>
      <trkpt lat="40.747334" lon="-73.958216"><ele>4.2</ele><time>2026-07-23T16:32:23.000Z</time><extensions><gpxtpx:TrackPointExtension><gpxtpx:hr>141</gpxtpx:hr></gpxtpx:TrackPointExtension></extensions></trkpt>
      <trkpt lat="40.747362" lon="-73.958216"><ele>4.2</ele><time>2026-07-23T16:32:24.000Z</time><extensions><gpxtpx:TrackPointExtension><gpxtpx:hr>144</gpxtpx:hr></gpxtpx:TrackPointExtension></extensions></trkpt>
      <trkpt lat="40.747389" lon="-73.958213"><ele>4.2</ele><time>2026-07-23T16:32:25.000Z</time><extensions><gpxtpx:TrackPointExtension><gpxtpx:hr>144</gpxtpx:hr></gpxtpx:TrackPointExtension></extensions></trkpt>
      <trkpt lat="40.747415" lon="-73.958203"><ele>4.2</ele><time>2026-07-23T16:32:26.000Z</time><extensions><gpxtpx:TrackPointExtension><gpxtpx:hr>144</gpxtpx:hr></gpxtpx:TrackPointExtension></extensions></trkpt>
      <trkpt lat="40.74744" lon="-73.958188"><ele>4.2</ele><time>2026-07-23T16:32:27.000Z</time><extensions><gpxtpx:TrackPointExtension><gpxtpx:hr>144</gpxtpx:hr></gpxtpx:TrackPointExtension></extensions></trkpt>
      <trkpt lat="40.747464" lon="-73.958168"><ele>4.2</ele><time>2026-07-23T16:32:28.000Z</time><extensions><gpxtpx:TrackPointExtension><gpxtpx:hr>144</gpxtpx:hr></gpxtpx:TrackPointExtension></extensions></trkpt>
      <trkpt lat="40.747487" lon="-73.958147"><ele>4.2</ele><time>2026-07-23T16:32:29.000Z</time><extensions><gpxtpx:TrackPointExtension><gpxtpx:hr>144</gpxtpx:hr></gpxtpx:TrackPointExtension></extensions></trkpt>
      <trkpt lat="40.74751" lon="-73.958127"><ele>4.2</ele><time>2026-07-23T16:32:30.000Z</time><extensions><gpxtpx:TrackPointExtension><gpxtpx:hr>144</gpxtpx:hr></gpxtpx:TrackPointExtension></extensions></trkpt>
      <trkpt lat="40.747533" lon="-73.958107"><ele>4.2</ele><time>2026-07-23T16:32:31.000Z</time><extensions><gpxtpx:TrackPointExtension><gpxtpx:hr>144</gpxtpx:hr></gpxtpx:TrackPointExtension></extensions></trkpt>
      <trkpt lat="40.747557" lon="-73.958087"><ele>4.2</ele><time>2026-07-23T16:32:32.000Z</time><extensions><gpxtpx:TrackPointExtension><gpxtpx:hr>144</gpxtpx:hr></gpxtpx:TrackPointExtension></extensions></trkpt>
      <trkpt lat="40.747581" lon="-73.958067"><ele>4.2</ele><time>2026-07-23T16:32:33.000Z</time><extensions><gpxtpx:TrackPointExtension><gpxtpx:hr>144</gpxtpx:hr></gpxtpx:TrackPointExtension></extensions></trkpt>
      <trkpt lat="40.747605" lon="-73.958045"><ele>4</ele><time>2026-07-23T16:32:34.000Z</time><extensions><gpxtpx:TrackPointExtension><gpxtpx:hr>144</gpxtpx:hr></gpxtpx:TrackPointExtension></extensions></trkpt>
      <trkpt lat="40.747629" lon="-73.958021"><ele>4</ele><time>2026-07-23T16:32:35.000Z</time><extensions><gpxtpx:TrackPointExtension><gpxtpx:hr>144</gpxtpx:hr></gpxtpx:TrackPointExtension></extensions></trkpt>
      <trkpt lat="40.747652" lon="-73.957995"><ele>4</ele><time>2026-07-23T16:32:36.000Z</time><extensions><gpxtpx:TrackPointExtension><gpxtpx:hr>142</gpxtpx:hr></gpxtpx:TrackPointExtension></extensions></trkpt>
      <trkpt lat="40.747675" lon="-73.957969"><ele>4</ele><time>2026-07-23T16:32:37.000Z</time><extensions><gpxtpx:TrackPointExtension><gpxtpx:hr>142</gpxtpx:hr></gpxtpx:TrackPointExtension></extensions></trkpt>
      <trkpt lat="40.747698" lon="-73.957942"><ele>4</ele><time>2026-07-23T16:32:38.000Z</time><extensions><gpxtpx:TrackPointExtension><gpxtpx:hr>142</gpxtpx:hr></gpxtpx:TrackPointExtension></extensions></trkpt>
      <trkpt lat="40.74772" lon="-73.957918"><ele>4</ele><time>2026-07-23T16:32:39.000Z</time><extensions><gpxtpx:TrackPointExtension><gpxtpx:hr>142</gpxtpx:hr></gpxtpx:TrackPointExtension></extensions></trkpt>
      <trkpt lat="40.747744" lon="-73.957894"><ele>4</ele><time>2026-07-23T16:32:40.000Z</time><extensions><gpxtpx:TrackPointExtension><gpxtpx:hr>142</gpxtpx:hr></gpxtpx:TrackPointExtension></extensions></trkpt>
      <trkpt lat="40.747769" lon="-73.95787"><ele>4</ele><time>2026-07-23T16:32:41.000Z</time><extensions><gpxtpx:TrackPointExtension><gpxtpx:hr>142</gpxtpx:hr></gpxtpx:TrackPointExtension></extensions></trkpt>
      <trkpt lat="40.747796" lon="-73.957846"><ele>4</ele><time>2026-07-23T16:32:42.000Z</time><extensions><gpxtpx:TrackPointExtension><gpxtpx:hr>143</gpxtpx:hr></gpxtpx:TrackPointExtension></extensions></trkpt>
      <trkpt lat="40.747823" lon="-73.957822"><ele>4</ele><time>2026-07-23T16:32:43.000Z</time><extensions><gpxtpx:TrackPointExtension><gpxtpx:hr>143</gpxtpx:hr></gpxtpx:TrackPointExtension></extensions></trkpt>
      <trkpt lat="40.747851" lon="-73.9578"><ele>4</ele><time>2026-07-23T16:32:44.000Z</time><extensions><gpxtpx:TrackPointExtension><gpxtpx:hr>143</gpxtpx:hr></gpxtpx:TrackPointExtension></extensions></trkpt>
      <trkpt lat="40.74788" lon="-73.957779"><ele>4</ele><time>2026-07-23T16:32:45.000Z</time><extensions><gpxtpx:TrackPointExtension><gpxtpx:hr>143</gpxtpx:hr></gpxtpx:TrackPointExtension></extensions></trkpt>
      <trkpt lat="40.747911" lon="-73.957761"><ele>4</ele><time>2026-07-23T16:32:46.000Z</time><extensions><gpxtpx:TrackPointExtension><gpxtpx:hr>143</gpxtpx:hr></gpxtpx:TrackPointExtension></extensions></trkpt>
      <trkpt lat="40.747942" lon="-73.957744"><ele>4</ele><time>2026-07-23T16:32:47.000Z</time><extensions><gpxtpx:TrackPointExtension><gpxtpx:hr>146</gpxtpx:hr></gpxtpx:TrackPointExtension></extensions></trkpt>
      <trkpt lat="40.747972" lon="-73.957727"><ele>4</ele><time>2026-07-23T16:32:48.000Z</time><extensions><gpxtpx:TrackPointExtension><gpxtpx:hr>146</gpxtpx:hr></gpxtpx:TrackPointExtension></extensions></trkpt>
      <trkpt lat="40.748003" lon="-73.957709"><ele>4</ele><time>2026-07-23T16:32:49.000Z</time><extensions><gpxtpx:TrackPointExtension><gpxtpx:hr>146</gpxtpx:hr></gpxtpx:TrackPointExtension></extensions></trkpt>
      <trkpt lat="40.748034" lon="-73.95769"><ele>4</ele><time>2026-07-23T16:32:50.000Z</time><extensions><gpxtpx:TrackPointExtension><gpxtpx:hr>146</gpxtpx:hr></gpxtpx:TrackPointExtension></extensions></trkpt>
      <trkpt lat="40.748065" lon="-73.957669"><ele>4</ele><time>2026-07-23T16:32:51.000Z</time><extensions><gpxtpx:TrackPointExtension><gpxtpx:hr>146</gpxtpx:hr></gpxtpx:TrackPointExtension></extensions></trkpt>
      <trkpt lat="40.748095" lon="-73.95765"><ele>4</ele><time>2026-07-23T16:32:52.000Z</time><extensions><gpxtpx:TrackPointExtension><gpxtpx:hr>146</gpxtpx:hr></gpxtpx:TrackPointExtension></extensions></trkpt>
      <trkpt lat="40.748124" lon="-73.957634"><ele>4</ele><time>2026-07-23T16:32:53.000Z</time><extensions><gpxtpx:TrackPointExtension><gpxtpx:hr>150</gpxtpx:hr></gpxtpx:TrackPointExtension></extensions></trkpt>
      <trkpt lat="40.748153" lon="-73.957621"><ele>4</ele><time>2026-07-23T16:32:54.000Z</time><extensions><gpxtpx:TrackPointExtension><gpxtpx:hr>150</gpxtpx:hr></gpxtpx:TrackPointExtension></extensions></trkpt>
      <trkpt lat="40.748183" lon="-73.957611"><ele>4</ele><time>2026-07-23T16:32:55.000Z</time><extensions><gpxtpx:TrackPointExtension><gpxtpx:hr>150</gpxtpx:hr></gpxtpx:TrackPointExtension></extensions></trkpt>
      <trkpt lat="40.748213" lon="-73.957599"><ele>4</ele><time>2026-07-23T16:32:56.000Z</time><extensions><gpxtpx:TrackPointExtension><gpxtpx:hr>150</gpxtpx:hr></gpxtpx:TrackPointExtension></extensions></trkpt>
      <trkpt lat="40.748241" lon="-73.957585"><ele>4</ele><time>2026-07-23T16:32:57.000Z</time><extensions><gpxtpx:TrackPointExtension><gpxtpx:hr>154</gpxtpx:hr></gpxtpx:TrackPointExtension></extensions></trkpt>
      <trkpt lat="40.748267" lon="-73.957565"><ele>4</ele><time>2026-07-23T16:32:58.000Z</time><extensions><gpxtpx:TrackPointExtension><gpxtpx:hr>154</gpxtpx:hr></gpxtpx:TrackPointExtension></extensions></trkpt>
      <trkpt lat="40.74829" lon="-73.957544"><ele>4</ele><time>2026-07-23T16:32:59.000Z</time><extensions><gpxtpx:TrackPointExtension><gpxtpx:hr>154</gpxtpx:hr></gpxtpx:TrackPointExtension></extensions></trkpt>
      <trkpt lat="40.748312" lon="-73.957523"><ele>4</ele><time>2026-07-23T16:33:00.000Z</time><extensions><gpxtpx:TrackPointExtension><gpxtpx:hr>154</gpxtpx:hr></gpxtpx:TrackPointExtension></extensions></trkpt>
      <trkpt lat="40.748335" lon="-73.957502"><ele>4</ele><time>2026-07-23T16:33:01.000Z</time><extensions><gpxtpx:TrackPointExtension><gpxtpx:hr>154</gpxtpx:hr></gpxtpx:TrackPointExtension></extensions></trkpt>
      <trkpt lat="40.748359" lon="-73.957483"><ele>4</ele><time>2026-07-23T16:33:02.000Z</time><extensions><gpxtpx:TrackPointExtension><gpxtpx:hr>154</gpxtpx:hr></gpxtpx:TrackPointExtension></extensions></trkpt>
      <trkpt lat="40.748384" lon="-73.957463"><ele>4</ele><time>2026-07-23T16:33:03.000Z</time><extensions><gpxtpx:TrackPointExtension><gpxtpx:hr>154</gpxtpx:hr></gpxtpx:TrackPointExtension></extensions></trkpt>
      <trkpt lat="40.748409" lon="-73.957443"><ele>4</ele><time>2026-07-23T16:33:04.000Z</time><extensions><gpxtpx:TrackPointExtension><gpxtpx:hr>154</gpxtpx:hr></gpxtpx:TrackPointExtension></extensions></trkpt>
      <trkpt lat="40.748435" lon="-73.957421"><ele>4</ele><time>2026-07-23T16:33:05.000Z</time><extensions><gpxtpx:TrackPointExtension><gpxtpx:hr>159</gpxtpx:hr></gpxtpx:TrackPointExtension></extensions></trkpt>
      <trkpt lat="40.748462" lon="-73.957399"><ele>4</ele><time>2026-07-23T16:33:06.000Z</time><extensions><gpxtpx:TrackPointExtension><gpxtpx:hr>159</gpxtpx:hr></gpxtpx:TrackPointExtension></extensions></trkpt>
      <trkpt lat="40.748487" lon="-73.957378"><ele>4</ele><time>2026-07-23T16:33:07.000Z</time><extensions><gpxtpx:TrackPointExtension><gpxtpx:hr>159</gpxtpx:hr></gpxtpx:TrackPointExtension></extensions></trkpt>
      <trkpt lat="40.748512" lon="-73.957359"><ele>4</ele><time>2026-07-23T16:33:08.000Z</time><extensions><gpxtpx:TrackPointExtension><gpxtpx:hr>159</gpxtpx:hr></gpxtpx:TrackPointExtension></extensions></trkpt>
      <trkpt lat="40.748538" lon="-73.95734"><ele>4</ele><time>2026-07-23T16:33:09.000Z</time><extensions><gpxtpx:TrackPointExtension><gpxtpx:hr>159</gpxtpx:hr></gpxtpx:TrackPointExtension></extensions></trkpt>
      <trkpt lat="40.748564" lon="-73.95732"><ele>4</ele><time>2026-07-23T16:33:10.000Z</time><extensions><gpxtpx:TrackPointExtension><gpxtpx:hr>159</gpxtpx:hr></gpxtpx:TrackPointExtension></extensions></trkpt>
      <trkpt lat="40.748589" lon="-73.957298"><ele>4</ele><time>2026-07-23T16:33:11.000Z</time><extensions><gpxtpx:TrackPointExtension><gpxtpx:hr>159</gpxtpx:hr></gpxtpx:TrackPointExtension></extensions></trkpt>
      <trkpt lat="40.748614" lon="-73.957276"><ele>4</ele><time>2026-07-23T16:33:12.000Z</time><extensions><gpxtpx:TrackPointExtension><gpxtpx:hr>159</gpxtpx:hr></gpxtpx:TrackPointExtension></extensions></trkpt>
      <trkpt lat="40.748638" lon="-73.957254"><ele>4</ele><time>2026-07-23T16:33:13.000Z</time><extensions><gpxtpx:TrackPointExtension><gpxtpx:hr>159</gpxtpx:hr></gpxtpx:TrackPointExtension></extensions></trkpt>
      <trkpt lat="40.748661" lon="-73.957233"><ele>4</ele><time>2026-07-23T16:33:14.000Z</time><extensions><gpxtpx:TrackPointExtension><gpxtpx:hr>159</gpxtpx:hr></gpxtpx:TrackPointExtension></extensions></trkpt>
      <trkpt lat="40.748683" lon="-73.957212"><ele>4</ele><time>2026-07-23T16:33:15.000Z</time><extensions><gpxtpx:TrackPointExtension><gpxtpx:hr>159</gpxtpx:hr></gpxtpx:TrackPointExtension></extensions></trkpt>
      <trkpt lat="40.748704" lon="-73.95719"><ele>4.2</ele><time>2026-07-23T16:33:16.000Z</time><extensions><gpxtpx:TrackPointExtension><gpxtpx:hr>156</gpxtpx:hr></gpxtpx:TrackPointExtension></extensions></trkpt>
      <trkpt lat="40.748724" lon="-73.957166"><ele>4.2</ele><time>2026-07-23T16:33:17.000Z</time><extensions><gpxtpx:TrackPointExtension><gpxtpx:hr>156</gpxtpx:hr></gpxtpx:TrackPointExtension></extensions></trkpt>
      <trkpt lat="40.748746" lon="-73.95714"><ele>4.2</ele><time>2026-07-23T16:33:18.000Z</time><extensions><gpxtpx:TrackPointExtension><gpxtpx:hr>156</gpxtpx:hr></gpxtpx:TrackPointExtension></extensions></trkpt>
      <trkpt lat="40.748768" lon="-73.957114"><ele>4.2</ele><time>2026-07-23T16:33:19.000Z</time><extensions><gpxtpx:TrackPointExtension><gpxtpx:hr>156</gpxtpx:hr></gpxtpx:TrackPointExtension></extensions></trkpt>
      <trkpt lat="40.748787" lon="-73.957085"><ele>4.2</ele><time>2026-07-23T16:33:20.000Z</time><extensions><gpxtpx:TrackPointExtension><gpxtpx:hr>156</gpxtpx:hr></gpxtpx:TrackPointExtension></extensions></trkpt>
      <trkpt lat="40.748802" lon="-73.957054"><ele>4.2</ele><time>2026-07-23T16:33:21.000Z</time><extensions><gpxtpx:TrackPointExtension><gpxtpx:hr>156</gpxtpx:hr></gpxtpx:TrackPointExtension></extensions></trkpt>
      <trkpt lat="40.74881" lon="-73.95702"><ele>4.2</ele><time>2026-07-23T16:33:22.000Z</time><extensions><gpxtpx:TrackPointExtension><gpxtpx:hr>156</gpxtpx:hr></gpxtpx:TrackPointExtension></extensions></trkpt>
      <trkpt lat="40.748811" lon="-73.956983"><ele>4.2</ele><time>2026-07-23T16:33:23.000Z</time><extensions><gpxtpx:TrackPointExtension><gpxtpx:hr>156</gpxtpx:hr></gpxtpx:TrackPointExtension></extensions></trkpt>
      <trkpt lat="40.748805" lon="-73.956946"><ele>4.2</ele><time>2026-07-23T16:33:24.000Z</time><extensions><gpxtpx:TrackPointExtension><gpxtpx:hr>156</gpxtpx:hr></gpxtpx:TrackPointExtension></extensions></trkpt>
      <trkpt lat="40.748795" lon="-73.956909"><ele>4.2</ele><time>2026-07-23T16:33:25.000Z</time><extensions><gpxtpx:TrackPointExtension><gpxtpx:hr>156</gpxtpx:hr></gpxtpx:TrackPointExtension></extensions></trkpt>
      <trkpt lat="40.748783" lon="-73.956871"><ele>4.2</ele><time>2026-07-23T16:33:26.000Z</time><extensions><gpxtpx:TrackPointExtension><gpxtpx:hr>156</gpxtpx:hr></gpxtpx:TrackPointExtension></extensions></trkpt>
      <trkpt lat="40.74877" lon="-73.956834"><ele>4.2</ele><time>2026-07-23T16:33:27.000Z</time><extensions><gpxtpx:TrackPointExtension><gpxtpx:hr>156</gpxtpx:hr></gpxtpx:TrackPointExtension></extensions></trkpt>
      <trkpt lat="40.748757" lon="-73.956798"><ele>4</ele><time>2026-07-23T16:33:28.000Z</time><extensions><gpxtpx:TrackPointExtension><gpxtpx:hr>156</gpxtpx:hr></gpxtpx:TrackPointExtension></extensions></trkpt>
      <trkpt lat="40.748744" lon="-73.956763"><ele>4</ele><time>2026-07-23T16:33:29.000Z</time><extensions><gpxtpx:TrackPointExtension><gpxtpx:hr>156</gpxtpx:hr></gpxtpx:TrackPointExtension></extensions></trkpt>
      <trkpt lat="40.748732" lon="-73.956729"><ele>4</ele><time>2026-07-23T16:33:30.000Z</time><extensions><gpxtpx:TrackPointExtension><gpxtpx:hr>156</gpxtpx:hr></gpxtpx:TrackPointExtension></extensions></trkpt>
      <trkpt lat="40.748721" lon="-73.956696"><ele>4</ele><time>2026-07-23T16:33:31.000Z</time><extensions><gpxtpx:TrackPointExtension><gpxtpx:hr>156</gpxtpx:hr></gpxtpx:TrackPointExtension></extensions></trkpt>
      <trkpt lat="40.74871" lon="-73.956663"><ele>4</ele><time>2026-07-23T16:33:32.000Z</time><extensions><gpxtpx:TrackPointExtension><gpxtpx:hr>156</gpxtpx:hr></gpxtpx:TrackPointExtension></extensions></trkpt>
      <trkpt lat="40.748699" lon="-73.956631"><ele>3.8</ele><time>2026-07-23T16:33:33.000Z</time><extensions><gpxtpx:TrackPointExtension><gpxtpx:hr>155</gpxtpx:hr></gpxtpx:TrackPointExtension></extensions></trkpt>
      <trkpt lat="40.748687" lon="-73.956599"><ele>3.8</ele><time>2026-07-23T16:33:34.000Z</time><extensions><gpxtpx:TrackPointExtension><gpxtpx:hr>155</gpxtpx:hr></gpxtpx:TrackPointExtension></extensions></trkpt>
      <trkpt lat="40.748674" lon="-73.956568"><ele>3.8</ele><time>2026-07-23T16:33:35.000Z</time><extensions><gpxtpx:TrackPointExtension><gpxtpx:hr>155</gpxtpx:hr></gpxtpx:TrackPointExtension></extensions></trkpt>
      <trkpt lat="40.748661" lon="-73.956537"><ele>3.8</ele><time>2026-07-23T16:33:36.000Z</time><extensions><gpxtpx:TrackPointExtension><gpxtpx:hr>155</gpxtpx:hr></gpxtpx:TrackPointExtension></extensions></trkpt>
      <trkpt lat="40.748648" lon="-73.956507"><ele>3.6</ele><time>2026-07-23T16:33:37.000Z</time><extensions><gpxtpx:TrackPointExtension><gpxtpx:hr>155</gpxtpx:hr></gpxtpx:TrackPointExtension></extensions></trkpt>
      <trkpt lat="40.748635" lon="-73.956476"><ele>3.6</ele><time>2026-07-23T16:33:38.000Z</time><extensions><gpxtpx:TrackPointExtension><gpxtpx:hr>155</gpxtpx:hr></gpxtpx:TrackPointExtension></extensions></trkpt>
      <trkpt lat="40.748622" lon="-73.956446"><ele>3.6</ele><time>2026-07-23T16:33:39.000Z</time><extensions><gpxtpx:TrackPointExtension><gpxtpx:hr>155</gpxtpx:hr></gpxtpx:TrackPointExtension></extensions></trkpt>
      <trkpt lat="40.748609" lon="-73.956415"><ele>3.6</ele><time>2026-07-23T16:33:40.000Z</time><extensions><gpxtpx:TrackPointExtension><gpxtpx:hr>155</gpxtpx:hr></gpxtpx:TrackPointExtension></extensions></trkpt>
      <trkpt lat="40.748595" lon="-73.956385"><ele>3.6</ele><time>2026-07-23T16:33:41.000Z</time><extensions><gpxtpx:TrackPointExtension><gpxtpx:hr>155</gpxtpx:hr></gpxtpx:TrackPointExtension></extensions></trkpt>
      <trkpt lat="40.748579" lon="-73.956356"><ele>3.6</ele><time>2026-07-23T16:33:42.000Z</time><extensions><gpxtpx:TrackPointExtension><gpxtpx:hr>155</gpxtpx:hr></gpxtpx:TrackPointExtension></extensions></trkpt>
      <trkpt lat="40.748564" lon="-73.956327"><ele>3.6</ele><time>2026-07-23T16:33:43.000Z</time><extensions><gpxtpx:TrackPointExtension><gpxtpx:hr>155</gpxtpx:hr></gpxtpx:TrackPointExtension></extensions></trkpt>
      <trkpt lat="40.748551" lon="-73.956298"><ele>3.8</ele><time>2026-07-23T16:33:44.000Z</time><extensions><gpxtpx:TrackPointExtension><gpxtpx:hr>155</gpxtpx:hr></gpxtpx:TrackPointExtension></extensions></trkpt>
      <trkpt lat="40.748538" lon="-73.956271"><ele>3.8</ele><time>2026-07-23T16:33:45.000Z</time><extensions><gpxtpx:TrackPointExtension><gpxtpx:hr>155</gpxtpx:hr></gpxtpx:TrackPointExtension></extensions></trkpt>
      <trkpt lat="40.748526" lon="-73.956244"><ele>3.8</ele><time>2026-07-23T16:33:46.000Z</time><extensions><gpxtpx:TrackPointExtension><gpxtpx:hr>157</gpxtpx:hr></gpxtpx:TrackPointExtension></extensions></trkpt>
      <trkpt lat="40.748513" lon="-73.956217"><ele>3.6</ele><time>2026-07-23T16:33:47.000Z</time><extensions><gpxtpx:TrackPointExtension><gpxtpx:hr>157</gpxtpx:hr></gpxtpx:TrackPointExtension></extensions></trkpt>
      <trkpt lat="40.748501" lon="-73.956189"><ele>3.6</ele><time>2026-07-23T16:33:48.000Z</time><extensions><gpxtpx:TrackPointExtension><gpxtpx:hr>157</gpxtpx:hr></gpxtpx:TrackPointExtension></extensions></trkpt>
      <trkpt lat="40.748488" lon="-73.956161"><ele>3.6</ele><time>2026-07-23T16:33:49.000Z</time><extensions><gpxtpx:TrackPointExtension><gpxtpx:hr>157</gpxtpx:hr></gpxtpx:TrackPointExtension></extensions></trkpt>
      <trkpt lat="40.748476" lon="-73.956133"><ele>3.6</ele><time>2026-07-23T16:33:50.000Z</time><extensions><gpxtpx:TrackPointExtension><gpxtpx:hr>157</gpxtpx:hr></gpxtpx:TrackPointExtension></extensions></trkpt>
      <trkpt lat="40.748465" lon="-73.956104"><ele>3.6</ele><time>2026-07-23T16:33:51.000Z</time><extensions><gpxtpx:TrackPointExtension><gpxtpx:hr>157</gpxtpx:hr></gpxtpx:TrackPointExtension></extensions></trkpt>
      <trkpt lat="40.748453" lon="-73.956076"><ele>3.6</ele><time>2026-07-23T16:33:52.000Z</time><extensions><gpxtpx:TrackPointExtension><gpxtpx:hr>157</gpxtpx:hr></gpxtpx:TrackPointExtension></extensions></trkpt>
      <trkpt lat="40.74844" lon="-73.956049"><ele>3.4</ele><time>2026-07-23T16:33:53.000Z</time><extensions><gpxtpx:TrackPointExtension><gpxtpx:hr>157</gpxtpx:hr></gpxtpx:TrackPointExtension></extensions></trkpt>
      <trkpt lat="40.748426" lon="-73.956025"><ele>3.4</ele><time>2026-07-23T16:33:54.000Z</time><extensions><gpxtpx:TrackPointExtension><gpxtpx:hr>157</gpxtpx:hr></gpxtpx:TrackPointExtension></extensions></trkpt>
      <trkpt lat="40.748411" lon="-73.956002"><ele>3.4</ele><time>2026-07-23T16:33:55.000Z</time><extensions><gpxtpx:TrackPointExtension><gpxtpx:hr>157</gpxtpx:hr></gpxtpx:TrackPointExtension></extensions></trkpt>
      <trkpt lat="40.748396" lon="-73.955979"><ele>3.4</ele><time>2026-07-23T16:33:56.000Z</time><extensions><gpxtpx:TrackPointExtension><gpxtpx:hr>155</gpxtpx:hr></gpxtpx:TrackPointExtension></extensions></trkpt>
      <trkpt lat="40.748379" lon="-73.955956"><ele>3.2</ele><time>2026-07-23T16:33:57.000Z</time><extensions><gpxtpx:TrackPointExtension><gpxtpx:hr>155</gpxtpx:hr></gpxtpx:TrackPointExtension></extensions></trkpt>
      <trkpt lat="40.748362" lon="-73.955933"><ele>3.2</ele><time>2026-07-23T16:33:58.000Z</time><extensions><gpxtpx:TrackPointExtension><gpxtpx:hr>155</gpxtpx:hr></gpxtpx:TrackPointExtension></extensions></trkpt>
      <trkpt lat="40.748343" lon="-73.955909"><ele>3.2</ele><time>2026-07-23T16:33:59.000Z</time><extensions><gpxtpx:TrackPointExtension><gpxtpx:hr>154</gpxtpx:hr></gpxtpx:TrackPointExtension></extensions></trkpt>
      <trkpt lat="40.748327" lon="-73.955884"><ele>3.2</ele><time>2026-07-23T16:34:00.000Z</time><extensions><gpxtpx:TrackPointExtension><gpxtpx:hr>154</gpxtpx:hr></gpxtpx:TrackPointExtension></extensions></trkpt>
      <trkpt lat="40.748314" lon="-73.955858"><ele>3.2</ele><time>2026-07-23T16:34:01.000Z</time><extensions><gpxtpx:TrackPointExtension><gpxtpx:hr>154</gpxtpx:hr></gpxtpx:TrackPointExtension></extensions></trkpt>
      <trkpt lat="40.7483" lon="-73.955831"><ele>3</ele><time>2026-07-23T16:34:02.000Z</time><extensions><gpxtpx:TrackPointExtension><gpxtpx:hr>154</gpxtpx:hr></gpxtpx:TrackPointExtension></extensions></trkpt>
      <trkpt lat="40.748287" lon="-73.955803"><ele>3</ele><time>2026-07-23T16:34:03.000Z</time><extensions><gpxtpx:TrackPointExtension><gpxtpx:hr>154</gpxtpx:hr></gpxtpx:TrackPointExtension></extensions></trkpt>
      <trkpt lat="40.748275" lon="-73.955775"><ele>3</ele><time>2026-07-23T16:34:04.000Z</time><extensions><gpxtpx:TrackPointExtension><gpxtpx:hr>154</gpxtpx:hr></gpxtpx:TrackPointExtension></extensions></trkpt>
      <trkpt lat="40.748263" lon="-73.955747"><ele>3</ele><time>2026-07-23T16:34:05.000Z</time><extensions><gpxtpx:TrackPointExtension><gpxtpx:hr>154</gpxtpx:hr></gpxtpx:TrackPointExtension></extensions></trkpt>
      <trkpt lat="40.748252" lon="-73.955718"><ele>3</ele><time>2026-07-23T16:34:06.000Z</time><extensions><gpxtpx:TrackPointExtension><gpxtpx:hr>154</gpxtpx:hr></gpxtpx:TrackPointExtension></extensions></trkpt>
      <trkpt lat="40.748242" lon="-73.95569"><ele>3</ele><time>2026-07-23T16:34:07.000Z</time><extensions><gpxtpx:TrackPointExtension><gpxtpx:hr>154</gpxtpx:hr></gpxtpx:TrackPointExtension></extensions></trkpt>
      <trkpt lat="40.748231" lon="-73.95566"><ele>3</ele><time>2026-07-23T16:34:08.000Z</time><extensions><gpxtpx:TrackPointExtension><gpxtpx:hr>154</gpxtpx:hr></gpxtpx:TrackPointExtension></extensions></trkpt>
      <trkpt lat="40.748221" lon="-73.955631"><ele>2.8</ele><time>2026-07-23T16:34:09.000Z</time><extensions><gpxtpx:TrackPointExtension><gpxtpx:hr>154</gpxtpx:hr></gpxtpx:TrackPointExtension></extensions></trkpt>
      <trkpt lat="40.748211" lon="-73.955601"><ele>2.8</ele><time>2026-07-23T16:34:10.000Z</time><extensions><gpxtpx:TrackPointExtension><gpxtpx:hr>154</gpxtpx:hr></gpxtpx:TrackPointExtension></extensions></trkpt>
      <trkpt lat="40.7482" lon="-73.955571"><ele>2.8</ele><time>2026-07-23T16:34:11.000Z</time><extensions><gpxtpx:TrackPointExtension><gpxtpx:hr>154</gpxtpx:hr></gpxtpx:TrackPointExtension></extensions></trkpt>
      <trkpt lat="40.74819" lon="-73.955541"><ele>2.8</ele><time>2026-07-23T16:34:12.000Z</time><extensions><gpxtpx:TrackPointExtension><gpxtpx:hr>154</gpxtpx:hr></gpxtpx:TrackPointExtension></extensions></trkpt>
      <trkpt lat="40.74818" lon="-73.955512"><ele>2.8</ele><time>2026-07-23T16:34:13.000Z</time><extensions><gpxtpx:TrackPointExtension><gpxtpx:hr>154</gpxtpx:hr></gpxtpx:TrackPointExtension></extensions></trkpt>
      <trkpt lat="40.74817" lon="-73.955482"><ele>2.8</ele><time>2026-07-23T16:34:14.000Z</time><extensions><gpxtpx:TrackPointExtension><gpxtpx:hr>154</gpxtpx:hr></gpxtpx:TrackPointExtension></extensions></trkpt>
      <trkpt lat="40.74816" lon="-73.955453"><ele>2.8</ele><time>2026-07-23T16:34:15.000Z</time><extensions><gpxtpx:TrackPointExtension><gpxtpx:hr>154</gpxtpx:hr></gpxtpx:TrackPointExtension></extensions></trkpt>
      <trkpt lat="40.74815" lon="-73.955423"><ele>2.8</ele><time>2026-07-23T16:34:16.000Z</time><extensions><gpxtpx:TrackPointExtension><gpxtpx:hr>153</gpxtpx:hr></gpxtpx:TrackPointExtension></extensions></trkpt>
      <trkpt lat="40.748139" lon="-73.955393"><ele>2.8</ele><time>2026-07-23T16:34:17.000Z</time><extensions><gpxtpx:TrackPointExtension><gpxtpx:hr>154</gpxtpx:hr></gpxtpx:TrackPointExtension></extensions></trkpt>
      <trkpt lat="40.748129" lon="-73.955364"><ele>2.8</ele><time>2026-07-23T16:34:18.000Z</time><extensions><gpxtpx:TrackPointExtension><gpxtpx:hr>154</gpxtpx:hr></gpxtpx:TrackPointExtension></extensions></trkpt>
      <trkpt lat="40.748119" lon="-73.955335"><ele>2.8</ele><time>2026-07-23T16:34:19.000Z</time><extensions><gpxtpx:TrackPointExtension><gpxtpx:hr>154</gpxtpx:hr></gpxtpx:TrackPointExtension></extensions></trkpt>
      <trkpt lat="40.748109" lon="-73.955306"><ele>2.8</ele><time>2026-07-23T16:34:20.000Z</time><extensions><gpxtpx:TrackPointExtension><gpxtpx:hr>154</gpxtpx:hr></gpxtpx:TrackPointExtension></extensions></trkpt>
      <trkpt lat="40.7481" lon="-73.955278"><ele>2.8</ele><time>2026-07-23T16:34:21.000Z</time><extensions><gpxtpx:TrackPointExtension><gpxtpx:hr>154</gpxtpx:hr></gpxtpx:TrackPointExtension></extensions></trkpt>
      <trkpt lat="40.74809" lon="-73.955251"><ele>2.6</ele><time>2026-07-23T16:34:22.000Z</time><extensions><gpxtpx:TrackPointExtension><gpxtpx:hr>154</gpxtpx:hr></gpxtpx:TrackPointExtension></extensions></trkpt>
      <trkpt lat="40.748081" lon="-73.955223"><ele>2.6</ele><time>2026-07-23T16:34:23.000Z</time><extensions><gpxtpx:TrackPointExtension><gpxtpx:hr>154</gpxtpx:hr></gpxtpx:TrackPointExtension></extensions></trkpt>
      <trkpt lat="40.748071" lon="-73.955195"><ele>2.6</ele><time>2026-07-23T16:34:24.000Z</time><extensions><gpxtpx:TrackPointExtension><gpxtpx:hr>154</gpxtpx:hr></gpxtpx:TrackPointExtension></extensions></trkpt>
      <trkpt lat="40.748062" lon="-73.955167"><ele>2.6</ele><time>2026-07-23T16:34:25.000Z</time><extensions><gpxtpx:TrackPointExtension><gpxtpx:hr>154</gpxtpx:hr></gpxtpx:TrackPointExtension></extensions></trkpt>
      <trkpt lat="40.748053" lon="-73.955139"><ele>2.6</ele><time>2026-07-23T16:34:26.000Z</time><extensions><gpxtpx:TrackPointExtension><gpxtpx:hr>152</gpxtpx:hr></gpxtpx:TrackPointExtension></extensions></trkpt>
      <trkpt lat="40.748043" lon="-73.955112"><ele>2.6</ele><time>2026-07-23T16:34:27.000Z</time><extensions><gpxtpx:TrackPointExtension><gpxtpx:hr>152</gpxtpx:hr></gpxtpx:TrackPointExtension></extensions></trkpt>
      <trkpt lat="40.748034" lon="-73.955084"><ele>2.6</ele><time>2026-07-23T16:34:28.000Z</time><extensions><gpxtpx:TrackPointExtension><gpxtpx:hr>152</gpxtpx:hr></gpxtpx:TrackPointExtension></extensions></trkpt>
      <trkpt lat="40.748025" lon="-73.955057"><ele>2.6</ele><time>2026-07-23T16:34:29.000Z</time><extensions><gpxtpx:TrackPointExtension><gpxtpx:hr>153</gpxtpx:hr></gpxtpx:TrackPointExtension></extensions></trkpt>
      <trkpt lat="40.748015" lon="-73.95503"><ele>2.6</ele><time>2026-07-23T16:34:30.000Z</time><extensions><gpxtpx:TrackPointExtension><gpxtpx:hr>153</gpxtpx:hr></gpxtpx:TrackPointExtension></extensions></trkpt>
      <trkpt lat="40.748005" lon="-73.955004"><ele>2.6</ele><time>2026-07-23T16:34:31.000Z</time><extensions><gpxtpx:TrackPointExtension><gpxtpx:hr>153</gpxtpx:hr></gpxtpx:TrackPointExtension></extensions></trkpt>
      <trkpt lat="40.747995" lon="-73.954979"><ele>2.6</ele><time>2026-07-23T16:34:32.000Z</time><extensions><gpxtpx:TrackPointExtension><gpxtpx:hr>153</gpxtpx:hr></gpxtpx:TrackPointExtension></extensions></trkpt>
      <trkpt lat="40.747983" lon="-73.954955"><ele>2.6</ele><time>2026-07-23T16:34:33.000Z</time><extensions><gpxtpx:TrackPointExtension><gpxtpx:hr>153</gpxtpx:hr></gpxtpx:TrackPointExtension></extensions></trkpt>
      <trkpt lat="40.747972" lon="-73.954932"><ele>2.6</ele><time>2026-07-23T16:34:34.000Z</time><extensions><gpxtpx:TrackPointExtension><gpxtpx:hr>152</gpxtpx:hr></gpxtpx:TrackPointExtension></extensions></trkpt>
      <trkpt lat="40.74796" lon="-73.954912"><ele>2.6</ele><time>2026-07-23T16:34:35.000Z</time><extensions><gpxtpx:TrackPointExtension><gpxtpx:hr>152</gpxtpx:hr></gpxtpx:TrackPointExtension></extensions></trkpt>
      <trkpt lat="40.747947" lon="-73.954894"><ele>2.6</ele><time>2026-07-23T16:34:36.000Z</time><extensions><gpxtpx:TrackPointExtension><gpxtpx:hr>152</gpxtpx:hr></gpxtpx:TrackPointExtension></extensions></trkpt>
      <trkpt lat="40.747934" lon="-73.954882"><ele>2.6</ele><time>2026-07-23T16:34:37.000Z</time><extensions><gpxtpx:TrackPointExtension><gpxtpx:hr>152</gpxtpx:hr></gpxtpx:TrackPointExtension></extensions></trkpt>
      <trkpt lat="40.747921" lon="-73.954872"><ele>2.6</ele><time>2026-07-23T16:34:38.000Z</time><extensions><gpxtpx:TrackPointExtension><gpxtpx:hr>152</gpxtpx:hr></gpxtpx:TrackPointExtension></extensions></trkpt>
      <trkpt lat="40.747909" lon="-73.954867"><ele>2.6</ele><time>2026-07-23T16:34:39.000Z</time><extensions><gpxtpx:TrackPointExtension><gpxtpx:hr>152</gpxtpx:hr></gpxtpx:TrackPointExtension></extensions></trkpt>
      <trkpt lat="40.747899" lon="-73.954864"><ele>2.6</ele><time>2026-07-23T16:34:40.000Z</time><extensions><gpxtpx:TrackPointExtension><gpxtpx:hr>152</gpxtpx:hr></gpxtpx:TrackPointExtension></extensions></trkpt>
      <trkpt lat="40.747893" lon="-73.954867"><ele>2.6</ele><time>2026-07-23T16:34:41.000Z</time><extensions><gpxtpx:TrackPointExtension><gpxtpx:hr>152</gpxtpx:hr></gpxtpx:TrackPointExtension></extensions></trkpt>
      <trkpt lat="40.747894" lon="-73.954876"><ele>2.6</ele><time>2026-07-23T16:34:42.000Z</time><extensions><gpxtpx:TrackPointExtension><gpxtpx:hr>152</gpxtpx:hr></gpxtpx:TrackPointExtension></extensions></trkpt>
      <trkpt lat="40.747902" lon="-73.954892"><ele>2.6</ele><time>2026-07-23T16:34:43.000Z</time><extensions><gpxtpx:TrackPointExtension><gpxtpx:hr>152</gpxtpx:hr></gpxtpx:TrackPointExtension></extensions></trkpt>
      <trkpt lat="40.747914" lon="-73.954913"><ele>2.6</ele><time>2026-07-23T16:34:44.000Z</time><extensions><gpxtpx:TrackPointExtension><gpxtpx:hr>152</gpxtpx:hr></gpxtpx:TrackPointExtension></extensions></trkpt>
      <trkpt lat="40.747928" lon="-73.954936"><ele>2.6</ele><time>2026-07-23T16:34:45.000Z</time><extensions><gpxtpx:TrackPointExtension><gpxtpx:hr>152</gpxtpx:hr></gpxtpx:TrackPointExtension></extensions></trkpt>
      <trkpt lat="40.747942" lon="-73.954961"><ele>2.6</ele><time>2026-07-23T16:34:46.000Z</time><extensions><gpxtpx:TrackPointExtension><gpxtpx:hr>150</gpxtpx:hr></gpxtpx:TrackPointExtension></extensions></trkpt>
      <trkpt lat="40.747956" lon="-73.954987"><ele>2.8</ele><time>2026-07-23T16:34:47.000Z</time><extensions><gpxtpx:TrackPointExtension><gpxtpx:hr>150</gpxtpx:hr></gpxtpx:TrackPointExtension></extensions></trkpt>
      <trkpt lat="40.747969" lon="-73.955014"><ele>2.8</ele><time>2026-07-23T16:34:48.000Z</time><extensions><gpxtpx:TrackPointExtension><gpxtpx:hr>150</gpxtpx:hr></gpxtpx:TrackPointExtension></extensions></trkpt>
      <trkpt lat="40.747982" lon="-73.955042"><ele>2.8</ele><time>2026-07-23T16:34:49.000Z</time><extensions><gpxtpx:TrackPointExtension><gpxtpx:hr>150</gpxtpx:hr></gpxtpx:TrackPointExtension></extensions></trkpt>
      <trkpt lat="40.747994" lon="-73.955069"><ele>2.8</ele><time>2026-07-23T16:34:50.000Z</time><extensions><gpxtpx:TrackPointExtension><gpxtpx:hr>150</gpxtpx:hr></gpxtpx:TrackPointExtension></extensions></trkpt>
      <trkpt lat="40.748006" lon="-73.955096"><ele>2.8</ele><time>2026-07-23T16:34:51.000Z</time><extensions><gpxtpx:TrackPointExtension><gpxtpx:hr>150</gpxtpx:hr></gpxtpx:TrackPointExtension></extensions></trkpt>
      <trkpt lat="40.748017" lon="-73.955123"><ele>2.8</ele><time>2026-07-23T16:34:52.000Z</time><extensions><gpxtpx:TrackPointExtension><gpxtpx:hr>150</gpxtpx:hr></gpxtpx:TrackPointExtension></extensions></trkpt>
      <trkpt lat="40.748028" lon="-73.955151"><ele>3</ele><time>2026-07-23T16:34:53.000Z</time><extensions><gpxtpx:TrackPointExtension><gpxtpx:hr>150</gpxtpx:hr></gpxtpx:TrackPointExtension></extensions></trkpt>
      <trkpt lat="40.748039" lon="-73.955179"><ele>3</ele><time>2026-07-23T16:34:54.000Z</time><extensions><gpxtpx:TrackPointExtension><gpxtpx:hr>150</gpxtpx:hr></gpxtpx:TrackPointExtension></extensions></trkpt>
      <trkpt lat="40.748049" lon="-73.955208"><ele>3</ele><time>2026-07-23T16:34:55.000Z</time><extensions><gpxtpx:TrackPointExtension><gpxtpx:hr>150</gpxtpx:hr></gpxtpx:TrackPointExtension></extensions></trkpt>
      <trkpt lat="40.74806" lon="-73.955236"><ele>3</ele><time>2026-07-23T16:34:56.000Z</time><extensions><gpxtpx:TrackPointExtension><gpxtpx:hr>150</gpxtpx:hr></gpxtpx:TrackPointExtension></extensions></trkpt>
      <trkpt lat="40.74807" lon="-73.955266"><ele>3</ele><time>2026-07-23T16:34:57.000Z</time><extensions><gpxtpx:TrackPointExtension><gpxtpx:hr>151</gpxtpx:hr></gpxtpx:TrackPointExtension></extensions></trkpt>
      <trkpt lat="40.748081" lon="-73.955297"><ele>3.2</ele><time>2026-07-23T16:34:58.000Z</time><extensions><gpxtpx:TrackPointExtension><gpxtpx:hr>151</gpxtpx:hr></gpxtpx:TrackPointExtension></extensions></trkpt>
      <trkpt lat="40.748092" lon="-73.955328"><ele>3.2</ele><time>2026-07-23T16:34:59.000Z</time><extensions><gpxtpx:TrackPointExtension><gpxtpx:hr>151</gpxtpx:hr></gpxtpx:TrackPointExtension></extensions></trkpt>
      <trkpt lat="40.748102" lon="-73.955361"><ele>3.2</ele><time>2026-07-23T16:35:00.000Z</time><extensions><gpxtpx:TrackPointExtension><gpxtpx:hr>151</gpxtpx:hr></gpxtpx:TrackPointExtension></extensions></trkpt>
      <trkpt lat="40.748113" lon="-73.955393"><ele>3.2</ele><time>2026-07-23T16:35:01.000Z</time><extensions><gpxtpx:TrackPointExtension><gpxtpx:hr>151</gpxtpx:hr></gpxtpx:TrackPointExtension></extensions></trkpt>
      <trkpt lat="40.748123" lon="-73.955424"><ele>3.2</ele><time>2026-07-23T16:35:02.000Z</time><extensions><gpxtpx:TrackPointExtension><gpxtpx:hr>151</gpxtpx:hr></gpxtpx:TrackPointExtension></extensions></trkpt>
      <trkpt lat="40.748132" lon="-73.955454"><ele>3.2</ele><time>2026-07-23T16:35:03.000Z</time><extensions><gpxtpx:TrackPointExtension><gpxtpx:hr>151</gpxtpx:hr></gpxtpx:TrackPointExtension></extensions></trkpt>
      <trkpt lat="40.748141" lon="-73.955484"><ele>3.2</ele><time>2026-07-23T16:35:04.000Z</time><extensions><gpxtpx:TrackPointExtension><gpxtpx:hr>150</gpxtpx:hr></gpxtpx:TrackPointExtension></extensions></trkpt>
      <trkpt lat="40.74815" lon="-73.955513"><ele>3.2</ele><time>2026-07-23T16:35:05.000Z</time><extensions><gpxtpx:TrackPointExtension><gpxtpx:hr>150</gpxtpx:hr></gpxtpx:TrackPointExtension></extensions></trkpt>
      <trkpt lat="40.748158" lon="-73.955541"><ele>3.2</ele><time>2026-07-23T16:35:06.000Z</time><extensions><gpxtpx:TrackPointExtension><gpxtpx:hr>150</gpxtpx:hr></gpxtpx:TrackPointExtension></extensions></trkpt>
      <trkpt lat="40.748166" lon="-73.95557"><ele>3.2</ele><time>2026-07-23T16:35:07.000Z</time><extensions><gpxtpx:TrackPointExtension><gpxtpx:hr>150</gpxtpx:hr></gpxtpx:TrackPointExtension></extensions></trkpt>
      <trkpt lat="40.748174" lon="-73.955598"><ele>3.2</ele><time>2026-07-23T16:35:08.000Z</time><extensions><gpxtpx:TrackPointExtension><gpxtpx:hr>150</gpxtpx:hr></gpxtpx:TrackPointExtension></extensions></trkpt>
      <trkpt lat="40.748182" lon="-73.955626"><ele>3.2</ele><time>2026-07-23T16:35:09.000Z</time><extensions><gpxtpx:TrackPointExtension><gpxtpx:hr>150</gpxtpx:hr></gpxtpx:TrackPointExtension></extensions></trkpt>
      <trkpt lat="40.74819" lon="-73.955654"><ele>3</ele><time>2026-07-23T16:35:10.000Z</time><extensions><gpxtpx:TrackPointExtension><gpxtpx:hr>150</gpxtpx:hr></gpxtpx:TrackPointExtension></extensions></trkpt>
      <trkpt lat="40.748198" lon="-73.955683"><ele>3</ele><time>2026-07-23T16:35:11.000Z</time><extensions><gpxtpx:TrackPointExtension><gpxtpx:hr>150</gpxtpx:hr></gpxtpx:TrackPointExtension></extensions></trkpt>
      <trkpt lat="40.748206" lon="-73.955712"><ele>3</ele><time>2026-07-23T16:35:12.000Z</time><extensions><gpxtpx:TrackPointExtension><gpxtpx:hr>150</gpxtpx:hr></gpxtpx:TrackPointExtension></extensions></trkpt>
      <trkpt lat="40.748214" lon="-73.95574"><ele>3</ele><time>2026-07-23T16:35:13.000Z</time><extensions><gpxtpx:TrackPointExtension><gpxtpx:hr>150</gpxtpx:hr></gpxtpx:TrackPointExtension></extensions></trkpt>
      <trkpt lat="40.748222" lon="-73.955769"><ele>3</ele><time>2026-07-23T16:35:14.000Z</time><extensions><gpxtpx:TrackPointExtension><gpxtpx:hr>150</gpxtpx:hr></gpxtpx:TrackPointExtension></extensions></trkpt>
      <trkpt lat="40.748231" lon="-73.955798"><ele>3</ele><time>2026-07-23T16:35:15.000Z</time><extensions><gpxtpx:TrackPointExtension><gpxtpx:hr>150</gpxtpx:hr></gpxtpx:TrackPointExtension></extensions></trkpt>
      <trkpt lat="40.748239" lon="-73.955826"><ele>3</ele><time>2026-07-23T16:35:16.000Z</time><extensions><gpxtpx:TrackPointExtension><gpxtpx:hr>151</gpxtpx:hr></gpxtpx:TrackPointExtension></extensions></trkpt>
      <trkpt lat="40.748247" lon="-73.955855"><ele>3</ele><time>2026-07-23T16:35:17.000Z</time><extensions><gpxtpx:TrackPointExtension><gpxtpx:hr>151</gpxtpx:hr></gpxtpx:TrackPointExtension></extensions></trkpt>
      <trkpt lat="40.748255" lon="-73.955884"><ele>2.8</ele><time>2026-07-23T16:35:18.000Z</time><extensions><gpxtpx:TrackPointExtension><gpxtpx:hr>151</gpxtpx:hr></gpxtpx:TrackPointExtension></extensions></trkpt>
      <trkpt lat="40.748264" lon="-73.955913"><ele>2.8</ele><time>2026-07-23T16:35:19.000Z</time><extensions><gpxtpx:TrackPointExtension><gpxtpx:hr>151</gpxtpx:hr></gpxtpx:TrackPointExtension></extensions></trkpt>
      <trkpt lat="40.748272" lon="-73.955942"><ele>2.8</ele><time>2026-07-23T16:35:20.000Z</time><extensions><gpxtpx:TrackPointExtension><gpxtpx:hr>151</gpxtpx:hr></gpxtpx:TrackPointExtension></extensions></trkpt>
      <trkpt lat="40.74828" lon="-73.95597"><ele>2.8</ele><time>2026-07-23T16:35:21.000Z</time><extensions><gpxtpx:TrackPointExtension><gpxtpx:hr>151</gpxtpx:hr></gpxtpx:TrackPointExtension></extensions></trkpt>
      <trkpt lat="40.748289" lon="-73.955999"><ele>2.8</ele><time>2026-07-23T16:35:22.000Z</time><extensions><gpxtpx:TrackPointExtension><gpxtpx:hr>151</gpxtpx:hr></gpxtpx:TrackPointExtension></extensions></trkpt>
      <trkpt lat="40.748297" lon="-73.956027"><ele>2.8</ele><time>2026-07-23T16:35:23.000Z</time><extensions><gpxtpx:TrackPointExtension><gpxtpx:hr>151</gpxtpx:hr></gpxtpx:TrackPointExtension></extensions></trkpt>
      <trkpt lat="40.748306" lon="-73.956056"><ele>2.8</ele><time>2026-07-23T16:35:24.000Z</time><extensions><gpxtpx:TrackPointExtension><gpxtpx:hr>151</gpxtpx:hr></gpxtpx:TrackPointExtension></extensions></trkpt>
      <trkpt lat="40.748315" lon="-73.956085"><ele>2.8</ele><time>2026-07-23T16:35:25.000Z</time><extensions><gpxtpx:TrackPointExtension><gpxtpx:hr>151</gpxtpx:hr></gpxtpx:TrackPointExtension></extensions></trkpt>
      <trkpt lat="40.748324" lon="-73.956113"><ele>2.8</ele><time>2026-07-23T16:35:26.000Z</time><extensions><gpxtpx:TrackPointExtension><gpxtpx:hr>151</gpxtpx:hr></gpxtpx:TrackPointExtension></extensions></trkpt>
      <trkpt lat="40.748333" lon="-73.956141"><ele>2.8</ele><time>2026-07-23T16:35:27.000Z</time><extensions><gpxtpx:TrackPointExtension><gpxtpx:hr>151</gpxtpx:hr></gpxtpx:TrackPointExtension></extensions></trkpt>
      <trkpt lat="40.748342" lon="-73.956169"><ele>2.8</ele><time>2026-07-23T16:35:28.000Z</time><extensions><gpxtpx:TrackPointExtension><gpxtpx:hr>151</gpxtpx:hr></gpxtpx:TrackPointExtension></extensions></trkpt>
      <trkpt lat="40.748351" lon="-73.956196"><ele>2.8</ele><time>2026-07-23T16:35:29.000Z</time><extensions><gpxtpx:TrackPointExtension><gpxtpx:hr>151</gpxtpx:hr></gpxtpx:TrackPointExtension></extensions></trkpt>
      <trkpt lat="40.748361" lon="-73.956224"><ele>2.8</ele><time>2026-07-23T16:35:30.000Z</time><extensions><gpxtpx:TrackPointExtension><gpxtpx:hr>150</gpxtpx:hr></gpxtpx:TrackPointExtension></extensions></trkpt>
      <trkpt lat="40.74837" lon="-73.956251"><ele>2.8</ele><time>2026-07-23T16:35:31.000Z</time><extensions><gpxtpx:TrackPointExtension><gpxtpx:hr>150</gpxtpx:hr></gpxtpx:TrackPointExtension></extensions></trkpt>
      <trkpt lat="40.74838" lon="-73.956278"><ele>2.8</ele><time>2026-07-23T16:35:32.000Z</time><extensions><gpxtpx:TrackPointExtension><gpxtpx:hr>150</gpxtpx:hr></gpxtpx:TrackPointExtension></extensions></trkpt>
      <trkpt lat="40.748388" lon="-73.956305"><ele>2.8</ele><time>2026-07-23T16:35:33.000Z</time><extensions><gpxtpx:TrackPointExtension><gpxtpx:hr>150</gpxtpx:hr></gpxtpx:TrackPointExtension></extensions></trkpt>
      <trkpt lat="40.748395" lon="-73.956333"><ele>2.8</ele><time>2026-07-23T16:35:34.000Z</time><extensions><gpxtpx:TrackPointExtension><gpxtpx:hr>150</gpxtpx:hr></gpxtpx:TrackPointExtension></extensions></trkpt>
      <trkpt lat="40.748401" lon="-73.956364"><ele>2.8</ele><time>2026-07-23T16:35:35.000Z</time><extensions><gpxtpx:TrackPointExtension><gpxtpx:hr>150</gpxtpx:hr></gpxtpx:TrackPointExtension></extensions></trkpt>
      <trkpt lat="40.748407" lon="-73.956395"><ele>3</ele><time>2026-07-23T16:35:36.000Z</time><extensions><gpxtpx:TrackPointExtension><gpxtpx:hr>149</gpxtpx:hr></gpxtpx:TrackPointExtension></extensions></trkpt>
      <trkpt lat="40.748414" lon="-73.956426"><ele>3</ele><time>2026-07-23T16:35:37.000Z</time><extensions><gpxtpx:TrackPointExtension><gpxtpx:hr>150</gpxtpx:hr></gpxtpx:TrackPointExtension></extensions></trkpt>
      <trkpt lat="40.748423" lon="-73.956456"><ele>3</ele><time>2026-07-23T16:35:38.000Z</time><extensions><gpxtpx:TrackPointExtension><gpxtpx:hr>150</gpxtpx:hr></gpxtpx:TrackPointExtension></extensions></trkpt>
      <trkpt lat="40.748433" lon="-73.956487"><ele>3</ele><time>2026-07-23T16:35:39.000Z</time><extensions><gpxtpx:TrackPointExtension><gpxtpx:hr>150</gpxtpx:hr></gpxtpx:TrackPointExtension></extensions></trkpt>
      <trkpt lat="40.748443" lon="-73.956517"><ele>3</ele><time>2026-07-23T16:35:40.000Z</time><extensions><gpxtpx:TrackPointExtension><gpxtpx:hr>150</gpxtpx:hr></gpxtpx:TrackPointExtension></extensions></trkpt>
      <trkpt lat="40.748453" lon="-73.956546"><ele>3</ele><time>2026-07-23T16:35:41.000Z</time><extensions><gpxtpx:TrackPointExtension><gpxtpx:hr>150</gpxtpx:hr></gpxtpx:TrackPointExtension></extensions></trkpt>
      <trkpt lat="40.748464" lon="-73.956572"><ele>3</ele><time>2026-07-23T16:35:42.000Z</time><extensions><gpxtpx:TrackPointExtension><gpxtpx:hr>150</gpxtpx:hr></gpxtpx:TrackPointExtension></extensions></trkpt>
      <trkpt lat="40.748474" lon="-73.956598"><ele>3</ele><time>2026-07-23T16:35:43.000Z</time><extensions><gpxtpx:TrackPointExtension><gpxtpx:hr>150</gpxtpx:hr></gpxtpx:TrackPointExtension></extensions></trkpt>
      <trkpt lat="40.748484" lon="-73.956625"><ele>3</ele><time>2026-07-23T16:35:44.000Z</time><extensions><gpxtpx:TrackPointExtension><gpxtpx:hr>149</gpxtpx:hr></gpxtpx:TrackPointExtension></extensions></trkpt>
      <trkpt lat="40.748495" lon="-73.956652"><ele>3.2</ele><time>2026-07-23T16:35:45.000Z</time><extensions><gpxtpx:TrackPointExtension><gpxtpx:hr>149</gpxtpx:hr></gpxtpx:TrackPointExtension></extensions></trkpt>
      <trkpt lat="40.748506" lon="-73.956678"><ele>3.2</ele><time>2026-07-23T16:35:46.000Z</time><extensions><gpxtpx:TrackPointExtension><gpxtpx:hr>149</gpxtpx:hr></gpxtpx:TrackPointExtension></extensions></trkpt>
      <trkpt lat="40.748519" lon="-73.956701"><ele>3.2</ele><time>2026-07-23T16:35:47.000Z</time><extensions><gpxtpx:TrackPointExtension><gpxtpx:hr>149</gpxtpx:hr></gpxtpx:TrackPointExtension></extensions></trkpt>
      <trkpt lat="40.748529" lon="-73.956723"><ele>3.2</ele><time>2026-07-23T16:35:48.000Z</time><extensions><gpxtpx:TrackPointExtension><gpxtpx:hr>149</gpxtpx:hr></gpxtpx:TrackPointExtension></extensions></trkpt>
      <trkpt lat="40.748537" lon="-73.956746"><ele>3.2</ele><time>2026-07-23T16:35:49.000Z</time><extensions><gpxtpx:TrackPointExtension><gpxtpx:hr>149</gpxtpx:hr></gpxtpx:TrackPointExtension></extensions></trkpt>
      <trkpt lat="40.748542" lon="-73.956769"><ele>3.2</ele><time>2026-07-23T16:35:50.000Z</time><extensions><gpxtpx:TrackPointExtension><gpxtpx:hr>149</gpxtpx:hr></gpxtpx:TrackPointExtension></extensions></trkpt>
      <trkpt lat="40.748545" lon="-73.956788"><ele>3.2</ele><time>2026-07-23T16:35:51.000Z</time><extensions><gpxtpx:TrackPointExtension><gpxtpx:hr>149</gpxtpx:hr></gpxtpx:TrackPointExtension></extensions></trkpt>
      <trkpt lat="40.748547" lon="-73.9568"><ele>3.4</ele><time>2026-07-23T16:35:52.000Z</time><extensions><gpxtpx:TrackPointExtension><gpxtpx:hr>149</gpxtpx:hr></gpxtpx:TrackPointExtension></extensions></trkpt>
      <trkpt lat="40.748548" lon="-73.956799"><ele>3.4</ele><time>2026-07-23T16:35:53.000Z</time><extensions><gpxtpx:TrackPointExtension><gpxtpx:hr>149</gpxtpx:hr></gpxtpx:TrackPointExtension></extensions></trkpt>
      <trkpt lat="40.748549" lon="-73.956784"><ele>3.4</ele><time>2026-07-23T16:35:54.000Z</time><extensions><gpxtpx:TrackPointExtension><gpxtpx:hr>149</gpxtpx:hr></gpxtpx:TrackPointExtension></extensions></trkpt>
      <trkpt lat="40.748549" lon="-73.956754"><ele>3.4</ele><time>2026-07-23T16:35:55.000Z</time><extensions><gpxtpx:TrackPointExtension><gpxtpx:hr>149</gpxtpx:hr></gpxtpx:TrackPointExtension></extensions></trkpt>
      <trkpt lat="40.748548" lon="-73.956718"><ele>3.6</ele><time>2026-07-23T16:35:56.000Z</time><extensions><gpxtpx:TrackPointExtension><gpxtpx:hr>149</gpxtpx:hr></gpxtpx:TrackPointExtension></extensions></trkpt>
      <trkpt lat="40.748545" lon="-73.956681"><ele>3.6</ele><time>2026-07-23T16:35:57.000Z</time><extensions><gpxtpx:TrackPointExtension><gpxtpx:hr>149</gpxtpx:hr></gpxtpx:TrackPointExtension></extensions></trkpt>
      <trkpt lat="40.748537" lon="-73.956642"><ele>3.6</ele><time>2026-07-23T16:35:58.000Z</time><extensions><gpxtpx:TrackPointExtension><gpxtpx:hr>149</gpxtpx:hr></gpxtpx:TrackPointExtension></extensions></trkpt>
      <trkpt lat="40.748525" lon="-73.956603"><ele>3.6</ele><time>2026-07-23T16:35:59.000Z</time><extensions><gpxtpx:TrackPointExtension><gpxtpx:hr>149</gpxtpx:hr></gpxtpx:TrackPointExtension></extensions></trkpt>
      <trkpt lat="40.748512" lon="-73.956566"><ele>3.8</ele><time>2026-07-23T16:36:00.000Z</time><extensions><gpxtpx:TrackPointExtension><gpxtpx:hr>149</gpxtpx:hr></gpxtpx:TrackPointExtension></extensions></trkpt>
      <trkpt lat="40.748502" lon="-73.95653"><ele>3.8</ele><time>2026-07-23T16:36:01.000Z</time><extensions><gpxtpx:TrackPointExtension><gpxtpx:hr>149</gpxtpx:hr></gpxtpx:TrackPointExtension></extensions></trkpt>
      <trkpt lat="40.748494" lon="-73.956496"><ele>3.8</ele><time>2026-07-23T16:36:02.000Z</time><extensions><gpxtpx:TrackPointExtension><gpxtpx:hr>149</gpxtpx:hr></gpxtpx:TrackPointExtension></extensions></trkpt>
      <trkpt lat="40.748486" lon="-73.956464"><ele>3.8</ele><time>2026-07-23T16:36:03.000Z</time><extensions><gpxtpx:TrackPointExtension><gpxtpx:hr>149</gpxtpx:hr></gpxtpx:TrackPointExtension></extensions></trkpt>
      <trkpt lat="40.74848" lon="-73.956431"><ele>3.8</ele><time>2026-07-23T16:36:04.000Z</time><extensions><gpxtpx:TrackPointExtension><gpxtpx:hr>149</gpxtpx:hr></gpxtpx:TrackPointExtension></extensions></trkpt>
      <trkpt lat="40.748473" lon="-73.956398"><ele>3.8</ele><time>2026-07-23T16:36:05.000Z</time><extensions><gpxtpx:TrackPointExtension><gpxtpx:hr>149</gpxtpx:hr></gpxtpx:TrackPointExtension></extensions></trkpt>
      <trkpt lat="40.748466" lon="-73.956364"><ele>3.8</ele><time>2026-07-23T16:36:06.000Z</time><extensions><gpxtpx:TrackPointExtension><gpxtpx:hr>149</gpxtpx:hr></gpxtpx:TrackPointExtension></extensions></trkpt>
      <trkpt lat="40.74846" lon="-73.95633"><ele>3.8</ele><time>2026-07-23T16:36:07.000Z</time><extensions><gpxtpx:TrackPointExtension><gpxtpx:hr>149</gpxtpx:hr></gpxtpx:TrackPointExtension></extensions></trkpt>
      <trkpt lat="40.748453" lon="-73.956296"><ele>3.8</ele><time>2026-07-23T16:36:08.000Z</time><extensions><gpxtpx:TrackPointExtension><gpxtpx:hr>149</gpxtpx:hr></gpxtpx:TrackPointExtension></extensions></trkpt>
      <trkpt lat="40.748446" lon="-73.956262"><ele>3.8</ele><time>2026-07-23T16:36:09.000Z</time><extensions><gpxtpx:TrackPointExtension><gpxtpx:hr>149</gpxtpx:hr></gpxtpx:TrackPointExtension></extensions></trkpt>
      <trkpt lat="40.74844" lon="-73.95623"><ele>3.8</ele><time>2026-07-23T16:36:10.000Z</time><extensions><gpxtpx:TrackPointExtension><gpxtpx:hr>149</gpxtpx:hr></gpxtpx:TrackPointExtension></extensions></trkpt>
      <trkpt lat="40.748433" lon="-73.956199"><ele>3.6</ele><time>2026-07-23T16:36:11.000Z</time><extensions><gpxtpx:TrackPointExtension><gpxtpx:hr>149</gpxtpx:hr></gpxtpx:TrackPointExtension></extensions></trkpt>
      <trkpt lat="40.748426" lon="-73.95617"><ele>3.6</ele><time>2026-07-23T16:36:12.000Z</time><extensions><gpxtpx:TrackPointExtension><gpxtpx:hr>149</gpxtpx:hr></gpxtpx:TrackPointExtension></extensions></trkpt>
      <trkpt lat="40.748419" lon="-73.95614"><ele>3.6</ele><time>2026-07-23T16:36:13.000Z</time><extensions><gpxtpx:TrackPointExtension><gpxtpx:hr>149</gpxtpx:hr></gpxtpx:TrackPointExtension></extensions></trkpt>
      <trkpt lat="40.748411" lon="-73.956111"><ele>3.6</ele><time>2026-07-23T16:36:14.000Z</time><extensions><gpxtpx:TrackPointExtension><gpxtpx:hr>149</gpxtpx:hr></gpxtpx:TrackPointExtension></extensions></trkpt>
      <trkpt lat="40.748402" lon="-73.956082"><ele>3.6</ele><time>2026-07-23T16:36:15.000Z</time><extensions><gpxtpx:TrackPointExtension><gpxtpx:hr>149</gpxtpx:hr></gpxtpx:TrackPointExtension></extensions></trkpt>
      <trkpt lat="40.748392" lon="-73.956053"><ele>3.4</ele><time>2026-07-23T16:36:16.000Z</time><extensions><gpxtpx:TrackPointExtension><gpxtpx:hr>150</gpxtpx:hr></gpxtpx:TrackPointExtension></extensions></trkpt>
      <trkpt lat="40.74838" lon="-73.956025"><ele>3.4</ele><time>2026-07-23T16:36:17.000Z</time><extensions><gpxtpx:TrackPointExtension><gpxtpx:hr>149</gpxtpx:hr></gpxtpx:TrackPointExtension></extensions></trkpt>
      <trkpt lat="40.748368" lon="-73.955996"><ele>3.4</ele><time>2026-07-23T16:36:18.000Z</time><extensions><gpxtpx:TrackPointExtension><gpxtpx:hr>149</gpxtpx:hr></gpxtpx:TrackPointExtension></extensions></trkpt>
      <trkpt lat="40.748357" lon="-73.955967"><ele>3.4</ele><time>2026-07-23T16:36:19.000Z</time><extensions><gpxtpx:TrackPointExtension><gpxtpx:hr>149</gpxtpx:hr></gpxtpx:TrackPointExtension></extensions></trkpt>
      <trkpt lat="40.748345" lon="-73.955939"><ele>3.4</ele><time>2026-07-23T16:36:20.000Z</time><extensions><gpxtpx:TrackPointExtension><gpxtpx:hr>149</gpxtpx:hr></gpxtpx:TrackPointExtension></extensions></trkpt>
      <trkpt lat="40.748333" lon="-73.955911"><ele>3.2</ele><time>2026-07-23T16:36:21.000Z</time><extensions><gpxtpx:TrackPointExtension><gpxtpx:hr>149</gpxtpx:hr></gpxtpx:TrackPointExtension></extensions></trkpt>
      <trkpt lat="40.748321" lon="-73.955883"><ele>3.2</ele><time>2026-07-23T16:36:22.000Z</time><extensions><gpxtpx:TrackPointExtension><gpxtpx:hr>151</gpxtpx:hr></gpxtpx:TrackPointExtension></extensions></trkpt>
      <trkpt lat="40.748311" lon="-73.955854"><ele>3.2</ele><time>2026-07-23T16:36:23.000Z</time><extensions><gpxtpx:TrackPointExtension><gpxtpx:hr>151</gpxtpx:hr></gpxtpx:TrackPointExtension></extensions></trkpt>
      <trkpt lat="40.74831" lon="-73.95582"><ele>3</ele><time>2026-07-23T16:36:24.000Z</time><extensions><gpxtpx:TrackPointExtension><gpxtpx:hr>151</gpxtpx:hr></gpxtpx:TrackPointExtension></extensions></trkpt>
      <trkpt lat="40.748302" lon="-73.955791"><ele>3</ele><time>2026-07-23T16:36:25.000Z</time><extensions><gpxtpx:TrackPointExtension><gpxtpx:hr>151</gpxtpx:hr></gpxtpx:TrackPointExtension></extensions></trkpt>
      <trkpt lat="40.748295" lon="-73.955761"><ele>3</ele><time>2026-07-23T16:36:26.000Z</time><extensions><gpxtpx:TrackPointExtension><gpxtpx:hr>151</gpxtpx:hr></gpxtpx:TrackPointExtension></extensions></trkpt>
      <trkpt lat="40.748287" lon="-73.955731"><ele>2.8</ele><time>2026-07-23T16:36:27.000Z</time><extensions><gpxtpx:TrackPointExtension><gpxtpx:hr>151</gpxtpx:hr></gpxtpx:TrackPointExtension></extensions></trkpt>
      <trkpt lat="40.748278" lon="-73.9557"><ele>2.8</ele><time>2026-07-23T16:36:28.000Z</time><extensions><gpxtpx:TrackPointExtension><gpxtpx:hr>151</gpxtpx:hr></gpxtpx:TrackPointExtension></extensions></trkpt>
      <trkpt lat="40.74827" lon="-73.95567"><ele>2.8</ele><time>2026-07-23T16:36:29.000Z</time><extensions><gpxtpx:TrackPointExtension><gpxtpx:hr>151</gpxtpx:hr></gpxtpx:TrackPointExtension></extensions></trkpt>
      <trkpt lat="40.748261" lon="-73.95564"><ele>2.8</ele><time>2026-07-23T16:36:30.000Z</time><extensions><gpxtpx:TrackPointExtension><gpxtpx:hr>151</gpxtpx:hr></gpxtpx:TrackPointExtension></extensions></trkpt>
      <trkpt lat="40.748253" lon="-73.95561"><ele>2.6</ele><time>2026-07-23T16:36:31.000Z</time><extensions><gpxtpx:TrackPointExtension><gpxtpx:hr>151</gpxtpx:hr></gpxtpx:TrackPointExtension></extensions></trkpt>
      <trkpt lat="40.748244" lon="-73.955579"><ele>2.6</ele><time>2026-07-23T16:36:32.000Z</time><extensions><gpxtpx:TrackPointExtension><gpxtpx:hr>150</gpxtpx:hr></gpxtpx:TrackPointExtension></extensions></trkpt>
      <trkpt lat="40.748235" lon="-73.955549"><ele>2.6</ele><time>2026-07-23T16:36:33.000Z</time><extensions><gpxtpx:TrackPointExtension><gpxtpx:hr>150</gpxtpx:hr></gpxtpx:TrackPointExtension></extensions></trkpt>
      <trkpt lat="40.748227" lon="-73.955519"><ele>2.6</ele><time>2026-07-23T16:36:34.000Z</time><extensions><gpxtpx:TrackPointExtension><gpxtpx:hr>150</gpxtpx:hr></gpxtpx:TrackPointExtension></extensions></trkpt>
      <trkpt lat="40.748219" lon="-73.955488"><ele>2.6</ele><time>2026-07-23T16:36:35.000Z</time><extensions><gpxtpx:TrackPointExtension><gpxtpx:hr>150</gpxtpx:hr></gpxtpx:TrackPointExtension></extensions></trkpt>
      <trkpt lat="40.74821" lon="-73.955458"><ele>2.6</ele><time>2026-07-23T16:36:36.000Z</time><extensions><gpxtpx:TrackPointExtension><gpxtpx:hr>150</gpxtpx:hr></gpxtpx:TrackPointExtension></extensions></trkpt>
      <trkpt lat="40.748202" lon="-73.955428"><ele>2.6</ele><time>2026-07-23T16:36:37.000Z</time><extensions><gpxtpx:TrackPointExtension><gpxtpx:hr>150</gpxtpx:hr></gpxtpx:TrackPointExtension></extensions></trkpt>
      <trkpt lat="40.748194" lon="-73.955398"><ele>2.6</ele><time>2026-07-23T16:36:38.000Z</time><extensions><gpxtpx:TrackPointExtension><gpxtpx:hr>150</gpxtpx:hr></gpxtpx:TrackPointExtension></extensions></trkpt>
      <trkpt lat="40.748185" lon="-73.955368"><ele>2.6</ele><time>2026-07-23T16:36:39.000Z</time><extensions><gpxtpx:TrackPointExtension><gpxtpx:hr>150</gpxtpx:hr></gpxtpx:TrackPointExtension></extensions></trkpt>
      <trkpt lat="40.748176" lon="-73.95534"><ele>2.6</ele><time>2026-07-23T16:36:40.000Z</time><extensions><gpxtpx:TrackPointExtension><gpxtpx:hr>150</gpxtpx:hr></gpxtpx:TrackPointExtension></extensions></trkpt>
      <trkpt lat="40.748167" lon="-73.955313"><ele>2.6</ele><time>2026-07-23T16:36:41.000Z</time><extensions><gpxtpx:TrackPointExtension><gpxtpx:hr>152</gpxtpx:hr></gpxtpx:TrackPointExtension></extensions></trkpt>
      <trkpt lat="40.748157" lon="-73.955286"><ele>2.6</ele><time>2026-07-23T16:36:42.000Z</time><extensions><gpxtpx:TrackPointExtension><gpxtpx:hr>152</gpxtpx:hr></gpxtpx:TrackPointExtension></extensions></trkpt>
      <trkpt lat="40.748146" lon="-73.95526"><ele>2.6</ele><time>2026-07-23T16:36:43.000Z</time><extensions><gpxtpx:TrackPointExtension><gpxtpx:hr>152</gpxtpx:hr></gpxtpx:TrackPointExtension></extensions></trkpt>
      <trkpt lat="40.748134" lon="-73.955233"><ele>2.6</ele><time>2026-07-23T16:36:44.000Z</time><extensions><gpxtpx:TrackPointExtension><gpxtpx:hr>152</gpxtpx:hr></gpxtpx:TrackPointExtension></extensions></trkpt>
      <trkpt lat="40.748123" lon="-73.955206"><ele>2.6</ele><time>2026-07-23T16:36:45.000Z</time><extensions><gpxtpx:TrackPointExtension><gpxtpx:hr>152</gpxtpx:hr></gpxtpx:TrackPointExtension></extensions></trkpt>
      <trkpt lat="40.748111" lon="-73.955179"><ele>2.6</ele><time>2026-07-23T16:36:46.000Z</time><extensions><gpxtpx:TrackPointExtension><gpxtpx:hr>152</gpxtpx:hr></gpxtpx:TrackPointExtension></extensions></trkpt>
      <trkpt lat="40.748099" lon="-73.955151"><ele>2.6</ele><time>2026-07-23T16:36:47.000Z</time><extensions><gpxtpx:TrackPointExtension><gpxtpx:hr>152</gpxtpx:hr></gpxtpx:TrackPointExtension></extensions></trkpt>
      <trkpt lat="40.748089" lon="-73.955123"><ele>2.6</ele><time>2026-07-23T16:36:48.000Z</time><extensions><gpxtpx:TrackPointExtension><gpxtpx:hr>152</gpxtpx:hr></gpxtpx:TrackPointExtension></extensions></trkpt>
      <trkpt lat="40.748078" lon="-73.955096"><ele>2.6</ele><time>2026-07-23T16:36:49.000Z</time><extensions><gpxtpx:TrackPointExtension><gpxtpx:hr>152</gpxtpx:hr></gpxtpx:TrackPointExtension></extensions></trkpt>
      <trkpt lat="40.748068" lon="-73.955071"><ele>2.6</ele><time>2026-07-23T16:36:50.000Z</time><extensions><gpxtpx:TrackPointExtension><gpxtpx:hr>152</gpxtpx:hr></gpxtpx:TrackPointExtension></extensions></trkpt>
      <trkpt lat="40.748057" lon="-73.955047"><ele>2.6</ele><time>2026-07-23T16:36:51.000Z</time><extensions><gpxtpx:TrackPointExtension><gpxtpx:hr>151</gpxtpx:hr></gpxtpx:TrackPointExtension></extensions></trkpt>
      <trkpt lat="40.748044" lon="-73.955023"><ele>2.6</ele><time>2026-07-23T16:36:52.000Z</time><extensions><gpxtpx:TrackPointExtension><gpxtpx:hr>150</gpxtpx:hr></gpxtpx:TrackPointExtension></extensions></trkpt>
      <trkpt lat="40.748031" lon="-73.955001"><ele>2.6</ele><time>2026-07-23T16:36:53.000Z</time><extensions><gpxtpx:TrackPointExtension><gpxtpx:hr>150</gpxtpx:hr></gpxtpx:TrackPointExtension></extensions></trkpt>
      <trkpt lat="40.748017" lon="-73.954979"><ele>2.6</ele><time>2026-07-23T16:36:54.000Z</time><extensions><gpxtpx:TrackPointExtension><gpxtpx:hr>150</gpxtpx:hr></gpxtpx:TrackPointExtension></extensions></trkpt>
      <trkpt lat="40.748002" lon="-73.95496"><ele>2.6</ele><time>2026-07-23T16:36:55.000Z</time><extensions><gpxtpx:TrackPointExtension><gpxtpx:hr>150</gpxtpx:hr></gpxtpx:TrackPointExtension></extensions></trkpt>
      <trkpt lat="40.747989" lon="-73.954942"><ele>2.6</ele><time>2026-07-23T16:36:56.000Z</time><extensions><gpxtpx:TrackPointExtension><gpxtpx:hr>150</gpxtpx:hr></gpxtpx:TrackPointExtension></extensions></trkpt>
      <trkpt lat="40.747977" lon="-73.954927"><ele>2.6</ele><time>2026-07-23T16:36:57.000Z</time><extensions><gpxtpx:TrackPointExtension><gpxtpx:hr>150</gpxtpx:hr></gpxtpx:TrackPointExtension></extensions></trkpt>
      <trkpt lat="40.747969" lon="-73.954912"><ele>2.6</ele><time>2026-07-23T16:36:58.000Z</time><extensions><gpxtpx:TrackPointExtension><gpxtpx:hr>149</gpxtpx:hr></gpxtpx:TrackPointExtension></extensions></trkpt>
      <trkpt lat="40.747966" lon="-73.954901"><ele>2.6</ele><time>2026-07-23T16:36:59.000Z</time><extensions><gpxtpx:TrackPointExtension><gpxtpx:hr>149</gpxtpx:hr></gpxtpx:TrackPointExtension></extensions></trkpt>
      <trkpt lat="40.747969" lon="-73.954895"><ele>2.6</ele><time>2026-07-23T16:37:00.000Z</time><extensions><gpxtpx:TrackPointExtension><gpxtpx:hr>149</gpxtpx:hr></gpxtpx:TrackPointExtension></extensions></trkpt>
      <trkpt lat="40.747975" lon="-73.954895"><ele>2.6</ele><time>2026-07-23T16:37:01.000Z</time><extensions><gpxtpx:TrackPointExtension><gpxtpx:hr>149</gpxtpx:hr></gpxtpx:TrackPointExtension></extensions></trkpt>
      <trkpt lat="40.747986" lon="-73.954903"><ele>2.6</ele><time>2026-07-23T16:37:02.000Z</time><extensions><gpxtpx:TrackPointExtension><gpxtpx:hr>149</gpxtpx:hr></gpxtpx:TrackPointExtension></extensions></trkpt>
      <trkpt lat="40.747998" lon="-73.954919"><ele>2.8</ele><time>2026-07-23T16:37:03.000Z</time><extensions><gpxtpx:TrackPointExtension><gpxtpx:hr>149</gpxtpx:hr></gpxtpx:TrackPointExtension></extensions></trkpt>
      <trkpt lat="40.748012" lon="-73.954941"><ele>2.8</ele><time>2026-07-23T16:37:04.000Z</time><extensions><gpxtpx:TrackPointExtension><gpxtpx:hr>149</gpxtpx:hr></gpxtpx:TrackPointExtension></extensions></trkpt>
      <trkpt lat="40.748024" lon="-73.954967"><ele>2.8</ele><time>2026-07-23T16:37:05.000Z</time><extensions><gpxtpx:TrackPointExtension><gpxtpx:hr>149</gpxtpx:hr></gpxtpx:TrackPointExtension></extensions></trkpt>
      <trkpt lat="40.748036" lon="-73.954995"><ele>2.8</ele><time>2026-07-23T16:37:06.000Z</time><extensions><gpxtpx:TrackPointExtension><gpxtpx:hr>149</gpxtpx:hr></gpxtpx:TrackPointExtension></extensions></trkpt>
      <trkpt lat="40.748046" lon="-73.955025"><ele>2.8</ele><time>2026-07-23T16:37:07.000Z</time><extensions><gpxtpx:TrackPointExtension><gpxtpx:hr>149</gpxtpx:hr></gpxtpx:TrackPointExtension></extensions></trkpt>
      <trkpt lat="40.748055" lon="-73.955055"><ele>2.8</ele><time>2026-07-23T16:37:08.000Z</time><extensions><gpxtpx:TrackPointExtension><gpxtpx:hr>149</gpxtpx:hr></gpxtpx:TrackPointExtension></extensions></trkpt>
      <trkpt lat="40.748064" lon="-73.955085"><ele>2.8</ele><time>2026-07-23T16:37:09.000Z</time><extensions><gpxtpx:TrackPointExtension><gpxtpx:hr>151</gpxtpx:hr></gpxtpx:TrackPointExtension></extensions></trkpt>
      <trkpt lat="40.748072" lon="-73.955116"><ele>3</ele><time>2026-07-23T16:37:10.000Z</time><extensions><gpxtpx:TrackPointExtension><gpxtpx:hr>151</gpxtpx:hr></gpxtpx:TrackPointExtension></extensions></trkpt>
      <trkpt lat="40.74808" lon="-73.955148"><ele>3</ele><time>2026-07-23T16:37:11.000Z</time><extensions><gpxtpx:TrackPointExtension><gpxtpx:hr>151</gpxtpx:hr></gpxtpx:TrackPointExtension></extensions></trkpt>
      <trkpt lat="40.748088" lon="-73.955179"><ele>3</ele><time>2026-07-23T16:37:12.000Z</time><extensions><gpxtpx:TrackPointExtension><gpxtpx:hr>151</gpxtpx:hr></gpxtpx:TrackPointExtension></extensions></trkpt>
      <trkpt lat="40.748097" lon="-73.955211"><ele>3</ele><time>2026-07-23T16:37:13.000Z</time><extensions><gpxtpx:TrackPointExtension><gpxtpx:hr>151</gpxtpx:hr></gpxtpx:TrackPointExtension></extensions></trkpt>
      <trkpt lat="40.748106" lon="-73.955241"><ele>3</ele><time>2026-07-23T16:37:14.000Z</time><extensions><gpxtpx:TrackPointExtension><gpxtpx:hr>151</gpxtpx:hr></gpxtpx:TrackPointExtension></extensions></trkpt>
      <trkpt lat="40.748115" lon="-73.955272"><ele>3</ele><time>2026-07-23T16:37:15.000Z</time><extensions><gpxtpx:TrackPointExtension><gpxtpx:hr>150</gpxtpx:hr></gpxtpx:TrackPointExtension></extensions></trkpt>
      <trkpt lat="40.748125" lon="-73.955301"><ele>3</ele><time>2026-07-23T16:37:16.000Z</time><extensions><gpxtpx:TrackPointExtension><gpxtpx:hr>150</gpxtpx:hr></gpxtpx:TrackPointExtension></extensions></trkpt>
      <trkpt lat="40.748134" lon="-73.955329"><ele>3</ele><time>2026-07-23T16:37:17.000Z</time><extensions><gpxtpx:TrackPointExtension><gpxtpx:hr>150</gpxtpx:hr></gpxtpx:TrackPointExtension></extensions></trkpt>
      <trkpt lat="40.748143" lon="-73.955357"><ele>3</ele><time>2026-07-23T16:37:18.000Z</time><extensions><gpxtpx:TrackPointExtension><gpxtpx:hr>149</gpxtpx:hr></gpxtpx:TrackPointExtension></extensions></trkpt>
      <trkpt lat="40.748152" lon="-73.955386"><ele>3</ele><time>2026-07-23T16:37:19.000Z</time><extensions><gpxtpx:TrackPointExtension><gpxtpx:hr>149</gpxtpx:hr></gpxtpx:TrackPointExtension></extensions></trkpt>
      <trkpt lat="40.74816" lon="-73.955415"><ele>3</ele><time>2026-07-23T16:37:20.000Z</time><extensions><gpxtpx:TrackPointExtension><gpxtpx:hr>149</gpxtpx:hr></gpxtpx:TrackPointExtension></extensions></trkpt>
      <trkpt lat="40.748168" lon="-73.955444"><ele>3</ele><time>2026-07-23T16:37:21.000Z</time><extensions><gpxtpx:TrackPointExtension><gpxtpx:hr>149</gpxtpx:hr></gpxtpx:TrackPointExtension></extensions></trkpt>
      <trkpt lat="40.748176" lon="-73.955473"><ele>3</ele><time>2026-07-23T16:37:22.000Z</time><extensions><gpxtpx:TrackPointExtension><gpxtpx:hr>149</gpxtpx:hr></gpxtpx:TrackPointExtension></extensions></trkpt>
      <trkpt lat="40.748183" lon="-73.955502"><ele>2.8</ele><time>2026-07-23T16:37:23.000Z</time><extensions><gpxtpx:TrackPointExtension><gpxtpx:hr>149</gpxtpx:hr></gpxtpx:TrackPointExtension></extensions></trkpt>
      <trkpt lat="40.748191" lon="-73.955531"><ele>2.8</ele><time>2026-07-23T16:37:24.000Z</time><extensions><gpxtpx:TrackPointExtension><gpxtpx:hr>149</gpxtpx:hr></gpxtpx:TrackPointExtension></extensions></trkpt>
      <trkpt lat="40.748199" lon="-73.955558"><ele>2.8</ele><time>2026-07-23T16:37:25.000Z</time><extensions><gpxtpx:TrackPointExtension><gpxtpx:hr>149</gpxtpx:hr></gpxtpx:TrackPointExtension></extensions></trkpt>
      <trkpt lat="40.748206" lon="-73.955586"><ele>2.8</ele><time>2026-07-23T16:37:26.000Z</time><extensions><gpxtpx:TrackPointExtension><gpxtpx:hr>149</gpxtpx:hr></gpxtpx:TrackPointExtension></extensions></trkpt>
      <trkpt lat="40.748214" lon="-73.955613"><ele>2.6</ele><time>2026-07-23T16:37:27.000Z</time><extensions><gpxtpx:TrackPointExtension><gpxtpx:hr>149</gpxtpx:hr></gpxtpx:TrackPointExtension></extensions></trkpt>
      <trkpt lat="40.748221" lon="-73.95564"><ele>2.6</ele><time>2026-07-23T16:37:28.000Z</time><extensions><gpxtpx:TrackPointExtension><gpxtpx:hr>149</gpxtpx:hr></gpxtpx:TrackPointExtension></extensions></trkpt>
      <trkpt lat="40.748228" lon="-73.955668"><ele>2.6</ele><time>2026-07-23T16:37:29.000Z</time><extensions><gpxtpx:TrackPointExtension><gpxtpx:hr>149</gpxtpx:hr></gpxtpx:TrackPointExtension></extensions></trkpt>
      <trkpt lat="40.748236" lon="-73.955695"><ele>2.6</ele><time>2026-07-23T16:37:30.000Z</time><extensions><gpxtpx:TrackPointExtension><gpxtpx:hr>149</gpxtpx:hr></gpxtpx:TrackPointExtension></extensions></trkpt>
      <trkpt lat="40.748243" lon="-73.955721"><ele>2.6</ele><time>2026-07-23T16:37:31.000Z</time><extensions><gpxtpx:TrackPointExtension><gpxtpx:hr>149</gpxtpx:hr></gpxtpx:TrackPointExtension></extensions></trkpt>
      <trkpt lat="40.74825" lon="-73.955748"><ele>2.6</ele><time>2026-07-23T16:37:32.000Z</time><extensions><gpxtpx:TrackPointExtension><gpxtpx:hr>149</gpxtpx:hr></gpxtpx:TrackPointExtension></extensions></trkpt>
      <trkpt lat="40.748257" lon="-73.955774"><ele>2.6</ele><time>2026-07-23T16:37:33.000Z</time><extensions><gpxtpx:TrackPointExtension><gpxtpx:hr>149</gpxtpx:hr></gpxtpx:TrackPointExtension></extensions></trkpt>
      <trkpt lat="40.748265" lon="-73.955801"><ele>2.6</ele><time>2026-07-23T16:37:34.000Z</time><extensions><gpxtpx:TrackPointExtension><gpxtpx:hr>149</gpxtpx:hr></gpxtpx:TrackPointExtension></extensions></trkpt>
      <trkpt lat="40.748273" lon="-73.955827"><ele>2.6</ele><time>2026-07-23T16:37:35.000Z</time><extensions><gpxtpx:TrackPointExtension><gpxtpx:hr>149</gpxtpx:hr></gpxtpx:TrackPointExtension></extensions></trkpt>
      <trkpt lat="40.748281" lon="-73.955853"><ele>2.6</ele><time>2026-07-23T16:37:36.000Z</time><extensions><gpxtpx:TrackPointExtension><gpxtpx:hr>148</gpxtpx:hr></gpxtpx:TrackPointExtension></extensions></trkpt>
      <trkpt lat="40.748289" lon="-73.95588"><ele>2.6</ele><time>2026-07-23T16:37:37.000Z</time><extensions><gpxtpx:TrackPointExtension><gpxtpx:hr>148</gpxtpx:hr></gpxtpx:TrackPointExtension></extensions></trkpt>
      <trkpt lat="40.748297" lon="-73.955906"><ele>2.6</ele><time>2026-07-23T16:37:38.000Z</time><extensions><gpxtpx:TrackPointExtension><gpxtpx:hr>148</gpxtpx:hr></gpxtpx:TrackPointExtension></extensions></trkpt>
      <trkpt lat="40.748305" lon="-73.955933"><ele>2.6</ele><time>2026-07-23T16:37:39.000Z</time><extensions><gpxtpx:TrackPointExtension><gpxtpx:hr>148</gpxtpx:hr></gpxtpx:TrackPointExtension></extensions></trkpt>
      <trkpt lat="40.748312" lon="-73.955959"><ele>2.6</ele><time>2026-07-23T16:37:40.000Z</time><extensions><gpxtpx:TrackPointExtension><gpxtpx:hr>148</gpxtpx:hr></gpxtpx:TrackPointExtension></extensions></trkpt>
      <trkpt lat="40.74832" lon="-73.955986"><ele>2.6</ele><time>2026-07-23T16:37:41.000Z</time><extensions><gpxtpx:TrackPointExtension><gpxtpx:hr>148</gpxtpx:hr></gpxtpx:TrackPointExtension></extensions></trkpt>
      <trkpt lat="40.748329" lon="-73.956012"><ele>2.6</ele><time>2026-07-23T16:37:42.000Z</time><extensions><gpxtpx:TrackPointExtension><gpxtpx:hr>148</gpxtpx:hr></gpxtpx:TrackPointExtension></extensions></trkpt>
      <trkpt lat="40.748337" lon="-73.956039"><ele>2.6</ele><time>2026-07-23T16:37:43.000Z</time><extensions><gpxtpx:TrackPointExtension><gpxtpx:hr>147</gpxtpx:hr></gpxtpx:TrackPointExtension></extensions></trkpt>
      <trkpt lat="40.748345" lon="-73.956065"><ele>2.6</ele><time>2026-07-23T16:37:44.000Z</time><extensions><gpxtpx:TrackPointExtension><gpxtpx:hr>147</gpxtpx:hr></gpxtpx:TrackPointExtension></extensions></trkpt>
      <trkpt lat="40.748354" lon="-73.956092"><ele>2.6</ele><time>2026-07-23T16:37:45.000Z</time><extensions><gpxtpx:TrackPointExtension><gpxtpx:hr>147</gpxtpx:hr></gpxtpx:TrackPointExtension></extensions></trkpt>
      <trkpt lat="40.748363" lon="-73.956118"><ele>2.6</ele><time>2026-07-23T16:37:46.000Z</time><extensions><gpxtpx:TrackPointExtension><gpxtpx:hr>147</gpxtpx:hr></gpxtpx:TrackPointExtension></extensions></trkpt>
      <trkpt lat="40.748372" lon="-73.956144"><ele>2.6</ele><time>2026-07-23T16:37:47.000Z</time><extensions><gpxtpx:TrackPointExtension><gpxtpx:hr>147</gpxtpx:hr></gpxtpx:TrackPointExtension></extensions></trkpt>
      <trkpt lat="40.748381" lon="-73.95617"><ele>2.6</ele><time>2026-07-23T16:37:48.000Z</time><extensions><gpxtpx:TrackPointExtension><gpxtpx:hr>147</gpxtpx:hr></gpxtpx:TrackPointExtension></extensions></trkpt>
      <trkpt lat="40.748389" lon="-73.956197"><ele>2.6</ele><time>2026-07-23T16:37:49.000Z</time><extensions><gpxtpx:TrackPointExtension><gpxtpx:hr>147</gpxtpx:hr></gpxtpx:TrackPointExtension></extensions></trkpt>
      <trkpt lat="40.748397" lon="-73.956224"><ele>2.8</ele><time>2026-07-23T16:37:50.000Z</time><extensions><gpxtpx:TrackPointExtension><gpxtpx:hr>147</gpxtpx:hr></gpxtpx:TrackPointExtension></extensions></trkpt>
      <trkpt lat="40.748403" lon="-73.956252"><ele>2.8</ele><time>2026-07-23T16:37:51.000Z</time><extensions><gpxtpx:TrackPointExtension><gpxtpx:hr>147</gpxtpx:hr></gpxtpx:TrackPointExtension></extensions></trkpt>
      <trkpt lat="40.748407" lon="-73.956279"><ele>2.8</ele><time>2026-07-23T16:37:52.000Z</time><extensions><gpxtpx:TrackPointExtension><gpxtpx:hr>147</gpxtpx:hr></gpxtpx:TrackPointExtension></extensions></trkpt>
      <trkpt lat="40.74841" lon="-73.956307"><ele>2.8</ele><time>2026-07-23T16:37:53.000Z</time><extensions><gpxtpx:TrackPointExtension><gpxtpx:hr>147</gpxtpx:hr></gpxtpx:TrackPointExtension></extensions></trkpt>
      <trkpt lat="40.748412" lon="-73.956334"><ele>2.8</ele><time>2026-07-23T16:37:54.000Z</time><extensions><gpxtpx:TrackPointExtension><gpxtpx:hr>147</gpxtpx:hr></gpxtpx:TrackPointExtension></extensions></trkpt>
      <trkpt lat="40.748413" lon="-73.956363"><ele>2.8</ele><time>2026-07-23T16:37:55.000Z</time><extensions><gpxtpx:TrackPointExtension><gpxtpx:hr>145</gpxtpx:hr></gpxtpx:TrackPointExtension></extensions></trkpt>
      <trkpt lat="40.748415" lon="-73.956391"><ele>3</ele><time>2026-07-23T16:37:56.000Z</time><extensions><gpxtpx:TrackPointExtension><gpxtpx:hr>145</gpxtpx:hr></gpxtpx:TrackPointExtension></extensions></trkpt>
      <trkpt lat="40.748417" lon="-73.956419"><ele>3</ele><time>2026-07-23T16:37:57.000Z</time><extensions><gpxtpx:TrackPointExtension><gpxtpx:hr>146</gpxtpx:hr></gpxtpx:TrackPointExtension></extensions></trkpt>
      <trkpt lat="40.748419" lon="-73.956448"><ele>3</ele><time>2026-07-23T16:37:58.000Z</time><extensions><gpxtpx:TrackPointExtension><gpxtpx:hr>146</gpxtpx:hr></gpxtpx:TrackPointExtension></extensions></trkpt>
      <trkpt lat="40.748423" lon="-73.956477"><ele>3</ele><time>2026-07-23T16:37:59.000Z</time><extensions><gpxtpx:TrackPointExtension><gpxtpx:hr>146</gpxtpx:hr></gpxtpx:TrackPointExtension></extensions></trkpt>
      <trkpt lat="40.748428" lon="-73.956508"><ele>3</ele><time>2026-07-23T16:38:00.000Z</time><extensions><gpxtpx:TrackPointExtension><gpxtpx:hr>146</gpxtpx:hr></gpxtpx:TrackPointExtension></extensions></trkpt>
      <trkpt lat="40.748433" lon="-73.956537"><ele>3</ele><time>2026-07-23T16:38:01.000Z</time><extensions><gpxtpx:TrackPointExtension><gpxtpx:hr>146</gpxtpx:hr></gpxtpx:TrackPointExtension></extensions></trkpt>
      <trkpt lat="40.748439" lon="-73.956565"><ele>3</ele><time>2026-07-23T16:38:02.000Z</time><extensions><gpxtpx:TrackPointExtension><gpxtpx:hr>146</gpxtpx:hr></gpxtpx:TrackPointExtension></extensions></trkpt>
      <trkpt lat="40.748446" lon="-73.956592"><ele>3</ele><time>2026-07-23T16:38:03.000Z</time><extensions><gpxtpx:TrackPointExtension><gpxtpx:hr>146</gpxtpx:hr></gpxtpx:TrackPointExtension></extensions></trkpt>
      <trkpt lat="40.748454" lon="-73.956619"><ele>3</ele><time>2026-07-23T16:38:04.000Z</time><extensions><gpxtpx:TrackPointExtension><gpxtpx:hr>146</gpxtpx:hr></gpxtpx:TrackPointExtension></extensions></trkpt>
      <trkpt lat="40.748462" lon="-73.956646"><ele>3</ele><time>2026-07-23T16:38:05.000Z</time><extensions><gpxtpx:TrackPointExtension><gpxtpx:hr>145</gpxtpx:hr></gpxtpx:TrackPointExtension></extensions></trkpt>
      <trkpt lat="40.74847" lon="-73.956672"><ele>3.2</ele><time>2026-07-23T16:38:06.000Z</time><extensions><gpxtpx:TrackPointExtension><gpxtpx:hr>145</gpxtpx:hr></gpxtpx:TrackPointExtension></extensions></trkpt>
      <trkpt lat="40.748479" lon="-73.956697"><ele>3.2</ele><time>2026-07-23T16:38:07.000Z</time><extensions><gpxtpx:TrackPointExtension><gpxtpx:hr>145</gpxtpx:hr></gpxtpx:TrackPointExtension></extensions></trkpt>
      <trkpt lat="40.748489" lon="-73.956719"><ele>3.2</ele><time>2026-07-23T16:38:08.000Z</time><extensions><gpxtpx:TrackPointExtension><gpxtpx:hr>145</gpxtpx:hr></gpxtpx:TrackPointExtension></extensions></trkpt>
      <trkpt lat="40.7485" lon="-73.956741"><ele>3.2</ele><time>2026-07-23T16:38:09.000Z</time><extensions><gpxtpx:TrackPointExtension><gpxtpx:hr>145</gpxtpx:hr></gpxtpx:TrackPointExtension></extensions></trkpt>
      <trkpt lat="40.748511" lon="-73.956765"><ele>3.2</ele><time>2026-07-23T16:38:10.000Z</time><extensions><gpxtpx:TrackPointExtension><gpxtpx:hr>145</gpxtpx:hr></gpxtpx:TrackPointExtension></extensions></trkpt>
      <trkpt lat="40.748522" lon="-73.956791"><ele>3.2</ele><time>2026-07-23T16:38:11.000Z</time><extensions><gpxtpx:TrackPointExtension><gpxtpx:hr>145</gpxtpx:hr></gpxtpx:TrackPointExtension></extensions></trkpt>
      <trkpt lat="40.748533" lon="-73.956818"><ele>3.2</ele><time>2026-07-23T16:38:12.000Z</time><extensions><gpxtpx:TrackPointExtension><gpxtpx:hr>145</gpxtpx:hr></gpxtpx:TrackPointExtension></extensions></trkpt>
      <trkpt lat="40.748544" lon="-73.956844"><ele>3.2</ele><time>2026-07-23T16:38:13.000Z</time><extensions><gpxtpx:TrackPointExtension><gpxtpx:hr>145</gpxtpx:hr></gpxtpx:TrackPointExtension></extensions></trkpt>
      <trkpt lat="40.748556" lon="-73.956867"><ele>3.2</ele><time>2026-07-23T16:38:14.000Z</time><extensions><gpxtpx:TrackPointExtension><gpxtpx:hr>145</gpxtpx:hr></gpxtpx:TrackPointExtension></extensions></trkpt>
      <trkpt lat="40.748569" lon="-73.956887"><ele>3.2</ele><time>2026-07-23T16:38:15.000Z</time><extensions><gpxtpx:TrackPointExtension><gpxtpx:hr>145</gpxtpx:hr></gpxtpx:TrackPointExtension></extensions></trkpt>
      <trkpt lat="40.748584" lon="-73.956906"><ele>3.2</ele><time>2026-07-23T16:38:16.000Z</time><extensions><gpxtpx:TrackPointExtension><gpxtpx:hr>145</gpxtpx:hr></gpxtpx:TrackPointExtension></extensions></trkpt>
      <trkpt lat="40.748599" lon="-73.956926"><ele>3.2</ele><time>2026-07-23T16:38:17.000Z</time><extensions><gpxtpx:TrackPointExtension><gpxtpx:hr>145</gpxtpx:hr></gpxtpx:TrackPointExtension></extensions></trkpt>
      <trkpt lat="40.748614" lon="-73.956947"><ele>3.2</ele><time>2026-07-23T16:38:18.000Z</time><extensions><gpxtpx:TrackPointExtension><gpxtpx:hr>146</gpxtpx:hr></gpxtpx:TrackPointExtension></extensions></trkpt>
      <trkpt lat="40.748626" lon="-73.956969"><ele>3.2</ele><time>2026-07-23T16:38:19.000Z</time><extensions><gpxtpx:TrackPointExtension><gpxtpx:hr>146</gpxtpx:hr></gpxtpx:TrackPointExtension></extensions></trkpt>
      <trkpt lat="40.748636" lon="-73.956991"><ele>3.2</ele><time>2026-07-23T16:38:20.000Z</time><extensions><gpxtpx:TrackPointExtension><gpxtpx:hr>146</gpxtpx:hr></gpxtpx:TrackPointExtension></extensions></trkpt>
      <trkpt lat="40.748644" lon="-73.957013"><ele>3.2</ele><time>2026-07-23T16:38:21.000Z</time><extensions><gpxtpx:TrackPointExtension><gpxtpx:hr>146</gpxtpx:hr></gpxtpx:TrackPointExtension></extensions></trkpt>
      <trkpt lat="40.748649" lon="-73.957035"><ele>3.2</ele><time>2026-07-23T16:38:22.000Z</time><extensions><gpxtpx:TrackPointExtension><gpxtpx:hr>146</gpxtpx:hr></gpxtpx:TrackPointExtension></extensions></trkpt>
      <trkpt lat="40.74865" lon="-73.957058"><ele>3.2</ele><time>2026-07-23T16:38:23.000Z</time><extensions><gpxtpx:TrackPointExtension><gpxtpx:hr>146</gpxtpx:hr></gpxtpx:TrackPointExtension></extensions></trkpt>
      <trkpt lat="40.748646" lon="-73.957081"><ele>3.2</ele><time>2026-07-23T16:38:24.000Z</time><extensions><gpxtpx:TrackPointExtension><gpxtpx:hr>146</gpxtpx:hr></gpxtpx:TrackPointExtension></extensions></trkpt>
      <trkpt lat="40.748637" lon="-73.957103"><ele>3.2</ele><time>2026-07-23T16:38:25.000Z</time><extensions><gpxtpx:TrackPointExtension><gpxtpx:hr>146</gpxtpx:hr></gpxtpx:TrackPointExtension></extensions></trkpt>
      <trkpt lat="40.748626" lon="-73.957121"><ele>3.2</ele><time>2026-07-23T16:38:26.000Z</time><extensions><gpxtpx:TrackPointExtension><gpxtpx:hr>145</gpxtpx:hr></gpxtpx:TrackPointExtension></extensions></trkpt>
      <trkpt lat="40.748614" lon="-73.957139"><ele>3</ele><time>2026-07-23T16:38:27.000Z</time><extensions><gpxtpx:TrackPointExtension><gpxtpx:hr>145</gpxtpx:hr></gpxtpx:TrackPointExtension></extensions></trkpt>
      <trkpt lat="40.748602" lon="-73.957157"><ele>3</ele><time>2026-07-23T16:38:28.000Z</time><extensions><gpxtpx:TrackPointExtension><gpxtpx:hr>145</gpxtpx:hr></gpxtpx:TrackPointExtension></extensions></trkpt>
      <trkpt lat="40.748591" lon="-73.957175"><ele>3</ele><time>2026-07-23T16:38:29.000Z</time><extensions><gpxtpx:TrackPointExtension><gpxtpx:hr>145</gpxtpx:hr></gpxtpx:TrackPointExtension></extensions></trkpt>
      <trkpt lat="40.748579" lon="-73.957193"><ele>3</ele><time>2026-07-23T16:38:30.000Z</time><extensions><gpxtpx:TrackPointExtension><gpxtpx:hr>145</gpxtpx:hr></gpxtpx:TrackPointExtension></extensions></trkpt>
      <trkpt lat="40.748567" lon="-73.95721"><ele>3</ele><time>2026-07-23T16:38:31.000Z</time><extensions><gpxtpx:TrackPointExtension><gpxtpx:hr>145</gpxtpx:hr></gpxtpx:TrackPointExtension></extensions></trkpt>
      <trkpt lat="40.748554" lon="-73.957227"><ele>3</ele><time>2026-07-23T16:38:32.000Z</time><extensions><gpxtpx:TrackPointExtension><gpxtpx:hr>145</gpxtpx:hr></gpxtpx:TrackPointExtension></extensions></trkpt>
      <trkpt lat="40.748539" lon="-73.957243"><ele>3</ele><time>2026-07-23T16:38:33.000Z</time><extensions><gpxtpx:TrackPointExtension><gpxtpx:hr>145</gpxtpx:hr></gpxtpx:TrackPointExtension></extensions></trkpt>
      <trkpt lat="40.748525" lon="-73.95726"><ele>3</ele><time>2026-07-23T16:38:34.000Z</time><extensions><gpxtpx:TrackPointExtension><gpxtpx:hr>145</gpxtpx:hr></gpxtpx:TrackPointExtension></extensions></trkpt>
      <trkpt lat="40.748512" lon="-73.957274"><ele>3</ele><time>2026-07-23T16:38:35.000Z</time><extensions><gpxtpx:TrackPointExtension><gpxtpx:hr>145</gpxtpx:hr></gpxtpx:TrackPointExtension></extensions></trkpt>
      <trkpt lat="40.748498" lon="-73.957288"><ele>3.2</ele><time>2026-07-23T16:38:36.000Z</time><extensions><gpxtpx:TrackPointExtension><gpxtpx:hr>143</gpxtpx:hr></gpxtpx:TrackPointExtension></extensions></trkpt>
      <trkpt lat="40.748483" lon="-73.957302"><ele>3.2</ele><time>2026-07-23T16:38:37.000Z</time><extensions><gpxtpx:TrackPointExtension><gpxtpx:hr>143</gpxtpx:hr></gpxtpx:TrackPointExtension></extensions></trkpt>
      <trkpt lat="40.748466" lon="-73.957316"><ele>3.2</ele><time>2026-07-23T16:38:38.000Z</time><extensions><gpxtpx:TrackPointExtension><gpxtpx:hr>144</gpxtpx:hr></gpxtpx:TrackPointExtension></extensions></trkpt>
      <trkpt lat="40.748447" lon="-73.95733"><ele>3.2</ele><time>2026-07-23T16:38:39.000Z</time><extensions><gpxtpx:TrackPointExtension><gpxtpx:hr>144</gpxtpx:hr></gpxtpx:TrackPointExtension></extensions></trkpt>
      <trkpt lat="40.748428" lon="-73.957343"><ele>3.2</ele><time>2026-07-23T16:38:40.000Z</time><extensions><gpxtpx:TrackPointExtension><gpxtpx:hr>144</gpxtpx:hr></gpxtpx:TrackPointExtension></extensions></trkpt>
      <trkpt lat="40.74841" lon="-73.957358"><ele>3.2</ele><time>2026-07-23T16:38:41.000Z</time><extensions><gpxtpx:TrackPointExtension><gpxtpx:hr>144</gpxtpx:hr></gpxtpx:TrackPointExtension></extensions></trkpt>
      <trkpt lat="40.748392" lon="-73.957372"><ele>3.2</ele><time>2026-07-23T16:38:42.000Z</time><extensions><gpxtpx:TrackPointExtension><gpxtpx:hr>144</gpxtpx:hr></gpxtpx:TrackPointExtension></extensions></trkpt>
      <trkpt lat="40.748375" lon="-73.957386"><ele>3.2</ele><time>2026-07-23T16:38:43.000Z</time><extensions><gpxtpx:TrackPointExtension><gpxtpx:hr>144</gpxtpx:hr></gpxtpx:TrackPointExtension></extensions></trkpt>
      <trkpt lat="40.748357" lon="-73.957399"><ele>3.2</ele><time>2026-07-23T16:38:44.000Z</time><extensions><gpxtpx:TrackPointExtension><gpxtpx:hr>144</gpxtpx:hr></gpxtpx:TrackPointExtension></extensions></trkpt>
      <trkpt lat="40.748338" lon="-73.957411"><ele>3.2</ele><time>2026-07-23T16:38:45.000Z</time><extensions><gpxtpx:TrackPointExtension><gpxtpx:hr>144</gpxtpx:hr></gpxtpx:TrackPointExtension></extensions></trkpt>
      <trkpt lat="40.748318" lon="-73.957424"><ele>3.2</ele><time>2026-07-23T16:38:46.000Z</time><extensions><gpxtpx:TrackPointExtension><gpxtpx:hr>144</gpxtpx:hr></gpxtpx:TrackPointExtension></extensions></trkpt>
      <trkpt lat="40.748297" lon="-73.957438"><ele>3.2</ele><time>2026-07-23T16:38:47.000Z</time><extensions><gpxtpx:TrackPointExtension><gpxtpx:hr>144</gpxtpx:hr></gpxtpx:TrackPointExtension></extensions></trkpt>
      <trkpt lat="40.748276" lon="-73.957452"><ele>3.2</ele><time>2026-07-23T16:38:48.000Z</time><extensions><gpxtpx:TrackPointExtension><gpxtpx:hr>144</gpxtpx:hr></gpxtpx:TrackPointExtension></extensions></trkpt>
      <trkpt lat="40.748256" lon="-73.957463"><ele>3.2</ele><time>2026-07-23T16:38:49.000Z</time><extensions><gpxtpx:TrackPointExtension><gpxtpx:hr>144</gpxtpx:hr></gpxtpx:TrackPointExtension></extensions></trkpt>
      <trkpt lat="40.748236" lon="-73.957472"><ele>3.2</ele><time>2026-07-23T16:38:50.000Z</time><extensions><gpxtpx:TrackPointExtension><gpxtpx:hr>144</gpxtpx:hr></gpxtpx:TrackPointExtension></extensions></trkpt>
      <trkpt lat="40.748216" lon="-73.957477"><ele>3.2</ele><time>2026-07-23T16:38:51.000Z</time><extensions><gpxtpx:TrackPointExtension><gpxtpx:hr>143</gpxtpx:hr></gpxtpx:TrackPointExtension></extensions></trkpt>
      <trkpt lat="40.748197" lon="-73.957481"><ele>3.2</ele><time>2026-07-23T16:38:52.000Z</time><extensions><gpxtpx:TrackPointExtension><gpxtpx:hr>143</gpxtpx:hr></gpxtpx:TrackPointExtension></extensions></trkpt>
      <trkpt lat="40.748177" lon="-73.957484"><ele>3.2</ele><time>2026-07-23T16:38:53.000Z</time><extensions><gpxtpx:TrackPointExtension><gpxtpx:hr>143</gpxtpx:hr></gpxtpx:TrackPointExtension></extensions></trkpt>
      <trkpt lat="40.748156" lon="-73.957488"><ele>3.2</ele><time>2026-07-23T16:38:54.000Z</time><extensions><gpxtpx:TrackPointExtension><gpxtpx:hr>143</gpxtpx:hr></gpxtpx:TrackPointExtension></extensions></trkpt>
      <trkpt lat="40.748136" lon="-73.957493"><ele>3.2</ele><time>2026-07-23T16:38:55.000Z</time><extensions><gpxtpx:TrackPointExtension><gpxtpx:hr>143</gpxtpx:hr></gpxtpx:TrackPointExtension></extensions></trkpt>
      <trkpt lat="40.748115" lon="-73.957497"><ele>3.2</ele><time>2026-07-23T16:38:56.000Z</time><extensions><gpxtpx:TrackPointExtension><gpxtpx:hr>142</gpxtpx:hr></gpxtpx:TrackPointExtension></extensions></trkpt>
      <trkpt lat="40.748094" lon="-73.957501"><ele>3.2</ele><time>2026-07-23T16:38:57.000Z</time><extensions><gpxtpx:TrackPointExtension><gpxtpx:hr>142</gpxtpx:hr></gpxtpx:TrackPointExtension></extensions></trkpt>
      <trkpt lat="40.748072" lon="-73.957502"><ele>3.2</ele><time>2026-07-23T16:38:58.000Z</time><extensions><gpxtpx:TrackPointExtension><gpxtpx:hr>142</gpxtpx:hr></gpxtpx:TrackPointExtension></extensions></trkpt>
      <trkpt lat="40.748051" lon="-73.9575"><ele>3.2</ele><time>2026-07-23T16:38:59.000Z</time><extensions><gpxtpx:TrackPointExtension><gpxtpx:hr>142</gpxtpx:hr></gpxtpx:TrackPointExtension></extensions></trkpt>
      <trkpt lat="40.74803" lon="-73.957496"><ele>3.2</ele><time>2026-07-23T16:39:00.000Z</time><extensions><gpxtpx:TrackPointExtension><gpxtpx:hr>142</gpxtpx:hr></gpxtpx:TrackPointExtension></extensions></trkpt>
      <trkpt lat="40.74801" lon="-73.957491"><ele>3.4</ele><time>2026-07-23T16:39:01.000Z</time><extensions><gpxtpx:TrackPointExtension><gpxtpx:hr>142</gpxtpx:hr></gpxtpx:TrackPointExtension></extensions></trkpt>
      <trkpt lat="40.747987" lon="-73.957486"><ele>3.4</ele><time>2026-07-23T16:39:02.000Z</time><extensions><gpxtpx:TrackPointExtension><gpxtpx:hr>143</gpxtpx:hr></gpxtpx:TrackPointExtension></extensions></trkpt>
      <trkpt lat="40.747962" lon="-73.957479"><ele>3.4</ele><time>2026-07-23T16:39:03.000Z</time><extensions><gpxtpx:TrackPointExtension><gpxtpx:hr>143</gpxtpx:hr></gpxtpx:TrackPointExtension></extensions></trkpt>
      <trkpt lat="40.747935" lon="-73.95747"><ele>3.4</ele><time>2026-07-23T16:39:04.000Z</time><extensions><gpxtpx:TrackPointExtension><gpxtpx:hr>143</gpxtpx:hr></gpxtpx:TrackPointExtension></extensions></trkpt>
      <trkpt lat="40.747908" lon="-73.95746"><ele>3.4</ele><time>2026-07-23T16:39:05.000Z</time><extensions><gpxtpx:TrackPointExtension><gpxtpx:hr>143</gpxtpx:hr></gpxtpx:TrackPointExtension></extensions></trkpt>
      <trkpt lat="40.747882" lon="-73.957451"><ele>3.4</ele><time>2026-07-23T16:39:06.000Z</time><extensions><gpxtpx:TrackPointExtension><gpxtpx:hr>143</gpxtpx:hr></gpxtpx:TrackPointExtension></extensions></trkpt>
      <trkpt lat="40.747856" lon="-73.957442"><ele>3.6</ele><time>2026-07-23T16:39:07.000Z</time><extensions><gpxtpx:TrackPointExtension><gpxtpx:hr>143</gpxtpx:hr></gpxtpx:TrackPointExtension></extensions></trkpt>
      <trkpt lat="40.747831" lon="-73.957434"><ele>3.6</ele><time>2026-07-23T16:39:08.000Z</time><extensions><gpxtpx:TrackPointExtension><gpxtpx:hr>143</gpxtpx:hr></gpxtpx:TrackPointExtension></extensions></trkpt>
      <trkpt lat="40.747806" lon="-73.957427"><ele>3.6</ele><time>2026-07-23T16:39:09.000Z</time><extensions><gpxtpx:TrackPointExtension><gpxtpx:hr>143</gpxtpx:hr></gpxtpx:TrackPointExtension></extensions></trkpt>
      <trkpt lat="40.74778" lon="-73.957422"><ele>3.8</ele><time>2026-07-23T16:39:10.000Z</time><extensions><gpxtpx:TrackPointExtension><gpxtpx:hr>144</gpxtpx:hr></gpxtpx:TrackPointExtension></extensions></trkpt>
      <trkpt lat="40.747754" lon="-73.95742"><ele>4</ele><time>2026-07-23T16:39:11.000Z</time><extensions><gpxtpx:TrackPointExtension><gpxtpx:hr>144</gpxtpx:hr></gpxtpx:TrackPointExtension></extensions></trkpt>
      <trkpt lat="40.747727" lon="-73.957422"><ele>4</ele><time>2026-07-23T16:39:12.000Z</time><extensions><gpxtpx:TrackPointExtension><gpxtpx:hr>145</gpxtpx:hr></gpxtpx:TrackPointExtension></extensions></trkpt>
      <trkpt lat="40.747701" lon="-73.957429"><ele>4.2</ele><time>2026-07-23T16:39:13.000Z</time><extensions><gpxtpx:TrackPointExtension><gpxtpx:hr>145</gpxtpx:hr></gpxtpx:TrackPointExtension></extensions></trkpt>
      <trkpt lat="40.747677" lon="-73.95744"><ele>4.2</ele><time>2026-07-23T16:39:14.000Z</time><extensions><gpxtpx:TrackPointExtension><gpxtpx:hr>145</gpxtpx:hr></gpxtpx:TrackPointExtension></extensions></trkpt>
      <trkpt lat="40.747654" lon="-73.957454"><ele>4.4</ele><time>2026-07-23T16:39:15.000Z</time><extensions><gpxtpx:TrackPointExtension><gpxtpx:hr>145</gpxtpx:hr></gpxtpx:TrackPointExtension></extensions></trkpt>
      <trkpt lat="40.747631" lon="-73.957467"><ele>4.4</ele><time>2026-07-23T16:39:16.000Z</time><extensions><gpxtpx:TrackPointExtension><gpxtpx:hr>145</gpxtpx:hr></gpxtpx:TrackPointExtension></extensions></trkpt>
      <trkpt lat="40.747607" lon="-73.957481"><ele>4.6</ele><time>2026-07-23T16:39:17.000Z</time><extensions><gpxtpx:TrackPointExtension><gpxtpx:hr>147</gpxtpx:hr></gpxtpx:TrackPointExtension></extensions></trkpt>
      <trkpt lat="40.747582" lon="-73.957495"><ele>4.6</ele><time>2026-07-23T16:39:18.000Z</time><extensions><gpxtpx:TrackPointExtension><gpxtpx:hr>147</gpxtpx:hr></gpxtpx:TrackPointExtension></extensions></trkpt>
      <trkpt lat="40.747558" lon="-73.957509"><ele>4.8</ele><time>2026-07-23T16:39:19.000Z</time><extensions><gpxtpx:TrackPointExtension><gpxtpx:hr>147</gpxtpx:hr></gpxtpx:TrackPointExtension></extensions></trkpt>
      <trkpt lat="40.747534" lon="-73.957523"><ele>4.8</ele><time>2026-07-23T16:39:20.000Z</time><extensions><gpxtpx:TrackPointExtension><gpxtpx:hr>147</gpxtpx:hr></gpxtpx:TrackPointExtension></extensions></trkpt>
      <trkpt lat="40.74751" lon="-73.957537"><ele>4.8</ele><time>2026-07-23T16:39:21.000Z</time><extensions><gpxtpx:TrackPointExtension><gpxtpx:hr>147</gpxtpx:hr></gpxtpx:TrackPointExtension></extensions></trkpt>
      <trkpt lat="40.747487" lon="-73.957551"><ele>4.8</ele><time>2026-07-23T16:39:22.000Z</time><extensions><gpxtpx:TrackPointExtension><gpxtpx:hr>147</gpxtpx:hr></gpxtpx:TrackPointExtension></extensions></trkpt>
      <trkpt lat="40.747463" lon="-73.957564"><ele>4.8</ele><time>2026-07-23T16:39:23.000Z</time><extensions><gpxtpx:TrackPointExtension><gpxtpx:hr>147</gpxtpx:hr></gpxtpx:TrackPointExtension></extensions></trkpt>
      <trkpt lat="40.747441" lon="-73.957577"><ele>4.8</ele><time>2026-07-23T16:39:24.000Z</time><extensions><gpxtpx:TrackPointExtension><gpxtpx:hr>147</gpxtpx:hr></gpxtpx:TrackPointExtension></extensions></trkpt>
      <trkpt lat="40.747419" lon="-73.957589"><ele>5</ele><time>2026-07-23T16:39:25.000Z</time><extensions><gpxtpx:TrackPointExtension><gpxtpx:hr>147</gpxtpx:hr></gpxtpx:TrackPointExtension></extensions></trkpt>
      <trkpt lat="40.747398" lon="-73.957604"><ele>5</ele><time>2026-07-23T16:39:26.000Z</time><extensions><gpxtpx:TrackPointExtension><gpxtpx:hr>146</gpxtpx:hr></gpxtpx:TrackPointExtension></extensions></trkpt>
      <trkpt lat="40.747377" lon="-73.957621"><ele>5</ele><time>2026-07-23T16:39:27.000Z</time><extensions><gpxtpx:TrackPointExtension><gpxtpx:hr>146</gpxtpx:hr></gpxtpx:TrackPointExtension></extensions></trkpt>
      <trkpt lat="40.747356" lon="-73.957641"><ele>5</ele><time>2026-07-23T16:39:28.000Z</time><extensions><gpxtpx:TrackPointExtension><gpxtpx:hr>145</gpxtpx:hr></gpxtpx:TrackPointExtension></extensions></trkpt>
      <trkpt lat="40.747336" lon="-73.957661"><ele>5</ele><time>2026-07-23T16:39:29.000Z</time><extensions><gpxtpx:TrackPointExtension><gpxtpx:hr>145</gpxtpx:hr></gpxtpx:TrackPointExtension></extensions></trkpt>
      <trkpt lat="40.747315" lon="-73.957679"><ele>5</ele><time>2026-07-23T16:39:30.000Z</time><extensions><gpxtpx:TrackPointExtension><gpxtpx:hr>145</gpxtpx:hr></gpxtpx:TrackPointExtension></extensions></trkpt>
      <trkpt lat="40.747293" lon="-73.957695"><ele>5</ele><time>2026-07-23T16:39:31.000Z</time><extensions><gpxtpx:TrackPointExtension><gpxtpx:hr>145</gpxtpx:hr></gpxtpx:TrackPointExtension></extensions></trkpt>
      <trkpt lat="40.747271" lon="-73.957705"><ele>5</ele><time>2026-07-23T16:39:32.000Z</time><extensions><gpxtpx:TrackPointExtension><gpxtpx:hr>145</gpxtpx:hr></gpxtpx:TrackPointExtension></extensions></trkpt>
      <trkpt lat="40.74725" lon="-73.957711"><ele>5</ele><time>2026-07-23T16:39:33.000Z</time><extensions><gpxtpx:TrackPointExtension><gpxtpx:hr>145</gpxtpx:hr></gpxtpx:TrackPointExtension></extensions></trkpt>
      <trkpt lat="40.74723" lon="-73.957711"><ele>5</ele><time>2026-07-23T16:39:34.000Z</time><extensions><gpxtpx:TrackPointExtension><gpxtpx:hr>145</gpxtpx:hr></gpxtpx:TrackPointExtension></extensions></trkpt>
      <trkpt lat="40.747212" lon="-73.957706"><ele>5</ele><time>2026-07-23T16:39:35.000Z</time><extensions><gpxtpx:TrackPointExtension><gpxtpx:hr>145</gpxtpx:hr></gpxtpx:TrackPointExtension></extensions></trkpt>
      <trkpt lat="40.747194" lon="-73.957697"><ele>4.8</ele><time>2026-07-23T16:39:36.000Z</time><extensions><gpxtpx:TrackPointExtension><gpxtpx:hr>145</gpxtpx:hr></gpxtpx:TrackPointExtension></extensions></trkpt>
      <trkpt lat="40.747176" lon="-73.957686"><ele>4.8</ele><time>2026-07-23T16:39:37.000Z</time><extensions><gpxtpx:TrackPointExtension><gpxtpx:hr>145</gpxtpx:hr></gpxtpx:TrackPointExtension></extensions></trkpt>
      <trkpt lat="40.747158" lon="-73.957674"><ele>4.8</ele><time>2026-07-23T16:39:38.000Z</time><extensions><gpxtpx:TrackPointExtension><gpxtpx:hr>145</gpxtpx:hr></gpxtpx:TrackPointExtension></extensions></trkpt>
      <trkpt lat="40.747143" lon="-73.957659"><ele>4.8</ele><time>2026-07-23T16:39:39.000Z</time><extensions><gpxtpx:TrackPointExtension><gpxtpx:hr>145</gpxtpx:hr></gpxtpx:TrackPointExtension></extensions></trkpt>
      <trkpt lat="40.747131" lon="-73.957643"><ele>4.8</ele><time>2026-07-23T16:39:40.000Z</time><extensions><gpxtpx:TrackPointExtension><gpxtpx:hr>147</gpxtpx:hr></gpxtpx:TrackPointExtension></extensions></trkpt>
      <trkpt lat="40.747119" lon="-73.957626"><ele>4.8</ele><time>2026-07-23T16:39:41.000Z</time><extensions><gpxtpx:TrackPointExtension><gpxtpx:hr>147</gpxtpx:hr></gpxtpx:TrackPointExtension></extensions></trkpt>
      <trkpt lat="40.747107" lon="-73.957607"><ele>4.6</ele><time>2026-07-23T16:39:42.000Z</time><extensions><gpxtpx:TrackPointExtension><gpxtpx:hr>147</gpxtpx:hr></gpxtpx:TrackPointExtension></extensions></trkpt>
      <trkpt lat="40.747094" lon="-73.957589"><ele>4.6</ele><time>2026-07-23T16:39:43.000Z</time><extensions><gpxtpx:TrackPointExtension><gpxtpx:hr>147</gpxtpx:hr></gpxtpx:TrackPointExtension></extensions></trkpt>
      <trkpt lat="40.747079" lon="-73.957569"><ele>4.6</ele><time>2026-07-23T16:39:44.000Z</time><extensions><gpxtpx:TrackPointExtension><gpxtpx:hr>147</gpxtpx:hr></gpxtpx:TrackPointExtension></extensions></trkpt>
      <trkpt lat="40.747063" lon="-73.95755"><ele>4.6</ele><time>2026-07-23T16:39:45.000Z</time><extensions><gpxtpx:TrackPointExtension><gpxtpx:hr>147</gpxtpx:hr></gpxtpx:TrackPointExtension></extensions></trkpt>
      <trkpt lat="40.747047" lon="-73.957529"><ele>4.6</ele><time>2026-07-23T16:39:46.000Z</time><extensions><gpxtpx:TrackPointExtension><gpxtpx:hr>147</gpxtpx:hr></gpxtpx:TrackPointExtension></extensions></trkpt>
      <trkpt lat="40.747031" lon="-73.95751"><ele>4.6</ele><time>2026-07-23T16:39:47.000Z</time><extensions><gpxtpx:TrackPointExtension><gpxtpx:hr>147</gpxtpx:hr></gpxtpx:TrackPointExtension></extensions></trkpt>
      <trkpt lat="40.747015" lon="-73.957491"><ele>4.4</ele><time>2026-07-23T16:39:48.000Z</time><extensions><gpxtpx:TrackPointExtension><gpxtpx:hr>147</gpxtpx:hr></gpxtpx:TrackPointExtension></extensions></trkpt>
      <trkpt lat="40.747" lon="-73.957474"><ele>4.4</ele><time>2026-07-23T16:39:49.000Z</time><extensions><gpxtpx:TrackPointExtension><gpxtpx:hr>147</gpxtpx:hr></gpxtpx:TrackPointExtension></extensions></trkpt>
      <trkpt lat="40.746985" lon="-73.957456"><ele>4.4</ele><time>2026-07-23T16:39:50.000Z</time><extensions><gpxtpx:TrackPointExtension><gpxtpx:hr>147</gpxtpx:hr></gpxtpx:TrackPointExtension></extensions></trkpt>
      <trkpt lat="40.746969" lon="-73.957439"><ele>4.4</ele><time>2026-07-23T16:39:51.000Z</time><extensions><gpxtpx:TrackPointExtension><gpxtpx:hr>147</gpxtpx:hr></gpxtpx:TrackPointExtension></extensions></trkpt>
      <trkpt lat="40.746953" lon="-73.957424"><ele>4.4</ele><time>2026-07-23T16:39:52.000Z</time><extensions><gpxtpx:TrackPointExtension><gpxtpx:hr>147</gpxtpx:hr></gpxtpx:TrackPointExtension></extensions></trkpt>
      <trkpt lat="40.746935" lon="-73.957411"><ele>4.6</ele><time>2026-07-23T16:39:53.000Z</time><extensions><gpxtpx:TrackPointExtension><gpxtpx:hr>147</gpxtpx:hr></gpxtpx:TrackPointExtension></extensions></trkpt>
      <trkpt lat="40.746918" lon="-73.9574"><ele>4.6</ele><time>2026-07-23T16:39:54.000Z</time><extensions><gpxtpx:TrackPointExtension><gpxtpx:hr>147</gpxtpx:hr></gpxtpx:TrackPointExtension></extensions></trkpt>
      <trkpt lat="40.7469" lon="-73.95739"><ele>4.6</ele><time>2026-07-23T16:39:55.000Z</time><extensions><gpxtpx:TrackPointExtension><gpxtpx:hr>147</gpxtpx:hr></gpxtpx:TrackPointExtension></extensions></trkpt>
      <trkpt lat="40.746882" lon="-73.957382"><ele>4.6</ele><time>2026-07-23T16:39:56.000Z</time><extensions><gpxtpx:TrackPointExtension><gpxtpx:hr>145</gpxtpx:hr></gpxtpx:TrackPointExtension></extensions></trkpt>
      <trkpt lat="40.746862" lon="-73.957376"><ele>4.6</ele><time>2026-07-23T16:39:57.000Z</time><extensions><gpxtpx:TrackPointExtension><gpxtpx:hr>145</gpxtpx:hr></gpxtpx:TrackPointExtension></extensions></trkpt>
      <trkpt lat="40.746842" lon="-73.957375"><ele>4.8</ele><time>2026-07-23T16:39:58.000Z</time><extensions><gpxtpx:TrackPointExtension><gpxtpx:hr>145</gpxtpx:hr></gpxtpx:TrackPointExtension></extensions></trkpt>
      <trkpt lat="40.746821" lon="-73.957377"><ele>4.8</ele><time>2026-07-23T16:39:59.000Z</time><extensions><gpxtpx:TrackPointExtension><gpxtpx:hr>145</gpxtpx:hr></gpxtpx:TrackPointExtension></extensions></trkpt>
      <trkpt lat="40.7468" lon="-73.957381"><ele>4.8</ele><time>2026-07-23T16:40:00.000Z</time><extensions><gpxtpx:TrackPointExtension><gpxtpx:hr>145</gpxtpx:hr></gpxtpx:TrackPointExtension></extensions></trkpt>
      <trkpt lat="40.74678" lon="-73.957386"><ele>4.8</ele><time>2026-07-23T16:40:01.000Z</time><extensions><gpxtpx:TrackPointExtension><gpxtpx:hr>145</gpxtpx:hr></gpxtpx:TrackPointExtension></extensions></trkpt>
      <trkpt lat="40.746761" lon="-73.957391"><ele>4.8</ele><time>2026-07-23T16:40:02.000Z</time><extensions><gpxtpx:TrackPointExtension><gpxtpx:hr>145</gpxtpx:hr></gpxtpx:TrackPointExtension></extensions></trkpt>
      <trkpt lat="40.746745" lon="-73.957396"><ele>4.8</ele><time>2026-07-23T16:40:03.000Z</time><extensions><gpxtpx:TrackPointExtension><gpxtpx:hr>145</gpxtpx:hr></gpxtpx:TrackPointExtension></extensions></trkpt>
      <trkpt lat="40.746732" lon="-73.9574"><ele>4.8</ele><time>2026-07-23T16:40:04.000Z</time><extensions><gpxtpx:TrackPointExtension><gpxtpx:hr>145</gpxtpx:hr></gpxtpx:TrackPointExtension></extensions></trkpt>
      <trkpt lat="40.746725" lon="-73.957402"><ele>4.8</ele><time>2026-07-23T16:40:05.000Z</time><extensions><gpxtpx:TrackPointExtension><gpxtpx:hr>145</gpxtpx:hr></gpxtpx:TrackPointExtension></extensions></trkpt>
      <trkpt lat="40.746719" lon="-73.957404"><ele>4.8</ele><time>2026-07-23T16:40:06.000Z</time><extensions><gpxtpx:TrackPointExtension><gpxtpx:hr>144</gpxtpx:hr></gpxtpx:TrackPointExtension></extensions></trkpt>
      <trkpt lat="40.746711" lon="-73.957408"><ele>4.8</ele><time>2026-07-23T16:40:07.000Z</time><extensions><gpxtpx:TrackPointExtension><gpxtpx:hr>144</gpxtpx:hr></gpxtpx:TrackPointExtension></extensions></trkpt>
      <trkpt lat="40.746698" lon="-73.957417"><ele>4.8</ele><time>2026-07-23T16:40:08.000Z</time><extensions><gpxtpx:TrackPointExtension><gpxtpx:hr>144</gpxtpx:hr></gpxtpx:TrackPointExtension></extensions></trkpt>
      <trkpt lat="40.746678" lon="-73.957433"><ele>4.8</ele><time>2026-07-23T16:40:09.000Z</time><extensions><gpxtpx:TrackPointExtension><gpxtpx:hr>144</gpxtpx:hr></gpxtpx:TrackPointExtension></extensions></trkpt>
      <trkpt lat="40.746655" lon="-73.957452"><ele>4.8</ele><time>2026-07-23T16:40:10.000Z</time><extensions><gpxtpx:TrackPointExtension><gpxtpx:hr>144</gpxtpx:hr></gpxtpx:TrackPointExtension></extensions></trkpt>
      <trkpt lat="40.746631" lon="-73.957471"><ele>4.8</ele><time>2026-07-23T16:40:11.000Z</time><extensions><gpxtpx:TrackPointExtension><gpxtpx:hr>144</gpxtpx:hr></gpxtpx:TrackPointExtension></extensions></trkpt>
      <trkpt lat="40.746609" lon="-73.957489"><ele>4.8</ele><time>2026-07-23T16:40:12.000Z</time><extensions><gpxtpx:TrackPointExtension><gpxtpx:hr>145</gpxtpx:hr></gpxtpx:TrackPointExtension></extensions></trkpt>
      <trkpt lat="40.746588" lon="-73.957503"><ele>4.8</ele><time>2026-07-23T16:40:13.000Z</time><extensions><gpxtpx:TrackPointExtension><gpxtpx:hr>145</gpxtpx:hr></gpxtpx:TrackPointExtension></extensions></trkpt>
      <trkpt lat="40.746567" lon="-73.957515"><ele>4.8</ele><time>2026-07-23T16:40:14.000Z</time><extensions><gpxtpx:TrackPointExtension><gpxtpx:hr>145</gpxtpx:hr></gpxtpx:TrackPointExtension></extensions></trkpt>
      <trkpt lat="40.746546" lon="-73.957525"><ele>4.8</ele><time>2026-07-23T16:40:15.000Z</time><extensions><gpxtpx:TrackPointExtension><gpxtpx:hr>145</gpxtpx:hr></gpxtpx:TrackPointExtension></extensions></trkpt>
      <trkpt lat="40.746526" lon="-73.957535"><ele>4.8</ele><time>2026-07-23T16:40:16.000Z</time><extensions><gpxtpx:TrackPointExtension><gpxtpx:hr>145</gpxtpx:hr></gpxtpx:TrackPointExtension></extensions></trkpt>
      <trkpt lat="40.746505" lon="-73.957547"><ele>4.8</ele><time>2026-07-23T16:40:17.000Z</time><extensions><gpxtpx:TrackPointExtension><gpxtpx:hr>145</gpxtpx:hr></gpxtpx:TrackPointExtension></extensions></trkpt>
      <trkpt lat="40.746484" lon="-73.957562"><ele>4.6</ele><time>2026-07-23T16:40:18.000Z</time><extensions><gpxtpx:TrackPointExtension><gpxtpx:hr>145</gpxtpx:hr></gpxtpx:TrackPointExtension></extensions></trkpt>
      <trkpt lat="40.746462" lon="-73.957583"><ele>4.6</ele><time>2026-07-23T16:40:19.000Z</time><extensions><gpxtpx:TrackPointExtension><gpxtpx:hr>146</gpxtpx:hr></gpxtpx:TrackPointExtension></extensions></trkpt>
      <trkpt lat="40.746441" lon="-73.957608"><ele>4.6</ele><time>2026-07-23T16:40:20.000Z</time><extensions><gpxtpx:TrackPointExtension><gpxtpx:hr>146</gpxtpx:hr></gpxtpx:TrackPointExtension></extensions></trkpt>
      <trkpt lat="40.74642" lon="-73.957636"><ele>4.6</ele><time>2026-07-23T16:40:21.000Z</time><extensions><gpxtpx:TrackPointExtension><gpxtpx:hr>146</gpxtpx:hr></gpxtpx:TrackPointExtension></extensions></trkpt>
      <trkpt lat="40.746401" lon="-73.957663"><ele>4.4</ele><time>2026-07-23T16:40:22.000Z</time><extensions><gpxtpx:TrackPointExtension><gpxtpx:hr>146</gpxtpx:hr></gpxtpx:TrackPointExtension></extensions></trkpt>
      <trkpt lat="40.746383" lon="-73.957689"><ele>4.4</ele><time>2026-07-23T16:40:23.000Z</time><extensions><gpxtpx:TrackPointExtension><gpxtpx:hr>146</gpxtpx:hr></gpxtpx:TrackPointExtension></extensions></trkpt>
      <trkpt lat="40.746366" lon="-73.957714"><ele>4.4</ele><time>2026-07-23T16:40:24.000Z</time><extensions><gpxtpx:TrackPointExtension><gpxtpx:hr>145</gpxtpx:hr></gpxtpx:TrackPointExtension></extensions></trkpt>
      <trkpt lat="40.746349" lon="-73.957738"><ele>4.2</ele><time>2026-07-23T16:40:25.000Z</time><extensions><gpxtpx:TrackPointExtension><gpxtpx:hr>145</gpxtpx:hr></gpxtpx:TrackPointExtension></extensions></trkpt>
      <trkpt lat="40.746332" lon="-73.957763"><ele>4.2</ele><time>2026-07-23T16:40:26.000Z</time><extensions><gpxtpx:TrackPointExtension><gpxtpx:hr>145</gpxtpx:hr></gpxtpx:TrackPointExtension></extensions></trkpt>
      <trkpt lat="40.746315" lon="-73.957789"><ele>4.2</ele><time>2026-07-23T16:40:27.000Z</time><extensions><gpxtpx:TrackPointExtension><gpxtpx:hr>145</gpxtpx:hr></gpxtpx:TrackPointExtension></extensions></trkpt>
      <trkpt lat="40.746297" lon="-73.957817"><ele>4.2</ele><time>2026-07-23T16:40:28.000Z</time><extensions><gpxtpx:TrackPointExtension><gpxtpx:hr>145</gpxtpx:hr></gpxtpx:TrackPointExtension></extensions></trkpt>
      <trkpt lat="40.746277" lon="-73.957844"><ele>4</ele><time>2026-07-23T16:40:29.000Z</time><extensions><gpxtpx:TrackPointExtension><gpxtpx:hr>146</gpxtpx:hr></gpxtpx:TrackPointExtension></extensions></trkpt>
      <trkpt lat="40.746255" lon="-73.957872"><ele>4</ele><time>2026-07-23T16:40:30.000Z</time><extensions><gpxtpx:TrackPointExtension><gpxtpx:hr>146</gpxtpx:hr></gpxtpx:TrackPointExtension></extensions></trkpt>
      <trkpt lat="40.746232" lon="-73.957898"><ele>4</ele><time>2026-07-23T16:40:31.000Z</time><extensions><gpxtpx:TrackPointExtension><gpxtpx:hr>146</gpxtpx:hr></gpxtpx:TrackPointExtension></extensions></trkpt>
      <trkpt lat="40.746209" lon="-73.957922"><ele>4</ele><time>2026-07-23T16:40:32.000Z</time><extensions><gpxtpx:TrackPointExtension><gpxtpx:hr>146</gpxtpx:hr></gpxtpx:TrackPointExtension></extensions></trkpt>
      <trkpt lat="40.746185" lon="-73.957943"><ele>3.8</ele><time>2026-07-23T16:40:33.000Z</time><extensions><gpxtpx:TrackPointExtension><gpxtpx:hr>146</gpxtpx:hr></gpxtpx:TrackPointExtension></extensions></trkpt>
      <trkpt lat="40.746161" lon="-73.957961"><ele>3.8</ele><time>2026-07-23T16:40:34.000Z</time><extensions><gpxtpx:TrackPointExtension><gpxtpx:hr>146</gpxtpx:hr></gpxtpx:TrackPointExtension></extensions></trkpt>
      <trkpt lat="40.746137" lon="-73.957979"><ele>3.8</ele><time>2026-07-23T16:40:35.000Z</time><extensions><gpxtpx:TrackPointExtension><gpxtpx:hr>146</gpxtpx:hr></gpxtpx:TrackPointExtension></extensions></trkpt>
      <trkpt lat="40.746113" lon="-73.957995"><ele>3.8</ele><time>2026-07-23T16:40:36.000Z</time><extensions><gpxtpx:TrackPointExtension><gpxtpx:hr>146</gpxtpx:hr></gpxtpx:TrackPointExtension></extensions></trkpt>
      <trkpt lat="40.74609" lon="-73.958012"><ele>3.8</ele><time>2026-07-23T16:40:37.000Z</time><extensions><gpxtpx:TrackPointExtension><gpxtpx:hr>146</gpxtpx:hr></gpxtpx:TrackPointExtension></extensions></trkpt>
      <trkpt lat="40.746067" lon="-73.958029"><ele>3.8</ele><time>2026-07-23T16:40:38.000Z</time><extensions><gpxtpx:TrackPointExtension><gpxtpx:hr>146</gpxtpx:hr></gpxtpx:TrackPointExtension></extensions></trkpt>
      <trkpt lat="40.746044" lon="-73.958046"><ele>3.8</ele><time>2026-07-23T16:40:39.000Z</time><extensions><gpxtpx:TrackPointExtension><gpxtpx:hr>146</gpxtpx:hr></gpxtpx:TrackPointExtension></extensions></trkpt>
      <trkpt lat="40.74602" lon="-73.958063"><ele>3.6</ele><time>2026-07-23T16:40:40.000Z</time><extensions><gpxtpx:TrackPointExtension><gpxtpx:hr>146</gpxtpx:hr></gpxtpx:TrackPointExtension></extensions></trkpt>
      <trkpt lat="40.745994" lon="-73.958079"><ele>3.6</ele><time>2026-07-23T16:40:41.000Z</time><extensions><gpxtpx:TrackPointExtension><gpxtpx:hr>146</gpxtpx:hr></gpxtpx:TrackPointExtension></extensions></trkpt>
      <trkpt lat="40.745966" lon="-73.958096"><ele>3.6</ele><time>2026-07-23T16:40:42.000Z</time><extensions><gpxtpx:TrackPointExtension><gpxtpx:hr>146</gpxtpx:hr></gpxtpx:TrackPointExtension></extensions></trkpt>
      <trkpt lat="40.745938" lon="-73.958114"><ele>3.6</ele><time>2026-07-23T16:40:43.000Z</time><extensions><gpxtpx:TrackPointExtension><gpxtpx:hr>146</gpxtpx:hr></gpxtpx:TrackPointExtension></extensions></trkpt>
      <trkpt lat="40.74591" lon="-73.958131"><ele>3.6</ele><time>2026-07-23T16:40:44.000Z</time><extensions><gpxtpx:TrackPointExtension><gpxtpx:hr>146</gpxtpx:hr></gpxtpx:TrackPointExtension></extensions></trkpt>
      <trkpt lat="40.745882" lon="-73.958147"><ele>3.6</ele><time>2026-07-23T16:40:45.000Z</time><extensions><gpxtpx:TrackPointExtension><gpxtpx:hr>145</gpxtpx:hr></gpxtpx:TrackPointExtension></extensions></trkpt>
      <trkpt lat="40.745854" lon="-73.958162"><ele>3.6</ele><time>2026-07-23T16:40:46.000Z</time><extensions><gpxtpx:TrackPointExtension><gpxtpx:hr>145</gpxtpx:hr></gpxtpx:TrackPointExtension></extensions></trkpt>
      <trkpt lat="40.745827" lon="-73.958176"><ele>3.6</ele><time>2026-07-23T16:40:47.000Z</time><extensions><gpxtpx:TrackPointExtension><gpxtpx:hr>145</gpxtpx:hr></gpxtpx:TrackPointExtension></extensions></trkpt>
      <trkpt lat="40.7458" lon="-73.95819"><ele>3.6</ele><time>2026-07-23T16:40:48.000Z</time><extensions><gpxtpx:TrackPointExtension><gpxtpx:hr>145</gpxtpx:hr></gpxtpx:TrackPointExtension></extensions></trkpt>
      <trkpt lat="40.745774" lon="-73.958205"><ele>3.6</ele><time>2026-07-23T16:40:49.000Z</time><extensions><gpxtpx:TrackPointExtension><gpxtpx:hr>145</gpxtpx:hr></gpxtpx:TrackPointExtension></extensions></trkpt>
      <trkpt lat="40.745749" lon="-73.958221"><ele>3.6</ele><time>2026-07-23T16:40:50.000Z</time><extensions><gpxtpx:TrackPointExtension><gpxtpx:hr>145</gpxtpx:hr></gpxtpx:TrackPointExtension></extensions></trkpt>
      <trkpt lat="40.745723" lon="-73.958239"><ele>3.6</ele><time>2026-07-23T16:40:51.000Z</time><extensions><gpxtpx:TrackPointExtension><gpxtpx:hr>145</gpxtpx:hr></gpxtpx:TrackPointExtension></extensions></trkpt>
      <trkpt lat="40.745699" lon="-73.958259"><ele>3.6</ele><time>2026-07-23T16:40:52.000Z</time><extensions><gpxtpx:TrackPointExtension><gpxtpx:hr>145</gpxtpx:hr></gpxtpx:TrackPointExtension></extensions></trkpt>
      <trkpt lat="40.745676" lon="-73.958281"><ele>3.6</ele><time>2026-07-23T16:40:53.000Z</time><extensions><gpxtpx:TrackPointExtension><gpxtpx:hr>145</gpxtpx:hr></gpxtpx:TrackPointExtension></extensions></trkpt>
      <trkpt lat="40.745655" lon="-73.958305"><ele>3.6</ele><time>2026-07-23T16:40:54.000Z</time><extensions><gpxtpx:TrackPointExtension><gpxtpx:hr>145</gpxtpx:hr></gpxtpx:TrackPointExtension></extensions></trkpt>
      <trkpt lat="40.745637" lon="-73.95833"><ele>3.6</ele><time>2026-07-23T16:40:55.000Z</time><extensions><gpxtpx:TrackPointExtension><gpxtpx:hr>145</gpxtpx:hr></gpxtpx:TrackPointExtension></extensions></trkpt>
      <trkpt lat="40.745622" lon="-73.958358"><ele>3.6</ele><time>2026-07-23T16:40:56.000Z</time><extensions><gpxtpx:TrackPointExtension><gpxtpx:hr>145</gpxtpx:hr></gpxtpx:TrackPointExtension></extensions></trkpt>
      <trkpt lat="40.745611" lon="-73.958389"><ele>3.6</ele><time>2026-07-23T16:40:57.000Z</time><extensions><gpxtpx:TrackPointExtension><gpxtpx:hr>145</gpxtpx:hr></gpxtpx:TrackPointExtension></extensions></trkpt>
      <trkpt lat="40.745605" lon="-73.958422"><ele>3.6</ele><time>2026-07-23T16:40:58.000Z</time><extensions><gpxtpx:TrackPointExtension><gpxtpx:hr>145</gpxtpx:hr></gpxtpx:TrackPointExtension></extensions></trkpt>
      <trkpt lat="40.745603" lon="-73.958456"><ele>3.6</ele><time>2026-07-23T16:40:59.000Z</time><extensions><gpxtpx:TrackPointExtension><gpxtpx:hr>145</gpxtpx:hr></gpxtpx:TrackPointExtension></extensions></trkpt>
      <trkpt lat="40.745605" lon="-73.95849"><ele>3.6</ele><time>2026-07-23T16:41:00.000Z</time><extensions><gpxtpx:TrackPointExtension><gpxtpx:hr>145</gpxtpx:hr></gpxtpx:TrackPointExtension></extensions></trkpt>
      <trkpt lat="40.74561" lon="-73.958524"><ele>3.4</ele><time>2026-07-23T16:41:01.000Z</time><extensions><gpxtpx:TrackPointExtension><gpxtpx:hr>145</gpxtpx:hr></gpxtpx:TrackPointExtension></extensions></trkpt>
      <trkpt lat="40.745614" lon="-73.958555"><ele>3.4</ele><time>2026-07-23T16:41:02.000Z</time><extensions><gpxtpx:TrackPointExtension><gpxtpx:hr>145</gpxtpx:hr></gpxtpx:TrackPointExtension></extensions></trkpt>
      <trkpt lat="40.745619" lon="-73.958586"><ele>3.4</ele><time>2026-07-23T16:41:03.000Z</time><extensions><gpxtpx:TrackPointExtension><gpxtpx:hr>145</gpxtpx:hr></gpxtpx:TrackPointExtension></extensions></trkpt>
      <trkpt lat="40.745624" lon="-73.958617"><ele>3.4</ele><time>2026-07-23T16:41:04.000Z</time><extensions><gpxtpx:TrackPointExtension><gpxtpx:hr>145</gpxtpx:hr></gpxtpx:TrackPointExtension></extensions></trkpt>
      <trkpt lat="40.74563" lon="-73.958647"><ele>3.4</ele><time>2026-07-23T16:41:05.000Z</time><extensions><gpxtpx:TrackPointExtension><gpxtpx:hr>145</gpxtpx:hr></gpxtpx:TrackPointExtension></extensions></trkpt>
      <trkpt lat="40.745637" lon="-73.958679"><ele>3.4</ele><time>2026-07-23T16:41:06.000Z</time><extensions><gpxtpx:TrackPointExtension><gpxtpx:hr>145</gpxtpx:hr></gpxtpx:TrackPointExtension></extensions></trkpt>
      <trkpt lat="40.745647" lon="-73.95871"><ele>3.4</ele><time>2026-07-23T16:41:07.000Z</time><extensions><gpxtpx:TrackPointExtension><gpxtpx:hr>145</gpxtpx:hr></gpxtpx:TrackPointExtension></extensions></trkpt>
      <trkpt lat="40.745656" lon="-73.958743"><ele>3.2</ele><time>2026-07-23T16:41:08.000Z</time><extensions><gpxtpx:TrackPointExtension><gpxtpx:hr>145</gpxtpx:hr></gpxtpx:TrackPointExtension></extensions></trkpt>
      <trkpt lat="40.745663" lon="-73.958776"><ele>3.2</ele><time>2026-07-23T16:41:09.000Z</time><extensions><gpxtpx:TrackPointExtension><gpxtpx:hr>145</gpxtpx:hr></gpxtpx:TrackPointExtension></extensions></trkpt>
      <trkpt lat="40.745667" lon="-73.95881"><ele>3.2</ele><time>2026-07-23T16:41:10.000Z</time><extensions><gpxtpx:TrackPointExtension><gpxtpx:hr>145</gpxtpx:hr></gpxtpx:TrackPointExtension></extensions></trkpt>
      <trkpt lat="40.745669" lon="-73.958842"><ele>3.2</ele><time>2026-07-23T16:41:11.000Z</time><extensions><gpxtpx:TrackPointExtension><gpxtpx:hr>145</gpxtpx:hr></gpxtpx:TrackPointExtension></extensions></trkpt>
      <trkpt lat="40.745669" lon="-73.958874"><ele>3</ele><time>2026-07-23T16:41:12.000Z</time><extensions><gpxtpx:TrackPointExtension><gpxtpx:hr>145</gpxtpx:hr></gpxtpx:TrackPointExtension></extensions></trkpt>
      <trkpt lat="40.745666" lon="-73.958905"><ele>3</ele><time>2026-07-23T16:41:13.000Z</time><extensions><gpxtpx:TrackPointExtension><gpxtpx:hr>145</gpxtpx:hr></gpxtpx:TrackPointExtension></extensions></trkpt>
      <trkpt lat="40.745659" lon="-73.958936"><ele>3</ele><time>2026-07-23T16:41:14.000Z</time><extensions><gpxtpx:TrackPointExtension><gpxtpx:hr>145</gpxtpx:hr></gpxtpx:TrackPointExtension></extensions></trkpt>
      <trkpt lat="40.745649" lon="-73.958965"><ele>3</ele><time>2026-07-23T16:41:15.000Z</time><extensions><gpxtpx:TrackPointExtension><gpxtpx:hr>145</gpxtpx:hr></gpxtpx:TrackPointExtension></extensions></trkpt>
      <trkpt lat="40.745635" lon="-73.958992"><ele>2.8</ele><time>2026-07-23T16:41:16.000Z</time><extensions><gpxtpx:TrackPointExtension><gpxtpx:hr>145</gpxtpx:hr></gpxtpx:TrackPointExtension></extensions></trkpt>
      <trkpt lat="40.745619" lon="-73.959018"><ele>2.8</ele><time>2026-07-23T16:41:17.000Z</time><extensions><gpxtpx:TrackPointExtension><gpxtpx:hr>145</gpxtpx:hr></gpxtpx:TrackPointExtension></extensions></trkpt>
      <trkpt lat="40.745603" lon="-73.959043"><ele>2.8</ele><time>2026-07-23T16:41:18.000Z</time><extensions><gpxtpx:TrackPointExtension><gpxtpx:hr>144</gpxtpx:hr></gpxtpx:TrackPointExtension></extensions></trkpt>
      <trkpt lat="40.745586" lon="-73.959069"><ele>2.6</ele><time>2026-07-23T16:41:19.000Z</time><extensions><gpxtpx:TrackPointExtension><gpxtpx:hr>144</gpxtpx:hr></gpxtpx:TrackPointExtension></extensions></trkpt>
      <trkpt lat="40.74557" lon="-73.959094"><ele>2.6</ele><time>2026-07-23T16:41:20.000Z</time><extensions><gpxtpx:TrackPointExtension><gpxtpx:hr>144</gpxtpx:hr></gpxtpx:TrackPointExtension></extensions></trkpt>
      <trkpt lat="40.745553" lon="-73.959117"><ele>2.6</ele><time>2026-07-23T16:41:21.000Z</time><extensions><gpxtpx:TrackPointExtension><gpxtpx:hr>144</gpxtpx:hr></gpxtpx:TrackPointExtension></extensions></trkpt>
      <trkpt lat="40.745535" lon="-73.959136"><ele>2.4</ele><time>2026-07-23T16:41:22.000Z</time><extensions><gpxtpx:TrackPointExtension><gpxtpx:hr>142</gpxtpx:hr></gpxtpx:TrackPointExtension></extensions></trkpt>
      <trkpt lat="40.745515" lon="-73.95915"><ele>2.4</ele><time>2026-07-23T16:41:23.000Z</time><extensions><gpxtpx:TrackPointExtension><gpxtpx:hr>142</gpxtpx:hr></gpxtpx:TrackPointExtension></extensions></trkpt>
      <trkpt lat="40.745493" lon="-73.959159"><ele>2.4</ele><time>2026-07-23T16:41:24.000Z</time><extensions><gpxtpx:TrackPointExtension><gpxtpx:hr>142</gpxtpx:hr></gpxtpx:TrackPointExtension></extensions></trkpt>
      <trkpt lat="40.74547" lon="-73.959162"><ele>2.4</ele><time>2026-07-23T16:41:25.000Z</time><extensions><gpxtpx:TrackPointExtension><gpxtpx:hr>142</gpxtpx:hr></gpxtpx:TrackPointExtension></extensions></trkpt>
      <trkpt lat="40.745447" lon="-73.95916"><ele>2.4</ele><time>2026-07-23T16:41:26.000Z</time><extensions><gpxtpx:TrackPointExtension><gpxtpx:hr>142</gpxtpx:hr></gpxtpx:TrackPointExtension></extensions></trkpt>
      <trkpt lat="40.745426" lon="-73.959155"><ele>2.2</ele><time>2026-07-23T16:41:27.000Z</time><extensions><gpxtpx:TrackPointExtension><gpxtpx:hr>142</gpxtpx:hr></gpxtpx:TrackPointExtension></extensions></trkpt>
      <trkpt lat="40.745406" lon="-73.959146"><ele>2.2</ele><time>2026-07-23T16:41:28.000Z</time><extensions><gpxtpx:TrackPointExtension><gpxtpx:hr>142</gpxtpx:hr></gpxtpx:TrackPointExtension></extensions></trkpt>
      <trkpt lat="40.745389" lon="-73.959134"><ele>2.2</ele><time>2026-07-23T16:41:29.000Z</time><extensions><gpxtpx:TrackPointExtension><gpxtpx:hr>142</gpxtpx:hr></gpxtpx:TrackPointExtension></extensions></trkpt>
      <trkpt lat="40.745377" lon="-73.959117"><ele>2.2</ele><time>2026-07-23T16:41:30.000Z</time><extensions><gpxtpx:TrackPointExtension><gpxtpx:hr>142</gpxtpx:hr></gpxtpx:TrackPointExtension></extensions></trkpt>
      <trkpt lat="40.745369" lon="-73.959094"><ele>2.2</ele><time>2026-07-23T16:41:31.000Z</time><extensions><gpxtpx:TrackPointExtension><gpxtpx:hr>142</gpxtpx:hr></gpxtpx:TrackPointExtension></extensions></trkpt>
      <trkpt lat="40.745364" lon="-73.959068"><ele>2.2</ele><time>2026-07-23T16:41:32.000Z</time><extensions><gpxtpx:TrackPointExtension><gpxtpx:hr>142</gpxtpx:hr></gpxtpx:TrackPointExtension></extensions></trkpt>
      <trkpt lat="40.745361" lon="-73.959041"><ele>2.2</ele><time>2026-07-23T16:41:33.000Z</time><extensions><gpxtpx:TrackPointExtension><gpxtpx:hr>142</gpxtpx:hr></gpxtpx:TrackPointExtension></extensions></trkpt>
      <trkpt lat="40.745359" lon="-73.959013"><ele>2.2</ele><time>2026-07-23T16:41:34.000Z</time><extensions><gpxtpx:TrackPointExtension><gpxtpx:hr>142</gpxtpx:hr></gpxtpx:TrackPointExtension></extensions></trkpt>
      <trkpt lat="40.745359" lon="-73.958985"><ele>2.4</ele><time>2026-07-23T16:41:35.000Z</time><extensions><gpxtpx:TrackPointExtension><gpxtpx:hr>142</gpxtpx:hr></gpxtpx:TrackPointExtension></extensions></trkpt>
      <trkpt lat="40.74536" lon="-73.958956"><ele>2.4</ele><time>2026-07-23T16:41:36.000Z</time><extensions><gpxtpx:TrackPointExtension><gpxtpx:hr>145</gpxtpx:hr></gpxtpx:TrackPointExtension></extensions></trkpt>
      <trkpt lat="40.745361" lon="-73.958928"><ele>2.4</ele><time>2026-07-23T16:41:37.000Z</time><extensions><gpxtpx:TrackPointExtension><gpxtpx:hr>145</gpxtpx:hr></gpxtpx:TrackPointExtension></extensions></trkpt>
      <trkpt lat="40.745363" lon="-73.9589"><ele>2.4</ele><time>2026-07-23T16:41:38.000Z</time><extensions><gpxtpx:TrackPointExtension><gpxtpx:hr>146</gpxtpx:hr></gpxtpx:TrackPointExtension></extensions></trkpt>
      <trkpt lat="40.745363" lon="-73.958872"><ele>2.6</ele><time>2026-07-23T16:41:39.000Z</time><extensions><gpxtpx:TrackPointExtension><gpxtpx:hr>146</gpxtpx:hr></gpxtpx:TrackPointExtension></extensions></trkpt>
      <trkpt lat="40.745363" lon="-73.958844"><ele>2.6</ele><time>2026-07-23T16:41:40.000Z</time><extensions><gpxtpx:TrackPointExtension><gpxtpx:hr>146</gpxtpx:hr></gpxtpx:TrackPointExtension></extensions></trkpt>
      <trkpt lat="40.745362" lon="-73.958816"><ele>2.6</ele><time>2026-07-23T16:41:41.000Z</time><extensions><gpxtpx:TrackPointExtension><gpxtpx:hr>146</gpxtpx:hr></gpxtpx:TrackPointExtension></extensions></trkpt>
      <trkpt lat="40.745362" lon="-73.958789"><ele>2.8</ele><time>2026-07-23T16:41:42.000Z</time><extensions><gpxtpx:TrackPointExtension><gpxtpx:hr>146</gpxtpx:hr></gpxtpx:TrackPointExtension></extensions></trkpt>
      <trkpt lat="40.745361" lon="-73.958761"><ele>2.8</ele><time>2026-07-23T16:41:43.000Z</time><extensions><gpxtpx:TrackPointExtension><gpxtpx:hr>146</gpxtpx:hr></gpxtpx:TrackPointExtension></extensions></trkpt>
      <trkpt lat="40.74536" lon="-73.958734"><ele>2.8</ele><time>2026-07-23T16:41:44.000Z</time><extensions><gpxtpx:TrackPointExtension><gpxtpx:hr>146</gpxtpx:hr></gpxtpx:TrackPointExtension></extensions></trkpt>
      <trkpt lat="40.745359" lon="-73.958706"><ele>2.8</ele><time>2026-07-23T16:41:45.000Z</time><extensions><gpxtpx:TrackPointExtension><gpxtpx:hr>146</gpxtpx:hr></gpxtpx:TrackPointExtension></extensions></trkpt>
      <trkpt lat="40.745358" lon="-73.958678"><ele>2.8</ele><time>2026-07-23T16:41:46.000Z</time><extensions><gpxtpx:TrackPointExtension><gpxtpx:hr>147</gpxtpx:hr></gpxtpx:TrackPointExtension></extensions></trkpt>
      <trkpt lat="40.745356" lon="-73.958649"><ele>3</ele><time>2026-07-23T16:41:47.000Z</time><extensions><gpxtpx:TrackPointExtension><gpxtpx:hr>146</gpxtpx:hr></gpxtpx:TrackPointExtension></extensions></trkpt>
      <trkpt lat="40.745352" lon="-73.958621"><ele>3</ele><time>2026-07-23T16:41:48.000Z</time><extensions><gpxtpx:TrackPointExtension><gpxtpx:hr>146</gpxtpx:hr></gpxtpx:TrackPointExtension></extensions></trkpt>
      <trkpt lat="40.745345" lon="-73.958595"><ele>3</ele><time>2026-07-23T16:41:49.000Z</time><extensions><gpxtpx:TrackPointExtension><gpxtpx:hr>146</gpxtpx:hr></gpxtpx:TrackPointExtension></extensions></trkpt>
      <trkpt lat="40.745335" lon="-73.958571"><ele>3</ele><time>2026-07-23T16:41:50.000Z</time><extensions><gpxtpx:TrackPointExtension><gpxtpx:hr>146</gpxtpx:hr></gpxtpx:TrackPointExtension></extensions></trkpt>
      <trkpt lat="40.745323" lon="-73.958548"><ele>3</ele><time>2026-07-23T16:41:51.000Z</time><extensions><gpxtpx:TrackPointExtension><gpxtpx:hr>146</gpxtpx:hr></gpxtpx:TrackPointExtension></extensions></trkpt>
      <trkpt lat="40.74531" lon="-73.958528"><ele>3</ele><time>2026-07-23T16:41:52.000Z</time><extensions><gpxtpx:TrackPointExtension><gpxtpx:hr>146</gpxtpx:hr></gpxtpx:TrackPointExtension></extensions></trkpt>
      <trkpt lat="40.745296" lon="-73.958509"><ele>3.2</ele><time>2026-07-23T16:41:53.000Z</time><extensions><gpxtpx:TrackPointExtension><gpxtpx:hr>145</gpxtpx:hr></gpxtpx:TrackPointExtension></extensions></trkpt>
      <trkpt lat="40.745281" lon="-73.958491"><ele>3.2</ele><time>2026-07-23T16:41:54.000Z</time><extensions><gpxtpx:TrackPointExtension><gpxtpx:hr>145</gpxtpx:hr></gpxtpx:TrackPointExtension></extensions></trkpt>
      <trkpt lat="40.745265" lon="-73.958475"><ele>3.2</ele><time>2026-07-23T16:41:55.000Z</time><extensions><gpxtpx:TrackPointExtension><gpxtpx:hr>145</gpxtpx:hr></gpxtpx:TrackPointExtension></extensions></trkpt>
      <trkpt lat="40.745247" lon="-73.958461"><ele>3.2</ele><time>2026-07-23T16:41:56.000Z</time><extensions><gpxtpx:TrackPointExtension><gpxtpx:hr>145</gpxtpx:hr></gpxtpx:TrackPointExtension></extensions></trkpt>
      <trkpt lat="40.745226" lon="-73.958451"><ele>3.2</ele><time>2026-07-23T16:41:57.000Z</time><extensions><gpxtpx:TrackPointExtension><gpxtpx:hr>145</gpxtpx:hr></gpxtpx:TrackPointExtension></extensions></trkpt>
      <trkpt lat="40.745201" lon="-73.958446"><ele>3.2</ele><time>2026-07-23T16:41:58.000Z</time><extensions><gpxtpx:TrackPointExtension><gpxtpx:hr>145</gpxtpx:hr></gpxtpx:TrackPointExtension></extensions></trkpt>
      <trkpt lat="40.745176" lon="-73.958446"><ele>3.2</ele><time>2026-07-23T16:41:59.000Z</time><extensions><gpxtpx:TrackPointExtension><gpxtpx:hr>145</gpxtpx:hr></gpxtpx:TrackPointExtension></extensions></trkpt>
      <trkpt lat="40.745151" lon="-73.958448"><ele>3.2</ele><time>2026-07-23T16:42:00.000Z</time><extensions><gpxtpx:TrackPointExtension><gpxtpx:hr>145</gpxtpx:hr></gpxtpx:TrackPointExtension></extensions></trkpt>
      <trkpt lat="40.745125" lon="-73.958452"><ele>3.2</ele><time>2026-07-23T16:42:01.000Z</time><extensions><gpxtpx:TrackPointExtension><gpxtpx:hr>144</gpxtpx:hr></gpxtpx:TrackPointExtension></extensions></trkpt>
      <trkpt lat="40.7451" lon="-73.958458"><ele>3.2</ele><time>2026-07-23T16:42:02.000Z</time><extensions><gpxtpx:TrackPointExtension><gpxtpx:hr>144</gpxtpx:hr></gpxtpx:TrackPointExtension></extensions></trkpt>
      <trkpt lat="40.745076" lon="-73.958464"><ele>3.2</ele><time>2026-07-23T16:42:03.000Z</time><extensions><gpxtpx:TrackPointExtension><gpxtpx:hr>144</gpxtpx:hr></gpxtpx:TrackPointExtension></extensions></trkpt>
      <trkpt lat="40.745052" lon="-73.958469"><ele>3.2</ele><time>2026-07-23T16:42:04.000Z</time><extensions><gpxtpx:TrackPointExtension><gpxtpx:hr>144</gpxtpx:hr></gpxtpx:TrackPointExtension></extensions></trkpt>
      <trkpt lat="40.745029" lon="-73.958475"><ele>3.2</ele><time>2026-07-23T16:42:05.000Z</time><extensions><gpxtpx:TrackPointExtension><gpxtpx:hr>144</gpxtpx:hr></gpxtpx:TrackPointExtension></extensions></trkpt>
      <trkpt lat="40.745005" lon="-73.958481"><ele>3.2</ele><time>2026-07-23T16:42:06.000Z</time><extensions><gpxtpx:TrackPointExtension><gpxtpx:hr>144</gpxtpx:hr></gpxtpx:TrackPointExtension></extensions></trkpt>
      <trkpt lat="40.744981" lon="-73.958487"><ele>3.2</ele><time>2026-07-23T16:42:07.000Z</time><extensions><gpxtpx:TrackPointExtension><gpxtpx:hr>144</gpxtpx:hr></gpxtpx:TrackPointExtension></extensions></trkpt>
      <trkpt lat="40.744957" lon="-73.958494"><ele>3.2</ele><time>2026-07-23T16:42:08.000Z</time><extensions><gpxtpx:TrackPointExtension><gpxtpx:hr>144</gpxtpx:hr></gpxtpx:TrackPointExtension></extensions></trkpt>
      <trkpt lat="40.744932" lon="-73.9585"><ele>3.2</ele><time>2026-07-23T16:42:09.000Z</time><extensions><gpxtpx:TrackPointExtension><gpxtpx:hr>144</gpxtpx:hr></gpxtpx:TrackPointExtension></extensions></trkpt>
      <trkpt lat="40.744909" lon="-73.958507"><ele>3.2</ele><time>2026-07-23T16:42:10.000Z</time><extensions><gpxtpx:TrackPointExtension><gpxtpx:hr>144</gpxtpx:hr></gpxtpx:TrackPointExtension></extensions></trkpt>
      <trkpt lat="40.744887" lon="-73.958515"><ele>3.2</ele><time>2026-07-23T16:42:11.000Z</time><extensions><gpxtpx:TrackPointExtension><gpxtpx:hr>144</gpxtpx:hr></gpxtpx:TrackPointExtension></extensions></trkpt>
      <trkpt lat="40.744865" lon="-73.958524"><ele>3.2</ele><time>2026-07-23T16:42:12.000Z</time><extensions><gpxtpx:TrackPointExtension><gpxtpx:hr>144</gpxtpx:hr></gpxtpx:TrackPointExtension></extensions></trkpt>
      <trkpt lat="40.744842" lon="-73.958534"><ele>3.2</ele><time>2026-07-23T16:42:13.000Z</time><extensions><gpxtpx:TrackPointExtension><gpxtpx:hr>144</gpxtpx:hr></gpxtpx:TrackPointExtension></extensions></trkpt>
      <trkpt lat="40.74482" lon="-73.958543"><ele>3.2</ele><time>2026-07-23T16:42:14.000Z</time><extensions><gpxtpx:TrackPointExtension><gpxtpx:hr>144</gpxtpx:hr></gpxtpx:TrackPointExtension></extensions></trkpt>
      <trkpt lat="40.744798" lon="-73.958552"><ele>3.2</ele><time>2026-07-23T16:42:15.000Z</time><extensions><gpxtpx:TrackPointExtension><gpxtpx:hr>144</gpxtpx:hr></gpxtpx:TrackPointExtension></extensions></trkpt>
      <trkpt lat="40.744774" lon="-73.958562"><ele>3</ele><time>2026-07-23T16:42:16.000Z</time><extensions><gpxtpx:TrackPointExtension><gpxtpx:hr>144</gpxtpx:hr></gpxtpx:TrackPointExtension></extensions></trkpt>
      <trkpt lat="40.744751" lon="-73.958571"><ele>3</ele><time>2026-07-23T16:42:17.000Z</time><extensions><gpxtpx:TrackPointExtension><gpxtpx:hr>144</gpxtpx:hr></gpxtpx:TrackPointExtension></extensions></trkpt>
      <trkpt lat="40.744729" lon="-73.958581"><ele>3</ele><time>2026-07-23T16:42:18.000Z</time><extensions><gpxtpx:TrackPointExtension><gpxtpx:hr>145</gpxtpx:hr></gpxtpx:TrackPointExtension></extensions></trkpt>
      <trkpt lat="40.744708" lon="-73.958593"><ele>3</ele><time>2026-07-23T16:42:19.000Z</time><extensions><gpxtpx:TrackPointExtension><gpxtpx:hr>145</gpxtpx:hr></gpxtpx:TrackPointExtension></extensions></trkpt>
      <trkpt lat="40.744687" lon="-73.958607"><ele>3</ele><time>2026-07-23T16:42:20.000Z</time><extensions><gpxtpx:TrackPointExtension><gpxtpx:hr>145</gpxtpx:hr></gpxtpx:TrackPointExtension></extensions></trkpt>
      <trkpt lat="40.744641" lon="-73.95864"><ele>3</ele><time>2026-07-23T16:42:21.000Z</time><extensions><gpxtpx:TrackPointExtension><gpxtpx:hr>145</gpxtpx:hr></gpxtpx:TrackPointExtension></extensions></trkpt>
      <trkpt lat="40.744617" lon="-73.958656"><ele>3</ele><time>2026-07-23T16:42:22.000Z</time><extensions><gpxtpx:TrackPointExtension><gpxtpx:hr>145</gpxtpx:hr></gpxtpx:TrackPointExtension></extensions></trkpt>
      <trkpt lat="40.744596" lon="-73.958671"><ele>3</ele><time>2026-07-23T16:42:23.000Z</time><extensions><gpxtpx:TrackPointExtension><gpxtpx:hr>145</gpxtpx:hr></gpxtpx:TrackPointExtension></extensions></trkpt>
      <trkpt lat="40.744577" lon="-73.958685"><ele>3</ele><time>2026-07-23T16:42:24.000Z</time><extensions><gpxtpx:TrackPointExtension><gpxtpx:hr>145</gpxtpx:hr></gpxtpx:TrackPointExtension></extensions></trkpt>
      <trkpt lat="40.744558" lon="-73.9587"><ele>3.2</ele><time>2026-07-23T16:42:25.000Z</time><extensions><gpxtpx:TrackPointExtension><gpxtpx:hr>144</gpxtpx:hr></gpxtpx:TrackPointExtension></extensions></trkpt>
      <trkpt lat="40.744539" lon="-73.958715"><ele>3.2</ele><time>2026-07-23T16:42:26.000Z</time><extensions><gpxtpx:TrackPointExtension><gpxtpx:hr>144</gpxtpx:hr></gpxtpx:TrackPointExtension></extensions></trkpt>
      <trkpt lat="40.74452" lon="-73.958731"><ele>3.2</ele><time>2026-07-23T16:42:27.000Z</time><extensions><gpxtpx:TrackPointExtension><gpxtpx:hr>144</gpxtpx:hr></gpxtpx:TrackPointExtension></extensions></trkpt>
      <trkpt lat="40.744501" lon="-73.958748"><ele>3.2</ele><time>2026-07-23T16:42:28.000Z</time><extensions><gpxtpx:TrackPointExtension><gpxtpx:hr>144</gpxtpx:hr></gpxtpx:TrackPointExtension></extensions></trkpt>
      <trkpt lat="40.744483" lon="-73.958765"><ele>3.2</ele><time>2026-07-23T16:42:29.000Z</time><extensions><gpxtpx:TrackPointExtension><gpxtpx:hr>144</gpxtpx:hr></gpxtpx:TrackPointExtension></extensions></trkpt>
      <trkpt lat="40.744465" lon="-73.958781"><ele>3.2</ele><time>2026-07-23T16:42:30.000Z</time><extensions><gpxtpx:TrackPointExtension><gpxtpx:hr>144</gpxtpx:hr></gpxtpx:TrackPointExtension></extensions></trkpt>
      <trkpt lat="40.744445" lon="-73.958795"><ele>3.2</ele><time>2026-07-23T16:42:31.000Z</time><extensions><gpxtpx:TrackPointExtension><gpxtpx:hr>144</gpxtpx:hr></gpxtpx:TrackPointExtension></extensions></trkpt>
      <trkpt lat="40.744424" lon="-73.958807"><ele>3.2</ele><time>2026-07-23T16:42:32.000Z</time><extensions><gpxtpx:TrackPointExtension><gpxtpx:hr>144</gpxtpx:hr></gpxtpx:TrackPointExtension></extensions></trkpt>
      <trkpt lat="40.744402" lon="-73.958816"><ele>3.2</ele><time>2026-07-23T16:42:33.000Z</time><extensions><gpxtpx:TrackPointExtension><gpxtpx:hr>144</gpxtpx:hr></gpxtpx:TrackPointExtension></extensions></trkpt>
      <trkpt lat="40.74438" lon="-73.958822"><ele>3.2</ele><time>2026-07-23T16:42:34.000Z</time><extensions><gpxtpx:TrackPointExtension><gpxtpx:hr>144</gpxtpx:hr></gpxtpx:TrackPointExtension></extensions></trkpt>
      <trkpt lat="40.744358" lon="-73.958825"><ele>3.4</ele><time>2026-07-23T16:42:35.000Z</time><extensions><gpxtpx:TrackPointExtension><gpxtpx:hr>144</gpxtpx:hr></gpxtpx:TrackPointExtension></extensions></trkpt>
      <trkpt lat="40.744337" lon="-73.958826"><ele>3.4</ele><time>2026-07-23T16:42:36.000Z</time><extensions><gpxtpx:TrackPointExtension><gpxtpx:hr>144</gpxtpx:hr></gpxtpx:TrackPointExtension></extensions></trkpt>
      <trkpt lat="40.744317" lon="-73.958827"><ele>3.4</ele><time>2026-07-23T16:42:37.000Z</time><extensions><gpxtpx:TrackPointExtension><gpxtpx:hr>144</gpxtpx:hr></gpxtpx:TrackPointExtension></extensions></trkpt>
      <trkpt lat="40.744298" lon="-73.958827"><ele>3.4</ele><time>2026-07-23T16:42:38.000Z</time><extensions><gpxtpx:TrackPointExtension><gpxtpx:hr>144</gpxtpx:hr></gpxtpx:TrackPointExtension></extensions></trkpt>
      <trkpt lat="40.744278" lon="-73.958827"><ele>3.4</ele><time>2026-07-23T16:42:39.000Z</time><extensions><gpxtpx:TrackPointExtension><gpxtpx:hr>144</gpxtpx:hr></gpxtpx:TrackPointExtension></extensions></trkpt>
      <trkpt lat="40.744258" lon="-73.95883"><ele>3.4</ele><time>2026-07-23T16:42:40.000Z</time><extensions><gpxtpx:TrackPointExtension><gpxtpx:hr>144</gpxtpx:hr></gpxtpx:TrackPointExtension></extensions></trkpt>
      <trkpt lat="40.744238" lon="-73.95884"><ele>3.6</ele><time>2026-07-23T16:42:41.000Z</time><extensions><gpxtpx:TrackPointExtension><gpxtpx:hr>144</gpxtpx:hr></gpxtpx:TrackPointExtension></extensions></trkpt>
      <trkpt lat="40.744218" lon="-73.958855"><ele>3.6</ele><time>2026-07-23T16:42:42.000Z</time><extensions><gpxtpx:TrackPointExtension><gpxtpx:hr>145</gpxtpx:hr></gpxtpx:TrackPointExtension></extensions></trkpt>
      <trkpt lat="40.7442" lon="-73.958872"><ele>3.6</ele><time>2026-07-23T16:42:43.000Z</time><extensions><gpxtpx:TrackPointExtension><gpxtpx:hr>145</gpxtpx:hr></gpxtpx:TrackPointExtension></extensions></trkpt>
      <trkpt lat="40.744182" lon="-73.958889"><ele>3.6</ele><time>2026-07-23T16:42:44.000Z</time><extensions><gpxtpx:TrackPointExtension><gpxtpx:hr>145</gpxtpx:hr></gpxtpx:TrackPointExtension></extensions></trkpt>
      <trkpt lat="40.744163" lon="-73.958908"><ele>3.6</ele><time>2026-07-23T16:42:45.000Z</time><extensions><gpxtpx:TrackPointExtension><gpxtpx:hr>145</gpxtpx:hr></gpxtpx:TrackPointExtension></extensions></trkpt>
      <trkpt lat="40.744144" lon="-73.958927"><ele>3.8</ele><time>2026-07-23T16:42:46.000Z</time><extensions><gpxtpx:TrackPointExtension><gpxtpx:hr>145</gpxtpx:hr></gpxtpx:TrackPointExtension></extensions></trkpt>
      <trkpt lat="40.744125" lon="-73.958946"><ele>3.8</ele><time>2026-07-23T16:42:47.000Z</time><extensions><gpxtpx:TrackPointExtension><gpxtpx:hr>145</gpxtpx:hr></gpxtpx:TrackPointExtension></extensions></trkpt>
      <trkpt lat="40.744107" lon="-73.958965"><ele>3.8</ele><time>2026-07-23T16:42:48.000Z</time><extensions><gpxtpx:TrackPointExtension><gpxtpx:hr>145</gpxtpx:hr></gpxtpx:TrackPointExtension></extensions></trkpt>
      <trkpt lat="40.744088" lon="-73.958984"><ele>3.8</ele><time>2026-07-23T16:42:49.000Z</time><extensions><gpxtpx:TrackPointExtension><gpxtpx:hr>146</gpxtpx:hr></gpxtpx:TrackPointExtension></extensions></trkpt>
      <trkpt lat="40.74407" lon="-73.959002"><ele>3.8</ele><time>2026-07-23T16:42:50.000Z</time><extensions><gpxtpx:TrackPointExtension><gpxtpx:hr>146</gpxtpx:hr></gpxtpx:TrackPointExtension></extensions></trkpt>
      <trkpt lat="40.744052" lon="-73.959022"><ele>3.8</ele><time>2026-07-23T16:42:51.000Z</time><extensions><gpxtpx:TrackPointExtension><gpxtpx:hr>146</gpxtpx:hr></gpxtpx:TrackPointExtension></extensions></trkpt>
      <trkpt lat="40.744035" lon="-73.959041"><ele>3.8</ele><time>2026-07-23T16:42:52.000Z</time><extensions><gpxtpx:TrackPointExtension><gpxtpx:hr>146</gpxtpx:hr></gpxtpx:TrackPointExtension></extensions></trkpt>
      <trkpt lat="40.744017" lon="-73.959061"><ele>3.8</ele><time>2026-07-23T16:42:53.000Z</time><extensions><gpxtpx:TrackPointExtension><gpxtpx:hr>146</gpxtpx:hr></gpxtpx:TrackPointExtension></extensions></trkpt>
      <trkpt lat="40.743998" lon="-73.959079"><ele>3.8</ele><time>2026-07-23T16:42:54.000Z</time><extensions><gpxtpx:TrackPointExtension><gpxtpx:hr>146</gpxtpx:hr></gpxtpx:TrackPointExtension></extensions></trkpt>
      <trkpt lat="40.74398" lon="-73.959097"><ele>3.8</ele><time>2026-07-23T16:42:55.000Z</time><extensions><gpxtpx:TrackPointExtension><gpxtpx:hr>146</gpxtpx:hr></gpxtpx:TrackPointExtension></extensions></trkpt>
      <trkpt lat="40.743963" lon="-73.959115"><ele>3.8</ele><time>2026-07-23T16:42:56.000Z</time><extensions><gpxtpx:TrackPointExtension><gpxtpx:hr>146</gpxtpx:hr></gpxtpx:TrackPointExtension></extensions></trkpt>
      <trkpt lat="40.743947" lon="-73.959132"><ele>3.8</ele><time>2026-07-23T16:42:57.000Z</time><extensions><gpxtpx:TrackPointExtension><gpxtpx:hr>146</gpxtpx:hr></gpxtpx:TrackPointExtension></extensions></trkpt>
      <trkpt lat="40.743931" lon="-73.959149"><ele>3.8</ele><time>2026-07-23T16:42:58.000Z</time><extensions><gpxtpx:TrackPointExtension><gpxtpx:hr>146</gpxtpx:hr></gpxtpx:TrackPointExtension></extensions></trkpt>
      <trkpt lat="40.743916" lon="-73.959167"><ele>3.8</ele><time>2026-07-23T16:42:59.000Z</time><extensions><gpxtpx:TrackPointExtension><gpxtpx:hr>146</gpxtpx:hr></gpxtpx:TrackPointExtension></extensions></trkpt>
      <trkpt lat="40.7439" lon="-73.959187"><ele>3.8</ele><time>2026-07-23T16:43:00.000Z</time><extensions><gpxtpx:TrackPointExtension><gpxtpx:hr>146</gpxtpx:hr></gpxtpx:TrackPointExtension></extensions></trkpt>
      <trkpt lat="40.743885" lon="-73.959208"><ele>3.8</ele><time>2026-07-23T16:43:01.000Z</time><extensions><gpxtpx:TrackPointExtension><gpxtpx:hr>146</gpxtpx:hr></gpxtpx:TrackPointExtension></extensions></trkpt>
      <trkpt lat="40.743869" lon="-73.95923"><ele>3.8</ele><time>2026-07-23T16:43:02.000Z</time><extensions><gpxtpx:TrackPointExtension><gpxtpx:hr>146</gpxtpx:hr></gpxtpx:TrackPointExtension></extensions></trkpt>
      <trkpt lat="40.743853" lon="-73.959252"><ele>3.8</ele><time>2026-07-23T16:43:03.000Z</time><extensions><gpxtpx:TrackPointExtension><gpxtpx:hr>146</gpxtpx:hr></gpxtpx:TrackPointExtension></extensions></trkpt>
      <trkpt lat="40.743838" lon="-73.959273"><ele>3.8</ele><time>2026-07-23T16:43:04.000Z</time><extensions><gpxtpx:TrackPointExtension><gpxtpx:hr>146</gpxtpx:hr></gpxtpx:TrackPointExtension></extensions></trkpt>
      <trkpt lat="40.743823" lon="-73.959292"><ele>3.8</ele><time>2026-07-23T16:43:05.000Z</time><extensions><gpxtpx:TrackPointExtension><gpxtpx:hr>146</gpxtpx:hr></gpxtpx:TrackPointExtension></extensions></trkpt>
      <trkpt lat="40.743809" lon="-73.959311"><ele>3.8</ele><time>2026-07-23T16:43:06.000Z</time><extensions><gpxtpx:TrackPointExtension><gpxtpx:hr>146</gpxtpx:hr></gpxtpx:TrackPointExtension></extensions></trkpt>
      <trkpt lat="40.743794" lon="-73.959329"><ele>3.8</ele><time>2026-07-23T16:43:07.000Z</time><extensions><gpxtpx:TrackPointExtension><gpxtpx:hr>146</gpxtpx:hr></gpxtpx:TrackPointExtension></extensions></trkpt>
      <trkpt lat="40.743779" lon="-73.959348"><ele>3.8</ele><time>2026-07-23T16:43:08.000Z</time><extensions><gpxtpx:TrackPointExtension><gpxtpx:hr>146</gpxtpx:hr></gpxtpx:TrackPointExtension></extensions></trkpt>
      <trkpt lat="40.743763" lon="-73.959367"><ele>3.8</ele><time>2026-07-23T16:43:09.000Z</time><extensions><gpxtpx:TrackPointExtension><gpxtpx:hr>146</gpxtpx:hr></gpxtpx:TrackPointExtension></extensions></trkpt>
      <trkpt lat="40.743746" lon="-73.959387"><ele>3.8</ele><time>2026-07-23T16:43:10.000Z</time><extensions><gpxtpx:TrackPointExtension><gpxtpx:hr>146</gpxtpx:hr></gpxtpx:TrackPointExtension></extensions></trkpt>
      <trkpt lat="40.743728" lon="-73.959406"><ele>3.8</ele><time>2026-07-23T16:43:11.000Z</time><extensions><gpxtpx:TrackPointExtension><gpxtpx:hr>146</gpxtpx:hr></gpxtpx:TrackPointExtension></extensions></trkpt>
      <trkpt lat="40.743709" lon="-73.959425"><ele>3.8</ele><time>2026-07-23T16:43:12.000Z</time><extensions><gpxtpx:TrackPointExtension><gpxtpx:hr>144</gpxtpx:hr></gpxtpx:TrackPointExtension></extensions></trkpt>
      <trkpt lat="40.74369" lon="-73.959443"><ele>3.8</ele><time>2026-07-23T16:43:13.000Z</time><extensions><gpxtpx:TrackPointExtension><gpxtpx:hr>144</gpxtpx:hr></gpxtpx:TrackPointExtension></extensions></trkpt>
      <trkpt lat="40.743671" lon="-73.959462"><ele>3.8</ele><time>2026-07-23T16:43:14.000Z</time><extensions><gpxtpx:TrackPointExtension><gpxtpx:hr>144</gpxtpx:hr></gpxtpx:TrackPointExtension></extensions></trkpt>
      <trkpt lat="40.743651" lon="-73.959479"><ele>3.8</ele><time>2026-07-23T16:43:15.000Z</time><extensions><gpxtpx:TrackPointExtension><gpxtpx:hr>144</gpxtpx:hr></gpxtpx:TrackPointExtension></extensions></trkpt>
      <trkpt lat="40.74363" lon="-73.959494"><ele>3.8</ele><time>2026-07-23T16:43:16.000Z</time><extensions><gpxtpx:TrackPointExtension><gpxtpx:hr>144</gpxtpx:hr></gpxtpx:TrackPointExtension></extensions></trkpt>
      <trkpt lat="40.743608" lon="-73.959508"><ele>3.8</ele><time>2026-07-23T16:43:17.000Z</time><extensions><gpxtpx:TrackPointExtension><gpxtpx:hr>144</gpxtpx:hr></gpxtpx:TrackPointExtension></extensions></trkpt>
      <trkpt lat="40.743585" lon="-73.959521"><ele>3.8</ele><time>2026-07-23T16:43:18.000Z</time><extensions><gpxtpx:TrackPointExtension><gpxtpx:hr>144</gpxtpx:hr></gpxtpx:TrackPointExtension></extensions></trkpt>
      <trkpt lat="40.743562" lon="-73.959534"><ele>3.8</ele><time>2026-07-23T16:43:19.000Z</time><extensions><gpxtpx:TrackPointExtension><gpxtpx:hr>144</gpxtpx:hr></gpxtpx:TrackPointExtension></extensions></trkpt>
      <trkpt lat="40.743538" lon="-73.959547"><ele>3.8</ele><time>2026-07-23T16:43:20.000Z</time><extensions><gpxtpx:TrackPointExtension><gpxtpx:hr>144</gpxtpx:hr></gpxtpx:TrackPointExtension></extensions></trkpt>
      <trkpt lat="40.743515" lon="-73.959559"><ele>3.8</ele><time>2026-07-23T16:43:21.000Z</time><extensions><gpxtpx:TrackPointExtension><gpxtpx:hr>144</gpxtpx:hr></gpxtpx:TrackPointExtension></extensions></trkpt>
      <trkpt lat="40.743491" lon="-73.959568"><ele>3.6</ele><time>2026-07-23T16:43:22.000Z</time><extensions><gpxtpx:TrackPointExtension><gpxtpx:hr>144</gpxtpx:hr></gpxtpx:TrackPointExtension></extensions></trkpt>
      <trkpt lat="40.743468" lon="-73.959576"><ele>3.6</ele><time>2026-07-23T16:43:23.000Z</time><extensions><gpxtpx:TrackPointExtension><gpxtpx:hr>144</gpxtpx:hr></gpxtpx:TrackPointExtension></extensions></trkpt>
      <trkpt lat="40.743445" lon="-73.959585"><ele>3.6</ele><time>2026-07-23T16:43:24.000Z</time><extensions><gpxtpx:TrackPointExtension><gpxtpx:hr>144</gpxtpx:hr></gpxtpx:TrackPointExtension></extensions></trkpt>
      <trkpt lat="40.743424" lon="-73.959593"><ele>3.6</ele><time>2026-07-23T16:43:25.000Z</time><extensions><gpxtpx:TrackPointExtension><gpxtpx:hr>144</gpxtpx:hr></gpxtpx:TrackPointExtension></extensions></trkpt>
      <trkpt lat="40.743403" lon="-73.959602"><ele>3.6</ele><time>2026-07-23T16:43:26.000Z</time><extensions><gpxtpx:TrackPointExtension><gpxtpx:hr>144</gpxtpx:hr></gpxtpx:TrackPointExtension></extensions></trkpt>
      <trkpt lat="40.743383" lon="-73.959613"><ele>3.6</ele><time>2026-07-23T16:43:27.000Z</time><extensions><gpxtpx:TrackPointExtension><gpxtpx:hr>144</gpxtpx:hr></gpxtpx:TrackPointExtension></extensions></trkpt>
      <trkpt lat="40.743363" lon="-73.959623"><ele>3.6</ele><time>2026-07-23T16:43:28.000Z</time><extensions><gpxtpx:TrackPointExtension><gpxtpx:hr>144</gpxtpx:hr></gpxtpx:TrackPointExtension></extensions></trkpt>
      <trkpt lat="40.743342" lon="-73.95963"><ele>3.6</ele><time>2026-07-23T16:43:29.000Z</time><extensions><gpxtpx:TrackPointExtension><gpxtpx:hr>144</gpxtpx:hr></gpxtpx:TrackPointExtension></extensions></trkpt>
      <trkpt lat="40.743321" lon="-73.959635"><ele>3.6</ele><time>2026-07-23T16:43:30.000Z</time><extensions><gpxtpx:TrackPointExtension><gpxtpx:hr>144</gpxtpx:hr></gpxtpx:TrackPointExtension></extensions></trkpt>
      <trkpt lat="40.7433" lon="-73.959641"><ele>3.4</ele><time>2026-07-23T16:43:31.000Z</time><extensions><gpxtpx:TrackPointExtension><gpxtpx:hr>144</gpxtpx:hr></gpxtpx:TrackPointExtension></extensions></trkpt>
      <trkpt lat="40.743278" lon="-73.959647"><ele>3.4</ele><time>2026-07-23T16:43:32.000Z</time><extensions><gpxtpx:TrackPointExtension><gpxtpx:hr>144</gpxtpx:hr></gpxtpx:TrackPointExtension></extensions></trkpt>
      <trkpt lat="40.743256" lon="-73.959654"><ele>3.4</ele><time>2026-07-23T16:43:33.000Z</time><extensions><gpxtpx:TrackPointExtension><gpxtpx:hr>144</gpxtpx:hr></gpxtpx:TrackPointExtension></extensions></trkpt>
      <trkpt lat="40.743235" lon="-73.959659"><ele>3.4</ele><time>2026-07-23T16:43:34.000Z</time><extensions><gpxtpx:TrackPointExtension><gpxtpx:hr>144</gpxtpx:hr></gpxtpx:TrackPointExtension></extensions></trkpt>
      <trkpt lat="40.743214" lon="-73.959662"><ele>3.6</ele><time>2026-07-23T16:43:35.000Z</time><extensions><gpxtpx:TrackPointExtension><gpxtpx:hr>145</gpxtpx:hr></gpxtpx:TrackPointExtension></extensions></trkpt>
      <trkpt lat="40.743194" lon="-73.959666"><ele>3.6</ele><time>2026-07-23T16:43:36.000Z</time><extensions><gpxtpx:TrackPointExtension><gpxtpx:hr>145</gpxtpx:hr></gpxtpx:TrackPointExtension></extensions></trkpt>
      <trkpt lat="40.743173" lon="-73.95967"><ele>3.6</ele><time>2026-07-23T16:43:37.000Z</time><extensions><gpxtpx:TrackPointExtension><gpxtpx:hr>145</gpxtpx:hr></gpxtpx:TrackPointExtension></extensions></trkpt>
      <trkpt lat="40.743152" lon="-73.959677"><ele>3.6</ele><time>2026-07-23T16:43:38.000Z</time><extensions><gpxtpx:TrackPointExtension><gpxtpx:hr>145</gpxtpx:hr></gpxtpx:TrackPointExtension></extensions></trkpt>
      <trkpt lat="40.743131" lon="-73.959684"><ele>3.6</ele><time>2026-07-23T16:43:39.000Z</time><extensions><gpxtpx:TrackPointExtension><gpxtpx:hr>145</gpxtpx:hr></gpxtpx:TrackPointExtension></extensions></trkpt>
      <trkpt lat="40.743111" lon="-73.95969"><ele>3.6</ele><time>2026-07-23T16:43:40.000Z</time><extensions><gpxtpx:TrackPointExtension><gpxtpx:hr>145</gpxtpx:hr></gpxtpx:TrackPointExtension></extensions></trkpt>
      <trkpt lat="40.743091" lon="-73.959696"><ele>3.6</ele><time>2026-07-23T16:43:41.000Z</time><extensions><gpxtpx:TrackPointExtension><gpxtpx:hr>145</gpxtpx:hr></gpxtpx:TrackPointExtension></extensions></trkpt>
      <trkpt lat="40.743071" lon="-73.9597"><ele>3.6</ele><time>2026-07-23T16:43:42.000Z</time><extensions><gpxtpx:TrackPointExtension><gpxtpx:hr>145</gpxtpx:hr></gpxtpx:TrackPointExtension></extensions></trkpt>
      <trkpt lat="40.743052" lon="-73.959704"><ele>3.8</ele><time>2026-07-23T16:43:43.000Z</time><extensions><gpxtpx:TrackPointExtension><gpxtpx:hr>145</gpxtpx:hr></gpxtpx:TrackPointExtension></extensions></trkpt>
      <trkpt lat="40.743032" lon="-73.959708"><ele>3.8</ele><time>2026-07-23T16:43:44.000Z</time><extensions><gpxtpx:TrackPointExtension><gpxtpx:hr>145</gpxtpx:hr></gpxtpx:TrackPointExtension></extensions></trkpt>
      <trkpt lat="40.743013" lon="-73.959712"><ele>3.8</ele><time>2026-07-23T16:43:45.000Z</time><extensions><gpxtpx:TrackPointExtension><gpxtpx:hr>145</gpxtpx:hr></gpxtpx:TrackPointExtension></extensions></trkpt>
      <trkpt lat="40.742992" lon="-73.959719"><ele>3.8</ele><time>2026-07-23T16:43:46.000Z</time><extensions><gpxtpx:TrackPointExtension><gpxtpx:hr>145</gpxtpx:hr></gpxtpx:TrackPointExtension></extensions></trkpt>
      <trkpt lat="40.74297" lon="-73.959727"><ele>3.8</ele><time>2026-07-23T16:43:47.000Z</time><extensions><gpxtpx:TrackPointExtension><gpxtpx:hr>145</gpxtpx:hr></gpxtpx:TrackPointExtension></extensions></trkpt>
      <trkpt lat="40.742949" lon="-73.959737"><ele>3.8</ele><time>2026-07-23T16:43:48.000Z</time><extensions><gpxtpx:TrackPointExtension><gpxtpx:hr>145</gpxtpx:hr></gpxtpx:TrackPointExtension></extensions></trkpt>
      <trkpt lat="40.742927" lon="-73.959747"><ele>3.8</ele><time>2026-07-23T16:43:49.000Z</time><extensions><gpxtpx:TrackPointExtension><gpxtpx:hr>145</gpxtpx:hr></gpxtpx:TrackPointExtension></extensions></trkpt>
      <trkpt lat="40.742906" lon="-73.959757"><ele>3.8</ele><time>2026-07-23T16:43:50.000Z</time><extensions><gpxtpx:TrackPointExtension><gpxtpx:hr>145</gpxtpx:hr></gpxtpx:TrackPointExtension></extensions></trkpt>
      <trkpt lat="40.742883" lon="-73.959766"><ele>3.8</ele><time>2026-07-23T16:43:51.000Z</time><extensions><gpxtpx:TrackPointExtension><gpxtpx:hr>145</gpxtpx:hr></gpxtpx:TrackPointExtension></extensions></trkpt>
      <trkpt lat="40.742861" lon="-73.959774"><ele>3.8</ele><time>2026-07-23T16:43:52.000Z</time><extensions><gpxtpx:TrackPointExtension><gpxtpx:hr>145</gpxtpx:hr></gpxtpx:TrackPointExtension></extensions></trkpt>
      <trkpt lat="40.742838" lon="-73.959782"><ele>3.8</ele><time>2026-07-23T16:43:53.000Z</time><extensions><gpxtpx:TrackPointExtension><gpxtpx:hr>145</gpxtpx:hr></gpxtpx:TrackPointExtension></extensions></trkpt>
      <trkpt lat="40.742816" lon="-73.959792"><ele>3.8</ele><time>2026-07-23T16:43:54.000Z</time><extensions><gpxtpx:TrackPointExtension><gpxtpx:hr>145</gpxtpx:hr></gpxtpx:TrackPointExtension></extensions></trkpt>
      <trkpt lat="40.742795" lon="-73.959803"><ele>3.8</ele><time>2026-07-23T16:43:55.000Z</time><extensions><gpxtpx:TrackPointExtension><gpxtpx:hr>143</gpxtpx:hr></gpxtpx:TrackPointExtension></extensions></trkpt>
      <trkpt lat="40.742774" lon="-73.959814"><ele>3.8</ele><time>2026-07-23T16:43:56.000Z</time><extensions><gpxtpx:TrackPointExtension><gpxtpx:hr>143</gpxtpx:hr></gpxtpx:TrackPointExtension></extensions></trkpt>
      <trkpt lat="40.742755" lon="-73.959827"><ele>4</ele><time>2026-07-23T16:43:57.000Z</time><extensions><gpxtpx:TrackPointExtension><gpxtpx:hr>143</gpxtpx:hr></gpxtpx:TrackPointExtension></extensions></trkpt>
      <trkpt lat="40.742734" lon="-73.959838"><ele>4</ele><time>2026-07-23T16:43:58.000Z</time><extensions><gpxtpx:TrackPointExtension><gpxtpx:hr>143</gpxtpx:hr></gpxtpx:TrackPointExtension></extensions></trkpt>
      <trkpt lat="40.742714" lon="-73.959848"><ele>4</ele><time>2026-07-23T16:43:59.000Z</time><extensions><gpxtpx:TrackPointExtension><gpxtpx:hr>143</gpxtpx:hr></gpxtpx:TrackPointExtension></extensions></trkpt>
      <trkpt lat="40.742692" lon="-73.959857"><ele>4</ele><time>2026-07-23T16:44:00.000Z</time><extensions><gpxtpx:TrackPointExtension><gpxtpx:hr>143</gpxtpx:hr></gpxtpx:TrackPointExtension></extensions></trkpt>
      <trkpt lat="40.742671" lon="-73.959864"><ele>4</ele><time>2026-07-23T16:44:01.000Z</time><extensions><gpxtpx:TrackPointExtension><gpxtpx:hr>143</gpxtpx:hr></gpxtpx:TrackPointExtension></extensions></trkpt>
      <trkpt lat="40.74265" lon="-73.959871"><ele>4</ele><time>2026-07-23T16:44:02.000Z</time><extensions><gpxtpx:TrackPointExtension><gpxtpx:hr>143</gpxtpx:hr></gpxtpx:TrackPointExtension></extensions></trkpt>
      <trkpt lat="40.742627" lon="-73.959878"><ele>4</ele><time>2026-07-23T16:44:03.000Z</time><extensions><gpxtpx:TrackPointExtension><gpxtpx:hr>143</gpxtpx:hr></gpxtpx:TrackPointExtension></extensions></trkpt>
      <trkpt lat="40.742605" lon="-73.959885"><ele>4</ele><time>2026-07-23T16:44:04.000Z</time><extensions><gpxtpx:TrackPointExtension><gpxtpx:hr>142</gpxtpx:hr></gpxtpx:TrackPointExtension></extensions></trkpt>
      <trkpt lat="40.742583" lon="-73.959892"><ele>4</ele><time>2026-07-23T16:44:05.000Z</time><extensions><gpxtpx:TrackPointExtension><gpxtpx:hr>142</gpxtpx:hr></gpxtpx:TrackPointExtension></extensions></trkpt>
      <trkpt lat="40.742561" lon="-73.959898"><ele>4</ele><time>2026-07-23T16:44:06.000Z</time><extensions><gpxtpx:TrackPointExtension><gpxtpx:hr>142</gpxtpx:hr></gpxtpx:TrackPointExtension></extensions></trkpt>
      <trkpt lat="40.742542" lon="-73.959904"><ele>4</ele><time>2026-07-23T16:44:07.000Z</time><extensions><gpxtpx:TrackPointExtension><gpxtpx:hr>142</gpxtpx:hr></gpxtpx:TrackPointExtension></extensions></trkpt>
      <trkpt lat="40.742522" lon="-73.959909"><ele>4</ele><time>2026-07-23T16:44:08.000Z</time><extensions><gpxtpx:TrackPointExtension><gpxtpx:hr>142</gpxtpx:hr></gpxtpx:TrackPointExtension></extensions></trkpt>
      <trkpt lat="40.742502" lon="-73.959915"><ele>4</ele><time>2026-07-23T16:44:09.000Z</time><extensions><gpxtpx:TrackPointExtension><gpxtpx:hr>142</gpxtpx:hr></gpxtpx:TrackPointExtension></extensions></trkpt>
      <trkpt lat="40.742481" lon="-73.959922"><ele>4</ele><time>2026-07-23T16:44:10.000Z</time><extensions><gpxtpx:TrackPointExtension><gpxtpx:hr>143</gpxtpx:hr></gpxtpx:TrackPointExtension></extensions></trkpt>
      <trkpt lat="40.74246" lon="-73.95993"><ele>4</ele><time>2026-07-23T16:44:11.000Z</time><extensions><gpxtpx:TrackPointExtension><gpxtpx:hr>143</gpxtpx:hr></gpxtpx:TrackPointExtension></extensions></trkpt>
      <trkpt lat="40.742439" lon="-73.959937"><ele>4</ele><time>2026-07-23T16:44:12.000Z</time><extensions><gpxtpx:TrackPointExtension><gpxtpx:hr>143</gpxtpx:hr></gpxtpx:TrackPointExtension></extensions></trkpt>
      <trkpt lat="40.742419" lon="-73.959944"><ele>4</ele><time>2026-07-23T16:44:13.000Z</time><extensions><gpxtpx:TrackPointExtension><gpxtpx:hr>143</gpxtpx:hr></gpxtpx:TrackPointExtension></extensions></trkpt>
      <trkpt lat="40.742398" lon="-73.959953"><ele>4</ele><time>2026-07-23T16:44:14.000Z</time><extensions><gpxtpx:TrackPointExtension><gpxtpx:hr>143</gpxtpx:hr></gpxtpx:TrackPointExtension></extensions></trkpt>
      <trkpt lat="40.742377" lon="-73.959963"><ele>4</ele><time>2026-07-23T16:44:15.000Z</time><extensions><gpxtpx:TrackPointExtension><gpxtpx:hr>142</gpxtpx:hr></gpxtpx:TrackPointExtension></extensions></trkpt>
      <trkpt lat="40.742356" lon="-73.959973"><ele>4</ele><time>2026-07-23T16:44:16.000Z</time><extensions><gpxtpx:TrackPointExtension><gpxtpx:hr>142</gpxtpx:hr></gpxtpx:TrackPointExtension></extensions></trkpt>
      <trkpt lat="40.742335" lon="-73.959983"><ele>4</ele><time>2026-07-23T16:44:17.000Z</time><extensions><gpxtpx:TrackPointExtension><gpxtpx:hr>142</gpxtpx:hr></gpxtpx:TrackPointExtension></extensions></trkpt>
      <trkpt lat="40.742313" lon="-73.959994"><ele>4</ele><time>2026-07-23T16:44:18.000Z</time><extensions><gpxtpx:TrackPointExtension><gpxtpx:hr>142</gpxtpx:hr></gpxtpx:TrackPointExtension></extensions></trkpt>
      <trkpt lat="40.742291" lon="-73.960004"><ele>4</ele><time>2026-07-23T16:44:19.000Z</time><extensions><gpxtpx:TrackPointExtension><gpxtpx:hr>142</gpxtpx:hr></gpxtpx:TrackPointExtension></extensions></trkpt>
      <trkpt lat="40.742269" lon="-73.960014"><ele>4</ele><time>2026-07-23T16:44:20.000Z</time><extensions><gpxtpx:TrackPointExtension><gpxtpx:hr>142</gpxtpx:hr></gpxtpx:TrackPointExtension></extensions></trkpt>
      <trkpt lat="40.742247" lon="-73.960023"><ele>4</ele><time>2026-07-23T16:44:21.000Z</time><extensions><gpxtpx:TrackPointExtension><gpxtpx:hr>142</gpxtpx:hr></gpxtpx:TrackPointExtension></extensions></trkpt>
      <trkpt lat="40.742223" lon="-73.960031"><ele>4</ele><time>2026-07-23T16:44:22.000Z</time><extensions><gpxtpx:TrackPointExtension><gpxtpx:hr>142</gpxtpx:hr></gpxtpx:TrackPointExtension></extensions></trkpt>
      <trkpt lat="40.742198" lon="-73.960039"><ele>4</ele><time>2026-07-23T16:44:23.000Z</time><extensions><gpxtpx:TrackPointExtension><gpxtpx:hr>142</gpxtpx:hr></gpxtpx:TrackPointExtension></extensions></trkpt>
      <trkpt lat="40.742174" lon="-73.960048"><ele>4</ele><time>2026-07-23T16:44:24.000Z</time><extensions><gpxtpx:TrackPointExtension><gpxtpx:hr>142</gpxtpx:hr></gpxtpx:TrackPointExtension></extensions></trkpt>
      <trkpt lat="40.742152" lon="-73.960057"><ele>4</ele><time>2026-07-23T16:44:25.000Z</time><extensions><gpxtpx:TrackPointExtension><gpxtpx:hr>142</gpxtpx:hr></gpxtpx:TrackPointExtension></extensions></trkpt>
      <trkpt lat="40.74213" lon="-73.960066"><ele>4</ele><time>2026-07-23T16:44:26.000Z</time><extensions><gpxtpx:TrackPointExtension><gpxtpx:hr>142</gpxtpx:hr></gpxtpx:TrackPointExtension></extensions></trkpt>
      <trkpt lat="40.742108" lon="-73.960075"><ele>4</ele><time>2026-07-23T16:44:27.000Z</time><extensions><gpxtpx:TrackPointExtension><gpxtpx:hr>143</gpxtpx:hr></gpxtpx:TrackPointExtension></extensions></trkpt>
      <trkpt lat="40.742086" lon="-73.960083"><ele>4</ele><time>2026-07-23T16:44:28.000Z</time><extensions><gpxtpx:TrackPointExtension><gpxtpx:hr>143</gpxtpx:hr></gpxtpx:TrackPointExtension></extensions></trkpt>
      <trkpt lat="40.742064" lon="-73.96009"><ele>4</ele><time>2026-07-23T16:44:29.000Z</time><extensions><gpxtpx:TrackPointExtension><gpxtpx:hr>143</gpxtpx:hr></gpxtpx:TrackPointExtension></extensions></trkpt>
      <trkpt lat="40.742042" lon="-73.960097"><ele>4.2</ele><time>2026-07-23T16:44:30.000Z</time><extensions><gpxtpx:TrackPointExtension><gpxtpx:hr>143</gpxtpx:hr></gpxtpx:TrackPointExtension></extensions></trkpt>
      <trkpt lat="40.742019" lon="-73.960104"><ele>4.2</ele><time>2026-07-23T16:44:31.000Z</time><extensions><gpxtpx:TrackPointExtension><gpxtpx:hr>143</gpxtpx:hr></gpxtpx:TrackPointExtension></extensions></trkpt>
      <trkpt lat="40.741997" lon="-73.960112"><ele>4.2</ele><time>2026-07-23T16:44:32.000Z</time><extensions><gpxtpx:TrackPointExtension><gpxtpx:hr>144</gpxtpx:hr></gpxtpx:TrackPointExtension></extensions></trkpt>
      <trkpt lat="40.741973" lon="-73.960119"><ele>4.2</ele><time>2026-07-23T16:44:33.000Z</time><extensions><gpxtpx:TrackPointExtension><gpxtpx:hr>144</gpxtpx:hr></gpxtpx:TrackPointExtension></extensions></trkpt>
      <trkpt lat="40.74195" lon="-73.960126"><ele>4.2</ele><time>2026-07-23T16:44:34.000Z</time><extensions><gpxtpx:TrackPointExtension><gpxtpx:hr>144</gpxtpx:hr></gpxtpx:TrackPointExtension></extensions></trkpt>
      <trkpt lat="40.741929" lon="-73.960133"><ele>4.2</ele><time>2026-07-23T16:44:35.000Z</time><extensions><gpxtpx:TrackPointExtension><gpxtpx:hr>144</gpxtpx:hr></gpxtpx:TrackPointExtension></extensions></trkpt>
      <trkpt lat="40.741908" lon="-73.960141"><ele>4.2</ele><time>2026-07-23T16:44:36.000Z</time><extensions><gpxtpx:TrackPointExtension><gpxtpx:hr>144</gpxtpx:hr></gpxtpx:TrackPointExtension></extensions></trkpt>
      <trkpt lat="40.741889" lon="-73.96015"><ele>4.2</ele><time>2026-07-23T16:44:37.000Z</time><extensions><gpxtpx:TrackPointExtension><gpxtpx:hr>144</gpxtpx:hr></gpxtpx:TrackPointExtension></extensions></trkpt>
      <trkpt lat="40.74187" lon="-73.960161"><ele>4.2</ele><time>2026-07-23T16:44:38.000Z</time><extensions><gpxtpx:TrackPointExtension><gpxtpx:hr>144</gpxtpx:hr></gpxtpx:TrackPointExtension></extensions></trkpt>
      <trkpt lat="40.741849" lon="-73.960174"><ele>4.2</ele><time>2026-07-23T16:44:39.000Z</time><extensions><gpxtpx:TrackPointExtension><gpxtpx:hr>144</gpxtpx:hr></gpxtpx:TrackPointExtension></extensions></trkpt>
      <trkpt lat="40.741828" lon="-73.960188"><ele>4.2</ele><time>2026-07-23T16:44:40.000Z</time><extensions><gpxtpx:TrackPointExtension><gpxtpx:hr>144</gpxtpx:hr></gpxtpx:TrackPointExtension></extensions></trkpt>
      <trkpt lat="40.741808" lon="-73.960203"><ele>4.2</ele><time>2026-07-23T16:44:41.000Z</time><extensions><gpxtpx:TrackPointExtension><gpxtpx:hr>144</gpxtpx:hr></gpxtpx:TrackPointExtension></extensions></trkpt>
      <trkpt lat="40.741787" lon="-73.960218"><ele>4.2</ele><time>2026-07-23T16:44:42.000Z</time><extensions><gpxtpx:TrackPointExtension><gpxtpx:hr>144</gpxtpx:hr></gpxtpx:TrackPointExtension></extensions></trkpt>
      <trkpt lat="40.741767" lon="-73.960236"><ele>4.2</ele><time>2026-07-23T16:44:43.000Z</time><extensions><gpxtpx:TrackPointExtension><gpxtpx:hr>144</gpxtpx:hr></gpxtpx:TrackPointExtension></extensions></trkpt>
      <trkpt lat="40.741748" lon="-73.960256"><ele>4.2</ele><time>2026-07-23T16:44:44.000Z</time><extensions><gpxtpx:TrackPointExtension><gpxtpx:hr>143</gpxtpx:hr></gpxtpx:TrackPointExtension></extensions></trkpt>
      <trkpt lat="40.741727" lon="-73.960275"><ele>4</ele><time>2026-07-23T16:44:45.000Z</time><extensions><gpxtpx:TrackPointExtension><gpxtpx:hr>143</gpxtpx:hr></gpxtpx:TrackPointExtension></extensions></trkpt>
      <trkpt lat="40.741707" lon="-73.960297"><ele>4</ele><time>2026-07-23T16:44:46.000Z</time><extensions><gpxtpx:TrackPointExtension><gpxtpx:hr>143</gpxtpx:hr></gpxtpx:TrackPointExtension></extensions></trkpt>
      <trkpt lat="40.741687" lon="-73.960322"><ele>4</ele><time>2026-07-23T16:44:47.000Z</time><extensions><gpxtpx:TrackPointExtension><gpxtpx:hr>143</gpxtpx:hr></gpxtpx:TrackPointExtension></extensions></trkpt>
      <trkpt lat="40.741668" lon="-73.960349"><ele>4</ele><time>2026-07-23T16:44:48.000Z</time><extensions><gpxtpx:TrackPointExtension><gpxtpx:hr>143</gpxtpx:hr></gpxtpx:TrackPointExtension></extensions></trkpt>
      <trkpt lat="40.74165" lon="-73.960375"><ele>4</ele><time>2026-07-23T16:44:49.000Z</time><extensions><gpxtpx:TrackPointExtension><gpxtpx:hr>143</gpxtpx:hr></gpxtpx:TrackPointExtension></extensions></trkpt>
      <trkpt lat="40.741632" lon="-73.9604"><ele>4</ele><time>2026-07-23T16:44:50.000Z</time><extensions><gpxtpx:TrackPointExtension><gpxtpx:hr>144</gpxtpx:hr></gpxtpx:TrackPointExtension></extensions></trkpt>
      <trkpt lat="40.741613" lon="-73.960423"><ele>4</ele><time>2026-07-23T16:44:51.000Z</time><extensions><gpxtpx:TrackPointExtension><gpxtpx:hr>144</gpxtpx:hr></gpxtpx:TrackPointExtension></extensions></trkpt>
      <trkpt lat="40.741595" lon="-73.960444"><ele>4</ele><time>2026-07-23T16:44:52.000Z</time><extensions><gpxtpx:TrackPointExtension><gpxtpx:hr>144</gpxtpx:hr></gpxtpx:TrackPointExtension></extensions></trkpt>
      <trkpt lat="40.741576" lon="-73.960464"><ele>4</ele><time>2026-07-23T16:44:53.000Z</time><extensions><gpxtpx:TrackPointExtension><gpxtpx:hr>144</gpxtpx:hr></gpxtpx:TrackPointExtension></extensions></trkpt>
      <trkpt lat="40.741555" lon="-73.960484"><ele>4</ele><time>2026-07-23T16:44:54.000Z</time><extensions><gpxtpx:TrackPointExtension><gpxtpx:hr>144</gpxtpx:hr></gpxtpx:TrackPointExtension></extensions></trkpt>
      <trkpt lat="40.741533" lon="-73.960504"><ele>4</ele><time>2026-07-23T16:44:55.000Z</time><extensions><gpxtpx:TrackPointExtension><gpxtpx:hr>144</gpxtpx:hr></gpxtpx:TrackPointExtension></extensions></trkpt>
      <trkpt lat="40.741509" lon="-73.960525"><ele>4</ele><time>2026-07-23T16:44:56.000Z</time><extensions><gpxtpx:TrackPointExtension><gpxtpx:hr>144</gpxtpx:hr></gpxtpx:TrackPointExtension></extensions></trkpt>
      <trkpt lat="40.741485" lon="-73.960546"><ele>4</ele><time>2026-07-23T16:44:57.000Z</time><extensions><gpxtpx:TrackPointExtension><gpxtpx:hr>144</gpxtpx:hr></gpxtpx:TrackPointExtension></extensions></trkpt>
      <trkpt lat="40.74146" lon="-73.960568"><ele>4</ele><time>2026-07-23T16:44:58.000Z</time><extensions><gpxtpx:TrackPointExtension><gpxtpx:hr>144</gpxtpx:hr></gpxtpx:TrackPointExtension></extensions></trkpt>
      <trkpt lat="40.741436" lon="-73.96059"><ele>4</ele><time>2026-07-23T16:44:59.000Z</time><extensions><gpxtpx:TrackPointExtension><gpxtpx:hr>144</gpxtpx:hr></gpxtpx:TrackPointExtension></extensions></trkpt>
      <trkpt lat="40.741413" lon="-73.960611"><ele>4</ele><time>2026-07-23T16:45:00.000Z</time><extensions><gpxtpx:TrackPointExtension><gpxtpx:hr>147</gpxtpx:hr></gpxtpx:TrackPointExtension></extensions></trkpt>
      <trkpt lat="40.74139" lon="-73.960632"><ele>4</ele><time>2026-07-23T16:45:01.000Z</time><extensions><gpxtpx:TrackPointExtension><gpxtpx:hr>147</gpxtpx:hr></gpxtpx:TrackPointExtension></extensions></trkpt>
      <trkpt lat="40.741366" lon="-73.960652"><ele>4</ele><time>2026-07-23T16:45:02.000Z</time><extensions><gpxtpx:TrackPointExtension><gpxtpx:hr>147</gpxtpx:hr></gpxtpx:TrackPointExtension></extensions></trkpt>
      <trkpt lat="40.741342" lon="-73.960671"><ele>4</ele><time>2026-07-23T16:45:03.000Z</time><extensions><gpxtpx:TrackPointExtension><gpxtpx:hr>147</gpxtpx:hr></gpxtpx:TrackPointExtension></extensions></trkpt>
      <trkpt lat="40.741317" lon="-73.960689"><ele>4</ele><time>2026-07-23T16:45:04.000Z</time><extensions><gpxtpx:TrackPointExtension><gpxtpx:hr>147</gpxtpx:hr></gpxtpx:TrackPointExtension></extensions></trkpt>
      <trkpt lat="40.741293" lon="-73.960706"><ele>4</ele><time>2026-07-23T16:45:05.000Z</time><extensions><gpxtpx:TrackPointExtension><gpxtpx:hr>148</gpxtpx:hr></gpxtpx:TrackPointExtension></extensions></trkpt>
      <trkpt lat="40.741268" lon="-73.960723"><ele>4</ele><time>2026-07-23T16:45:06.000Z</time><extensions><gpxtpx:TrackPointExtension><gpxtpx:hr>148</gpxtpx:hr></gpxtpx:TrackPointExtension></extensions></trkpt>
      <trkpt lat="40.741242" lon="-73.960738"><ele>4</ele><time>2026-07-23T16:45:07.000Z</time><extensions><gpxtpx:TrackPointExtension><gpxtpx:hr>148</gpxtpx:hr></gpxtpx:TrackPointExtension></extensions></trkpt>
      <trkpt lat="40.741215" lon="-73.960753"><ele>4</ele><time>2026-07-23T16:45:08.000Z</time><extensions><gpxtpx:TrackPointExtension><gpxtpx:hr>148</gpxtpx:hr></gpxtpx:TrackPointExtension></extensions></trkpt>
      <trkpt lat="40.741188" lon="-73.960766"><ele>4</ele><time>2026-07-23T16:45:09.000Z</time><extensions><gpxtpx:TrackPointExtension><gpxtpx:hr>148</gpxtpx:hr></gpxtpx:TrackPointExtension></extensions></trkpt>
      <trkpt lat="40.741162" lon="-73.960779"><ele>4</ele><time>2026-07-23T16:45:10.000Z</time><extensions><gpxtpx:TrackPointExtension><gpxtpx:hr>148</gpxtpx:hr></gpxtpx:TrackPointExtension></extensions></trkpt>
      <trkpt lat="40.741136" lon="-73.960793"><ele>4</ele><time>2026-07-23T16:45:11.000Z</time><extensions><gpxtpx:TrackPointExtension><gpxtpx:hr>148</gpxtpx:hr></gpxtpx:TrackPointExtension></extensions></trkpt>
      <trkpt lat="40.741111" lon="-73.960807"><ele>4</ele><time>2026-07-23T16:45:12.000Z</time><extensions><gpxtpx:TrackPointExtension><gpxtpx:hr>148</gpxtpx:hr></gpxtpx:TrackPointExtension></extensions></trkpt>
      <trkpt lat="40.741086" lon="-73.96082"><ele>4</ele><time>2026-07-23T16:45:13.000Z</time><extensions><gpxtpx:TrackPointExtension><gpxtpx:hr>148</gpxtpx:hr></gpxtpx:TrackPointExtension></extensions></trkpt>
      <trkpt lat="40.74106" lon="-73.960834"><ele>4</ele><time>2026-07-23T16:45:14.000Z</time><extensions><gpxtpx:TrackPointExtension><gpxtpx:hr>148</gpxtpx:hr></gpxtpx:TrackPointExtension></extensions></trkpt>
      <trkpt lat="40.741035" lon="-73.960846"><ele>4</ele><time>2026-07-23T16:45:15.000Z</time><extensions><gpxtpx:TrackPointExtension><gpxtpx:hr>148</gpxtpx:hr></gpxtpx:TrackPointExtension></extensions></trkpt>
      <trkpt lat="40.741009" lon="-73.960859"><ele>4</ele><time>2026-07-23T16:45:16.000Z</time><extensions><gpxtpx:TrackPointExtension><gpxtpx:hr>149</gpxtpx:hr></gpxtpx:TrackPointExtension></extensions></trkpt>
      <trkpt lat="40.740983" lon="-73.96087"><ele>4.2</ele><time>2026-07-23T16:45:17.000Z</time><extensions><gpxtpx:TrackPointExtension><gpxtpx:hr>149</gpxtpx:hr></gpxtpx:TrackPointExtension></extensions></trkpt>
      <trkpt lat="40.740958" lon="-73.960882"><ele>4.2</ele><time>2026-07-23T16:45:18.000Z</time><extensions><gpxtpx:TrackPointExtension><gpxtpx:hr>149</gpxtpx:hr></gpxtpx:TrackPointExtension></extensions></trkpt>
      <trkpt lat="40.740933" lon="-73.960892"><ele>4.2</ele><time>2026-07-23T16:45:19.000Z</time><extensions><gpxtpx:TrackPointExtension><gpxtpx:hr>149</gpxtpx:hr></gpxtpx:TrackPointExtension></extensions></trkpt>
      <trkpt lat="40.740908" lon="-73.960903"><ele>4.2</ele><time>2026-07-23T16:45:20.000Z</time><extensions><gpxtpx:TrackPointExtension><gpxtpx:hr>149</gpxtpx:hr></gpxtpx:TrackPointExtension></extensions></trkpt>
      <trkpt lat="40.740883" lon="-73.960915"><ele>4.2</ele><time>2026-07-23T16:45:21.000Z</time><extensions><gpxtpx:TrackPointExtension><gpxtpx:hr>149</gpxtpx:hr></gpxtpx:TrackPointExtension></extensions></trkpt>
      <trkpt lat="40.740859" lon="-73.960926"><ele>4.2</ele><time>2026-07-23T16:45:22.000Z</time><extensions><gpxtpx:TrackPointExtension><gpxtpx:hr>149</gpxtpx:hr></gpxtpx:TrackPointExtension></extensions></trkpt>
      <trkpt lat="40.740836" lon="-73.960938"><ele>4.2</ele><time>2026-07-23T16:45:23.000Z</time><extensions><gpxtpx:TrackPointExtension><gpxtpx:hr>149</gpxtpx:hr></gpxtpx:TrackPointExtension></extensions></trkpt>
      <trkpt lat="40.740814" lon="-73.96095"><ele>4.2</ele><time>2026-07-23T16:45:24.000Z</time><extensions><gpxtpx:TrackPointExtension><gpxtpx:hr>149</gpxtpx:hr></gpxtpx:TrackPointExtension></extensions></trkpt>
      <trkpt lat="40.740791" lon="-73.960962"><ele>4.2</ele><time>2026-07-23T16:45:25.000Z</time><extensions><gpxtpx:TrackPointExtension><gpxtpx:hr>149</gpxtpx:hr></gpxtpx:TrackPointExtension></extensions></trkpt>
      <trkpt lat="40.740768" lon="-73.960973"><ele>4.2</ele><time>2026-07-23T16:45:26.000Z</time><extensions><gpxtpx:TrackPointExtension><gpxtpx:hr>149</gpxtpx:hr></gpxtpx:TrackPointExtension></extensions></trkpt>
      <trkpt lat="40.740743" lon="-73.960983"><ele>4.2</ele><time>2026-07-23T16:45:27.000Z</time><extensions><gpxtpx:TrackPointExtension><gpxtpx:hr>149</gpxtpx:hr></gpxtpx:TrackPointExtension></extensions></trkpt>
      <trkpt lat="40.740717" lon="-73.960991"><ele>4.2</ele><time>2026-07-23T16:45:28.000Z</time><extensions><gpxtpx:TrackPointExtension><gpxtpx:hr>149</gpxtpx:hr></gpxtpx:TrackPointExtension></extensions></trkpt>
      <trkpt lat="40.740691" lon="-73.960998"><ele>4.2</ele><time>2026-07-23T16:45:29.000Z</time><extensions><gpxtpx:TrackPointExtension><gpxtpx:hr>149</gpxtpx:hr></gpxtpx:TrackPointExtension></extensions></trkpt>
      <trkpt lat="40.740663" lon="-73.961004"><ele>4.2</ele><time>2026-07-23T16:45:30.000Z</time><extensions><gpxtpx:TrackPointExtension><gpxtpx:hr>149</gpxtpx:hr></gpxtpx:TrackPointExtension></extensions></trkpt>
      <trkpt lat="40.740635" lon="-73.96101"><ele>4.2</ele><time>2026-07-23T16:45:31.000Z</time><extensions><gpxtpx:TrackPointExtension><gpxtpx:hr>149</gpxtpx:hr></gpxtpx:TrackPointExtension></extensions></trkpt>
      <trkpt lat="40.740607" lon="-73.961017"><ele>4.2</ele><time>2026-07-23T16:45:32.000Z</time><extensions><gpxtpx:TrackPointExtension><gpxtpx:hr>149</gpxtpx:hr></gpxtpx:TrackPointExtension></extensions></trkpt>
      <trkpt lat="40.740581" lon="-73.961023"><ele>4.4</ele><time>2026-07-23T16:45:33.000Z</time><extensions><gpxtpx:TrackPointExtension><gpxtpx:hr>149</gpxtpx:hr></gpxtpx:TrackPointExtension></extensions></trkpt>
      <trkpt lat="40.740555" lon="-73.961028"><ele>4.4</ele><time>2026-07-23T16:45:34.000Z</time><extensions><gpxtpx:TrackPointExtension><gpxtpx:hr>149</gpxtpx:hr></gpxtpx:TrackPointExtension></extensions></trkpt>
      <trkpt lat="40.74053" lon="-73.961032"><ele>4.4</ele><time>2026-07-23T16:45:35.000Z</time><extensions><gpxtpx:TrackPointExtension><gpxtpx:hr>149</gpxtpx:hr></gpxtpx:TrackPointExtension></extensions></trkpt>
      <trkpt lat="40.740505" lon="-73.961037"><ele>4.4</ele><time>2026-07-23T16:45:36.000Z</time><extensions><gpxtpx:TrackPointExtension><gpxtpx:hr>149</gpxtpx:hr></gpxtpx:TrackPointExtension></extensions></trkpt>
      <trkpt lat="40.74048" lon="-73.961044"><ele>4.4</ele><time>2026-07-23T16:45:37.000Z</time><extensions><gpxtpx:TrackPointExtension><gpxtpx:hr>149</gpxtpx:hr></gpxtpx:TrackPointExtension></extensions></trkpt>
      <trkpt lat="40.740453" lon="-73.961054"><ele>4.4</ele><time>2026-07-23T16:45:38.000Z</time><extensions><gpxtpx:TrackPointExtension><gpxtpx:hr>149</gpxtpx:hr></gpxtpx:TrackPointExtension></extensions></trkpt>
      <trkpt lat="40.740427" lon="-73.961067"><ele>4.4</ele><time>2026-07-23T16:45:39.000Z</time><extensions><gpxtpx:TrackPointExtension><gpxtpx:hr>149</gpxtpx:hr></gpxtpx:TrackPointExtension></extensions></trkpt>
      <trkpt lat="40.740402" lon="-73.961082"><ele>4.4</ele><time>2026-07-23T16:45:40.000Z</time><extensions><gpxtpx:TrackPointExtension><gpxtpx:hr>149</gpxtpx:hr></gpxtpx:TrackPointExtension></extensions></trkpt>
      <trkpt lat="40.740378" lon="-73.961097"><ele>4.4</ele><time>2026-07-23T16:45:41.000Z</time><extensions><gpxtpx:TrackPointExtension><gpxtpx:hr>148</gpxtpx:hr></gpxtpx:TrackPointExtension></extensions></trkpt>
      <trkpt lat="40.740356" lon="-73.961114"><ele>4.4</ele><time>2026-07-23T16:45:42.000Z</time><extensions><gpxtpx:TrackPointExtension><gpxtpx:hr>148</gpxtpx:hr></gpxtpx:TrackPointExtension></extensions></trkpt>
      <trkpt lat="40.740335" lon="-73.96113"><ele>4.4</ele><time>2026-07-23T16:45:43.000Z</time><extensions><gpxtpx:TrackPointExtension><gpxtpx:hr>148</gpxtpx:hr></gpxtpx:TrackPointExtension></extensions></trkpt>
      <trkpt lat="40.740313" lon="-73.961147"><ele>4.4</ele><time>2026-07-23T16:45:44.000Z</time><extensions><gpxtpx:TrackPointExtension><gpxtpx:hr>148</gpxtpx:hr></gpxtpx:TrackPointExtension></extensions></trkpt>
      <trkpt lat="40.74029" lon="-73.961162"><ele>4.6</ele><time>2026-07-23T16:45:45.000Z</time><extensions><gpxtpx:TrackPointExtension><gpxtpx:hr>148</gpxtpx:hr></gpxtpx:TrackPointExtension></extensions></trkpt>
      <trkpt lat="40.740267" lon="-73.961176"><ele>4.6</ele><time>2026-07-23T16:45:46.000Z</time><extensions><gpxtpx:TrackPointExtension><gpxtpx:hr>148</gpxtpx:hr></gpxtpx:TrackPointExtension></extensions></trkpt>
      <trkpt lat="40.740244" lon="-73.961192"><ele>4.6</ele><time>2026-07-23T16:45:47.000Z</time><extensions><gpxtpx:TrackPointExtension><gpxtpx:hr>148</gpxtpx:hr></gpxtpx:TrackPointExtension></extensions></trkpt>
      <trkpt lat="40.740221" lon="-73.961213"><ele>4.6</ele><time>2026-07-23T16:45:48.000Z</time><extensions><gpxtpx:TrackPointExtension><gpxtpx:hr>150</gpxtpx:hr></gpxtpx:TrackPointExtension></extensions></trkpt>
      <trkpt lat="40.7402" lon="-73.961234"><ele>4.6</ele><time>2026-07-23T16:45:49.000Z</time><extensions><gpxtpx:TrackPointExtension><gpxtpx:hr>150</gpxtpx:hr></gpxtpx:TrackPointExtension></extensions></trkpt>
      <trkpt lat="40.740179" lon="-73.961254"><ele>4.8</ele><time>2026-07-23T16:45:50.000Z</time><extensions><gpxtpx:TrackPointExtension><gpxtpx:hr>150</gpxtpx:hr></gpxtpx:TrackPointExtension></extensions></trkpt>
      <trkpt lat="40.740158" lon="-73.961274"><ele>4.8</ele><time>2026-07-23T16:45:51.000Z</time><extensions><gpxtpx:TrackPointExtension><gpxtpx:hr>150</gpxtpx:hr></gpxtpx:TrackPointExtension></extensions></trkpt>
      <trkpt lat="40.740138" lon="-73.961294"><ele>4.8</ele><time>2026-07-23T16:45:52.000Z</time><extensions><gpxtpx:TrackPointExtension><gpxtpx:hr>150</gpxtpx:hr></gpxtpx:TrackPointExtension></extensions></trkpt>
      <trkpt lat="40.740119" lon="-73.961317"><ele>4.8</ele><time>2026-07-23T16:45:53.000Z</time><extensions><gpxtpx:TrackPointExtension><gpxtpx:hr>151</gpxtpx:hr></gpxtpx:TrackPointExtension></extensions></trkpt>
      <trkpt lat="40.740101" lon="-73.961341"><ele>4.8</ele><time>2026-07-23T16:45:54.000Z</time><extensions><gpxtpx:TrackPointExtension><gpxtpx:hr>151</gpxtpx:hr></gpxtpx:TrackPointExtension></extensions></trkpt>
      <trkpt lat="40.740084" lon="-73.961365"><ele>4.8</ele><time>2026-07-23T16:45:55.000Z</time><extensions><gpxtpx:TrackPointExtension><gpxtpx:hr>151</gpxtpx:hr></gpxtpx:TrackPointExtension></extensions></trkpt>
      <trkpt lat="40.740067" lon="-73.96139"><ele>4.6</ele><time>2026-07-23T16:45:56.000Z</time><extensions><gpxtpx:TrackPointExtension><gpxtpx:hr>151</gpxtpx:hr></gpxtpx:TrackPointExtension></extensions></trkpt>
      <trkpt lat="40.740052" lon="-73.961415"><ele>4.6</ele><time>2026-07-23T16:45:57.000Z</time><extensions><gpxtpx:TrackPointExtension><gpxtpx:hr>152</gpxtpx:hr></gpxtpx:TrackPointExtension></extensions></trkpt>
      <trkpt lat="40.740036" lon="-73.961441"><ele>4.4</ele><time>2026-07-23T16:45:58.000Z</time><extensions><gpxtpx:TrackPointExtension><gpxtpx:hr>152</gpxtpx:hr></gpxtpx:TrackPointExtension></extensions></trkpt>
      <trkpt lat="40.74002" lon="-73.961469"><ele>4.2</ele><time>2026-07-23T16:45:59.000Z</time><extensions><gpxtpx:TrackPointExtension><gpxtpx:hr>152</gpxtpx:hr></gpxtpx:TrackPointExtension></extensions></trkpt>
      <trkpt lat="40.740004" lon="-73.961495"><ele>4</ele><time>2026-07-23T16:46:00.000Z</time><extensions><gpxtpx:TrackPointExtension><gpxtpx:hr>152</gpxtpx:hr></gpxtpx:TrackPointExtension></extensions></trkpt>
      <trkpt lat="40.739989" lon="-73.961521"><ele>4</ele><time>2026-07-23T16:46:01.000Z</time><extensions><gpxtpx:TrackPointExtension><gpxtpx:hr>152</gpxtpx:hr></gpxtpx:TrackPointExtension></extensions></trkpt>
      <trkpt lat="40.739974" lon="-73.961546"><ele>3.8</ele><time>2026-07-23T16:46:02.000Z</time><extensions><gpxtpx:TrackPointExtension><gpxtpx:hr>152</gpxtpx:hr></gpxtpx:TrackPointExtension></extensions></trkpt>
      <trkpt lat="40.739961" lon="-73.961572"><ele>3.6</ele><time>2026-07-23T16:46:03.000Z</time><extensions><gpxtpx:TrackPointExtension><gpxtpx:hr>152</gpxtpx:hr></gpxtpx:TrackPointExtension></extensions></trkpt>
      <trkpt lat="40.739949" lon="-73.961598"><ele>3.4</ele><time>2026-07-23T16:46:04.000Z</time><extensions><gpxtpx:TrackPointExtension><gpxtpx:hr>152</gpxtpx:hr></gpxtpx:TrackPointExtension></extensions></trkpt>
      <trkpt lat="40.739939" lon="-73.961622"><ele>3.4</ele><time>2026-07-23T16:46:05.000Z</time><extensions><gpxtpx:TrackPointExtension><gpxtpx:hr>152</gpxtpx:hr></gpxtpx:TrackPointExtension></extensions></trkpt>
      <trkpt lat="40.739934" lon="-73.961646"><ele>3.2</ele><time>2026-07-23T16:46:06.000Z</time><extensions><gpxtpx:TrackPointExtension><gpxtpx:hr>149</gpxtpx:hr></gpxtpx:TrackPointExtension></extensions></trkpt>
      <trkpt lat="40.739932" lon="-73.961671"><ele>3.2</ele><time>2026-07-23T16:46:07.000Z</time><extensions><gpxtpx:TrackPointExtension><gpxtpx:hr>149</gpxtpx:hr></gpxtpx:TrackPointExtension></extensions></trkpt>
      <trkpt lat="40.739932" lon="-73.961695"><ele>3</ele><time>2026-07-23T16:46:08.000Z</time><extensions><gpxtpx:TrackPointExtension><gpxtpx:hr>149</gpxtpx:hr></gpxtpx:TrackPointExtension></extensions></trkpt>
      <trkpt lat="40.739933" lon="-73.96172"><ele>3</ele><time>2026-07-23T16:46:09.000Z</time><extensions><gpxtpx:TrackPointExtension><gpxtpx:hr>149</gpxtpx:hr></gpxtpx:TrackPointExtension></extensions></trkpt>
      <trkpt lat="40.739931" lon="-73.961746"><ele>3</ele><time>2026-07-23T16:46:10.000Z</time><extensions><gpxtpx:TrackPointExtension><gpxtpx:hr>149</gpxtpx:hr></gpxtpx:TrackPointExtension></extensions></trkpt>
      <trkpt lat="40.739925" lon="-73.961772"><ele>3</ele><time>2026-07-23T16:46:11.000Z</time><extensions><gpxtpx:TrackPointExtension><gpxtpx:hr>149</gpxtpx:hr></gpxtpx:TrackPointExtension></extensions></trkpt>
      <trkpt lat="40.739917" lon="-73.961798"><ele>3</ele><time>2026-07-23T16:46:12.000Z</time><extensions><gpxtpx:TrackPointExtension><gpxtpx:hr>149</gpxtpx:hr></gpxtpx:TrackPointExtension></extensions></trkpt>
      <trkpt lat="40.739911" lon="-73.961826"><ele>3</ele><time>2026-07-23T16:46:13.000Z</time><extensions><gpxtpx:TrackPointExtension><gpxtpx:hr>149</gpxtpx:hr></gpxtpx:TrackPointExtension></extensions></trkpt>
      <trkpt lat="40.739908" lon="-73.961853"><ele>3</ele><time>2026-07-23T16:46:14.000Z</time><extensions><gpxtpx:TrackPointExtension><gpxtpx:hr>149</gpxtpx:hr></gpxtpx:TrackPointExtension></extensions></trkpt>
      <trkpt lat="40.739905" lon="-73.961881"><ele>3</ele><time>2026-07-23T16:46:15.000Z</time><extensions><gpxtpx:TrackPointExtension><gpxtpx:hr>149</gpxtpx:hr></gpxtpx:TrackPointExtension></extensions></trkpt>
      <trkpt lat="40.7399" lon="-73.961912"><ele>3</ele><time>2026-07-23T16:46:16.000Z</time><extensions><gpxtpx:TrackPointExtension><gpxtpx:hr>149</gpxtpx:hr></gpxtpx:TrackPointExtension></extensions></trkpt>
      <trkpt lat="40.739895" lon="-73.961945"><ele>3</ele><time>2026-07-23T16:46:17.000Z</time><extensions><gpxtpx:TrackPointExtension><gpxtpx:hr>149</gpxtpx:hr></gpxtpx:TrackPointExtension></extensions></trkpt>
      <trkpt lat="40.739895" lon="-73.961978"><ele>3</ele><time>2026-07-23T16:46:18.000Z</time><extensions><gpxtpx:TrackPointExtension><gpxtpx:hr>149</gpxtpx:hr></gpxtpx:TrackPointExtension></extensions></trkpt>
      <trkpt lat="40.739905" lon="-73.96201"><ele>3</ele><time>2026-07-23T16:46:19.000Z</time><extensions><gpxtpx:TrackPointExtension><gpxtpx:hr>149</gpxtpx:hr></gpxtpx:TrackPointExtension></extensions></trkpt>
      <trkpt lat="40.739923" lon="-73.962038"><ele>3</ele><time>2026-07-23T16:46:20.000Z</time><extensions><gpxtpx:TrackPointExtension><gpxtpx:hr>149</gpxtpx:hr></gpxtpx:TrackPointExtension></extensions></trkpt>
      <trkpt lat="40.739943" lon="-73.96206"><ele>3</ele><time>2026-07-23T16:46:21.000Z</time><extensions><gpxtpx:TrackPointExtension><gpxtpx:hr>149</gpxtpx:hr></gpxtpx:TrackPointExtension></extensions></trkpt>
      <trkpt lat="40.739957" lon="-73.962077"><ele>3</ele><time>2026-07-23T16:46:22.000Z</time><extensions><gpxtpx:TrackPointExtension><gpxtpx:hr>149</gpxtpx:hr></gpxtpx:TrackPointExtension></extensions></trkpt>
      <trkpt lat="40.739962" lon="-73.962098"><ele>3</ele><time>2026-07-23T16:46:23.000Z</time><extensions><gpxtpx:TrackPointExtension><gpxtpx:hr>149</gpxtpx:hr></gpxtpx:TrackPointExtension></extensions></trkpt>
      <trkpt lat="40.739955" lon="-73.962126"><ele>3</ele><time>2026-07-23T16:46:24.000Z</time><extensions><gpxtpx:TrackPointExtension><gpxtpx:hr>149</gpxtpx:hr></gpxtpx:TrackPointExtension></extensions></trkpt>
      <trkpt lat="40.73994" lon="-73.962152"><ele>3</ele><time>2026-07-23T16:46:25.000Z</time><extensions><gpxtpx:TrackPointExtension><gpxtpx:hr>149</gpxtpx:hr></gpxtpx:TrackPointExtension></extensions></trkpt>
      <trkpt lat="40.73992" lon="-73.962172"><ele>3</ele><time>2026-07-23T16:46:26.000Z</time><extensions><gpxtpx:TrackPointExtension><gpxtpx:hr>149</gpxtpx:hr></gpxtpx:TrackPointExtension></extensions></trkpt>
      <trkpt lat="40.739896" lon="-73.962187"><ele>3</ele><time>2026-07-23T16:46:27.000Z</time><extensions><gpxtpx:TrackPointExtension><gpxtpx:hr>149</gpxtpx:hr></gpxtpx:TrackPointExtension></extensions></trkpt>
      <trkpt lat="40.739873" lon="-73.962204"><ele>3</ele><time>2026-07-23T16:46:28.000Z</time><extensions><gpxtpx:TrackPointExtension><gpxtpx:hr>149</gpxtpx:hr></gpxtpx:TrackPointExtension></extensions></trkpt>
      <trkpt lat="40.739855" lon="-73.962225"><ele>3</ele><time>2026-07-23T16:46:29.000Z</time><extensions><gpxtpx:TrackPointExtension><gpxtpx:hr>149</gpxtpx:hr></gpxtpx:TrackPointExtension></extensions></trkpt>
      <trkpt lat="40.739843" lon="-73.962252"><ele>2.8</ele><time>2026-07-23T16:46:30.000Z</time><extensions><gpxtpx:TrackPointExtension><gpxtpx:hr>149</gpxtpx:hr></gpxtpx:TrackPointExtension></extensions></trkpt>
      <trkpt lat="40.739832" lon="-73.96228"><ele>2.8</ele><time>2026-07-23T16:46:31.000Z</time><extensions><gpxtpx:TrackPointExtension><gpxtpx:hr>149</gpxtpx:hr></gpxtpx:TrackPointExtension></extensions></trkpt>
      <trkpt lat="40.739821" lon="-73.962306"><ele>2.8</ele><time>2026-07-23T16:46:32.000Z</time><extensions><gpxtpx:TrackPointExtension><gpxtpx:hr>149</gpxtpx:hr></gpxtpx:TrackPointExtension></extensions></trkpt>
      <trkpt lat="40.739807" lon="-73.962326"><ele>2.8</ele><time>2026-07-23T16:46:33.000Z</time><extensions><gpxtpx:TrackPointExtension><gpxtpx:hr>149</gpxtpx:hr></gpxtpx:TrackPointExtension></extensions></trkpt>
      <trkpt lat="40.73979" lon="-73.962339"><ele>2.8</ele><time>2026-07-23T16:46:34.000Z</time><extensions><gpxtpx:TrackPointExtension><gpxtpx:hr>149</gpxtpx:hr></gpxtpx:TrackPointExtension></extensions></trkpt>
      <trkpt lat="40.739769" lon="-73.962349"><ele>2.8</ele><time>2026-07-23T16:46:35.000Z</time><extensions><gpxtpx:TrackPointExtension><gpxtpx:hr>149</gpxtpx:hr></gpxtpx:TrackPointExtension></extensions></trkpt>
      <trkpt lat="40.739748" lon="-73.962357"><ele>2.8</ele><time>2026-07-23T16:46:36.000Z</time><extensions><gpxtpx:TrackPointExtension><gpxtpx:hr>148</gpxtpx:hr></gpxtpx:TrackPointExtension></extensions></trkpt>
      <trkpt lat="40.73973" lon="-73.962368"><ele>2.8</ele><time>2026-07-23T16:46:37.000Z</time><extensions><gpxtpx:TrackPointExtension><gpxtpx:hr>148</gpxtpx:hr></gpxtpx:TrackPointExtension></extensions></trkpt>
      <trkpt lat="40.739718" lon="-73.962385"><ele>2.8</ele><time>2026-07-23T16:46:38.000Z</time><extensions><gpxtpx:TrackPointExtension><gpxtpx:hr>148</gpxtpx:hr></gpxtpx:TrackPointExtension></extensions></trkpt>
      <trkpt lat="40.739713" lon="-73.962404"><ele>2.8</ele><time>2026-07-23T16:46:39.000Z</time><extensions><gpxtpx:TrackPointExtension><gpxtpx:hr>148</gpxtpx:hr></gpxtpx:TrackPointExtension></extensions></trkpt>
      <trkpt lat="40.739714" lon="-73.962423"><ele>2.8</ele><time>2026-07-23T16:46:40.000Z</time><extensions><gpxtpx:TrackPointExtension><gpxtpx:hr>148</gpxtpx:hr></gpxtpx:TrackPointExtension></extensions></trkpt>
      <trkpt lat="40.739711" lon="-73.962436"><ele>2.8</ele><time>2026-07-23T16:46:41.000Z</time><extensions><gpxtpx:TrackPointExtension><gpxtpx:hr>149</gpxtpx:hr></gpxtpx:TrackPointExtension></extensions></trkpt>
      <trkpt lat="40.739697" lon="-73.962443"><ele>2.8</ele><time>2026-07-23T16:46:42.000Z</time><extensions><gpxtpx:TrackPointExtension><gpxtpx:hr>149</gpxtpx:hr></gpxtpx:TrackPointExtension></extensions></trkpt>
      <trkpt lat="40.739673" lon="-73.962446"><ele>2.8</ele><time>2026-07-23T16:46:43.000Z</time><extensions><gpxtpx:TrackPointExtension><gpxtpx:hr>149</gpxtpx:hr></gpxtpx:TrackPointExtension></extensions></trkpt>
      <trkpt lat="40.739646" lon="-73.962446"><ele>2.8</ele><time>2026-07-23T16:46:44.000Z</time><extensions><gpxtpx:TrackPointExtension><gpxtpx:hr>149</gpxtpx:hr></gpxtpx:TrackPointExtension></extensions></trkpt>
      <trkpt lat="40.739618" lon="-73.962444"><ele>2.8</ele><time>2026-07-23T16:46:45.000Z</time><extensions><gpxtpx:TrackPointExtension><gpxtpx:hr>149</gpxtpx:hr></gpxtpx:TrackPointExtension></extensions></trkpt>
      <trkpt lat="40.739592" lon="-73.962441"><ele>2.8</ele><time>2026-07-23T16:46:46.000Z</time><extensions><gpxtpx:TrackPointExtension><gpxtpx:hr>149</gpxtpx:hr></gpxtpx:TrackPointExtension></extensions></trkpt>
      <trkpt lat="40.739566" lon="-73.962435"><ele>2.8</ele><time>2026-07-23T16:46:47.000Z</time><extensions><gpxtpx:TrackPointExtension><gpxtpx:hr>149</gpxtpx:hr></gpxtpx:TrackPointExtension></extensions></trkpt>
      <trkpt lat="40.739541" lon="-73.962427"><ele>2.8</ele><time>2026-07-23T16:46:48.000Z</time><extensions><gpxtpx:TrackPointExtension><gpxtpx:hr>149</gpxtpx:hr></gpxtpx:TrackPointExtension></extensions></trkpt>
      <trkpt lat="40.739516" lon="-73.962417"><ele>2.8</ele><time>2026-07-23T16:46:49.000Z</time><extensions><gpxtpx:TrackPointExtension><gpxtpx:hr>149</gpxtpx:hr></gpxtpx:TrackPointExtension></extensions></trkpt>
      <trkpt lat="40.739491" lon="-73.962408"><ele>2.8</ele><time>2026-07-23T16:46:50.000Z</time><extensions><gpxtpx:TrackPointExtension><gpxtpx:hr>149</gpxtpx:hr></gpxtpx:TrackPointExtension></extensions></trkpt>
      <trkpt lat="40.739466" lon="-73.962403"><ele>2.8</ele><time>2026-07-23T16:46:51.000Z</time><extensions><gpxtpx:TrackPointExtension><gpxtpx:hr>148</gpxtpx:hr></gpxtpx:TrackPointExtension></extensions></trkpt>
      <trkpt lat="40.739442" lon="-73.962403"><ele>2.8</ele><time>2026-07-23T16:46:52.000Z</time><extensions><gpxtpx:TrackPointExtension><gpxtpx:hr>148</gpxtpx:hr></gpxtpx:TrackPointExtension></extensions></trkpt>
      <trkpt lat="40.73942" lon="-73.962405"><ele>2.8</ele><time>2026-07-23T16:46:53.000Z</time><extensions><gpxtpx:TrackPointExtension><gpxtpx:hr>148</gpxtpx:hr></gpxtpx:TrackPointExtension></extensions></trkpt>
      <trkpt lat="40.739398" lon="-73.962409"><ele>2.8</ele><time>2026-07-23T16:46:54.000Z</time><extensions><gpxtpx:TrackPointExtension><gpxtpx:hr>148</gpxtpx:hr></gpxtpx:TrackPointExtension></extensions></trkpt>
      <trkpt lat="40.739375" lon="-73.962412"><ele>2.8</ele><time>2026-07-23T16:46:55.000Z</time><extensions><gpxtpx:TrackPointExtension><gpxtpx:hr>148</gpxtpx:hr></gpxtpx:TrackPointExtension></extensions></trkpt>
      <trkpt lat="40.739349" lon="-73.962414"><ele>2.8</ele><time>2026-07-23T16:46:56.000Z</time><extensions><gpxtpx:TrackPointExtension><gpxtpx:hr>148</gpxtpx:hr></gpxtpx:TrackPointExtension></extensions></trkpt>
      <trkpt lat="40.739321" lon="-73.962417"><ele>2.8</ele><time>2026-07-23T16:46:57.000Z</time><extensions><gpxtpx:TrackPointExtension><gpxtpx:hr>148</gpxtpx:hr></gpxtpx:TrackPointExtension></extensions></trkpt>
      <trkpt lat="40.739294" lon="-73.962421"><ele>2.8</ele><time>2026-07-23T16:46:58.000Z</time><extensions><gpxtpx:TrackPointExtension><gpxtpx:hr>148</gpxtpx:hr></gpxtpx:TrackPointExtension></extensions></trkpt>
      <trkpt lat="40.739268" lon="-73.962427"><ele>2.8</ele><time>2026-07-23T16:46:59.000Z</time><extensions><gpxtpx:TrackPointExtension><gpxtpx:hr>147</gpxtpx:hr></gpxtpx:TrackPointExtension></extensions></trkpt>
      <trkpt lat="40.739243" lon="-73.962435"><ele>2.8</ele><time>2026-07-23T16:47:00.000Z</time><extensions><gpxtpx:TrackPointExtension><gpxtpx:hr>147</gpxtpx:hr></gpxtpx:TrackPointExtension></extensions></trkpt>
      <trkpt lat="40.739219" lon="-73.962446"><ele>2.8</ele><time>2026-07-23T16:47:01.000Z</time><extensions><gpxtpx:TrackPointExtension><gpxtpx:hr>147</gpxtpx:hr></gpxtpx:TrackPointExtension></extensions></trkpt>
      <trkpt lat="40.739195" lon="-73.962459"><ele>2.8</ele><time>2026-07-23T16:47:02.000Z</time><extensions><gpxtpx:TrackPointExtension><gpxtpx:hr>147</gpxtpx:hr></gpxtpx:TrackPointExtension></extensions></trkpt>
      <trkpt lat="40.73917" lon="-73.962471"><ele>2.8</ele><time>2026-07-23T16:47:03.000Z</time><extensions><gpxtpx:TrackPointExtension><gpxtpx:hr>147</gpxtpx:hr></gpxtpx:TrackPointExtension></extensions></trkpt>
      <trkpt lat="40.739144" lon="-73.962482"><ele>2.8</ele><time>2026-07-23T16:47:04.000Z</time><extensions><gpxtpx:TrackPointExtension><gpxtpx:hr>147</gpxtpx:hr></gpxtpx:TrackPointExtension></extensions></trkpt>
      <trkpt lat="40.739118" lon="-73.962492"><ele>2.8</ele><time>2026-07-23T16:47:05.000Z</time><extensions><gpxtpx:TrackPointExtension><gpxtpx:hr>148</gpxtpx:hr></gpxtpx:TrackPointExtension></extensions></trkpt>
      <trkpt lat="40.739093" lon="-73.962502"><ele>2.8</ele><time>2026-07-23T16:47:06.000Z</time><extensions><gpxtpx:TrackPointExtension><gpxtpx:hr>148</gpxtpx:hr></gpxtpx:TrackPointExtension></extensions></trkpt>
      <trkpt lat="40.739069" lon="-73.962514"><ele>2.8</ele><time>2026-07-23T16:47:07.000Z</time><extensions><gpxtpx:TrackPointExtension><gpxtpx:hr>148</gpxtpx:hr></gpxtpx:TrackPointExtension></extensions></trkpt>
      <trkpt lat="40.739048" lon="-73.962529"><ele>2.8</ele><time>2026-07-23T16:47:08.000Z</time><extensions><gpxtpx:TrackPointExtension><gpxtpx:hr>149</gpxtpx:hr></gpxtpx:TrackPointExtension></extensions></trkpt>
      <trkpt lat="40.739026" lon="-73.962543"><ele>2.8</ele><time>2026-07-23T16:47:09.000Z</time><extensions><gpxtpx:TrackPointExtension><gpxtpx:hr>149</gpxtpx:hr></gpxtpx:TrackPointExtension></extensions></trkpt>
      <trkpt lat="40.739003" lon="-73.962553"><ele>2.8</ele><time>2026-07-23T16:47:10.000Z</time><extensions><gpxtpx:TrackPointExtension><gpxtpx:hr>149</gpxtpx:hr></gpxtpx:TrackPointExtension></extensions></trkpt>
      <trkpt lat="40.738979" lon="-73.962559"><ele>2.8</ele><time>2026-07-23T16:47:11.000Z</time><extensions><gpxtpx:TrackPointExtension><gpxtpx:hr>149</gpxtpx:hr></gpxtpx:TrackPointExtension></extensions></trkpt>
      <trkpt lat="40.738955" lon="-73.962564"><ele>2.8</ele><time>2026-07-23T16:47:12.000Z</time><extensions><gpxtpx:TrackPointExtension><gpxtpx:hr>149</gpxtpx:hr></gpxtpx:TrackPointExtension></extensions></trkpt>
      <trkpt lat="40.738931" lon="-73.962571"><ele>2.8</ele><time>2026-07-23T16:47:13.000Z</time><extensions><gpxtpx:TrackPointExtension><gpxtpx:hr>149</gpxtpx:hr></gpxtpx:TrackPointExtension></extensions></trkpt>
      <trkpt lat="40.738908" lon="-73.962579"><ele>2.8</ele><time>2026-07-23T16:47:14.000Z</time><extensions><gpxtpx:TrackPointExtension><gpxtpx:hr>149</gpxtpx:hr></gpxtpx:TrackPointExtension></extensions></trkpt>
      <trkpt lat="40.738885" lon="-73.962584"><ele>2.8</ele><time>2026-07-23T16:47:15.000Z</time><extensions><gpxtpx:TrackPointExtension><gpxtpx:hr>149</gpxtpx:hr></gpxtpx:TrackPointExtension></extensions></trkpt>
      <trkpt lat="40.738861" lon="-73.962586"><ele>2.8</ele><time>2026-07-23T16:47:16.000Z</time><extensions><gpxtpx:TrackPointExtension><gpxtpx:hr>146</gpxtpx:hr></gpxtpx:TrackPointExtension></extensions></trkpt>
      <trkpt lat="40.738836" lon="-73.962587"><ele>2.8</ele><time>2026-07-23T16:47:17.000Z</time><extensions><gpxtpx:TrackPointExtension><gpxtpx:hr>146</gpxtpx:hr></gpxtpx:TrackPointExtension></extensions></trkpt>
      <trkpt lat="40.738812" lon="-73.962588"><ele>2.8</ele><time>2026-07-23T16:47:18.000Z</time><extensions><gpxtpx:TrackPointExtension><gpxtpx:hr>146</gpxtpx:hr></gpxtpx:TrackPointExtension></extensions></trkpt>
      <trkpt lat="40.73879" lon="-73.962589"><ele>2.8</ele><time>2026-07-23T16:47:19.000Z</time><extensions><gpxtpx:TrackPointExtension><gpxtpx:hr>146</gpxtpx:hr></gpxtpx:TrackPointExtension></extensions></trkpt>
      <trkpt lat="40.738769" lon="-73.962588"><ele>2.8</ele><time>2026-07-23T16:47:20.000Z</time><extensions><gpxtpx:TrackPointExtension><gpxtpx:hr>146</gpxtpx:hr></gpxtpx:TrackPointExtension></extensions></trkpt>
      <trkpt lat="40.738748" lon="-73.962585"><ele>2.8</ele><time>2026-07-23T16:47:21.000Z</time><extensions><gpxtpx:TrackPointExtension><gpxtpx:hr>146</gpxtpx:hr></gpxtpx:TrackPointExtension></extensions></trkpt>
      <trkpt lat="40.738726" lon="-73.962582"><ele>2.8</ele><time>2026-07-23T16:47:22.000Z</time><extensions><gpxtpx:TrackPointExtension><gpxtpx:hr>146</gpxtpx:hr></gpxtpx:TrackPointExtension></extensions></trkpt>
      <trkpt lat="40.738703" lon="-73.962582"><ele>2.8</ele><time>2026-07-23T16:47:23.000Z</time><extensions><gpxtpx:TrackPointExtension><gpxtpx:hr>146</gpxtpx:hr></gpxtpx:TrackPointExtension></extensions></trkpt>
      <trkpt lat="40.738682" lon="-73.962583"><ele>2.8</ele><time>2026-07-23T16:47:24.000Z</time><extensions><gpxtpx:TrackPointExtension><gpxtpx:hr>146</gpxtpx:hr></gpxtpx:TrackPointExtension></extensions></trkpt>
      <trkpt lat="40.738663" lon="-73.962579"><ele>2.8</ele><time>2026-07-23T16:47:25.000Z</time><extensions><gpxtpx:TrackPointExtension><gpxtpx:hr>146</gpxtpx:hr></gpxtpx:TrackPointExtension></extensions></trkpt>
      <trkpt lat="40.738647" lon="-73.962565"><ele>2.8</ele><time>2026-07-23T16:47:26.000Z</time><extensions><gpxtpx:TrackPointExtension><gpxtpx:hr>146</gpxtpx:hr></gpxtpx:TrackPointExtension></extensions></trkpt>
      <trkpt lat="40.738634" lon="-73.96254"><ele>2.8</ele><time>2026-07-23T16:47:27.000Z</time><extensions><gpxtpx:TrackPointExtension><gpxtpx:hr>146</gpxtpx:hr></gpxtpx:TrackPointExtension></extensions></trkpt>
      <trkpt lat="40.738622" lon="-73.962511"><ele>2.8</ele><time>2026-07-23T16:47:28.000Z</time><extensions><gpxtpx:TrackPointExtension><gpxtpx:hr>146</gpxtpx:hr></gpxtpx:TrackPointExtension></extensions></trkpt>
      <trkpt lat="40.73861" lon="-73.962482"><ele>2.8</ele><time>2026-07-23T16:47:29.000Z</time><extensions><gpxtpx:TrackPointExtension><gpxtpx:hr>146</gpxtpx:hr></gpxtpx:TrackPointExtension></extensions></trkpt>
      <trkpt lat="40.738598" lon="-73.962454"><ele>3</ele><time>2026-07-23T16:47:30.000Z</time><extensions><gpxtpx:TrackPointExtension><gpxtpx:hr>146</gpxtpx:hr></gpxtpx:TrackPointExtension></extensions></trkpt>
      <trkpt lat="40.738587" lon="-73.962428"><ele>3</ele><time>2026-07-23T16:47:31.000Z</time><extensions><gpxtpx:TrackPointExtension><gpxtpx:hr>146</gpxtpx:hr></gpxtpx:TrackPointExtension></extensions></trkpt>
      <trkpt lat="40.738576" lon="-73.962401"><ele>3</ele><time>2026-07-23T16:47:32.000Z</time><extensions><gpxtpx:TrackPointExtension><gpxtpx:hr>146</gpxtpx:hr></gpxtpx:TrackPointExtension></extensions></trkpt>
      <trkpt lat="40.738568" lon="-73.962375"><ele>3</ele><time>2026-07-23T16:47:33.000Z</time><extensions><gpxtpx:TrackPointExtension><gpxtpx:hr>146</gpxtpx:hr></gpxtpx:TrackPointExtension></extensions></trkpt>
      <trkpt lat="40.738561" lon="-73.962346"><ele>3</ele><time>2026-07-23T16:47:34.000Z</time><extensions><gpxtpx:TrackPointExtension><gpxtpx:hr>148</gpxtpx:hr></gpxtpx:TrackPointExtension></extensions></trkpt>
      <trkpt lat="40.738554" lon="-73.962318"><ele>3</ele><time>2026-07-23T16:47:35.000Z</time><extensions><gpxtpx:TrackPointExtension><gpxtpx:hr>148</gpxtpx:hr></gpxtpx:TrackPointExtension></extensions></trkpt>
      <trkpt lat="40.738545" lon="-73.96229"><ele>3</ele><time>2026-07-23T16:47:36.000Z</time><extensions><gpxtpx:TrackPointExtension><gpxtpx:hr>148</gpxtpx:hr></gpxtpx:TrackPointExtension></extensions></trkpt>
      <trkpt lat="40.738533" lon="-73.962267"><ele>3</ele><time>2026-07-23T16:47:37.000Z</time><extensions><gpxtpx:TrackPointExtension><gpxtpx:hr>148</gpxtpx:hr></gpxtpx:TrackPointExtension></extensions></trkpt>
      <trkpt lat="40.738521" lon="-73.962246"><ele>3</ele><time>2026-07-23T16:47:38.000Z</time><extensions><gpxtpx:TrackPointExtension><gpxtpx:hr>147</gpxtpx:hr></gpxtpx:TrackPointExtension></extensions></trkpt>
      <trkpt lat="40.738511" lon="-73.962225"><ele>3</ele><time>2026-07-23T16:47:39.000Z</time><extensions><gpxtpx:TrackPointExtension><gpxtpx:hr>147</gpxtpx:hr></gpxtpx:TrackPointExtension></extensions></trkpt>
      <trkpt lat="40.738502" lon="-73.962202"><ele>3</ele><time>2026-07-23T16:47:40.000Z</time><extensions><gpxtpx:TrackPointExtension><gpxtpx:hr>147</gpxtpx:hr></gpxtpx:TrackPointExtension></extensions></trkpt>
      <trkpt lat="40.738493" lon="-73.962177"><ele>3</ele><time>2026-07-23T16:47:41.000Z</time><extensions><gpxtpx:TrackPointExtension><gpxtpx:hr>147</gpxtpx:hr></gpxtpx:TrackPointExtension></extensions></trkpt>
      <trkpt lat="40.738483" lon="-73.962153"><ele>3</ele><time>2026-07-23T16:47:42.000Z</time><extensions><gpxtpx:TrackPointExtension><gpxtpx:hr>147</gpxtpx:hr></gpxtpx:TrackPointExtension></extensions></trkpt>
      <trkpt lat="40.73847" lon="-73.96213"><ele>3</ele><time>2026-07-23T16:47:43.000Z</time><extensions><gpxtpx:TrackPointExtension><gpxtpx:hr>147</gpxtpx:hr></gpxtpx:TrackPointExtension></extensions></trkpt>
      <trkpt lat="40.738456" lon="-73.962108"><ele>3</ele><time>2026-07-23T16:47:44.000Z</time><extensions><gpxtpx:TrackPointExtension><gpxtpx:hr>147</gpxtpx:hr></gpxtpx:TrackPointExtension></extensions></trkpt>
      <trkpt lat="40.738443" lon="-73.962087"><ele>3</ele><time>2026-07-23T16:47:45.000Z</time><extensions><gpxtpx:TrackPointExtension><gpxtpx:hr>147</gpxtpx:hr></gpxtpx:TrackPointExtension></extensions></trkpt>
      <trkpt lat="40.738429" lon="-73.962067"><ele>3</ele><time>2026-07-23T16:47:46.000Z</time><extensions><gpxtpx:TrackPointExtension><gpxtpx:hr>147</gpxtpx:hr></gpxtpx:TrackPointExtension></extensions></trkpt>
      <trkpt lat="40.738414" lon="-73.962045"><ele>3.2</ele><time>2026-07-23T16:47:47.000Z</time><extensions><gpxtpx:TrackPointExtension><gpxtpx:hr>147</gpxtpx:hr></gpxtpx:TrackPointExtension></extensions></trkpt>
      <trkpt lat="40.738398" lon="-73.962024"><ele>3.2</ele><time>2026-07-23T16:47:48.000Z</time><extensions><gpxtpx:TrackPointExtension><gpxtpx:hr>147</gpxtpx:hr></gpxtpx:TrackPointExtension></extensions></trkpt>
      <trkpt lat="40.738383" lon="-73.962003"><ele>3.2</ele><time>2026-07-23T16:47:49.000Z</time><extensions><gpxtpx:TrackPointExtension><gpxtpx:hr>146</gpxtpx:hr></gpxtpx:TrackPointExtension></extensions></trkpt>
      <trkpt lat="40.738371" lon="-73.96198"><ele>3.2</ele><time>2026-07-23T16:47:50.000Z</time><extensions><gpxtpx:TrackPointExtension><gpxtpx:hr>146</gpxtpx:hr></gpxtpx:TrackPointExtension></extensions></trkpt>
      <trkpt lat="40.738363" lon="-73.961954"><ele>3.2</ele><time>2026-07-23T16:47:51.000Z</time><extensions><gpxtpx:TrackPointExtension><gpxtpx:hr>146</gpxtpx:hr></gpxtpx:TrackPointExtension></extensions></trkpt>
      <trkpt lat="40.73836" lon="-73.961924"><ele>3.4</ele><time>2026-07-23T16:47:52.000Z</time><extensions><gpxtpx:TrackPointExtension><gpxtpx:hr>146</gpxtpx:hr></gpxtpx:TrackPointExtension></extensions></trkpt>
      <trkpt lat="40.738359" lon="-73.961889"><ele>3.4</ele><time>2026-07-23T16:47:53.000Z</time><extensions><gpxtpx:TrackPointExtension><gpxtpx:hr>146</gpxtpx:hr></gpxtpx:TrackPointExtension></extensions></trkpt>
      <trkpt lat="40.738359" lon="-73.961854"><ele>3.4</ele><time>2026-07-23T16:47:54.000Z</time><extensions><gpxtpx:TrackPointExtension><gpxtpx:hr>146</gpxtpx:hr></gpxtpx:TrackPointExtension></extensions></trkpt>
      <trkpt lat="40.738353" lon="-73.961822"><ele>3.4</ele><time>2026-07-23T16:47:55.000Z</time><extensions><gpxtpx:TrackPointExtension><gpxtpx:hr>146</gpxtpx:hr></gpxtpx:TrackPointExtension></extensions></trkpt>
      <trkpt lat="40.738353" lon="-73.961822"><ele>3.4</ele><time>2026-07-23T16:47:56.000Z</time><extensions><gpxtpx:TrackPointExtension><gpxtpx:hr>146</gpxtpx:hr></gpxtpx:TrackPointExtension></extensions></trkpt>
      <trkpt lat="40.738343" lon="-73.961793"><ele>3.4</ele><time>2026-07-23T16:47:57.000Z</time><extensions><gpxtpx:TrackPointExtension><gpxtpx:hr>146</gpxtpx:hr></gpxtpx:TrackPointExtension></extensions></trkpt>
      <trkpt lat="40.738327" lon="-73.961768"><ele>3.4</ele><time>2026-07-23T16:47:58.000Z</time><extensions><gpxtpx:TrackPointExtension><gpxtpx:hr>146</gpxtpx:hr></gpxtpx:TrackPointExtension></extensions></trkpt>
      <trkpt lat="40.738312" lon="-73.961744"><ele>3.4</ele><time>2026-07-23T16:47:59.000Z</time><extensions><gpxtpx:TrackPointExtension><gpxtpx:hr>146</gpxtpx:hr></gpxtpx:TrackPointExtension></extensions></trkpt>
      <trkpt lat="40.738303" lon="-73.961717"><ele>3.4</ele><time>2026-07-23T16:48:00.000Z</time><extensions><gpxtpx:TrackPointExtension><gpxtpx:hr>146</gpxtpx:hr></gpxtpx:TrackPointExtension></extensions></trkpt>
      <trkpt lat="40.738299" lon="-73.961688"><ele>3.4</ele><time>2026-07-23T16:48:01.000Z</time><extensions><gpxtpx:TrackPointExtension><gpxtpx:hr>146</gpxtpx:hr></gpxtpx:TrackPointExtension></extensions></trkpt>
      <trkpt lat="40.738299" lon="-73.961657"><ele>3.4</ele><time>2026-07-23T16:48:02.000Z</time><extensions><gpxtpx:TrackPointExtension><gpxtpx:hr>146</gpxtpx:hr></gpxtpx:TrackPointExtension></extensions></trkpt>
      <trkpt lat="40.738298" lon="-73.961627"><ele>3.6</ele><time>2026-07-23T16:48:03.000Z</time><extensions><gpxtpx:TrackPointExtension><gpxtpx:hr>146</gpxtpx:hr></gpxtpx:TrackPointExtension></extensions></trkpt>
      <trkpt lat="40.738294" lon="-73.961598"><ele>3.6</ele><time>2026-07-23T16:48:04.000Z</time><extensions><gpxtpx:TrackPointExtension><gpxtpx:hr>146</gpxtpx:hr></gpxtpx:TrackPointExtension></extensions></trkpt>
      <trkpt lat="40.738288" lon="-73.961569"><ele>3.6</ele><time>2026-07-23T16:48:05.000Z</time><extensions><gpxtpx:TrackPointExtension><gpxtpx:hr>146</gpxtpx:hr></gpxtpx:TrackPointExtension></extensions></trkpt>
      <trkpt lat="40.738282" lon="-73.961539"><ele>3.6</ele><time>2026-07-23T16:48:06.000Z</time><extensions><gpxtpx:TrackPointExtension><gpxtpx:hr>146</gpxtpx:hr></gpxtpx:TrackPointExtension></extensions></trkpt>
      <trkpt lat="40.73828" lon="-73.961511"><ele>3.6</ele><time>2026-07-23T16:48:07.000Z</time><extensions><gpxtpx:TrackPointExtension><gpxtpx:hr>146</gpxtpx:hr></gpxtpx:TrackPointExtension></extensions></trkpt>
      <trkpt lat="40.738279" lon="-73.961482"><ele>3.6</ele><time>2026-07-23T16:48:08.000Z</time><extensions><gpxtpx:TrackPointExtension><gpxtpx:hr>146</gpxtpx:hr></gpxtpx:TrackPointExtension></extensions></trkpt>
      <trkpt lat="40.73828" lon="-73.961453"><ele>3.6</ele><time>2026-07-23T16:48:09.000Z</time><extensions><gpxtpx:TrackPointExtension><gpxtpx:hr>147</gpxtpx:hr></gpxtpx:TrackPointExtension></extensions></trkpt>
      <trkpt lat="40.738281" lon="-73.961423"><ele>3.6</ele><time>2026-07-23T16:48:10.000Z</time><extensions><gpxtpx:TrackPointExtension><gpxtpx:hr>147</gpxtpx:hr></gpxtpx:TrackPointExtension></extensions></trkpt>
      <trkpt lat="40.738281" lon="-73.961392"><ele>3.6</ele><time>2026-07-23T16:48:11.000Z</time><extensions><gpxtpx:TrackPointExtension><gpxtpx:hr>147</gpxtpx:hr></gpxtpx:TrackPointExtension></extensions></trkpt>
      <trkpt lat="40.73828" lon="-73.961363"><ele>3.6</ele><time>2026-07-23T16:48:12.000Z</time><extensions><gpxtpx:TrackPointExtension><gpxtpx:hr>147</gpxtpx:hr></gpxtpx:TrackPointExtension></extensions></trkpt>
      <trkpt lat="40.738278" lon="-73.961332"><ele>3.6</ele><time>2026-07-23T16:48:13.000Z</time><extensions><gpxtpx:TrackPointExtension><gpxtpx:hr>147</gpxtpx:hr></gpxtpx:TrackPointExtension></extensions></trkpt>
      <trkpt lat="40.738275" lon="-73.961299"><ele>3.6</ele><time>2026-07-23T16:48:14.000Z</time><extensions><gpxtpx:TrackPointExtension><gpxtpx:hr>147</gpxtpx:hr></gpxtpx:TrackPointExtension></extensions></trkpt>
      <trkpt lat="40.738271" lon="-73.961268"><ele>3.6</ele><time>2026-07-23T16:48:15.000Z</time><extensions><gpxtpx:TrackPointExtension><gpxtpx:hr>147</gpxtpx:hr></gpxtpx:TrackPointExtension></extensions></trkpt>
      <trkpt lat="40.738267" lon="-73.961238"><ele>3.8</ele><time>2026-07-23T16:48:16.000Z</time><extensions><gpxtpx:TrackPointExtension><gpxtpx:hr>149</gpxtpx:hr></gpxtpx:TrackPointExtension></extensions></trkpt>
      <trkpt lat="40.738264" lon="-73.961209"><ele>3.8</ele><time>2026-07-23T16:48:17.000Z</time><extensions><gpxtpx:TrackPointExtension><gpxtpx:hr>149</gpxtpx:hr></gpxtpx:TrackPointExtension></extensions></trkpt>
      <trkpt lat="40.73826" lon="-73.961179"><ele>3.8</ele><time>2026-07-23T16:48:18.000Z</time><extensions><gpxtpx:TrackPointExtension><gpxtpx:hr>149</gpxtpx:hr></gpxtpx:TrackPointExtension></extensions></trkpt>
      <trkpt lat="40.738257" lon="-73.961146"><ele>3.8</ele><time>2026-07-23T16:48:19.000Z</time><extensions><gpxtpx:TrackPointExtension><gpxtpx:hr>149</gpxtpx:hr></gpxtpx:TrackPointExtension></extensions></trkpt>
      <trkpt lat="40.738254" lon="-73.961111"><ele>3.8</ele><time>2026-07-23T16:48:20.000Z</time><extensions><gpxtpx:TrackPointExtension><gpxtpx:hr>149</gpxtpx:hr></gpxtpx:TrackPointExtension></extensions></trkpt>
      <trkpt lat="40.738252" lon="-73.961076"><ele>3.8</ele><time>2026-07-23T16:48:21.000Z</time><extensions><gpxtpx:TrackPointExtension><gpxtpx:hr>149</gpxtpx:hr></gpxtpx:TrackPointExtension></extensions></trkpt>
      <trkpt lat="40.738249" lon="-73.961041"><ele>3.8</ele><time>2026-07-23T16:48:22.000Z</time><extensions><gpxtpx:TrackPointExtension><gpxtpx:hr>149</gpxtpx:hr></gpxtpx:TrackPointExtension></extensions></trkpt>
      <trkpt lat="40.738247" lon="-73.961007"><ele>3.8</ele><time>2026-07-23T16:48:23.000Z</time><extensions><gpxtpx:TrackPointExtension><gpxtpx:hr>149</gpxtpx:hr></gpxtpx:TrackPointExtension></extensions></trkpt>
      <trkpt lat="40.738246" lon="-73.960974"><ele>3.8</ele><time>2026-07-23T16:48:24.000Z</time><extensions><gpxtpx:TrackPointExtension><gpxtpx:hr>150</gpxtpx:hr></gpxtpx:TrackPointExtension></extensions></trkpt>
      <trkpt lat="40.738245" lon="-73.960942"><ele>3.8</ele><time>2026-07-23T16:48:25.000Z</time><extensions><gpxtpx:TrackPointExtension><gpxtpx:hr>150</gpxtpx:hr></gpxtpx:TrackPointExtension></extensions></trkpt>
      <trkpt lat="40.738244" lon="-73.96091"><ele>3.8</ele><time>2026-07-23T16:48:26.000Z</time><extensions><gpxtpx:TrackPointExtension><gpxtpx:hr>150</gpxtpx:hr></gpxtpx:TrackPointExtension></extensions></trkpt>
      <trkpt lat="40.738245" lon="-73.960879"><ele>3.8</ele><time>2026-07-23T16:48:27.000Z</time><extensions><gpxtpx:TrackPointExtension><gpxtpx:hr>150</gpxtpx:hr></gpxtpx:TrackPointExtension></extensions></trkpt>
      <trkpt lat="40.738247" lon="-73.960846"><ele>3.8</ele><time>2026-07-23T16:48:28.000Z</time><extensions><gpxtpx:TrackPointExtension><gpxtpx:hr>150</gpxtpx:hr></gpxtpx:TrackPointExtension></extensions></trkpt>
      <trkpt lat="40.73825" lon="-73.960812"><ele>3.8</ele><time>2026-07-23T16:48:29.000Z</time><extensions><gpxtpx:TrackPointExtension><gpxtpx:hr>150</gpxtpx:hr></gpxtpx:TrackPointExtension></extensions></trkpt>
      <trkpt lat="40.738254" lon="-73.960777"><ele>3.8</ele><time>2026-07-23T16:48:30.000Z</time><extensions><gpxtpx:TrackPointExtension><gpxtpx:hr>150</gpxtpx:hr></gpxtpx:TrackPointExtension></extensions></trkpt>
      <trkpt lat="40.738259" lon="-73.960744"><ele>4</ele><time>2026-07-23T16:48:31.000Z</time><extensions><gpxtpx:TrackPointExtension><gpxtpx:hr>150</gpxtpx:hr></gpxtpx:TrackPointExtension></extensions></trkpt>
      <trkpt lat="40.738266" lon="-73.960713"><ele>4</ele><time>2026-07-23T16:48:32.000Z</time><extensions><gpxtpx:TrackPointExtension><gpxtpx:hr>150</gpxtpx:hr></gpxtpx:TrackPointExtension></extensions></trkpt>
      <trkpt lat="40.738274" lon="-73.960682"><ele>4</ele><time>2026-07-23T16:48:33.000Z</time><extensions><gpxtpx:TrackPointExtension><gpxtpx:hr>149</gpxtpx:hr></gpxtpx:TrackPointExtension></extensions></trkpt>
      <trkpt lat="40.738284" lon="-73.960651"><ele>4</ele><time>2026-07-23T16:48:34.000Z</time><extensions><gpxtpx:TrackPointExtension><gpxtpx:hr>149</gpxtpx:hr></gpxtpx:TrackPointExtension></extensions></trkpt>
      <trkpt lat="40.738296" lon="-73.960621"><ele>4</ele><time>2026-07-23T16:48:35.000Z</time><extensions><gpxtpx:TrackPointExtension><gpxtpx:hr>149</gpxtpx:hr></gpxtpx:TrackPointExtension></extensions></trkpt>
      <trkpt lat="40.738308" lon="-73.960592"><ele>4</ele><time>2026-07-23T16:48:36.000Z</time><extensions><gpxtpx:TrackPointExtension><gpxtpx:hr>149</gpxtpx:hr></gpxtpx:TrackPointExtension></extensions></trkpt>
      <trkpt lat="40.738321" lon="-73.960565"><ele>4</ele><time>2026-07-23T16:48:37.000Z</time><extensions><gpxtpx:TrackPointExtension><gpxtpx:hr>149</gpxtpx:hr></gpxtpx:TrackPointExtension></extensions></trkpt>
      <trkpt lat="40.738333" lon="-73.960539"><ele>4</ele><time>2026-07-23T16:48:38.000Z</time><extensions><gpxtpx:TrackPointExtension><gpxtpx:hr>149</gpxtpx:hr></gpxtpx:TrackPointExtension></extensions></trkpt>
      <trkpt lat="40.738344" lon="-73.960512"><ele>4</ele><time>2026-07-23T16:48:39.000Z</time><extensions><gpxtpx:TrackPointExtension><gpxtpx:hr>149</gpxtpx:hr></gpxtpx:TrackPointExtension></extensions></trkpt>
      <trkpt lat="40.738357" lon="-73.960484"><ele>4.2</ele><time>2026-07-23T16:48:40.000Z</time><extensions><gpxtpx:TrackPointExtension><gpxtpx:hr>149</gpxtpx:hr></gpxtpx:TrackPointExtension></extensions></trkpt>
      <trkpt lat="40.738369" lon="-73.960455"><ele>4.2</ele><time>2026-07-23T16:48:41.000Z</time><extensions><gpxtpx:TrackPointExtension><gpxtpx:hr>150</gpxtpx:hr></gpxtpx:TrackPointExtension></extensions></trkpt>
      <trkpt lat="40.73838" lon="-73.960428"><ele>4.2</ele><time>2026-07-23T16:48:42.000Z</time><extensions><gpxtpx:TrackPointExtension><gpxtpx:hr>150</gpxtpx:hr></gpxtpx:TrackPointExtension></extensions></trkpt>
      <trkpt lat="40.738391" lon="-73.960401"><ele>4.2</ele><time>2026-07-23T16:48:43.000Z</time><extensions><gpxtpx:TrackPointExtension><gpxtpx:hr>150</gpxtpx:hr></gpxtpx:TrackPointExtension></extensions></trkpt>
      <trkpt lat="40.738403" lon="-73.960375"><ele>4.4</ele><time>2026-07-23T16:48:44.000Z</time><extensions><gpxtpx:TrackPointExtension><gpxtpx:hr>150</gpxtpx:hr></gpxtpx:TrackPointExtension></extensions></trkpt>
      <trkpt lat="40.738416" lon="-73.96035"><ele>4.4</ele><time>2026-07-23T16:48:45.000Z</time><extensions><gpxtpx:TrackPointExtension><gpxtpx:hr>150</gpxtpx:hr></gpxtpx:TrackPointExtension></extensions></trkpt>
      <trkpt lat="40.738429" lon="-73.960327"><ele>4.4</ele><time>2026-07-23T16:48:46.000Z</time><extensions><gpxtpx:TrackPointExtension><gpxtpx:hr>150</gpxtpx:hr></gpxtpx:TrackPointExtension></extensions></trkpt>
      <trkpt lat="40.738444" lon="-73.960308"><ele>4.6</ele><time>2026-07-23T16:48:47.000Z</time><extensions><gpxtpx:TrackPointExtension><gpxtpx:hr>150</gpxtpx:hr></gpxtpx:TrackPointExtension></extensions></trkpt>
      <trkpt lat="40.738461" lon="-73.960293"><ele>4.6</ele><time>2026-07-23T16:48:48.000Z</time><extensions><gpxtpx:TrackPointExtension><gpxtpx:hr>150</gpxtpx:hr></gpxtpx:TrackPointExtension></extensions></trkpt>
      <trkpt lat="40.73848" lon="-73.960278"><ele>4.8</ele><time>2026-07-23T16:48:49.000Z</time><extensions><gpxtpx:TrackPointExtension><gpxtpx:hr>150</gpxtpx:hr></gpxtpx:TrackPointExtension></extensions></trkpt>
      <trkpt lat="40.738501" lon="-73.960265"><ele>4.8</ele><time>2026-07-23T16:48:50.000Z</time><extensions><gpxtpx:TrackPointExtension><gpxtpx:hr>150</gpxtpx:hr></gpxtpx:TrackPointExtension></extensions></trkpt>
      <trkpt lat="40.738524" lon="-73.960254"><ele>4.8</ele><time>2026-07-23T16:48:51.000Z</time><extensions><gpxtpx:TrackPointExtension><gpxtpx:hr>149</gpxtpx:hr></gpxtpx:TrackPointExtension></extensions></trkpt>
      <trkpt lat="40.738546" lon="-73.960245"><ele>4.8</ele><time>2026-07-23T16:48:52.000Z</time><extensions><gpxtpx:TrackPointExtension><gpxtpx:hr>149</gpxtpx:hr></gpxtpx:TrackPointExtension></extensions></trkpt>
      <trkpt lat="40.738567" lon="-73.960238"><ele>4.8</ele><time>2026-07-23T16:48:53.000Z</time><extensions><gpxtpx:TrackPointExtension><gpxtpx:hr>149</gpxtpx:hr></gpxtpx:TrackPointExtension></extensions></trkpt>
      <trkpt lat="40.738587" lon="-73.960233"><ele>4.8</ele><time>2026-07-23T16:48:54.000Z</time><extensions><gpxtpx:TrackPointExtension><gpxtpx:hr>149</gpxtpx:hr></gpxtpx:TrackPointExtension></extensions></trkpt>
      <trkpt lat="40.738605" lon="-73.960228"><ele>4.8</ele><time>2026-07-23T16:48:55.000Z</time><extensions><gpxtpx:TrackPointExtension><gpxtpx:hr>149</gpxtpx:hr></gpxtpx:TrackPointExtension></extensions></trkpt>
      <trkpt lat="40.738624" lon="-73.960224"><ele>4.8</ele><time>2026-07-23T16:48:56.000Z</time><extensions><gpxtpx:TrackPointExtension><gpxtpx:hr>149</gpxtpx:hr></gpxtpx:TrackPointExtension></extensions></trkpt>
      <trkpt lat="40.738643" lon="-73.960219"><ele>4.8</ele><time>2026-07-23T16:48:57.000Z</time><extensions><gpxtpx:TrackPointExtension><gpxtpx:hr>149</gpxtpx:hr></gpxtpx:TrackPointExtension></extensions></trkpt>
      <trkpt lat="40.738663" lon="-73.960215"><ele>4.8</ele><time>2026-07-23T16:48:58.000Z</time><extensions><gpxtpx:TrackPointExtension><gpxtpx:hr>149</gpxtpx:hr></gpxtpx:TrackPointExtension></extensions></trkpt>
      <trkpt lat="40.738685" lon="-73.960211"><ele>4.8</ele><time>2026-07-23T16:48:59.000Z</time><extensions><gpxtpx:TrackPointExtension><gpxtpx:hr>149</gpxtpx:hr></gpxtpx:TrackPointExtension></extensions></trkpt>
      <trkpt lat="40.738707" lon="-73.960207"><ele>4.8</ele><time>2026-07-23T16:49:00.000Z</time><extensions><gpxtpx:TrackPointExtension><gpxtpx:hr>149</gpxtpx:hr></gpxtpx:TrackPointExtension></extensions></trkpt>
      <trkpt lat="40.738729" lon="-73.960202"><ele>4.8</ele><time>2026-07-23T16:49:01.000Z</time><extensions><gpxtpx:TrackPointExtension><gpxtpx:hr>149</gpxtpx:hr></gpxtpx:TrackPointExtension></extensions></trkpt>
      <trkpt lat="40.738751" lon="-73.960197"><ele>4.6</ele><time>2026-07-23T16:49:02.000Z</time><extensions><gpxtpx:TrackPointExtension><gpxtpx:hr>149</gpxtpx:hr></gpxtpx:TrackPointExtension></extensions></trkpt>
      <trkpt lat="40.738773" lon="-73.960191"><ele>4.6</ele><time>2026-07-23T16:49:03.000Z</time><extensions><gpxtpx:TrackPointExtension><gpxtpx:hr>149</gpxtpx:hr></gpxtpx:TrackPointExtension></extensions></trkpt>
      <trkpt lat="40.738795" lon="-73.960185"><ele>4.6</ele><time>2026-07-23T16:49:04.000Z</time><extensions><gpxtpx:TrackPointExtension><gpxtpx:hr>149</gpxtpx:hr></gpxtpx:TrackPointExtension></extensions></trkpt>
      <trkpt lat="40.738816" lon="-73.960176"><ele>4.6</ele><time>2026-07-23T16:49:05.000Z</time><extensions><gpxtpx:TrackPointExtension><gpxtpx:hr>151</gpxtpx:hr></gpxtpx:TrackPointExtension></extensions></trkpt>
      <trkpt lat="40.738835" lon="-73.960163"><ele>4.6</ele><time>2026-07-23T16:49:06.000Z</time><extensions><gpxtpx:TrackPointExtension><gpxtpx:hr>151</gpxtpx:hr></gpxtpx:TrackPointExtension></extensions></trkpt>
      <trkpt lat="40.738851" lon="-73.960147"><ele>4.6</ele><time>2026-07-23T16:49:07.000Z</time><extensions><gpxtpx:TrackPointExtension><gpxtpx:hr>151</gpxtpx:hr></gpxtpx:TrackPointExtension></extensions></trkpt>
      <trkpt lat="40.738865" lon="-73.960127"><ele>4.6</ele><time>2026-07-23T16:49:08.000Z</time><extensions><gpxtpx:TrackPointExtension><gpxtpx:hr>151</gpxtpx:hr></gpxtpx:TrackPointExtension></extensions></trkpt>
      <trkpt lat="40.738878" lon="-73.960104"><ele>4.6</ele><time>2026-07-23T16:49:09.000Z</time><extensions><gpxtpx:TrackPointExtension><gpxtpx:hr>151</gpxtpx:hr></gpxtpx:TrackPointExtension></extensions></trkpt>
      <trkpt lat="40.738893" lon="-73.960079"><ele>4.6</ele><time>2026-07-23T16:49:10.000Z</time><extensions><gpxtpx:TrackPointExtension><gpxtpx:hr>151</gpxtpx:hr></gpxtpx:TrackPointExtension></extensions></trkpt>
      <trkpt lat="40.73891" lon="-73.960051"><ele>4.6</ele><time>2026-07-23T16:49:11.000Z</time><extensions><gpxtpx:TrackPointExtension><gpxtpx:hr>151</gpxtpx:hr></gpxtpx:TrackPointExtension></extensions></trkpt>
      <trkpt lat="40.738926" lon="-73.960026"><ele>4.6</ele><time>2026-07-23T16:49:12.000Z</time><extensions><gpxtpx:TrackPointExtension><gpxtpx:hr>151</gpxtpx:hr></gpxtpx:TrackPointExtension></extensions></trkpt>
      <trkpt lat="40.738943" lon="-73.960001"><ele>4.6</ele><time>2026-07-23T16:49:13.000Z</time><extensions><gpxtpx:TrackPointExtension><gpxtpx:hr>151</gpxtpx:hr></gpxtpx:TrackPointExtension></extensions></trkpt>
      <trkpt lat="40.73896" lon="-73.959977"><ele>4.4</ele><time>2026-07-23T16:49:14.000Z</time><extensions><gpxtpx:TrackPointExtension><gpxtpx:hr>151</gpxtpx:hr></gpxtpx:TrackPointExtension></extensions></trkpt>
      <trkpt lat="40.738976" lon="-73.959953"><ele>4.4</ele><time>2026-07-23T16:49:15.000Z</time><extensions><gpxtpx:TrackPointExtension><gpxtpx:hr>151</gpxtpx:hr></gpxtpx:TrackPointExtension></extensions></trkpt>
      <trkpt lat="40.73899" lon="-73.959928"><ele>4.4</ele><time>2026-07-23T16:49:16.000Z</time><extensions><gpxtpx:TrackPointExtension><gpxtpx:hr>151</gpxtpx:hr></gpxtpx:TrackPointExtension></extensions></trkpt>
      <trkpt lat="40.739002" lon="-73.959901"><ele>4.4</ele><time>2026-07-23T16:49:17.000Z</time><extensions><gpxtpx:TrackPointExtension><gpxtpx:hr>151</gpxtpx:hr></gpxtpx:TrackPointExtension></extensions></trkpt>
      <trkpt lat="40.739012" lon="-73.959872"><ele>4.4</ele><time>2026-07-23T16:49:18.000Z</time><extensions><gpxtpx:TrackPointExtension><gpxtpx:hr>151</gpxtpx:hr></gpxtpx:TrackPointExtension></extensions></trkpt>
      <trkpt lat="40.739018" lon="-73.95984"><ele>4.2</ele><time>2026-07-23T16:49:19.000Z</time><extensions><gpxtpx:TrackPointExtension><gpxtpx:hr>151</gpxtpx:hr></gpxtpx:TrackPointExtension></extensions></trkpt>
      <trkpt lat="40.739021" lon="-73.959806"><ele>4.2</ele><time>2026-07-23T16:49:20.000Z</time><extensions><gpxtpx:TrackPointExtension><gpxtpx:hr>151</gpxtpx:hr></gpxtpx:TrackPointExtension></extensions></trkpt>
      <trkpt lat="40.739022" lon="-73.959772"><ele>4.2</ele><time>2026-07-23T16:49:21.000Z</time><extensions><gpxtpx:TrackPointExtension><gpxtpx:hr>151</gpxtpx:hr></gpxtpx:TrackPointExtension></extensions></trkpt>
      <trkpt lat="40.739023" lon="-73.959739"><ele>4.2</ele><time>2026-07-23T16:49:22.000Z</time><extensions><gpxtpx:TrackPointExtension><gpxtpx:hr>151</gpxtpx:hr></gpxtpx:TrackPointExtension></extensions></trkpt>
      <trkpt lat="40.739023" lon="-73.959707"><ele>4</ele><time>2026-07-23T16:49:23.000Z</time><extensions><gpxtpx:TrackPointExtension><gpxtpx:hr>150</gpxtpx:hr></gpxtpx:TrackPointExtension></extensions></trkpt>
      <trkpt lat="40.739022" lon="-73.959673"><ele>4</ele><time>2026-07-23T16:49:24.000Z</time><extensions><gpxtpx:TrackPointExtension><gpxtpx:hr>150</gpxtpx:hr></gpxtpx:TrackPointExtension></extensions></trkpt>
      <trkpt lat="40.73902" lon="-73.959639"><ele>3.8</ele><time>2026-07-23T16:49:25.000Z</time><extensions><gpxtpx:TrackPointExtension><gpxtpx:hr>150</gpxtpx:hr></gpxtpx:TrackPointExtension></extensions></trkpt>
      <trkpt lat="40.739017" lon="-73.959604"><ele>3.8</ele><time>2026-07-23T16:49:26.000Z</time><extensions><gpxtpx:TrackPointExtension><gpxtpx:hr>150</gpxtpx:hr></gpxtpx:TrackPointExtension></extensions></trkpt>
      <trkpt lat="40.739015" lon="-73.959569"><ele>3.8</ele><time>2026-07-23T16:49:27.000Z</time><extensions><gpxtpx:TrackPointExtension><gpxtpx:hr>150</gpxtpx:hr></gpxtpx:TrackPointExtension></extensions></trkpt>
      <trkpt lat="40.739013" lon="-73.959533"><ele>3.6</ele><time>2026-07-23T16:49:28.000Z</time><extensions><gpxtpx:TrackPointExtension><gpxtpx:hr>150</gpxtpx:hr></gpxtpx:TrackPointExtension></extensions></trkpt>
      <trkpt lat="40.739012" lon="-73.959499"><ele>3.6</ele><time>2026-07-23T16:49:29.000Z</time><extensions><gpxtpx:TrackPointExtension><gpxtpx:hr>150</gpxtpx:hr></gpxtpx:TrackPointExtension></extensions></trkpt>
      <trkpt lat="40.739012" lon="-73.959465"><ele>3.6</ele><time>2026-07-23T16:49:30.000Z</time><extensions><gpxtpx:TrackPointExtension><gpxtpx:hr>150</gpxtpx:hr></gpxtpx:TrackPointExtension></extensions></trkpt>
      <trkpt lat="40.739012" lon="-73.959432"><ele>3.6</ele><time>2026-07-23T16:49:31.000Z</time><extensions><gpxtpx:TrackPointExtension><gpxtpx:hr>150</gpxtpx:hr></gpxtpx:TrackPointExtension></extensions></trkpt>
      <trkpt lat="40.739013" lon="-73.959399"><ele>3.6</ele><time>2026-07-23T16:49:32.000Z</time><extensions><gpxtpx:TrackPointExtension><gpxtpx:hr>150</gpxtpx:hr></gpxtpx:TrackPointExtension></extensions></trkpt>
      <trkpt lat="40.739013" lon="-73.959365"><ele>3.6</ele><time>2026-07-23T16:49:33.000Z</time><extensions><gpxtpx:TrackPointExtension><gpxtpx:hr>150</gpxtpx:hr></gpxtpx:TrackPointExtension></extensions></trkpt>
      <trkpt lat="40.739012" lon="-73.959332"><ele>3.6</ele><time>2026-07-23T16:49:34.000Z</time><extensions><gpxtpx:TrackPointExtension><gpxtpx:hr>150</gpxtpx:hr></gpxtpx:TrackPointExtension></extensions></trkpt>
      <trkpt lat="40.739013" lon="-73.959299"><ele>3.6</ele><time>2026-07-23T16:49:35.000Z</time><extensions><gpxtpx:TrackPointExtension><gpxtpx:hr>150</gpxtpx:hr></gpxtpx:TrackPointExtension></extensions></trkpt>
      <trkpt lat="40.739014" lon="-73.959267"><ele>3.6</ele><time>2026-07-23T16:49:36.000Z</time><extensions><gpxtpx:TrackPointExtension><gpxtpx:hr>150</gpxtpx:hr></gpxtpx:TrackPointExtension></extensions></trkpt>
      <trkpt lat="40.739016" lon="-73.959234"><ele>3.6</ele><time>2026-07-23T16:49:37.000Z</time><extensions><gpxtpx:TrackPointExtension><gpxtpx:hr>150</gpxtpx:hr></gpxtpx:TrackPointExtension></extensions></trkpt>
      <trkpt lat="40.739017" lon="-73.959202"><ele>3.6</ele><time>2026-07-23T16:49:38.000Z</time><extensions><gpxtpx:TrackPointExtension><gpxtpx:hr>150</gpxtpx:hr></gpxtpx:TrackPointExtension></extensions></trkpt>
      <trkpt lat="40.739018" lon="-73.959169"><ele>3.6</ele><time>2026-07-23T16:49:39.000Z</time><extensions><gpxtpx:TrackPointExtension><gpxtpx:hr>150</gpxtpx:hr></gpxtpx:TrackPointExtension></extensions></trkpt>
      <trkpt lat="40.739019" lon="-73.959136"><ele>3.6</ele><time>2026-07-23T16:49:40.000Z</time><extensions><gpxtpx:TrackPointExtension><gpxtpx:hr>150</gpxtpx:hr></gpxtpx:TrackPointExtension></extensions></trkpt>
      <trkpt lat="40.739021" lon="-73.959102"><ele>3.6</ele><time>2026-07-23T16:49:41.000Z</time><extensions><gpxtpx:TrackPointExtension><gpxtpx:hr>150</gpxtpx:hr></gpxtpx:TrackPointExtension></extensions></trkpt>
      <trkpt lat="40.739026" lon="-73.95907"><ele>3.6</ele><time>2026-07-23T16:49:42.000Z</time><extensions><gpxtpx:TrackPointExtension><gpxtpx:hr>150</gpxtpx:hr></gpxtpx:TrackPointExtension></extensions></trkpt>
      <trkpt lat="40.739034" lon="-73.959039"><ele>3.6</ele><time>2026-07-23T16:49:43.000Z</time><extensions><gpxtpx:TrackPointExtension><gpxtpx:hr>150</gpxtpx:hr></gpxtpx:TrackPointExtension></extensions></trkpt>
      <trkpt lat="40.739045" lon="-73.95901"><ele>3.6</ele><time>2026-07-23T16:49:44.000Z</time><extensions><gpxtpx:TrackPointExtension><gpxtpx:hr>151</gpxtpx:hr></gpxtpx:TrackPointExtension></extensions></trkpt>
      <trkpt lat="40.739058" lon="-73.958982"><ele>3.4</ele><time>2026-07-23T16:49:45.000Z</time><extensions><gpxtpx:TrackPointExtension><gpxtpx:hr>151</gpxtpx:hr></gpxtpx:TrackPointExtension></extensions></trkpt>
      <trkpt lat="40.739071" lon="-73.958953"><ele>3.4</ele><time>2026-07-23T16:49:46.000Z</time><extensions><gpxtpx:TrackPointExtension><gpxtpx:hr>151</gpxtpx:hr></gpxtpx:TrackPointExtension></extensions></trkpt>
      <trkpt lat="40.739084" lon="-73.958925"><ele>3.4</ele><time>2026-07-23T16:49:47.000Z</time><extensions><gpxtpx:TrackPointExtension><gpxtpx:hr>151</gpxtpx:hr></gpxtpx:TrackPointExtension></extensions></trkpt>
      <trkpt lat="40.739099" lon="-73.958898"><ele>3.4</ele><time>2026-07-23T16:49:48.000Z</time><extensions><gpxtpx:TrackPointExtension><gpxtpx:hr>151</gpxtpx:hr></gpxtpx:TrackPointExtension></extensions></trkpt>
      <trkpt lat="40.739114" lon="-73.958872"><ele>3.4</ele><time>2026-07-23T16:49:49.000Z</time><extensions><gpxtpx:TrackPointExtension><gpxtpx:hr>150</gpxtpx:hr></gpxtpx:TrackPointExtension></extensions></trkpt>
      <trkpt lat="40.739129" lon="-73.958847"><ele>3.4</ele><time>2026-07-23T16:49:50.000Z</time><extensions><gpxtpx:TrackPointExtension><gpxtpx:hr>150</gpxtpx:hr></gpxtpx:TrackPointExtension></extensions></trkpt>
      <trkpt lat="40.739143" lon="-73.958822"><ele>3.4</ele><time>2026-07-23T16:49:51.000Z</time><extensions><gpxtpx:TrackPointExtension><gpxtpx:hr>150</gpxtpx:hr></gpxtpx:TrackPointExtension></extensions></trkpt>
      <trkpt lat="40.739156" lon="-73.958797"><ele>3.4</ele><time>2026-07-23T16:49:52.000Z</time><extensions><gpxtpx:TrackPointExtension><gpxtpx:hr>150</gpxtpx:hr></gpxtpx:TrackPointExtension></extensions></trkpt>
      <trkpt lat="40.739169" lon="-73.958774"><ele>3.4</ele><time>2026-07-23T16:49:53.000Z</time><extensions><gpxtpx:TrackPointExtension><gpxtpx:hr>151</gpxtpx:hr></gpxtpx:TrackPointExtension></extensions></trkpt>
      <trkpt lat="40.739183" lon="-73.958749"><ele>3.4</ele><time>2026-07-23T16:49:54.000Z</time><extensions><gpxtpx:TrackPointExtension><gpxtpx:hr>151</gpxtpx:hr></gpxtpx:TrackPointExtension></extensions></trkpt>
      <trkpt lat="40.739196" lon="-73.958722"><ele>3.4</ele><time>2026-07-23T16:49:55.000Z</time><extensions><gpxtpx:TrackPointExtension><gpxtpx:hr>151</gpxtpx:hr></gpxtpx:TrackPointExtension></extensions></trkpt>
      <trkpt lat="40.739209" lon="-73.958695"><ele>3.4</ele><time>2026-07-23T16:49:56.000Z</time><extensions><gpxtpx:TrackPointExtension><gpxtpx:hr>151</gpxtpx:hr></gpxtpx:TrackPointExtension></extensions></trkpt>
      <trkpt lat="40.739221" lon="-73.958669"><ele>3.4</ele><time>2026-07-23T16:49:57.000Z</time><extensions><gpxtpx:TrackPointExtension><gpxtpx:hr>151</gpxtpx:hr></gpxtpx:TrackPointExtension></extensions></trkpt>
      <trkpt lat="40.739232" lon="-73.958643"><ele>3.4</ele><time>2026-07-23T16:49:58.000Z</time><extensions><gpxtpx:TrackPointExtension><gpxtpx:hr>151</gpxtpx:hr></gpxtpx:TrackPointExtension></extensions></trkpt>
      <trkpt lat="40.739243" lon="-73.958617"><ele>3.4</ele><time>2026-07-23T16:49:59.000Z</time><extensions><gpxtpx:TrackPointExtension><gpxtpx:hr>151</gpxtpx:hr></gpxtpx:TrackPointExtension></extensions></trkpt>
      <trkpt lat="40.739253" lon="-73.958592"><ele>3.4</ele><time>2026-07-23T16:50:00.000Z</time><extensions><gpxtpx:TrackPointExtension><gpxtpx:hr>151</gpxtpx:hr></gpxtpx:TrackPointExtension></extensions></trkpt>
      <trkpt lat="40.739265" lon="-73.958568"><ele>3.4</ele><time>2026-07-23T16:50:01.000Z</time><extensions><gpxtpx:TrackPointExtension><gpxtpx:hr>151</gpxtpx:hr></gpxtpx:TrackPointExtension></extensions></trkpt>
      <trkpt lat="40.739278" lon="-73.958545"><ele>3.6</ele><time>2026-07-23T16:50:02.000Z</time><extensions><gpxtpx:TrackPointExtension><gpxtpx:hr>151</gpxtpx:hr></gpxtpx:TrackPointExtension></extensions></trkpt>
      <trkpt lat="40.739293" lon="-73.958522"><ele>3.6</ele><time>2026-07-23T16:50:03.000Z</time><extensions><gpxtpx:TrackPointExtension><gpxtpx:hr>151</gpxtpx:hr></gpxtpx:TrackPointExtension></extensions></trkpt>
      <trkpt lat="40.739306" lon="-73.9585"><ele>3.6</ele><time>2026-07-23T16:50:04.000Z</time><extensions><gpxtpx:TrackPointExtension><gpxtpx:hr>151</gpxtpx:hr></gpxtpx:TrackPointExtension></extensions></trkpt>
      <trkpt lat="40.739318" lon="-73.958478"><ele>3.6</ele><time>2026-07-23T16:50:05.000Z</time><extensions><gpxtpx:TrackPointExtension><gpxtpx:hr>150</gpxtpx:hr></gpxtpx:TrackPointExtension></extensions></trkpt>
      <trkpt lat="40.739328" lon="-73.958455"><ele>3.6</ele><time>2026-07-23T16:50:06.000Z</time><extensions><gpxtpx:TrackPointExtension><gpxtpx:hr>150</gpxtpx:hr></gpxtpx:TrackPointExtension></extensions></trkpt>
      <trkpt lat="40.739338" lon="-73.958431"><ele>3.6</ele><time>2026-07-23T16:50:07.000Z</time><extensions><gpxtpx:TrackPointExtension><gpxtpx:hr>150</gpxtpx:hr></gpxtpx:TrackPointExtension></extensions></trkpt>
      <trkpt lat="40.739357" lon="-73.958382"><ele>3.6</ele><time>2026-07-23T16:50:08.000Z</time><extensions><gpxtpx:TrackPointExtension><gpxtpx:hr>150</gpxtpx:hr></gpxtpx:TrackPointExtension></extensions></trkpt>
      <trkpt lat="40.739366" lon="-73.958356"><ele>3.6</ele><time>2026-07-23T16:50:09.000Z</time><extensions><gpxtpx:TrackPointExtension><gpxtpx:hr>150</gpxtpx:hr></gpxtpx:TrackPointExtension></extensions></trkpt>
      <trkpt lat="40.739376" lon="-73.958331"><ele>3.8</ele><time>2026-07-23T16:50:10.000Z</time><extensions><gpxtpx:TrackPointExtension><gpxtpx:hr>150</gpxtpx:hr></gpxtpx:TrackPointExtension></extensions></trkpt>
      <trkpt lat="40.739385" lon="-73.958305"><ele>3.8</ele><time>2026-07-23T16:50:11.000Z</time><extensions><gpxtpx:TrackPointExtension><gpxtpx:hr>150</gpxtpx:hr></gpxtpx:TrackPointExtension></extensions></trkpt>
      <trkpt lat="40.739395" lon="-73.958278"><ele>3.8</ele><time>2026-07-23T16:50:12.000Z</time><extensions><gpxtpx:TrackPointExtension><gpxtpx:hr>150</gpxtpx:hr></gpxtpx:TrackPointExtension></extensions></trkpt>
      <trkpt lat="40.739405" lon="-73.958252"><ele>3.8</ele><time>2026-07-23T16:50:13.000Z</time><extensions><gpxtpx:TrackPointExtension><gpxtpx:hr>150</gpxtpx:hr></gpxtpx:TrackPointExtension></extensions></trkpt>
      <trkpt lat="40.739414" lon="-73.958226"><ele>3.8</ele><time>2026-07-23T16:50:14.000Z</time><extensions><gpxtpx:TrackPointExtension><gpxtpx:hr>150</gpxtpx:hr></gpxtpx:TrackPointExtension></extensions></trkpt>
      <trkpt lat="40.739422" lon="-73.958199"><ele>3.8</ele><time>2026-07-23T16:50:15.000Z</time><extensions><gpxtpx:TrackPointExtension><gpxtpx:hr>150</gpxtpx:hr></gpxtpx:TrackPointExtension></extensions></trkpt>
      <trkpt lat="40.73943" lon="-73.958174"><ele>3.8</ele><time>2026-07-23T16:50:16.000Z</time><extensions><gpxtpx:TrackPointExtension><gpxtpx:hr>150</gpxtpx:hr></gpxtpx:TrackPointExtension></extensions></trkpt>
      <trkpt lat="40.73943" lon="-73.958174"><ele>3.8</ele><time>2026-07-23T16:50:17.000Z</time><extensions><gpxtpx:TrackPointExtension><gpxtpx:hr>148</gpxtpx:hr></gpxtpx:TrackPointExtension></extensions></trkpt>
      <trkpt lat="40.739439" lon="-73.958151"><ele>3.8</ele><time>2026-07-23T16:50:18.000Z</time><extensions><gpxtpx:TrackPointExtension><gpxtpx:hr>148</gpxtpx:hr></gpxtpx:TrackPointExtension></extensions></trkpt>
      <trkpt lat="40.739447" lon="-73.958127"><ele>3.8</ele><time>2026-07-23T16:50:19.000Z</time><extensions><gpxtpx:TrackPointExtension><gpxtpx:hr>148</gpxtpx:hr></gpxtpx:TrackPointExtension></extensions></trkpt>
      <trkpt lat="40.739455" lon="-73.958103"><ele>3.8</ele><time>2026-07-23T16:50:20.000Z</time><extensions><gpxtpx:TrackPointExtension><gpxtpx:hr>148</gpxtpx:hr></gpxtpx:TrackPointExtension></extensions></trkpt>
      <trkpt lat="40.739464" lon="-73.958079"><ele>3.8</ele><time>2026-07-23T16:50:21.000Z</time><extensions><gpxtpx:TrackPointExtension><gpxtpx:hr>148</gpxtpx:hr></gpxtpx:TrackPointExtension></extensions></trkpt>
      <trkpt lat="40.739473" lon="-73.958055"><ele>3.8</ele><time>2026-07-23T16:50:22.000Z</time><extensions><gpxtpx:TrackPointExtension><gpxtpx:hr>148</gpxtpx:hr></gpxtpx:TrackPointExtension></extensions></trkpt>
      <trkpt lat="40.739482" lon="-73.958032"><ele>3.8</ele><time>2026-07-23T16:50:23.000Z</time><extensions><gpxtpx:TrackPointExtension><gpxtpx:hr>148</gpxtpx:hr></gpxtpx:TrackPointExtension></extensions></trkpt>
      <trkpt lat="40.739491" lon="-73.958011"><ele>3.8</ele><time>2026-07-23T16:50:24.000Z</time><extensions><gpxtpx:TrackPointExtension><gpxtpx:hr>148</gpxtpx:hr></gpxtpx:TrackPointExtension></extensions></trkpt>
      <trkpt lat="40.7395" lon="-73.957996"><ele>3.8</ele><time>2026-07-23T16:50:25.000Z</time><extensions><gpxtpx:TrackPointExtension><gpxtpx:hr>148</gpxtpx:hr></gpxtpx:TrackPointExtension></extensions></trkpt>
      <trkpt lat="40.739508" lon="-73.957991"><ele>3.8</ele><time>2026-07-23T16:50:26.000Z</time><extensions><gpxtpx:TrackPointExtension><gpxtpx:hr>148</gpxtpx:hr></gpxtpx:TrackPointExtension></extensions></trkpt>
      <trkpt lat="40.739516" lon="-73.958001"><ele>3.8</ele><time>2026-07-23T16:50:27.000Z</time><extensions><gpxtpx:TrackPointExtension><gpxtpx:hr>148</gpxtpx:hr></gpxtpx:TrackPointExtension></extensions></trkpt>
      <trkpt lat="40.739522" lon="-73.958026"><ele>3.8</ele><time>2026-07-23T16:50:28.000Z</time><extensions><gpxtpx:TrackPointExtension><gpxtpx:hr>148</gpxtpx:hr></gpxtpx:TrackPointExtension></extensions></trkpt>
      <trkpt lat="40.739523" lon="-73.958059"><ele>3.8</ele><time>2026-07-23T16:50:29.000Z</time><extensions><gpxtpx:TrackPointExtension><gpxtpx:hr>148</gpxtpx:hr></gpxtpx:TrackPointExtension></extensions></trkpt>
      <trkpt lat="40.739518" lon="-73.958092"><ele>3.8</ele><time>2026-07-23T16:50:30.000Z</time><extensions><gpxtpx:TrackPointExtension><gpxtpx:hr>148</gpxtpx:hr></gpxtpx:TrackPointExtension></extensions></trkpt>
      <trkpt lat="40.739508" lon="-73.95812"><ele>3.8</ele><time>2026-07-23T16:50:31.000Z</time><extensions><gpxtpx:TrackPointExtension><gpxtpx:hr>147</gpxtpx:hr></gpxtpx:TrackPointExtension></extensions></trkpt>
      <trkpt lat="40.739492" lon="-73.958146"><ele>3.8</ele><time>2026-07-23T16:50:32.000Z</time><extensions><gpxtpx:TrackPointExtension><gpxtpx:hr>147</gpxtpx:hr></gpxtpx:TrackPointExtension></extensions></trkpt>
      <trkpt lat="40.739474" lon="-73.95817"><ele>3.8</ele><time>2026-07-23T16:50:33.000Z</time><extensions><gpxtpx:TrackPointExtension><gpxtpx:hr>147</gpxtpx:hr></gpxtpx:TrackPointExtension></extensions></trkpt>
      <trkpt lat="40.739453" lon="-73.958195"><ele>3.8</ele><time>2026-07-23T16:50:34.000Z</time><extensions><gpxtpx:TrackPointExtension><gpxtpx:hr>147</gpxtpx:hr></gpxtpx:TrackPointExtension></extensions></trkpt>
      <trkpt lat="40.739433" lon="-73.958221"><ele>3.8</ele><time>2026-07-23T16:50:35.000Z</time><extensions><gpxtpx:TrackPointExtension><gpxtpx:hr>149</gpxtpx:hr></gpxtpx:TrackPointExtension></extensions></trkpt>
      <trkpt lat="40.739413" lon="-73.958248"><ele>3.8</ele><time>2026-07-23T16:50:36.000Z</time><extensions><gpxtpx:TrackPointExtension><gpxtpx:hr>149</gpxtpx:hr></gpxtpx:TrackPointExtension></extensions></trkpt>
      <trkpt lat="40.739394" lon="-73.958274"><ele>3.6</ele><time>2026-07-23T16:50:37.000Z</time><extensions><gpxtpx:TrackPointExtension><gpxtpx:hr>149</gpxtpx:hr></gpxtpx:TrackPointExtension></extensions></trkpt>
      <trkpt lat="40.739374" lon="-73.958299"><ele>3.6</ele><time>2026-07-23T16:50:38.000Z</time><extensions><gpxtpx:TrackPointExtension><gpxtpx:hr>149</gpxtpx:hr></gpxtpx:TrackPointExtension></extensions></trkpt>
      <trkpt lat="40.739354" lon="-73.958323"><ele>3.6</ele><time>2026-07-23T16:50:39.000Z</time><extensions><gpxtpx:TrackPointExtension><gpxtpx:hr>149</gpxtpx:hr></gpxtpx:TrackPointExtension></extensions></trkpt>
      <trkpt lat="40.739333" lon="-73.958345"><ele>3.6</ele><time>2026-07-23T16:50:40.000Z</time><extensions><gpxtpx:TrackPointExtension><gpxtpx:hr>149</gpxtpx:hr></gpxtpx:TrackPointExtension></extensions></trkpt>
      <trkpt lat="40.739311" lon="-73.958368"><ele>3.6</ele><time>2026-07-23T16:50:41.000Z</time><extensions><gpxtpx:TrackPointExtension><gpxtpx:hr>149</gpxtpx:hr></gpxtpx:TrackPointExtension></extensions></trkpt>
      <trkpt lat="40.739287" lon="-73.95839"><ele>3.6</ele><time>2026-07-23T16:50:42.000Z</time><extensions><gpxtpx:TrackPointExtension><gpxtpx:hr>149</gpxtpx:hr></gpxtpx:TrackPointExtension></extensions></trkpt>
      <trkpt lat="40.739262" lon="-73.958413"><ele>3.6</ele><time>2026-07-23T16:50:43.000Z</time><extensions><gpxtpx:TrackPointExtension><gpxtpx:hr>152</gpxtpx:hr></gpxtpx:TrackPointExtension></extensions></trkpt>
      <trkpt lat="40.739237" lon="-73.958436"><ele>3.6</ele><time>2026-07-23T16:50:44.000Z</time><extensions><gpxtpx:TrackPointExtension><gpxtpx:hr>152</gpxtpx:hr></gpxtpx:TrackPointExtension></extensions></trkpt>
      <trkpt lat="40.739214" lon="-73.958462"><ele>3.4</ele><time>2026-07-23T16:50:45.000Z</time><extensions><gpxtpx:TrackPointExtension><gpxtpx:hr>152</gpxtpx:hr></gpxtpx:TrackPointExtension></extensions></trkpt>
      <trkpt lat="40.739192" lon="-73.95849"><ele>3.4</ele><time>2026-07-23T16:50:46.000Z</time><extensions><gpxtpx:TrackPointExtension><gpxtpx:hr>152</gpxtpx:hr></gpxtpx:TrackPointExtension></extensions></trkpt>
      <trkpt lat="40.739172" lon="-73.958522"><ele>3.4</ele><time>2026-07-23T16:50:47.000Z</time><extensions><gpxtpx:TrackPointExtension><gpxtpx:hr>152</gpxtpx:hr></gpxtpx:TrackPointExtension></extensions></trkpt>
      <trkpt lat="40.739153" lon="-73.958555"><ele>3.4</ele><time>2026-07-23T16:50:48.000Z</time><extensions><gpxtpx:TrackPointExtension><gpxtpx:hr>152</gpxtpx:hr></gpxtpx:TrackPointExtension></extensions></trkpt>
      <trkpt lat="40.739136" lon="-73.958586"><ele>3.4</ele><time>2026-07-23T16:50:49.000Z</time><extensions><gpxtpx:TrackPointExtension><gpxtpx:hr>153</gpxtpx:hr></gpxtpx:TrackPointExtension></extensions></trkpt>
      <trkpt lat="40.73912" lon="-73.958616"><ele>3.4</ele><time>2026-07-23T16:50:50.000Z</time><extensions><gpxtpx:TrackPointExtension><gpxtpx:hr>153</gpxtpx:hr></gpxtpx:TrackPointExtension></extensions></trkpt>
      <trkpt lat="40.739105" lon="-73.958646"><ele>3.4</ele><time>2026-07-23T16:50:51.000Z</time><extensions><gpxtpx:TrackPointExtension><gpxtpx:hr>153</gpxtpx:hr></gpxtpx:TrackPointExtension></extensions></trkpt>
      <trkpt lat="40.739091" lon="-73.958675"><ele>3.4</ele><time>2026-07-23T16:50:52.000Z</time><extensions><gpxtpx:TrackPointExtension><gpxtpx:hr>153</gpxtpx:hr></gpxtpx:TrackPointExtension></extensions></trkpt>
      <trkpt lat="40.739077" lon="-73.958704"><ele>3.4</ele><time>2026-07-23T16:50:53.000Z</time><extensions><gpxtpx:TrackPointExtension><gpxtpx:hr>153</gpxtpx:hr></gpxtpx:TrackPointExtension></extensions></trkpt>
      <trkpt lat="40.739063" lon="-73.958733"><ele>3.4</ele><time>2026-07-23T16:50:54.000Z</time><extensions><gpxtpx:TrackPointExtension><gpxtpx:hr>154</gpxtpx:hr></gpxtpx:TrackPointExtension></extensions></trkpt>
      <trkpt lat="40.73905" lon="-73.958762"><ele>3.4</ele><time>2026-07-23T16:50:55.000Z</time><extensions><gpxtpx:TrackPointExtension><gpxtpx:hr>154</gpxtpx:hr></gpxtpx:TrackPointExtension></extensions></trkpt>
      <trkpt lat="40.739038" lon="-73.958791"><ele>3.4</ele><time>2026-07-23T16:50:56.000Z</time><extensions><gpxtpx:TrackPointExtension><gpxtpx:hr>154</gpxtpx:hr></gpxtpx:TrackPointExtension></extensions></trkpt>
      <trkpt lat="40.739027" lon="-73.958821"><ele>3.4</ele><time>2026-07-23T16:50:57.000Z</time><extensions><gpxtpx:TrackPointExtension><gpxtpx:hr>154</gpxtpx:hr></gpxtpx:TrackPointExtension></extensions></trkpt>
      <trkpt lat="40.739017" lon="-73.958853"><ele>3.6</ele><time>2026-07-23T16:50:58.000Z</time><extensions><gpxtpx:TrackPointExtension><gpxtpx:hr>154</gpxtpx:hr></gpxtpx:TrackPointExtension></extensions></trkpt>
      <trkpt lat="40.739007" lon="-73.958883"><ele>3.6</ele><time>2026-07-23T16:50:59.000Z</time><extensions><gpxtpx:TrackPointExtension><gpxtpx:hr>154</gpxtpx:hr></gpxtpx:TrackPointExtension></extensions></trkpt>
      <trkpt lat="40.738997" lon="-73.958914"><ele>3.6</ele><time>2026-07-23T16:51:00.000Z</time><extensions><gpxtpx:TrackPointExtension><gpxtpx:hr>154</gpxtpx:hr></gpxtpx:TrackPointExtension></extensions></trkpt>
      <trkpt lat="40.738987" lon="-73.958943"><ele>3.4</ele><time>2026-07-23T16:51:01.000Z</time><extensions><gpxtpx:TrackPointExtension><gpxtpx:hr>154</gpxtpx:hr></gpxtpx:TrackPointExtension></extensions></trkpt>
      <trkpt lat="40.738979" lon="-73.958974"><ele>3.4</ele><time>2026-07-23T16:51:02.000Z</time><extensions><gpxtpx:TrackPointExtension><gpxtpx:hr>154</gpxtpx:hr></gpxtpx:TrackPointExtension></extensions></trkpt>
      <trkpt lat="40.738972" lon="-73.959006"><ele>3.4</ele><time>2026-07-23T16:51:03.000Z</time><extensions><gpxtpx:TrackPointExtension><gpxtpx:hr>154</gpxtpx:hr></gpxtpx:TrackPointExtension></extensions></trkpt>
      <trkpt lat="40.738968" lon="-73.959038"><ele>3.4</ele><time>2026-07-23T16:51:04.000Z</time><extensions><gpxtpx:TrackPointExtension><gpxtpx:hr>154</gpxtpx:hr></gpxtpx:TrackPointExtension></extensions></trkpt>
      <trkpt lat="40.738967" lon="-73.95907"><ele>3.4</ele><time>2026-07-23T16:51:05.000Z</time><extensions><gpxtpx:TrackPointExtension><gpxtpx:hr>154</gpxtpx:hr></gpxtpx:TrackPointExtension></extensions></trkpt>
      <trkpt lat="40.73897" lon="-73.959101"><ele>3.4</ele><time>2026-07-23T16:51:06.000Z</time><extensions><gpxtpx:TrackPointExtension><gpxtpx:hr>149</gpxtpx:hr></gpxtpx:TrackPointExtension></extensions></trkpt>
      <trkpt lat="40.738976" lon="-73.959132"><ele>3.4</ele><time>2026-07-23T16:51:07.000Z</time><extensions><gpxtpx:TrackPointExtension><gpxtpx:hr>149</gpxtpx:hr></gpxtpx:TrackPointExtension></extensions></trkpt>
      <trkpt lat="40.738984" lon="-73.959164"><ele>3.4</ele><time>2026-07-23T16:51:08.000Z</time><extensions><gpxtpx:TrackPointExtension><gpxtpx:hr>149</gpxtpx:hr></gpxtpx:TrackPointExtension></extensions></trkpt>
      <trkpt lat="40.738991" lon="-73.959196"><ele>3.4</ele><time>2026-07-23T16:51:09.000Z</time><extensions><gpxtpx:TrackPointExtension><gpxtpx:hr>149</gpxtpx:hr></gpxtpx:TrackPointExtension></extensions></trkpt>
      <trkpt lat="40.738998" lon="-73.95923"><ele>3.4</ele><time>2026-07-23T16:51:10.000Z</time><extensions><gpxtpx:TrackPointExtension><gpxtpx:hr>149</gpxtpx:hr></gpxtpx:TrackPointExtension></extensions></trkpt>
      <trkpt lat="40.739006" lon="-73.959263"><ele>3.4</ele><time>2026-07-23T16:51:11.000Z</time><extensions><gpxtpx:TrackPointExtension><gpxtpx:hr>149</gpxtpx:hr></gpxtpx:TrackPointExtension></extensions></trkpt>
      <trkpt lat="40.739014" lon="-73.959294"><ele>3.4</ele><time>2026-07-23T16:51:12.000Z</time><extensions><gpxtpx:TrackPointExtension><gpxtpx:hr>150</gpxtpx:hr></gpxtpx:TrackPointExtension></extensions></trkpt>
      <trkpt lat="40.739021" lon="-73.959325"><ele>3.4</ele><time>2026-07-23T16:51:13.000Z</time><extensions><gpxtpx:TrackPointExtension><gpxtpx:hr>150</gpxtpx:hr></gpxtpx:TrackPointExtension></extensions></trkpt>
      <trkpt lat="40.739028" lon="-73.959357"><ele>3.4</ele><time>2026-07-23T16:51:14.000Z</time><extensions><gpxtpx:TrackPointExtension><gpxtpx:hr>150</gpxtpx:hr></gpxtpx:TrackPointExtension></extensions></trkpt>
      <trkpt lat="40.739035" lon="-73.95939"><ele>3.6</ele><time>2026-07-23T16:51:15.000Z</time><extensions><gpxtpx:TrackPointExtension><gpxtpx:hr>150</gpxtpx:hr></gpxtpx:TrackPointExtension></extensions></trkpt>
      <trkpt lat="40.73904" lon="-73.959424"><ele>3.6</ele><time>2026-07-23T16:51:16.000Z</time><extensions><gpxtpx:TrackPointExtension><gpxtpx:hr>150</gpxtpx:hr></gpxtpx:TrackPointExtension></extensions></trkpt>
      <trkpt lat="40.739045" lon="-73.959458"><ele>3.6</ele><time>2026-07-23T16:51:17.000Z</time><extensions><gpxtpx:TrackPointExtension><gpxtpx:hr>150</gpxtpx:hr></gpxtpx:TrackPointExtension></extensions></trkpt>
      <trkpt lat="40.73905" lon="-73.959489"><ele>3.6</ele><time>2026-07-23T16:51:18.000Z</time><extensions><gpxtpx:TrackPointExtension><gpxtpx:hr>152</gpxtpx:hr></gpxtpx:TrackPointExtension></extensions></trkpt>
      <trkpt lat="40.739053" lon="-73.95952"><ele>3.6</ele><time>2026-07-23T16:51:19.000Z</time><extensions><gpxtpx:TrackPointExtension><gpxtpx:hr>152</gpxtpx:hr></gpxtpx:TrackPointExtension></extensions></trkpt>
      <trkpt lat="40.739055" lon="-73.959552"><ele>3.6</ele><time>2026-07-23T16:51:20.000Z</time><extensions><gpxtpx:TrackPointExtension><gpxtpx:hr>152</gpxtpx:hr></gpxtpx:TrackPointExtension></extensions></trkpt>
      <trkpt lat="40.739057" lon="-73.959586"><ele>3.6</ele><time>2026-07-23T16:51:21.000Z</time><extensions><gpxtpx:TrackPointExtension><gpxtpx:hr>152</gpxtpx:hr></gpxtpx:TrackPointExtension></extensions></trkpt>
      <trkpt lat="40.739057" lon="-73.959619"><ele>3.6</ele><time>2026-07-23T16:51:22.000Z</time><extensions><gpxtpx:TrackPointExtension><gpxtpx:hr>152</gpxtpx:hr></gpxtpx:TrackPointExtension></extensions></trkpt>
      <trkpt lat="40.739054" lon="-73.959652"><ele>3.6</ele><time>2026-07-23T16:51:23.000Z</time><extensions><gpxtpx:TrackPointExtension><gpxtpx:hr>155</gpxtpx:hr></gpxtpx:TrackPointExtension></extensions></trkpt>
      <trkpt lat="40.73905" lon="-73.959685"><ele>3.4</ele><time>2026-07-23T16:51:24.000Z</time><extensions><gpxtpx:TrackPointExtension><gpxtpx:hr>155</gpxtpx:hr></gpxtpx:TrackPointExtension></extensions></trkpt>
      <trkpt lat="40.739045" lon="-73.959718"><ele>3.4</ele><time>2026-07-23T16:51:25.000Z</time><extensions><gpxtpx:TrackPointExtension><gpxtpx:hr>155</gpxtpx:hr></gpxtpx:TrackPointExtension></extensions></trkpt>
      <trkpt lat="40.73904" lon="-73.959752"><ele>3.4</ele><time>2026-07-23T16:51:26.000Z</time><extensions><gpxtpx:TrackPointExtension><gpxtpx:hr>155</gpxtpx:hr></gpxtpx:TrackPointExtension></extensions></trkpt>
      <trkpt lat="40.739035" lon="-73.959785"><ele>3.6</ele><time>2026-07-23T16:51:27.000Z</time><extensions><gpxtpx:TrackPointExtension><gpxtpx:hr>155</gpxtpx:hr></gpxtpx:TrackPointExtension></extensions></trkpt>
      <trkpt lat="40.73903" lon="-73.959818"><ele>3.6</ele><time>2026-07-23T16:51:28.000Z</time><extensions><gpxtpx:TrackPointExtension><gpxtpx:hr>155</gpxtpx:hr></gpxtpx:TrackPointExtension></extensions></trkpt>
      <trkpt lat="40.739025" lon="-73.95985"><ele>3.6</ele><time>2026-07-23T16:51:29.000Z</time><extensions><gpxtpx:TrackPointExtension><gpxtpx:hr>156</gpxtpx:hr></gpxtpx:TrackPointExtension></extensions></trkpt>
      <trkpt lat="40.739017" lon="-73.959881"><ele>3.6</ele><time>2026-07-23T16:51:30.000Z</time><extensions><gpxtpx:TrackPointExtension><gpxtpx:hr>156</gpxtpx:hr></gpxtpx:TrackPointExtension></extensions></trkpt>
      <trkpt lat="40.739006" lon="-73.959912"><ele>3.8</ele><time>2026-07-23T16:51:31.000Z</time><extensions><gpxtpx:TrackPointExtension><gpxtpx:hr>156</gpxtpx:hr></gpxtpx:TrackPointExtension></extensions></trkpt>
      <trkpt lat="40.738993" lon="-73.959941"><ele>3.8</ele><time>2026-07-23T16:51:32.000Z</time><extensions><gpxtpx:TrackPointExtension><gpxtpx:hr>156</gpxtpx:hr></gpxtpx:TrackPointExtension></extensions></trkpt>
      <trkpt lat="40.738981" lon="-73.959971"><ele>3.8</ele><time>2026-07-23T16:51:33.000Z</time><extensions><gpxtpx:TrackPointExtension><gpxtpx:hr>156</gpxtpx:hr></gpxtpx:TrackPointExtension></extensions></trkpt>
      <trkpt lat="40.738968" lon="-73.959999"><ele>4</ele><time>2026-07-23T16:51:34.000Z</time><extensions><gpxtpx:TrackPointExtension><gpxtpx:hr>156</gpxtpx:hr></gpxtpx:TrackPointExtension></extensions></trkpt>
      <trkpt lat="40.738956" lon="-73.960026"><ele>4</ele><time>2026-07-23T16:51:35.000Z</time><extensions><gpxtpx:TrackPointExtension><gpxtpx:hr>156</gpxtpx:hr></gpxtpx:TrackPointExtension></extensions></trkpt>
      <trkpt lat="40.738946" lon="-73.96005"><ele>4</ele><time>2026-07-23T16:51:36.000Z</time><extensions><gpxtpx:TrackPointExtension><gpxtpx:hr>156</gpxtpx:hr></gpxtpx:TrackPointExtension></extensions></trkpt>
      <trkpt lat="40.738935" lon="-73.960076"><ele>4</ele><time>2026-07-23T16:51:37.000Z</time><extensions><gpxtpx:TrackPointExtension><gpxtpx:hr>156</gpxtpx:hr></gpxtpx:TrackPointExtension></extensions></trkpt>
      <trkpt lat="40.738923" lon="-73.960102"><ele>4.2</ele><time>2026-07-23T16:51:38.000Z</time><extensions><gpxtpx:TrackPointExtension><gpxtpx:hr>156</gpxtpx:hr></gpxtpx:TrackPointExtension></extensions></trkpt>
      <trkpt lat="40.738913" lon="-73.960128"><ele>4.2</ele><time>2026-07-23T16:51:39.000Z</time><extensions><gpxtpx:TrackPointExtension><gpxtpx:hr>156</gpxtpx:hr></gpxtpx:TrackPointExtension></extensions></trkpt>
      <trkpt lat="40.738903" lon="-73.960153"><ele>4.4</ele><time>2026-07-23T16:51:40.000Z</time><extensions><gpxtpx:TrackPointExtension><gpxtpx:hr>157</gpxtpx:hr></gpxtpx:TrackPointExtension></extensions></trkpt>
      <trkpt lat="40.738894" lon="-73.960176"><ele>4.4</ele><time>2026-07-23T16:51:41.000Z</time><extensions><gpxtpx:TrackPointExtension><gpxtpx:hr>157</gpxtpx:hr></gpxtpx:TrackPointExtension></extensions></trkpt>
      <trkpt lat="40.738887" lon="-73.960198"><ele>4.4</ele><time>2026-07-23T16:51:42.000Z</time><extensions><gpxtpx:TrackPointExtension><gpxtpx:hr>157</gpxtpx:hr></gpxtpx:TrackPointExtension></extensions></trkpt>
      <trkpt lat="40.738879" lon="-73.96022"><ele>4.4</ele><time>2026-07-23T16:51:43.000Z</time><extensions><gpxtpx:TrackPointExtension><gpxtpx:hr>157</gpxtpx:hr></gpxtpx:TrackPointExtension></extensions></trkpt>
      <trkpt lat="40.738871" lon="-73.960242"><ele>4.4</ele><time>2026-07-23T16:51:44.000Z</time><extensions><gpxtpx:TrackPointExtension><gpxtpx:hr>156</gpxtpx:hr></gpxtpx:TrackPointExtension></extensions></trkpt>
      <trkpt lat="40.738864" lon="-73.960264"><ele>4.4</ele><time>2026-07-23T16:51:45.000Z</time><extensions><gpxtpx:TrackPointExtension><gpxtpx:hr>156</gpxtpx:hr></gpxtpx:TrackPointExtension></extensions></trkpt>
      <trkpt lat="40.738856" lon="-73.960287"><ele>4.4</ele><time>2026-07-23T16:51:46.000Z</time><extensions><gpxtpx:TrackPointExtension><gpxtpx:hr>156</gpxtpx:hr></gpxtpx:TrackPointExtension></extensions></trkpt>
      <trkpt lat="40.738848" lon="-73.960309"><ele>4.4</ele><time>2026-07-23T16:51:47.000Z</time><extensions><gpxtpx:TrackPointExtension><gpxtpx:hr>156</gpxtpx:hr></gpxtpx:TrackPointExtension></extensions></trkpt>
      <trkpt lat="40.738841" lon="-73.960331"><ele>4.4</ele><time>2026-07-23T16:51:48.000Z</time><extensions><gpxtpx:TrackPointExtension><gpxtpx:hr>156</gpxtpx:hr></gpxtpx:TrackPointExtension></extensions></trkpt>
      <trkpt lat="40.738833" lon="-73.960353"><ele>4.4</ele><time>2026-07-23T16:51:49.000Z</time><extensions><gpxtpx:TrackPointExtension><gpxtpx:hr>156</gpxtpx:hr></gpxtpx:TrackPointExtension></extensions></trkpt>
      <trkpt lat="40.738825" lon="-73.960375"><ele>4.4</ele><time>2026-07-23T16:51:50.000Z</time><extensions><gpxtpx:TrackPointExtension><gpxtpx:hr>155</gpxtpx:hr></gpxtpx:TrackPointExtension></extensions></trkpt>
      <trkpt lat="40.738818" lon="-73.960396"><ele>4.4</ele><time>2026-07-23T16:51:51.000Z</time><extensions><gpxtpx:TrackPointExtension><gpxtpx:hr>155</gpxtpx:hr></gpxtpx:TrackPointExtension></extensions></trkpt>
      <trkpt lat="40.738811" lon="-73.960416"><ele>4.4</ele><time>2026-07-23T16:51:52.000Z</time><extensions><gpxtpx:TrackPointExtension><gpxtpx:hr>155</gpxtpx:hr></gpxtpx:TrackPointExtension></extensions></trkpt>
      <trkpt lat="40.738803" lon="-73.960436"><ele>4.4</ele><time>2026-07-23T16:51:53.000Z</time><extensions><gpxtpx:TrackPointExtension><gpxtpx:hr>155</gpxtpx:hr></gpxtpx:TrackPointExtension></extensions></trkpt>
      <trkpt lat="40.738795" lon="-73.960457"><ele>4.4</ele><time>2026-07-23T16:51:54.000Z</time><extensions><gpxtpx:TrackPointExtension><gpxtpx:hr>154</gpxtpx:hr></gpxtpx:TrackPointExtension></extensions></trkpt>
      <trkpt lat="40.738788" lon="-73.960477"><ele>4.4</ele><time>2026-07-23T16:51:55.000Z</time><extensions><gpxtpx:TrackPointExtension><gpxtpx:hr>154</gpxtpx:hr></gpxtpx:TrackPointExtension></extensions></trkpt>
      <trkpt lat="40.73878" lon="-73.960497"><ele>4.4</ele><time>2026-07-23T16:51:56.000Z</time><extensions><gpxtpx:TrackPointExtension><gpxtpx:hr>154</gpxtpx:hr></gpxtpx:TrackPointExtension></extensions></trkpt>
      <trkpt lat="40.738773" lon="-73.960516"><ele>4.6</ele><time>2026-07-23T16:51:57.000Z</time><extensions><gpxtpx:TrackPointExtension><gpxtpx:hr>154</gpxtpx:hr></gpxtpx:TrackPointExtension></extensions></trkpt>
      <trkpt lat="40.738765" lon="-73.960537"><ele>4.6</ele><time>2026-07-23T16:51:58.000Z</time><extensions><gpxtpx:TrackPointExtension><gpxtpx:hr>154</gpxtpx:hr></gpxtpx:TrackPointExtension></extensions></trkpt>
      <trkpt lat="40.738757" lon="-73.960558"><ele>4.6</ele><time>2026-07-23T16:51:59.000Z</time><extensions><gpxtpx:TrackPointExtension><gpxtpx:hr>154</gpxtpx:hr></gpxtpx:TrackPointExtension></extensions></trkpt>
      <trkpt lat="40.738749" lon="-73.960579"><ele>4.6</ele><time>2026-07-23T16:52:00.000Z</time><extensions><gpxtpx:TrackPointExtension><gpxtpx:hr>154</gpxtpx:hr></gpxtpx:TrackPointExtension></extensions></trkpt>
      <trkpt lat="40.738741" lon="-73.9606"><ele>4.8</ele><time>2026-07-23T16:52:01.000Z</time><extensions><gpxtpx:TrackPointExtension><gpxtpx:hr>154</gpxtpx:hr></gpxtpx:TrackPointExtension></extensions></trkpt>
      <trkpt lat="40.738732" lon="-73.960622"><ele>4.8</ele><time>2026-07-23T16:52:02.000Z</time><extensions><gpxtpx:TrackPointExtension><gpxtpx:hr>152</gpxtpx:hr></gpxtpx:TrackPointExtension></extensions></trkpt>
      <trkpt lat="40.738724" lon="-73.960644"><ele>4.8</ele><time>2026-07-23T16:52:03.000Z</time><extensions><gpxtpx:TrackPointExtension><gpxtpx:hr>152</gpxtpx:hr></gpxtpx:TrackPointExtension></extensions></trkpt>
      <trkpt lat="40.738716" lon="-73.960666"><ele>5</ele><time>2026-07-23T16:52:04.000Z</time><extensions><gpxtpx:TrackPointExtension><gpxtpx:hr>152</gpxtpx:hr></gpxtpx:TrackPointExtension></extensions></trkpt>
      <trkpt lat="40.738708" lon="-73.960688"><ele>5</ele><time>2026-07-23T16:52:05.000Z</time><extensions><gpxtpx:TrackPointExtension><gpxtpx:hr>152</gpxtpx:hr></gpxtpx:TrackPointExtension></extensions></trkpt>
      <trkpt lat="40.738699" lon="-73.96071"><ele>5</ele><time>2026-07-23T16:52:06.000Z</time><extensions><gpxtpx:TrackPointExtension><gpxtpx:hr>152</gpxtpx:hr></gpxtpx:TrackPointExtension></extensions></trkpt>
      <trkpt lat="40.738691" lon="-73.960732"><ele>5.2</ele><time>2026-07-23T16:52:07.000Z</time><extensions><gpxtpx:TrackPointExtension><gpxtpx:hr>152</gpxtpx:hr></gpxtpx:TrackPointExtension></extensions></trkpt>
      <trkpt lat="40.738682" lon="-73.960756"><ele>5.2</ele><time>2026-07-23T16:52:08.000Z</time><extensions><gpxtpx:TrackPointExtension><gpxtpx:hr>152</gpxtpx:hr></gpxtpx:TrackPointExtension></extensions></trkpt>
      <trkpt lat="40.738674" lon="-73.960779"><ele>5.2</ele><time>2026-07-23T16:52:09.000Z</time><extensions><gpxtpx:TrackPointExtension><gpxtpx:hr>153</gpxtpx:hr></gpxtpx:TrackPointExtension></extensions></trkpt>
      <trkpt lat="40.738665" lon="-73.960802"><ele>5.4</ele><time>2026-07-23T16:52:10.000Z</time><extensions><gpxtpx:TrackPointExtension><gpxtpx:hr>153</gpxtpx:hr></gpxtpx:TrackPointExtension></extensions></trkpt>
      <trkpt lat="40.738657" lon="-73.960823"><ele>5.4</ele><time>2026-07-23T16:52:11.000Z</time><extensions><gpxtpx:TrackPointExtension><gpxtpx:hr>153</gpxtpx:hr></gpxtpx:TrackPointExtension></extensions></trkpt>
      <trkpt lat="40.738649" lon="-73.960846"><ele>5.6</ele><time>2026-07-23T16:52:12.000Z</time><extensions><gpxtpx:TrackPointExtension><gpxtpx:hr>153</gpxtpx:hr></gpxtpx:TrackPointExtension></extensions></trkpt>
      <trkpt lat="40.73864" lon="-73.960868"><ele>5.6</ele><time>2026-07-23T16:52:13.000Z</time><extensions><gpxtpx:TrackPointExtension><gpxtpx:hr>153</gpxtpx:hr></gpxtpx:TrackPointExtension></extensions></trkpt>
      <trkpt lat="40.738632" lon="-73.960889"><ele>5.6</ele><time>2026-07-23T16:52:14.000Z</time><extensions><gpxtpx:TrackPointExtension><gpxtpx:hr>153</gpxtpx:hr></gpxtpx:TrackPointExtension></extensions></trkpt>
      <trkpt lat="40.738625" lon="-73.96091"><ele>5.8</ele><time>2026-07-23T16:52:15.000Z</time><extensions><gpxtpx:TrackPointExtension><gpxtpx:hr>153</gpxtpx:hr></gpxtpx:TrackPointExtension></extensions></trkpt>
      <trkpt lat="40.738617" lon="-73.960929"><ele>5.8</ele><time>2026-07-23T16:52:16.000Z</time><extensions><gpxtpx:TrackPointExtension><gpxtpx:hr>154</gpxtpx:hr></gpxtpx:TrackPointExtension></extensions></trkpt>
      <trkpt lat="40.73861" lon="-73.960948"><ele>6</ele><time>2026-07-23T16:52:17.000Z</time><extensions><gpxtpx:TrackPointExtension><gpxtpx:hr>153</gpxtpx:hr></gpxtpx:TrackPointExtension></extensions></trkpt>
      <trkpt lat="40.738602" lon="-73.960969"><ele>6</ele><time>2026-07-23T16:52:18.000Z</time><extensions><gpxtpx:TrackPointExtension><gpxtpx:hr>153</gpxtpx:hr></gpxtpx:TrackPointExtension></extensions></trkpt>
      <trkpt lat="40.738593" lon="-73.96099"><ele>6</ele><time>2026-07-23T16:52:19.000Z</time><extensions><gpxtpx:TrackPointExtension><gpxtpx:hr>153</gpxtpx:hr></gpxtpx:TrackPointExtension></extensions></trkpt>
      <trkpt lat="40.738584" lon="-73.961012"><ele>6.2</ele><time>2026-07-23T16:52:20.000Z</time><extensions><gpxtpx:TrackPointExtension><gpxtpx:hr>153</gpxtpx:hr></gpxtpx:TrackPointExtension></extensions></trkpt>
      <trkpt lat="40.738575" lon="-73.961034"><ele>6.2</ele><time>2026-07-23T16:52:21.000Z</time><extensions><gpxtpx:TrackPointExtension><gpxtpx:hr>153</gpxtpx:hr></gpxtpx:TrackPointExtension></extensions></trkpt>
      <trkpt lat="40.738566" lon="-73.961056"><ele>6.2</ele><time>2026-07-23T16:52:22.000Z</time><extensions><gpxtpx:TrackPointExtension><gpxtpx:hr>153</gpxtpx:hr></gpxtpx:TrackPointExtension></extensions></trkpt>
      <trkpt lat="40.738557" lon="-73.961078"><ele>6.4</ele><time>2026-07-23T16:52:23.000Z</time><extensions><gpxtpx:TrackPointExtension><gpxtpx:hr>153</gpxtpx:hr></gpxtpx:TrackPointExtension></extensions></trkpt>
      <trkpt lat="40.738547" lon="-73.961099"><ele>6.4</ele><time>2026-07-23T16:52:24.000Z</time><extensions><gpxtpx:TrackPointExtension><gpxtpx:hr>153</gpxtpx:hr></gpxtpx:TrackPointExtension></extensions></trkpt>
      <trkpt lat="40.738539" lon="-73.96112"><ele>6.4</ele><time>2026-07-23T16:52:25.000Z</time><extensions><gpxtpx:TrackPointExtension><gpxtpx:hr>153</gpxtpx:hr></gpxtpx:TrackPointExtension></extensions></trkpt>
      <trkpt lat="40.738531" lon="-73.96114"><ele>6.6</ele><time>2026-07-23T16:52:26.000Z</time><extensions><gpxtpx:TrackPointExtension><gpxtpx:hr>151</gpxtpx:hr></gpxtpx:TrackPointExtension></extensions></trkpt>
      <trkpt lat="40.738524" lon="-73.961159"><ele>6.6</ele><time>2026-07-23T16:52:27.000Z</time><extensions><gpxtpx:TrackPointExtension><gpxtpx:hr>151</gpxtpx:hr></gpxtpx:TrackPointExtension></extensions></trkpt>
      <trkpt lat="40.73852" lon="-73.961182"><ele>6.6</ele><time>2026-07-23T16:52:28.000Z</time><extensions><gpxtpx:TrackPointExtension><gpxtpx:hr>151</gpxtpx:hr></gpxtpx:TrackPointExtension></extensions></trkpt>
      <trkpt lat="40.738521" lon="-73.961205"><ele>6.6</ele><time>2026-07-23T16:52:29.000Z</time><extensions><gpxtpx:TrackPointExtension><gpxtpx:hr>151</gpxtpx:hr></gpxtpx:TrackPointExtension></extensions></trkpt>
      <trkpt lat="40.738529" lon="-73.961226"><ele>6.8</ele><time>2026-07-23T16:52:30.000Z</time><extensions><gpxtpx:TrackPointExtension><gpxtpx:hr>151</gpxtpx:hr></gpxtpx:TrackPointExtension></extensions></trkpt>
      <trkpt lat="40.738543" lon="-73.961243"><ele>6.8</ele><time>2026-07-23T16:52:31.000Z</time><extensions><gpxtpx:TrackPointExtension><gpxtpx:hr>151</gpxtpx:hr></gpxtpx:TrackPointExtension></extensions></trkpt>
      <trkpt lat="40.738559" lon="-73.961257"><ele>6.8</ele><time>2026-07-23T16:52:32.000Z</time><extensions><gpxtpx:TrackPointExtension><gpxtpx:hr>151</gpxtpx:hr></gpxtpx:TrackPointExtension></extensions></trkpt>
      <trkpt lat="40.738575" lon="-73.961268"><ele>6.8</ele><time>2026-07-23T16:52:33.000Z</time><extensions><gpxtpx:TrackPointExtension><gpxtpx:hr>151</gpxtpx:hr></gpxtpx:TrackPointExtension></extensions></trkpt>
      <trkpt lat="40.738591" lon="-73.961278"><ele>6.8</ele><time>2026-07-23T16:52:34.000Z</time><extensions><gpxtpx:TrackPointExtension><gpxtpx:hr>151</gpxtpx:hr></gpxtpx:TrackPointExtension></extensions></trkpt>
      <trkpt lat="40.738607" lon="-73.961289"><ele>6.8</ele><time>2026-07-23T16:52:35.000Z</time><extensions><gpxtpx:TrackPointExtension><gpxtpx:hr>151</gpxtpx:hr></gpxtpx:TrackPointExtension></extensions></trkpt>
      <trkpt lat="40.738625" lon="-73.961301"><ele>7</ele><time>2026-07-23T16:52:36.000Z</time><extensions><gpxtpx:TrackPointExtension><gpxtpx:hr>151</gpxtpx:hr></gpxtpx:TrackPointExtension></extensions></trkpt>
      <trkpt lat="40.738642" lon="-73.961313"><ele>7</ele><time>2026-07-23T16:52:37.000Z</time><extensions><gpxtpx:TrackPointExtension><gpxtpx:hr>151</gpxtpx:hr></gpxtpx:TrackPointExtension></extensions></trkpt>
      <trkpt lat="40.738659" lon="-73.961326"><ele>7</ele><time>2026-07-23T16:52:38.000Z</time><extensions><gpxtpx:TrackPointExtension><gpxtpx:hr>151</gpxtpx:hr></gpxtpx:TrackPointExtension></extensions></trkpt>
      <trkpt lat="40.738675" lon="-73.96134"><ele>7</ele><time>2026-07-23T16:52:39.000Z</time><extensions><gpxtpx:TrackPointExtension><gpxtpx:hr>151</gpxtpx:hr></gpxtpx:TrackPointExtension></extensions></trkpt>
      <trkpt lat="40.738691" lon="-73.961353"><ele>7</ele><time>2026-07-23T16:52:40.000Z</time><extensions><gpxtpx:TrackPointExtension><gpxtpx:hr>151</gpxtpx:hr></gpxtpx:TrackPointExtension></extensions></trkpt>
      <trkpt lat="40.738706" lon="-73.961366"><ele>7</ele><time>2026-07-23T16:52:41.000Z</time><extensions><gpxtpx:TrackPointExtension><gpxtpx:hr>150</gpxtpx:hr></gpxtpx:TrackPointExtension></extensions></trkpt>
      <trkpt lat="40.738721" lon="-73.961379"><ele>7</ele><time>2026-07-23T16:52:42.000Z</time><extensions><gpxtpx:TrackPointExtension><gpxtpx:hr>150</gpxtpx:hr></gpxtpx:TrackPointExtension></extensions></trkpt>
      <trkpt lat="40.738737" lon="-73.961391"><ele>6.8</ele><time>2026-07-23T16:52:43.000Z</time><extensions><gpxtpx:TrackPointExtension><gpxtpx:hr>150</gpxtpx:hr></gpxtpx:TrackPointExtension></extensions></trkpt>
      <trkpt lat="40.738754" lon="-73.961402"><ele>6.8</ele><time>2026-07-23T16:52:44.000Z</time><extensions><gpxtpx:TrackPointExtension><gpxtpx:hr>150</gpxtpx:hr></gpxtpx:TrackPointExtension></extensions></trkpt>
      <trkpt lat="40.738771" lon="-73.961414"><ele>6.6</ele><time>2026-07-23T16:52:45.000Z</time><extensions><gpxtpx:TrackPointExtension><gpxtpx:hr>149</gpxtpx:hr></gpxtpx:TrackPointExtension></extensions></trkpt>
      <trkpt lat="40.738789" lon="-73.961425"><ele>6.4</ele><time>2026-07-23T16:52:46.000Z</time><extensions><gpxtpx:TrackPointExtension><gpxtpx:hr>149</gpxtpx:hr></gpxtpx:TrackPointExtension></extensions></trkpt>
      <trkpt lat="40.738806" lon="-73.961435"><ele>6</ele><time>2026-07-23T16:52:47.000Z</time><extensions><gpxtpx:TrackPointExtension><gpxtpx:hr>149</gpxtpx:hr></gpxtpx:TrackPointExtension></extensions></trkpt>
      <trkpt lat="40.738823" lon="-73.961445"><ele>5.6</ele><time>2026-07-23T16:52:48.000Z</time><extensions><gpxtpx:TrackPointExtension><gpxtpx:hr>149</gpxtpx:hr></gpxtpx:TrackPointExtension></extensions></trkpt>
      <trkpt lat="40.738841" lon="-73.961455"><ele>5.2</ele><time>2026-07-23T16:52:49.000Z</time><extensions><gpxtpx:TrackPointExtension><gpxtpx:hr>149</gpxtpx:hr></gpxtpx:TrackPointExtension></extensions></trkpt>
      <trkpt lat="40.738858" lon="-73.961465"><ele>4.8</ele><time>2026-07-23T16:52:50.000Z</time><extensions><gpxtpx:TrackPointExtension><gpxtpx:hr>149</gpxtpx:hr></gpxtpx:TrackPointExtension></extensions></trkpt>
      <trkpt lat="40.738874" lon="-73.961475"><ele>4.2</ele><time>2026-07-23T16:52:51.000Z</time><extensions><gpxtpx:TrackPointExtension><gpxtpx:hr>149</gpxtpx:hr></gpxtpx:TrackPointExtension></extensions></trkpt>
      <trkpt lat="40.738891" lon="-73.961484"><ele>3.6</ele><time>2026-07-23T16:52:52.000Z</time><extensions><gpxtpx:TrackPointExtension><gpxtpx:hr>149</gpxtpx:hr></gpxtpx:TrackPointExtension></extensions></trkpt>
      <trkpt lat="40.738907" lon="-73.961494"><ele>3</ele><time>2026-07-23T16:52:53.000Z</time><extensions><gpxtpx:TrackPointExtension><gpxtpx:hr>148</gpxtpx:hr></gpxtpx:TrackPointExtension></extensions></trkpt>
      <trkpt lat="40.738925" lon="-73.961504"><ele>2.4</ele><time>2026-07-23T16:52:54.000Z</time><extensions><gpxtpx:TrackPointExtension><gpxtpx:hr>148</gpxtpx:hr></gpxtpx:TrackPointExtension></extensions></trkpt>
      <trkpt lat="40.738942" lon="-73.961514"><ele>1.6</ele><time>2026-07-23T16:52:55.000Z</time><extensions><gpxtpx:TrackPointExtension><gpxtpx:hr>148</gpxtpx:hr></gpxtpx:TrackPointExtension></extensions></trkpt>
      <trkpt lat="40.73896" lon="-73.961524"><ele>0.8</ele><time>2026-07-23T16:52:56.000Z</time><extensions><gpxtpx:TrackPointExtension><gpxtpx:hr>148</gpxtpx:hr></gpxtpx:TrackPointExtension></extensions></trkpt>
      <trkpt lat="40.738977" lon="-73.961534"><ele>0.2</ele><time>2026-07-23T16:52:57.000Z</time><extensions><gpxtpx:TrackPointExtension><gpxtpx:hr>148</gpxtpx:hr></gpxtpx:TrackPointExtension></extensions></trkpt>
    </trkseg>
  </trk>
</gpx>
