<?xml version="1.0" encoding="UTF-8"?>
<gpx version="1.1" creator="pull-strava.mjs"
  xmlns="http://www.topografix.com/GPX/1/1"
  xmlns:gpxtpx="http://www.garmin.com/xmlschemas/TrackPointExtension/v1">
  <metadata><name>Morning Run</name><time>2026-09-05T07:36:12.000Z</time></metadata>
  <trk><name>Morning Run</name><type>running</type>
    <trkseg>
      <trkpt lat="59.337455" lon="18.070237"><ele>18.4</ele><time>2026-09-05T07:36:12.000Z</time><extensions><gpxtpx:TrackPointExtension><gpxtpx:hr>90</gpxtpx:hr></gpxtpx:TrackPointExtension></extensions></trkpt>
      <trkpt lat="59.337455" lon="18.070237"><ele>18.4</ele><time>2026-09-05T07:36:13.000Z</time><extensions><gpxtpx:TrackPointExtension><gpxtpx:hr>90</gpxtpx:hr></gpxtpx:TrackPointExtension></extensions></trkpt>
      <trkpt lat="59.337454" lon="18.070238"><ele>18.4</ele><time>2026-09-05T07:36:14.000Z</time><extensions><gpxtpx:TrackPointExtension><gpxtpx:hr>90</gpxtpx:hr></gpxtpx:TrackPointExtension></extensions></trkpt>
      <trkpt lat="59.337454" lon="18.070238"><ele>18.4</ele><time>2026-09-05T07:36:15.000Z</time><extensions><gpxtpx:TrackPointExtension><gpxtpx:hr>90</gpxtpx:hr></gpxtpx:TrackPointExtension></extensions></trkpt>
      <trkpt lat="59.337453" lon="18.070238"><ele>18.4</ele><time>2026-09-05T07:36:16.000Z</time><extensions><gpxtpx:TrackPointExtension><gpxtpx:hr>90</gpxtpx:hr></gpxtpx:TrackPointExtension></extensions></trkpt>
      <trkpt lat="59.337453" lon="18.070239"><ele>18.4</ele><time>2026-09-05T07:36:17.000Z</time><extensions><gpxtpx:TrackPointExtension><gpxtpx:hr>90</gpxtpx:hr></gpxtpx:TrackPointExtension></extensions></trkpt>
      <trkpt lat="59.337452" lon="18.07024"><ele>18.2</ele><time>2026-09-05T07:36:18.000Z</time><extensions><gpxtpx:TrackPointExtension><gpxtpx:hr>90</gpxtpx:hr></gpxtpx:TrackPointExtension></extensions></trkpt>
      <trkpt lat="59.337449" lon="18.070244"><ele>18.2</ele><time>2026-09-05T07:36:19.000Z</time><extensions><gpxtpx:TrackPointExtension><gpxtpx:hr>90</gpxtpx:hr></gpxtpx:TrackPointExtension></extensions></trkpt>
      <trkpt lat="59.337441" lon="18.070261"><ele>18</ele><time>2026-09-05T07:36:20.000Z</time><extensions><gpxtpx:TrackPointExtension><gpxtpx:hr>90</gpxtpx:hr></gpxtpx:TrackPointExtension></extensions></trkpt>
      <trkpt lat="59.337428" lon="18.070289"><ele>17.6</ele><time>2026-09-05T07:36:21.000Z</time><extensions><gpxtpx:TrackPointExtension><gpxtpx:hr>90</gpxtpx:hr></gpxtpx:TrackPointExtension></extensions></trkpt>
      <trkpt lat="59.337412" lon="18.070318"><ele>17.4</ele><time>2026-09-05T07:36:22.000Z</time><extensions><gpxtpx:TrackPointExtension><gpxtpx:hr>90</gpxtpx:hr></gpxtpx:TrackPointExtension></extensions></trkpt>
      <trkpt lat="59.337395" lon="18.070346"><ele>17</ele><time>2026-09-05T07:36:23.000Z</time><extensions><gpxtpx:TrackPointExtension><gpxtpx:hr>89</gpxtpx:hr></gpxtpx:TrackPointExtension></extensions></trkpt>
      <trkpt lat="59.337379" lon="18.070374"><ele>16.8</ele><time>2026-09-05T07:36:24.000Z</time><extensions><gpxtpx:TrackPointExtension><gpxtpx:hr>90</gpxtpx:hr></gpxtpx:TrackPointExtension></extensions></trkpt>
      <trkpt lat="59.337362" lon="18.070401"><ele>16.4</ele><time>2026-09-05T07:36:25.000Z</time><extensions><gpxtpx:TrackPointExtension><gpxtpx:hr>90</gpxtpx:hr></gpxtpx:TrackPointExtension></extensions></trkpt>
      <trkpt lat="59.337341" lon="18.070435"><ele>16.2</ele><time>2026-09-05T07:36:26.000Z</time><extensions><gpxtpx:TrackPointExtension><gpxtpx:hr>90</gpxtpx:hr></gpxtpx:TrackPointExtension></extensions></trkpt>
      <trkpt lat="59.337323" lon="18.070462"><ele>15.8</ele><time>2026-09-05T07:36:27.000Z</time><extensions><gpxtpx:TrackPointExtension><gpxtpx:hr>90</gpxtpx:hr></gpxtpx:TrackPointExtension></extensions></trkpt>
      <trkpt lat="59.337305" lon="18.070488"><ele>15.6</ele><time>2026-09-05T07:36:28.000Z</time><extensions><gpxtpx:TrackPointExtension><gpxtpx:hr>90</gpxtpx:hr></gpxtpx:TrackPointExtension></extensions></trkpt>
      <trkpt lat="59.337286" lon="18.070514"><ele>15.6</ele><time>2026-09-05T07:36:29.000Z</time><extensions><gpxtpx:TrackPointExtension><gpxtpx:hr>90</gpxtpx:hr></gpxtpx:TrackPointExtension></extensions></trkpt>
      <trkpt lat="59.337266" lon="18.070541"><ele>15.4</ele><time>2026-09-05T07:36:30.000Z</time><extensions><gpxtpx:TrackPointExtension><gpxtpx:hr>90</gpxtpx:hr></gpxtpx:TrackPointExtension></extensions></trkpt>
      <trkpt lat="59.337247" lon="18.070569"><ele>15.2</ele><time>2026-09-05T07:36:31.000Z</time><extensions><gpxtpx:TrackPointExtension><gpxtpx:hr>97</gpxtpx:hr></gpxtpx:TrackPointExtension></extensions></trkpt>
      <trkpt lat="59.337227" lon="18.070597"><ele>15.2</ele><time>2026-09-05T07:36:32.000Z</time><extensions><gpxtpx:TrackPointExtension><gpxtpx:hr>97</gpxtpx:hr></gpxtpx:TrackPointExtension></extensions></trkpt>
      <trkpt lat="59.337207" lon="18.070626"><ele>15</ele><time>2026-09-05T07:36:33.000Z</time><extensions><gpxtpx:TrackPointExtension><gpxtpx:hr>97</gpxtpx:hr></gpxtpx:TrackPointExtension></extensions></trkpt>
      <trkpt lat="59.337187" lon="18.070656"><ele>15</ele><time>2026-09-05T07:36:34.000Z</time><extensions><gpxtpx:TrackPointExtension><gpxtpx:hr>97</gpxtpx:hr></gpxtpx:TrackPointExtension></extensions></trkpt>
      <trkpt lat="59.337166" lon="18.070685"><ele>14.8</ele><time>2026-09-05T07:36:35.000Z</time><extensions><gpxtpx:TrackPointExtension><gpxtpx:hr>97</gpxtpx:hr></gpxtpx:TrackPointExtension></extensions></trkpt>
      <trkpt lat="59.337146" lon="18.070715"><ele>14.8</ele><time>2026-09-05T07:36:36.000Z</time><extensions><gpxtpx:TrackPointExtension><gpxtpx:hr>97</gpxtpx:hr></gpxtpx:TrackPointExtension></extensions></trkpt>
      <trkpt lat="59.337125" lon="18.070745"><ele>14.8</ele><time>2026-09-05T07:36:37.000Z</time><extensions><gpxtpx:TrackPointExtension><gpxtpx:hr>97</gpxtpx:hr></gpxtpx:TrackPointExtension></extensions></trkpt>
      <trkpt lat="59.337104" lon="18.070775"><ele>14.6</ele><time>2026-09-05T07:36:38.000Z</time><extensions><gpxtpx:TrackPointExtension><gpxtpx:hr>103</gpxtpx:hr></gpxtpx:TrackPointExtension></extensions></trkpt>
      <trkpt lat="59.337084" lon="18.070805"><ele>14.6</ele><time>2026-09-05T07:36:39.000Z</time><extensions><gpxtpx:TrackPointExtension><gpxtpx:hr>104</gpxtpx:hr></gpxtpx:TrackPointExtension></extensions></trkpt>
      <trkpt lat="59.337063" lon="18.070835"><ele>14.6</ele><time>2026-09-05T07:36:40.000Z</time><extensions><gpxtpx:TrackPointExtension><gpxtpx:hr>104</gpxtpx:hr></gpxtpx:TrackPointExtension></extensions></trkpt>
      <trkpt lat="59.337043" lon="18.070865"><ele>14.6</ele><time>2026-09-05T07:36:41.000Z</time><extensions><gpxtpx:TrackPointExtension><gpxtpx:hr>104</gpxtpx:hr></gpxtpx:TrackPointExtension></extensions></trkpt>
      <trkpt lat="59.337023" lon="18.070895"><ele>14.4</ele><time>2026-09-05T07:36:42.000Z</time><extensions><gpxtpx:TrackPointExtension><gpxtpx:hr>104</gpxtpx:hr></gpxtpx:TrackPointExtension></extensions></trkpt>
      <trkpt lat="59.337003" lon="18.070925"><ele>14.4</ele><time>2026-09-05T07:36:43.000Z</time><extensions><gpxtpx:TrackPointExtension><gpxtpx:hr>104</gpxtpx:hr></gpxtpx:TrackPointExtension></extensions></trkpt>
      <trkpt lat="59.336984" lon="18.070954"><ele>14.4</ele><time>2026-09-05T07:36:44.000Z</time><extensions><gpxtpx:TrackPointExtension><gpxtpx:hr>108</gpxtpx:hr></gpxtpx:TrackPointExtension></extensions></trkpt>
      <trkpt lat="59.336965" lon="18.070984"><ele>14.4</ele><time>2026-09-05T07:36:45.000Z</time><extensions><gpxtpx:TrackPointExtension><gpxtpx:hr>108</gpxtpx:hr></gpxtpx:TrackPointExtension></extensions></trkpt>
      <trkpt lat="59.336947" lon="18.071014"><ele>14.4</ele><time>2026-09-05T07:36:46.000Z</time><extensions><gpxtpx:TrackPointExtension><gpxtpx:hr>108</gpxtpx:hr></gpxtpx:TrackPointExtension></extensions></trkpt>
      <trkpt lat="59.33693" lon="18.071045"><ele>14.4</ele><time>2026-09-05T07:36:47.000Z</time><extensions><gpxtpx:TrackPointExtension><gpxtpx:hr>108</gpxtpx:hr></gpxtpx:TrackPointExtension></extensions></trkpt>
      <trkpt lat="59.336912" lon="18.071076"><ele>14.4</ele><time>2026-09-05T07:36:48.000Z</time><extensions><gpxtpx:TrackPointExtension><gpxtpx:hr>108</gpxtpx:hr></gpxtpx:TrackPointExtension></extensions></trkpt>
      <trkpt lat="59.336896" lon="18.071109"><ele>14.2</ele><time>2026-09-05T07:36:49.000Z</time><extensions><gpxtpx:TrackPointExtension><gpxtpx:hr>108</gpxtpx:hr></gpxtpx:TrackPointExtension></extensions></trkpt>
      <trkpt lat="59.336879" lon="18.071142"><ele>14.2</ele><time>2026-09-05T07:36:50.000Z</time><extensions><gpxtpx:TrackPointExtension><gpxtpx:hr>108</gpxtpx:hr></gpxtpx:TrackPointExtension></extensions></trkpt>
      <trkpt lat="59.336863" lon="18.071177"><ele>14.2</ele><time>2026-09-05T07:36:51.000Z</time><extensions><gpxtpx:TrackPointExtension><gpxtpx:hr>108</gpxtpx:hr></gpxtpx:TrackPointExtension></extensions></trkpt>
      <trkpt lat="59.336848" lon="18.071214"><ele>14.2</ele><time>2026-09-05T07:36:52.000Z</time><extensions><gpxtpx:TrackPointExtension><gpxtpx:hr>108</gpxtpx:hr></gpxtpx:TrackPointExtension></extensions></trkpt>
      <trkpt lat="59.336833" lon="18.071254"><ele>14.2</ele><time>2026-09-05T07:36:53.000Z</time><extensions><gpxtpx:TrackPointExtension><gpxtpx:hr>113</gpxtpx:hr></gpxtpx:TrackPointExtension></extensions></trkpt>
      <trkpt lat="59.336819" lon="18.071295"><ele>14.2</ele><time>2026-09-05T07:36:54.000Z</time><extensions><gpxtpx:TrackPointExtension><gpxtpx:hr>113</gpxtpx:hr></gpxtpx:TrackPointExtension></extensions></trkpt>
      <trkpt lat="59.336805" lon="18.071337"><ele>14.2</ele><time>2026-09-05T07:36:55.000Z</time><extensions><gpxtpx:TrackPointExtension><gpxtpx:hr>113</gpxtpx:hr></gpxtpx:TrackPointExtension></extensions></trkpt>
      <trkpt lat="59.336791" lon="18.07138"><ele>14.2</ele><time>2026-09-05T07:36:56.000Z</time><extensions><gpxtpx:TrackPointExtension><gpxtpx:hr>113</gpxtpx:hr></gpxtpx:TrackPointExtension></extensions></trkpt>
      <trkpt lat="59.336778" lon="18.071423"><ele>14</ele><time>2026-09-05T07:36:57.000Z</time><extensions><gpxtpx:TrackPointExtension><gpxtpx:hr>115</gpxtpx:hr></gpxtpx:TrackPointExtension></extensions></trkpt>
      <trkpt lat="59.336764" lon="18.071467"><ele>14</ele><time>2026-09-05T07:36:58.000Z</time><extensions><gpxtpx:TrackPointExtension><gpxtpx:hr>115</gpxtpx:hr></gpxtpx:TrackPointExtension></extensions></trkpt>
      <trkpt lat="59.33675" lon="18.07151"><ele>14</ele><time>2026-09-05T07:36:59.000Z</time><extensions><gpxtpx:TrackPointExtension><gpxtpx:hr>115</gpxtpx:hr></gpxtpx:TrackPointExtension></extensions></trkpt>
      <trkpt lat="59.336736" lon="18.07155"><ele>14</ele><time>2026-09-05T07:37:00.000Z</time><extensions><gpxtpx:TrackPointExtension><gpxtpx:hr>115</gpxtpx:hr></gpxtpx:TrackPointExtension></extensions></trkpt>
      <trkpt lat="59.336722" lon="18.071589"><ele>14</ele><time>2026-09-05T07:37:01.000Z</time><extensions><gpxtpx:TrackPointExtension><gpxtpx:hr>117</gpxtpx:hr></gpxtpx:TrackPointExtension></extensions></trkpt>
      <trkpt lat="59.336708" lon="18.071626"><ele>14</ele><time>2026-09-05T07:37:02.000Z</time><extensions><gpxtpx:TrackPointExtension><gpxtpx:hr>117</gpxtpx:hr></gpxtpx:TrackPointExtension></extensions></trkpt>
      <trkpt lat="59.336693" lon="18.071661"><ele>14</ele><time>2026-09-05T07:37:03.000Z</time><extensions><gpxtpx:TrackPointExtension><gpxtpx:hr>117</gpxtpx:hr></gpxtpx:TrackPointExtension></extensions></trkpt>
      <trkpt lat="59.336678" lon="18.071695"><ele>14</ele><time>2026-09-05T07:37:04.000Z</time><extensions><gpxtpx:TrackPointExtension><gpxtpx:hr>117</gpxtpx:hr></gpxtpx:TrackPointExtension></extensions></trkpt>
      <trkpt lat="59.336664" lon="18.071727"><ele>14</ele><time>2026-09-05T07:37:05.000Z</time><extensions><gpxtpx:TrackPointExtension><gpxtpx:hr>120</gpxtpx:hr></gpxtpx:TrackPointExtension></extensions></trkpt>
      <trkpt lat="59.336649" lon="18.071757"><ele>14</ele><time>2026-09-05T07:37:06.000Z</time><extensions><gpxtpx:TrackPointExtension><gpxtpx:hr>120</gpxtpx:hr></gpxtpx:TrackPointExtension></extensions></trkpt>
      <trkpt lat="59.336634" lon="18.071786"><ele>14</ele><time>2026-09-05T07:37:07.000Z</time><extensions><gpxtpx:TrackPointExtension><gpxtpx:hr>120</gpxtpx:hr></gpxtpx:TrackPointExtension></extensions></trkpt>
      <trkpt lat="59.336618" lon="18.071813"><ele>14</ele><time>2026-09-05T07:37:08.000Z</time><extensions><gpxtpx:TrackPointExtension><gpxtpx:hr>120</gpxtpx:hr></gpxtpx:TrackPointExtension></extensions></trkpt>
      <trkpt lat="59.336601" lon="18.071839"><ele>14</ele><time>2026-09-05T07:37:09.000Z</time><extensions><gpxtpx:TrackPointExtension><gpxtpx:hr>120</gpxtpx:hr></gpxtpx:TrackPointExtension></extensions></trkpt>
      <trkpt lat="59.336585" lon="18.071864"><ele>14</ele><time>2026-09-05T07:37:10.000Z</time><extensions><gpxtpx:TrackPointExtension><gpxtpx:hr>120</gpxtpx:hr></gpxtpx:TrackPointExtension></extensions></trkpt>
      <trkpt lat="59.336568" lon="18.071888"><ele>14</ele><time>2026-09-05T07:37:11.000Z</time><extensions><gpxtpx:TrackPointExtension><gpxtpx:hr>120</gpxtpx:hr></gpxtpx:TrackPointExtension></extensions></trkpt>
      <trkpt lat="59.336552" lon="18.071911"><ele>14</ele><time>2026-09-05T07:37:12.000Z</time><extensions><gpxtpx:TrackPointExtension><gpxtpx:hr>122</gpxtpx:hr></gpxtpx:TrackPointExtension></extensions></trkpt>
      <trkpt lat="59.336535" lon="18.071933"><ele>14</ele><time>2026-09-05T07:37:13.000Z</time><extensions><gpxtpx:TrackPointExtension><gpxtpx:hr>122</gpxtpx:hr></gpxtpx:TrackPointExtension></extensions></trkpt>
      <trkpt lat="59.336518" lon="18.071954"><ele>14</ele><time>2026-09-05T07:37:14.000Z</time><extensions><gpxtpx:TrackPointExtension><gpxtpx:hr>122</gpxtpx:hr></gpxtpx:TrackPointExtension></extensions></trkpt>
      <trkpt lat="59.3365" lon="18.071974"><ele>14</ele><time>2026-09-05T07:37:15.000Z</time><extensions><gpxtpx:TrackPointExtension><gpxtpx:hr>122</gpxtpx:hr></gpxtpx:TrackPointExtension></extensions></trkpt>
      <trkpt lat="59.336483" lon="18.071992"><ele>14</ele><time>2026-09-05T07:37:16.000Z</time><extensions><gpxtpx:TrackPointExtension><gpxtpx:hr>122</gpxtpx:hr></gpxtpx:TrackPointExtension></extensions></trkpt>
      <trkpt lat="59.336466" lon="18.072009"><ele>14</ele><time>2026-09-05T07:37:17.000Z</time><extensions><gpxtpx:TrackPointExtension><gpxtpx:hr>121</gpxtpx:hr></gpxtpx:TrackPointExtension></extensions></trkpt>
      <trkpt lat="59.336449" lon="18.072026"><ele>14</ele><time>2026-09-05T07:37:18.000Z</time><extensions><gpxtpx:TrackPointExtension><gpxtpx:hr>121</gpxtpx:hr></gpxtpx:TrackPointExtension></extensions></trkpt>
      <trkpt lat="59.336433" lon="18.07204"><ele>14</ele><time>2026-09-05T07:37:19.000Z</time><extensions><gpxtpx:TrackPointExtension><gpxtpx:hr>121</gpxtpx:hr></gpxtpx:TrackPointExtension></extensions></trkpt>
      <trkpt lat="59.336418" lon="18.072054"><ele>14</ele><time>2026-09-05T07:37:20.000Z</time><extensions><gpxtpx:TrackPointExtension><gpxtpx:hr>122</gpxtpx:hr></gpxtpx:TrackPointExtension></extensions></trkpt>
      <trkpt lat="59.336403" lon="18.072067"><ele>14.2</ele><time>2026-09-05T07:37:21.000Z</time><extensions><gpxtpx:TrackPointExtension><gpxtpx:hr>122</gpxtpx:hr></gpxtpx:TrackPointExtension></extensions></trkpt>
      <trkpt lat="59.336388" lon="18.072079"><ele>14.2</ele><time>2026-09-05T07:37:22.000Z</time><extensions><gpxtpx:TrackPointExtension><gpxtpx:hr>122</gpxtpx:hr></gpxtpx:TrackPointExtension></extensions></trkpt>
      <trkpt lat="59.336374" lon="18.07209"><ele>14.2</ele><time>2026-09-05T07:37:23.000Z</time><extensions><gpxtpx:TrackPointExtension><gpxtpx:hr>122</gpxtpx:hr></gpxtpx:TrackPointExtension></extensions></trkpt>
      <trkpt lat="59.336361" lon="18.072101"><ele>14.2</ele><time>2026-09-05T07:37:24.000Z</time><extensions><gpxtpx:TrackPointExtension><gpxtpx:hr>122</gpxtpx:hr></gpxtpx:TrackPointExtension></extensions></trkpt>
      <trkpt lat="59.336349" lon="18.07211"><ele>14.2</ele><time>2026-09-05T07:37:25.000Z</time><extensions><gpxtpx:TrackPointExtension><gpxtpx:hr>122</gpxtpx:hr></gpxtpx:TrackPointExtension></extensions></trkpt>
      <trkpt lat="59.336338" lon="18.072119"><ele>14.2</ele><time>2026-09-05T07:37:26.000Z</time><extensions><gpxtpx:TrackPointExtension><gpxtpx:hr>122</gpxtpx:hr></gpxtpx:TrackPointExtension></extensions></trkpt>
      <trkpt lat="59.336328" lon="18.072128"><ele>14.2</ele><time>2026-09-05T07:37:27.000Z</time><extensions><gpxtpx:TrackPointExtension><gpxtpx:hr>122</gpxtpx:hr></gpxtpx:TrackPointExtension></extensions></trkpt>
      <trkpt lat="59.336318" lon="18.072137"><ele>14.4</ele><time>2026-09-05T07:37:28.000Z</time><extensions><gpxtpx:TrackPointExtension><gpxtpx:hr>121</gpxtpx:hr></gpxtpx:TrackPointExtension></extensions></trkpt>
      <trkpt lat="59.336309" lon="18.072145"><ele>14.4</ele><time>2026-09-05T07:37:29.000Z</time><extensions><gpxtpx:TrackPointExtension><gpxtpx:hr>121</gpxtpx:hr></gpxtpx:TrackPointExtension></extensions></trkpt>
      <trkpt lat="59.336249" lon="18.072219"><ele>14.6</ele><time>2026-09-05T07:37:35.000Z</time><extensions><gpxtpx:TrackPointExtension><gpxtpx:hr>121</gpxtpx:hr></gpxtpx:TrackPointExtension></extensions></trkpt>
      <trkpt lat="59.336236" lon="18.072238"><ele>14.6</ele><time>2026-09-05T07:37:36.000Z</time><extensions><gpxtpx:TrackPointExtension><gpxtpx:hr>116</gpxtpx:hr></gpxtpx:TrackPointExtension></extensions></trkpt>
      <trkpt lat="59.336223" lon="18.072258"><ele>14.6</ele><time>2026-09-05T07:37:37.000Z</time><extensions><gpxtpx:TrackPointExtension><gpxtpx:hr>116</gpxtpx:hr></gpxtpx:TrackPointExtension></extensions></trkpt>
      <trkpt lat="59.336208" lon="18.07228"><ele>14.6</ele><time>2026-09-05T07:37:38.000Z</time><extensions><gpxtpx:TrackPointExtension><gpxtpx:hr>116</gpxtpx:hr></gpxtpx:TrackPointExtension></extensions></trkpt>
      <trkpt lat="59.336193" lon="18.072305"><ele>14.6</ele><time>2026-09-05T07:37:39.000Z</time><extensions><gpxtpx:TrackPointExtension><gpxtpx:hr>115</gpxtpx:hr></gpxtpx:TrackPointExtension></extensions></trkpt>
      <trkpt lat="59.336177" lon="18.072332"><ele>14.6</ele><time>2026-09-05T07:37:40.000Z</time><extensions><gpxtpx:TrackPointExtension><gpxtpx:hr>115</gpxtpx:hr></gpxtpx:TrackPointExtension></extensions></trkpt>
      <trkpt lat="59.33616" lon="18.07236"><ele>14.8</ele><time>2026-09-05T07:37:41.000Z</time><extensions><gpxtpx:TrackPointExtension><gpxtpx:hr>115</gpxtpx:hr></gpxtpx:TrackPointExtension></extensions></trkpt>
      <trkpt lat="59.336142" lon="18.072389"><ele>14.8</ele><time>2026-09-05T07:37:42.000Z</time><extensions><gpxtpx:TrackPointExtension><gpxtpx:hr>115</gpxtpx:hr></gpxtpx:TrackPointExtension></extensions></trkpt>
      <trkpt lat="59.336123" lon="18.072418"><ele>14.8</ele><time>2026-09-05T07:37:43.000Z</time><extensions><gpxtpx:TrackPointExtension><gpxtpx:hr>115</gpxtpx:hr></gpxtpx:TrackPointExtension></extensions></trkpt>
      <trkpt lat="59.336104" lon="18.072448"><ele>14.8</ele><time>2026-09-05T07:37:44.000Z</time><extensions><gpxtpx:TrackPointExtension><gpxtpx:hr>115</gpxtpx:hr></gpxtpx:TrackPointExtension></extensions></trkpt>
      <trkpt lat="59.336085" lon="18.072478"><ele>14.8</ele><time>2026-09-05T07:37:45.000Z</time><extensions><gpxtpx:TrackPointExtension><gpxtpx:hr>115</gpxtpx:hr></gpxtpx:TrackPointExtension></extensions></trkpt>
      <trkpt lat="59.336066" lon="18.072508"><ele>15</ele><time>2026-09-05T07:37:46.000Z</time><extensions><gpxtpx:TrackPointExtension><gpxtpx:hr>115</gpxtpx:hr></gpxtpx:TrackPointExtension></extensions></trkpt>
      <trkpt lat="59.336047" lon="18.072538"><ele>15</ele><time>2026-09-05T07:37:47.000Z</time><extensions><gpxtpx:TrackPointExtension><gpxtpx:hr>118</gpxtpx:hr></gpxtpx:TrackPointExtension></extensions></trkpt>
      <trkpt lat="59.336028" lon="18.072568"><ele>15</ele><time>2026-09-05T07:37:48.000Z</time><extensions><gpxtpx:TrackPointExtension><gpxtpx:hr>118</gpxtpx:hr></gpxtpx:TrackPointExtension></extensions></trkpt>
      <trkpt lat="59.336008" lon="18.072598"><ele>15</ele><time>2026-09-05T07:37:49.000Z</time><extensions><gpxtpx:TrackPointExtension><gpxtpx:hr>118</gpxtpx:hr></gpxtpx:TrackPointExtension></extensions></trkpt>
      <trkpt lat="59.335989" lon="18.072628"><ele>15</ele><time>2026-09-05T07:37:50.000Z</time><extensions><gpxtpx:TrackPointExtension><gpxtpx:hr>118</gpxtpx:hr></gpxtpx:TrackPointExtension></extensions></trkpt>
      <trkpt lat="59.335968" lon="18.072654"><ele>15.2</ele><time>2026-09-05T07:37:51.000Z</time><extensions><gpxtpx:TrackPointExtension><gpxtpx:hr>118</gpxtpx:hr></gpxtpx:TrackPointExtension></extensions></trkpt>
      <trkpt lat="59.335945" lon="18.072675"><ele>15.2</ele><time>2026-09-05T07:37:52.000Z</time><extensions><gpxtpx:TrackPointExtension><gpxtpx:hr>120</gpxtpx:hr></gpxtpx:TrackPointExtension></extensions></trkpt>
      <trkpt lat="59.33592" lon="18.072692"><ele>15.2</ele><time>2026-09-05T07:37:53.000Z</time><extensions><gpxtpx:TrackPointExtension><gpxtpx:hr>120</gpxtpx:hr></gpxtpx:TrackPointExtension></extensions></trkpt>
      <trkpt lat="59.335895" lon="18.072705"><ele>15.2</ele><time>2026-09-05T07:37:54.000Z</time><extensions><gpxtpx:TrackPointExtension><gpxtpx:hr>121</gpxtpx:hr></gpxtpx:TrackPointExtension></extensions></trkpt>
      <trkpt lat="59.33587" lon="18.072716"><ele>15.4</ele><time>2026-09-05T07:37:55.000Z</time><extensions><gpxtpx:TrackPointExtension><gpxtpx:hr>121</gpxtpx:hr></gpxtpx:TrackPointExtension></extensions></trkpt>
      <trkpt lat="59.335845" lon="18.072728"><ele>15.4</ele><time>2026-09-05T07:37:56.000Z</time><extensions><gpxtpx:TrackPointExtension><gpxtpx:hr>121</gpxtpx:hr></gpxtpx:TrackPointExtension></extensions></trkpt>
      <trkpt lat="59.335819" lon="18.072739"><ele>15.4</ele><time>2026-09-05T07:37:57.000Z</time><extensions><gpxtpx:TrackPointExtension><gpxtpx:hr>121</gpxtpx:hr></gpxtpx:TrackPointExtension></extensions></trkpt>
      <trkpt lat="59.335794" lon="18.07275"><ele>15.4</ele><time>2026-09-05T07:37:58.000Z</time><extensions><gpxtpx:TrackPointExtension><gpxtpx:hr>121</gpxtpx:hr></gpxtpx:TrackPointExtension></extensions></trkpt>
      <trkpt lat="59.335769" lon="18.072762"><ele>15.4</ele><time>2026-09-05T07:37:59.000Z</time><extensions><gpxtpx:TrackPointExtension><gpxtpx:hr>121</gpxtpx:hr></gpxtpx:TrackPointExtension></extensions></trkpt>
      <trkpt lat="59.335744" lon="18.072774"><ele>15.6</ele><time>2026-09-05T07:38:00.000Z</time><extensions><gpxtpx:TrackPointExtension><gpxtpx:hr>121</gpxtpx:hr></gpxtpx:TrackPointExtension></extensions></trkpt>
      <trkpt lat="59.335719" lon="18.072786"><ele>15.6</ele><time>2026-09-05T07:38:01.000Z</time><extensions><gpxtpx:TrackPointExtension><gpxtpx:hr>121</gpxtpx:hr></gpxtpx:TrackPointExtension></extensions></trkpt>
      <trkpt lat="59.335694" lon="18.072799"><ele>15.6</ele><time>2026-09-05T07:38:02.000Z</time><extensions><gpxtpx:TrackPointExtension><gpxtpx:hr>121</gpxtpx:hr></gpxtpx:TrackPointExtension></extensions></trkpt>
      <trkpt lat="59.33567" lon="18.072812"><ele>15.6</ele><time>2026-09-05T07:38:03.000Z</time><extensions><gpxtpx:TrackPointExtension><gpxtpx:hr>123</gpxtpx:hr></gpxtpx:TrackPointExtension></extensions></trkpt>
      <trkpt lat="59.335646" lon="18.072826"><ele>15.6</ele><time>2026-09-05T07:38:04.000Z</time><extensions><gpxtpx:TrackPointExtension><gpxtpx:hr>123</gpxtpx:hr></gpxtpx:TrackPointExtension></extensions></trkpt>
      <trkpt lat="59.335622" lon="18.072841"><ele>15.8</ele><time>2026-09-05T07:38:05.000Z</time><extensions><gpxtpx:TrackPointExtension><gpxtpx:hr>123</gpxtpx:hr></gpxtpx:TrackPointExtension></extensions></trkpt>
      <trkpt lat="59.335598" lon="18.072856"><ele>15.8</ele><time>2026-09-05T07:38:06.000Z</time><extensions><gpxtpx:TrackPointExtension><gpxtpx:hr>124</gpxtpx:hr></gpxtpx:TrackPointExtension></extensions></trkpt>
      <trkpt lat="59.335576" lon="18.072872"><ele>15.8</ele><time>2026-09-05T07:38:07.000Z</time><extensions><gpxtpx:TrackPointExtension><gpxtpx:hr>124</gpxtpx:hr></gpxtpx:TrackPointExtension></extensions></trkpt>
      <trkpt lat="59.335554" lon="18.072892"><ele>15.8</ele><time>2026-09-05T07:38:08.000Z</time><extensions><gpxtpx:TrackPointExtension><gpxtpx:hr>124</gpxtpx:hr></gpxtpx:TrackPointExtension></extensions></trkpt>
      <trkpt lat="59.335533" lon="18.072914"><ele>15.8</ele><time>2026-09-05T07:38:09.000Z</time><extensions><gpxtpx:TrackPointExtension><gpxtpx:hr>125</gpxtpx:hr></gpxtpx:TrackPointExtension></extensions></trkpt>
      <trkpt lat="59.335513" lon="18.072936"><ele>15.8</ele><time>2026-09-05T07:38:10.000Z</time><extensions><gpxtpx:TrackPointExtension><gpxtpx:hr>125</gpxtpx:hr></gpxtpx:TrackPointExtension></extensions></trkpt>
      <trkpt lat="59.335492" lon="18.072959"><ele>15.8</ele><time>2026-09-05T07:38:11.000Z</time><extensions><gpxtpx:TrackPointExtension><gpxtpx:hr>125</gpxtpx:hr></gpxtpx:TrackPointExtension></extensions></trkpt>
      <trkpt lat="59.335471" lon="18.072982"><ele>15.8</ele><time>2026-09-05T07:38:12.000Z</time><extensions><gpxtpx:TrackPointExtension><gpxtpx:hr>125</gpxtpx:hr></gpxtpx:TrackPointExtension></extensions></trkpt>
      <trkpt lat="59.33545" lon="18.073006"><ele>15.8</ele><time>2026-09-05T07:38:13.000Z</time><extensions><gpxtpx:TrackPointExtension><gpxtpx:hr>125</gpxtpx:hr></gpxtpx:TrackPointExtension></extensions></trkpt>
      <trkpt lat="59.335428" lon="18.073031"><ele>15.8</ele><time>2026-09-05T07:38:14.000Z</time><extensions><gpxtpx:TrackPointExtension><gpxtpx:hr>125</gpxtpx:hr></gpxtpx:TrackPointExtension></extensions></trkpt>
      <trkpt lat="59.335407" lon="18.073056"><ele>15.8</ele><time>2026-09-05T07:38:15.000Z</time><extensions><gpxtpx:TrackPointExtension><gpxtpx:hr>125</gpxtpx:hr></gpxtpx:TrackPointExtension></extensions></trkpt>
      <trkpt lat="59.335386" lon="18.073082"><ele>15.8</ele><time>2026-09-05T07:38:16.000Z</time><extensions><gpxtpx:TrackPointExtension><gpxtpx:hr>125</gpxtpx:hr></gpxtpx:TrackPointExtension></extensions></trkpt>
      <trkpt lat="59.335365" lon="18.073107"><ele>15.8</ele><time>2026-09-05T07:38:17.000Z</time><extensions><gpxtpx:TrackPointExtension><gpxtpx:hr>127</gpxtpx:hr></gpxtpx:TrackPointExtension></extensions></trkpt>
      <trkpt lat="59.335344" lon="18.073132"><ele>15.8</ele><time>2026-09-05T07:38:18.000Z</time><extensions><gpxtpx:TrackPointExtension><gpxtpx:hr>127</gpxtpx:hr></gpxtpx:TrackPointExtension></extensions></trkpt>
      <trkpt lat="59.335324" lon="18.073158"><ele>15.8</ele><time>2026-09-05T07:38:19.000Z</time><extensions><gpxtpx:TrackPointExtension><gpxtpx:hr>127</gpxtpx:hr></gpxtpx:TrackPointExtension></extensions></trkpt>
      <trkpt lat="59.335304" lon="18.073182"><ele>15.8</ele><time>2026-09-05T07:38:20.000Z</time><extensions><gpxtpx:TrackPointExtension><gpxtpx:hr>127</gpxtpx:hr></gpxtpx:TrackPointExtension></extensions></trkpt>
      <trkpt lat="59.335285" lon="18.073206"><ele>15.8</ele><time>2026-09-05T07:38:21.000Z</time><extensions><gpxtpx:TrackPointExtension><gpxtpx:hr>127</gpxtpx:hr></gpxtpx:TrackPointExtension></extensions></trkpt>
      <trkpt lat="59.335267" lon="18.07323"><ele>15.8</ele><time>2026-09-05T07:38:22.000Z</time><extensions><gpxtpx:TrackPointExtension><gpxtpx:hr>127</gpxtpx:hr></gpxtpx:TrackPointExtension></extensions></trkpt>
      <trkpt lat="59.335248" lon="18.073253"><ele>15.6</ele><time>2026-09-05T07:38:23.000Z</time><extensions><gpxtpx:TrackPointExtension><gpxtpx:hr>127</gpxtpx:hr></gpxtpx:TrackPointExtension></extensions></trkpt>
      <trkpt lat="59.335231" lon="18.073276"><ele>15.6</ele><time>2026-09-05T07:38:24.000Z</time><extensions><gpxtpx:TrackPointExtension><gpxtpx:hr>128</gpxtpx:hr></gpxtpx:TrackPointExtension></extensions></trkpt>
      <trkpt lat="59.335214" lon="18.073299"><ele>15.6</ele><time>2026-09-05T07:38:25.000Z</time><extensions><gpxtpx:TrackPointExtension><gpxtpx:hr>128</gpxtpx:hr></gpxtpx:TrackPointExtension></extensions></trkpt>
      <trkpt lat="59.335196" lon="18.073321"><ele>15.6</ele><time>2026-09-05T07:38:26.000Z</time><extensions><gpxtpx:TrackPointExtension><gpxtpx:hr>128</gpxtpx:hr></gpxtpx:TrackPointExtension></extensions></trkpt>
      <trkpt lat="59.335178" lon="18.073344"><ele>15.4</ele><time>2026-09-05T07:38:27.000Z</time><extensions><gpxtpx:TrackPointExtension><gpxtpx:hr>128</gpxtpx:hr></gpxtpx:TrackPointExtension></extensions></trkpt>
      <trkpt lat="59.335159" lon="18.073368"><ele>15.4</ele><time>2026-09-05T07:38:28.000Z</time><extensions><gpxtpx:TrackPointExtension><gpxtpx:hr>128</gpxtpx:hr></gpxtpx:TrackPointExtension></extensions></trkpt>
      <trkpt lat="59.33514" lon="18.073392"><ele>15.4</ele><time>2026-09-05T07:38:29.000Z</time><extensions><gpxtpx:TrackPointExtension><gpxtpx:hr>127</gpxtpx:hr></gpxtpx:TrackPointExtension></extensions></trkpt>
      <trkpt lat="59.335121" lon="18.073416"><ele>15.4</ele><time>2026-09-05T07:38:30.000Z</time><extensions><gpxtpx:TrackPointExtension><gpxtpx:hr>127</gpxtpx:hr></gpxtpx:TrackPointExtension></extensions></trkpt>
      <trkpt lat="59.335102" lon="18.073439"><ele>15.2</ele><time>2026-09-05T07:38:31.000Z</time><extensions><gpxtpx:TrackPointExtension><gpxtpx:hr>127</gpxtpx:hr></gpxtpx:TrackPointExtension></extensions></trkpt>
      <trkpt lat="59.335083" lon="18.073463"><ele>15.2</ele><time>2026-09-05T07:38:32.000Z</time><extensions><gpxtpx:TrackPointExtension><gpxtpx:hr>127</gpxtpx:hr></gpxtpx:TrackPointExtension></extensions></trkpt>
      <trkpt lat="59.335063" lon="18.073486"><ele>15.2</ele><time>2026-09-05T07:38:33.000Z</time><extensions><gpxtpx:TrackPointExtension><gpxtpx:hr>127</gpxtpx:hr></gpxtpx:TrackPointExtension></extensions></trkpt>
      <trkpt lat="59.335044" lon="18.073509"><ele>15</ele><time>2026-09-05T07:38:34.000Z</time><extensions><gpxtpx:TrackPointExtension><gpxtpx:hr>127</gpxtpx:hr></gpxtpx:TrackPointExtension></extensions></trkpt>
      <trkpt lat="59.335024" lon="18.073533"><ele>15</ele><time>2026-09-05T07:38:35.000Z</time><extensions><gpxtpx:TrackPointExtension><gpxtpx:hr>127</gpxtpx:hr></gpxtpx:TrackPointExtension></extensions></trkpt>
      <trkpt lat="59.335003" lon="18.073558"><ele>14.8</ele><time>2026-09-05T07:38:36.000Z</time><extensions><gpxtpx:TrackPointExtension><gpxtpx:hr>127</gpxtpx:hr></gpxtpx:TrackPointExtension></extensions></trkpt>
      <trkpt lat="59.334982" lon="18.073582"><ele>14.8</ele><time>2026-09-05T07:38:37.000Z</time><extensions><gpxtpx:TrackPointExtension><gpxtpx:hr>127</gpxtpx:hr></gpxtpx:TrackPointExtension></extensions></trkpt>
      <trkpt lat="59.334961" lon="18.073607"><ele>14.8</ele><time>2026-09-05T07:38:38.000Z</time><extensions><gpxtpx:TrackPointExtension><gpxtpx:hr>127</gpxtpx:hr></gpxtpx:TrackPointExtension></extensions></trkpt>
      <trkpt lat="59.33494" lon="18.073632"><ele>14.6</ele><time>2026-09-05T07:38:39.000Z</time><extensions><gpxtpx:TrackPointExtension><gpxtpx:hr>129</gpxtpx:hr></gpxtpx:TrackPointExtension></extensions></trkpt>
      <trkpt lat="59.334918" lon="18.073656"><ele>14.6</ele><time>2026-09-05T07:38:40.000Z</time><extensions><gpxtpx:TrackPointExtension><gpxtpx:hr>129</gpxtpx:hr></gpxtpx:TrackPointExtension></extensions></trkpt>
      <trkpt lat="59.334897" lon="18.073681"><ele>14.4</ele><time>2026-09-05T07:38:41.000Z</time><extensions><gpxtpx:TrackPointExtension><gpxtpx:hr>129</gpxtpx:hr></gpxtpx:TrackPointExtension></extensions></trkpt>
      <trkpt lat="59.334875" lon="18.073706"><ele>14.4</ele><time>2026-09-05T07:38:42.000Z</time><extensions><gpxtpx:TrackPointExtension><gpxtpx:hr>129</gpxtpx:hr></gpxtpx:TrackPointExtension></extensions></trkpt>
      <trkpt lat="59.334853" lon="18.07373"><ele>14.2</ele><time>2026-09-05T07:38:43.000Z</time><extensions><gpxtpx:TrackPointExtension><gpxtpx:hr>129</gpxtpx:hr></gpxtpx:TrackPointExtension></extensions></trkpt>
      <trkpt lat="59.334831" lon="18.073755"><ele>14.2</ele><time>2026-09-05T07:38:44.000Z</time><extensions><gpxtpx:TrackPointExtension><gpxtpx:hr>129</gpxtpx:hr></gpxtpx:TrackPointExtension></extensions></trkpt>
      <trkpt lat="59.33481" lon="18.073779"><ele>14.2</ele><time>2026-09-05T07:38:45.000Z</time><extensions><gpxtpx:TrackPointExtension><gpxtpx:hr>129</gpxtpx:hr></gpxtpx:TrackPointExtension></extensions></trkpt>
      <trkpt lat="59.334788" lon="18.073803"><ele>14</ele><time>2026-09-05T07:38:46.000Z</time><extensions><gpxtpx:TrackPointExtension><gpxtpx:hr>129</gpxtpx:hr></gpxtpx:TrackPointExtension></extensions></trkpt>
      <trkpt lat="59.334767" lon="18.073826"><ele>14</ele><time>2026-09-05T07:38:47.000Z</time><extensions><gpxtpx:TrackPointExtension><gpxtpx:hr>129</gpxtpx:hr></gpxtpx:TrackPointExtension></extensions></trkpt>
      <trkpt lat="59.334745" lon="18.073849"><ele>13.8</ele><time>2026-09-05T07:38:48.000Z</time><extensions><gpxtpx:TrackPointExtension><gpxtpx:hr>128</gpxtpx:hr></gpxtpx:TrackPointExtension></extensions></trkpt>
      <trkpt lat="59.334723" lon="18.073871"><ele>13.8</ele><time>2026-09-05T07:38:49.000Z</time><extensions><gpxtpx:TrackPointExtension><gpxtpx:hr>128</gpxtpx:hr></gpxtpx:TrackPointExtension></extensions></trkpt>
      <trkpt lat="59.334699" lon="18.073891"><ele>13.8</ele><time>2026-09-05T07:38:50.000Z</time><extensions><gpxtpx:TrackPointExtension><gpxtpx:hr>128</gpxtpx:hr></gpxtpx:TrackPointExtension></extensions></trkpt>
      <trkpt lat="59.334676" lon="18.07391"><ele>13.6</ele><time>2026-09-05T07:38:51.000Z</time><extensions><gpxtpx:TrackPointExtension><gpxtpx:hr>128</gpxtpx:hr></gpxtpx:TrackPointExtension></extensions></trkpt>
      <trkpt lat="59.334654" lon="18.07393"><ele>13.6</ele><time>2026-09-05T07:38:52.000Z</time><extensions><gpxtpx:TrackPointExtension><gpxtpx:hr>128</gpxtpx:hr></gpxtpx:TrackPointExtension></extensions></trkpt>
      <trkpt lat="59.334631" lon="18.07395"><ele>13.4</ele><time>2026-09-05T07:38:53.000Z</time><extensions><gpxtpx:TrackPointExtension><gpxtpx:hr>130</gpxtpx:hr></gpxtpx:TrackPointExtension></extensions></trkpt>
      <trkpt lat="59.334609" lon="18.073971"><ele>13.4</ele><time>2026-09-05T07:38:54.000Z</time><extensions><gpxtpx:TrackPointExtension><gpxtpx:hr>132</gpxtpx:hr></gpxtpx:TrackPointExtension></extensions></trkpt>
      <trkpt lat="59.334587" lon="18.073992"><ele>13.2</ele><time>2026-09-05T07:38:55.000Z</time><extensions><gpxtpx:TrackPointExtension><gpxtpx:hr>132</gpxtpx:hr></gpxtpx:TrackPointExtension></extensions></trkpt>
      <trkpt lat="59.334566" lon="18.074012"><ele>13.2</ele><time>2026-09-05T07:38:56.000Z</time><extensions><gpxtpx:TrackPointExtension><gpxtpx:hr>132</gpxtpx:hr></gpxtpx:TrackPointExtension></extensions></trkpt>
      <trkpt lat="59.334546" lon="18.074031"><ele>13.2</ele><time>2026-09-05T07:38:57.000Z</time><extensions><gpxtpx:TrackPointExtension><gpxtpx:hr>132</gpxtpx:hr></gpxtpx:TrackPointExtension></extensions></trkpt>
      <trkpt lat="59.334527" lon="18.074051"><ele>13</ele><time>2026-09-05T07:38:58.000Z</time><extensions><gpxtpx:TrackPointExtension><gpxtpx:hr>132</gpxtpx:hr></gpxtpx:TrackPointExtension></extensions></trkpt>
      <trkpt lat="59.334508" lon="18.07407"><ele>13</ele><time>2026-09-05T07:38:59.000Z</time><extensions><gpxtpx:TrackPointExtension><gpxtpx:hr>132</gpxtpx:hr></gpxtpx:TrackPointExtension></extensions></trkpt>
      <trkpt lat="59.334489" lon="18.074091"><ele>12.8</ele><time>2026-09-05T07:39:00.000Z</time><extensions><gpxtpx:TrackPointExtension><gpxtpx:hr>131</gpxtpx:hr></gpxtpx:TrackPointExtension></extensions></trkpt>
      <trkpt lat="59.334469" lon="18.074112"><ele>12.8</ele><time>2026-09-05T07:39:01.000Z</time><extensions><gpxtpx:TrackPointExtension><gpxtpx:hr>131</gpxtpx:hr></gpxtpx:TrackPointExtension></extensions></trkpt>
      <trkpt lat="59.334448" lon="18.074136"><ele>12.8</ele><time>2026-09-05T07:39:02.000Z</time><extensions><gpxtpx:TrackPointExtension><gpxtpx:hr>131</gpxtpx:hr></gpxtpx:TrackPointExtension></extensions></trkpt>
      <trkpt lat="59.334426" lon="18.074161"><ele>12.6</ele><time>2026-09-05T07:39:03.000Z</time><extensions><gpxtpx:TrackPointExtension><gpxtpx:hr>131</gpxtpx:hr></gpxtpx:TrackPointExtension></extensions></trkpt>
      <trkpt lat="59.334403" lon="18.074186"><ele>12.6</ele><time>2026-09-05T07:39:04.000Z</time><extensions><gpxtpx:TrackPointExtension><gpxtpx:hr>131</gpxtpx:hr></gpxtpx:TrackPointExtension></extensions></trkpt>
      <trkpt lat="59.334382" lon="18.074211"><ele>12.6</ele><time>2026-09-05T07:39:05.000Z</time><extensions><gpxtpx:TrackPointExtension><gpxtpx:hr>131</gpxtpx:hr></gpxtpx:TrackPointExtension></extensions></trkpt>
      <trkpt lat="59.334363" lon="18.074234"><ele>12.4</ele><time>2026-09-05T07:39:06.000Z</time><extensions><gpxtpx:TrackPointExtension><gpxtpx:hr>131</gpxtpx:hr></gpxtpx:TrackPointExtension></extensions></trkpt>
      <trkpt lat="59.334345" lon="18.074257"><ele>12.4</ele><time>2026-09-05T07:39:07.000Z</time><extensions><gpxtpx:TrackPointExtension><gpxtpx:hr>130</gpxtpx:hr></gpxtpx:TrackPointExtension></extensions></trkpt>
      <trkpt lat="59.334327" lon="18.07428"><ele>12.4</ele><time>2026-09-05T07:39:08.000Z</time><extensions><gpxtpx:TrackPointExtension><gpxtpx:hr>130</gpxtpx:hr></gpxtpx:TrackPointExtension></extensions></trkpt>
      <trkpt lat="59.334308" lon="18.074305"><ele>12.2</ele><time>2026-09-05T07:39:09.000Z</time><extensions><gpxtpx:TrackPointExtension><gpxtpx:hr>130</gpxtpx:hr></gpxtpx:TrackPointExtension></extensions></trkpt>
      <trkpt lat="59.334288" lon="18.074331"><ele>12.2</ele><time>2026-09-05T07:39:10.000Z</time><extensions><gpxtpx:TrackPointExtension><gpxtpx:hr>130</gpxtpx:hr></gpxtpx:TrackPointExtension></extensions></trkpt>
      <trkpt lat="59.334267" lon="18.074358"><ele>12.2</ele><time>2026-09-05T07:39:11.000Z</time><extensions><gpxtpx:TrackPointExtension><gpxtpx:hr>130</gpxtpx:hr></gpxtpx:TrackPointExtension></extensions></trkpt>
      <trkpt lat="59.334246" lon="18.074385"><ele>12.2</ele><time>2026-09-05T07:39:12.000Z</time><extensions><gpxtpx:TrackPointExtension><gpxtpx:hr>130</gpxtpx:hr></gpxtpx:TrackPointExtension></extensions></trkpt>
      <trkpt lat="59.334225" lon="18.074412"><ele>12</ele><time>2026-09-05T07:39:13.000Z</time><extensions><gpxtpx:TrackPointExtension><gpxtpx:hr>131</gpxtpx:hr></gpxtpx:TrackPointExtension></extensions></trkpt>
      <trkpt lat="59.334203" lon="18.074438"><ele>12</ele><time>2026-09-05T07:39:14.000Z</time><extensions><gpxtpx:TrackPointExtension><gpxtpx:hr>130</gpxtpx:hr></gpxtpx:TrackPointExtension></extensions></trkpt>
      <trkpt lat="59.334182" lon="18.074464"><ele>12</ele><time>2026-09-05T07:39:15.000Z</time><extensions><gpxtpx:TrackPointExtension><gpxtpx:hr>130</gpxtpx:hr></gpxtpx:TrackPointExtension></extensions></trkpt>
      <trkpt lat="59.334162" lon="18.07449"><ele>11.8</ele><time>2026-09-05T07:39:16.000Z</time><extensions><gpxtpx:TrackPointExtension><gpxtpx:hr>130</gpxtpx:hr></gpxtpx:TrackPointExtension></extensions></trkpt>
      <trkpt lat="59.334141" lon="18.074514"><ele>11.8</ele><time>2026-09-05T07:39:17.000Z</time><extensions><gpxtpx:TrackPointExtension><gpxtpx:hr>130</gpxtpx:hr></gpxtpx:TrackPointExtension></extensions></trkpt>
      <trkpt lat="59.334121" lon="18.074538"><ele>11.8</ele><time>2026-09-05T07:39:18.000Z</time><extensions><gpxtpx:TrackPointExtension><gpxtpx:hr>130</gpxtpx:hr></gpxtpx:TrackPointExtension></extensions></trkpt>
      <trkpt lat="59.334102" lon="18.074561"><ele>11.6</ele><time>2026-09-05T07:39:19.000Z</time><extensions><gpxtpx:TrackPointExtension><gpxtpx:hr>130</gpxtpx:hr></gpxtpx:TrackPointExtension></extensions></trkpt>
      <trkpt lat="59.334082" lon="18.074584"><ele>11.6</ele><time>2026-09-05T07:39:20.000Z</time><extensions><gpxtpx:TrackPointExtension><gpxtpx:hr>131</gpxtpx:hr></gpxtpx:TrackPointExtension></extensions></trkpt>
      <trkpt lat="59.334062" lon="18.074607"><ele>11.6</ele><time>2026-09-05T07:39:21.000Z</time><extensions><gpxtpx:TrackPointExtension><gpxtpx:hr>131</gpxtpx:hr></gpxtpx:TrackPointExtension></extensions></trkpt>
      <trkpt lat="59.334042" lon="18.07463"><ele>11.4</ele><time>2026-09-05T07:39:22.000Z</time><extensions><gpxtpx:TrackPointExtension><gpxtpx:hr>131</gpxtpx:hr></gpxtpx:TrackPointExtension></extensions></trkpt>
      <trkpt lat="59.334022" lon="18.074653"><ele>11.4</ele><time>2026-09-05T07:39:23.000Z</time><extensions><gpxtpx:TrackPointExtension><gpxtpx:hr>131</gpxtpx:hr></gpxtpx:TrackPointExtension></extensions></trkpt>
      <trkpt lat="59.334001" lon="18.074675"><ele>11.4</ele><time>2026-09-05T07:39:24.000Z</time><extensions><gpxtpx:TrackPointExtension><gpxtpx:hr>131</gpxtpx:hr></gpxtpx:TrackPointExtension></extensions></trkpt>
      <trkpt lat="59.333981" lon="18.074698"><ele>11.2</ele><time>2026-09-05T07:39:25.000Z</time><extensions><gpxtpx:TrackPointExtension><gpxtpx:hr>131</gpxtpx:hr></gpxtpx:TrackPointExtension></extensions></trkpt>
      <trkpt lat="59.33396" lon="18.074721"><ele>11.2</ele><time>2026-09-05T07:39:26.000Z</time><extensions><gpxtpx:TrackPointExtension><gpxtpx:hr>131</gpxtpx:hr></gpxtpx:TrackPointExtension></extensions></trkpt>
      <trkpt lat="59.333939" lon="18.074743"><ele>11.2</ele><time>2026-09-05T07:39:27.000Z</time><extensions><gpxtpx:TrackPointExtension><gpxtpx:hr>131</gpxtpx:hr></gpxtpx:TrackPointExtension></extensions></trkpt>
      <trkpt lat="59.333919" lon="18.074765"><ele>11.2</ele><time>2026-09-05T07:39:28.000Z</time><extensions><gpxtpx:TrackPointExtension><gpxtpx:hr>131</gpxtpx:hr></gpxtpx:TrackPointExtension></extensions></trkpt>
      <trkpt lat="59.333898" lon="18.074786"><ele>11</ele><time>2026-09-05T07:39:29.000Z</time><extensions><gpxtpx:TrackPointExtension><gpxtpx:hr>131</gpxtpx:hr></gpxtpx:TrackPointExtension></extensions></trkpt>
      <trkpt lat="59.333878" lon="18.074808"><ele>11</ele><time>2026-09-05T07:39:30.000Z</time><extensions><gpxtpx:TrackPointExtension><gpxtpx:hr>131</gpxtpx:hr></gpxtpx:TrackPointExtension></extensions></trkpt>
      <trkpt lat="59.333857" lon="18.074829"><ele>11</ele><time>2026-09-05T07:39:31.000Z</time><extensions><gpxtpx:TrackPointExtension><gpxtpx:hr>131</gpxtpx:hr></gpxtpx:TrackPointExtension></extensions></trkpt>
      <trkpt lat="59.333837" lon="18.074849"><ele>10.8</ele><time>2026-09-05T07:39:32.000Z</time><extensions><gpxtpx:TrackPointExtension><gpxtpx:hr>131</gpxtpx:hr></gpxtpx:TrackPointExtension></extensions></trkpt>
      <trkpt lat="59.333817" lon="18.074869"><ele>10.8</ele><time>2026-09-05T07:39:33.000Z</time><extensions><gpxtpx:TrackPointExtension><gpxtpx:hr>133</gpxtpx:hr></gpxtpx:TrackPointExtension></extensions></trkpt>
      <trkpt lat="59.333797" lon="18.074889"><ele>10.8</ele><time>2026-09-05T07:39:34.000Z</time><extensions><gpxtpx:TrackPointExtension><gpxtpx:hr>133</gpxtpx:hr></gpxtpx:TrackPointExtension></extensions></trkpt>
      <trkpt lat="59.333778" lon="18.074909"><ele>10.6</ele><time>2026-09-05T07:39:35.000Z</time><extensions><gpxtpx:TrackPointExtension><gpxtpx:hr>133</gpxtpx:hr></gpxtpx:TrackPointExtension></extensions></trkpt>
      <trkpt lat="59.333757" lon="18.07493"><ele>10.6</ele><time>2026-09-05T07:39:36.000Z</time><extensions><gpxtpx:TrackPointExtension><gpxtpx:hr>133</gpxtpx:hr></gpxtpx:TrackPointExtension></extensions></trkpt>
      <trkpt lat="59.333737" lon="18.074952"><ele>10.6</ele><time>2026-09-05T07:39:37.000Z</time><extensions><gpxtpx:TrackPointExtension><gpxtpx:hr>132</gpxtpx:hr></gpxtpx:TrackPointExtension></extensions></trkpt>
      <trkpt lat="59.333716" lon="18.074976"><ele>10.4</ele><time>2026-09-05T07:39:38.000Z</time><extensions><gpxtpx:TrackPointExtension><gpxtpx:hr>132</gpxtpx:hr></gpxtpx:TrackPointExtension></extensions></trkpt>
      <trkpt lat="59.333694" lon="18.075001"><ele>10.4</ele><time>2026-09-05T07:39:39.000Z</time><extensions><gpxtpx:TrackPointExtension><gpxtpx:hr>132</gpxtpx:hr></gpxtpx:TrackPointExtension></extensions></trkpt>
      <trkpt lat="59.333673" lon="18.075027"><ele>10.4</ele><time>2026-09-05T07:39:40.000Z</time><extensions><gpxtpx:TrackPointExtension><gpxtpx:hr>132</gpxtpx:hr></gpxtpx:TrackPointExtension></extensions></trkpt>
      <trkpt lat="59.333651" lon="18.075054"><ele>10.4</ele><time>2026-09-05T07:39:41.000Z</time><extensions><gpxtpx:TrackPointExtension><gpxtpx:hr>129</gpxtpx:hr></gpxtpx:TrackPointExtension></extensions></trkpt>
      <trkpt lat="59.33363" lon="18.075081"><ele>10.2</ele><time>2026-09-05T07:39:42.000Z</time><extensions><gpxtpx:TrackPointExtension><gpxtpx:hr>129</gpxtpx:hr></gpxtpx:TrackPointExtension></extensions></trkpt>
      <trkpt lat="59.333608" lon="18.075108"><ele>10.2</ele><time>2026-09-05T07:39:43.000Z</time><extensions><gpxtpx:TrackPointExtension><gpxtpx:hr>129</gpxtpx:hr></gpxtpx:TrackPointExtension></extensions></trkpt>
      <trkpt lat="59.333587" lon="18.075136"><ele>10</ele><time>2026-09-05T07:39:44.000Z</time><extensions><gpxtpx:TrackPointExtension><gpxtpx:hr>130</gpxtpx:hr></gpxtpx:TrackPointExtension></extensions></trkpt>
      <trkpt lat="59.333565" lon="18.075162"><ele>10</ele><time>2026-09-05T07:39:45.000Z</time><extensions><gpxtpx:TrackPointExtension><gpxtpx:hr>130</gpxtpx:hr></gpxtpx:TrackPointExtension></extensions></trkpt>
      <trkpt lat="59.333544" lon="18.075188"><ele>10</ele><time>2026-09-05T07:39:46.000Z</time><extensions><gpxtpx:TrackPointExtension><gpxtpx:hr>130</gpxtpx:hr></gpxtpx:TrackPointExtension></extensions></trkpt>
      <trkpt lat="59.333523" lon="18.075213"><ele>9.8</ele><time>2026-09-05T07:39:47.000Z</time><extensions><gpxtpx:TrackPointExtension><gpxtpx:hr>130</gpxtpx:hr></gpxtpx:TrackPointExtension></extensions></trkpt>
      <trkpt lat="59.333502" lon="18.075237"><ele>9.8</ele><time>2026-09-05T07:39:48.000Z</time><extensions><gpxtpx:TrackPointExtension><gpxtpx:hr>130</gpxtpx:hr></gpxtpx:TrackPointExtension></extensions></trkpt>
      <trkpt lat="59.333481" lon="18.075262"><ele>9.8</ele><time>2026-09-05T07:39:49.000Z</time><extensions><gpxtpx:TrackPointExtension><gpxtpx:hr>130</gpxtpx:hr></gpxtpx:TrackPointExtension></extensions></trkpt>
      <trkpt lat="59.33346" lon="18.075287"><ele>9.6</ele><time>2026-09-05T07:39:50.000Z</time><extensions><gpxtpx:TrackPointExtension><gpxtpx:hr>130</gpxtpx:hr></gpxtpx:TrackPointExtension></extensions></trkpt>
      <trkpt lat="59.333438" lon="18.075312"><ele>9.6</ele><time>2026-09-05T07:39:51.000Z</time><extensions><gpxtpx:TrackPointExtension><gpxtpx:hr>130</gpxtpx:hr></gpxtpx:TrackPointExtension></extensions></trkpt>
      <trkpt lat="59.333417" lon="18.075337"><ele>9.6</ele><time>2026-09-05T07:39:52.000Z</time><extensions><gpxtpx:TrackPointExtension><gpxtpx:hr>130</gpxtpx:hr></gpxtpx:TrackPointExtension></extensions></trkpt>
      <trkpt lat="59.333395" lon="18.075364"><ele>9.4</ele><time>2026-09-05T07:39:53.000Z</time><extensions><gpxtpx:TrackPointExtension><gpxtpx:hr>130</gpxtpx:hr></gpxtpx:TrackPointExtension></extensions></trkpt>
      <trkpt lat="59.333373" lon="18.07539"><ele>9.4</ele><time>2026-09-05T07:39:54.000Z</time><extensions><gpxtpx:TrackPointExtension><gpxtpx:hr>130</gpxtpx:hr></gpxtpx:TrackPointExtension></extensions></trkpt>
      <trkpt lat="59.333351" lon="18.075418"><ele>9.4</ele><time>2026-09-05T07:39:55.000Z</time><extensions><gpxtpx:TrackPointExtension><gpxtpx:hr>130</gpxtpx:hr></gpxtpx:TrackPointExtension></extensions></trkpt>
      <trkpt lat="59.333329" lon="18.075446"><ele>9.2</ele><time>2026-09-05T07:39:56.000Z</time><extensions><gpxtpx:TrackPointExtension><gpxtpx:hr>130</gpxtpx:hr></gpxtpx:TrackPointExtension></extensions></trkpt>
      <trkpt lat="59.333307" lon="18.075474"><ele>9.2</ele><time>2026-09-05T07:39:57.000Z</time><extensions><gpxtpx:TrackPointExtension><gpxtpx:hr>130</gpxtpx:hr></gpxtpx:TrackPointExtension></extensions></trkpt>
      <trkpt lat="59.333284" lon="18.075503"><ele>9.2</ele><time>2026-09-05T07:39:58.000Z</time><extensions><gpxtpx:TrackPointExtension><gpxtpx:hr>131</gpxtpx:hr></gpxtpx:TrackPointExtension></extensions></trkpt>
      <trkpt lat="59.333261" lon="18.075533"><ele>9</ele><time>2026-09-05T07:39:59.000Z</time><extensions><gpxtpx:TrackPointExtension><gpxtpx:hr>132</gpxtpx:hr></gpxtpx:TrackPointExtension></extensions></trkpt>
      <trkpt lat="59.333239" lon="18.075563"><ele>9</ele><time>2026-09-05T07:40:00.000Z</time><extensions><gpxtpx:TrackPointExtension><gpxtpx:hr>132</gpxtpx:hr></gpxtpx:TrackPointExtension></extensions></trkpt>
      <trkpt lat="59.333218" lon="18.075591"><ele>9</ele><time>2026-09-05T07:40:01.000Z</time><extensions><gpxtpx:TrackPointExtension><gpxtpx:hr>132</gpxtpx:hr></gpxtpx:TrackPointExtension></extensions></trkpt>
      <trkpt lat="59.333197" lon="18.075616"><ele>8.8</ele><time>2026-09-05T07:40:02.000Z</time><extensions><gpxtpx:TrackPointExtension><gpxtpx:hr>132</gpxtpx:hr></gpxtpx:TrackPointExtension></extensions></trkpt>
      <trkpt lat="59.333174" lon="18.075635"><ele>8.8</ele><time>2026-09-05T07:40:03.000Z</time><extensions><gpxtpx:TrackPointExtension><gpxtpx:hr>132</gpxtpx:hr></gpxtpx:TrackPointExtension></extensions></trkpt>
      <trkpt lat="59.33315" lon="18.075649"><ele>8.8</ele><time>2026-09-05T07:40:04.000Z</time><extensions><gpxtpx:TrackPointExtension><gpxtpx:hr>132</gpxtpx:hr></gpxtpx:TrackPointExtension></extensions></trkpt>
      <trkpt lat="59.333124" lon="18.075655"><ele>8.8</ele><time>2026-09-05T07:40:05.000Z</time><extensions><gpxtpx:TrackPointExtension><gpxtpx:hr>132</gpxtpx:hr></gpxtpx:TrackPointExtension></extensions></trkpt>
      <trkpt lat="59.333097" lon="18.075653"><ele>8.6</ele><time>2026-09-05T07:40:06.000Z</time><extensions><gpxtpx:TrackPointExtension><gpxtpx:hr>132</gpxtpx:hr></gpxtpx:TrackPointExtension></extensions></trkpt>
      <trkpt lat="59.33307" lon="18.075647"><ele>8.6</ele><time>2026-09-05T07:40:07.000Z</time><extensions><gpxtpx:TrackPointExtension><gpxtpx:hr>132</gpxtpx:hr></gpxtpx:TrackPointExtension></extensions></trkpt>
      <trkpt lat="59.333043" lon="18.075639"><ele>8.6</ele><time>2026-09-05T07:40:08.000Z</time><extensions><gpxtpx:TrackPointExtension><gpxtpx:hr>132</gpxtpx:hr></gpxtpx:TrackPointExtension></extensions></trkpt>
      <trkpt lat="59.333015" lon="18.075628"><ele>8.6</ele><time>2026-09-05T07:40:09.000Z</time><extensions><gpxtpx:TrackPointExtension><gpxtpx:hr>132</gpxtpx:hr></gpxtpx:TrackPointExtension></extensions></trkpt>
      <trkpt lat="59.332987" lon="18.075617"><ele>8.4</ele><time>2026-09-05T07:40:10.000Z</time><extensions><gpxtpx:TrackPointExtension><gpxtpx:hr>132</gpxtpx:hr></gpxtpx:TrackPointExtension></extensions></trkpt>
      <trkpt lat="59.332958" lon="18.075609"><ele>8.4</ele><time>2026-09-05T07:40:11.000Z</time><extensions><gpxtpx:TrackPointExtension><gpxtpx:hr>132</gpxtpx:hr></gpxtpx:TrackPointExtension></extensions></trkpt>
      <trkpt lat="59.332932" lon="18.075608"><ele>8.4</ele><time>2026-09-05T07:40:12.000Z</time><extensions><gpxtpx:TrackPointExtension><gpxtpx:hr>132</gpxtpx:hr></gpxtpx:TrackPointExtension></extensions></trkpt>
      <trkpt lat="59.332908" lon="18.075611"><ele>8.4</ele><time>2026-09-05T07:40:13.000Z</time><extensions><gpxtpx:TrackPointExtension><gpxtpx:hr>132</gpxtpx:hr></gpxtpx:TrackPointExtension></extensions></trkpt>
      <trkpt lat="59.332886" lon="18.075615"><ele>8.2</ele><time>2026-09-05T07:40:14.000Z</time><extensions><gpxtpx:TrackPointExtension><gpxtpx:hr>132</gpxtpx:hr></gpxtpx:TrackPointExtension></extensions></trkpt>
      <trkpt lat="59.332864" lon="18.075617"><ele>8.2</ele><time>2026-09-05T07:40:15.000Z</time><extensions><gpxtpx:TrackPointExtension><gpxtpx:hr>132</gpxtpx:hr></gpxtpx:TrackPointExtension></extensions></trkpt>
      <trkpt lat="59.332842" lon="18.075621"><ele>8.2</ele><time>2026-09-05T07:40:16.000Z</time><extensions><gpxtpx:TrackPointExtension><gpxtpx:hr>132</gpxtpx:hr></gpxtpx:TrackPointExtension></extensions></trkpt>
      <trkpt lat="59.332819" lon="18.075628"><ele>8.2</ele><time>2026-09-05T07:40:17.000Z</time><extensions><gpxtpx:TrackPointExtension><gpxtpx:hr>132</gpxtpx:hr></gpxtpx:TrackPointExtension></extensions></trkpt>
      <trkpt lat="59.332799" lon="18.075644"><ele>8</ele><time>2026-09-05T07:40:18.000Z</time><extensions><gpxtpx:TrackPointExtension><gpxtpx:hr>135</gpxtpx:hr></gpxtpx:TrackPointExtension></extensions></trkpt>
      <trkpt lat="59.332781" lon="18.075666"><ele>8</ele><time>2026-09-05T07:40:19.000Z</time><extensions><gpxtpx:TrackPointExtension><gpxtpx:hr>135</gpxtpx:hr></gpxtpx:TrackPointExtension></extensions></trkpt>
      <trkpt lat="59.332766" lon="18.075693"><ele>8</ele><time>2026-09-05T07:40:20.000Z</time><extensions><gpxtpx:TrackPointExtension><gpxtpx:hr>135</gpxtpx:hr></gpxtpx:TrackPointExtension></extensions></trkpt>
      <trkpt lat="59.332751" lon="18.075722"><ele>8</ele><time>2026-09-05T07:40:21.000Z</time><extensions><gpxtpx:TrackPointExtension><gpxtpx:hr>135</gpxtpx:hr></gpxtpx:TrackPointExtension></extensions></trkpt>
      <trkpt lat="59.332736" lon="18.075749"><ele>8</ele><time>2026-09-05T07:40:22.000Z</time><extensions><gpxtpx:TrackPointExtension><gpxtpx:hr>136</gpxtpx:hr></gpxtpx:TrackPointExtension></extensions></trkpt>
      <trkpt lat="59.332721" lon="18.075773"><ele>7.8</ele><time>2026-09-05T07:40:23.000Z</time><extensions><gpxtpx:TrackPointExtension><gpxtpx:hr>136</gpxtpx:hr></gpxtpx:TrackPointExtension></extensions></trkpt>
      <trkpt lat="59.332706" lon="18.075796"><ele>7.8</ele><time>2026-09-05T07:40:24.000Z</time><extensions><gpxtpx:TrackPointExtension><gpxtpx:hr>136</gpxtpx:hr></gpxtpx:TrackPointExtension></extensions></trkpt>
      <trkpt lat="59.332693" lon="18.075819"><ele>7.8</ele><time>2026-09-05T07:40:25.000Z</time><extensions><gpxtpx:TrackPointExtension><gpxtpx:hr>136</gpxtpx:hr></gpxtpx:TrackPointExtension></extensions></trkpt>
      <trkpt lat="59.33268" lon="18.07584"><ele>7.8</ele><time>2026-09-05T07:40:26.000Z</time><extensions><gpxtpx:TrackPointExtension><gpxtpx:hr>136</gpxtpx:hr></gpxtpx:TrackPointExtension></extensions></trkpt>
      <trkpt lat="59.33267" lon="18.075855"><ele>7.8</ele><time>2026-09-05T07:40:27.000Z</time><extensions><gpxtpx:TrackPointExtension><gpxtpx:hr>136</gpxtpx:hr></gpxtpx:TrackPointExtension></extensions></trkpt>
      <trkpt lat="59.332662" lon="18.075865"><ele>7.6</ele><time>2026-09-05T07:40:28.000Z</time><extensions><gpxtpx:TrackPointExtension><gpxtpx:hr>136</gpxtpx:hr></gpxtpx:TrackPointExtension></extensions></trkpt>
      <trkpt lat="59.332656" lon="18.075871"><ele>7.6</ele><time>2026-09-05T07:40:29.000Z</time><extensions><gpxtpx:TrackPointExtension><gpxtpx:hr>136</gpxtpx:hr></gpxtpx:TrackPointExtension></extensions></trkpt>
      <trkpt lat="59.33265" lon="18.075875"><ele>7.6</ele><time>2026-09-05T07:40:30.000Z</time><extensions><gpxtpx:TrackPointExtension><gpxtpx:hr>136</gpxtpx:hr></gpxtpx:TrackPointExtension></extensions></trkpt>
      <trkpt lat="59.332644" lon="18.075879"><ele>7.6</ele><time>2026-09-05T07:40:31.000Z</time><extensions><gpxtpx:TrackPointExtension><gpxtpx:hr>136</gpxtpx:hr></gpxtpx:TrackPointExtension></extensions></trkpt>
      <trkpt lat="59.332635" lon="18.075885"><ele>7.6</ele><time>2026-09-05T07:40:32.000Z</time><extensions><gpxtpx:TrackPointExtension><gpxtpx:hr>136</gpxtpx:hr></gpxtpx:TrackPointExtension></extensions></trkpt>
      <trkpt lat="59.332624" lon="18.075892"><ele>7.4</ele><time>2026-09-05T07:40:33.000Z</time><extensions><gpxtpx:TrackPointExtension><gpxtpx:hr>135</gpxtpx:hr></gpxtpx:TrackPointExtension></extensions></trkpt>
      <trkpt lat="59.332609" lon="18.075902"><ele>7.4</ele><time>2026-09-05T07:40:34.000Z</time><extensions><gpxtpx:TrackPointExtension><gpxtpx:hr>135</gpxtpx:hr></gpxtpx:TrackPointExtension></extensions></trkpt>
      <trkpt lat="59.332592" lon="18.075913"><ele>7.4</ele><time>2026-09-05T07:40:35.000Z</time><extensions><gpxtpx:TrackPointExtension><gpxtpx:hr>135</gpxtpx:hr></gpxtpx:TrackPointExtension></extensions></trkpt>
      <trkpt lat="59.332574" lon="18.075924"><ele>7.4</ele><time>2026-09-05T07:40:36.000Z</time><extensions><gpxtpx:TrackPointExtension><gpxtpx:hr>135</gpxtpx:hr></gpxtpx:TrackPointExtension></extensions></trkpt>
      <trkpt lat="59.332557" lon="18.075935"><ele>7.4</ele><time>2026-09-05T07:40:37.000Z</time><extensions><gpxtpx:TrackPointExtension><gpxtpx:hr>135</gpxtpx:hr></gpxtpx:TrackPointExtension></extensions></trkpt>
      <trkpt lat="59.332537" lon="18.075946"><ele>7.2</ele><time>2026-09-05T07:40:38.000Z</time><extensions><gpxtpx:TrackPointExtension><gpxtpx:hr>135</gpxtpx:hr></gpxtpx:TrackPointExtension></extensions></trkpt>
      <trkpt lat="59.332517" lon="18.075958"><ele>7.2</ele><time>2026-09-05T07:40:39.000Z</time><extensions><gpxtpx:TrackPointExtension><gpxtpx:hr>135</gpxtpx:hr></gpxtpx:TrackPointExtension></extensions></trkpt>
      <trkpt lat="59.332497" lon="18.075968"><ele>7.2</ele><time>2026-09-05T07:40:40.000Z</time><extensions><gpxtpx:TrackPointExtension><gpxtpx:hr>132</gpxtpx:hr></gpxtpx:TrackPointExtension></extensions></trkpt>
      <trkpt lat="59.332476" lon="18.075975"><ele>7.2</ele><time>2026-09-05T07:40:41.000Z</time><extensions><gpxtpx:TrackPointExtension><gpxtpx:hr>132</gpxtpx:hr></gpxtpx:TrackPointExtension></extensions></trkpt>
      <trkpt lat="59.332453" lon="18.075977"><ele>7.2</ele><time>2026-09-05T07:40:42.000Z</time><extensions><gpxtpx:TrackPointExtension><gpxtpx:hr>132</gpxtpx:hr></gpxtpx:TrackPointExtension></extensions></trkpt>
      <trkpt lat="59.33243" lon="18.075973"><ele>7.2</ele><time>2026-09-05T07:40:43.000Z</time><extensions><gpxtpx:TrackPointExtension><gpxtpx:hr>132</gpxtpx:hr></gpxtpx:TrackPointExtension></extensions></trkpt>
      <trkpt lat="59.332406" lon="18.075966"><ele>7</ele><time>2026-09-05T07:40:44.000Z</time><extensions><gpxtpx:TrackPointExtension><gpxtpx:hr>132</gpxtpx:hr></gpxtpx:TrackPointExtension></extensions></trkpt>
      <trkpt lat="59.332383" lon="18.07596"><ele>7</ele><time>2026-09-05T07:40:45.000Z</time><extensions><gpxtpx:TrackPointExtension><gpxtpx:hr>132</gpxtpx:hr></gpxtpx:TrackPointExtension></extensions></trkpt>
      <trkpt lat="59.33236" lon="18.075954"><ele>7</ele><time>2026-09-05T07:40:46.000Z</time><extensions><gpxtpx:TrackPointExtension><gpxtpx:hr>131</gpxtpx:hr></gpxtpx:TrackPointExtension></extensions></trkpt>
      <trkpt lat="59.332337" lon="18.075949"><ele>7</ele><time>2026-09-05T07:40:47.000Z</time><extensions><gpxtpx:TrackPointExtension><gpxtpx:hr>131</gpxtpx:hr></gpxtpx:TrackPointExtension></extensions></trkpt>
      <trkpt lat="59.332313" lon="18.075947"><ele>7</ele><time>2026-09-05T07:40:48.000Z</time><extensions><gpxtpx:TrackPointExtension><gpxtpx:hr>131</gpxtpx:hr></gpxtpx:TrackPointExtension></extensions></trkpt>
      <trkpt lat="59.332288" lon="18.075946"><ele>7</ele><time>2026-09-05T07:40:49.000Z</time><extensions><gpxtpx:TrackPointExtension><gpxtpx:hr>131</gpxtpx:hr></gpxtpx:TrackPointExtension></extensions></trkpt>
      <trkpt lat="59.332264" lon="18.075948"><ele>6.8</ele><time>2026-09-05T07:40:50.000Z</time><extensions><gpxtpx:TrackPointExtension><gpxtpx:hr>131</gpxtpx:hr></gpxtpx:TrackPointExtension></extensions></trkpt>
      <trkpt lat="59.332239" lon="18.07595"><ele>6.8</ele><time>2026-09-05T07:40:52.000Z</time><extensions><gpxtpx:TrackPointExtension><gpxtpx:hr>131</gpxtpx:hr></gpxtpx:TrackPointExtension></extensions></trkpt>
      <trkpt lat="59.332215" lon="18.075948"><ele>6.8</ele><time>2026-09-05T07:40:53.000Z</time><extensions><gpxtpx:TrackPointExtension><gpxtpx:hr>132</gpxtpx:hr></gpxtpx:TrackPointExtension></extensions></trkpt>
      <trkpt lat="59.332181" lon="18.075949"><ele>6.8</ele><time>2026-09-05T07:40:54.000Z</time><extensions><gpxtpx:TrackPointExtension><gpxtpx:hr>132</gpxtpx:hr></gpxtpx:TrackPointExtension></extensions></trkpt>
      <trkpt lat="59.332157" lon="18.07594"><ele>6.8</ele><time>2026-09-05T07:40:55.000Z</time><extensions><gpxtpx:TrackPointExtension><gpxtpx:hr>132</gpxtpx:hr></gpxtpx:TrackPointExtension></extensions></trkpt>
      <trkpt lat="59.332134" lon="18.07593"><ele>6.8</ele><time>2026-09-05T07:40:56.000Z</time><extensions><gpxtpx:TrackPointExtension><gpxtpx:hr>132</gpxtpx:hr></gpxtpx:TrackPointExtension></extensions></trkpt>
      <trkpt lat="59.332111" lon="18.075919"><ele>6.8</ele><time>2026-09-05T07:40:57.000Z</time><extensions><gpxtpx:TrackPointExtension><gpxtpx:hr>133</gpxtpx:hr></gpxtpx:TrackPointExtension></extensions></trkpt>
      <trkpt lat="59.332088" lon="18.075908"><ele>6.8</ele><time>2026-09-05T07:40:58.000Z</time><extensions><gpxtpx:TrackPointExtension><gpxtpx:hr>133</gpxtpx:hr></gpxtpx:TrackPointExtension></extensions></trkpt>
      <trkpt lat="59.332066" lon="18.075897"><ele>6.6</ele><time>2026-09-05T07:40:59.000Z</time><extensions><gpxtpx:TrackPointExtension><gpxtpx:hr>133</gpxtpx:hr></gpxtpx:TrackPointExtension></extensions></trkpt>
      <trkpt lat="59.332044" lon="18.075887"><ele>6.6</ele><time>2026-09-05T07:41:00.000Z</time><extensions><gpxtpx:TrackPointExtension><gpxtpx:hr>133</gpxtpx:hr></gpxtpx:TrackPointExtension></extensions></trkpt>
      <trkpt lat="59.332023" lon="18.075879"><ele>6.6</ele><time>2026-09-05T07:41:01.000Z</time><extensions><gpxtpx:TrackPointExtension><gpxtpx:hr>133</gpxtpx:hr></gpxtpx:TrackPointExtension></extensions></trkpt>
      <trkpt lat="59.332001" lon="18.075871"><ele>6.6</ele><time>2026-09-05T07:41:02.000Z</time><extensions><gpxtpx:TrackPointExtension><gpxtpx:hr>132</gpxtpx:hr></gpxtpx:TrackPointExtension></extensions></trkpt>
      <trkpt lat="59.33198" lon="18.075866"><ele>6.6</ele><time>2026-09-05T07:41:03.000Z</time><extensions><gpxtpx:TrackPointExtension><gpxtpx:hr>132</gpxtpx:hr></gpxtpx:TrackPointExtension></extensions></trkpt>
      <trkpt lat="59.331958" lon="18.075863"><ele>6.6</ele><time>2026-09-05T07:41:04.000Z</time><extensions><gpxtpx:TrackPointExtension><gpxtpx:hr>133</gpxtpx:hr></gpxtpx:TrackPointExtension></extensions></trkpt>
      <trkpt lat="59.331936" lon="18.075864"><ele>6.6</ele><time>2026-09-05T07:41:05.000Z</time><extensions><gpxtpx:TrackPointExtension><gpxtpx:hr>133</gpxtpx:hr></gpxtpx:TrackPointExtension></extensions></trkpt>
      <trkpt lat="59.331915" lon="18.075868"><ele>6.6</ele><time>2026-09-05T07:41:06.000Z</time><extensions><gpxtpx:TrackPointExtension><gpxtpx:hr>133</gpxtpx:hr></gpxtpx:TrackPointExtension></extensions></trkpt>
      <trkpt lat="59.331894" lon="18.075877"><ele>6.6</ele><time>2026-09-05T07:41:07.000Z</time><extensions><gpxtpx:TrackPointExtension><gpxtpx:hr>133</gpxtpx:hr></gpxtpx:TrackPointExtension></extensions></trkpt>
      <trkpt lat="59.331873" lon="18.075889"><ele>6.4</ele><time>2026-09-05T07:41:08.000Z</time><extensions><gpxtpx:TrackPointExtension><gpxtpx:hr>133</gpxtpx:hr></gpxtpx:TrackPointExtension></extensions></trkpt>
      <trkpt lat="59.331853" lon="18.075904"><ele>6.4</ele><time>2026-09-05T07:41:09.000Z</time><extensions><gpxtpx:TrackPointExtension><gpxtpx:hr>134</gpxtpx:hr></gpxtpx:TrackPointExtension></extensions></trkpt>
      <trkpt lat="59.331833" lon="18.07592"><ele>6.4</ele><time>2026-09-05T07:41:10.000Z</time><extensions><gpxtpx:TrackPointExtension><gpxtpx:hr>134</gpxtpx:hr></gpxtpx:TrackPointExtension></extensions></trkpt>
      <trkpt lat="59.331814" lon="18.075936"><ele>6.4</ele><time>2026-09-05T07:41:11.000Z</time><extensions><gpxtpx:TrackPointExtension><gpxtpx:hr>134</gpxtpx:hr></gpxtpx:TrackPointExtension></extensions></trkpt>
      <trkpt lat="59.331794" lon="18.075951"><ele>6.4</ele><time>2026-09-05T07:41:12.000Z</time><extensions><gpxtpx:TrackPointExtension><gpxtpx:hr>134</gpxtpx:hr></gpxtpx:TrackPointExtension></extensions></trkpt>
      <trkpt lat="59.331773" lon="18.075961"><ele>6.4</ele><time>2026-09-05T07:41:13.000Z</time><extensions><gpxtpx:TrackPointExtension><gpxtpx:hr>134</gpxtpx:hr></gpxtpx:TrackPointExtension></extensions></trkpt>
      <trkpt lat="59.331752" lon="18.075967"><ele>6.4</ele><time>2026-09-05T07:41:14.000Z</time><extensions><gpxtpx:TrackPointExtension><gpxtpx:hr>134</gpxtpx:hr></gpxtpx:TrackPointExtension></extensions></trkpt>
      <trkpt lat="59.331732" lon="18.07597"><ele>6.4</ele><time>2026-09-05T07:41:15.000Z</time><extensions><gpxtpx:TrackPointExtension><gpxtpx:hr>134</gpxtpx:hr></gpxtpx:TrackPointExtension></extensions></trkpt>
      <trkpt lat="59.331713" lon="18.075971"><ele>6.4</ele><time>2026-09-05T07:41:16.000Z</time><extensions><gpxtpx:TrackPointExtension><gpxtpx:hr>134</gpxtpx:hr></gpxtpx:TrackPointExtension></extensions></trkpt>
      <trkpt lat="59.331694" lon="18.075972"><ele>6.4</ele><time>2026-09-05T07:41:17.000Z</time><extensions><gpxtpx:TrackPointExtension><gpxtpx:hr>134</gpxtpx:hr></gpxtpx:TrackPointExtension></extensions></trkpt>
      <trkpt lat="59.331676" lon="18.075972"><ele>6.4</ele><time>2026-09-05T07:41:18.000Z</time><extensions><gpxtpx:TrackPointExtension><gpxtpx:hr>130</gpxtpx:hr></gpxtpx:TrackPointExtension></extensions></trkpt>
      <trkpt lat="59.33166" lon="18.075971"><ele>6.2</ele><time>2026-09-05T07:41:19.000Z</time><extensions><gpxtpx:TrackPointExtension><gpxtpx:hr>130</gpxtpx:hr></gpxtpx:TrackPointExtension></extensions></trkpt>
      <trkpt lat="59.331644" lon="18.07597"><ele>6.2</ele><time>2026-09-05T07:41:20.000Z</time><extensions><gpxtpx:TrackPointExtension><gpxtpx:hr>130</gpxtpx:hr></gpxtpx:TrackPointExtension></extensions></trkpt>
      <trkpt lat="59.331627" lon="18.07597"><ele>6.2</ele><time>2026-09-05T07:41:21.000Z</time><extensions><gpxtpx:TrackPointExtension><gpxtpx:hr>130</gpxtpx:hr></gpxtpx:TrackPointExtension></extensions></trkpt>
      <trkpt lat="59.33161" lon="18.075974"><ele>6.2</ele><time>2026-09-05T07:41:22.000Z</time><extensions><gpxtpx:TrackPointExtension><gpxtpx:hr>128</gpxtpx:hr></gpxtpx:TrackPointExtension></extensions></trkpt>
      <trkpt lat="59.331592" lon="18.07598"><ele>6.2</ele><time>2026-09-05T07:41:23.000Z</time><extensions><gpxtpx:TrackPointExtension><gpxtpx:hr>128</gpxtpx:hr></gpxtpx:TrackPointExtension></extensions></trkpt>
      <trkpt lat="59.331572" lon="18.075991"><ele>6.2</ele><time>2026-09-05T07:41:24.000Z</time><extensions><gpxtpx:TrackPointExtension><gpxtpx:hr>128</gpxtpx:hr></gpxtpx:TrackPointExtension></extensions></trkpt>
      <trkpt lat="59.331551" lon="18.076005"><ele>6.2</ele><time>2026-09-05T07:41:25.000Z</time><extensions><gpxtpx:TrackPointExtension><gpxtpx:hr>129</gpxtpx:hr></gpxtpx:TrackPointExtension></extensions></trkpt>
      <trkpt lat="59.331531" lon="18.076024"><ele>6.2</ele><time>2026-09-05T07:41:26.000Z</time><extensions><gpxtpx:TrackPointExtension><gpxtpx:hr>129</gpxtpx:hr></gpxtpx:TrackPointExtension></extensions></trkpt>
      <trkpt lat="59.331509" lon="18.076047"><ele>6.2</ele><time>2026-09-05T07:41:27.000Z</time><extensions><gpxtpx:TrackPointExtension><gpxtpx:hr>129</gpxtpx:hr></gpxtpx:TrackPointExtension></extensions></trkpt>
      <trkpt lat="59.331489" lon="18.076071"><ele>6.2</ele><time>2026-09-05T07:41:28.000Z</time><extensions><gpxtpx:TrackPointExtension><gpxtpx:hr>129</gpxtpx:hr></gpxtpx:TrackPointExtension></extensions></trkpt>
      <trkpt lat="59.331468" lon="18.076096"><ele>6.2</ele><time>2026-09-05T07:41:29.000Z</time><extensions><gpxtpx:TrackPointExtension><gpxtpx:hr>129</gpxtpx:hr></gpxtpx:TrackPointExtension></extensions></trkpt>
      <trkpt lat="59.331448" lon="18.07612"><ele>6.2</ele><time>2026-09-05T07:41:30.000Z</time><extensions><gpxtpx:TrackPointExtension><gpxtpx:hr>129</gpxtpx:hr></gpxtpx:TrackPointExtension></extensions></trkpt>
      <trkpt lat="59.331429" lon="18.076142"><ele>6.2</ele><time>2026-09-05T07:41:31.000Z</time><extensions><gpxtpx:TrackPointExtension><gpxtpx:hr>129</gpxtpx:hr></gpxtpx:TrackPointExtension></extensions></trkpt>
      <trkpt lat="59.331409" lon="18.076164"><ele>6.2</ele><time>2026-09-05T07:41:32.000Z</time><extensions><gpxtpx:TrackPointExtension><gpxtpx:hr>130</gpxtpx:hr></gpxtpx:TrackPointExtension></extensions></trkpt>
      <trkpt lat="59.33139" lon="18.076185"><ele>6</ele><time>2026-09-05T07:41:33.000Z</time><extensions><gpxtpx:TrackPointExtension><gpxtpx:hr>130</gpxtpx:hr></gpxtpx:TrackPointExtension></extensions></trkpt>
      <trkpt lat="59.331372" lon="18.076204"><ele>6</ele><time>2026-09-05T07:41:34.000Z</time><extensions><gpxtpx:TrackPointExtension><gpxtpx:hr>130</gpxtpx:hr></gpxtpx:TrackPointExtension></extensions></trkpt>
      <trkpt lat="59.331353" lon="18.076223"><ele>6</ele><time>2026-09-05T07:41:35.000Z</time><extensions><gpxtpx:TrackPointExtension><gpxtpx:hr>130</gpxtpx:hr></gpxtpx:TrackPointExtension></extensions></trkpt>
      <trkpt lat="59.331335" lon="18.076243"><ele>6</ele><time>2026-09-05T07:41:36.000Z</time><extensions><gpxtpx:TrackPointExtension><gpxtpx:hr>130</gpxtpx:hr></gpxtpx:TrackPointExtension></extensions></trkpt>
      <trkpt lat="59.331318" lon="18.076264"><ele>6</ele><time>2026-09-05T07:41:37.000Z</time><extensions><gpxtpx:TrackPointExtension><gpxtpx:hr>131</gpxtpx:hr></gpxtpx:TrackPointExtension></extensions></trkpt>
      <trkpt lat="59.331301" lon="18.076286"><ele>6</ele><time>2026-09-05T07:41:38.000Z</time><extensions><gpxtpx:TrackPointExtension><gpxtpx:hr>131</gpxtpx:hr></gpxtpx:TrackPointExtension></extensions></trkpt>
      <trkpt lat="59.331284" lon="18.076308"><ele>6</ele><time>2026-09-05T07:41:39.000Z</time><extensions><gpxtpx:TrackPointExtension><gpxtpx:hr>131</gpxtpx:hr></gpxtpx:TrackPointExtension></extensions></trkpt>
      <trkpt lat="59.331268" lon="18.07633"><ele>6</ele><time>2026-09-05T07:41:40.000Z</time><extensions><gpxtpx:TrackPointExtension><gpxtpx:hr>131</gpxtpx:hr></gpxtpx:TrackPointExtension></extensions></trkpt>
      <trkpt lat="59.331252" lon="18.076353"><ele>6</ele><time>2026-09-05T07:41:41.000Z</time><extensions><gpxtpx:TrackPointExtension><gpxtpx:hr>131</gpxtpx:hr></gpxtpx:TrackPointExtension></extensions></trkpt>
      <trkpt lat="59.331236" lon="18.076375"><ele>6</ele><time>2026-09-05T07:41:42.000Z</time><extensions><gpxtpx:TrackPointExtension><gpxtpx:hr>131</gpxtpx:hr></gpxtpx:TrackPointExtension></extensions></trkpt>
      <trkpt lat="59.331222" lon="18.076398"><ele>6</ele><time>2026-09-05T07:41:43.000Z</time><extensions><gpxtpx:TrackPointExtension><gpxtpx:hr>132</gpxtpx:hr></gpxtpx:TrackPointExtension></extensions></trkpt>
      <trkpt lat="59.331208" lon="18.076421"><ele>6</ele><time>2026-09-05T07:41:44.000Z</time><extensions><gpxtpx:TrackPointExtension><gpxtpx:hr>132</gpxtpx:hr></gpxtpx:TrackPointExtension></extensions></trkpt>
      <trkpt lat="59.331196" lon="18.076445"><ele>6</ele><time>2026-09-05T07:41:45.000Z</time><extensions><gpxtpx:TrackPointExtension><gpxtpx:hr>132</gpxtpx:hr></gpxtpx:TrackPointExtension></extensions></trkpt>
      <trkpt lat="59.331184" lon="18.076468"><ele>6</ele><time>2026-09-05T07:41:46.000Z</time><extensions><gpxtpx:TrackPointExtension><gpxtpx:hr>132</gpxtpx:hr></gpxtpx:TrackPointExtension></extensions></trkpt>
      <trkpt lat="59.331173" lon="18.07649"><ele>5.8</ele><time>2026-09-05T07:41:47.000Z</time><extensions><gpxtpx:TrackPointExtension><gpxtpx:hr>132</gpxtpx:hr></gpxtpx:TrackPointExtension></extensions></trkpt>
      <trkpt lat="59.331163" lon="18.07651"><ele>5.8</ele><time>2026-09-05T07:41:48.000Z</time><extensions><gpxtpx:TrackPointExtension><gpxtpx:hr>131</gpxtpx:hr></gpxtpx:TrackPointExtension></extensions></trkpt>
      <trkpt lat="59.331154" lon="18.076527"><ele>5.8</ele><time>2026-09-05T07:41:49.000Z</time><extensions><gpxtpx:TrackPointExtension><gpxtpx:hr>131</gpxtpx:hr></gpxtpx:TrackPointExtension></extensions></trkpt>
      <trkpt lat="59.331147" lon="18.07654"><ele>5.8</ele><time>2026-09-05T07:41:50.000Z</time><extensions><gpxtpx:TrackPointExtension><gpxtpx:hr>131</gpxtpx:hr></gpxtpx:TrackPointExtension></extensions></trkpt>
      <trkpt lat="59.331136" lon="18.076563"><ele>5.6</ele><time>2026-09-05T07:42:05.000Z</time><extensions><gpxtpx:TrackPointExtension><gpxtpx:hr>131</gpxtpx:hr></gpxtpx:TrackPointExtension></extensions></trkpt>
      <trkpt lat="59.331133" lon="18.076571"><ele>5.6</ele><time>2026-09-05T07:42:06.000Z</time><extensions><gpxtpx:TrackPointExtension><gpxtpx:hr>131</gpxtpx:hr></gpxtpx:TrackPointExtension></extensions></trkpt>
      <trkpt lat="59.33113" lon="18.076578"><ele>5.6</ele><time>2026-09-05T07:42:07.000Z</time><extensions><gpxtpx:TrackPointExtension><gpxtpx:hr>124</gpxtpx:hr></gpxtpx:TrackPointExtension></extensions></trkpt>
      <trkpt lat="59.331116" lon="18.076691"><ele>5.6</ele><time>2026-09-05T07:42:14.000Z</time><extensions><gpxtpx:TrackPointExtension><gpxtpx:hr>120</gpxtpx:hr></gpxtpx:TrackPointExtension></extensions></trkpt>
      <trkpt lat="59.33111" lon="18.076727"><ele>5.6</ele><time>2026-09-05T07:42:15.000Z</time><extensions><gpxtpx:TrackPointExtension><gpxtpx:hr>120</gpxtpx:hr></gpxtpx:TrackPointExtension></extensions></trkpt>
      <trkpt lat="59.331102" lon="18.076767"><ele>5.6</ele><time>2026-09-05T07:42:16.000Z</time><extensions><gpxtpx:TrackPointExtension><gpxtpx:hr>120</gpxtpx:hr></gpxtpx:TrackPointExtension></extensions></trkpt>
      <trkpt lat="59.331093" lon="18.076808"><ele>5.6</ele><time>2026-09-05T07:42:17.000Z</time><extensions><gpxtpx:TrackPointExtension><gpxtpx:hr>120</gpxtpx:hr></gpxtpx:TrackPointExtension></extensions></trkpt>
      <trkpt lat="59.331084" lon="18.076848"><ele>5.4</ele><time>2026-09-05T07:42:18.000Z</time><extensions><gpxtpx:TrackPointExtension><gpxtpx:hr>120</gpxtpx:hr></gpxtpx:TrackPointExtension></extensions></trkpt>
      <trkpt lat="59.331075" lon="18.076888"><ele>5.4</ele><time>2026-09-05T07:42:19.000Z</time><extensions><gpxtpx:TrackPointExtension><gpxtpx:hr>120</gpxtpx:hr></gpxtpx:TrackPointExtension></extensions></trkpt>
      <trkpt lat="59.331065" lon="18.076928"><ele>5.4</ele><time>2026-09-05T07:42:20.000Z</time><extensions><gpxtpx:TrackPointExtension><gpxtpx:hr>120</gpxtpx:hr></gpxtpx:TrackPointExtension></extensions></trkpt>
      <trkpt lat="59.331055" lon="18.076966"><ele>5.4</ele><time>2026-09-05T07:42:21.000Z</time><extensions><gpxtpx:TrackPointExtension><gpxtpx:hr>120</gpxtpx:hr></gpxtpx:TrackPointExtension></extensions></trkpt>
      <trkpt lat="59.331045" lon="18.077004"><ele>5.4</ele><time>2026-09-05T07:42:22.000Z</time><extensions><gpxtpx:TrackPointExtension><gpxtpx:hr>120</gpxtpx:hr></gpxtpx:TrackPointExtension></extensions></trkpt>
      <trkpt lat="59.331035" lon="18.077041"><ele>5.4</ele><time>2026-09-05T07:42:23.000Z</time><extensions><gpxtpx:TrackPointExtension><gpxtpx:hr>116</gpxtpx:hr></gpxtpx:TrackPointExtension></extensions></trkpt>
      <trkpt lat="59.331025" lon="18.077077"><ele>5.4</ele><time>2026-09-05T07:42:24.000Z</time><extensions><gpxtpx:TrackPointExtension><gpxtpx:hr>116</gpxtpx:hr></gpxtpx:TrackPointExtension></extensions></trkpt>
      <trkpt lat="59.331014" lon="18.077113"><ele>5.2</ele><time>2026-09-05T07:42:25.000Z</time><extensions><gpxtpx:TrackPointExtension><gpxtpx:hr>116</gpxtpx:hr></gpxtpx:TrackPointExtension></extensions></trkpt>
      <trkpt lat="59.331003" lon="18.077148"><ele>5.2</ele><time>2026-09-05T07:42:26.000Z</time><extensions><gpxtpx:TrackPointExtension><gpxtpx:hr>116</gpxtpx:hr></gpxtpx:TrackPointExtension></extensions></trkpt>
      <trkpt lat="59.330992" lon="18.077183"><ele>5.2</ele><time>2026-09-05T07:42:27.000Z</time><extensions><gpxtpx:TrackPointExtension><gpxtpx:hr>116</gpxtpx:hr></gpxtpx:TrackPointExtension></extensions></trkpt>
      <trkpt lat="59.330981" lon="18.077217"><ele>5.2</ele><time>2026-09-05T07:42:28.000Z</time><extensions><gpxtpx:TrackPointExtension><gpxtpx:hr>116</gpxtpx:hr></gpxtpx:TrackPointExtension></extensions></trkpt>
      <trkpt lat="59.33097" lon="18.077251"><ele>5.2</ele><time>2026-09-05T07:42:29.000Z</time><extensions><gpxtpx:TrackPointExtension><gpxtpx:hr>116</gpxtpx:hr></gpxtpx:TrackPointExtension></extensions></trkpt>
      <trkpt lat="59.330958" lon="18.077286"><ele>5.2</ele><time>2026-09-05T07:42:30.000Z</time><extensions><gpxtpx:TrackPointExtension><gpxtpx:hr>116</gpxtpx:hr></gpxtpx:TrackPointExtension></extensions></trkpt>
      <trkpt lat="59.330947" lon="18.077319"><ele>5</ele><time>2026-09-05T07:42:31.000Z</time><extensions><gpxtpx:TrackPointExtension><gpxtpx:hr>116</gpxtpx:hr></gpxtpx:TrackPointExtension></extensions></trkpt>
      <trkpt lat="59.330935" lon="18.077352"><ele>5</ele><time>2026-09-05T07:42:32.000Z</time><extensions><gpxtpx:TrackPointExtension><gpxtpx:hr>116</gpxtpx:hr></gpxtpx:TrackPointExtension></extensions></trkpt>
      <trkpt lat="59.330923" lon="18.077385"><ele>5</ele><time>2026-09-05T07:42:33.000Z</time><extensions><gpxtpx:TrackPointExtension><gpxtpx:hr>116</gpxtpx:hr></gpxtpx:TrackPointExtension></extensions></trkpt>
      <trkpt lat="59.330912" lon="18.077419"><ele>5</ele><time>2026-09-05T07:42:34.000Z</time><extensions><gpxtpx:TrackPointExtension><gpxtpx:hr>116</gpxtpx:hr></gpxtpx:TrackPointExtension></extensions></trkpt>
      <trkpt lat="59.3309" lon="18.077453"><ele>5</ele><time>2026-09-05T07:42:35.000Z</time><extensions><gpxtpx:TrackPointExtension><gpxtpx:hr>116</gpxtpx:hr></gpxtpx:TrackPointExtension></extensions></trkpt>
      <trkpt lat="59.330889" lon="18.077487"><ele>4.8</ele><time>2026-09-05T07:42:36.000Z</time><extensions><gpxtpx:TrackPointExtension><gpxtpx:hr>116</gpxtpx:hr></gpxtpx:TrackPointExtension></extensions></trkpt>
      <trkpt lat="59.330877" lon="18.077521"><ele>4.8</ele><time>2026-09-05T07:42:37.000Z</time><extensions><gpxtpx:TrackPointExtension><gpxtpx:hr>116</gpxtpx:hr></gpxtpx:TrackPointExtension></extensions></trkpt>
      <trkpt lat="59.330866" lon="18.077555"><ele>4.8</ele><time>2026-09-05T07:42:38.000Z</time><extensions><gpxtpx:TrackPointExtension><gpxtpx:hr>118</gpxtpx:hr></gpxtpx:TrackPointExtension></extensions></trkpt>
      <trkpt lat="59.330855" lon="18.077587"><ele>4.8</ele><time>2026-09-05T07:42:39.000Z</time><extensions><gpxtpx:TrackPointExtension><gpxtpx:hr>118</gpxtpx:hr></gpxtpx:TrackPointExtension></extensions></trkpt>
      <trkpt lat="59.330845" lon="18.077615"><ele>4.8</ele><time>2026-09-05T07:42:40.000Z</time><extensions><gpxtpx:TrackPointExtension><gpxtpx:hr>118</gpxtpx:hr></gpxtpx:TrackPointExtension></extensions></trkpt>
      <trkpt lat="59.330838" lon="18.077638"><ele>4.6</ele><time>2026-09-05T07:42:41.000Z</time><extensions><gpxtpx:TrackPointExtension><gpxtpx:hr>118</gpxtpx:hr></gpxtpx:TrackPointExtension></extensions></trkpt>
      <trkpt lat="59.330832" lon="18.077655"><ele>4.6</ele><time>2026-09-05T07:42:42.000Z</time><extensions><gpxtpx:TrackPointExtension><gpxtpx:hr>118</gpxtpx:hr></gpxtpx:TrackPointExtension></extensions></trkpt>
      <trkpt lat="59.3308" lon="18.07776"><ele>4.2</ele><time>2026-09-05T07:42:51.000Z</time><extensions><gpxtpx:TrackPointExtension><gpxtpx:hr>126</gpxtpx:hr></gpxtpx:TrackPointExtension></extensions></trkpt>
      <trkpt lat="59.330788" lon="18.077789"><ele>4.2</ele><time>2026-09-05T07:42:52.000Z</time><extensions><gpxtpx:TrackPointExtension><gpxtpx:hr>126</gpxtpx:hr></gpxtpx:TrackPointExtension></extensions></trkpt>
      <trkpt lat="59.330774" lon="18.077822"><ele>4.2</ele><time>2026-09-05T07:42:53.000Z</time><extensions><gpxtpx:TrackPointExtension><gpxtpx:hr>126</gpxtpx:hr></gpxtpx:TrackPointExtension></extensions></trkpt>
      <trkpt lat="59.33076" lon="18.077856"><ele>4.2</ele><time>2026-09-05T07:42:54.000Z</time><extensions><gpxtpx:TrackPointExtension><gpxtpx:hr>126</gpxtpx:hr></gpxtpx:TrackPointExtension></extensions></trkpt>
      <trkpt lat="59.330745" lon="18.077891"><ele>4</ele><time>2026-09-05T07:42:55.000Z</time><extensions><gpxtpx:TrackPointExtension><gpxtpx:hr>126</gpxtpx:hr></gpxtpx:TrackPointExtension></extensions></trkpt>
      <trkpt lat="59.330729" lon="18.077927"><ele>4</ele><time>2026-09-05T07:42:56.000Z</time><extensions><gpxtpx:TrackPointExtension><gpxtpx:hr>126</gpxtpx:hr></gpxtpx:TrackPointExtension></extensions></trkpt>
      <trkpt lat="59.330714" lon="18.077962"><ele>4</ele><time>2026-09-05T07:42:57.000Z</time><extensions><gpxtpx:TrackPointExtension><gpxtpx:hr>126</gpxtpx:hr></gpxtpx:TrackPointExtension></extensions></trkpt>
      <trkpt lat="59.330698" lon="18.077998"><ele>4</ele><time>2026-09-05T07:42:58.000Z</time><extensions><gpxtpx:TrackPointExtension><gpxtpx:hr>121</gpxtpx:hr></gpxtpx:TrackPointExtension></extensions></trkpt>
      <trkpt lat="59.330682" lon="18.078034"><ele>3.8</ele><time>2026-09-05T07:42:59.000Z</time><extensions><gpxtpx:TrackPointExtension><gpxtpx:hr>121</gpxtpx:hr></gpxtpx:TrackPointExtension></extensions></trkpt>
      <trkpt lat="59.330667" lon="18.078069"><ele>3.8</ele><time>2026-09-05T07:43:00.000Z</time><extensions><gpxtpx:TrackPointExtension><gpxtpx:hr>121</gpxtpx:hr></gpxtpx:TrackPointExtension></extensions></trkpt>
      <trkpt lat="59.330651" lon="18.078105"><ele>3.8</ele><time>2026-09-05T07:43:01.000Z</time><extensions><gpxtpx:TrackPointExtension><gpxtpx:hr>121</gpxtpx:hr></gpxtpx:TrackPointExtension></extensions></trkpt>
      <trkpt lat="59.330635" lon="18.07814"><ele>3.8</ele><time>2026-09-05T07:43:02.000Z</time><extensions><gpxtpx:TrackPointExtension><gpxtpx:hr>121</gpxtpx:hr></gpxtpx:TrackPointExtension></extensions></trkpt>
      <trkpt lat="59.330619" lon="18.078175"><ele>3.6</ele><time>2026-09-05T07:43:03.000Z</time><extensions><gpxtpx:TrackPointExtension><gpxtpx:hr>121</gpxtpx:hr></gpxtpx:TrackPointExtension></extensions></trkpt>
      <trkpt lat="59.330604" lon="18.078209"><ele>3.6</ele><time>2026-09-05T07:43:04.000Z</time><extensions><gpxtpx:TrackPointExtension><gpxtpx:hr>121</gpxtpx:hr></gpxtpx:TrackPointExtension></extensions></trkpt>
      <trkpt lat="59.330588" lon="18.078243"><ele>3.6</ele><time>2026-09-05T07:43:05.000Z</time><extensions><gpxtpx:TrackPointExtension><gpxtpx:hr>121</gpxtpx:hr></gpxtpx:TrackPointExtension></extensions></trkpt>
      <trkpt lat="59.330573" lon="18.078276"><ele>3.6</ele><time>2026-09-05T07:43:06.000Z</time><extensions><gpxtpx:TrackPointExtension><gpxtpx:hr>122</gpxtpx:hr></gpxtpx:TrackPointExtension></extensions></trkpt>
      <trkpt lat="59.330557" lon="18.07831"><ele>3.6</ele><time>2026-09-05T07:43:07.000Z</time><extensions><gpxtpx:TrackPointExtension><gpxtpx:hr>122</gpxtpx:hr></gpxtpx:TrackPointExtension></extensions></trkpt>
      <trkpt lat="59.330542" lon="18.078344"><ele>3.4</ele><time>2026-09-05T07:43:08.000Z</time><extensions><gpxtpx:TrackPointExtension><gpxtpx:hr>122</gpxtpx:hr></gpxtpx:TrackPointExtension></extensions></trkpt>
      <trkpt lat="59.330526" lon="18.078377"><ele>3.4</ele><time>2026-09-05T07:43:09.000Z</time><extensions><gpxtpx:TrackPointExtension><gpxtpx:hr>122</gpxtpx:hr></gpxtpx:TrackPointExtension></extensions></trkpt>
      <trkpt lat="59.33051" lon="18.07841"><ele>3.4</ele><time>2026-09-05T07:43:10.000Z</time><extensions><gpxtpx:TrackPointExtension><gpxtpx:hr>122</gpxtpx:hr></gpxtpx:TrackPointExtension></extensions></trkpt>
      <trkpt lat="59.330496" lon="18.078443"><ele>3.4</ele><time>2026-09-05T07:43:11.000Z</time><extensions><gpxtpx:TrackPointExtension><gpxtpx:hr>122</gpxtpx:hr></gpxtpx:TrackPointExtension></extensions></trkpt>
      <trkpt lat="59.330481" lon="18.078475"><ele>3.4</ele><time>2026-09-05T07:43:12.000Z</time><extensions><gpxtpx:TrackPointExtension><gpxtpx:hr>120</gpxtpx:hr></gpxtpx:TrackPointExtension></extensions></trkpt>
      <trkpt lat="59.330466" lon="18.078506"><ele>3.2</ele><time>2026-09-05T07:43:13.000Z</time><extensions><gpxtpx:TrackPointExtension><gpxtpx:hr>120</gpxtpx:hr></gpxtpx:TrackPointExtension></extensions></trkpt>
      <trkpt lat="59.330451" lon="18.078538"><ele>3.2</ele><time>2026-09-05T07:43:14.000Z</time><extensions><gpxtpx:TrackPointExtension><gpxtpx:hr>120</gpxtpx:hr></gpxtpx:TrackPointExtension></extensions></trkpt>
      <trkpt lat="59.330437" lon="18.07857"><ele>3.2</ele><time>2026-09-05T07:43:15.000Z</time><extensions><gpxtpx:TrackPointExtension><gpxtpx:hr>120</gpxtpx:hr></gpxtpx:TrackPointExtension></extensions></trkpt>
      <trkpt lat="59.330422" lon="18.078602"><ele>3.2</ele><time>2026-09-05T07:43:16.000Z</time><extensions><gpxtpx:TrackPointExtension><gpxtpx:hr>120</gpxtpx:hr></gpxtpx:TrackPointExtension></extensions></trkpt>
      <trkpt lat="59.330407" lon="18.078635"><ele>3.2</ele><time>2026-09-05T07:43:17.000Z</time><extensions><gpxtpx:TrackPointExtension><gpxtpx:hr>125</gpxtpx:hr></gpxtpx:TrackPointExtension></extensions></trkpt>
      <trkpt lat="59.330392" lon="18.078667"><ele>3.2</ele><time>2026-09-05T07:43:18.000Z</time><extensions><gpxtpx:TrackPointExtension><gpxtpx:hr>125</gpxtpx:hr></gpxtpx:TrackPointExtension></extensions></trkpt>
      <trkpt lat="59.330378" lon="18.078699"><ele>3.2</ele><time>2026-09-05T07:43:19.000Z</time><extensions><gpxtpx:TrackPointExtension><gpxtpx:hr>125</gpxtpx:hr></gpxtpx:TrackPointExtension></extensions></trkpt>
      <trkpt lat="59.330364" lon="18.078729"><ele>3.2</ele><time>2026-09-05T07:43:20.000Z</time><extensions><gpxtpx:TrackPointExtension><gpxtpx:hr>125</gpxtpx:hr></gpxtpx:TrackPointExtension></extensions></trkpt>
      <trkpt lat="59.33035" lon="18.078758"><ele>3.2</ele><time>2026-09-05T07:43:21.000Z</time><extensions><gpxtpx:TrackPointExtension><gpxtpx:hr>126</gpxtpx:hr></gpxtpx:TrackPointExtension></extensions></trkpt>
      <trkpt lat="59.330336" lon="18.078787"><ele>3.2</ele><time>2026-09-05T07:43:22.000Z</time><extensions><gpxtpx:TrackPointExtension><gpxtpx:hr>126</gpxtpx:hr></gpxtpx:TrackPointExtension></extensions></trkpt>
      <trkpt lat="59.330323" lon="18.078814"><ele>3.2</ele><time>2026-09-05T07:43:23.000Z</time><extensions><gpxtpx:TrackPointExtension><gpxtpx:hr>126</gpxtpx:hr></gpxtpx:TrackPointExtension></extensions></trkpt>
      <trkpt lat="59.330309" lon="18.078841"><ele>3.2</ele><time>2026-09-05T07:43:24.000Z</time><extensions><gpxtpx:TrackPointExtension><gpxtpx:hr>126</gpxtpx:hr></gpxtpx:TrackPointExtension></extensions></trkpt>
      <trkpt lat="59.330296" lon="18.078868"><ele>3.2</ele><time>2026-09-05T07:43:25.000Z</time><extensions><gpxtpx:TrackPointExtension><gpxtpx:hr>127</gpxtpx:hr></gpxtpx:TrackPointExtension></extensions></trkpt>
      <trkpt lat="59.330283" lon="18.078894"><ele>3.2</ele><time>2026-09-05T07:43:26.000Z</time><extensions><gpxtpx:TrackPointExtension><gpxtpx:hr>127</gpxtpx:hr></gpxtpx:TrackPointExtension></extensions></trkpt>
      <trkpt lat="59.33027" lon="18.07892"><ele>3.2</ele><time>2026-09-05T07:43:27.000Z</time><extensions><gpxtpx:TrackPointExtension><gpxtpx:hr>127</gpxtpx:hr></gpxtpx:TrackPointExtension></extensions></trkpt>
      <trkpt lat="59.330259" lon="18.078947"><ele>3.2</ele><time>2026-09-05T07:43:28.000Z</time><extensions><gpxtpx:TrackPointExtension><gpxtpx:hr>127</gpxtpx:hr></gpxtpx:TrackPointExtension></extensions></trkpt>
      <trkpt lat="59.330249" lon="18.078974"><ele>3.4</ele><time>2026-09-05T07:43:29.000Z</time><extensions><gpxtpx:TrackPointExtension><gpxtpx:hr>127</gpxtpx:hr></gpxtpx:TrackPointExtension></extensions></trkpt>
      <trkpt lat="59.330237" lon="18.078995"><ele>3.4</ele><time>2026-09-05T07:43:30.000Z</time><extensions><gpxtpx:TrackPointExtension><gpxtpx:hr>127</gpxtpx:hr></gpxtpx:TrackPointExtension></extensions></trkpt>
      <trkpt lat="59.330224" lon="18.07901"><ele>3.4</ele><time>2026-09-05T07:43:31.000Z</time><extensions><gpxtpx:TrackPointExtension><gpxtpx:hr>127</gpxtpx:hr></gpxtpx:TrackPointExtension></extensions></trkpt>
      <trkpt lat="59.33021" lon="18.07902"><ele>3.6</ele><time>2026-09-05T07:43:32.000Z</time><extensions><gpxtpx:TrackPointExtension><gpxtpx:hr>127</gpxtpx:hr></gpxtpx:TrackPointExtension></extensions></trkpt>
      <trkpt lat="59.330195" lon="18.079015"><ele>3.8</ele><time>2026-09-05T07:43:33.000Z</time><extensions><gpxtpx:TrackPointExtension><gpxtpx:hr>123</gpxtpx:hr></gpxtpx:TrackPointExtension></extensions></trkpt>
      <trkpt lat="59.330178" lon="18.078994"><ele>3.8</ele><time>2026-09-05T07:43:34.000Z</time><extensions><gpxtpx:TrackPointExtension><gpxtpx:hr>123</gpxtpx:hr></gpxtpx:TrackPointExtension></extensions></trkpt>
      <trkpt lat="59.330158" lon="18.078966"><ele>4</ele><time>2026-09-05T07:43:35.000Z</time><extensions><gpxtpx:TrackPointExtension><gpxtpx:hr>123</gpxtpx:hr></gpxtpx:TrackPointExtension></extensions></trkpt>
      <trkpt lat="59.330139" lon="18.078936"><ele>4</ele><time>2026-09-05T07:43:36.000Z</time><extensions><gpxtpx:TrackPointExtension><gpxtpx:hr>123</gpxtpx:hr></gpxtpx:TrackPointExtension></extensions></trkpt>
      <trkpt lat="59.330119" lon="18.078906"><ele>4.2</ele><time>2026-09-05T07:43:37.000Z</time><extensions><gpxtpx:TrackPointExtension><gpxtpx:hr>123</gpxtpx:hr></gpxtpx:TrackPointExtension></extensions></trkpt>
      <trkpt lat="59.3301" lon="18.078876"><ele>4.2</ele><time>2026-09-05T07:43:38.000Z</time><extensions><gpxtpx:TrackPointExtension><gpxtpx:hr>122</gpxtpx:hr></gpxtpx:TrackPointExtension></extensions></trkpt>
      <trkpt lat="59.330082" lon="18.078847"><ele>4.4</ele><time>2026-09-05T07:43:39.000Z</time><extensions><gpxtpx:TrackPointExtension><gpxtpx:hr>122</gpxtpx:hr></gpxtpx:TrackPointExtension></extensions></trkpt>
      <trkpt lat="59.330064" lon="18.078818"><ele>4.4</ele><time>2026-09-05T07:43:40.000Z</time><extensions><gpxtpx:TrackPointExtension><gpxtpx:hr>122</gpxtpx:hr></gpxtpx:TrackPointExtension></extensions></trkpt>
      <trkpt lat="59.330046" lon="18.07879"><ele>4.4</ele><time>2026-09-05T07:43:41.000Z</time><extensions><gpxtpx:TrackPointExtension><gpxtpx:hr>122</gpxtpx:hr></gpxtpx:TrackPointExtension></extensions></trkpt>
      <trkpt lat="59.330028" lon="18.078761"><ele>4.4</ele><time>2026-09-05T07:43:42.000Z</time><extensions><gpxtpx:TrackPointExtension><gpxtpx:hr>122</gpxtpx:hr></gpxtpx:TrackPointExtension></extensions></trkpt>
      <trkpt lat="59.33001" lon="18.078732"><ele>4.4</ele><time>2026-09-05T07:43:43.000Z</time><extensions><gpxtpx:TrackPointExtension><gpxtpx:hr>122</gpxtpx:hr></gpxtpx:TrackPointExtension></extensions></trkpt>
      <trkpt lat="59.329992" lon="18.078703"><ele>4.4</ele><time>2026-09-05T07:43:44.000Z</time><extensions><gpxtpx:TrackPointExtension><gpxtpx:hr>122</gpxtpx:hr></gpxtpx:TrackPointExtension></extensions></trkpt>
      <trkpt lat="59.329974" lon="18.078674"><ele>4.6</ele><time>2026-09-05T07:43:45.000Z</time><extensions><gpxtpx:TrackPointExtension><gpxtpx:hr>122</gpxtpx:hr></gpxtpx:TrackPointExtension></extensions></trkpt>
      <trkpt lat="59.329955" lon="18.078643"><ele>4.6</ele><time>2026-09-05T07:43:46.000Z</time><extensions><gpxtpx:TrackPointExtension><gpxtpx:hr>122</gpxtpx:hr></gpxtpx:TrackPointExtension></extensions></trkpt>
      <trkpt lat="59.329936" lon="18.078613"><ele>4.6</ele><time>2026-09-05T07:43:47.000Z</time><extensions><gpxtpx:TrackPointExtension><gpxtpx:hr>122</gpxtpx:hr></gpxtpx:TrackPointExtension></extensions></trkpt>
      <trkpt lat="59.329917" lon="18.078584"><ele>4.8</ele><time>2026-09-05T07:43:48.000Z</time><extensions><gpxtpx:TrackPointExtension><gpxtpx:hr>122</gpxtpx:hr></gpxtpx:TrackPointExtension></extensions></trkpt>
      <trkpt lat="59.329899" lon="18.078555"><ele>4.8</ele><time>2026-09-05T07:43:49.000Z</time><extensions><gpxtpx:TrackPointExtension><gpxtpx:hr>122</gpxtpx:hr></gpxtpx:TrackPointExtension></extensions></trkpt>
      <trkpt lat="59.329881" lon="18.078527"><ele>4.8</ele><time>2026-09-05T07:43:50.000Z</time><extensions><gpxtpx:TrackPointExtension><gpxtpx:hr>122</gpxtpx:hr></gpxtpx:TrackPointExtension></extensions></trkpt>
      <trkpt lat="59.329862" lon="18.078497"><ele>5</ele><time>2026-09-05T07:43:51.000Z</time><extensions><gpxtpx:TrackPointExtension><gpxtpx:hr>122</gpxtpx:hr></gpxtpx:TrackPointExtension></extensions></trkpt>
      <trkpt lat="59.329844" lon="18.078468"><ele>5</ele><time>2026-09-05T07:43:52.000Z</time><extensions><gpxtpx:TrackPointExtension><gpxtpx:hr>122</gpxtpx:hr></gpxtpx:TrackPointExtension></extensions></trkpt>
      <trkpt lat="59.329826" lon="18.078438"><ele>5</ele><time>2026-09-05T07:43:53.000Z</time><extensions><gpxtpx:TrackPointExtension><gpxtpx:hr>126</gpxtpx:hr></gpxtpx:TrackPointExtension></extensions></trkpt>
      <trkpt lat="59.329808" lon="18.078407"><ele>5</ele><time>2026-09-05T07:43:54.000Z</time><extensions><gpxtpx:TrackPointExtension><gpxtpx:hr>126</gpxtpx:hr></gpxtpx:TrackPointExtension></extensions></trkpt>
      <trkpt lat="59.329792" lon="18.078373"><ele>5.2</ele><time>2026-09-05T07:43:55.000Z</time><extensions><gpxtpx:TrackPointExtension><gpxtpx:hr>126</gpxtpx:hr></gpxtpx:TrackPointExtension></extensions></trkpt>
      <trkpt lat="59.329775" lon="18.078338"><ele>5.2</ele><time>2026-09-05T07:43:56.000Z</time><extensions><gpxtpx:TrackPointExtension><gpxtpx:hr>126</gpxtpx:hr></gpxtpx:TrackPointExtension></extensions></trkpt>
      <trkpt lat="59.329759" lon="18.078304"><ele>5.2</ele><time>2026-09-05T07:43:57.000Z</time><extensions><gpxtpx:TrackPointExtension><gpxtpx:hr>128</gpxtpx:hr></gpxtpx:TrackPointExtension></extensions></trkpt>
      <trkpt lat="59.329741" lon="18.078272"><ele>5.2</ele><time>2026-09-05T07:43:58.000Z</time><extensions><gpxtpx:TrackPointExtension><gpxtpx:hr>128</gpxtpx:hr></gpxtpx:TrackPointExtension></extensions></trkpt>
      <trkpt lat="59.329724" lon="18.07824"><ele>5.2</ele><time>2026-09-05T07:43:59.000Z</time><extensions><gpxtpx:TrackPointExtension><gpxtpx:hr>128</gpxtpx:hr></gpxtpx:TrackPointExtension></extensions></trkpt>
      <trkpt lat="59.329706" lon="18.078209"><ele>5.2</ele><time>2026-09-05T07:44:00.000Z</time><extensions><gpxtpx:TrackPointExtension><gpxtpx:hr>128</gpxtpx:hr></gpxtpx:TrackPointExtension></extensions></trkpt>
      <trkpt lat="59.329687" lon="18.078177"><ele>5.2</ele><time>2026-09-05T07:44:01.000Z</time><extensions><gpxtpx:TrackPointExtension><gpxtpx:hr>128</gpxtpx:hr></gpxtpx:TrackPointExtension></extensions></trkpt>
      <trkpt lat="59.329669" lon="18.078145"><ele>5.2</ele><time>2026-09-05T07:44:02.000Z</time><extensions><gpxtpx:TrackPointExtension><gpxtpx:hr>128</gpxtpx:hr></gpxtpx:TrackPointExtension></extensions></trkpt>
      <trkpt lat="59.32965" lon="18.078113"><ele>5.2</ele><time>2026-09-05T07:44:03.000Z</time><extensions><gpxtpx:TrackPointExtension><gpxtpx:hr>128</gpxtpx:hr></gpxtpx:TrackPointExtension></extensions></trkpt>
      <trkpt lat="59.329631" lon="18.07808"><ele>5.2</ele><time>2026-09-05T07:44:04.000Z</time><extensions><gpxtpx:TrackPointExtension><gpxtpx:hr>128</gpxtpx:hr></gpxtpx:TrackPointExtension></extensions></trkpt>
      <trkpt lat="59.329613" lon="18.078047"><ele>5.2</ele><time>2026-09-05T07:44:05.000Z</time><extensions><gpxtpx:TrackPointExtension><gpxtpx:hr>128</gpxtpx:hr></gpxtpx:TrackPointExtension></extensions></trkpt>
      <trkpt lat="59.329595" lon="18.078014"><ele>5.4</ele><time>2026-09-05T07:44:06.000Z</time><extensions><gpxtpx:TrackPointExtension><gpxtpx:hr>128</gpxtpx:hr></gpxtpx:TrackPointExtension></extensions></trkpt>
      <trkpt lat="59.329577" lon="18.077979"><ele>5.4</ele><time>2026-09-05T07:44:07.000Z</time><extensions><gpxtpx:TrackPointExtension><gpxtpx:hr>128</gpxtpx:hr></gpxtpx:TrackPointExtension></extensions></trkpt>
      <trkpt lat="59.32956" lon="18.077943"><ele>5.4</ele><time>2026-09-05T07:44:08.000Z</time><extensions><gpxtpx:TrackPointExtension><gpxtpx:hr>131</gpxtpx:hr></gpxtpx:TrackPointExtension></extensions></trkpt>
      <trkpt lat="59.329543" lon="18.077906"><ele>5.4</ele><time>2026-09-05T07:44:09.000Z</time><extensions><gpxtpx:TrackPointExtension><gpxtpx:hr>131</gpxtpx:hr></gpxtpx:TrackPointExtension></extensions></trkpt>
      <trkpt lat="59.329527" lon="18.077867"><ele>5.2</ele><time>2026-09-05T07:44:10.000Z</time><extensions><gpxtpx:TrackPointExtension><gpxtpx:hr>132</gpxtpx:hr></gpxtpx:TrackPointExtension></extensions></trkpt>
      <trkpt lat="59.329511" lon="18.077825"><ele>5.2</ele><time>2026-09-05T07:44:11.000Z</time><extensions><gpxtpx:TrackPointExtension><gpxtpx:hr>132</gpxtpx:hr></gpxtpx:TrackPointExtension></extensions></trkpt>
      <trkpt lat="59.329496" lon="18.077781"><ele>5.2</ele><time>2026-09-05T07:44:12.000Z</time><extensions><gpxtpx:TrackPointExtension><gpxtpx:hr>132</gpxtpx:hr></gpxtpx:TrackPointExtension></extensions></trkpt>
      <trkpt lat="59.329483" lon="18.077736"><ele>5.2</ele><time>2026-09-05T07:44:13.000Z</time><extensions><gpxtpx:TrackPointExtension><gpxtpx:hr>132</gpxtpx:hr></gpxtpx:TrackPointExtension></extensions></trkpt>
      <trkpt lat="59.329471" lon="18.07769"><ele>5.2</ele><time>2026-09-05T07:44:14.000Z</time><extensions><gpxtpx:TrackPointExtension><gpxtpx:hr>132</gpxtpx:hr></gpxtpx:TrackPointExtension></extensions></trkpt>
      <trkpt lat="59.329459" lon="18.077646"><ele>5</ele><time>2026-09-05T07:44:15.000Z</time><extensions><gpxtpx:TrackPointExtension><gpxtpx:hr>132</gpxtpx:hr></gpxtpx:TrackPointExtension></extensions></trkpt>
      <trkpt lat="59.329445" lon="18.077606"><ele>5</ele><time>2026-09-05T07:44:16.000Z</time><extensions><gpxtpx:TrackPointExtension><gpxtpx:hr>132</gpxtpx:hr></gpxtpx:TrackPointExtension></extensions></trkpt>
      <trkpt lat="59.329429" lon="18.077569"><ele>5</ele><time>2026-09-05T07:44:17.000Z</time><extensions><gpxtpx:TrackPointExtension><gpxtpx:hr>133</gpxtpx:hr></gpxtpx:TrackPointExtension></extensions></trkpt>
      <trkpt lat="59.329412" lon="18.077533"><ele>5</ele><time>2026-09-05T07:44:18.000Z</time><extensions><gpxtpx:TrackPointExtension><gpxtpx:hr>133</gpxtpx:hr></gpxtpx:TrackPointExtension></extensions></trkpt>
      <trkpt lat="59.329395" lon="18.0775"><ele>5</ele><time>2026-09-05T07:44:19.000Z</time><extensions><gpxtpx:TrackPointExtension><gpxtpx:hr>133</gpxtpx:hr></gpxtpx:TrackPointExtension></extensions></trkpt>
      <trkpt lat="59.329377" lon="18.077468"><ele>5</ele><time>2026-09-05T07:44:20.000Z</time><extensions><gpxtpx:TrackPointExtension><gpxtpx:hr>133</gpxtpx:hr></gpxtpx:TrackPointExtension></extensions></trkpt>
      <trkpt lat="59.329359" lon="18.077437"><ele>5</ele><time>2026-09-05T07:44:21.000Z</time><extensions><gpxtpx:TrackPointExtension><gpxtpx:hr>133</gpxtpx:hr></gpxtpx:TrackPointExtension></extensions></trkpt>
      <trkpt lat="59.32934" lon="18.077405"><ele>5</ele><time>2026-09-05T07:44:22.000Z</time><extensions><gpxtpx:TrackPointExtension><gpxtpx:hr>133</gpxtpx:hr></gpxtpx:TrackPointExtension></extensions></trkpt>
      <trkpt lat="59.329323" lon="18.077371"><ele>5</ele><time>2026-09-05T07:44:23.000Z</time><extensions><gpxtpx:TrackPointExtension><gpxtpx:hr>135</gpxtpx:hr></gpxtpx:TrackPointExtension></extensions></trkpt>
      <trkpt lat="59.329307" lon="18.077335"><ele>5</ele><time>2026-09-05T07:44:24.000Z</time><extensions><gpxtpx:TrackPointExtension><gpxtpx:hr>135</gpxtpx:hr></gpxtpx:TrackPointExtension></extensions></trkpt>
      <trkpt lat="59.32929" lon="18.077297"><ele>5</ele><time>2026-09-05T07:44:25.000Z</time><extensions><gpxtpx:TrackPointExtension><gpxtpx:hr>135</gpxtpx:hr></gpxtpx:TrackPointExtension></extensions></trkpt>
      <trkpt lat="59.329274" lon="18.077259"><ele>5</ele><time>2026-09-05T07:44:26.000Z</time><extensions><gpxtpx:TrackPointExtension><gpxtpx:hr>135</gpxtpx:hr></gpxtpx:TrackPointExtension></extensions></trkpt>
      <trkpt lat="59.329256" lon="18.077222"><ele>5</ele><time>2026-09-05T07:44:27.000Z</time><extensions><gpxtpx:TrackPointExtension><gpxtpx:hr>135</gpxtpx:hr></gpxtpx:TrackPointExtension></extensions></trkpt>
      <trkpt lat="59.329238" lon="18.077187"><ele>5</ele><time>2026-09-05T07:44:28.000Z</time><extensions><gpxtpx:TrackPointExtension><gpxtpx:hr>133</gpxtpx:hr></gpxtpx:TrackPointExtension></extensions></trkpt>
      <trkpt lat="59.32922" lon="18.077153"><ele>5</ele><time>2026-09-05T07:44:29.000Z</time><extensions><gpxtpx:TrackPointExtension><gpxtpx:hr>133</gpxtpx:hr></gpxtpx:TrackPointExtension></extensions></trkpt>
      <trkpt lat="59.329201" lon="18.077122"><ele>5.2</ele><time>2026-09-05T07:44:30.000Z</time><extensions><gpxtpx:TrackPointExtension><gpxtpx:hr>133</gpxtpx:hr></gpxtpx:TrackPointExtension></extensions></trkpt>
      <trkpt lat="59.329181" lon="18.077094"><ele>5.2</ele><time>2026-09-05T07:44:31.000Z</time><extensions><gpxtpx:TrackPointExtension><gpxtpx:hr>133</gpxtpx:hr></gpxtpx:TrackPointExtension></extensions></trkpt>
      <trkpt lat="59.32916" lon="18.077067"><ele>5.2</ele><time>2026-09-05T07:44:32.000Z</time><extensions><gpxtpx:TrackPointExtension><gpxtpx:hr>133</gpxtpx:hr></gpxtpx:TrackPointExtension></extensions></trkpt>
      <trkpt lat="59.329139" lon="18.077042"><ele>5.2</ele><time>2026-09-05T07:44:33.000Z</time><extensions><gpxtpx:TrackPointExtension><gpxtpx:hr>133</gpxtpx:hr></gpxtpx:TrackPointExtension></extensions></trkpt>
      <trkpt lat="59.329118" lon="18.077016"><ele>5.2</ele><time>2026-09-05T07:44:34.000Z</time><extensions><gpxtpx:TrackPointExtension><gpxtpx:hr>134</gpxtpx:hr></gpxtpx:TrackPointExtension></extensions></trkpt>
      <trkpt lat="59.329098" lon="18.076992"><ele>5.2</ele><time>2026-09-05T07:44:35.000Z</time><extensions><gpxtpx:TrackPointExtension><gpxtpx:hr>134</gpxtpx:hr></gpxtpx:TrackPointExtension></extensions></trkpt>
      <trkpt lat="59.329078" lon="18.076966"><ele>5.2</ele><time>2026-09-05T07:44:36.000Z</time><extensions><gpxtpx:TrackPointExtension><gpxtpx:hr>134</gpxtpx:hr></gpxtpx:TrackPointExtension></extensions></trkpt>
      <trkpt lat="59.329058" lon="18.076937"><ele>5.2</ele><time>2026-09-05T07:44:37.000Z</time><extensions><gpxtpx:TrackPointExtension><gpxtpx:hr>134</gpxtpx:hr></gpxtpx:TrackPointExtension></extensions></trkpt>
      <trkpt lat="59.32904" lon="18.076906"><ele>5.2</ele><time>2026-09-05T07:44:38.000Z</time><extensions><gpxtpx:TrackPointExtension><gpxtpx:hr>134</gpxtpx:hr></gpxtpx:TrackPointExtension></extensions></trkpt>
      <trkpt lat="59.329023" lon="18.076874"><ele>5.2</ele><time>2026-09-05T07:44:39.000Z</time><extensions><gpxtpx:TrackPointExtension><gpxtpx:hr>134</gpxtpx:hr></gpxtpx:TrackPointExtension></extensions></trkpt>
      <trkpt lat="59.329008" lon="18.076839"><ele>5.2</ele><time>2026-09-05T07:44:40.000Z</time><extensions><gpxtpx:TrackPointExtension><gpxtpx:hr>134</gpxtpx:hr></gpxtpx:TrackPointExtension></extensions></trkpt>
      <trkpt lat="59.328994" lon="18.076802"><ele>5.2</ele><time>2026-09-05T07:44:41.000Z</time><extensions><gpxtpx:TrackPointExtension><gpxtpx:hr>134</gpxtpx:hr></gpxtpx:TrackPointExtension></extensions></trkpt>
      <trkpt lat="59.328981" lon="18.076764"><ele>5.2</ele><time>2026-09-05T07:44:42.000Z</time><extensions><gpxtpx:TrackPointExtension><gpxtpx:hr>136</gpxtpx:hr></gpxtpx:TrackPointExtension></extensions></trkpt>
      <trkpt lat="59.328969" lon="18.076725"><ele>5</ele><time>2026-09-05T07:44:43.000Z</time><extensions><gpxtpx:TrackPointExtension><gpxtpx:hr>136</gpxtpx:hr></gpxtpx:TrackPointExtension></extensions></trkpt>
      <trkpt lat="59.328957" lon="18.076684"><ele>5</ele><time>2026-09-05T07:44:44.000Z</time><extensions><gpxtpx:TrackPointExtension><gpxtpx:hr>136</gpxtpx:hr></gpxtpx:TrackPointExtension></extensions></trkpt>
      <trkpt lat="59.328945" lon="18.076642"><ele>5</ele><time>2026-09-05T07:44:45.000Z</time><extensions><gpxtpx:TrackPointExtension><gpxtpx:hr>136</gpxtpx:hr></gpxtpx:TrackPointExtension></extensions></trkpt>
      <trkpt lat="59.328934" lon="18.076599"><ele>5</ele><time>2026-09-05T07:44:46.000Z</time><extensions><gpxtpx:TrackPointExtension><gpxtpx:hr>136</gpxtpx:hr></gpxtpx:TrackPointExtension></extensions></trkpt>
      <trkpt lat="59.328923" lon="18.076553"><ele>5</ele><time>2026-09-05T07:44:47.000Z</time><extensions><gpxtpx:TrackPointExtension><gpxtpx:hr>137</gpxtpx:hr></gpxtpx:TrackPointExtension></extensions></trkpt>
      <trkpt lat="59.328912" lon="18.076508"><ele>4.8</ele><time>2026-09-05T07:44:48.000Z</time><extensions><gpxtpx:TrackPointExtension><gpxtpx:hr>137</gpxtpx:hr></gpxtpx:TrackPointExtension></extensions></trkpt>
      <trkpt lat="59.328903" lon="18.076463"><ele>4.8</ele><time>2026-09-05T07:44:49.000Z</time><extensions><gpxtpx:TrackPointExtension><gpxtpx:hr>137</gpxtpx:hr></gpxtpx:TrackPointExtension></extensions></trkpt>
      <trkpt lat="59.328896" lon="18.076419"><ele>4.8</ele><time>2026-09-05T07:44:50.000Z</time><extensions><gpxtpx:TrackPointExtension><gpxtpx:hr>137</gpxtpx:hr></gpxtpx:TrackPointExtension></extensions></trkpt>
      <trkpt lat="59.328891" lon="18.076374"><ele>4.6</ele><time>2026-09-05T07:44:51.000Z</time><extensions><gpxtpx:TrackPointExtension><gpxtpx:hr>137</gpxtpx:hr></gpxtpx:TrackPointExtension></extensions></trkpt>
      <trkpt lat="59.328889" lon="18.07633"><ele>4.6</ele><time>2026-09-05T07:44:52.000Z</time><extensions><gpxtpx:TrackPointExtension><gpxtpx:hr>137</gpxtpx:hr></gpxtpx:TrackPointExtension></extensions></trkpt>
      <trkpt lat="59.328891" lon="18.076286"><ele>4.6</ele><time>2026-09-05T07:44:53.000Z</time><extensions><gpxtpx:TrackPointExtension><gpxtpx:hr>135</gpxtpx:hr></gpxtpx:TrackPointExtension></extensions></trkpt>
      <trkpt lat="59.328896" lon="18.076242"><ele>4.6</ele><time>2026-09-05T07:44:54.000Z</time><extensions><gpxtpx:TrackPointExtension><gpxtpx:hr>136</gpxtpx:hr></gpxtpx:TrackPointExtension></extensions></trkpt>
      <trkpt lat="59.328904" lon="18.076201"><ele>4.4</ele><time>2026-09-05T07:44:55.000Z</time><extensions><gpxtpx:TrackPointExtension><gpxtpx:hr>136</gpxtpx:hr></gpxtpx:TrackPointExtension></extensions></trkpt>
      <trkpt lat="59.328916" lon="18.076161"><ele>4.4</ele><time>2026-09-05T07:44:56.000Z</time><extensions><gpxtpx:TrackPointExtension><gpxtpx:hr>136</gpxtpx:hr></gpxtpx:TrackPointExtension></extensions></trkpt>
      <trkpt lat="59.32893" lon="18.076125"><ele>4.4</ele><time>2026-09-05T07:44:57.000Z</time><extensions><gpxtpx:TrackPointExtension><gpxtpx:hr>136</gpxtpx:hr></gpxtpx:TrackPointExtension></extensions></trkpt>
      <trkpt lat="59.328946" lon="18.076092"><ele>4.4</ele><time>2026-09-05T07:44:58.000Z</time><extensions><gpxtpx:TrackPointExtension><gpxtpx:hr>136</gpxtpx:hr></gpxtpx:TrackPointExtension></extensions></trkpt>
      <trkpt lat="59.328961" lon="18.076062"><ele>4.4</ele><time>2026-09-05T07:44:59.000Z</time><extensions><gpxtpx:TrackPointExtension><gpxtpx:hr>136</gpxtpx:hr></gpxtpx:TrackPointExtension></extensions></trkpt>
      <trkpt lat="59.328975" lon="18.076032"><ele>4.4</ele><time>2026-09-05T07:45:00.000Z</time><extensions><gpxtpx:TrackPointExtension><gpxtpx:hr>136</gpxtpx:hr></gpxtpx:TrackPointExtension></extensions></trkpt>
      <trkpt lat="59.32899" lon="18.076001"><ele>4.4</ele><time>2026-09-05T07:45:01.000Z</time><extensions><gpxtpx:TrackPointExtension><gpxtpx:hr>136</gpxtpx:hr></gpxtpx:TrackPointExtension></extensions></trkpt>
      <trkpt lat="59.329005" lon="18.075969"><ele>4.4</ele><time>2026-09-05T07:45:02.000Z</time><extensions><gpxtpx:TrackPointExtension><gpxtpx:hr>136</gpxtpx:hr></gpxtpx:TrackPointExtension></extensions></trkpt>
      <trkpt lat="59.32902" lon="18.075936"><ele>4.4</ele><time>2026-09-05T07:45:03.000Z</time><extensions><gpxtpx:TrackPointExtension><gpxtpx:hr>136</gpxtpx:hr></gpxtpx:TrackPointExtension></extensions></trkpt>
      <trkpt lat="59.329036" lon="18.075903"><ele>4.4</ele><time>2026-09-05T07:45:04.000Z</time><extensions><gpxtpx:TrackPointExtension><gpxtpx:hr>136</gpxtpx:hr></gpxtpx:TrackPointExtension></extensions></trkpt>
      <trkpt lat="59.32905" lon="18.075869"><ele>4.4</ele><time>2026-09-05T07:45:05.000Z</time><extensions><gpxtpx:TrackPointExtension><gpxtpx:hr>136</gpxtpx:hr></gpxtpx:TrackPointExtension></extensions></trkpt>
      <trkpt lat="59.329065" lon="18.075834"><ele>4.4</ele><time>2026-09-05T07:45:06.000Z</time><extensions><gpxtpx:TrackPointExtension><gpxtpx:hr>136</gpxtpx:hr></gpxtpx:TrackPointExtension></extensions></trkpt>
      <trkpt lat="59.32908" lon="18.075797"><ele>4.4</ele><time>2026-09-05T07:45:07.000Z</time><extensions><gpxtpx:TrackPointExtension><gpxtpx:hr>136</gpxtpx:hr></gpxtpx:TrackPointExtension></extensions></trkpt>
      <trkpt lat="59.329094" lon="18.075762"><ele>4.4</ele><time>2026-09-05T07:45:08.000Z</time><extensions><gpxtpx:TrackPointExtension><gpxtpx:hr>134</gpxtpx:hr></gpxtpx:TrackPointExtension></extensions></trkpt>
      <trkpt lat="59.329107" lon="18.075727"><ele>4.4</ele><time>2026-09-05T07:45:09.000Z</time><extensions><gpxtpx:TrackPointExtension><gpxtpx:hr>134</gpxtpx:hr></gpxtpx:TrackPointExtension></extensions></trkpt>
      <trkpt lat="59.329122" lon="18.07569"><ele>4.4</ele><time>2026-09-05T07:45:10.000Z</time><extensions><gpxtpx:TrackPointExtension><gpxtpx:hr>133</gpxtpx:hr></gpxtpx:TrackPointExtension></extensions></trkpt>
      <trkpt lat="59.329136" lon="18.075652"><ele>4.4</ele><time>2026-09-05T07:45:11.000Z</time><extensions><gpxtpx:TrackPointExtension><gpxtpx:hr>133</gpxtpx:hr></gpxtpx:TrackPointExtension></extensions></trkpt>
      <trkpt lat="59.329152" lon="18.075612"><ele>4.4</ele><time>2026-09-05T07:45:12.000Z</time><extensions><gpxtpx:TrackPointExtension><gpxtpx:hr>133</gpxtpx:hr></gpxtpx:TrackPointExtension></extensions></trkpt>
      <trkpt lat="59.329168" lon="18.075572"><ele>4.4</ele><time>2026-09-05T07:45:13.000Z</time><extensions><gpxtpx:TrackPointExtension><gpxtpx:hr>133</gpxtpx:hr></gpxtpx:TrackPointExtension></extensions></trkpt>
      <trkpt lat="59.329184" lon="18.075532"><ele>4.4</ele><time>2026-09-05T07:45:14.000Z</time><extensions><gpxtpx:TrackPointExtension><gpxtpx:hr>133</gpxtpx:hr></gpxtpx:TrackPointExtension></extensions></trkpt>
      <trkpt lat="59.3292" lon="18.07549"><ele>4.4</ele><time>2026-09-05T07:45:15.000Z</time><extensions><gpxtpx:TrackPointExtension><gpxtpx:hr>132</gpxtpx:hr></gpxtpx:TrackPointExtension></extensions></trkpt>
      <trkpt lat="59.329216" lon="18.075446"><ele>4.4</ele><time>2026-09-05T07:45:16.000Z</time><extensions><gpxtpx:TrackPointExtension><gpxtpx:hr>132</gpxtpx:hr></gpxtpx:TrackPointExtension></extensions></trkpt>
      <trkpt lat="59.32923" lon="18.075401"><ele>4.4</ele><time>2026-09-05T07:45:17.000Z</time><extensions><gpxtpx:TrackPointExtension><gpxtpx:hr>132</gpxtpx:hr></gpxtpx:TrackPointExtension></extensions></trkpt>
      <trkpt lat="59.329243" lon="18.075358"><ele>4.4</ele><time>2026-09-05T07:45:18.000Z</time><extensions><gpxtpx:TrackPointExtension><gpxtpx:hr>132</gpxtpx:hr></gpxtpx:TrackPointExtension></extensions></trkpt>
      <trkpt lat="59.329256" lon="18.075316"><ele>4.4</ele><time>2026-09-05T07:45:19.000Z</time><extensions><gpxtpx:TrackPointExtension><gpxtpx:hr>134</gpxtpx:hr></gpxtpx:TrackPointExtension></extensions></trkpt>
      <trkpt lat="59.329269" lon="18.075275"><ele>4.4</ele><time>2026-09-05T07:45:20.000Z</time><extensions><gpxtpx:TrackPointExtension><gpxtpx:hr>134</gpxtpx:hr></gpxtpx:TrackPointExtension></extensions></trkpt>
      <trkpt lat="59.329282" lon="18.075233"><ele>4.4</ele><time>2026-09-05T07:45:21.000Z</time><extensions><gpxtpx:TrackPointExtension><gpxtpx:hr>134</gpxtpx:hr></gpxtpx:TrackPointExtension></extensions></trkpt>
      <trkpt lat="59.329296" lon="18.075187"><ele>4.4</ele><time>2026-09-05T07:45:22.000Z</time><extensions><gpxtpx:TrackPointExtension><gpxtpx:hr>134</gpxtpx:hr></gpxtpx:TrackPointExtension></extensions></trkpt>
      <trkpt lat="59.329309" lon="18.075139"><ele>4.4</ele><time>2026-09-05T07:45:23.000Z</time><extensions><gpxtpx:TrackPointExtension><gpxtpx:hr>134</gpxtpx:hr></gpxtpx:TrackPointExtension></extensions></trkpt>
      <trkpt lat="59.329319" lon="18.075088"><ele>4.4</ele><time>2026-09-05T07:45:24.000Z</time><extensions><gpxtpx:TrackPointExtension><gpxtpx:hr>134</gpxtpx:hr></gpxtpx:TrackPointExtension></extensions></trkpt>
      <trkpt lat="59.329325" lon="18.075035"><ele>4.6</ele><time>2026-09-05T07:45:25.000Z</time><extensions><gpxtpx:TrackPointExtension><gpxtpx:hr>135</gpxtpx:hr></gpxtpx:TrackPointExtension></extensions></trkpt>
      <trkpt lat="59.329329" lon="18.074982"><ele>4.6</ele><time>2026-09-05T07:45:26.000Z</time><extensions><gpxtpx:TrackPointExtension><gpxtpx:hr>135</gpxtpx:hr></gpxtpx:TrackPointExtension></extensions></trkpt>
      <trkpt lat="59.329333" lon="18.074928"><ele>4.6</ele><time>2026-09-05T07:45:27.000Z</time><extensions><gpxtpx:TrackPointExtension><gpxtpx:hr>135</gpxtpx:hr></gpxtpx:TrackPointExtension></extensions></trkpt>
      <trkpt lat="59.329338" lon="18.074875"><ele>4.4</ele><time>2026-09-05T07:45:28.000Z</time><extensions><gpxtpx:TrackPointExtension><gpxtpx:hr>135</gpxtpx:hr></gpxtpx:TrackPointExtension></extensions></trkpt>
      <trkpt lat="59.329346" lon="18.074825"><ele>4.4</ele><time>2026-09-05T07:45:29.000Z</time><extensions><gpxtpx:TrackPointExtension><gpxtpx:hr>135</gpxtpx:hr></gpxtpx:TrackPointExtension></extensions></trkpt>
      <trkpt lat="59.329357" lon="18.074779"><ele>4.4</ele><time>2026-09-05T07:45:30.000Z</time><extensions><gpxtpx:TrackPointExtension><gpxtpx:hr>135</gpxtpx:hr></gpxtpx:TrackPointExtension></extensions></trkpt>
      <trkpt lat="59.329372" lon="18.074738"><ele>4.4</ele><time>2026-09-05T07:45:31.000Z</time><extensions><gpxtpx:TrackPointExtension><gpxtpx:hr>135</gpxtpx:hr></gpxtpx:TrackPointExtension></extensions></trkpt>
      <trkpt lat="59.329389" lon="18.074701"><ele>4.4</ele><time>2026-09-05T07:45:32.000Z</time><extensions><gpxtpx:TrackPointExtension><gpxtpx:hr>137</gpxtpx:hr></gpxtpx:TrackPointExtension></extensions></trkpt>
      <trkpt lat="59.329406" lon="18.074667"><ele>4.4</ele><time>2026-09-05T07:45:33.000Z</time><extensions><gpxtpx:TrackPointExtension><gpxtpx:hr>137</gpxtpx:hr></gpxtpx:TrackPointExtension></extensions></trkpt>
      <trkpt lat="59.329424" lon="18.074633"><ele>4.4</ele><time>2026-09-05T07:45:34.000Z</time><extensions><gpxtpx:TrackPointExtension><gpxtpx:hr>137</gpxtpx:hr></gpxtpx:TrackPointExtension></extensions></trkpt>
      <trkpt lat="59.329439" lon="18.074598"><ele>4.4</ele><time>2026-09-05T07:45:35.000Z</time><extensions><gpxtpx:TrackPointExtension><gpxtpx:hr>138</gpxtpx:hr></gpxtpx:TrackPointExtension></extensions></trkpt>
      <trkpt lat="59.329453" lon="18.074559"><ele>4.4</ele><time>2026-09-05T07:45:36.000Z</time><extensions><gpxtpx:TrackPointExtension><gpxtpx:hr>138</gpxtpx:hr></gpxtpx:TrackPointExtension></extensions></trkpt>
      <trkpt lat="59.329465" lon="18.074519"><ele>4.4</ele><time>2026-09-05T07:45:37.000Z</time><extensions><gpxtpx:TrackPointExtension><gpxtpx:hr>138</gpxtpx:hr></gpxtpx:TrackPointExtension></extensions></trkpt>
      <trkpt lat="59.329477" lon="18.07448"><ele>4.4</ele><time>2026-09-05T07:45:38.000Z</time><extensions><gpxtpx:TrackPointExtension><gpxtpx:hr>138</gpxtpx:hr></gpxtpx:TrackPointExtension></extensions></trkpt>
      <trkpt lat="59.329491" lon="18.074444"><ele>4.4</ele><time>2026-09-05T07:45:39.000Z</time><extensions><gpxtpx:TrackPointExtension><gpxtpx:hr>138</gpxtpx:hr></gpxtpx:TrackPointExtension></extensions></trkpt>
      <trkpt lat="59.329508" lon="18.074416"><ele>4.4</ele><time>2026-09-05T07:45:40.000Z</time><extensions><gpxtpx:TrackPointExtension><gpxtpx:hr>138</gpxtpx:hr></gpxtpx:TrackPointExtension></extensions></trkpt>
      <trkpt lat="59.329529" lon="18.074396"><ele>4.4</ele><time>2026-09-05T07:45:41.000Z</time><extensions><gpxtpx:TrackPointExtension><gpxtpx:hr>138</gpxtpx:hr></gpxtpx:TrackPointExtension></extensions></trkpt>
      <trkpt lat="59.32955" lon="18.074379"><ele>4.4</ele><time>2026-09-05T07:45:42.000Z</time><extensions><gpxtpx:TrackPointExtension><gpxtpx:hr>138</gpxtpx:hr></gpxtpx:TrackPointExtension></extensions></trkpt>
      <trkpt lat="59.329569" lon="18.074357"><ele>4.4</ele><time>2026-09-05T07:45:43.000Z</time><extensions><gpxtpx:TrackPointExtension><gpxtpx:hr>138</gpxtpx:hr></gpxtpx:TrackPointExtension></extensions></trkpt>
      <trkpt lat="59.329584" lon="18.074327"><ele>4.6</ele><time>2026-09-05T07:45:44.000Z</time><extensions><gpxtpx:TrackPointExtension><gpxtpx:hr>138</gpxtpx:hr></gpxtpx:TrackPointExtension></extensions></trkpt>
      <trkpt lat="59.329594" lon="18.074286"><ele>4.6</ele><time>2026-09-05T07:45:45.000Z</time><extensions><gpxtpx:TrackPointExtension><gpxtpx:hr>138</gpxtpx:hr></gpxtpx:TrackPointExtension></extensions></trkpt>
      <trkpt lat="59.329598" lon="18.074237"><ele>4.6</ele><time>2026-09-05T07:45:46.000Z</time><extensions><gpxtpx:TrackPointExtension><gpxtpx:hr>138</gpxtpx:hr></gpxtpx:TrackPointExtension></extensions></trkpt>
      <trkpt lat="59.329597" lon="18.074184"><ele>4.6</ele><time>2026-09-05T07:45:47.000Z</time><extensions><gpxtpx:TrackPointExtension><gpxtpx:hr>138</gpxtpx:hr></gpxtpx:TrackPointExtension></extensions></trkpt>
      <trkpt lat="59.329595" lon="18.074132"><ele>4.6</ele><time>2026-09-05T07:45:48.000Z</time><extensions><gpxtpx:TrackPointExtension><gpxtpx:hr>138</gpxtpx:hr></gpxtpx:TrackPointExtension></extensions></trkpt>
      <trkpt lat="59.329593" lon="18.074082"><ele>4.6</ele><time>2026-09-05T07:45:49.000Z</time><extensions><gpxtpx:TrackPointExtension><gpxtpx:hr>138</gpxtpx:hr></gpxtpx:TrackPointExtension></extensions></trkpt>
      <trkpt lat="59.329591" lon="18.074033"><ele>4.8</ele><time>2026-09-05T07:45:50.000Z</time><extensions><gpxtpx:TrackPointExtension><gpxtpx:hr>138</gpxtpx:hr></gpxtpx:TrackPointExtension></extensions></trkpt>
      <trkpt lat="59.329589" lon="18.073986"><ele>4.8</ele><time>2026-09-05T07:45:51.000Z</time><extensions><gpxtpx:TrackPointExtension><gpxtpx:hr>138</gpxtpx:hr></gpxtpx:TrackPointExtension></extensions></trkpt>
      <trkpt lat="59.329587" lon="18.073941"><ele>4.8</ele><time>2026-09-05T07:45:52.000Z</time><extensions><gpxtpx:TrackPointExtension><gpxtpx:hr>138</gpxtpx:hr></gpxtpx:TrackPointExtension></extensions></trkpt>
      <trkpt lat="59.329585" lon="18.073895"><ele>4.8</ele><time>2026-09-05T07:45:53.000Z</time><extensions><gpxtpx:TrackPointExtension><gpxtpx:hr>138</gpxtpx:hr></gpxtpx:TrackPointExtension></extensions></trkpt>
      <trkpt lat="59.329582" lon="18.07385"><ele>4.6</ele><time>2026-09-05T07:45:54.000Z</time><extensions><gpxtpx:TrackPointExtension><gpxtpx:hr>138</gpxtpx:hr></gpxtpx:TrackPointExtension></extensions></trkpt>
      <trkpt lat="59.329578" lon="18.073804"><ele>4.6</ele><time>2026-09-05T07:45:55.000Z</time><extensions><gpxtpx:TrackPointExtension><gpxtpx:hr>141</gpxtpx:hr></gpxtpx:TrackPointExtension></extensions></trkpt>
      <trkpt lat="59.329571" lon="18.073758"><ele>4.6</ele><time>2026-09-05T07:45:56.000Z</time><extensions><gpxtpx:TrackPointExtension><gpxtpx:hr>141</gpxtpx:hr></gpxtpx:TrackPointExtension></extensions></trkpt>
      <trkpt lat="59.329562" lon="18.073715"><ele>4.6</ele><time>2026-09-05T07:45:57.000Z</time><extensions><gpxtpx:TrackPointExtension><gpxtpx:hr>141</gpxtpx:hr></gpxtpx:TrackPointExtension></extensions></trkpt>
      <trkpt lat="59.329551" lon="18.073674"><ele>4.6</ele><time>2026-09-05T07:45:58.000Z</time><extensions><gpxtpx:TrackPointExtension><gpxtpx:hr>141</gpxtpx:hr></gpxtpx:TrackPointExtension></extensions></trkpt>
      <trkpt lat="59.329539" lon="18.073635"><ele>4.6</ele><time>2026-09-05T07:45:59.000Z</time><extensions><gpxtpx:TrackPointExtension><gpxtpx:hr>141</gpxtpx:hr></gpxtpx:TrackPointExtension></extensions></trkpt>
      <trkpt lat="59.329527" lon="18.073599"><ele>4.6</ele><time>2026-09-05T07:46:00.000Z</time><extensions><gpxtpx:TrackPointExtension><gpxtpx:hr>141</gpxtpx:hr></gpxtpx:TrackPointExtension></extensions></trkpt>
      <trkpt lat="59.329514" lon="18.073565"><ele>4.6</ele><time>2026-09-05T07:46:01.000Z</time><extensions><gpxtpx:TrackPointExtension><gpxtpx:hr>141</gpxtpx:hr></gpxtpx:TrackPointExtension></extensions></trkpt>
      <trkpt lat="59.329501" lon="18.073531"><ele>4.6</ele><time>2026-09-05T07:46:02.000Z</time><extensions><gpxtpx:TrackPointExtension><gpxtpx:hr>141</gpxtpx:hr></gpxtpx:TrackPointExtension></extensions></trkpt>
      <trkpt lat="59.329486" lon="18.0735"><ele>4.6</ele><time>2026-09-05T07:46:03.000Z</time><extensions><gpxtpx:TrackPointExtension><gpxtpx:hr>141</gpxtpx:hr></gpxtpx:TrackPointExtension></extensions></trkpt>
      <trkpt lat="59.32947" lon="18.073472"><ele>4.8</ele><time>2026-09-05T07:46:04.000Z</time><extensions><gpxtpx:TrackPointExtension><gpxtpx:hr>141</gpxtpx:hr></gpxtpx:TrackPointExtension></extensions></trkpt>
      <trkpt lat="59.329453" lon="18.073449"><ele>4.8</ele><time>2026-09-05T07:46:05.000Z</time><extensions><gpxtpx:TrackPointExtension><gpxtpx:hr>141</gpxtpx:hr></gpxtpx:TrackPointExtension></extensions></trkpt>
      <trkpt lat="59.329435" lon="18.073433"><ele>4.8</ele><time>2026-09-05T07:46:06.000Z</time><extensions><gpxtpx:TrackPointExtension><gpxtpx:hr>141</gpxtpx:hr></gpxtpx:TrackPointExtension></extensions></trkpt>
      <trkpt lat="59.329417" lon="18.073423"><ele>4.8</ele><time>2026-09-05T07:46:07.000Z</time><extensions><gpxtpx:TrackPointExtension><gpxtpx:hr>141</gpxtpx:hr></gpxtpx:TrackPointExtension></extensions></trkpt>
      <trkpt lat="59.329397" lon="18.073418"><ele>4.8</ele><time>2026-09-05T07:46:08.000Z</time><extensions><gpxtpx:TrackPointExtension><gpxtpx:hr>141</gpxtpx:hr></gpxtpx:TrackPointExtension></extensions></trkpt>
      <trkpt lat="59.329378" lon="18.073416"><ele>5</ele><time>2026-09-05T07:46:09.000Z</time><extensions><gpxtpx:TrackPointExtension><gpxtpx:hr>141</gpxtpx:hr></gpxtpx:TrackPointExtension></extensions></trkpt>
      <trkpt lat="59.329358" lon="18.073416"><ele>5</ele><time>2026-09-05T07:46:10.000Z</time><extensions><gpxtpx:TrackPointExtension><gpxtpx:hr>141</gpxtpx:hr></gpxtpx:TrackPointExtension></extensions></trkpt>
      <trkpt lat="59.329339" lon="18.073419"><ele>5</ele><time>2026-09-05T07:46:11.000Z</time><extensions><gpxtpx:TrackPointExtension><gpxtpx:hr>141</gpxtpx:hr></gpxtpx:TrackPointExtension></extensions></trkpt>
      <trkpt lat="59.329321" lon="18.073423"><ele>5.2</ele><time>2026-09-05T07:46:12.000Z</time><extensions><gpxtpx:TrackPointExtension><gpxtpx:hr>141</gpxtpx:hr></gpxtpx:TrackPointExtension></extensions></trkpt>
      <trkpt lat="59.329307" lon="18.073428"><ele>5.2</ele><time>2026-09-05T07:46:13.000Z</time><extensions><gpxtpx:TrackPointExtension><gpxtpx:hr>141</gpxtpx:hr></gpxtpx:TrackPointExtension></extensions></trkpt>
      <trkpt lat="59.329297" lon="18.073432"><ele>5.2</ele><time>2026-09-05T07:46:14.000Z</time><extensions><gpxtpx:TrackPointExtension><gpxtpx:hr>141</gpxtpx:hr></gpxtpx:TrackPointExtension></extensions></trkpt>
      <trkpt lat="59.32924" lon="18.073408"><ele>5.8</ele><time>2026-09-05T07:46:28.000Z</time><extensions><gpxtpx:TrackPointExtension><gpxtpx:hr>141</gpxtpx:hr></gpxtpx:TrackPointExtension></extensions></trkpt>
      <trkpt lat="59.329223" lon="18.0734"><ele>5.8</ele><time>2026-09-05T07:46:29.000Z</time><extensions><gpxtpx:TrackPointExtension><gpxtpx:hr>134</gpxtpx:hr></gpxtpx:TrackPointExtension></extensions></trkpt>
      <trkpt lat="59.329202" lon="18.073394"><ele>5.6</ele><time>2026-09-05T07:46:30.000Z</time><extensions><gpxtpx:TrackPointExtension><gpxtpx:hr>134</gpxtpx:hr></gpxtpx:TrackPointExtension></extensions></trkpt>
      <trkpt lat="59.329177" lon="18.07339"><ele>5.6</ele><time>2026-09-05T07:46:31.000Z</time><extensions><gpxtpx:TrackPointExtension><gpxtpx:hr>134</gpxtpx:hr></gpxtpx:TrackPointExtension></extensions></trkpt>
      <trkpt lat="59.329153" lon="18.073388"><ele>5.6</ele><time>2026-09-05T07:46:32.000Z</time><extensions><gpxtpx:TrackPointExtension><gpxtpx:hr>134</gpxtpx:hr></gpxtpx:TrackPointExtension></extensions></trkpt>
      <trkpt lat="59.329129" lon="18.073384"><ele>5.6</ele><time>2026-09-05T07:46:33.000Z</time><extensions><gpxtpx:TrackPointExtension><gpxtpx:hr>134</gpxtpx:hr></gpxtpx:TrackPointExtension></extensions></trkpt>
      <trkpt lat="59.329107" lon="18.073381"><ele>5.6</ele><time>2026-09-05T07:46:34.000Z</time><extensions><gpxtpx:TrackPointExtension><gpxtpx:hr>133</gpxtpx:hr></gpxtpx:TrackPointExtension></extensions></trkpt>
      <trkpt lat="59.329086" lon="18.073376"><ele>5.6</ele><time>2026-09-05T07:46:35.000Z</time><extensions><gpxtpx:TrackPointExtension><gpxtpx:hr>133</gpxtpx:hr></gpxtpx:TrackPointExtension></extensions></trkpt>
      <trkpt lat="59.329064" lon="18.073371"><ele>5.6</ele><time>2026-09-05T07:46:36.000Z</time><extensions><gpxtpx:TrackPointExtension><gpxtpx:hr>133</gpxtpx:hr></gpxtpx:TrackPointExtension></extensions></trkpt>
      <trkpt lat="59.329043" lon="18.073364"><ele>5.6</ele><time>2026-09-05T07:46:37.000Z</time><extensions><gpxtpx:TrackPointExtension><gpxtpx:hr>133</gpxtpx:hr></gpxtpx:TrackPointExtension></extensions></trkpt>
      <trkpt lat="59.329022" lon="18.073358"><ele>5.6</ele><time>2026-09-05T07:46:38.000Z</time><extensions><gpxtpx:TrackPointExtension><gpxtpx:hr>133</gpxtpx:hr></gpxtpx:TrackPointExtension></extensions></trkpt>
      <trkpt lat="59.329" lon="18.073353"><ele>5.6</ele><time>2026-09-05T07:46:39.000Z</time><extensions><gpxtpx:TrackPointExtension><gpxtpx:hr>133</gpxtpx:hr></gpxtpx:TrackPointExtension></extensions></trkpt>
      <trkpt lat="59.328978" lon="18.073349"><ele>5.8</ele><time>2026-09-05T07:46:40.000Z</time><extensions><gpxtpx:TrackPointExtension><gpxtpx:hr>133</gpxtpx:hr></gpxtpx:TrackPointExtension></extensions></trkpt>
      <trkpt lat="59.328957" lon="18.073344"><ele>5.8</ele><time>2026-09-05T07:46:41.000Z</time><extensions><gpxtpx:TrackPointExtension><gpxtpx:hr>127</gpxtpx:hr></gpxtpx:TrackPointExtension></extensions></trkpt>
      <trkpt lat="59.328936" lon="18.073338"><ele>5.8</ele><time>2026-09-05T07:46:42.000Z</time><extensions><gpxtpx:TrackPointExtension><gpxtpx:hr>127</gpxtpx:hr></gpxtpx:TrackPointExtension></extensions></trkpt>
      <trkpt lat="59.328916" lon="18.07333"><ele>5.8</ele><time>2026-09-05T07:46:43.000Z</time><extensions><gpxtpx:TrackPointExtension><gpxtpx:hr>127</gpxtpx:hr></gpxtpx:TrackPointExtension></extensions></trkpt>
      <trkpt lat="59.328895" lon="18.073321"><ele>5.8</ele><time>2026-09-05T07:46:44.000Z</time><extensions><gpxtpx:TrackPointExtension><gpxtpx:hr>127</gpxtpx:hr></gpxtpx:TrackPointExtension></extensions></trkpt>
      <trkpt lat="59.328874" lon="18.073313"><ele>5.8</ele><time>2026-09-05T07:46:45.000Z</time><extensions><gpxtpx:TrackPointExtension><gpxtpx:hr>127</gpxtpx:hr></gpxtpx:TrackPointExtension></extensions></trkpt>
      <trkpt lat="59.328852" lon="18.073306"><ele>6</ele><time>2026-09-05T07:46:46.000Z</time><extensions><gpxtpx:TrackPointExtension><gpxtpx:hr>127</gpxtpx:hr></gpxtpx:TrackPointExtension></extensions></trkpt>
      <trkpt lat="59.328829" lon="18.0733"><ele>6</ele><time>2026-09-05T07:46:47.000Z</time><extensions><gpxtpx:TrackPointExtension><gpxtpx:hr>127</gpxtpx:hr></gpxtpx:TrackPointExtension></extensions></trkpt>
      <trkpt lat="59.328805" lon="18.073293"><ele>6</ele><time>2026-09-05T07:46:48.000Z</time><extensions><gpxtpx:TrackPointExtension><gpxtpx:hr>127</gpxtpx:hr></gpxtpx:TrackPointExtension></extensions></trkpt>
      <trkpt lat="59.328782" lon="18.073286"><ele>6</ele><time>2026-09-05T07:46:49.000Z</time><extensions><gpxtpx:TrackPointExtension><gpxtpx:hr>127</gpxtpx:hr></gpxtpx:TrackPointExtension></extensions></trkpt>
      <trkpt lat="59.328759" lon="18.073282"><ele>6</ele><time>2026-09-05T07:46:50.000Z</time><extensions><gpxtpx:TrackPointExtension><gpxtpx:hr>127</gpxtpx:hr></gpxtpx:TrackPointExtension></extensions></trkpt>
      <trkpt lat="59.328734" lon="18.073279"><ele>6</ele><time>2026-09-05T07:46:51.000Z</time><extensions><gpxtpx:TrackPointExtension><gpxtpx:hr>127</gpxtpx:hr></gpxtpx:TrackPointExtension></extensions></trkpt>
      <trkpt lat="59.328709" lon="18.073277"><ele>6</ele><time>2026-09-05T07:46:52.000Z</time><extensions><gpxtpx:TrackPointExtension><gpxtpx:hr>127</gpxtpx:hr></gpxtpx:TrackPointExtension></extensions></trkpt>
      <trkpt lat="59.328683" lon="18.073276"><ele>6</ele><time>2026-09-05T07:46:53.000Z</time><extensions><gpxtpx:TrackPointExtension><gpxtpx:hr>127</gpxtpx:hr></gpxtpx:TrackPointExtension></extensions></trkpt>
      <trkpt lat="59.328659" lon="18.073273"><ele>6</ele><time>2026-09-05T07:46:54.000Z</time><extensions><gpxtpx:TrackPointExtension><gpxtpx:hr>127</gpxtpx:hr></gpxtpx:TrackPointExtension></extensions></trkpt>
      <trkpt lat="59.328635" lon="18.07327"><ele>6</ele><time>2026-09-05T07:46:55.000Z</time><extensions><gpxtpx:TrackPointExtension><gpxtpx:hr>127</gpxtpx:hr></gpxtpx:TrackPointExtension></extensions></trkpt>
      <trkpt lat="59.328611" lon="18.073266"><ele>6</ele><time>2026-09-05T07:46:56.000Z</time><extensions><gpxtpx:TrackPointExtension><gpxtpx:hr>127</gpxtpx:hr></gpxtpx:TrackPointExtension></extensions></trkpt>
      <trkpt lat="59.328586" lon="18.073261"><ele>6</ele><time>2026-09-05T07:46:57.000Z</time><extensions><gpxtpx:TrackPointExtension><gpxtpx:hr>131</gpxtpx:hr></gpxtpx:TrackPointExtension></extensions></trkpt>
      <trkpt lat="59.32856" lon="18.073255"><ele>6.2</ele><time>2026-09-05T07:46:58.000Z</time><extensions><gpxtpx:TrackPointExtension><gpxtpx:hr>131</gpxtpx:hr></gpxtpx:TrackPointExtension></extensions></trkpt>
      <trkpt lat="59.328534" lon="18.073248"><ele>6.2</ele><time>2026-09-05T07:46:59.000Z</time><extensions><gpxtpx:TrackPointExtension><gpxtpx:hr>130</gpxtpx:hr></gpxtpx:TrackPointExtension></extensions></trkpt>
      <trkpt lat="59.328508" lon="18.073239"><ele>6.2</ele><time>2026-09-05T07:47:00.000Z</time><extensions><gpxtpx:TrackPointExtension><gpxtpx:hr>130</gpxtpx:hr></gpxtpx:TrackPointExtension></extensions></trkpt>
      <trkpt lat="59.328483" lon="18.073228"><ele>6.2</ele><time>2026-09-05T07:47:01.000Z</time><extensions><gpxtpx:TrackPointExtension><gpxtpx:hr>130</gpxtpx:hr></gpxtpx:TrackPointExtension></extensions></trkpt>
      <trkpt lat="59.328458" lon="18.073216"><ele>6.2</ele><time>2026-09-05T07:47:02.000Z</time><extensions><gpxtpx:TrackPointExtension><gpxtpx:hr>130</gpxtpx:hr></gpxtpx:TrackPointExtension></extensions></trkpt>
      <trkpt lat="59.328433" lon="18.073205"><ele>6.2</ele><time>2026-09-05T07:47:03.000Z</time><extensions><gpxtpx:TrackPointExtension><gpxtpx:hr>130</gpxtpx:hr></gpxtpx:TrackPointExtension></extensions></trkpt>
      <trkpt lat="59.328408" lon="18.073195"><ele>6.2</ele><time>2026-09-05T07:47:04.000Z</time><extensions><gpxtpx:TrackPointExtension><gpxtpx:hr>130</gpxtpx:hr></gpxtpx:TrackPointExtension></extensions></trkpt>
      <trkpt lat="59.328382" lon="18.07319"><ele>6.2</ele><time>2026-09-05T07:47:05.000Z</time><extensions><gpxtpx:TrackPointExtension><gpxtpx:hr>130</gpxtpx:hr></gpxtpx:TrackPointExtension></extensions></trkpt>
      <trkpt lat="59.328356" lon="18.073186"><ele>6.2</ele><time>2026-09-05T07:47:06.000Z</time><extensions><gpxtpx:TrackPointExtension><gpxtpx:hr>130</gpxtpx:hr></gpxtpx:TrackPointExtension></extensions></trkpt>
      <trkpt lat="59.328331" lon="18.07318"><ele>6.2</ele><time>2026-09-05T07:47:07.000Z</time><extensions><gpxtpx:TrackPointExtension><gpxtpx:hr>130</gpxtpx:hr></gpxtpx:TrackPointExtension></extensions></trkpt>
      <trkpt lat="59.328306" lon="18.073173"><ele>6.2</ele><time>2026-09-05T07:47:08.000Z</time><extensions><gpxtpx:TrackPointExtension><gpxtpx:hr>132</gpxtpx:hr></gpxtpx:TrackPointExtension></extensions></trkpt>
      <trkpt lat="59.328282" lon="18.073166"><ele>6.2</ele><time>2026-09-05T07:47:09.000Z</time><extensions><gpxtpx:TrackPointExtension><gpxtpx:hr>132</gpxtpx:hr></gpxtpx:TrackPointExtension></extensions></trkpt>
      <trkpt lat="59.328258" lon="18.073164"><ele>6.2</ele><time>2026-09-05T07:47:10.000Z</time><extensions><gpxtpx:TrackPointExtension><gpxtpx:hr>132</gpxtpx:hr></gpxtpx:TrackPointExtension></extensions></trkpt>
      <trkpt lat="59.328235" lon="18.073166"><ele>6.2</ele><time>2026-09-05T07:47:11.000Z</time><extensions><gpxtpx:TrackPointExtension><gpxtpx:hr>132</gpxtpx:hr></gpxtpx:TrackPointExtension></extensions></trkpt>
      <trkpt lat="59.328214" lon="18.073174"><ele>6.2</ele><time>2026-09-05T07:47:12.000Z</time><extensions><gpxtpx:TrackPointExtension><gpxtpx:hr>132</gpxtpx:hr></gpxtpx:TrackPointExtension></extensions></trkpt>
      <trkpt lat="59.328192" lon="18.073188"><ele>6</ele><time>2026-09-05T07:47:13.000Z</time><extensions><gpxtpx:TrackPointExtension><gpxtpx:hr>132</gpxtpx:hr></gpxtpx:TrackPointExtension></extensions></trkpt>
      <trkpt lat="59.328169" lon="18.073212"><ele>6</ele><time>2026-09-05T07:47:14.000Z</time><extensions><gpxtpx:TrackPointExtension><gpxtpx:hr>132</gpxtpx:hr></gpxtpx:TrackPointExtension></extensions></trkpt>
      <trkpt lat="59.328146" lon="18.073245"><ele>6</ele><time>2026-09-05T07:47:15.000Z</time><extensions><gpxtpx:TrackPointExtension><gpxtpx:hr>132</gpxtpx:hr></gpxtpx:TrackPointExtension></extensions></trkpt>
      <trkpt lat="59.328122" lon="18.07328"><ele>6</ele><time>2026-09-05T07:47:16.000Z</time><extensions><gpxtpx:TrackPointExtension><gpxtpx:hr>131</gpxtpx:hr></gpxtpx:TrackPointExtension></extensions></trkpt>
      <trkpt lat="59.328097" lon="18.073306"><ele>6</ele><time>2026-09-05T07:47:17.000Z</time><extensions><gpxtpx:TrackPointExtension><gpxtpx:hr>131</gpxtpx:hr></gpxtpx:TrackPointExtension></extensions></trkpt>
      <trkpt lat="59.328074" lon="18.07332"><ele>6</ele><time>2026-09-05T07:47:18.000Z</time><extensions><gpxtpx:TrackPointExtension><gpxtpx:hr>131</gpxtpx:hr></gpxtpx:TrackPointExtension></extensions></trkpt>
      <trkpt lat="59.328053" lon="18.073325"><ele>6</ele><time>2026-09-05T07:47:19.000Z</time><extensions><gpxtpx:TrackPointExtension><gpxtpx:hr>131</gpxtpx:hr></gpxtpx:TrackPointExtension></extensions></trkpt>
      <trkpt lat="59.328032" lon="18.073328"><ele>5.8</ele><time>2026-09-05T07:47:20.000Z</time><extensions><gpxtpx:TrackPointExtension><gpxtpx:hr>133</gpxtpx:hr></gpxtpx:TrackPointExtension></extensions></trkpt>
      <trkpt lat="59.328011" lon="18.07333"><ele>5.8</ele><time>2026-09-05T07:47:21.000Z</time><extensions><gpxtpx:TrackPointExtension><gpxtpx:hr>133</gpxtpx:hr></gpxtpx:TrackPointExtension></extensions></trkpt>
      <trkpt lat="59.327989" lon="18.073333"><ele>5.8</ele><time>2026-09-05T07:47:22.000Z</time><extensions><gpxtpx:TrackPointExtension><gpxtpx:hr>133</gpxtpx:hr></gpxtpx:TrackPointExtension></extensions></trkpt>
      <trkpt lat="59.327968" lon="18.073339"><ele>5.8</ele><time>2026-09-05T07:47:23.000Z</time><extensions><gpxtpx:TrackPointExtension><gpxtpx:hr>133</gpxtpx:hr></gpxtpx:TrackPointExtension></extensions></trkpt>
      <trkpt lat="59.327946" lon="18.073352"><ele>5.8</ele><time>2026-09-05T07:47:24.000Z</time><extensions><gpxtpx:TrackPointExtension><gpxtpx:hr>133</gpxtpx:hr></gpxtpx:TrackPointExtension></extensions></trkpt>
      <trkpt lat="59.327925" lon="18.073371"><ele>5.8</ele><time>2026-09-05T07:47:25.000Z</time><extensions><gpxtpx:TrackPointExtension><gpxtpx:hr>133</gpxtpx:hr></gpxtpx:TrackPointExtension></extensions></trkpt>
      <trkpt lat="59.327903" lon="18.073394"><ele>5.8</ele><time>2026-09-05T07:47:26.000Z</time><extensions><gpxtpx:TrackPointExtension><gpxtpx:hr>133</gpxtpx:hr></gpxtpx:TrackPointExtension></extensions></trkpt>
      <trkpt lat="59.327882" lon="18.073417"><ele>5.8</ele><time>2026-09-05T07:47:27.000Z</time><extensions><gpxtpx:TrackPointExtension><gpxtpx:hr>133</gpxtpx:hr></gpxtpx:TrackPointExtension></extensions></trkpt>
      <trkpt lat="59.327861" lon="18.07344"><ele>5.8</ele><time>2026-09-05T07:47:28.000Z</time><extensions><gpxtpx:TrackPointExtension><gpxtpx:hr>135</gpxtpx:hr></gpxtpx:TrackPointExtension></extensions></trkpt>
      <trkpt lat="59.327841" lon="18.073463"><ele>6</ele><time>2026-09-05T07:47:29.000Z</time><extensions><gpxtpx:TrackPointExtension><gpxtpx:hr>135</gpxtpx:hr></gpxtpx:TrackPointExtension></extensions></trkpt>
      <trkpt lat="59.327819" lon="18.073487"><ele>6</ele><time>2026-09-05T07:47:30.000Z</time><extensions><gpxtpx:TrackPointExtension><gpxtpx:hr>135</gpxtpx:hr></gpxtpx:TrackPointExtension></extensions></trkpt>
      <trkpt lat="59.327797" lon="18.07351"><ele>6</ele><time>2026-09-05T07:47:31.000Z</time><extensions><gpxtpx:TrackPointExtension><gpxtpx:hr>135</gpxtpx:hr></gpxtpx:TrackPointExtension></extensions></trkpt>
      <trkpt lat="59.327774" lon="18.073529"><ele>6</ele><time>2026-09-05T07:47:32.000Z</time><extensions><gpxtpx:TrackPointExtension><gpxtpx:hr>135</gpxtpx:hr></gpxtpx:TrackPointExtension></extensions></trkpt>
      <trkpt lat="59.32775" lon="18.073547"><ele>6</ele><time>2026-09-05T07:47:33.000Z</time><extensions><gpxtpx:TrackPointExtension><gpxtpx:hr>135</gpxtpx:hr></gpxtpx:TrackPointExtension></extensions></trkpt>
      <trkpt lat="59.327726" lon="18.073569"><ele>6</ele><time>2026-09-05T07:47:34.000Z</time><extensions><gpxtpx:TrackPointExtension><gpxtpx:hr>135</gpxtpx:hr></gpxtpx:TrackPointExtension></extensions></trkpt>
      <trkpt lat="59.327703" lon="18.073597"><ele>6</ele><time>2026-09-05T07:47:35.000Z</time><extensions><gpxtpx:TrackPointExtension><gpxtpx:hr>135</gpxtpx:hr></gpxtpx:TrackPointExtension></extensions></trkpt>
      <trkpt lat="59.327681" lon="18.073627"><ele>6</ele><time>2026-09-05T07:47:36.000Z</time><extensions><gpxtpx:TrackPointExtension><gpxtpx:hr>135</gpxtpx:hr></gpxtpx:TrackPointExtension></extensions></trkpt>
      <trkpt lat="59.327659" lon="18.073656"><ele>6</ele><time>2026-09-05T07:47:37.000Z</time><extensions><gpxtpx:TrackPointExtension><gpxtpx:hr>135</gpxtpx:hr></gpxtpx:TrackPointExtension></extensions></trkpt>
      <trkpt lat="59.327637" lon="18.073683"><ele>6</ele><time>2026-09-05T07:47:38.000Z</time><extensions><gpxtpx:TrackPointExtension><gpxtpx:hr>135</gpxtpx:hr></gpxtpx:TrackPointExtension></extensions></trkpt>
      <trkpt lat="59.327614" lon="18.07371"><ele>6</ele><time>2026-09-05T07:47:39.000Z</time><extensions><gpxtpx:TrackPointExtension><gpxtpx:hr>135</gpxtpx:hr></gpxtpx:TrackPointExtension></extensions></trkpt>
      <trkpt lat="59.327591" lon="18.073736"><ele>6</ele><time>2026-09-05T07:47:40.000Z</time><extensions><gpxtpx:TrackPointExtension><gpxtpx:hr>135</gpxtpx:hr></gpxtpx:TrackPointExtension></extensions></trkpt>
      <trkpt lat="59.327568" lon="18.07376"><ele>5.8</ele><time>2026-09-05T07:47:41.000Z</time><extensions><gpxtpx:TrackPointExtension><gpxtpx:hr>135</gpxtpx:hr></gpxtpx:TrackPointExtension></extensions></trkpt>
      <trkpt lat="59.327544" lon="18.073784"><ele>5.8</ele><time>2026-09-05T07:47:42.000Z</time><extensions><gpxtpx:TrackPointExtension><gpxtpx:hr>135</gpxtpx:hr></gpxtpx:TrackPointExtension></extensions></trkpt>
      <trkpt lat="59.327521" lon="18.073808"><ele>5.8</ele><time>2026-09-05T07:47:43.000Z</time><extensions><gpxtpx:TrackPointExtension><gpxtpx:hr>136</gpxtpx:hr></gpxtpx:TrackPointExtension></extensions></trkpt>
      <trkpt lat="59.327498" lon="18.073833"><ele>5.8</ele><time>2026-09-05T07:47:44.000Z</time><extensions><gpxtpx:TrackPointExtension><gpxtpx:hr>136</gpxtpx:hr></gpxtpx:TrackPointExtension></extensions></trkpt>
      <trkpt lat="59.327474" lon="18.073858"><ele>5.8</ele><time>2026-09-05T07:47:45.000Z</time><extensions><gpxtpx:TrackPointExtension><gpxtpx:hr>136</gpxtpx:hr></gpxtpx:TrackPointExtension></extensions></trkpt>
      <trkpt lat="59.32745" lon="18.073883"><ele>5.8</ele><time>2026-09-05T07:47:46.000Z</time><extensions><gpxtpx:TrackPointExtension><gpxtpx:hr>136</gpxtpx:hr></gpxtpx:TrackPointExtension></extensions></trkpt>
      <trkpt lat="59.327425" lon="18.073908"><ele>5.8</ele><time>2026-09-05T07:47:47.000Z</time><extensions><gpxtpx:TrackPointExtension><gpxtpx:hr>136</gpxtpx:hr></gpxtpx:TrackPointExtension></extensions></trkpt>
      <trkpt lat="59.327399" lon="18.07393"><ele>5.8</ele><time>2026-09-05T07:47:48.000Z</time><extensions><gpxtpx:TrackPointExtension><gpxtpx:hr>136</gpxtpx:hr></gpxtpx:TrackPointExtension></extensions></trkpt>
      <trkpt lat="59.327372" lon="18.073954"><ele>5.8</ele><time>2026-09-05T07:47:49.000Z</time><extensions><gpxtpx:TrackPointExtension><gpxtpx:hr>136</gpxtpx:hr></gpxtpx:TrackPointExtension></extensions></trkpt>
      <trkpt lat="59.327346" lon="18.073978"><ele>5.8</ele><time>2026-09-05T07:47:50.000Z</time><extensions><gpxtpx:TrackPointExtension><gpxtpx:hr>136</gpxtpx:hr></gpxtpx:TrackPointExtension></extensions></trkpt>
      <trkpt lat="59.32732" lon="18.074006"><ele>5.8</ele><time>2026-09-05T07:47:51.000Z</time><extensions><gpxtpx:TrackPointExtension><gpxtpx:hr>136</gpxtpx:hr></gpxtpx:TrackPointExtension></extensions></trkpt>
      <trkpt lat="59.32727" lon="18.07407"><ele>5.8</ele><time>2026-09-05T07:47:52.000Z</time><extensions><gpxtpx:TrackPointExtension><gpxtpx:hr>136</gpxtpx:hr></gpxtpx:TrackPointExtension></extensions></trkpt>
      <trkpt lat="59.327248" lon="18.074104"><ele>5.8</ele><time>2026-09-05T07:47:53.000Z</time><extensions><gpxtpx:TrackPointExtension><gpxtpx:hr>136</gpxtpx:hr></gpxtpx:TrackPointExtension></extensions></trkpt>
      <trkpt lat="59.327224" lon="18.074137"><ele>5.8</ele><time>2026-09-05T07:47:54.000Z</time><extensions><gpxtpx:TrackPointExtension><gpxtpx:hr>136</gpxtpx:hr></gpxtpx:TrackPointExtension></extensions></trkpt>
      <trkpt lat="59.327201" lon="18.07417"><ele>6</ele><time>2026-09-05T07:47:55.000Z</time><extensions><gpxtpx:TrackPointExtension><gpxtpx:hr>136</gpxtpx:hr></gpxtpx:TrackPointExtension></extensions></trkpt>
      <trkpt lat="59.327175" lon="18.074199"><ele>6</ele><time>2026-09-05T07:47:56.000Z</time><extensions><gpxtpx:TrackPointExtension><gpxtpx:hr>136</gpxtpx:hr></gpxtpx:TrackPointExtension></extensions></trkpt>
      <trkpt lat="59.32715" lon="18.074226"><ele>6</ele><time>2026-09-05T07:47:57.000Z</time><extensions><gpxtpx:TrackPointExtension><gpxtpx:hr>137</gpxtpx:hr></gpxtpx:TrackPointExtension></extensions></trkpt>
      <trkpt lat="59.327126" lon="18.074252"><ele>6</ele><time>2026-09-05T07:47:58.000Z</time><extensions><gpxtpx:TrackPointExtension><gpxtpx:hr>137</gpxtpx:hr></gpxtpx:TrackPointExtension></extensions></trkpt>
      <trkpt lat="59.327104" lon="18.074278"><ele>6</ele><time>2026-09-05T07:47:59.000Z</time><extensions><gpxtpx:TrackPointExtension><gpxtpx:hr>137</gpxtpx:hr></gpxtpx:TrackPointExtension></extensions></trkpt>
      <trkpt lat="59.327082" lon="18.074304"><ele>6</ele><time>2026-09-05T07:48:00.000Z</time><extensions><gpxtpx:TrackPointExtension><gpxtpx:hr>137</gpxtpx:hr></gpxtpx:TrackPointExtension></extensions></trkpt>
      <trkpt lat="59.327059" lon="18.07433"><ele>6</ele><time>2026-09-05T07:48:01.000Z</time><extensions><gpxtpx:TrackPointExtension><gpxtpx:hr>137</gpxtpx:hr></gpxtpx:TrackPointExtension></extensions></trkpt>
      <trkpt lat="59.327036" lon="18.074356"><ele>6</ele><time>2026-09-05T07:48:02.000Z</time><extensions><gpxtpx:TrackPointExtension><gpxtpx:hr>137</gpxtpx:hr></gpxtpx:TrackPointExtension></extensions></trkpt>
      <trkpt lat="59.327013" lon="18.074384"><ele>6</ele><time>2026-09-05T07:48:03.000Z</time><extensions><gpxtpx:TrackPointExtension><gpxtpx:hr>139</gpxtpx:hr></gpxtpx:TrackPointExtension></extensions></trkpt>
      <trkpt lat="59.326991" lon="18.074411"><ele>6</ele><time>2026-09-05T07:48:04.000Z</time><extensions><gpxtpx:TrackPointExtension><gpxtpx:hr>140</gpxtpx:hr></gpxtpx:TrackPointExtension></extensions></trkpt>
      <trkpt lat="59.326971" lon="18.074438"><ele>6</ele><time>2026-09-05T07:48:05.000Z</time><extensions><gpxtpx:TrackPointExtension><gpxtpx:hr>140</gpxtpx:hr></gpxtpx:TrackPointExtension></extensions></trkpt>
      <trkpt lat="59.326952" lon="18.07447"><ele>6</ele><time>2026-09-05T07:48:06.000Z</time><extensions><gpxtpx:TrackPointExtension><gpxtpx:hr>140</gpxtpx:hr></gpxtpx:TrackPointExtension></extensions></trkpt>
      <trkpt lat="59.326935" lon="18.074505"><ele>6</ele><time>2026-09-05T07:48:07.000Z</time><extensions><gpxtpx:TrackPointExtension><gpxtpx:hr>140</gpxtpx:hr></gpxtpx:TrackPointExtension></extensions></trkpt>
      <trkpt lat="59.326917" lon="18.074539"><ele>6</ele><time>2026-09-05T07:48:08.000Z</time><extensions><gpxtpx:TrackPointExtension><gpxtpx:hr>140</gpxtpx:hr></gpxtpx:TrackPointExtension></extensions></trkpt>
      <trkpt lat="59.326899" lon="18.074569"><ele>6</ele><time>2026-09-05T07:48:09.000Z</time><extensions><gpxtpx:TrackPointExtension><gpxtpx:hr>140</gpxtpx:hr></gpxtpx:TrackPointExtension></extensions></trkpt>
      <trkpt lat="59.32688" lon="18.074593"><ele>6</ele><time>2026-09-05T07:48:10.000Z</time><extensions><gpxtpx:TrackPointExtension><gpxtpx:hr>139</gpxtpx:hr></gpxtpx:TrackPointExtension></extensions></trkpt>
      <trkpt lat="59.326859" lon="18.074608"><ele>6</ele><time>2026-09-05T07:48:11.000Z</time><extensions><gpxtpx:TrackPointExtension><gpxtpx:hr>139</gpxtpx:hr></gpxtpx:TrackPointExtension></extensions></trkpt>
      <trkpt lat="59.326839" lon="18.074611"><ele>6</ele><time>2026-09-05T07:48:12.000Z</time><extensions><gpxtpx:TrackPointExtension><gpxtpx:hr>139</gpxtpx:hr></gpxtpx:TrackPointExtension></extensions></trkpt>
      <trkpt lat="59.326823" lon="18.074597"><ele>6</ele><time>2026-09-05T07:48:13.000Z</time><extensions><gpxtpx:TrackPointExtension><gpxtpx:hr>139</gpxtpx:hr></gpxtpx:TrackPointExtension></extensions></trkpt>
      <trkpt lat="59.326813" lon="18.074572"><ele>6</ele><time>2026-09-05T07:48:14.000Z</time><extensions><gpxtpx:TrackPointExtension><gpxtpx:hr>139</gpxtpx:hr></gpxtpx:TrackPointExtension></extensions></trkpt>
      <trkpt lat="59.326811" lon="18.074551"><ele>6</ele><time>2026-09-05T07:48:15.000Z</time><extensions><gpxtpx:TrackPointExtension><gpxtpx:hr>139</gpxtpx:hr></gpxtpx:TrackPointExtension></extensions></trkpt>
      <trkpt lat="59.326812" lon="18.074542"><ele>6</ele><time>2026-09-05T07:48:16.000Z</time><extensions><gpxtpx:TrackPointExtension><gpxtpx:hr>139</gpxtpx:hr></gpxtpx:TrackPointExtension></extensions></trkpt>
      <trkpt lat="59.326844" lon="18.074484"><ele>6</ele><time>2026-09-05T07:49:00.000Z</time><extensions><gpxtpx:TrackPointExtension><gpxtpx:hr>139</gpxtpx:hr></gpxtpx:TrackPointExtension></extensions></trkpt>
      <trkpt lat="59.326856" lon="18.074467"><ele>6</ele><time>2026-09-05T07:49:01.000Z</time><extensions><gpxtpx:TrackPointExtension><gpxtpx:hr>139</gpxtpx:hr></gpxtpx:TrackPointExtension></extensions></trkpt>
      <trkpt lat="59.326871" lon="18.074449"><ele>5.8</ele><time>2026-09-05T07:49:02.000Z</time><extensions><gpxtpx:TrackPointExtension><gpxtpx:hr>139</gpxtpx:hr></gpxtpx:TrackPointExtension></extensions></trkpt>
      <trkpt lat="59.326886" lon="18.074431"><ele>5.8</ele><time>2026-09-05T07:49:03.000Z</time><extensions><gpxtpx:TrackPointExtension><gpxtpx:hr>139</gpxtpx:hr></gpxtpx:TrackPointExtension></extensions></trkpt>
      <trkpt lat="59.326902" lon="18.074411"><ele>5.8</ele><time>2026-09-05T07:49:04.000Z</time><extensions><gpxtpx:TrackPointExtension><gpxtpx:hr>113</gpxtpx:hr></gpxtpx:TrackPointExtension></extensions></trkpt>
      <trkpt lat="59.326916" lon="18.074391"><ele>5.8</ele><time>2026-09-05T07:49:05.000Z</time><extensions><gpxtpx:TrackPointExtension><gpxtpx:hr>113</gpxtpx:hr></gpxtpx:TrackPointExtension></extensions></trkpt>
      <trkpt lat="59.326928" lon="18.074378"><ele>5.8</ele><time>2026-09-05T07:49:06.000Z</time><extensions><gpxtpx:TrackPointExtension><gpxtpx:hr>113</gpxtpx:hr></gpxtpx:TrackPointExtension></extensions></trkpt>
      <trkpt lat="59.326933" lon="18.074376"><ele>5.8</ele><time>2026-09-05T07:49:07.000Z</time><extensions><gpxtpx:TrackPointExtension><gpxtpx:hr>113</gpxtpx:hr></gpxtpx:TrackPointExtension></extensions></trkpt>
      <trkpt lat="59.326929" lon="18.074391"><ele>5.8</ele><time>2026-09-05T07:49:08.000Z</time><extensions><gpxtpx:TrackPointExtension><gpxtpx:hr>113</gpxtpx:hr></gpxtpx:TrackPointExtension></extensions></trkpt>
      <trkpt lat="59.326915" lon="18.074421"><ele>6</ele><time>2026-09-05T07:49:09.000Z</time><extensions><gpxtpx:TrackPointExtension><gpxtpx:hr>114</gpxtpx:hr></gpxtpx:TrackPointExtension></extensions></trkpt>
      <trkpt lat="59.326897" lon="18.074459"><ele>6</ele><time>2026-09-05T07:49:10.000Z</time><extensions><gpxtpx:TrackPointExtension><gpxtpx:hr>114</gpxtpx:hr></gpxtpx:TrackPointExtension></extensions></trkpt>
      <trkpt lat="59.326881" lon="18.074497"><ele>6</ele><time>2026-09-05T07:49:11.000Z</time><extensions><gpxtpx:TrackPointExtension><gpxtpx:hr>114</gpxtpx:hr></gpxtpx:TrackPointExtension></extensions></trkpt>
      <trkpt lat="59.32687" lon="18.074535"><ele>6</ele><time>2026-09-05T07:49:12.000Z</time><extensions><gpxtpx:TrackPointExtension><gpxtpx:hr>114</gpxtpx:hr></gpxtpx:TrackPointExtension></extensions></trkpt>
      <trkpt lat="59.32686" lon="18.074577"><ele>6</ele><time>2026-09-05T07:49:13.000Z</time><extensions><gpxtpx:TrackPointExtension><gpxtpx:hr>114</gpxtpx:hr></gpxtpx:TrackPointExtension></extensions></trkpt>
      <trkpt lat="59.32685" lon="18.074621"><ele>6</ele><time>2026-09-05T07:49:14.000Z</time><extensions><gpxtpx:TrackPointExtension><gpxtpx:hr>114</gpxtpx:hr></gpxtpx:TrackPointExtension></extensions></trkpt>
      <trkpt lat="59.32684" lon="18.074663"><ele>6</ele><time>2026-09-05T07:49:15.000Z</time><extensions><gpxtpx:TrackPointExtension><gpxtpx:hr>114</gpxtpx:hr></gpxtpx:TrackPointExtension></extensions></trkpt>
      <trkpt lat="59.326832" lon="18.074704"><ele>6</ele><time>2026-09-05T07:49:16.000Z</time><extensions><gpxtpx:TrackPointExtension><gpxtpx:hr>114</gpxtpx:hr></gpxtpx:TrackPointExtension></extensions></trkpt>
      <trkpt lat="59.326824" lon="18.074743"><ele>6</ele><time>2026-09-05T07:49:17.000Z</time><extensions><gpxtpx:TrackPointExtension><gpxtpx:hr>114</gpxtpx:hr></gpxtpx:TrackPointExtension></extensions></trkpt>
      <trkpt lat="59.326813" lon="18.074781"><ele>6</ele><time>2026-09-05T07:49:18.000Z</time><extensions><gpxtpx:TrackPointExtension><gpxtpx:hr>114</gpxtpx:hr></gpxtpx:TrackPointExtension></extensions></trkpt>
      <trkpt lat="59.326799" lon="18.074813"><ele>6</ele><time>2026-09-05T07:49:19.000Z</time><extensions><gpxtpx:TrackPointExtension><gpxtpx:hr>114</gpxtpx:hr></gpxtpx:TrackPointExtension></extensions></trkpt>
      <trkpt lat="59.326781" lon="18.074836"><ele>6</ele><time>2026-09-05T07:49:20.000Z</time><extensions><gpxtpx:TrackPointExtension><gpxtpx:hr>115</gpxtpx:hr></gpxtpx:TrackPointExtension></extensions></trkpt>
      <trkpt lat="59.326761" lon="18.074854"><ele>6</ele><time>2026-09-05T07:49:21.000Z</time><extensions><gpxtpx:TrackPointExtension><gpxtpx:hr>115</gpxtpx:hr></gpxtpx:TrackPointExtension></extensions></trkpt>
      <trkpt lat="59.326741" lon="18.074871"><ele>6</ele><time>2026-09-05T07:49:22.000Z</time><extensions><gpxtpx:TrackPointExtension><gpxtpx:hr>115</gpxtpx:hr></gpxtpx:TrackPointExtension></extensions></trkpt>
      <trkpt lat="59.326723" lon="18.074887"><ele>6</ele><time>2026-09-05T07:49:23.000Z</time><extensions><gpxtpx:TrackPointExtension><gpxtpx:hr>115</gpxtpx:hr></gpxtpx:TrackPointExtension></extensions></trkpt>
      <trkpt lat="59.326706" lon="18.074905"><ele>6</ele><time>2026-09-05T07:49:24.000Z</time><extensions><gpxtpx:TrackPointExtension><gpxtpx:hr>115</gpxtpx:hr></gpxtpx:TrackPointExtension></extensions></trkpt>
      <trkpt lat="59.326691" lon="18.074924"><ele>6</ele><time>2026-09-05T07:49:25.000Z</time><extensions><gpxtpx:TrackPointExtension><gpxtpx:hr>115</gpxtpx:hr></gpxtpx:TrackPointExtension></extensions></trkpt>
      <trkpt lat="59.326679" lon="18.074939"><ele>6</ele><time>2026-09-05T07:49:26.000Z</time><extensions><gpxtpx:TrackPointExtension><gpxtpx:hr>119</gpxtpx:hr></gpxtpx:TrackPointExtension></extensions></trkpt>
      <trkpt lat="59.326671" lon="18.074943"><ele>6</ele><time>2026-09-05T07:49:27.000Z</time><extensions><gpxtpx:TrackPointExtension><gpxtpx:hr>119</gpxtpx:hr></gpxtpx:TrackPointExtension></extensions></trkpt>
      <trkpt lat="59.326667" lon="18.074931"><ele>6</ele><time>2026-09-05T07:49:28.000Z</time><extensions><gpxtpx:TrackPointExtension><gpxtpx:hr>119</gpxtpx:hr></gpxtpx:TrackPointExtension></extensions></trkpt>
      <trkpt lat="59.326667" lon="18.074917"><ele>6</ele><time>2026-09-05T07:49:29.000Z</time><extensions><gpxtpx:TrackPointExtension><gpxtpx:hr>119</gpxtpx:hr></gpxtpx:TrackPointExtension></extensions></trkpt>
      <trkpt lat="59.326673" lon="18.074902"><ele>6</ele><time>2026-09-05T07:49:30.000Z</time><extensions><gpxtpx:TrackPointExtension><gpxtpx:hr>119</gpxtpx:hr></gpxtpx:TrackPointExtension></extensions></trkpt>
      <trkpt lat="59.326681" lon="18.074892"><ele>6</ele><time>2026-09-05T07:49:31.000Z</time><extensions><gpxtpx:TrackPointExtension><gpxtpx:hr>119</gpxtpx:hr></gpxtpx:TrackPointExtension></extensions></trkpt>
      <trkpt lat="59.326688" lon="18.074892"><ele>6</ele><time>2026-09-05T07:49:32.000Z</time><extensions><gpxtpx:TrackPointExtension><gpxtpx:hr>119</gpxtpx:hr></gpxtpx:TrackPointExtension></extensions></trkpt>
      <trkpt lat="59.326688" lon="18.074898"><ele>6</ele><time>2026-09-05T07:49:33.000Z</time><extensions><gpxtpx:TrackPointExtension><gpxtpx:hr>125</gpxtpx:hr></gpxtpx:TrackPointExtension></extensions></trkpt>
      <trkpt lat="59.326685" lon="18.0749"><ele>6</ele><time>2026-09-05T07:49:34.000Z</time><extensions><gpxtpx:TrackPointExtension><gpxtpx:hr>125</gpxtpx:hr></gpxtpx:TrackPointExtension></extensions></trkpt>
      <trkpt lat="59.32668" lon="18.074888"><ele>6</ele><time>2026-09-05T07:49:35.000Z</time><extensions><gpxtpx:TrackPointExtension><gpxtpx:hr>125</gpxtpx:hr></gpxtpx:TrackPointExtension></extensions></trkpt>
      <trkpt lat="59.326675" lon="18.074864"><ele>6</ele><time>2026-09-05T07:49:36.000Z</time><extensions><gpxtpx:TrackPointExtension><gpxtpx:hr>125</gpxtpx:hr></gpxtpx:TrackPointExtension></extensions></trkpt>
      <trkpt lat="59.326673" lon="18.07483"><ele>6</ele><time>2026-09-05T07:49:37.000Z</time><extensions><gpxtpx:TrackPointExtension><gpxtpx:hr>120</gpxtpx:hr></gpxtpx:TrackPointExtension></extensions></trkpt>
      <trkpt lat="59.326673" lon="18.074787"><ele>6</ele><time>2026-09-05T07:49:38.000Z</time><extensions><gpxtpx:TrackPointExtension><gpxtpx:hr>120</gpxtpx:hr></gpxtpx:TrackPointExtension></extensions></trkpt>
      <trkpt lat="59.326677" lon="18.074738"><ele>6</ele><time>2026-09-05T07:49:39.000Z</time><extensions><gpxtpx:TrackPointExtension><gpxtpx:hr>120</gpxtpx:hr></gpxtpx:TrackPointExtension></extensions></trkpt>
      <trkpt lat="59.326684" lon="18.074684"><ele>5.8</ele><time>2026-09-05T07:49:40.000Z</time><extensions><gpxtpx:TrackPointExtension><gpxtpx:hr>120</gpxtpx:hr></gpxtpx:TrackPointExtension></extensions></trkpt>
      <trkpt lat="59.326689" lon="18.074628"><ele>5.8</ele><time>2026-09-05T07:49:41.000Z</time><extensions><gpxtpx:TrackPointExtension><gpxtpx:hr>120</gpxtpx:hr></gpxtpx:TrackPointExtension></extensions></trkpt>
      <trkpt lat="59.326691" lon="18.074569"><ele>5.8</ele><time>2026-09-05T07:49:42.000Z</time><extensions><gpxtpx:TrackPointExtension><gpxtpx:hr>120</gpxtpx:hr></gpxtpx:TrackPointExtension></extensions></trkpt>
      <trkpt lat="59.326691" lon="18.07451"><ele>5.8</ele><time>2026-09-05T07:49:43.000Z</time><extensions><gpxtpx:TrackPointExtension><gpxtpx:hr>120</gpxtpx:hr></gpxtpx:TrackPointExtension></extensions></trkpt>
      <trkpt lat="59.326688" lon="18.074454"><ele>5.8</ele><time>2026-09-05T07:49:44.000Z</time><extensions><gpxtpx:TrackPointExtension><gpxtpx:hr>120</gpxtpx:hr></gpxtpx:TrackPointExtension></extensions></trkpt>
      <trkpt lat="59.326683" lon="18.074401"><ele>6</ele><time>2026-09-05T07:49:45.000Z</time><extensions><gpxtpx:TrackPointExtension><gpxtpx:hr>120</gpxtpx:hr></gpxtpx:TrackPointExtension></extensions></trkpt>
      <trkpt lat="59.326676" lon="18.074351"><ele>6</ele><time>2026-09-05T07:49:46.000Z</time><extensions><gpxtpx:TrackPointExtension><gpxtpx:hr>120</gpxtpx:hr></gpxtpx:TrackPointExtension></extensions></trkpt>
      <trkpt lat="59.326668" lon="18.074302"><ele>6</ele><time>2026-09-05T07:49:47.000Z</time><extensions><gpxtpx:TrackPointExtension><gpxtpx:hr>128</gpxtpx:hr></gpxtpx:TrackPointExtension></extensions></trkpt>
      <trkpt lat="59.32666" lon="18.074252"><ele>6</ele><time>2026-09-05T07:49:48.000Z</time><extensions><gpxtpx:TrackPointExtension><gpxtpx:hr>128</gpxtpx:hr></gpxtpx:TrackPointExtension></extensions></trkpt>
      <trkpt lat="59.326651" lon="18.074203"><ele>6.2</ele><time>2026-09-05T07:49:49.000Z</time><extensions><gpxtpx:TrackPointExtension><gpxtpx:hr>126</gpxtpx:hr></gpxtpx:TrackPointExtension></extensions></trkpt>
      <trkpt lat="59.326642" lon="18.074155"><ele>6.2</ele><time>2026-09-05T07:49:50.000Z</time><extensions><gpxtpx:TrackPointExtension><gpxtpx:hr>126</gpxtpx:hr></gpxtpx:TrackPointExtension></extensions></trkpt>
      <trkpt lat="59.326632" lon="18.074109"><ele>6.2</ele><time>2026-09-05T07:49:51.000Z</time><extensions><gpxtpx:TrackPointExtension><gpxtpx:hr>126</gpxtpx:hr></gpxtpx:TrackPointExtension></extensions></trkpt>
      <trkpt lat="59.326621" lon="18.074066"><ele>6.4</ele><time>2026-09-05T07:49:52.000Z</time><extensions><gpxtpx:TrackPointExtension><gpxtpx:hr>126</gpxtpx:hr></gpxtpx:TrackPointExtension></extensions></trkpt>
      <trkpt lat="59.32661" lon="18.074027"><ele>6.6</ele><time>2026-09-05T07:49:53.000Z</time><extensions><gpxtpx:TrackPointExtension><gpxtpx:hr>126</gpxtpx:hr></gpxtpx:TrackPointExtension></extensions></trkpt>
      <trkpt lat="59.326599" lon="18.073993"><ele>6.6</ele><time>2026-09-05T07:49:54.000Z</time><extensions><gpxtpx:TrackPointExtension><gpxtpx:hr>126</gpxtpx:hr></gpxtpx:TrackPointExtension></extensions></trkpt>
      <trkpt lat="59.326588" lon="18.073962"><ele>6.8</ele><time>2026-09-05T07:49:55.000Z</time><extensions><gpxtpx:TrackPointExtension><gpxtpx:hr>126</gpxtpx:hr></gpxtpx:TrackPointExtension></extensions></trkpt>
      <trkpt lat="59.326579" lon="18.073935"><ele>7</ele><time>2026-09-05T07:49:56.000Z</time><extensions><gpxtpx:TrackPointExtension><gpxtpx:hr>126</gpxtpx:hr></gpxtpx:TrackPointExtension></extensions></trkpt>
      <trkpt lat="59.326571" lon="18.073912"><ele>7.2</ele><time>2026-09-05T07:49:57.000Z</time><extensions><gpxtpx:TrackPointExtension><gpxtpx:hr>126</gpxtpx:hr></gpxtpx:TrackPointExtension></extensions></trkpt>
      <trkpt lat="59.326565" lon="18.073894"><ele>7.4</ele><time>2026-09-05T07:49:58.000Z</time><extensions><gpxtpx:TrackPointExtension><gpxtpx:hr>133</gpxtpx:hr></gpxtpx:TrackPointExtension></extensions></trkpt>
      <trkpt lat="59.326548" lon="18.073838"><ele>8</ele><time>2026-09-05T07:50:03.000Z</time><extensions><gpxtpx:TrackPointExtension><gpxtpx:hr>133</gpxtpx:hr></gpxtpx:TrackPointExtension></extensions></trkpt>
      <trkpt lat="59.326542" lon="18.073812"><ele>8.2</ele><time>2026-09-05T07:50:04.000Z</time><extensions><gpxtpx:TrackPointExtension><gpxtpx:hr>133</gpxtpx:hr></gpxtpx:TrackPointExtension></extensions></trkpt>
      <trkpt lat="59.326534" lon="18.073779"><ele>8.2</ele><time>2026-09-05T07:50:05.000Z</time><extensions><gpxtpx:TrackPointExtension><gpxtpx:hr>133</gpxtpx:hr></gpxtpx:TrackPointExtension></extensions></trkpt>
      <trkpt lat="59.326525" lon="18.073743"><ele>8.2</ele><time>2026-09-05T07:50:06.000Z</time><extensions><gpxtpx:TrackPointExtension><gpxtpx:hr>133</gpxtpx:hr></gpxtpx:TrackPointExtension></extensions></trkpt>
      <trkpt lat="59.326516" lon="18.073706"><ele>8.4</ele><time>2026-09-05T07:50:07.000Z</time><extensions><gpxtpx:TrackPointExtension><gpxtpx:hr>133</gpxtpx:hr></gpxtpx:TrackPointExtension></extensions></trkpt>
      <trkpt lat="59.326507" lon="18.07367"><ele>8.4</ele><time>2026-09-05T07:50:08.000Z</time><extensions><gpxtpx:TrackPointExtension><gpxtpx:hr>133</gpxtpx:hr></gpxtpx:TrackPointExtension></extensions></trkpt>
      <trkpt lat="59.326498" lon="18.073636"><ele>8.6</ele><time>2026-09-05T07:50:09.000Z</time><extensions><gpxtpx:TrackPointExtension><gpxtpx:hr>133</gpxtpx:hr></gpxtpx:TrackPointExtension></extensions></trkpt>
      <trkpt lat="59.32649" lon="18.073603"><ele>8.8</ele><time>2026-09-05T07:50:10.000Z</time><extensions><gpxtpx:TrackPointExtension><gpxtpx:hr>131</gpxtpx:hr></gpxtpx:TrackPointExtension></extensions></trkpt>
      <trkpt lat="59.326482" lon="18.073571"><ele>8.8</ele><time>2026-09-05T07:50:11.000Z</time><extensions><gpxtpx:TrackPointExtension><gpxtpx:hr>131</gpxtpx:hr></gpxtpx:TrackPointExtension></extensions></trkpt>
      <trkpt lat="59.326474" lon="18.073539"><ele>9</ele><time>2026-09-05T07:50:12.000Z</time><extensions><gpxtpx:TrackPointExtension><gpxtpx:hr>131</gpxtpx:hr></gpxtpx:TrackPointExtension></extensions></trkpt>
      <trkpt lat="59.326466" lon="18.073508"><ele>9.2</ele><time>2026-09-05T07:50:13.000Z</time><extensions><gpxtpx:TrackPointExtension><gpxtpx:hr>131</gpxtpx:hr></gpxtpx:TrackPointExtension></extensions></trkpt>
      <trkpt lat="59.326458" lon="18.073478"><ele>9.4</ele><time>2026-09-05T07:50:14.000Z</time><extensions><gpxtpx:TrackPointExtension><gpxtpx:hr>131</gpxtpx:hr></gpxtpx:TrackPointExtension></extensions></trkpt>
      <trkpt lat="59.32645" lon="18.073447"><ele>9.6</ele><time>2026-09-05T07:50:15.000Z</time><extensions><gpxtpx:TrackPointExtension><gpxtpx:hr>131</gpxtpx:hr></gpxtpx:TrackPointExtension></extensions></trkpt>
      <trkpt lat="59.326443" lon="18.073416"><ele>9.8</ele><time>2026-09-05T07:50:16.000Z</time><extensions><gpxtpx:TrackPointExtension><gpxtpx:hr>131</gpxtpx:hr></gpxtpx:TrackPointExtension></extensions></trkpt>
      <trkpt lat="59.326434" lon="18.073385"><ele>10</ele><time>2026-09-05T07:50:17.000Z</time><extensions><gpxtpx:TrackPointExtension><gpxtpx:hr>134</gpxtpx:hr></gpxtpx:TrackPointExtension></extensions></trkpt>
      <trkpt lat="59.326426" lon="18.073353"><ele>10.2</ele><time>2026-09-05T07:50:18.000Z</time><extensions><gpxtpx:TrackPointExtension><gpxtpx:hr>134</gpxtpx:hr></gpxtpx:TrackPointExtension></extensions></trkpt>
      <trkpt lat="59.326418" lon="18.073322"><ele>10.4</ele><time>2026-09-05T07:50:19.000Z</time><extensions><gpxtpx:TrackPointExtension><gpxtpx:hr>134</gpxtpx:hr></gpxtpx:TrackPointExtension></extensions></trkpt>
      <trkpt lat="59.32641" lon="18.073291"><ele>10.6</ele><time>2026-09-05T07:50:20.000Z</time><extensions><gpxtpx:TrackPointExtension><gpxtpx:hr>134</gpxtpx:hr></gpxtpx:TrackPointExtension></extensions></trkpt>
      <trkpt lat="59.326402" lon="18.073261"><ele>10.8</ele><time>2026-09-05T07:50:21.000Z</time><extensions><gpxtpx:TrackPointExtension><gpxtpx:hr>134</gpxtpx:hr></gpxtpx:TrackPointExtension></extensions></trkpt>
      <trkpt lat="59.326394" lon="18.073232"><ele>11</ele><time>2026-09-05T07:50:22.000Z</time><extensions><gpxtpx:TrackPointExtension><gpxtpx:hr>134</gpxtpx:hr></gpxtpx:TrackPointExtension></extensions></trkpt>
      <trkpt lat="59.326385" lon="18.073203"><ele>11.4</ele><time>2026-09-05T07:50:23.000Z</time><extensions><gpxtpx:TrackPointExtension><gpxtpx:hr>134</gpxtpx:hr></gpxtpx:TrackPointExtension></extensions></trkpt>
      <trkpt lat="59.326377" lon="18.073174"><ele>11.6</ele><time>2026-09-05T07:50:24.000Z</time><extensions><gpxtpx:TrackPointExtension><gpxtpx:hr>134</gpxtpx:hr></gpxtpx:TrackPointExtension></extensions></trkpt>
      <trkpt lat="59.326368" lon="18.073146"><ele>11.8</ele><time>2026-09-05T07:50:25.000Z</time><extensions><gpxtpx:TrackPointExtension><gpxtpx:hr>136</gpxtpx:hr></gpxtpx:TrackPointExtension></extensions></trkpt>
      <trkpt lat="59.32636" lon="18.073118"><ele>12</ele><time>2026-09-05T07:50:26.000Z</time><extensions><gpxtpx:TrackPointExtension><gpxtpx:hr>136</gpxtpx:hr></gpxtpx:TrackPointExtension></extensions></trkpt>
      <trkpt lat="59.326351" lon="18.07309"><ele>12.2</ele><time>2026-09-05T07:50:27.000Z</time><extensions><gpxtpx:TrackPointExtension><gpxtpx:hr>136</gpxtpx:hr></gpxtpx:TrackPointExtension></extensions></trkpt>
      <trkpt lat="59.326342" lon="18.073063"><ele>12.4</ele><time>2026-09-05T07:50:28.000Z</time><extensions><gpxtpx:TrackPointExtension><gpxtpx:hr>136</gpxtpx:hr></gpxtpx:TrackPointExtension></extensions></trkpt>
      <trkpt lat="59.326333" lon="18.073036"><ele>12.6</ele><time>2026-09-05T07:50:29.000Z</time><extensions><gpxtpx:TrackPointExtension><gpxtpx:hr>136</gpxtpx:hr></gpxtpx:TrackPointExtension></extensions></trkpt>
      <trkpt lat="59.326324" lon="18.073011"><ele>12.8</ele><time>2026-09-05T07:50:30.000Z</time><extensions><gpxtpx:TrackPointExtension><gpxtpx:hr>137</gpxtpx:hr></gpxtpx:TrackPointExtension></extensions></trkpt>
      <trkpt lat="59.326316" lon="18.072989"><ele>13</ele><time>2026-09-05T07:50:31.000Z</time><extensions><gpxtpx:TrackPointExtension><gpxtpx:hr>137</gpxtpx:hr></gpxtpx:TrackPointExtension></extensions></trkpt>
      <trkpt lat="59.326308" lon="18.072966"><ele>13.2</ele><time>2026-09-05T07:50:32.000Z</time><extensions><gpxtpx:TrackPointExtension><gpxtpx:hr>137</gpxtpx:hr></gpxtpx:TrackPointExtension></extensions></trkpt>
      <trkpt lat="59.326299" lon="18.072941"><ele>13.4</ele><time>2026-09-05T07:50:33.000Z</time><extensions><gpxtpx:TrackPointExtension><gpxtpx:hr>137</gpxtpx:hr></gpxtpx:TrackPointExtension></extensions></trkpt>
      <trkpt lat="59.326288" lon="18.072913"><ele>13.4</ele><time>2026-09-05T07:50:34.000Z</time><extensions><gpxtpx:TrackPointExtension><gpxtpx:hr>137</gpxtpx:hr></gpxtpx:TrackPointExtension></extensions></trkpt>
      <trkpt lat="59.326277" lon="18.072885"><ele>13.6</ele><time>2026-09-05T07:50:35.000Z</time><extensions><gpxtpx:TrackPointExtension><gpxtpx:hr>137</gpxtpx:hr></gpxtpx:TrackPointExtension></extensions></trkpt>
      <trkpt lat="59.326265" lon="18.072859"><ele>13.8</ele><time>2026-09-05T07:50:36.000Z</time><extensions><gpxtpx:TrackPointExtension><gpxtpx:hr>137</gpxtpx:hr></gpxtpx:TrackPointExtension></extensions></trkpt>
      <trkpt lat="59.326251" lon="18.072837"><ele>14</ele><time>2026-09-05T07:50:37.000Z</time><extensions><gpxtpx:TrackPointExtension><gpxtpx:hr>137</gpxtpx:hr></gpxtpx:TrackPointExtension></extensions></trkpt>
      <trkpt lat="59.326234" lon="18.072823"><ele>14</ele><time>2026-09-05T07:50:38.000Z</time><extensions><gpxtpx:TrackPointExtension><gpxtpx:hr>137</gpxtpx:hr></gpxtpx:TrackPointExtension></extensions></trkpt>
      <trkpt lat="59.326213" lon="18.072818"><ele>14.2</ele><time>2026-09-05T07:50:39.000Z</time><extensions><gpxtpx:TrackPointExtension><gpxtpx:hr>137</gpxtpx:hr></gpxtpx:TrackPointExtension></extensions></trkpt>
      <trkpt lat="59.326192" lon="18.072816"><ele>14.2</ele><time>2026-09-05T07:50:40.000Z</time><extensions><gpxtpx:TrackPointExtension><gpxtpx:hr>137</gpxtpx:hr></gpxtpx:TrackPointExtension></extensions></trkpt>
      <trkpt lat="59.326171" lon="18.072813"><ele>14.4</ele><time>2026-09-05T07:50:41.000Z</time><extensions><gpxtpx:TrackPointExtension><gpxtpx:hr>137</gpxtpx:hr></gpxtpx:TrackPointExtension></extensions></trkpt>
      <trkpt lat="59.32615" lon="18.072805"><ele>14.6</ele><time>2026-09-05T07:50:42.000Z</time><extensions><gpxtpx:TrackPointExtension><gpxtpx:hr>137</gpxtpx:hr></gpxtpx:TrackPointExtension></extensions></trkpt>
      <trkpt lat="59.32613" lon="18.072792"><ele>14.6</ele><time>2026-09-05T07:50:43.000Z</time><extensions><gpxtpx:TrackPointExtension><gpxtpx:hr>137</gpxtpx:hr></gpxtpx:TrackPointExtension></extensions></trkpt>
      <trkpt lat="59.32611" lon="18.072773"><ele>14.8</ele><time>2026-09-05T07:50:44.000Z</time><extensions><gpxtpx:TrackPointExtension><gpxtpx:hr>137</gpxtpx:hr></gpxtpx:TrackPointExtension></extensions></trkpt>
      <trkpt lat="59.326093" lon="18.072752"><ele>14.8</ele><time>2026-09-05T07:50:45.000Z</time><extensions><gpxtpx:TrackPointExtension><gpxtpx:hr>137</gpxtpx:hr></gpxtpx:TrackPointExtension></extensions></trkpt>
      <trkpt lat="59.326075" lon="18.072728"><ele>15</ele><time>2026-09-05T07:50:46.000Z</time><extensions><gpxtpx:TrackPointExtension><gpxtpx:hr>137</gpxtpx:hr></gpxtpx:TrackPointExtension></extensions></trkpt>
      <trkpt lat="59.326059" lon="18.072701"><ele>15.2</ele><time>2026-09-05T07:50:47.000Z</time><extensions><gpxtpx:TrackPointExtension><gpxtpx:hr>137</gpxtpx:hr></gpxtpx:TrackPointExtension></extensions></trkpt>
      <trkpt lat="59.326043" lon="18.072672"><ele>15.2</ele><time>2026-09-05T07:50:48.000Z</time><extensions><gpxtpx:TrackPointExtension><gpxtpx:hr>137</gpxtpx:hr></gpxtpx:TrackPointExtension></extensions></trkpt>
      <trkpt lat="59.326029" lon="18.072642"><ele>15.4</ele><time>2026-09-05T07:50:49.000Z</time><extensions><gpxtpx:TrackPointExtension><gpxtpx:hr>136</gpxtpx:hr></gpxtpx:TrackPointExtension></extensions></trkpt>
      <trkpt lat="59.326016" lon="18.072611"><ele>15.6</ele><time>2026-09-05T07:50:50.000Z</time><extensions><gpxtpx:TrackPointExtension><gpxtpx:hr>136</gpxtpx:hr></gpxtpx:TrackPointExtension></extensions></trkpt>
      <trkpt lat="59.326003" lon="18.072579"><ele>15.6</ele><time>2026-09-05T07:50:51.000Z</time><extensions><gpxtpx:TrackPointExtension><gpxtpx:hr>136</gpxtpx:hr></gpxtpx:TrackPointExtension></extensions></trkpt>
      <trkpt lat="59.32599" lon="18.072547"><ele>15.8</ele><time>2026-09-05T07:50:52.000Z</time><extensions><gpxtpx:TrackPointExtension><gpxtpx:hr>136</gpxtpx:hr></gpxtpx:TrackPointExtension></extensions></trkpt>
      <trkpt lat="59.325978" lon="18.072514"><ele>15.8</ele><time>2026-09-05T07:50:53.000Z</time><extensions><gpxtpx:TrackPointExtension><gpxtpx:hr>136</gpxtpx:hr></gpxtpx:TrackPointExtension></extensions></trkpt>
      <trkpt lat="59.325967" lon="18.072481"><ele>16</ele><time>2026-09-05T07:50:54.000Z</time><extensions><gpxtpx:TrackPointExtension><gpxtpx:hr>136</gpxtpx:hr></gpxtpx:TrackPointExtension></extensions></trkpt>
      <trkpt lat="59.325956" lon="18.072447"><ele>16</ele><time>2026-09-05T07:50:55.000Z</time><extensions><gpxtpx:TrackPointExtension><gpxtpx:hr>136</gpxtpx:hr></gpxtpx:TrackPointExtension></extensions></trkpt>
      <trkpt lat="59.325945" lon="18.072413"><ele>16</ele><time>2026-09-05T07:50:56.000Z</time><extensions><gpxtpx:TrackPointExtension><gpxtpx:hr>136</gpxtpx:hr></gpxtpx:TrackPointExtension></extensions></trkpt>
      <trkpt lat="59.325934" lon="18.072379"><ele>16</ele><time>2026-09-05T07:50:57.000Z</time><extensions><gpxtpx:TrackPointExtension><gpxtpx:hr>136</gpxtpx:hr></gpxtpx:TrackPointExtension></extensions></trkpt>
      <trkpt lat="59.325924" lon="18.072344"><ele>16.2</ele><time>2026-09-05T07:50:58.000Z</time><extensions><gpxtpx:TrackPointExtension><gpxtpx:hr>136</gpxtpx:hr></gpxtpx:TrackPointExtension></extensions></trkpt>
      <trkpt lat="59.325915" lon="18.072309"><ele>16.2</ele><time>2026-09-05T07:50:59.000Z</time><extensions><gpxtpx:TrackPointExtension><gpxtpx:hr>136</gpxtpx:hr></gpxtpx:TrackPointExtension></extensions></trkpt>
      <trkpt lat="59.325905" lon="18.072273"><ele>16.2</ele><time>2026-09-05T07:51:00.000Z</time><extensions><gpxtpx:TrackPointExtension><gpxtpx:hr>136</gpxtpx:hr></gpxtpx:TrackPointExtension></extensions></trkpt>
      <trkpt lat="59.325895" lon="18.072235"><ele>16.2</ele><time>2026-09-05T07:51:01.000Z</time><extensions><gpxtpx:TrackPointExtension><gpxtpx:hr>136</gpxtpx:hr></gpxtpx:TrackPointExtension></extensions></trkpt>
      <trkpt lat="59.325885" lon="18.072195"><ele>16.2</ele><time>2026-09-05T07:51:02.000Z</time><extensions><gpxtpx:TrackPointExtension><gpxtpx:hr>136</gpxtpx:hr></gpxtpx:TrackPointExtension></extensions></trkpt>
      <trkpt lat="59.325875" lon="18.072154"><ele>16.2</ele><time>2026-09-05T07:51:03.000Z</time><extensions><gpxtpx:TrackPointExtension><gpxtpx:hr>136</gpxtpx:hr></gpxtpx:TrackPointExtension></extensions></trkpt>
      <trkpt lat="59.325866" lon="18.072112"><ele>16.4</ele><time>2026-09-05T07:51:04.000Z</time><extensions><gpxtpx:TrackPointExtension><gpxtpx:hr>137</gpxtpx:hr></gpxtpx:TrackPointExtension></extensions></trkpt>
      <trkpt lat="59.325857" lon="18.072071"><ele>16.4</ele><time>2026-09-05T07:51:05.000Z</time><extensions><gpxtpx:TrackPointExtension><gpxtpx:hr>137</gpxtpx:hr></gpxtpx:TrackPointExtension></extensions></trkpt>
      <trkpt lat="59.325848" lon="18.07203"><ele>16.4</ele><time>2026-09-05T07:51:06.000Z</time><extensions><gpxtpx:TrackPointExtension><gpxtpx:hr>137</gpxtpx:hr></gpxtpx:TrackPointExtension></extensions></trkpt>
      <trkpt lat="59.325839" lon="18.071989"><ele>16.4</ele><time>2026-09-05T07:51:07.000Z</time><extensions><gpxtpx:TrackPointExtension><gpxtpx:hr>137</gpxtpx:hr></gpxtpx:TrackPointExtension></extensions></trkpt>
      <trkpt lat="59.325831" lon="18.071948"><ele>16.4</ele><time>2026-09-05T07:51:08.000Z</time><extensions><gpxtpx:TrackPointExtension><gpxtpx:hr>137</gpxtpx:hr></gpxtpx:TrackPointExtension></extensions></trkpt>
      <trkpt lat="59.325824" lon="18.071909"><ele>16.6</ele><time>2026-09-05T07:51:09.000Z</time><extensions><gpxtpx:TrackPointExtension><gpxtpx:hr>137</gpxtpx:hr></gpxtpx:TrackPointExtension></extensions></trkpt>
      <trkpt lat="59.325817" lon="18.07187"><ele>16.6</ele><time>2026-09-05T07:51:10.000Z</time><extensions><gpxtpx:TrackPointExtension><gpxtpx:hr>137</gpxtpx:hr></gpxtpx:TrackPointExtension></extensions></trkpt>
      <trkpt lat="59.32581" lon="18.071831"><ele>16.6</ele><time>2026-09-05T07:51:11.000Z</time><extensions><gpxtpx:TrackPointExtension><gpxtpx:hr>137</gpxtpx:hr></gpxtpx:TrackPointExtension></extensions></trkpt>
      <trkpt lat="59.325804" lon="18.071793"><ele>16.6</ele><time>2026-09-05T07:51:12.000Z</time><extensions><gpxtpx:TrackPointExtension><gpxtpx:hr>137</gpxtpx:hr></gpxtpx:TrackPointExtension></extensions></trkpt>
      <trkpt lat="59.325798" lon="18.071754"><ele>16.6</ele><time>2026-09-05T07:51:13.000Z</time><extensions><gpxtpx:TrackPointExtension><gpxtpx:hr>140</gpxtpx:hr></gpxtpx:TrackPointExtension></extensions></trkpt>
      <trkpt lat="59.325792" lon="18.071714"><ele>16.6</ele><time>2026-09-05T07:51:14.000Z</time><extensions><gpxtpx:TrackPointExtension><gpxtpx:hr>140</gpxtpx:hr></gpxtpx:TrackPointExtension></extensions></trkpt>
      <trkpt lat="59.325786" lon="18.071675"><ele>16.8</ele><time>2026-09-05T07:51:15.000Z</time><extensions><gpxtpx:TrackPointExtension><gpxtpx:hr>140</gpxtpx:hr></gpxtpx:TrackPointExtension></extensions></trkpt>
      <trkpt lat="59.325781" lon="18.071635"><ele>16.8</ele><time>2026-09-05T07:51:16.000Z</time><extensions><gpxtpx:TrackPointExtension><gpxtpx:hr>140</gpxtpx:hr></gpxtpx:TrackPointExtension></extensions></trkpt>
      <trkpt lat="59.325777" lon="18.071595"><ele>16.8</ele><time>2026-09-05T07:51:17.000Z</time><extensions><gpxtpx:TrackPointExtension><gpxtpx:hr>140</gpxtpx:hr></gpxtpx:TrackPointExtension></extensions></trkpt>
      <trkpt lat="59.325773" lon="18.071557"><ele>16.8</ele><time>2026-09-05T07:51:18.000Z</time><extensions><gpxtpx:TrackPointExtension><gpxtpx:hr>140</gpxtpx:hr></gpxtpx:TrackPointExtension></extensions></trkpt>
      <trkpt lat="59.325771" lon="18.071524"><ele>16.8</ele><time>2026-09-05T07:51:19.000Z</time><extensions><gpxtpx:TrackPointExtension><gpxtpx:hr>140</gpxtpx:hr></gpxtpx:TrackPointExtension></extensions></trkpt>
      <trkpt lat="59.32577" lon="18.071496"><ele>16.8</ele><time>2026-09-05T07:51:20.000Z</time><extensions><gpxtpx:TrackPointExtension><gpxtpx:hr>140</gpxtpx:hr></gpxtpx:TrackPointExtension></extensions></trkpt>
      <trkpt lat="59.32577" lon="18.071473"><ele>16.8</ele><time>2026-09-05T07:51:21.000Z</time><extensions><gpxtpx:TrackPointExtension><gpxtpx:hr>140</gpxtpx:hr></gpxtpx:TrackPointExtension></extensions></trkpt>
      <trkpt lat="59.325771" lon="18.071453"><ele>17</ele><time>2026-09-05T07:51:22.000Z</time><extensions><gpxtpx:TrackPointExtension><gpxtpx:hr>140</gpxtpx:hr></gpxtpx:TrackPointExtension></extensions></trkpt>
      <trkpt lat="59.325772" lon="18.071433"><ele>17</ele><time>2026-09-05T07:51:23.000Z</time><extensions><gpxtpx:TrackPointExtension><gpxtpx:hr>140</gpxtpx:hr></gpxtpx:TrackPointExtension></extensions></trkpt>
      <trkpt lat="59.325773" lon="18.071411"><ele>17</ele><time>2026-09-05T07:51:24.000Z</time><extensions><gpxtpx:TrackPointExtension><gpxtpx:hr>140</gpxtpx:hr></gpxtpx:TrackPointExtension></extensions></trkpt>
      <trkpt lat="59.325775" lon="18.071384"><ele>17</ele><time>2026-09-05T07:51:25.000Z</time><extensions><gpxtpx:TrackPointExtension><gpxtpx:hr>140</gpxtpx:hr></gpxtpx:TrackPointExtension></extensions></trkpt>
      <trkpt lat="59.325778" lon="18.071353"><ele>17</ele><time>2026-09-05T07:51:26.000Z</time><extensions><gpxtpx:TrackPointExtension><gpxtpx:hr>140</gpxtpx:hr></gpxtpx:TrackPointExtension></extensions></trkpt>
      <trkpt lat="59.325781" lon="18.071319"><ele>17</ele><time>2026-09-05T07:51:27.000Z</time><extensions><gpxtpx:TrackPointExtension><gpxtpx:hr>140</gpxtpx:hr></gpxtpx:TrackPointExtension></extensions></trkpt>
      <trkpt lat="59.325785" lon="18.071283"><ele>17</ele><time>2026-09-05T07:51:28.000Z</time><extensions><gpxtpx:TrackPointExtension><gpxtpx:hr>140</gpxtpx:hr></gpxtpx:TrackPointExtension></extensions></trkpt>
      <trkpt lat="59.325788" lon="18.071246"><ele>17.2</ele><time>2026-09-05T07:51:29.000Z</time><extensions><gpxtpx:TrackPointExtension><gpxtpx:hr>140</gpxtpx:hr></gpxtpx:TrackPointExtension></extensions></trkpt>
      <trkpt lat="59.325793" lon="18.071209"><ele>17.2</ele><time>2026-09-05T07:51:30.000Z</time><extensions><gpxtpx:TrackPointExtension><gpxtpx:hr>140</gpxtpx:hr></gpxtpx:TrackPointExtension></extensions></trkpt>
      <trkpt lat="59.325798" lon="18.071174"><ele>17.2</ele><time>2026-09-05T07:51:31.000Z</time><extensions><gpxtpx:TrackPointExtension><gpxtpx:hr>140</gpxtpx:hr></gpxtpx:TrackPointExtension></extensions></trkpt>
      <trkpt lat="59.325804" lon="18.07114"><ele>17.2</ele><time>2026-09-05T07:51:32.000Z</time><extensions><gpxtpx:TrackPointExtension><gpxtpx:hr>140</gpxtpx:hr></gpxtpx:TrackPointExtension></extensions></trkpt>
      <trkpt lat="59.325812" lon="18.07111"><ele>17.2</ele><time>2026-09-05T07:51:33.000Z</time><extensions><gpxtpx:TrackPointExtension><gpxtpx:hr>139</gpxtpx:hr></gpxtpx:TrackPointExtension></extensions></trkpt>
      <trkpt lat="59.325823" lon="18.071085"><ele>17.2</ele><time>2026-09-05T07:51:34.000Z</time><extensions><gpxtpx:TrackPointExtension><gpxtpx:hr>139</gpxtpx:hr></gpxtpx:TrackPointExtension></extensions></trkpt>
      <trkpt lat="59.325838" lon="18.071066"><ele>17.4</ele><time>2026-09-05T07:51:35.000Z</time><extensions><gpxtpx:TrackPointExtension><gpxtpx:hr>139</gpxtpx:hr></gpxtpx:TrackPointExtension></extensions></trkpt>
      <trkpt lat="59.325857" lon="18.071053"><ele>17.4</ele><time>2026-09-05T07:51:36.000Z</time><extensions><gpxtpx:TrackPointExtension><gpxtpx:hr>139</gpxtpx:hr></gpxtpx:TrackPointExtension></extensions></trkpt>
      <trkpt lat="59.325878" lon="18.071042"><ele>17.4</ele><time>2026-09-05T07:51:37.000Z</time><extensions><gpxtpx:TrackPointExtension><gpxtpx:hr>139</gpxtpx:hr></gpxtpx:TrackPointExtension></extensions></trkpt>
      <trkpt lat="59.325901" lon="18.07103"><ele>17.4</ele><time>2026-09-05T07:51:38.000Z</time><extensions><gpxtpx:TrackPointExtension><gpxtpx:hr>140</gpxtpx:hr></gpxtpx:TrackPointExtension></extensions></trkpt>
      <trkpt lat="59.325922" lon="18.071015"><ele>17.4</ele><time>2026-09-05T07:51:39.000Z</time><extensions><gpxtpx:TrackPointExtension><gpxtpx:hr>140</gpxtpx:hr></gpxtpx:TrackPointExtension></extensions></trkpt>
      <trkpt lat="59.325943" lon="18.070996"><ele>17.4</ele><time>2026-09-05T07:51:40.000Z</time><extensions><gpxtpx:TrackPointExtension><gpxtpx:hr>141</gpxtpx:hr></gpxtpx:TrackPointExtension></extensions></trkpt>
      <trkpt lat="59.325962" lon="18.070977"><ele>17.4</ele><time>2026-09-05T07:51:41.000Z</time><extensions><gpxtpx:TrackPointExtension><gpxtpx:hr>141</gpxtpx:hr></gpxtpx:TrackPointExtension></extensions></trkpt>
      <trkpt lat="59.32598" lon="18.070958"><ele>17.4</ele><time>2026-09-05T07:51:42.000Z</time><extensions><gpxtpx:TrackPointExtension><gpxtpx:hr>141</gpxtpx:hr></gpxtpx:TrackPointExtension></extensions></trkpt>
      <trkpt lat="59.325998" lon="18.070939"><ele>17.4</ele><time>2026-09-05T07:51:43.000Z</time><extensions><gpxtpx:TrackPointExtension><gpxtpx:hr>141</gpxtpx:hr></gpxtpx:TrackPointExtension></extensions></trkpt>
      <trkpt lat="59.326014" lon="18.07092"><ele>17.4</ele><time>2026-09-05T07:51:44.000Z</time><extensions><gpxtpx:TrackPointExtension><gpxtpx:hr>141</gpxtpx:hr></gpxtpx:TrackPointExtension></extensions></trkpt>
      <trkpt lat="59.326029" lon="18.070898"><ele>17.4</ele><time>2026-09-05T07:51:45.000Z</time><extensions><gpxtpx:TrackPointExtension><gpxtpx:hr>141</gpxtpx:hr></gpxtpx:TrackPointExtension></extensions></trkpt>
      <trkpt lat="59.326042" lon="18.070876"><ele>17.2</ele><time>2026-09-05T07:51:46.000Z</time><extensions><gpxtpx:TrackPointExtension><gpxtpx:hr>141</gpxtpx:hr></gpxtpx:TrackPointExtension></extensions></trkpt>
      <trkpt lat="59.326052" lon="18.070857"><ele>17.2</ele><time>2026-09-05T07:51:47.000Z</time><extensions><gpxtpx:TrackPointExtension><gpxtpx:hr>141</gpxtpx:hr></gpxtpx:TrackPointExtension></extensions></trkpt>
      <trkpt lat="59.326057" lon="18.070841"><ele>17.2</ele><time>2026-09-05T07:51:48.000Z</time><extensions><gpxtpx:TrackPointExtension><gpxtpx:hr>141</gpxtpx:hr></gpxtpx:TrackPointExtension></extensions></trkpt>
      <trkpt lat="59.326059" lon="18.070822"><ele>17.2</ele><time>2026-09-05T07:51:49.000Z</time><extensions><gpxtpx:TrackPointExtension><gpxtpx:hr>141</gpxtpx:hr></gpxtpx:TrackPointExtension></extensions></trkpt>
      <trkpt lat="59.326059" lon="18.070798"><ele>17.2</ele><time>2026-09-05T07:51:50.000Z</time><extensions><gpxtpx:TrackPointExtension><gpxtpx:hr>141</gpxtpx:hr></gpxtpx:TrackPointExtension></extensions></trkpt>
      <trkpt lat="59.326056" lon="18.070764"><ele>17.2</ele><time>2026-09-05T07:51:51.000Z</time><extensions><gpxtpx:TrackPointExtension><gpxtpx:hr>141</gpxtpx:hr></gpxtpx:TrackPointExtension></extensions></trkpt>
      <trkpt lat="59.32605" lon="18.070724"><ele>17.2</ele><time>2026-09-05T07:51:52.000Z</time><extensions><gpxtpx:TrackPointExtension><gpxtpx:hr>141</gpxtpx:hr></gpxtpx:TrackPointExtension></extensions></trkpt>
      <trkpt lat="59.326042" lon="18.07068"><ele>17.4</ele><time>2026-09-05T07:51:53.000Z</time><extensions><gpxtpx:TrackPointExtension><gpxtpx:hr>141</gpxtpx:hr></gpxtpx:TrackPointExtension></extensions></trkpt>
      <trkpt lat="59.326032" lon="18.070635"><ele>17.4</ele><time>2026-09-05T07:51:54.000Z</time><extensions><gpxtpx:TrackPointExtension><gpxtpx:hr>141</gpxtpx:hr></gpxtpx:TrackPointExtension></extensions></trkpt>
      <trkpt lat="59.326023" lon="18.070591"><ele>17.4</ele><time>2026-09-05T07:51:55.000Z</time><extensions><gpxtpx:TrackPointExtension><gpxtpx:hr>141</gpxtpx:hr></gpxtpx:TrackPointExtension></extensions></trkpt>
      <trkpt lat="59.326013" lon="18.070548"><ele>17.4</ele><time>2026-09-05T07:51:56.000Z</time><extensions><gpxtpx:TrackPointExtension><gpxtpx:hr>141</gpxtpx:hr></gpxtpx:TrackPointExtension></extensions></trkpt>
      <trkpt lat="59.326004" lon="18.070508"><ele>17.4</ele><time>2026-09-05T07:51:57.000Z</time><extensions><gpxtpx:TrackPointExtension><gpxtpx:hr>141</gpxtpx:hr></gpxtpx:TrackPointExtension></extensions></trkpt>
      <trkpt lat="59.325993" lon="18.070468"><ele>17.4</ele><time>2026-09-05T07:51:58.000Z</time><extensions><gpxtpx:TrackPointExtension><gpxtpx:hr>141</gpxtpx:hr></gpxtpx:TrackPointExtension></extensions></trkpt>
      <trkpt lat="59.325982" lon="18.070427"><ele>17.4</ele><time>2026-09-05T07:51:59.000Z</time><extensions><gpxtpx:TrackPointExtension><gpxtpx:hr>141</gpxtpx:hr></gpxtpx:TrackPointExtension></extensions></trkpt>
      <trkpt lat="59.325972" lon="18.070386"><ele>17.4</ele><time>2026-09-05T07:52:00.000Z</time><extensions><gpxtpx:TrackPointExtension><gpxtpx:hr>141</gpxtpx:hr></gpxtpx:TrackPointExtension></extensions></trkpt>
      <trkpt lat="59.325961" lon="18.070346"><ele>17.2</ele><time>2026-09-05T07:52:01.000Z</time><extensions><gpxtpx:TrackPointExtension><gpxtpx:hr>141</gpxtpx:hr></gpxtpx:TrackPointExtension></extensions></trkpt>
      <trkpt lat="59.32595" lon="18.070306"><ele>17.2</ele><time>2026-09-05T07:52:02.000Z</time><extensions><gpxtpx:TrackPointExtension><gpxtpx:hr>141</gpxtpx:hr></gpxtpx:TrackPointExtension></extensions></trkpt>
      <trkpt lat="59.32594" lon="18.070267"><ele>17.2</ele><time>2026-09-05T07:52:03.000Z</time><extensions><gpxtpx:TrackPointExtension><gpxtpx:hr>141</gpxtpx:hr></gpxtpx:TrackPointExtension></extensions></trkpt>
      <trkpt lat="59.32593" lon="18.070229"><ele>17.2</ele><time>2026-09-05T07:52:04.000Z</time><extensions><gpxtpx:TrackPointExtension><gpxtpx:hr>142</gpxtpx:hr></gpxtpx:TrackPointExtension></extensions></trkpt>
      <trkpt lat="59.32592" lon="18.07019"><ele>17</ele><time>2026-09-05T07:52:05.000Z</time><extensions><gpxtpx:TrackPointExtension><gpxtpx:hr>142</gpxtpx:hr></gpxtpx:TrackPointExtension></extensions></trkpt>
      <trkpt lat="59.32591" lon="18.070152"><ele>17</ele><time>2026-09-05T07:52:06.000Z</time><extensions><gpxtpx:TrackPointExtension><gpxtpx:hr>142</gpxtpx:hr></gpxtpx:TrackPointExtension></extensions></trkpt>
      <trkpt lat="59.3259" lon="18.070116"><ele>17</ele><time>2026-09-05T07:52:07.000Z</time><extensions><gpxtpx:TrackPointExtension><gpxtpx:hr>142</gpxtpx:hr></gpxtpx:TrackPointExtension></extensions></trkpt>
      <trkpt lat="59.325891" lon="18.070081"><ele>16.8</ele><time>2026-09-05T07:52:08.000Z</time><extensions><gpxtpx:TrackPointExtension><gpxtpx:hr>142</gpxtpx:hr></gpxtpx:TrackPointExtension></extensions></trkpt>
      <trkpt lat="59.325883" lon="18.070048"><ele>16.8</ele><time>2026-09-05T07:52:09.000Z</time><extensions><gpxtpx:TrackPointExtension><gpxtpx:hr>142</gpxtpx:hr></gpxtpx:TrackPointExtension></extensions></trkpt>
      <trkpt lat="59.325876" lon="18.070016"><ele>16.8</ele><time>2026-09-05T07:52:10.000Z</time><extensions><gpxtpx:TrackPointExtension><gpxtpx:hr>142</gpxtpx:hr></gpxtpx:TrackPointExtension></extensions></trkpt>
      <trkpt lat="59.325869" lon="18.069985"><ele>16.6</ele><time>2026-09-05T07:52:11.000Z</time><extensions><gpxtpx:TrackPointExtension><gpxtpx:hr>142</gpxtpx:hr></gpxtpx:TrackPointExtension></extensions></trkpt>
      <trkpt lat="59.325863" lon="18.069956"><ele>16.6</ele><time>2026-09-05T07:52:12.000Z</time><extensions><gpxtpx:TrackPointExtension><gpxtpx:hr>142</gpxtpx:hr></gpxtpx:TrackPointExtension></extensions></trkpt>
      <trkpt lat="59.325857" lon="18.069929"><ele>16.6</ele><time>2026-09-05T07:52:13.000Z</time><extensions><gpxtpx:TrackPointExtension><gpxtpx:hr>142</gpxtpx:hr></gpxtpx:TrackPointExtension></extensions></trkpt>
      <trkpt lat="59.325851" lon="18.069905"><ele>16.6</ele><time>2026-09-05T07:52:14.000Z</time><extensions><gpxtpx:TrackPointExtension><gpxtpx:hr>142</gpxtpx:hr></gpxtpx:TrackPointExtension></extensions></trkpt>
      <trkpt lat="59.325846" lon="18.069884"><ele>16.4</ele><time>2026-09-05T07:52:15.000Z</time><extensions><gpxtpx:TrackPointExtension><gpxtpx:hr>142</gpxtpx:hr></gpxtpx:TrackPointExtension></extensions></trkpt>
      <trkpt lat="59.325841" lon="18.069864"><ele>16.4</ele><time>2026-09-05T07:52:16.000Z</time><extensions><gpxtpx:TrackPointExtension><gpxtpx:hr>142</gpxtpx:hr></gpxtpx:TrackPointExtension></extensions></trkpt>
      <trkpt lat="59.325811" lon="18.069752"><ele>16.2</ele><time>2026-09-05T07:52:22.000Z</time><extensions><gpxtpx:TrackPointExtension><gpxtpx:hr>133</gpxtpx:hr></gpxtpx:TrackPointExtension></extensions></trkpt>
      <trkpt lat="59.325804" lon="18.069732"><ele>16</ele><time>2026-09-05T07:52:23.000Z</time><extensions><gpxtpx:TrackPointExtension><gpxtpx:hr>133</gpxtpx:hr></gpxtpx:TrackPointExtension></extensions></trkpt>
      <trkpt lat="59.325798" lon="18.069712"><ele>16</ele><time>2026-09-05T07:52:24.000Z</time><extensions><gpxtpx:TrackPointExtension><gpxtpx:hr>133</gpxtpx:hr></gpxtpx:TrackPointExtension></extensions></trkpt>
      <trkpt lat="59.325792" lon="18.069695"><ele>15.8</ele><time>2026-09-05T07:52:25.000Z</time><extensions><gpxtpx:TrackPointExtension><gpxtpx:hr>133</gpxtpx:hr></gpxtpx:TrackPointExtension></extensions></trkpt>
      <trkpt lat="59.325787" lon="18.069679"><ele>15.8</ele><time>2026-09-05T07:52:26.000Z</time><extensions><gpxtpx:TrackPointExtension><gpxtpx:hr>133</gpxtpx:hr></gpxtpx:TrackPointExtension></extensions></trkpt>
      <trkpt lat="59.325782" lon="18.069667"><ele>15.6</ele><time>2026-09-05T07:52:27.000Z</time><extensions><gpxtpx:TrackPointExtension><gpxtpx:hr>133</gpxtpx:hr></gpxtpx:TrackPointExtension></extensions></trkpt>
      <trkpt lat="59.325776" lon="18.069658"><ele>15.6</ele><time>2026-09-05T07:52:28.000Z</time><extensions><gpxtpx:TrackPointExtension><gpxtpx:hr>133</gpxtpx:hr></gpxtpx:TrackPointExtension></extensions></trkpt>
      <trkpt lat="59.32577" lon="18.069652"><ele>15.6</ele><time>2026-09-05T07:52:29.000Z</time><extensions><gpxtpx:TrackPointExtension><gpxtpx:hr>134</gpxtpx:hr></gpxtpx:TrackPointExtension></extensions></trkpt>
      <trkpt lat="59.325763" lon="18.069649"><ele>15.4</ele><time>2026-09-05T07:52:30.000Z</time><extensions><gpxtpx:TrackPointExtension><gpxtpx:hr>134</gpxtpx:hr></gpxtpx:TrackPointExtension></extensions></trkpt>
      <trkpt lat="59.325754" lon="18.069648"><ele>15.4</ele><time>2026-09-05T07:52:31.000Z</time><extensions><gpxtpx:TrackPointExtension><gpxtpx:hr>134</gpxtpx:hr></gpxtpx:TrackPointExtension></extensions></trkpt>
      <trkpt lat="59.325742" lon="18.069651"><ele>15.4</ele><time>2026-09-05T07:52:32.000Z</time><extensions><gpxtpx:TrackPointExtension><gpxtpx:hr>134</gpxtpx:hr></gpxtpx:TrackPointExtension></extensions></trkpt>
      <trkpt lat="59.325729" lon="18.069656"><ele>15.4</ele><time>2026-09-05T07:52:33.000Z</time><extensions><gpxtpx:TrackPointExtension><gpxtpx:hr>134</gpxtpx:hr></gpxtpx:TrackPointExtension></extensions></trkpt>
      <trkpt lat="59.325714" lon="18.069665"><ele>15.6</ele><time>2026-09-05T07:52:34.000Z</time><extensions><gpxtpx:TrackPointExtension><gpxtpx:hr>135</gpxtpx:hr></gpxtpx:TrackPointExtension></extensions></trkpt>
      <trkpt lat="59.325698" lon="18.069675"><ele>15.6</ele><time>2026-09-05T07:52:35.000Z</time><extensions><gpxtpx:TrackPointExtension><gpxtpx:hr>135</gpxtpx:hr></gpxtpx:TrackPointExtension></extensions></trkpt>
      <trkpt lat="59.325681" lon="18.069688"><ele>15.8</ele><time>2026-09-05T07:52:36.000Z</time><extensions><gpxtpx:TrackPointExtension><gpxtpx:hr>135</gpxtpx:hr></gpxtpx:TrackPointExtension></extensions></trkpt>
      <trkpt lat="59.325663" lon="18.069702"><ele>15.8</ele><time>2026-09-05T07:52:37.000Z</time><extensions><gpxtpx:TrackPointExtension><gpxtpx:hr>135</gpxtpx:hr></gpxtpx:TrackPointExtension></extensions></trkpt>
      <trkpt lat="59.325645" lon="18.069719"><ele>16</ele><time>2026-09-05T07:52:38.000Z</time><extensions><gpxtpx:TrackPointExtension><gpxtpx:hr>135</gpxtpx:hr></gpxtpx:TrackPointExtension></extensions></trkpt>
      <trkpt lat="59.325626" lon="18.069738"><ele>16.2</ele><time>2026-09-05T07:52:39.000Z</time><extensions><gpxtpx:TrackPointExtension><gpxtpx:hr>135</gpxtpx:hr></gpxtpx:TrackPointExtension></extensions></trkpt>
      <trkpt lat="59.325608" lon="18.069757"><ele>16.2</ele><time>2026-09-05T07:52:40.000Z</time><extensions><gpxtpx:TrackPointExtension><gpxtpx:hr>135</gpxtpx:hr></gpxtpx:TrackPointExtension></extensions></trkpt>
      <trkpt lat="59.325589" lon="18.069779"><ele>16.4</ele><time>2026-09-05T07:52:41.000Z</time><extensions><gpxtpx:TrackPointExtension><gpxtpx:hr>135</gpxtpx:hr></gpxtpx:TrackPointExtension></extensions></trkpt>
      <trkpt lat="59.32557" lon="18.069801"><ele>16.6</ele><time>2026-09-05T07:52:42.000Z</time><extensions><gpxtpx:TrackPointExtension><gpxtpx:hr>135</gpxtpx:hr></gpxtpx:TrackPointExtension></extensions></trkpt>
      <trkpt lat="59.325551" lon="18.069824"><ele>16.6</ele><time>2026-09-05T07:52:43.000Z</time><extensions><gpxtpx:TrackPointExtension><gpxtpx:hr>135</gpxtpx:hr></gpxtpx:TrackPointExtension></extensions></trkpt>
      <trkpt lat="59.325533" lon="18.069849"><ele>16.8</ele><time>2026-09-05T07:52:44.000Z</time><extensions><gpxtpx:TrackPointExtension><gpxtpx:hr>135</gpxtpx:hr></gpxtpx:TrackPointExtension></extensions></trkpt>
      <trkpt lat="59.325514" lon="18.069875"><ele>16.8</ele><time>2026-09-05T07:52:45.000Z</time><extensions><gpxtpx:TrackPointExtension><gpxtpx:hr>135</gpxtpx:hr></gpxtpx:TrackPointExtension></extensions></trkpt>
      <trkpt lat="59.325496" lon="18.069901"><ele>17</ele><time>2026-09-05T07:52:46.000Z</time><extensions><gpxtpx:TrackPointExtension><gpxtpx:hr>135</gpxtpx:hr></gpxtpx:TrackPointExtension></extensions></trkpt>
      <trkpt lat="59.325477" lon="18.069926"><ele>17</ele><time>2026-09-05T07:52:47.000Z</time><extensions><gpxtpx:TrackPointExtension><gpxtpx:hr>135</gpxtpx:hr></gpxtpx:TrackPointExtension></extensions></trkpt>
      <trkpt lat="59.325457" lon="18.069951"><ele>17.2</ele><time>2026-09-05T07:52:48.000Z</time><extensions><gpxtpx:TrackPointExtension><gpxtpx:hr>136</gpxtpx:hr></gpxtpx:TrackPointExtension></extensions></trkpt>
      <trkpt lat="59.325437" lon="18.069975"><ele>17.2</ele><time>2026-09-05T07:52:49.000Z</time><extensions><gpxtpx:TrackPointExtension><gpxtpx:hr>137</gpxtpx:hr></gpxtpx:TrackPointExtension></extensions></trkpt>
      <trkpt lat="59.325417" lon="18.069998"><ele>17.4</ele><time>2026-09-05T07:52:50.000Z</time><extensions><gpxtpx:TrackPointExtension><gpxtpx:hr>137</gpxtpx:hr></gpxtpx:TrackPointExtension></extensions></trkpt>
      <trkpt lat="59.325396" lon="18.070019"><ele>17.4</ele><time>2026-09-05T07:52:51.000Z</time><extensions><gpxtpx:TrackPointExtension><gpxtpx:hr>137</gpxtpx:hr></gpxtpx:TrackPointExtension></extensions></trkpt>
      <trkpt lat="59.325375" lon="18.070037"><ele>17.4</ele><time>2026-09-05T07:52:52.000Z</time><extensions><gpxtpx:TrackPointExtension><gpxtpx:hr>137</gpxtpx:hr></gpxtpx:TrackPointExtension></extensions></trkpt>
      <trkpt lat="59.325354" lon="18.070053"><ele>17.4</ele><time>2026-09-05T07:52:53.000Z</time><extensions><gpxtpx:TrackPointExtension><gpxtpx:hr>137</gpxtpx:hr></gpxtpx:TrackPointExtension></extensions></trkpt>
      <trkpt lat="59.325334" lon="18.070068"><ele>17.4</ele><time>2026-09-05T07:52:54.000Z</time><extensions><gpxtpx:TrackPointExtension><gpxtpx:hr>137</gpxtpx:hr></gpxtpx:TrackPointExtension></extensions></trkpt>
      <trkpt lat="59.325315" lon="18.070082"><ele>17.4</ele><time>2026-09-05T07:52:55.000Z</time><extensions><gpxtpx:TrackPointExtension><gpxtpx:hr>137</gpxtpx:hr></gpxtpx:TrackPointExtension></extensions></trkpt>
      <trkpt lat="59.325296" lon="18.070096"><ele>17.4</ele><time>2026-09-05T07:52:56.000Z</time><extensions><gpxtpx:TrackPointExtension><gpxtpx:hr>137</gpxtpx:hr></gpxtpx:TrackPointExtension></extensions></trkpt>
      <trkpt lat="59.325277" lon="18.07011"><ele>17.4</ele><time>2026-09-05T07:52:57.000Z</time><extensions><gpxtpx:TrackPointExtension><gpxtpx:hr>137</gpxtpx:hr></gpxtpx:TrackPointExtension></extensions></trkpt>
      <trkpt lat="59.325256" lon="18.070124"><ele>17.4</ele><time>2026-09-05T07:52:58.000Z</time><extensions><gpxtpx:TrackPointExtension><gpxtpx:hr>137</gpxtpx:hr></gpxtpx:TrackPointExtension></extensions></trkpt>
      <trkpt lat="59.325234" lon="18.070138"><ele>17.4</ele><time>2026-09-05T07:52:59.000Z</time><extensions><gpxtpx:TrackPointExtension><gpxtpx:hr>137</gpxtpx:hr></gpxtpx:TrackPointExtension></extensions></trkpt>
      <trkpt lat="59.325211" lon="18.070153"><ele>17.2</ele><time>2026-09-05T07:53:00.000Z</time><extensions><gpxtpx:TrackPointExtension><gpxtpx:hr>137</gpxtpx:hr></gpxtpx:TrackPointExtension></extensions></trkpt>
      <trkpt lat="59.325189" lon="18.070169"><ele>17.2</ele><time>2026-09-05T07:53:01.000Z</time><extensions><gpxtpx:TrackPointExtension><gpxtpx:hr>137</gpxtpx:hr></gpxtpx:TrackPointExtension></extensions></trkpt>
      <trkpt lat="59.325166" lon="18.070186"><ele>17.2</ele><time>2026-09-05T07:53:02.000Z</time><extensions><gpxtpx:TrackPointExtension><gpxtpx:hr>137</gpxtpx:hr></gpxtpx:TrackPointExtension></extensions></trkpt>
      <trkpt lat="59.325144" lon="18.070205"><ele>17.2</ele><time>2026-09-05T07:53:03.000Z</time><extensions><gpxtpx:TrackPointExtension><gpxtpx:hr>137</gpxtpx:hr></gpxtpx:TrackPointExtension></extensions></trkpt>
      <trkpt lat="59.325122" lon="18.070226"><ele>17</ele><time>2026-09-05T07:53:04.000Z</time><extensions><gpxtpx:TrackPointExtension><gpxtpx:hr>138</gpxtpx:hr></gpxtpx:TrackPointExtension></extensions></trkpt>
      <trkpt lat="59.3251" lon="18.070248"><ele>17</ele><time>2026-09-05T07:53:05.000Z</time><extensions><gpxtpx:TrackPointExtension><gpxtpx:hr>138</gpxtpx:hr></gpxtpx:TrackPointExtension></extensions></trkpt>
      <trkpt lat="59.325079" lon="18.070271"><ele>16.8</ele><time>2026-09-05T07:53:06.000Z</time><extensions><gpxtpx:TrackPointExtension><gpxtpx:hr>138</gpxtpx:hr></gpxtpx:TrackPointExtension></extensions></trkpt>
      <trkpt lat="59.325059" lon="18.070297"><ele>16.8</ele><time>2026-09-05T07:53:07.000Z</time><extensions><gpxtpx:TrackPointExtension><gpxtpx:hr>138</gpxtpx:hr></gpxtpx:TrackPointExtension></extensions></trkpt>
      <trkpt lat="59.325039" lon="18.070324"><ele>16.8</ele><time>2026-09-05T07:53:08.000Z</time><extensions><gpxtpx:TrackPointExtension><gpxtpx:hr>138</gpxtpx:hr></gpxtpx:TrackPointExtension></extensions></trkpt>
      <trkpt lat="59.325019" lon="18.070352"><ele>16.6</ele><time>2026-09-05T07:53:09.000Z</time><extensions><gpxtpx:TrackPointExtension><gpxtpx:hr>138</gpxtpx:hr></gpxtpx:TrackPointExtension></extensions></trkpt>
      <trkpt lat="59.325" lon="18.070379"><ele>16.6</ele><time>2026-09-05T07:53:10.000Z</time><extensions><gpxtpx:TrackPointExtension><gpxtpx:hr>138</gpxtpx:hr></gpxtpx:TrackPointExtension></extensions></trkpt>
      <trkpt lat="59.32498" lon="18.070405"><ele>16.4</ele><time>2026-09-05T07:53:11.000Z</time><extensions><gpxtpx:TrackPointExtension><gpxtpx:hr>138</gpxtpx:hr></gpxtpx:TrackPointExtension></extensions></trkpt>
      <trkpt lat="59.32496" lon="18.070427"><ele>16.4</ele><time>2026-09-05T07:53:12.000Z</time><extensions><gpxtpx:TrackPointExtension><gpxtpx:hr>138</gpxtpx:hr></gpxtpx:TrackPointExtension></extensions></trkpt>
      <trkpt lat="59.324939" lon="18.070447"><ele>16.4</ele><time>2026-09-05T07:53:13.000Z</time><extensions><gpxtpx:TrackPointExtension><gpxtpx:hr>138</gpxtpx:hr></gpxtpx:TrackPointExtension></extensions></trkpt>
      <trkpt lat="59.324918" lon="18.070464"><ele>16.2</ele><time>2026-09-05T07:53:14.000Z</time><extensions><gpxtpx:TrackPointExtension><gpxtpx:hr>139</gpxtpx:hr></gpxtpx:TrackPointExtension></extensions></trkpt>
      <trkpt lat="59.324898" lon="18.070478"><ele>16.2</ele><time>2026-09-05T07:53:15.000Z</time><extensions><gpxtpx:TrackPointExtension><gpxtpx:hr>139</gpxtpx:hr></gpxtpx:TrackPointExtension></extensions></trkpt>
      <trkpt lat="59.324877" lon="18.07049"><ele>16.2</ele><time>2026-09-05T07:53:16.000Z</time><extensions><gpxtpx:TrackPointExtension><gpxtpx:hr>139</gpxtpx:hr></gpxtpx:TrackPointExtension></extensions></trkpt>
      <trkpt lat="59.324855" lon="18.0705"><ele>16</ele><time>2026-09-05T07:53:17.000Z</time><extensions><gpxtpx:TrackPointExtension><gpxtpx:hr>139</gpxtpx:hr></gpxtpx:TrackPointExtension></extensions></trkpt>
      <trkpt lat="59.324833" lon="18.070506"><ele>16</ele><time>2026-09-05T07:53:18.000Z</time><extensions><gpxtpx:TrackPointExtension><gpxtpx:hr>139</gpxtpx:hr></gpxtpx:TrackPointExtension></extensions></trkpt>
      <trkpt lat="59.324809" lon="18.070511"><ele>16</ele><time>2026-09-05T07:53:19.000Z</time><extensions><gpxtpx:TrackPointExtension><gpxtpx:hr>139</gpxtpx:hr></gpxtpx:TrackPointExtension></extensions></trkpt>
      <trkpt lat="59.324786" lon="18.070517"><ele>16</ele><time>2026-09-05T07:53:20.000Z</time><extensions><gpxtpx:TrackPointExtension><gpxtpx:hr>139</gpxtpx:hr></gpxtpx:TrackPointExtension></extensions></trkpt>
      <trkpt lat="59.324763" lon="18.070524"><ele>15.8</ele><time>2026-09-05T07:53:21.000Z</time><extensions><gpxtpx:TrackPointExtension><gpxtpx:hr>139</gpxtpx:hr></gpxtpx:TrackPointExtension></extensions></trkpt>
      <trkpt lat="59.324741" lon="18.070534"><ele>15.8</ele><time>2026-09-05T07:53:22.000Z</time><extensions><gpxtpx:TrackPointExtension><gpxtpx:hr>139</gpxtpx:hr></gpxtpx:TrackPointExtension></extensions></trkpt>
      <trkpt lat="59.324718" lon="18.070544"><ele>15.8</ele><time>2026-09-05T07:53:23.000Z</time><extensions><gpxtpx:TrackPointExtension><gpxtpx:hr>137</gpxtpx:hr></gpxtpx:TrackPointExtension></extensions></trkpt>
      <trkpt lat="59.324696" lon="18.070557"><ele>15.8</ele><time>2026-09-05T07:53:24.000Z</time><extensions><gpxtpx:TrackPointExtension><gpxtpx:hr>137</gpxtpx:hr></gpxtpx:TrackPointExtension></extensions></trkpt>
      <trkpt lat="59.324673" lon="18.070571"><ele>16</ele><time>2026-09-05T07:53:25.000Z</time><extensions><gpxtpx:TrackPointExtension><gpxtpx:hr>137</gpxtpx:hr></gpxtpx:TrackPointExtension></extensions></trkpt>
      <trkpt lat="59.324649" lon="18.070587"><ele>16</ele><time>2026-09-05T07:53:26.000Z</time><extensions><gpxtpx:TrackPointExtension><gpxtpx:hr>137</gpxtpx:hr></gpxtpx:TrackPointExtension></extensions></trkpt>
      <trkpt lat="59.324626" lon="18.070604"><ele>16</ele><time>2026-09-05T07:53:27.000Z</time><extensions><gpxtpx:TrackPointExtension><gpxtpx:hr>137</gpxtpx:hr></gpxtpx:TrackPointExtension></extensions></trkpt>
      <trkpt lat="59.324603" lon="18.070623"><ele>16</ele><time>2026-09-05T07:53:28.000Z</time><extensions><gpxtpx:TrackPointExtension><gpxtpx:hr>137</gpxtpx:hr></gpxtpx:TrackPointExtension></extensions></trkpt>
      <trkpt lat="59.324581" lon="18.070642"><ele>16</ele><time>2026-09-05T07:53:29.000Z</time><extensions><gpxtpx:TrackPointExtension><gpxtpx:hr>137</gpxtpx:hr></gpxtpx:TrackPointExtension></extensions></trkpt>
      <trkpt lat="59.324559" lon="18.070663"><ele>16</ele><time>2026-09-05T07:53:30.000Z</time><extensions><gpxtpx:TrackPointExtension><gpxtpx:hr>137</gpxtpx:hr></gpxtpx:TrackPointExtension></extensions></trkpt>
      <trkpt lat="59.324537" lon="18.070684"><ele>16</ele><time>2026-09-05T07:53:31.000Z</time><extensions><gpxtpx:TrackPointExtension><gpxtpx:hr>137</gpxtpx:hr></gpxtpx:TrackPointExtension></extensions></trkpt>
      <trkpt lat="59.324516" lon="18.070707"><ele>16</ele><time>2026-09-05T07:53:32.000Z</time><extensions><gpxtpx:TrackPointExtension><gpxtpx:hr>137</gpxtpx:hr></gpxtpx:TrackPointExtension></extensions></trkpt>
      <trkpt lat="59.324495" lon="18.070732"><ele>16</ele><time>2026-09-05T07:53:33.000Z</time><extensions><gpxtpx:TrackPointExtension><gpxtpx:hr>135</gpxtpx:hr></gpxtpx:TrackPointExtension></extensions></trkpt>
      <trkpt lat="59.324474" lon="18.070757"><ele>16</ele><time>2026-09-05T07:53:34.000Z</time><extensions><gpxtpx:TrackPointExtension><gpxtpx:hr>135</gpxtpx:hr></gpxtpx:TrackPointExtension></extensions></trkpt>
      <trkpt lat="59.324453" lon="18.070782"><ele>16</ele><time>2026-09-05T07:53:35.000Z</time><extensions><gpxtpx:TrackPointExtension><gpxtpx:hr>135</gpxtpx:hr></gpxtpx:TrackPointExtension></extensions></trkpt>
      <trkpt lat="59.324433" lon="18.070806"><ele>15.8</ele><time>2026-09-05T07:53:36.000Z</time><extensions><gpxtpx:TrackPointExtension><gpxtpx:hr>135</gpxtpx:hr></gpxtpx:TrackPointExtension></extensions></trkpt>
      <trkpt lat="59.324414" lon="18.070831"><ele>15.8</ele><time>2026-09-05T07:53:37.000Z</time><extensions><gpxtpx:TrackPointExtension><gpxtpx:hr>135</gpxtpx:hr></gpxtpx:TrackPointExtension></extensions></trkpt>
      <trkpt lat="59.324394" lon="18.070855"><ele>15.8</ele><time>2026-09-05T07:53:38.000Z</time><extensions><gpxtpx:TrackPointExtension><gpxtpx:hr>135</gpxtpx:hr></gpxtpx:TrackPointExtension></extensions></trkpt>
      <trkpt lat="59.324375" lon="18.070879"><ele>15.6</ele><time>2026-09-05T07:53:39.000Z</time><extensions><gpxtpx:TrackPointExtension><gpxtpx:hr>135</gpxtpx:hr></gpxtpx:TrackPointExtension></extensions></trkpt>
      <trkpt lat="59.324355" lon="18.070903"><ele>15.6</ele><time>2026-09-05T07:53:40.000Z</time><extensions><gpxtpx:TrackPointExtension><gpxtpx:hr>135</gpxtpx:hr></gpxtpx:TrackPointExtension></extensions></trkpt>
      <trkpt lat="59.324336" lon="18.070927"><ele>15.6</ele><time>2026-09-05T07:53:41.000Z</time><extensions><gpxtpx:TrackPointExtension><gpxtpx:hr>135</gpxtpx:hr></gpxtpx:TrackPointExtension></extensions></trkpt>
      <trkpt lat="59.324316" lon="18.070952"><ele>15.6</ele><time>2026-09-05T07:53:42.000Z</time><extensions><gpxtpx:TrackPointExtension><gpxtpx:hr>135</gpxtpx:hr></gpxtpx:TrackPointExtension></extensions></trkpt>
      <trkpt lat="59.324297" lon="18.070976"><ele>15.4</ele><time>2026-09-05T07:53:43.000Z</time><extensions><gpxtpx:TrackPointExtension><gpxtpx:hr>135</gpxtpx:hr></gpxtpx:TrackPointExtension></extensions></trkpt>
      <trkpt lat="59.324277" lon="18.071"><ele>15.4</ele><time>2026-09-05T07:53:44.000Z</time><extensions><gpxtpx:TrackPointExtension><gpxtpx:hr>135</gpxtpx:hr></gpxtpx:TrackPointExtension></extensions></trkpt>
      <trkpt lat="59.324258" lon="18.071024"><ele>15.2</ele><time>2026-09-05T07:53:45.000Z</time><extensions><gpxtpx:TrackPointExtension><gpxtpx:hr>135</gpxtpx:hr></gpxtpx:TrackPointExtension></extensions></trkpt>
      <trkpt lat="59.324239" lon="18.071049"><ele>15.2</ele><time>2026-09-05T07:53:46.000Z</time><extensions><gpxtpx:TrackPointExtension><gpxtpx:hr>136</gpxtpx:hr></gpxtpx:TrackPointExtension></extensions></trkpt>
      <trkpt lat="59.32422" lon="18.071072"><ele>15</ele><time>2026-09-05T07:53:47.000Z</time><extensions><gpxtpx:TrackPointExtension><gpxtpx:hr>136</gpxtpx:hr></gpxtpx:TrackPointExtension></extensions></trkpt>
      <trkpt lat="59.324201" lon="18.071096"><ele>15</ele><time>2026-09-05T07:53:48.000Z</time><extensions><gpxtpx:TrackPointExtension><gpxtpx:hr>136</gpxtpx:hr></gpxtpx:TrackPointExtension></extensions></trkpt>
      <trkpt lat="59.324183" lon="18.071119"><ele>14.8</ele><time>2026-09-05T07:53:49.000Z</time><extensions><gpxtpx:TrackPointExtension><gpxtpx:hr>136</gpxtpx:hr></gpxtpx:TrackPointExtension></extensions></trkpt>
      <trkpt lat="59.324165" lon="18.071142"><ele>14.8</ele><time>2026-09-05T07:53:50.000Z</time><extensions><gpxtpx:TrackPointExtension><gpxtpx:hr>137</gpxtpx:hr></gpxtpx:TrackPointExtension></extensions></trkpt>
      <trkpt lat="59.324147" lon="18.071164"><ele>14.6</ele><time>2026-09-05T07:53:51.000Z</time><extensions><gpxtpx:TrackPointExtension><gpxtpx:hr>137</gpxtpx:hr></gpxtpx:TrackPointExtension></extensions></trkpt>
      <trkpt lat="59.324131" lon="18.071184"><ele>14.4</ele><time>2026-09-05T07:53:52.000Z</time><extensions><gpxtpx:TrackPointExtension><gpxtpx:hr>137</gpxtpx:hr></gpxtpx:TrackPointExtension></extensions></trkpt>
      <trkpt lat="59.324116" lon="18.071202"><ele>14.4</ele><time>2026-09-05T07:53:53.000Z</time><extensions><gpxtpx:TrackPointExtension><gpxtpx:hr>137</gpxtpx:hr></gpxtpx:TrackPointExtension></extensions></trkpt>
      <trkpt lat="59.324104" lon="18.071216"><ele>14.2</ele><time>2026-09-05T07:53:54.000Z</time><extensions><gpxtpx:TrackPointExtension><gpxtpx:hr>137</gpxtpx:hr></gpxtpx:TrackPointExtension></extensions></trkpt>
      <trkpt lat="59.324093" lon="18.071226"><ele>14</ele><time>2026-09-05T07:53:55.000Z</time><extensions><gpxtpx:TrackPointExtension><gpxtpx:hr>137</gpxtpx:hr></gpxtpx:TrackPointExtension></extensions></trkpt>
      <trkpt lat="59.324083" lon="18.071232"><ele>13.8</ele><time>2026-09-05T07:53:56.000Z</time><extensions><gpxtpx:TrackPointExtension><gpxtpx:hr>137</gpxtpx:hr></gpxtpx:TrackPointExtension></extensions></trkpt>
      <trkpt lat="59.324073" lon="18.071233"><ele>13.6</ele><time>2026-09-05T07:53:57.000Z</time><extensions><gpxtpx:TrackPointExtension><gpxtpx:hr>137</gpxtpx:hr></gpxtpx:TrackPointExtension></extensions></trkpt>
      <trkpt lat="59.324062" lon="18.071226"><ele>13.4</ele><time>2026-09-05T07:53:58.000Z</time><extensions><gpxtpx:TrackPointExtension><gpxtpx:hr>137</gpxtpx:hr></gpxtpx:TrackPointExtension></extensions></trkpt>
      <trkpt lat="59.324052" lon="18.07121"><ele>13.2</ele><time>2026-09-05T07:53:59.000Z</time><extensions><gpxtpx:TrackPointExtension><gpxtpx:hr>136</gpxtpx:hr></gpxtpx:TrackPointExtension></extensions></trkpt>
      <trkpt lat="59.324042" lon="18.071189"><ele>13</ele><time>2026-09-05T07:54:00.000Z</time><extensions><gpxtpx:TrackPointExtension><gpxtpx:hr>136</gpxtpx:hr></gpxtpx:TrackPointExtension></extensions></trkpt>
      <trkpt lat="59.324032" lon="18.071164"><ele>12.8</ele><time>2026-09-05T07:54:01.000Z</time><extensions><gpxtpx:TrackPointExtension><gpxtpx:hr>136</gpxtpx:hr></gpxtpx:TrackPointExtension></extensions></trkpt>
      <trkpt lat="59.324022" lon="18.071134"><ele>12.6</ele><time>2026-09-05T07:54:02.000Z</time><extensions><gpxtpx:TrackPointExtension><gpxtpx:hr>136</gpxtpx:hr></gpxtpx:TrackPointExtension></extensions></trkpt>
      <trkpt lat="59.324013" lon="18.071101"><ele>12.4</ele><time>2026-09-05T07:54:03.000Z</time><extensions><gpxtpx:TrackPointExtension><gpxtpx:hr>136</gpxtpx:hr></gpxtpx:TrackPointExtension></extensions></trkpt>
      <trkpt lat="59.324002" lon="18.071067"><ele>12.2</ele><time>2026-09-05T07:54:04.000Z</time><extensions><gpxtpx:TrackPointExtension><gpxtpx:hr>136</gpxtpx:hr></gpxtpx:TrackPointExtension></extensions></trkpt>
      <trkpt lat="59.323992" lon="18.071032"><ele>12</ele><time>2026-09-05T07:54:05.000Z</time><extensions><gpxtpx:TrackPointExtension><gpxtpx:hr>136</gpxtpx:hr></gpxtpx:TrackPointExtension></extensions></trkpt>
      <trkpt lat="59.323981" lon="18.070998"><ele>11.8</ele><time>2026-09-05T07:54:06.000Z</time><extensions><gpxtpx:TrackPointExtension><gpxtpx:hr>136</gpxtpx:hr></gpxtpx:TrackPointExtension></extensions></trkpt>
      <trkpt lat="59.32397" lon="18.070965"><ele>11.6</ele><time>2026-09-05T07:54:07.000Z</time><extensions><gpxtpx:TrackPointExtension><gpxtpx:hr>136</gpxtpx:hr></gpxtpx:TrackPointExtension></extensions></trkpt>
      <trkpt lat="59.323959" lon="18.070932"><ele>11.4</ele><time>2026-09-05T07:54:08.000Z</time><extensions><gpxtpx:TrackPointExtension><gpxtpx:hr>136</gpxtpx:hr></gpxtpx:TrackPointExtension></extensions></trkpt>
      <trkpt lat="59.323947" lon="18.0709"><ele>11</ele><time>2026-09-05T07:54:09.000Z</time><extensions><gpxtpx:TrackPointExtension><gpxtpx:hr>136</gpxtpx:hr></gpxtpx:TrackPointExtension></extensions></trkpt>
      <trkpt lat="59.323935" lon="18.070869"><ele>10.8</ele><time>2026-09-05T07:54:10.000Z</time><extensions><gpxtpx:TrackPointExtension><gpxtpx:hr>136</gpxtpx:hr></gpxtpx:TrackPointExtension></extensions></trkpt>
      <trkpt lat="59.323923" lon="18.070838"><ele>10.6</ele><time>2026-09-05T07:54:11.000Z</time><extensions><gpxtpx:TrackPointExtension><gpxtpx:hr>134</gpxtpx:hr></gpxtpx:TrackPointExtension></extensions></trkpt>
      <trkpt lat="59.32391" lon="18.070806"><ele>10.4</ele><time>2026-09-05T07:54:12.000Z</time><extensions><gpxtpx:TrackPointExtension><gpxtpx:hr>134</gpxtpx:hr></gpxtpx:TrackPointExtension></extensions></trkpt>
      <trkpt lat="59.323896" lon="18.070774"><ele>10.2</ele><time>2026-09-05T07:54:13.000Z</time><extensions><gpxtpx:TrackPointExtension><gpxtpx:hr>134</gpxtpx:hr></gpxtpx:TrackPointExtension></extensions></trkpt>
      <trkpt lat="59.323882" lon="18.070742"><ele>10</ele><time>2026-09-05T07:54:14.000Z</time><extensions><gpxtpx:TrackPointExtension><gpxtpx:hr>134</gpxtpx:hr></gpxtpx:TrackPointExtension></extensions></trkpt>
      <trkpt lat="59.323868" lon="18.070711"><ele>9.8</ele><time>2026-09-05T07:54:15.000Z</time><extensions><gpxtpx:TrackPointExtension><gpxtpx:hr>134</gpxtpx:hr></gpxtpx:TrackPointExtension></extensions></trkpt>
      <trkpt lat="59.323853" lon="18.070679"><ele>9.8</ele><time>2026-09-05T07:54:16.000Z</time><extensions><gpxtpx:TrackPointExtension><gpxtpx:hr>134</gpxtpx:hr></gpxtpx:TrackPointExtension></extensions></trkpt>
      <trkpt lat="59.323838" lon="18.070647"><ele>9.6</ele><time>2026-09-05T07:54:17.000Z</time><extensions><gpxtpx:TrackPointExtension><gpxtpx:hr>134</gpxtpx:hr></gpxtpx:TrackPointExtension></extensions></trkpt>
      <trkpt lat="59.323822" lon="18.070617"><ele>9.4</ele><time>2026-09-05T07:54:18.000Z</time><extensions><gpxtpx:TrackPointExtension><gpxtpx:hr>134</gpxtpx:hr></gpxtpx:TrackPointExtension></extensions></trkpt>
      <trkpt lat="59.323806" lon="18.070586"><ele>9.2</ele><time>2026-09-05T07:54:19.000Z</time><extensions><gpxtpx:TrackPointExtension><gpxtpx:hr>134</gpxtpx:hr></gpxtpx:TrackPointExtension></extensions></trkpt>
      <trkpt lat="59.323789" lon="18.070556"><ele>9</ele><time>2026-09-05T07:54:20.000Z</time><extensions><gpxtpx:TrackPointExtension><gpxtpx:hr>134</gpxtpx:hr></gpxtpx:TrackPointExtension></extensions></trkpt>
      <trkpt lat="59.323771" lon="18.070524"><ele>8.8</ele><time>2026-09-05T07:54:21.000Z</time><extensions><gpxtpx:TrackPointExtension><gpxtpx:hr>134</gpxtpx:hr></gpxtpx:TrackPointExtension></extensions></trkpt>
      <trkpt lat="59.323752" lon="18.070492"><ele>8.6</ele><time>2026-09-05T07:54:22.000Z</time><extensions><gpxtpx:TrackPointExtension><gpxtpx:hr>134</gpxtpx:hr></gpxtpx:TrackPointExtension></extensions></trkpt>
      <trkpt lat="59.323733" lon="18.070459"><ele>8.4</ele><time>2026-09-05T07:54:23.000Z</time><extensions><gpxtpx:TrackPointExtension><gpxtpx:hr>134</gpxtpx:hr></gpxtpx:TrackPointExtension></extensions></trkpt>
      <trkpt lat="59.323714" lon="18.070425"><ele>8</ele><time>2026-09-05T07:54:24.000Z</time><extensions><gpxtpx:TrackPointExtension><gpxtpx:hr>134</gpxtpx:hr></gpxtpx:TrackPointExtension></extensions></trkpt>
      <trkpt lat="59.323694" lon="18.070392"><ele>7.8</ele><time>2026-09-05T07:54:25.000Z</time><extensions><gpxtpx:TrackPointExtension><gpxtpx:hr>134</gpxtpx:hr></gpxtpx:TrackPointExtension></extensions></trkpt>
      <trkpt lat="59.323675" lon="18.070358"><ele>7.6</ele><time>2026-09-05T07:54:26.000Z</time><extensions><gpxtpx:TrackPointExtension><gpxtpx:hr>134</gpxtpx:hr></gpxtpx:TrackPointExtension></extensions></trkpt>
      <trkpt lat="59.323655" lon="18.070324"><ele>7.4</ele><time>2026-09-05T07:54:27.000Z</time><extensions><gpxtpx:TrackPointExtension><gpxtpx:hr>134</gpxtpx:hr></gpxtpx:TrackPointExtension></extensions></trkpt>
      <trkpt lat="59.323635" lon="18.070289"><ele>7.2</ele><time>2026-09-05T07:54:28.000Z</time><extensions><gpxtpx:TrackPointExtension><gpxtpx:hr>134</gpxtpx:hr></gpxtpx:TrackPointExtension></extensions></trkpt>
      <trkpt lat="59.323616" lon="18.070255"><ele>7</ele><time>2026-09-05T07:54:29.000Z</time><extensions><gpxtpx:TrackPointExtension><gpxtpx:hr>134</gpxtpx:hr></gpxtpx:TrackPointExtension></extensions></trkpt>
      <trkpt lat="59.323596" lon="18.070219"><ele>6.8</ele><time>2026-09-05T07:54:30.000Z</time><extensions><gpxtpx:TrackPointExtension><gpxtpx:hr>134</gpxtpx:hr></gpxtpx:TrackPointExtension></extensions></trkpt>
      <trkpt lat="59.323576" lon="18.070183"><ele>6.6</ele><time>2026-09-05T07:54:31.000Z</time><extensions><gpxtpx:TrackPointExtension><gpxtpx:hr>134</gpxtpx:hr></gpxtpx:TrackPointExtension></extensions></trkpt>
      <trkpt lat="59.323556" lon="18.070146"><ele>6.6</ele><time>2026-09-05T07:54:32.000Z</time><extensions><gpxtpx:TrackPointExtension><gpxtpx:hr>135</gpxtpx:hr></gpxtpx:TrackPointExtension></extensions></trkpt>
      <trkpt lat="59.323536" lon="18.070109"><ele>6.4</ele><time>2026-09-05T07:54:33.000Z</time><extensions><gpxtpx:TrackPointExtension><gpxtpx:hr>135</gpxtpx:hr></gpxtpx:TrackPointExtension></extensions></trkpt>
      <trkpt lat="59.323516" lon="18.070071"><ele>6.2</ele><time>2026-09-05T07:54:34.000Z</time><extensions><gpxtpx:TrackPointExtension><gpxtpx:hr>135</gpxtpx:hr></gpxtpx:TrackPointExtension></extensions></trkpt>
      <trkpt lat="59.323496" lon="18.070032"><ele>6.2</ele><time>2026-09-05T07:54:35.000Z</time><extensions><gpxtpx:TrackPointExtension><gpxtpx:hr>135</gpxtpx:hr></gpxtpx:TrackPointExtension></extensions></trkpt>
      <trkpt lat="59.323476" lon="18.069992"><ele>6.2</ele><time>2026-09-05T07:54:36.000Z</time><extensions><gpxtpx:TrackPointExtension><gpxtpx:hr>135</gpxtpx:hr></gpxtpx:TrackPointExtension></extensions></trkpt>
      <trkpt lat="59.323456" lon="18.069952"><ele>6</ele><time>2026-09-05T07:54:37.000Z</time><extensions><gpxtpx:TrackPointExtension><gpxtpx:hr>135</gpxtpx:hr></gpxtpx:TrackPointExtension></extensions></trkpt>
      <trkpt lat="59.323437" lon="18.069911"><ele>6</ele><time>2026-09-05T07:54:38.000Z</time><extensions><gpxtpx:TrackPointExtension><gpxtpx:hr>135</gpxtpx:hr></gpxtpx:TrackPointExtension></extensions></trkpt>
      <trkpt lat="59.323418" lon="18.069869"><ele>5.8</ele><time>2026-09-05T07:54:39.000Z</time><extensions><gpxtpx:TrackPointExtension><gpxtpx:hr>135</gpxtpx:hr></gpxtpx:TrackPointExtension></extensions></trkpt>
      <trkpt lat="59.3234" lon="18.069827"><ele>5.8</ele><time>2026-09-05T07:54:40.000Z</time><extensions><gpxtpx:TrackPointExtension><gpxtpx:hr>135</gpxtpx:hr></gpxtpx:TrackPointExtension></extensions></trkpt>
      <trkpt lat="59.323382" lon="18.069784"><ele>5.8</ele><time>2026-09-05T07:54:41.000Z</time><extensions><gpxtpx:TrackPointExtension><gpxtpx:hr>135</gpxtpx:hr></gpxtpx:TrackPointExtension></extensions></trkpt>
      <trkpt lat="59.323364" lon="18.069741"><ele>5.6</ele><time>2026-09-05T07:54:42.000Z</time><extensions><gpxtpx:TrackPointExtension><gpxtpx:hr>133</gpxtpx:hr></gpxtpx:TrackPointExtension></extensions></trkpt>
      <trkpt lat="59.323347" lon="18.069698"><ele>5.6</ele><time>2026-09-05T07:54:43.000Z</time><extensions><gpxtpx:TrackPointExtension><gpxtpx:hr>133</gpxtpx:hr></gpxtpx:TrackPointExtension></extensions></trkpt>
      <trkpt lat="59.32333" lon="18.069656"><ele>5.6</ele><time>2026-09-05T07:54:44.000Z</time><extensions><gpxtpx:TrackPointExtension><gpxtpx:hr>133</gpxtpx:hr></gpxtpx:TrackPointExtension></extensions></trkpt>
      <trkpt lat="59.323314" lon="18.069615"><ele>5.4</ele><time>2026-09-05T07:54:45.000Z</time><extensions><gpxtpx:TrackPointExtension><gpxtpx:hr>133</gpxtpx:hr></gpxtpx:TrackPointExtension></extensions></trkpt>
      <trkpt lat="59.323299" lon="18.069575"><ele>5.4</ele><time>2026-09-05T07:54:46.000Z</time><extensions><gpxtpx:TrackPointExtension><gpxtpx:hr>133</gpxtpx:hr></gpxtpx:TrackPointExtension></extensions></trkpt>
      <trkpt lat="59.323284" lon="18.069534"><ele>5.4</ele><time>2026-09-05T07:54:47.000Z</time><extensions><gpxtpx:TrackPointExtension><gpxtpx:hr>132</gpxtpx:hr></gpxtpx:TrackPointExtension></extensions></trkpt>
      <trkpt lat="59.323269" lon="18.069493"><ele>5.2</ele><time>2026-09-05T07:54:48.000Z</time><extensions><gpxtpx:TrackPointExtension><gpxtpx:hr>132</gpxtpx:hr></gpxtpx:TrackPointExtension></extensions></trkpt>
      <trkpt lat="59.323253" lon="18.069452"><ele>5.2</ele><time>2026-09-05T07:54:49.000Z</time><extensions><gpxtpx:TrackPointExtension><gpxtpx:hr>132</gpxtpx:hr></gpxtpx:TrackPointExtension></extensions></trkpt>
      <trkpt lat="59.323237" lon="18.069411"><ele>5</ele><time>2026-09-05T07:54:50.000Z</time><extensions><gpxtpx:TrackPointExtension><gpxtpx:hr>132</gpxtpx:hr></gpxtpx:TrackPointExtension></extensions></trkpt>
      <trkpt lat="59.323222" lon="18.06937"><ele>5</ele><time>2026-09-05T07:54:51.000Z</time><extensions><gpxtpx:TrackPointExtension><gpxtpx:hr>132</gpxtpx:hr></gpxtpx:TrackPointExtension></extensions></trkpt>
      <trkpt lat="59.323206" lon="18.069329"><ele>5</ele><time>2026-09-05T07:54:52.000Z</time><extensions><gpxtpx:TrackPointExtension><gpxtpx:hr>132</gpxtpx:hr></gpxtpx:TrackPointExtension></extensions></trkpt>
      <trkpt lat="59.323191" lon="18.069289"><ele>4.8</ele><time>2026-09-05T07:54:53.000Z</time><extensions><gpxtpx:TrackPointExtension><gpxtpx:hr>132</gpxtpx:hr></gpxtpx:TrackPointExtension></extensions></trkpt>
      <trkpt lat="59.323175" lon="18.069251"><ele>4.8</ele><time>2026-09-05T07:54:54.000Z</time><extensions><gpxtpx:TrackPointExtension><gpxtpx:hr>132</gpxtpx:hr></gpxtpx:TrackPointExtension></extensions></trkpt>
      <trkpt lat="59.323161" lon="18.069214"><ele>4.8</ele><time>2026-09-05T07:54:55.000Z</time><extensions><gpxtpx:TrackPointExtension><gpxtpx:hr>132</gpxtpx:hr></gpxtpx:TrackPointExtension></extensions></trkpt>
      <trkpt lat="59.323146" lon="18.069179"><ele>4.6</ele><time>2026-09-05T07:54:56.000Z</time><extensions><gpxtpx:TrackPointExtension><gpxtpx:hr>132</gpxtpx:hr></gpxtpx:TrackPointExtension></extensions></trkpt>
      <trkpt lat="59.323132" lon="18.069146"><ele>4.6</ele><time>2026-09-05T07:54:57.000Z</time><extensions><gpxtpx:TrackPointExtension><gpxtpx:hr>132</gpxtpx:hr></gpxtpx:TrackPointExtension></extensions></trkpt>
      <trkpt lat="59.323117" lon="18.069113"><ele>4.4</ele><time>2026-09-05T07:54:58.000Z</time><extensions><gpxtpx:TrackPointExtension><gpxtpx:hr>132</gpxtpx:hr></gpxtpx:TrackPointExtension></extensions></trkpt>
      <trkpt lat="59.323101" lon="18.069079"><ele>4.4</ele><time>2026-09-05T07:54:59.000Z</time><extensions><gpxtpx:TrackPointExtension><gpxtpx:hr>133</gpxtpx:hr></gpxtpx:TrackPointExtension></extensions></trkpt>
      <trkpt lat="59.323085" lon="18.069045"><ele>4.2</ele><time>2026-09-05T07:55:00.000Z</time><extensions><gpxtpx:TrackPointExtension><gpxtpx:hr>133</gpxtpx:hr></gpxtpx:TrackPointExtension></extensions></trkpt>
      <trkpt lat="59.323068" lon="18.069012"><ele>4.2</ele><time>2026-09-05T07:55:01.000Z</time><extensions><gpxtpx:TrackPointExtension><gpxtpx:hr>133</gpxtpx:hr></gpxtpx:TrackPointExtension></extensions></trkpt>
      <trkpt lat="59.323052" lon="18.06898"><ele>4</ele><time>2026-09-05T07:55:02.000Z</time><extensions><gpxtpx:TrackPointExtension><gpxtpx:hr>133</gpxtpx:hr></gpxtpx:TrackPointExtension></extensions></trkpt>
      <trkpt lat="59.323037" lon="18.068951"><ele>4</ele><time>2026-09-05T07:55:03.000Z</time><extensions><gpxtpx:TrackPointExtension><gpxtpx:hr>133</gpxtpx:hr></gpxtpx:TrackPointExtension></extensions></trkpt>
      <trkpt lat="59.323022" lon="18.068924"><ele>3.8</ele><time>2026-09-05T07:55:04.000Z</time><extensions><gpxtpx:TrackPointExtension><gpxtpx:hr>134</gpxtpx:hr></gpxtpx:TrackPointExtension></extensions></trkpt>
      <trkpt lat="59.323009" lon="18.068898"><ele>3.8</ele><time>2026-09-05T07:55:05.000Z</time><extensions><gpxtpx:TrackPointExtension><gpxtpx:hr>134</gpxtpx:hr></gpxtpx:TrackPointExtension></extensions></trkpt>
      <trkpt lat="59.322995" lon="18.068873"><ele>3.6</ele><time>2026-09-05T07:55:06.000Z</time><extensions><gpxtpx:TrackPointExtension><gpxtpx:hr>134</gpxtpx:hr></gpxtpx:TrackPointExtension></extensions></trkpt>
      <trkpt lat="59.322982" lon="18.068847"><ele>3.6</ele><time>2026-09-05T07:55:07.000Z</time><extensions><gpxtpx:TrackPointExtension><gpxtpx:hr>134</gpxtpx:hr></gpxtpx:TrackPointExtension></extensions></trkpt>
      <trkpt lat="59.32297" lon="18.068823"><ele>3.6</ele><time>2026-09-05T07:55:08.000Z</time><extensions><gpxtpx:TrackPointExtension><gpxtpx:hr>134</gpxtpx:hr></gpxtpx:TrackPointExtension></extensions></trkpt>
      <trkpt lat="59.322958" lon="18.068801"><ele>3.4</ele><time>2026-09-05T07:55:09.000Z</time><extensions><gpxtpx:TrackPointExtension><gpxtpx:hr>134</gpxtpx:hr></gpxtpx:TrackPointExtension></extensions></trkpt>
      <trkpt lat="59.322949" lon="18.068783"><ele>3.4</ele><time>2026-09-05T07:55:10.000Z</time><extensions><gpxtpx:TrackPointExtension><gpxtpx:hr>134</gpxtpx:hr></gpxtpx:TrackPointExtension></extensions></trkpt>
      <trkpt lat="59.322943" lon="18.068773"><ele>3.4</ele><time>2026-09-05T07:55:11.000Z</time><extensions><gpxtpx:TrackPointExtension><gpxtpx:hr>134</gpxtpx:hr></gpxtpx:TrackPointExtension></extensions></trkpt>
      <trkpt lat="59.322941" lon="18.06877"><ele>3.4</ele><time>2026-09-05T07:55:12.000Z</time><extensions><gpxtpx:TrackPointExtension><gpxtpx:hr>133</gpxtpx:hr></gpxtpx:TrackPointExtension></extensions></trkpt>
      <trkpt lat="59.322995" lon="18.068636"><ele>3.8</ele><time>2026-09-05T07:55:50.000Z</time><extensions><gpxtpx:TrackPointExtension><gpxtpx:hr>133</gpxtpx:hr></gpxtpx:TrackPointExtension></extensions></trkpt>
      <trkpt lat="59.32301" lon="18.068593"><ele>3.8</ele><time>2026-09-05T07:55:51.000Z</time><extensions><gpxtpx:TrackPointExtension><gpxtpx:hr>133</gpxtpx:hr></gpxtpx:TrackPointExtension></extensions></trkpt>
      <trkpt lat="59.323023" lon="18.068552"><ele>3.6</ele><time>2026-09-05T07:55:52.000Z</time><extensions><gpxtpx:TrackPointExtension><gpxtpx:hr>133</gpxtpx:hr></gpxtpx:TrackPointExtension></extensions></trkpt>
      <trkpt lat="59.323034" lon="18.06851"><ele>3.6</ele><time>2026-09-05T07:55:53.000Z</time><extensions><gpxtpx:TrackPointExtension><gpxtpx:hr>133</gpxtpx:hr></gpxtpx:TrackPointExtension></extensions></trkpt>
      <trkpt lat="59.323044" lon="18.068467"><ele>3.6</ele><time>2026-09-05T07:55:54.000Z</time><extensions><gpxtpx:TrackPointExtension><gpxtpx:hr>113</gpxtpx:hr></gpxtpx:TrackPointExtension></extensions></trkpt>
      <trkpt lat="59.323058" lon="18.068425"><ele>3.6</ele><time>2026-09-05T07:55:55.000Z</time><extensions><gpxtpx:TrackPointExtension><gpxtpx:hr>113</gpxtpx:hr></gpxtpx:TrackPointExtension></extensions></trkpt>
      <trkpt lat="59.323073" lon="18.068384"><ele>3.6</ele><time>2026-09-05T07:55:56.000Z</time><extensions><gpxtpx:TrackPointExtension><gpxtpx:hr>113</gpxtpx:hr></gpxtpx:TrackPointExtension></extensions></trkpt>
      <trkpt lat="59.323088" lon="18.068347"><ele>3.6</ele><time>2026-09-05T07:55:57.000Z</time><extensions><gpxtpx:TrackPointExtension><gpxtpx:hr>113</gpxtpx:hr></gpxtpx:TrackPointExtension></extensions></trkpt>
      <trkpt lat="59.323102" lon="18.06831"><ele>3.6</ele><time>2026-09-05T07:55:58.000Z</time><extensions><gpxtpx:TrackPointExtension><gpxtpx:hr>113</gpxtpx:hr></gpxtpx:TrackPointExtension></extensions></trkpt>
      <trkpt lat="59.323115" lon="18.068274"><ele>3.6</ele><time>2026-09-05T07:55:59.000Z</time><extensions><gpxtpx:TrackPointExtension><gpxtpx:hr>113</gpxtpx:hr></gpxtpx:TrackPointExtension></extensions></trkpt>
      <trkpt lat="59.323127" lon="18.068237"><ele>3.6</ele><time>2026-09-05T07:56:00.000Z</time><extensions><gpxtpx:TrackPointExtension><gpxtpx:hr>113</gpxtpx:hr></gpxtpx:TrackPointExtension></extensions></trkpt>
      <trkpt lat="59.323139" lon="18.068199"><ele>3.6</ele><time>2026-09-05T07:56:01.000Z</time><extensions><gpxtpx:TrackPointExtension><gpxtpx:hr>113</gpxtpx:hr></gpxtpx:TrackPointExtension></extensions></trkpt>
      <trkpt lat="59.323149" lon="18.06816"><ele>3.6</ele><time>2026-09-05T07:56:02.000Z</time><extensions><gpxtpx:TrackPointExtension><gpxtpx:hr>113</gpxtpx:hr></gpxtpx:TrackPointExtension></extensions></trkpt>
      <trkpt lat="59.323158" lon="18.06812"><ele>3.6</ele><time>2026-09-05T07:56:03.000Z</time><extensions><gpxtpx:TrackPointExtension><gpxtpx:hr>114</gpxtpx:hr></gpxtpx:TrackPointExtension></extensions></trkpt>
      <trkpt lat="59.323165" lon="18.06808"><ele>3.6</ele><time>2026-09-05T07:56:04.000Z</time><extensions><gpxtpx:TrackPointExtension><gpxtpx:hr>115</gpxtpx:hr></gpxtpx:TrackPointExtension></extensions></trkpt>
      <trkpt lat="59.323171" lon="18.068042"><ele>3.6</ele><time>2026-09-05T07:56:05.000Z</time><extensions><gpxtpx:TrackPointExtension><gpxtpx:hr>115</gpxtpx:hr></gpxtpx:TrackPointExtension></extensions></trkpt>
      <trkpt lat="59.323174" lon="18.068007"><ele>3.6</ele><time>2026-09-05T07:56:06.000Z</time><extensions><gpxtpx:TrackPointExtension><gpxtpx:hr>115</gpxtpx:hr></gpxtpx:TrackPointExtension></extensions></trkpt>
      <trkpt lat="59.323173" lon="18.067971"><ele>3.6</ele><time>2026-09-05T07:56:07.000Z</time><extensions><gpxtpx:TrackPointExtension><gpxtpx:hr>115</gpxtpx:hr></gpxtpx:TrackPointExtension></extensions></trkpt>
      <trkpt lat="59.323168" lon="18.067933"><ele>3.6</ele><time>2026-09-05T07:56:08.000Z</time><extensions><gpxtpx:TrackPointExtension><gpxtpx:hr>115</gpxtpx:hr></gpxtpx:TrackPointExtension></extensions></trkpt>
      <trkpt lat="59.323161" lon="18.067891"><ele>3.6</ele><time>2026-09-05T07:56:09.000Z</time><extensions><gpxtpx:TrackPointExtension><gpxtpx:hr>119</gpxtpx:hr></gpxtpx:TrackPointExtension></extensions></trkpt>
      <trkpt lat="59.323155" lon="18.067847"><ele>3.6</ele><time>2026-09-05T07:56:10.000Z</time><extensions><gpxtpx:TrackPointExtension><gpxtpx:hr>119</gpxtpx:hr></gpxtpx:TrackPointExtension></extensions></trkpt>
      <trkpt lat="59.323152" lon="18.067803"><ele>3.6</ele><time>2026-09-05T07:56:11.000Z</time><extensions><gpxtpx:TrackPointExtension><gpxtpx:hr>119</gpxtpx:hr></gpxtpx:TrackPointExtension></extensions></trkpt>
      <trkpt lat="59.323153" lon="18.067762"><ele>3.6</ele><time>2026-09-05T07:56:12.000Z</time><extensions><gpxtpx:TrackPointExtension><gpxtpx:hr>119</gpxtpx:hr></gpxtpx:TrackPointExtension></extensions></trkpt>
      <trkpt lat="59.323159" lon="18.067728"><ele>3.6</ele><time>2026-09-05T07:56:13.000Z</time><extensions><gpxtpx:TrackPointExtension><gpxtpx:hr>119</gpxtpx:hr></gpxtpx:TrackPointExtension></extensions></trkpt>
      <trkpt lat="59.323164" lon="18.067704"><ele>3.6</ele><time>2026-09-05T07:56:14.000Z</time><extensions><gpxtpx:TrackPointExtension><gpxtpx:hr>119</gpxtpx:hr></gpxtpx:TrackPointExtension></extensions></trkpt>
      <trkpt lat="59.323167" lon="18.067691"><ele>3.6</ele><time>2026-09-05T07:56:15.000Z</time><extensions><gpxtpx:TrackPointExtension><gpxtpx:hr>119</gpxtpx:hr></gpxtpx:TrackPointExtension></extensions></trkpt>
      <trkpt lat="59.323168" lon="18.067685"><ele>3.8</ele><time>2026-09-05T07:56:16.000Z</time><extensions><gpxtpx:TrackPointExtension><gpxtpx:hr>119</gpxtpx:hr></gpxtpx:TrackPointExtension></extensions></trkpt>
      <trkpt lat="59.323147" lon="18.067869"><ele>4</ele><time>2026-09-05T07:57:02.000Z</time><extensions><gpxtpx:TrackPointExtension><gpxtpx:hr>119</gpxtpx:hr></gpxtpx:TrackPointExtension></extensions></trkpt>
      <trkpt lat="59.32315" lon="18.067894"><ele>3.8</ele><time>2026-09-05T07:57:03.000Z</time><extensions><gpxtpx:TrackPointExtension><gpxtpx:hr>119</gpxtpx:hr></gpxtpx:TrackPointExtension></extensions></trkpt>
      <trkpt lat="59.323155" lon="18.067925"><ele>3.8</ele><time>2026-09-05T07:57:04.000Z</time><extensions><gpxtpx:TrackPointExtension><gpxtpx:hr>105</gpxtpx:hr></gpxtpx:TrackPointExtension></extensions></trkpt>
      <trkpt lat="59.323159" lon="18.067961"><ele>3.8</ele><time>2026-09-05T07:57:05.000Z</time><extensions><gpxtpx:TrackPointExtension><gpxtpx:hr>105</gpxtpx:hr></gpxtpx:TrackPointExtension></extensions></trkpt>
      <trkpt lat="59.323163" lon="18.068002"><ele>3.8</ele><time>2026-09-05T07:57:06.000Z</time><extensions><gpxtpx:TrackPointExtension><gpxtpx:hr>105</gpxtpx:hr></gpxtpx:TrackPointExtension></extensions></trkpt>
      <trkpt lat="59.323165" lon="18.068045"><ele>3.8</ele><time>2026-09-05T07:57:07.000Z</time><extensions><gpxtpx:TrackPointExtension><gpxtpx:hr>105</gpxtpx:hr></gpxtpx:TrackPointExtension></extensions></trkpt>
      <trkpt lat="59.323162" lon="18.068089"><ele>3.8</ele><time>2026-09-05T07:57:08.000Z</time><extensions><gpxtpx:TrackPointExtension><gpxtpx:hr>105</gpxtpx:hr></gpxtpx:TrackPointExtension></extensions></trkpt>
      <trkpt lat="59.323154" lon="18.068131"><ele>3.8</ele><time>2026-09-05T07:57:09.000Z</time><extensions><gpxtpx:TrackPointExtension><gpxtpx:hr>105</gpxtpx:hr></gpxtpx:TrackPointExtension></extensions></trkpt>
      <trkpt lat="59.323142" lon="18.068169"><ele>3.6</ele><time>2026-09-05T07:57:10.000Z</time><extensions><gpxtpx:TrackPointExtension><gpxtpx:hr>105</gpxtpx:hr></gpxtpx:TrackPointExtension></extensions></trkpt>
      <trkpt lat="59.323129" lon="18.068205"><ele>3.6</ele><time>2026-09-05T07:57:11.000Z</time><extensions><gpxtpx:TrackPointExtension><gpxtpx:hr>105</gpxtpx:hr></gpxtpx:TrackPointExtension></extensions></trkpt>
      <trkpt lat="59.323114" lon="18.068239"><ele>3.6</ele><time>2026-09-05T07:57:12.000Z</time><extensions><gpxtpx:TrackPointExtension><gpxtpx:hr>105</gpxtpx:hr></gpxtpx:TrackPointExtension></extensions></trkpt>
      <trkpt lat="59.323098" lon="18.068273"><ele>3.6</ele><time>2026-09-05T07:57:13.000Z</time><extensions><gpxtpx:TrackPointExtension><gpxtpx:hr>105</gpxtpx:hr></gpxtpx:TrackPointExtension></extensions></trkpt>
      <trkpt lat="59.323082" lon="18.068306"><ele>3.6</ele><time>2026-09-05T07:57:14.000Z</time><extensions><gpxtpx:TrackPointExtension><gpxtpx:hr>105</gpxtpx:hr></gpxtpx:TrackPointExtension></extensions></trkpt>
      <trkpt lat="59.323067" lon="18.06834"><ele>3.6</ele><time>2026-09-05T07:57:15.000Z</time><extensions><gpxtpx:TrackPointExtension><gpxtpx:hr>105</gpxtpx:hr></gpxtpx:TrackPointExtension></extensions></trkpt>
      <trkpt lat="59.323051" lon="18.068375"><ele>3.6</ele><time>2026-09-05T07:57:16.000Z</time><extensions><gpxtpx:TrackPointExtension><gpxtpx:hr>105</gpxtpx:hr></gpxtpx:TrackPointExtension></extensions></trkpt>
      <trkpt lat="59.323036" lon="18.06841"><ele>3.6</ele><time>2026-09-05T07:57:17.000Z</time><extensions><gpxtpx:TrackPointExtension><gpxtpx:hr>105</gpxtpx:hr></gpxtpx:TrackPointExtension></extensions></trkpt>
      <trkpt lat="59.323021" lon="18.068445"><ele>3.6</ele><time>2026-09-05T07:57:18.000Z</time><extensions><gpxtpx:TrackPointExtension><gpxtpx:hr>105</gpxtpx:hr></gpxtpx:TrackPointExtension></extensions></trkpt>
      <trkpt lat="59.323005" lon="18.06848"><ele>3.6</ele><time>2026-09-05T07:57:19.000Z</time><extensions><gpxtpx:TrackPointExtension><gpxtpx:hr>105</gpxtpx:hr></gpxtpx:TrackPointExtension></extensions></trkpt>
      <trkpt lat="59.322989" lon="18.068514"><ele>3.4</ele><time>2026-09-05T07:57:20.000Z</time><extensions><gpxtpx:TrackPointExtension><gpxtpx:hr>105</gpxtpx:hr></gpxtpx:TrackPointExtension></extensions></trkpt>
      <trkpt lat="59.322974" lon="18.068546"><ele>3.4</ele><time>2026-09-05T07:57:21.000Z</time><extensions><gpxtpx:TrackPointExtension><gpxtpx:hr>105</gpxtpx:hr></gpxtpx:TrackPointExtension></extensions></trkpt>
      <trkpt lat="59.322959" lon="18.068577"><ele>3.4</ele><time>2026-09-05T07:57:22.000Z</time><extensions><gpxtpx:TrackPointExtension><gpxtpx:hr>105</gpxtpx:hr></gpxtpx:TrackPointExtension></extensions></trkpt>
      <trkpt lat="59.322944" lon="18.068609"><ele>3.4</ele><time>2026-09-05T07:57:23.000Z</time><extensions><gpxtpx:TrackPointExtension><gpxtpx:hr>105</gpxtpx:hr></gpxtpx:TrackPointExtension></extensions></trkpt>
      <trkpt lat="59.322929" lon="18.068642"><ele>3.4</ele><time>2026-09-05T07:57:24.000Z</time><extensions><gpxtpx:TrackPointExtension><gpxtpx:hr>118</gpxtpx:hr></gpxtpx:TrackPointExtension></extensions></trkpt>
      <trkpt lat="59.322913" lon="18.068674"><ele>3.4</ele><time>2026-09-05T07:57:25.000Z</time><extensions><gpxtpx:TrackPointExtension><gpxtpx:hr>118</gpxtpx:hr></gpxtpx:TrackPointExtension></extensions></trkpt>
      <trkpt lat="59.322897" lon="18.068706"><ele>3.4</ele><time>2026-09-05T07:57:26.000Z</time><extensions><gpxtpx:TrackPointExtension><gpxtpx:hr>118</gpxtpx:hr></gpxtpx:TrackPointExtension></extensions></trkpt>
      <trkpt lat="59.322881" lon="18.068738"><ele>3.2</ele><time>2026-09-05T07:57:27.000Z</time><extensions><gpxtpx:TrackPointExtension><gpxtpx:hr>118</gpxtpx:hr></gpxtpx:TrackPointExtension></extensions></trkpt>
      <trkpt lat="59.322865" lon="18.06877"><ele>3.2</ele><time>2026-09-05T07:57:28.000Z</time><extensions><gpxtpx:TrackPointExtension><gpxtpx:hr>118</gpxtpx:hr></gpxtpx:TrackPointExtension></extensions></trkpt>
      <trkpt lat="59.322848" lon="18.068802"><ele>3.2</ele><time>2026-09-05T07:57:29.000Z</time><extensions><gpxtpx:TrackPointExtension><gpxtpx:hr>118</gpxtpx:hr></gpxtpx:TrackPointExtension></extensions></trkpt>
      <trkpt lat="59.322833" lon="18.068835"><ele>3.2</ele><time>2026-09-05T07:57:30.000Z</time><extensions><gpxtpx:TrackPointExtension><gpxtpx:hr>118</gpxtpx:hr></gpxtpx:TrackPointExtension></extensions></trkpt>
      <trkpt lat="59.32282" lon="18.068869"><ele>3.2</ele><time>2026-09-05T07:57:31.000Z</time><extensions><gpxtpx:TrackPointExtension><gpxtpx:hr>118</gpxtpx:hr></gpxtpx:TrackPointExtension></extensions></trkpt>
      <trkpt lat="59.322807" lon="18.068904"><ele>3.2</ele><time>2026-09-05T07:57:32.000Z</time><extensions><gpxtpx:TrackPointExtension><gpxtpx:hr>118</gpxtpx:hr></gpxtpx:TrackPointExtension></extensions></trkpt>
      <trkpt lat="59.322794" lon="18.068941"><ele>3.2</ele><time>2026-09-05T07:57:33.000Z</time><extensions><gpxtpx:TrackPointExtension><gpxtpx:hr>118</gpxtpx:hr></gpxtpx:TrackPointExtension></extensions></trkpt>
      <trkpt lat="59.32278" lon="18.068979"><ele>3.2</ele><time>2026-09-05T07:57:34.000Z</time><extensions><gpxtpx:TrackPointExtension><gpxtpx:hr>118</gpxtpx:hr></gpxtpx:TrackPointExtension></extensions></trkpt>
      <trkpt lat="59.322765" lon="18.069015"><ele>3.2</ele><time>2026-09-05T07:57:35.000Z</time><extensions><gpxtpx:TrackPointExtension><gpxtpx:hr>123</gpxtpx:hr></gpxtpx:TrackPointExtension></extensions></trkpt>
      <trkpt lat="59.32275" lon="18.06905"><ele>3.2</ele><time>2026-09-05T07:57:36.000Z</time><extensions><gpxtpx:TrackPointExtension><gpxtpx:hr>123</gpxtpx:hr></gpxtpx:TrackPointExtension></extensions></trkpt>
      <trkpt lat="59.322736" lon="18.069086"><ele>3.2</ele><time>2026-09-05T07:57:37.000Z</time><extensions><gpxtpx:TrackPointExtension><gpxtpx:hr>123</gpxtpx:hr></gpxtpx:TrackPointExtension></extensions></trkpt>
      <trkpt lat="59.322723" lon="18.069122"><ele>3.2</ele><time>2026-09-05T07:57:38.000Z</time><extensions><gpxtpx:TrackPointExtension><gpxtpx:hr>123</gpxtpx:hr></gpxtpx:TrackPointExtension></extensions></trkpt>
      <trkpt lat="59.322711" lon="18.069158"><ele>3.2</ele><time>2026-09-05T07:57:39.000Z</time><extensions><gpxtpx:TrackPointExtension><gpxtpx:hr>123</gpxtpx:hr></gpxtpx:TrackPointExtension></extensions></trkpt>
      <trkpt lat="59.3227" lon="18.069194"><ele>3.2</ele><time>2026-09-05T07:57:40.000Z</time><extensions><gpxtpx:TrackPointExtension><gpxtpx:hr>125</gpxtpx:hr></gpxtpx:TrackPointExtension></extensions></trkpt>
      <trkpt lat="59.322689" lon="18.069231"><ele>3.2</ele><time>2026-09-05T07:57:41.000Z</time><extensions><gpxtpx:TrackPointExtension><gpxtpx:hr>125</gpxtpx:hr></gpxtpx:TrackPointExtension></extensions></trkpt>
      <trkpt lat="59.322677" lon="18.069267"><ele>3.2</ele><time>2026-09-05T07:57:42.000Z</time><extensions><gpxtpx:TrackPointExtension><gpxtpx:hr>125</gpxtpx:hr></gpxtpx:TrackPointExtension></extensions></trkpt>
      <trkpt lat="59.322664" lon="18.069306"><ele>3.2</ele><time>2026-09-05T07:57:43.000Z</time><extensions><gpxtpx:TrackPointExtension><gpxtpx:hr>125</gpxtpx:hr></gpxtpx:TrackPointExtension></extensions></trkpt>
      <trkpt lat="59.322652" lon="18.069345"><ele>3.2</ele><time>2026-09-05T07:57:44.000Z</time><extensions><gpxtpx:TrackPointExtension><gpxtpx:hr>125</gpxtpx:hr></gpxtpx:TrackPointExtension></extensions></trkpt>
      <trkpt lat="59.322642" lon="18.069385"><ele>3.2</ele><time>2026-09-05T07:57:45.000Z</time><extensions><gpxtpx:TrackPointExtension><gpxtpx:hr>125</gpxtpx:hr></gpxtpx:TrackPointExtension></extensions></trkpt>
      <trkpt lat="59.322632" lon="18.069427"><ele>3.2</ele><time>2026-09-05T07:57:46.000Z</time><extensions><gpxtpx:TrackPointExtension><gpxtpx:hr>125</gpxtpx:hr></gpxtpx:TrackPointExtension></extensions></trkpt>
      <trkpt lat="59.322623" lon="18.069469"><ele>3.2</ele><time>2026-09-05T07:57:47.000Z</time><extensions><gpxtpx:TrackPointExtension><gpxtpx:hr>125</gpxtpx:hr></gpxtpx:TrackPointExtension></extensions></trkpt>
      <trkpt lat="59.322616" lon="18.069513"><ele>3.4</ele><time>2026-09-05T07:57:48.000Z</time><extensions><gpxtpx:TrackPointExtension><gpxtpx:hr>125</gpxtpx:hr></gpxtpx:TrackPointExtension></extensions></trkpt>
      <trkpt lat="59.322609" lon="18.069559"><ele>3.4</ele><time>2026-09-05T07:57:49.000Z</time><extensions><gpxtpx:TrackPointExtension><gpxtpx:hr>125</gpxtpx:hr></gpxtpx:TrackPointExtension></extensions></trkpt>
      <trkpt lat="59.322604" lon="18.069605"><ele>3.4</ele><time>2026-09-05T07:57:50.000Z</time><extensions><gpxtpx:TrackPointExtension><gpxtpx:hr>125</gpxtpx:hr></gpxtpx:TrackPointExtension></extensions></trkpt>
      <trkpt lat="59.322599" lon="18.069651"><ele>3.4</ele><time>2026-09-05T07:57:51.000Z</time><extensions><gpxtpx:TrackPointExtension><gpxtpx:hr>125</gpxtpx:hr></gpxtpx:TrackPointExtension></extensions></trkpt>
      <trkpt lat="59.322594" lon="18.069696"><ele>3.4</ele><time>2026-09-05T07:57:52.000Z</time><extensions><gpxtpx:TrackPointExtension><gpxtpx:hr>125</gpxtpx:hr></gpxtpx:TrackPointExtension></extensions></trkpt>
      <trkpt lat="59.322591" lon="18.069741"><ele>3.4</ele><time>2026-09-05T07:57:53.000Z</time><extensions><gpxtpx:TrackPointExtension><gpxtpx:hr>125</gpxtpx:hr></gpxtpx:TrackPointExtension></extensions></trkpt>
      <trkpt lat="59.32259" lon="18.069784"><ele>3.4</ele><time>2026-09-05T07:57:54.000Z</time><extensions><gpxtpx:TrackPointExtension><gpxtpx:hr>125</gpxtpx:hr></gpxtpx:TrackPointExtension></extensions></trkpt>
      <trkpt lat="59.322591" lon="18.069827"><ele>3.4</ele><time>2026-09-05T07:57:55.000Z</time><extensions><gpxtpx:TrackPointExtension><gpxtpx:hr>125</gpxtpx:hr></gpxtpx:TrackPointExtension></extensions></trkpt>
      <trkpt lat="59.322593" lon="18.06987"><ele>3.4</ele><time>2026-09-05T07:57:56.000Z</time><extensions><gpxtpx:TrackPointExtension><gpxtpx:hr>125</gpxtpx:hr></gpxtpx:TrackPointExtension></extensions></trkpt>
      <trkpt lat="59.322593" lon="18.069911"><ele>3.4</ele><time>2026-09-05T07:57:57.000Z</time><extensions><gpxtpx:TrackPointExtension><gpxtpx:hr>125</gpxtpx:hr></gpxtpx:TrackPointExtension></extensions></trkpt>
      <trkpt lat="59.322589" lon="18.069952"><ele>3.4</ele><time>2026-09-05T07:57:58.000Z</time><extensions><gpxtpx:TrackPointExtension><gpxtpx:hr>125</gpxtpx:hr></gpxtpx:TrackPointExtension></extensions></trkpt>
      <trkpt lat="59.322581" lon="18.069992"><ele>3.4</ele><time>2026-09-05T07:57:59.000Z</time><extensions><gpxtpx:TrackPointExtension><gpxtpx:hr>125</gpxtpx:hr></gpxtpx:TrackPointExtension></extensions></trkpt>
      <trkpt lat="59.322569" lon="18.070031"><ele>3.4</ele><time>2026-09-05T07:58:00.000Z</time><extensions><gpxtpx:TrackPointExtension><gpxtpx:hr>125</gpxtpx:hr></gpxtpx:TrackPointExtension></extensions></trkpt>
      <trkpt lat="59.322553" lon="18.070067"><ele>3.4</ele><time>2026-09-05T07:58:01.000Z</time><extensions><gpxtpx:TrackPointExtension><gpxtpx:hr>125</gpxtpx:hr></gpxtpx:TrackPointExtension></extensions></trkpt>
      <trkpt lat="59.322536" lon="18.070101"><ele>3.4</ele><time>2026-09-05T07:58:02.000Z</time><extensions><gpxtpx:TrackPointExtension><gpxtpx:hr>125</gpxtpx:hr></gpxtpx:TrackPointExtension></extensions></trkpt>
      <trkpt lat="59.322522" lon="18.070133"><ele>3.4</ele><time>2026-09-05T07:58:03.000Z</time><extensions><gpxtpx:TrackPointExtension><gpxtpx:hr>125</gpxtpx:hr></gpxtpx:TrackPointExtension></extensions></trkpt>
      <trkpt lat="59.322513" lon="18.070167"><ele>3.4</ele><time>2026-09-05T07:58:04.000Z</time><extensions><gpxtpx:TrackPointExtension><gpxtpx:hr>125</gpxtpx:hr></gpxtpx:TrackPointExtension></extensions></trkpt>
      <trkpt lat="59.322507" lon="18.070204"><ele>3.4</ele><time>2026-09-05T07:58:05.000Z</time><extensions><gpxtpx:TrackPointExtension><gpxtpx:hr>125</gpxtpx:hr></gpxtpx:TrackPointExtension></extensions></trkpt>
      <trkpt lat="59.322501" lon="18.070241"><ele>3.4</ele><time>2026-09-05T07:58:06.000Z</time><extensions><gpxtpx:TrackPointExtension><gpxtpx:hr>125</gpxtpx:hr></gpxtpx:TrackPointExtension></extensions></trkpt>
      <trkpt lat="59.32249" lon="18.070272"><ele>3.4</ele><time>2026-09-05T07:58:07.000Z</time><extensions><gpxtpx:TrackPointExtension><gpxtpx:hr>125</gpxtpx:hr></gpxtpx:TrackPointExtension></extensions></trkpt>
      <trkpt lat="59.322474" lon="18.070293"><ele>3.4</ele><time>2026-09-05T07:58:08.000Z</time><extensions><gpxtpx:TrackPointExtension><gpxtpx:hr>125</gpxtpx:hr></gpxtpx:TrackPointExtension></extensions></trkpt>
      <trkpt lat="59.322457" lon="18.070312"><ele>3.4</ele><time>2026-09-05T07:58:09.000Z</time><extensions><gpxtpx:TrackPointExtension><gpxtpx:hr>133</gpxtpx:hr></gpxtpx:TrackPointExtension></extensions></trkpt>
      <trkpt lat="59.322442" lon="18.070337"><ele>3.4</ele><time>2026-09-05T07:58:10.000Z</time><extensions><gpxtpx:TrackPointExtension><gpxtpx:hr>133</gpxtpx:hr></gpxtpx:TrackPointExtension></extensions></trkpt>
      <trkpt lat="59.322432" lon="18.070373"><ele>3.4</ele><time>2026-09-05T07:58:11.000Z</time><extensions><gpxtpx:TrackPointExtension><gpxtpx:hr>133</gpxtpx:hr></gpxtpx:TrackPointExtension></extensions></trkpt>
      <trkpt lat="59.322427" lon="18.070418"><ele>3.4</ele><time>2026-09-05T07:58:12.000Z</time><extensions><gpxtpx:TrackPointExtension><gpxtpx:hr>133</gpxtpx:hr></gpxtpx:TrackPointExtension></extensions></trkpt>
      <trkpt lat="59.322425" lon="18.070467"><ele>3.4</ele><time>2026-09-05T07:58:13.000Z</time><extensions><gpxtpx:TrackPointExtension><gpxtpx:hr>133</gpxtpx:hr></gpxtpx:TrackPointExtension></extensions></trkpt>
      <trkpt lat="59.322423" lon="18.070515"><ele>3.4</ele><time>2026-09-05T07:58:14.000Z</time><extensions><gpxtpx:TrackPointExtension><gpxtpx:hr>132</gpxtpx:hr></gpxtpx:TrackPointExtension></extensions></trkpt>
      <trkpt lat="59.322422" lon="18.070563"><ele>3.4</ele><time>2026-09-05T07:58:15.000Z</time><extensions><gpxtpx:TrackPointExtension><gpxtpx:hr>132</gpxtpx:hr></gpxtpx:TrackPointExtension></extensions></trkpt>
      <trkpt lat="59.32242" lon="18.07061"><ele>3.4</ele><time>2026-09-05T07:58:16.000Z</time><extensions><gpxtpx:TrackPointExtension><gpxtpx:hr>132</gpxtpx:hr></gpxtpx:TrackPointExtension></extensions></trkpt>
      <trkpt lat="59.322416" lon="18.070659"><ele>3.4</ele><time>2026-09-05T07:58:17.000Z</time><extensions><gpxtpx:TrackPointExtension><gpxtpx:hr>132</gpxtpx:hr></gpxtpx:TrackPointExtension></extensions></trkpt>
      <trkpt lat="59.322411" lon="18.070709"><ele>3.4</ele><time>2026-09-05T07:58:18.000Z</time><extensions><gpxtpx:TrackPointExtension><gpxtpx:hr>132</gpxtpx:hr></gpxtpx:TrackPointExtension></extensions></trkpt>
      <trkpt lat="59.322404" lon="18.070758"><ele>3.4</ele><time>2026-09-05T07:58:19.000Z</time><extensions><gpxtpx:TrackPointExtension><gpxtpx:hr>132</gpxtpx:hr></gpxtpx:TrackPointExtension></extensions></trkpt>
      <trkpt lat="59.322398" lon="18.070805"><ele>3.4</ele><time>2026-09-05T07:58:20.000Z</time><extensions><gpxtpx:TrackPointExtension><gpxtpx:hr>132</gpxtpx:hr></gpxtpx:TrackPointExtension></extensions></trkpt>
      <trkpt lat="59.322392" lon="18.070852"><ele>3.4</ele><time>2026-09-05T07:58:21.000Z</time><extensions><gpxtpx:TrackPointExtension><gpxtpx:hr>132</gpxtpx:hr></gpxtpx:TrackPointExtension></extensions></trkpt>
      <trkpt lat="59.322385" lon="18.070897"><ele>3.4</ele><time>2026-09-05T07:58:22.000Z</time><extensions><gpxtpx:TrackPointExtension><gpxtpx:hr>132</gpxtpx:hr></gpxtpx:TrackPointExtension></extensions></trkpt>
      <trkpt lat="59.322379" lon="18.070942"><ele>3.4</ele><time>2026-09-05T07:58:23.000Z</time><extensions><gpxtpx:TrackPointExtension><gpxtpx:hr>132</gpxtpx:hr></gpxtpx:TrackPointExtension></extensions></trkpt>
      <trkpt lat="59.322371" lon="18.070989"><ele>3.4</ele><time>2026-09-05T07:58:24.000Z</time><extensions><gpxtpx:TrackPointExtension><gpxtpx:hr>132</gpxtpx:hr></gpxtpx:TrackPointExtension></extensions></trkpt>
      <trkpt lat="59.322362" lon="18.071037"><ele>3.4</ele><time>2026-09-05T07:58:25.000Z</time><extensions><gpxtpx:TrackPointExtension><gpxtpx:hr>132</gpxtpx:hr></gpxtpx:TrackPointExtension></extensions></trkpt>
      <trkpt lat="59.322352" lon="18.071085"><ele>3.4</ele><time>2026-09-05T07:58:26.000Z</time><extensions><gpxtpx:TrackPointExtension><gpxtpx:hr>132</gpxtpx:hr></gpxtpx:TrackPointExtension></extensions></trkpt>
      <trkpt lat="59.322341" lon="18.071131"><ele>3.4</ele><time>2026-09-05T07:58:27.000Z</time><extensions><gpxtpx:TrackPointExtension><gpxtpx:hr>132</gpxtpx:hr></gpxtpx:TrackPointExtension></extensions></trkpt>
      <trkpt lat="59.322329" lon="18.071176"><ele>3.4</ele><time>2026-09-05T07:58:28.000Z</time><extensions><gpxtpx:TrackPointExtension><gpxtpx:hr>132</gpxtpx:hr></gpxtpx:TrackPointExtension></extensions></trkpt>
      <trkpt lat="59.322318" lon="18.07122"><ele>3.4</ele><time>2026-09-05T07:58:29.000Z</time><extensions><gpxtpx:TrackPointExtension><gpxtpx:hr>132</gpxtpx:hr></gpxtpx:TrackPointExtension></extensions></trkpt>
      <trkpt lat="59.322307" lon="18.071264"><ele>3.4</ele><time>2026-09-05T07:58:30.000Z</time><extensions><gpxtpx:TrackPointExtension><gpxtpx:hr>132</gpxtpx:hr></gpxtpx:TrackPointExtension></extensions></trkpt>
      <trkpt lat="59.322296" lon="18.071307"><ele>3.4</ele><time>2026-09-05T07:58:31.000Z</time><extensions><gpxtpx:TrackPointExtension><gpxtpx:hr>132</gpxtpx:hr></gpxtpx:TrackPointExtension></extensions></trkpt>
      <trkpt lat="59.322285" lon="18.071352"><ele>3.4</ele><time>2026-09-05T07:58:32.000Z</time><extensions><gpxtpx:TrackPointExtension><gpxtpx:hr>132</gpxtpx:hr></gpxtpx:TrackPointExtension></extensions></trkpt>
      <trkpt lat="59.322274" lon="18.071395"><ele>3.4</ele><time>2026-09-05T07:58:33.000Z</time><extensions><gpxtpx:TrackPointExtension><gpxtpx:hr>132</gpxtpx:hr></gpxtpx:TrackPointExtension></extensions></trkpt>
      <trkpt lat="59.322263" lon="18.071439"><ele>3.4</ele><time>2026-09-05T07:58:34.000Z</time><extensions><gpxtpx:TrackPointExtension><gpxtpx:hr>138</gpxtpx:hr></gpxtpx:TrackPointExtension></extensions></trkpt>
      <trkpt lat="59.322251" lon="18.071482"><ele>3.4</ele><time>2026-09-05T07:58:35.000Z</time><extensions><gpxtpx:TrackPointExtension><gpxtpx:hr>138</gpxtpx:hr></gpxtpx:TrackPointExtension></extensions></trkpt>
      <trkpt lat="59.322238" lon="18.071526"><ele>3.4</ele><time>2026-09-05T07:58:36.000Z</time><extensions><gpxtpx:TrackPointExtension><gpxtpx:hr>138</gpxtpx:hr></gpxtpx:TrackPointExtension></extensions></trkpt>
      <trkpt lat="59.322225" lon="18.071569"><ele>3.4</ele><time>2026-09-05T07:58:37.000Z</time><extensions><gpxtpx:TrackPointExtension><gpxtpx:hr>138</gpxtpx:hr></gpxtpx:TrackPointExtension></extensions></trkpt>
      <trkpt lat="59.322211" lon="18.071611"><ele>3.4</ele><time>2026-09-05T07:58:38.000Z</time><extensions><gpxtpx:TrackPointExtension><gpxtpx:hr>138</gpxtpx:hr></gpxtpx:TrackPointExtension></extensions></trkpt>
      <trkpt lat="59.322198" lon="18.071652"><ele>3.4</ele><time>2026-09-05T07:58:39.000Z</time><extensions><gpxtpx:TrackPointExtension><gpxtpx:hr>138</gpxtpx:hr></gpxtpx:TrackPointExtension></extensions></trkpt>
      <trkpt lat="59.322187" lon="18.071691"><ele>3.4</ele><time>2026-09-05T07:58:40.000Z</time><extensions><gpxtpx:TrackPointExtension><gpxtpx:hr>138</gpxtpx:hr></gpxtpx:TrackPointExtension></extensions></trkpt>
      <trkpt lat="59.322176" lon="18.071729"><ele>3.4</ele><time>2026-09-05T07:58:41.000Z</time><extensions><gpxtpx:TrackPointExtension><gpxtpx:hr>138</gpxtpx:hr></gpxtpx:TrackPointExtension></extensions></trkpt>
      <trkpt lat="59.322166" lon="18.071765"><ele>3.4</ele><time>2026-09-05T07:58:42.000Z</time><extensions><gpxtpx:TrackPointExtension><gpxtpx:hr>138</gpxtpx:hr></gpxtpx:TrackPointExtension></extensions></trkpt>
      <trkpt lat="59.322155" lon="18.071799"><ele>3.4</ele><time>2026-09-05T07:58:43.000Z</time><extensions><gpxtpx:TrackPointExtension><gpxtpx:hr>138</gpxtpx:hr></gpxtpx:TrackPointExtension></extensions></trkpt>
      <trkpt lat="59.322143" lon="18.071831"><ele>3.4</ele><time>2026-09-05T07:58:44.000Z</time><extensions><gpxtpx:TrackPointExtension><gpxtpx:hr>138</gpxtpx:hr></gpxtpx:TrackPointExtension></extensions></trkpt>
      <trkpt lat="59.322128" lon="18.071861"><ele>3.4</ele><time>2026-09-05T07:58:45.000Z</time><extensions><gpxtpx:TrackPointExtension><gpxtpx:hr>138</gpxtpx:hr></gpxtpx:TrackPointExtension></extensions></trkpt>
      <trkpt lat="59.322112" lon="18.071892"><ele>3.4</ele><time>2026-09-05T07:58:46.000Z</time><extensions><gpxtpx:TrackPointExtension><gpxtpx:hr>138</gpxtpx:hr></gpxtpx:TrackPointExtension></extensions></trkpt>
      <trkpt lat="59.322095" lon="18.071922"><ele>3.4</ele><time>2026-09-05T07:58:47.000Z</time><extensions><gpxtpx:TrackPointExtension><gpxtpx:hr>138</gpxtpx:hr></gpxtpx:TrackPointExtension></extensions></trkpt>
      <trkpt lat="59.322081" lon="18.071948"><ele>3.4</ele><time>2026-09-05T07:58:48.000Z</time><extensions><gpxtpx:TrackPointExtension><gpxtpx:hr>138</gpxtpx:hr></gpxtpx:TrackPointExtension></extensions></trkpt>
      <trkpt lat="59.322068" lon="18.07197"><ele>3.4</ele><time>2026-09-05T07:58:49.000Z</time><extensions><gpxtpx:TrackPointExtension><gpxtpx:hr>138</gpxtpx:hr></gpxtpx:TrackPointExtension></extensions></trkpt>
      <trkpt lat="59.322058" lon="18.071987"><ele>3.4</ele><time>2026-09-05T07:58:50.000Z</time><extensions><gpxtpx:TrackPointExtension><gpxtpx:hr>138</gpxtpx:hr></gpxtpx:TrackPointExtension></extensions></trkpt>
      <trkpt lat="59.322051" lon="18.071999"><ele>3.6</ele><time>2026-09-05T07:58:51.000Z</time><extensions><gpxtpx:TrackPointExtension><gpxtpx:hr>138</gpxtpx:hr></gpxtpx:TrackPointExtension></extensions></trkpt>
      <trkpt lat="59.322047" lon="18.072005"><ele>3.6</ele><time>2026-09-05T07:58:52.000Z</time><extensions><gpxtpx:TrackPointExtension><gpxtpx:hr>139</gpxtpx:hr></gpxtpx:TrackPointExtension></extensions></trkpt>
      <trkpt lat="59.322046" lon="18.072008"><ele>3.6</ele><time>2026-09-05T07:58:53.000Z</time><extensions><gpxtpx:TrackPointExtension><gpxtpx:hr>139</gpxtpx:hr></gpxtpx:TrackPointExtension></extensions></trkpt>
      <trkpt lat="59.321976" lon="18.072113"><ele>3.8</ele><time>2026-09-05T07:59:09.000Z</time><extensions><gpxtpx:TrackPointExtension><gpxtpx:hr>139</gpxtpx:hr></gpxtpx:TrackPointExtension></extensions></trkpt>
      <trkpt lat="59.32196" lon="18.072138"><ele>3.6</ele><time>2026-09-05T07:59:10.000Z</time><extensions><gpxtpx:TrackPointExtension><gpxtpx:hr>139</gpxtpx:hr></gpxtpx:TrackPointExtension></extensions></trkpt>
      <trkpt lat="59.321942" lon="18.072166"><ele>3.6</ele><time>2026-09-05T07:59:11.000Z</time><extensions><gpxtpx:TrackPointExtension><gpxtpx:hr>139</gpxtpx:hr></gpxtpx:TrackPointExtension></extensions></trkpt>
      <trkpt lat="59.321922" lon="18.072195"><ele>3.6</ele><time>2026-09-05T07:59:12.000Z</time><extensions><gpxtpx:TrackPointExtension><gpxtpx:hr>139</gpxtpx:hr></gpxtpx:TrackPointExtension></extensions></trkpt>
      <trkpt lat="59.321903" lon="18.072223"><ele>3.6</ele><time>2026-09-05T07:59:13.000Z</time><extensions><gpxtpx:TrackPointExtension><gpxtpx:hr>139</gpxtpx:hr></gpxtpx:TrackPointExtension></extensions></trkpt>
      <trkpt lat="59.321884" lon="18.07225"><ele>3.6</ele><time>2026-09-05T07:59:14.000Z</time><extensions><gpxtpx:TrackPointExtension><gpxtpx:hr>139</gpxtpx:hr></gpxtpx:TrackPointExtension></extensions></trkpt>
      <trkpt lat="59.321867" lon="18.072276"><ele>3.4</ele><time>2026-09-05T07:59:15.000Z</time><extensions><gpxtpx:TrackPointExtension><gpxtpx:hr>139</gpxtpx:hr></gpxtpx:TrackPointExtension></extensions></trkpt>
      <trkpt lat="59.321849" lon="18.0723"><ele>3.4</ele><time>2026-09-05T07:59:16.000Z</time><extensions><gpxtpx:TrackPointExtension><gpxtpx:hr>139</gpxtpx:hr></gpxtpx:TrackPointExtension></extensions></trkpt>
      <trkpt lat="59.32183" lon="18.072317"><ele>3.4</ele><time>2026-09-05T07:59:17.000Z</time><extensions><gpxtpx:TrackPointExtension><gpxtpx:hr>139</gpxtpx:hr></gpxtpx:TrackPointExtension></extensions></trkpt>
      <trkpt lat="59.321809" lon="18.072325"><ele>3.4</ele><time>2026-09-05T07:59:18.000Z</time><extensions><gpxtpx:TrackPointExtension><gpxtpx:hr>139</gpxtpx:hr></gpxtpx:TrackPointExtension></extensions></trkpt>
      <trkpt lat="59.321787" lon="18.07232"><ele>3.4</ele><time>2026-09-05T07:59:19.000Z</time><extensions><gpxtpx:TrackPointExtension><gpxtpx:hr>139</gpxtpx:hr></gpxtpx:TrackPointExtension></extensions></trkpt>
      <trkpt lat="59.321765" lon="18.072305"><ele>3.4</ele><time>2026-09-05T07:59:20.000Z</time><extensions><gpxtpx:TrackPointExtension><gpxtpx:hr>139</gpxtpx:hr></gpxtpx:TrackPointExtension></extensions></trkpt>
      <trkpt lat="59.321743" lon="18.072285"><ele>3.4</ele><time>2026-09-05T07:59:21.000Z</time><extensions><gpxtpx:TrackPointExtension><gpxtpx:hr>139</gpxtpx:hr></gpxtpx:TrackPointExtension></extensions></trkpt>
      <trkpt lat="59.321721" lon="18.072266"><ele>3.2</ele><time>2026-09-05T07:59:22.000Z</time><extensions><gpxtpx:TrackPointExtension><gpxtpx:hr>139</gpxtpx:hr></gpxtpx:TrackPointExtension></extensions></trkpt>
      <trkpt lat="59.321699" lon="18.072248"><ele>3.2</ele><time>2026-09-05T07:59:23.000Z</time><extensions><gpxtpx:TrackPointExtension><gpxtpx:hr>139</gpxtpx:hr></gpxtpx:TrackPointExtension></extensions></trkpt>
      <trkpt lat="59.321677" lon="18.07223"><ele>3.2</ele><time>2026-09-05T07:59:24.000Z</time><extensions><gpxtpx:TrackPointExtension><gpxtpx:hr>139</gpxtpx:hr></gpxtpx:TrackPointExtension></extensions></trkpt>
      <trkpt lat="59.321655" lon="18.072212"><ele>3.2</ele><time>2026-09-05T07:59:25.000Z</time><extensions><gpxtpx:TrackPointExtension><gpxtpx:hr>139</gpxtpx:hr></gpxtpx:TrackPointExtension></extensions></trkpt>
      <trkpt lat="59.321634" lon="18.072194"><ele>3.2</ele><time>2026-09-05T07:59:26.000Z</time><extensions><gpxtpx:TrackPointExtension><gpxtpx:hr>139</gpxtpx:hr></gpxtpx:TrackPointExtension></extensions></trkpt>
      <trkpt lat="59.321613" lon="18.072176"><ele>3.2</ele><time>2026-09-05T07:59:27.000Z</time><extensions><gpxtpx:TrackPointExtension><gpxtpx:hr>139</gpxtpx:hr></gpxtpx:TrackPointExtension></extensions></trkpt>
      <trkpt lat="59.321593" lon="18.072159"><ele>3.2</ele><time>2026-09-05T07:59:28.000Z</time><extensions><gpxtpx:TrackPointExtension><gpxtpx:hr>120</gpxtpx:hr></gpxtpx:TrackPointExtension></extensions></trkpt>
      <trkpt lat="59.321571" lon="18.072144"><ele>3.2</ele><time>2026-09-05T07:59:29.000Z</time><extensions><gpxtpx:TrackPointExtension><gpxtpx:hr>120</gpxtpx:hr></gpxtpx:TrackPointExtension></extensions></trkpt>
      <trkpt lat="59.321549" lon="18.072134"><ele>3.2</ele><time>2026-09-05T07:59:30.000Z</time><extensions><gpxtpx:TrackPointExtension><gpxtpx:hr>120</gpxtpx:hr></gpxtpx:TrackPointExtension></extensions></trkpt>
      <trkpt lat="59.321526" lon="18.07213"><ele>3.2</ele><time>2026-09-05T07:59:31.000Z</time><extensions><gpxtpx:TrackPointExtension><gpxtpx:hr>120</gpxtpx:hr></gpxtpx:TrackPointExtension></extensions></trkpt>
      <trkpt lat="59.321504" lon="18.072132"><ele>3.2</ele><time>2026-09-05T07:59:32.000Z</time><extensions><gpxtpx:TrackPointExtension><gpxtpx:hr>120</gpxtpx:hr></gpxtpx:TrackPointExtension></extensions></trkpt>
      <trkpt lat="59.321481" lon="18.072136"><ele>3.2</ele><time>2026-09-05T07:59:33.000Z</time><extensions><gpxtpx:TrackPointExtension><gpxtpx:hr>122</gpxtpx:hr></gpxtpx:TrackPointExtension></extensions></trkpt>
      <trkpt lat="59.321458" lon="18.072139"><ele>3.2</ele><time>2026-09-05T07:59:34.000Z</time><extensions><gpxtpx:TrackPointExtension><gpxtpx:hr>123</gpxtpx:hr></gpxtpx:TrackPointExtension></extensions></trkpt>
      <trkpt lat="59.321435" lon="18.072136"><ele>3.2</ele><time>2026-09-05T07:59:35.000Z</time><extensions><gpxtpx:TrackPointExtension><gpxtpx:hr>123</gpxtpx:hr></gpxtpx:TrackPointExtension></extensions></trkpt>
      <trkpt lat="59.321412" lon="18.072127"><ele>3.2</ele><time>2026-09-05T07:59:36.000Z</time><extensions><gpxtpx:TrackPointExtension><gpxtpx:hr>123</gpxtpx:hr></gpxtpx:TrackPointExtension></extensions></trkpt>
      <trkpt lat="59.321389" lon="18.072113"><ele>3.2</ele><time>2026-09-05T07:59:37.000Z</time><extensions><gpxtpx:TrackPointExtension><gpxtpx:hr>123</gpxtpx:hr></gpxtpx:TrackPointExtension></extensions></trkpt>
      <trkpt lat="59.321368" lon="18.072098"><ele>3.2</ele><time>2026-09-05T07:59:38.000Z</time><extensions><gpxtpx:TrackPointExtension><gpxtpx:hr>123</gpxtpx:hr></gpxtpx:TrackPointExtension></extensions></trkpt>
      <trkpt lat="59.321346" lon="18.072083"><ele>3.2</ele><time>2026-09-05T07:59:39.000Z</time><extensions><gpxtpx:TrackPointExtension><gpxtpx:hr>123</gpxtpx:hr></gpxtpx:TrackPointExtension></extensions></trkpt>
      <trkpt lat="59.321325" lon="18.072068"><ele>3.2</ele><time>2026-09-05T07:59:40.000Z</time><extensions><gpxtpx:TrackPointExtension><gpxtpx:hr>126</gpxtpx:hr></gpxtpx:TrackPointExtension></extensions></trkpt>
      <trkpt lat="59.321303" lon="18.072055"><ele>3.2</ele><time>2026-09-05T07:59:41.000Z</time><extensions><gpxtpx:TrackPointExtension><gpxtpx:hr>126</gpxtpx:hr></gpxtpx:TrackPointExtension></extensions></trkpt>
      <trkpt lat="59.321281" lon="18.072038"><ele>3.2</ele><time>2026-09-05T07:59:42.000Z</time><extensions><gpxtpx:TrackPointExtension><gpxtpx:hr>126</gpxtpx:hr></gpxtpx:TrackPointExtension></extensions></trkpt>
      <trkpt lat="59.321259" lon="18.072016"><ele>3.2</ele><time>2026-09-05T07:59:43.000Z</time><extensions><gpxtpx:TrackPointExtension><gpxtpx:hr>126</gpxtpx:hr></gpxtpx:TrackPointExtension></extensions></trkpt>
      <trkpt lat="59.321238" lon="18.071987"><ele>3.2</ele><time>2026-09-05T07:59:44.000Z</time><extensions><gpxtpx:TrackPointExtension><gpxtpx:hr>128</gpxtpx:hr></gpxtpx:TrackPointExtension></extensions></trkpt>
      <trkpt lat="59.321219" lon="18.07195"><ele>3.2</ele><time>2026-09-05T07:59:45.000Z</time><extensions><gpxtpx:TrackPointExtension><gpxtpx:hr>128</gpxtpx:hr></gpxtpx:TrackPointExtension></extensions></trkpt>
      <trkpt lat="59.3212" lon="18.07191"><ele>3.2</ele><time>2026-09-05T07:59:46.000Z</time><extensions><gpxtpx:TrackPointExtension><gpxtpx:hr>128</gpxtpx:hr></gpxtpx:TrackPointExtension></extensions></trkpt>
      <trkpt lat="59.321182" lon="18.071876"><ele>3.2</ele><time>2026-09-05T07:59:47.000Z</time><extensions><gpxtpx:TrackPointExtension><gpxtpx:hr>128</gpxtpx:hr></gpxtpx:TrackPointExtension></extensions></trkpt>
      <trkpt lat="59.321164" lon="18.071847"><ele>3.2</ele><time>2026-09-05T07:59:48.000Z</time><extensions><gpxtpx:TrackPointExtension><gpxtpx:hr>128</gpxtpx:hr></gpxtpx:TrackPointExtension></extensions></trkpt>
      <trkpt lat="59.321146" lon="18.071823"><ele>3.2</ele><time>2026-09-05T07:59:49.000Z</time><extensions><gpxtpx:TrackPointExtension><gpxtpx:hr>128</gpxtpx:hr></gpxtpx:TrackPointExtension></extensions></trkpt>
      <trkpt lat="59.321127" lon="18.071803"><ele>3.2</ele><time>2026-09-05T07:59:50.000Z</time><extensions><gpxtpx:TrackPointExtension><gpxtpx:hr>128</gpxtpx:hr></gpxtpx:TrackPointExtension></extensions></trkpt>
      <trkpt lat="59.321108" lon="18.071782"><ele>3.2</ele><time>2026-09-05T07:59:51.000Z</time><extensions><gpxtpx:TrackPointExtension><gpxtpx:hr>128</gpxtpx:hr></gpxtpx:TrackPointExtension></extensions></trkpt>
      <trkpt lat="59.321091" lon="18.071761"><ele>3.2</ele><time>2026-09-05T07:59:52.000Z</time><extensions><gpxtpx:TrackPointExtension><gpxtpx:hr>129</gpxtpx:hr></gpxtpx:TrackPointExtension></extensions></trkpt>
      <trkpt lat="59.321075" lon="18.071738"><ele>3.2</ele><time>2026-09-05T07:59:53.000Z</time><extensions><gpxtpx:TrackPointExtension><gpxtpx:hr>129</gpxtpx:hr></gpxtpx:TrackPointExtension></extensions></trkpt>
      <trkpt lat="59.321063" lon="18.071708"><ele>3.2</ele><time>2026-09-05T07:59:54.000Z</time><extensions><gpxtpx:TrackPointExtension><gpxtpx:hr>129</gpxtpx:hr></gpxtpx:TrackPointExtension></extensions></trkpt>
      <trkpt lat="59.321056" lon="18.07167"><ele>3.2</ele><time>2026-09-05T07:59:55.000Z</time><extensions><gpxtpx:TrackPointExtension><gpxtpx:hr>129</gpxtpx:hr></gpxtpx:TrackPointExtension></extensions></trkpt>
      <trkpt lat="59.321055" lon="18.071631"><ele>3.2</ele><time>2026-09-05T07:59:56.000Z</time><extensions><gpxtpx:TrackPointExtension><gpxtpx:hr>129</gpxtpx:hr></gpxtpx:TrackPointExtension></extensions></trkpt>
      <trkpt lat="59.321056" lon="18.071591"><ele>3.2</ele><time>2026-09-05T07:59:57.000Z</time><extensions><gpxtpx:TrackPointExtension><gpxtpx:hr>130</gpxtpx:hr></gpxtpx:TrackPointExtension></extensions></trkpt>
      <trkpt lat="59.321059" lon="18.071554"><ele>3.2</ele><time>2026-09-05T07:59:58.000Z</time><extensions><gpxtpx:TrackPointExtension><gpxtpx:hr>130</gpxtpx:hr></gpxtpx:TrackPointExtension></extensions></trkpt>
      <trkpt lat="59.321061" lon="18.071519"><ele>3.2</ele><time>2026-09-05T07:59:59.000Z</time><extensions><gpxtpx:TrackPointExtension><gpxtpx:hr>130</gpxtpx:hr></gpxtpx:TrackPointExtension></extensions></trkpt>
      <trkpt lat="59.321063" lon="18.071488"><ele>3.2</ele><time>2026-09-05T08:00:00.000Z</time><extensions><gpxtpx:TrackPointExtension><gpxtpx:hr>130</gpxtpx:hr></gpxtpx:TrackPointExtension></extensions></trkpt>
      <trkpt lat="59.321064" lon="18.071464"><ele>3.2</ele><time>2026-09-05T08:00:01.000Z</time><extensions><gpxtpx:TrackPointExtension><gpxtpx:hr>130</gpxtpx:hr></gpxtpx:TrackPointExtension></extensions></trkpt>
      <trkpt lat="59.321063" lon="18.071455"><ele>3.2</ele><time>2026-09-05T08:00:02.000Z</time><extensions><gpxtpx:TrackPointExtension><gpxtpx:hr>130</gpxtpx:hr></gpxtpx:TrackPointExtension></extensions></trkpt>
      <trkpt lat="59.32106" lon="18.071457"><ele>3.2</ele><time>2026-09-05T08:00:03.000Z</time><extensions><gpxtpx:TrackPointExtension><gpxtpx:hr>129</gpxtpx:hr></gpxtpx:TrackPointExtension></extensions></trkpt>
      <trkpt lat="59.321055" lon="18.071464"><ele>3.2</ele><time>2026-09-05T08:00:04.000Z</time><extensions><gpxtpx:TrackPointExtension><gpxtpx:hr>129</gpxtpx:hr></gpxtpx:TrackPointExtension></extensions></trkpt>
      <trkpt lat="59.321047" lon="18.071475"><ele>3.2</ele><time>2026-09-05T08:00:05.000Z</time><extensions><gpxtpx:TrackPointExtension><gpxtpx:hr>129</gpxtpx:hr></gpxtpx:TrackPointExtension></extensions></trkpt>
      <trkpt lat="59.321034" lon="18.071487"><ele>3.4</ele><time>2026-09-05T08:00:06.000Z</time><extensions><gpxtpx:TrackPointExtension><gpxtpx:hr>129</gpxtpx:hr></gpxtpx:TrackPointExtension></extensions></trkpt>
      <trkpt lat="59.321016" lon="18.071502"><ele>3.4</ele><time>2026-09-05T08:00:07.000Z</time><extensions><gpxtpx:TrackPointExtension><gpxtpx:hr>129</gpxtpx:hr></gpxtpx:TrackPointExtension></extensions></trkpt>
      <trkpt lat="59.320997" lon="18.071517"><ele>3.4</ele><time>2026-09-05T08:00:08.000Z</time><extensions><gpxtpx:TrackPointExtension><gpxtpx:hr>126</gpxtpx:hr></gpxtpx:TrackPointExtension></extensions></trkpt>
      <trkpt lat="59.320976" lon="18.071529"><ele>3.4</ele><time>2026-09-05T08:00:09.000Z</time><extensions><gpxtpx:TrackPointExtension><gpxtpx:hr>126</gpxtpx:hr></gpxtpx:TrackPointExtension></extensions></trkpt>
      <trkpt lat="59.320955" lon="18.071537"><ele>3.4</ele><time>2026-09-05T08:00:10.000Z</time><extensions><gpxtpx:TrackPointExtension><gpxtpx:hr>127</gpxtpx:hr></gpxtpx:TrackPointExtension></extensions></trkpt>
      <trkpt lat="59.320938" lon="18.071543"><ele>3.4</ele><time>2026-09-05T08:00:11.000Z</time><extensions><gpxtpx:TrackPointExtension><gpxtpx:hr>127</gpxtpx:hr></gpxtpx:TrackPointExtension></extensions></trkpt>
      <trkpt lat="59.320923" lon="18.071548"><ele>3.4</ele><time>2026-09-05T08:00:12.000Z</time><extensions><gpxtpx:TrackPointExtension><gpxtpx:hr>127</gpxtpx:hr></gpxtpx:TrackPointExtension></extensions></trkpt>
      <trkpt lat="59.320909" lon="18.071553"><ele>3.4</ele><time>2026-09-05T08:00:13.000Z</time><extensions><gpxtpx:TrackPointExtension><gpxtpx:hr>127</gpxtpx:hr></gpxtpx:TrackPointExtension></extensions></trkpt>
      <trkpt lat="59.320895" lon="18.071559"><ele>3.4</ele><time>2026-09-05T08:00:14.000Z</time><extensions><gpxtpx:TrackPointExtension><gpxtpx:hr>127</gpxtpx:hr></gpxtpx:TrackPointExtension></extensions></trkpt>
      <trkpt lat="59.32088" lon="18.071568"><ele>3.4</ele><time>2026-09-05T08:00:15.000Z</time><extensions><gpxtpx:TrackPointExtension><gpxtpx:hr>127</gpxtpx:hr></gpxtpx:TrackPointExtension></extensions></trkpt>
      <trkpt lat="59.320863" lon="18.071582"><ele>3.4</ele><time>2026-09-05T08:00:16.000Z</time><extensions><gpxtpx:TrackPointExtension><gpxtpx:hr>127</gpxtpx:hr></gpxtpx:TrackPointExtension></extensions></trkpt>
      <trkpt lat="59.320846" lon="18.071604"><ele>3.4</ele><time>2026-09-05T08:00:17.000Z</time><extensions><gpxtpx:TrackPointExtension><gpxtpx:hr>127</gpxtpx:hr></gpxtpx:TrackPointExtension></extensions></trkpt>
      <trkpt lat="59.320831" lon="18.071635"><ele>3.4</ele><time>2026-09-05T08:00:18.000Z</time><extensions><gpxtpx:TrackPointExtension><gpxtpx:hr>127</gpxtpx:hr></gpxtpx:TrackPointExtension></extensions></trkpt>
      <trkpt lat="59.320819" lon="18.07167"><ele>3.6</ele><time>2026-09-05T08:00:19.000Z</time><extensions><gpxtpx:TrackPointExtension><gpxtpx:hr>128</gpxtpx:hr></gpxtpx:TrackPointExtension></extensions></trkpt>
      <trkpt lat="59.320819" lon="18.07167"><ele>3.6</ele><time>2026-09-05T08:00:20.000Z</time><extensions><gpxtpx:TrackPointExtension><gpxtpx:hr>128</gpxtpx:hr></gpxtpx:TrackPointExtension></extensions></trkpt>
      <trkpt lat="59.320812" lon="18.071701"><ele>3.6</ele><time>2026-09-05T08:00:21.000Z</time><extensions><gpxtpx:TrackPointExtension><gpxtpx:hr>128</gpxtpx:hr></gpxtpx:TrackPointExtension></extensions></trkpt>
      <trkpt lat="59.32081" lon="18.07172"><ele>3.6</ele><time>2026-09-05T08:00:22.000Z</time><extensions><gpxtpx:TrackPointExtension><gpxtpx:hr>128</gpxtpx:hr></gpxtpx:TrackPointExtension></extensions></trkpt>
      <trkpt lat="59.32081" lon="18.071733"><ele>3.8</ele><time>2026-09-05T08:00:23.000Z</time><extensions><gpxtpx:TrackPointExtension><gpxtpx:hr>128</gpxtpx:hr></gpxtpx:TrackPointExtension></extensions></trkpt>
      <trkpt lat="59.320807" lon="18.071745"><ele>3.8</ele><time>2026-09-05T08:00:24.000Z</time><extensions><gpxtpx:TrackPointExtension><gpxtpx:hr>128</gpxtpx:hr></gpxtpx:TrackPointExtension></extensions></trkpt>
      <trkpt lat="59.320802" lon="18.071759"><ele>4</ele><time>2026-09-05T08:00:25.000Z</time><extensions><gpxtpx:TrackPointExtension><gpxtpx:hr>128</gpxtpx:hr></gpxtpx:TrackPointExtension></extensions></trkpt>
      <trkpt lat="59.320794" lon="18.071772"><ele>4.4</ele><time>2026-09-05T08:00:26.000Z</time><extensions><gpxtpx:TrackPointExtension><gpxtpx:hr>128</gpxtpx:hr></gpxtpx:TrackPointExtension></extensions></trkpt>
      <trkpt lat="59.320784" lon="18.071783"><ele>4.6</ele><time>2026-09-05T08:00:27.000Z</time><extensions><gpxtpx:TrackPointExtension><gpxtpx:hr>128</gpxtpx:hr></gpxtpx:TrackPointExtension></extensions></trkpt>
      <trkpt lat="59.320772" lon="18.071795"><ele>5</ele><time>2026-09-05T08:00:28.000Z</time><extensions><gpxtpx:TrackPointExtension><gpxtpx:hr>128</gpxtpx:hr></gpxtpx:TrackPointExtension></extensions></trkpt>
      <trkpt lat="59.320759" lon="18.071806"><ele>5.4</ele><time>2026-09-05T08:00:29.000Z</time><extensions><gpxtpx:TrackPointExtension><gpxtpx:hr>130</gpxtpx:hr></gpxtpx:TrackPointExtension></extensions></trkpt>
      <trkpt lat="59.320745" lon="18.071817"><ele>5.8</ele><time>2026-09-05T08:00:30.000Z</time><extensions><gpxtpx:TrackPointExtension><gpxtpx:hr>130</gpxtpx:hr></gpxtpx:TrackPointExtension></extensions></trkpt>
      <trkpt lat="59.320731" lon="18.071825"><ele>6.2</ele><time>2026-09-05T08:00:31.000Z</time><extensions><gpxtpx:TrackPointExtension><gpxtpx:hr>130</gpxtpx:hr></gpxtpx:TrackPointExtension></extensions></trkpt>
      <trkpt lat="59.320716" lon="18.07183"><ele>6.6</ele><time>2026-09-05T08:00:32.000Z</time><extensions><gpxtpx:TrackPointExtension><gpxtpx:hr>130</gpxtpx:hr></gpxtpx:TrackPointExtension></extensions></trkpt>
      <trkpt lat="59.320701" lon="18.07183"><ele>7.2</ele><time>2026-09-05T08:00:33.000Z</time><extensions><gpxtpx:TrackPointExtension><gpxtpx:hr>130</gpxtpx:hr></gpxtpx:TrackPointExtension></extensions></trkpt>
      <trkpt lat="59.320685" lon="18.071827"><ele>7.6</ele><time>2026-09-05T08:00:34.000Z</time><extensions><gpxtpx:TrackPointExtension><gpxtpx:hr>132</gpxtpx:hr></gpxtpx:TrackPointExtension></extensions></trkpt>
      <trkpt lat="59.320669" lon="18.071824"><ele>8</ele><time>2026-09-05T08:00:35.000Z</time><extensions><gpxtpx:TrackPointExtension><gpxtpx:hr>132</gpxtpx:hr></gpxtpx:TrackPointExtension></extensions></trkpt>
      <trkpt lat="59.320654" lon="18.071822"><ele>8.6</ele><time>2026-09-05T08:00:36.000Z</time><extensions><gpxtpx:TrackPointExtension><gpxtpx:hr>132</gpxtpx:hr></gpxtpx:TrackPointExtension></extensions></trkpt>
      <trkpt lat="59.320639" lon="18.071821"><ele>9</ele><time>2026-09-05T08:00:37.000Z</time><extensions><gpxtpx:TrackPointExtension><gpxtpx:hr>132</gpxtpx:hr></gpxtpx:TrackPointExtension></extensions></trkpt>
      <trkpt lat="59.320622" lon="18.071821"><ele>9.2</ele><time>2026-09-05T08:00:38.000Z</time><extensions><gpxtpx:TrackPointExtension><gpxtpx:hr>132</gpxtpx:hr></gpxtpx:TrackPointExtension></extensions></trkpt>
      <trkpt lat="59.320605" lon="18.07182"><ele>9.6</ele><time>2026-09-05T08:00:39.000Z</time><extensions><gpxtpx:TrackPointExtension><gpxtpx:hr>133</gpxtpx:hr></gpxtpx:TrackPointExtension></extensions></trkpt>
      <trkpt lat="59.320586" lon="18.071819"><ele>10</ele><time>2026-09-05T08:00:40.000Z</time><extensions><gpxtpx:TrackPointExtension><gpxtpx:hr>133</gpxtpx:hr></gpxtpx:TrackPointExtension></extensions></trkpt>
      <trkpt lat="59.320568" lon="18.071818"><ele>10.2</ele><time>2026-09-05T08:00:41.000Z</time><extensions><gpxtpx:TrackPointExtension><gpxtpx:hr>133</gpxtpx:hr></gpxtpx:TrackPointExtension></extensions></trkpt>
      <trkpt lat="59.320551" lon="18.071817"><ele>10.4</ele><time>2026-09-05T08:00:42.000Z</time><extensions><gpxtpx:TrackPointExtension><gpxtpx:hr>133</gpxtpx:hr></gpxtpx:TrackPointExtension></extensions></trkpt>
      <trkpt lat="59.320534" lon="18.071816"><ele>10.6</ele><time>2026-09-05T08:00:43.000Z</time><extensions><gpxtpx:TrackPointExtension><gpxtpx:hr>133</gpxtpx:hr></gpxtpx:TrackPointExtension></extensions></trkpt>
      <trkpt lat="59.320519" lon="18.071814"><ele>10.8</ele><time>2026-09-05T08:00:44.000Z</time><extensions><gpxtpx:TrackPointExtension><gpxtpx:hr>133</gpxtpx:hr></gpxtpx:TrackPointExtension></extensions></trkpt>
      <trkpt lat="59.320505" lon="18.071815"><ele>11</ele><time>2026-09-05T08:00:45.000Z</time><extensions><gpxtpx:TrackPointExtension><gpxtpx:hr>133</gpxtpx:hr></gpxtpx:TrackPointExtension></extensions></trkpt>
      <trkpt lat="59.320492" lon="18.07182"><ele>11.2</ele><time>2026-09-05T08:00:46.000Z</time><extensions><gpxtpx:TrackPointExtension><gpxtpx:hr>133</gpxtpx:hr></gpxtpx:TrackPointExtension></extensions></trkpt>
      <trkpt lat="59.320479" lon="18.071826"><ele>11.4</ele><time>2026-09-05T08:00:47.000Z</time><extensions><gpxtpx:TrackPointExtension><gpxtpx:hr>133</gpxtpx:hr></gpxtpx:TrackPointExtension></extensions></trkpt>
      <trkpt lat="59.320464" lon="18.071833"><ele>11.6</ele><time>2026-09-05T08:00:48.000Z</time><extensions><gpxtpx:TrackPointExtension><gpxtpx:hr>135</gpxtpx:hr></gpxtpx:TrackPointExtension></extensions></trkpt>
      <trkpt lat="59.320449" lon="18.071835"><ele>12</ele><time>2026-09-05T08:00:49.000Z</time><extensions><gpxtpx:TrackPointExtension><gpxtpx:hr>135</gpxtpx:hr></gpxtpx:TrackPointExtension></extensions></trkpt>
      <trkpt lat="59.320435" lon="18.071834"><ele>12.2</ele><time>2026-09-05T08:00:50.000Z</time><extensions><gpxtpx:TrackPointExtension><gpxtpx:hr>135</gpxtpx:hr></gpxtpx:TrackPointExtension></extensions></trkpt>
      <trkpt lat="59.320423" lon="18.071832"><ele>12.6</ele><time>2026-09-05T08:00:51.000Z</time><extensions><gpxtpx:TrackPointExtension><gpxtpx:hr>135</gpxtpx:hr></gpxtpx:TrackPointExtension></extensions></trkpt>
      <trkpt lat="59.320412" lon="18.071829"><ele>12.8</ele><time>2026-09-05T08:00:52.000Z</time><extensions><gpxtpx:TrackPointExtension><gpxtpx:hr>135</gpxtpx:hr></gpxtpx:TrackPointExtension></extensions></trkpt>
      <trkpt lat="59.320403" lon="18.07182"><ele>13.2</ele><time>2026-09-05T08:00:53.000Z</time><extensions><gpxtpx:TrackPointExtension><gpxtpx:hr>135</gpxtpx:hr></gpxtpx:TrackPointExtension></extensions></trkpt>
      <trkpt lat="59.320394" lon="18.071803"><ele>13.4</ele><time>2026-09-05T08:00:54.000Z</time><extensions><gpxtpx:TrackPointExtension><gpxtpx:hr>135</gpxtpx:hr></gpxtpx:TrackPointExtension></extensions></trkpt>
      <trkpt lat="59.320385" lon="18.071776"><ele>13.8</ele><time>2026-09-05T08:00:55.000Z</time><extensions><gpxtpx:TrackPointExtension><gpxtpx:hr>135</gpxtpx:hr></gpxtpx:TrackPointExtension></extensions></trkpt>
      <trkpt lat="59.320376" lon="18.071741"><ele>14</ele><time>2026-09-05T08:00:56.000Z</time><extensions><gpxtpx:TrackPointExtension><gpxtpx:hr>135</gpxtpx:hr></gpxtpx:TrackPointExtension></extensions></trkpt>
      <trkpt lat="59.320369" lon="18.071705"><ele>14.2</ele><time>2026-09-05T08:00:57.000Z</time><extensions><gpxtpx:TrackPointExtension><gpxtpx:hr>138</gpxtpx:hr></gpxtpx:TrackPointExtension></extensions></trkpt>
      <trkpt lat="59.320365" lon="18.071668"><ele>14.4</ele><time>2026-09-05T08:00:58.000Z</time><extensions><gpxtpx:TrackPointExtension><gpxtpx:hr>138</gpxtpx:hr></gpxtpx:TrackPointExtension></extensions></trkpt>
      <trkpt lat="59.320366" lon="18.071628"><ele>14.6</ele><time>2026-09-05T08:00:59.000Z</time><extensions><gpxtpx:TrackPointExtension><gpxtpx:hr>138</gpxtpx:hr></gpxtpx:TrackPointExtension></extensions></trkpt>
      <trkpt lat="59.320372" lon="18.071589"><ele>14.6</ele><time>2026-09-05T08:01:00.000Z</time><extensions><gpxtpx:TrackPointExtension><gpxtpx:hr>138</gpxtpx:hr></gpxtpx:TrackPointExtension></extensions></trkpt>
      <trkpt lat="59.320384" lon="18.071552"><ele>14.6</ele><time>2026-09-05T08:01:01.000Z</time><extensions><gpxtpx:TrackPointExtension><gpxtpx:hr>138</gpxtpx:hr></gpxtpx:TrackPointExtension></extensions></trkpt>
      <trkpt lat="59.3204" lon="18.07152"><ele>14.8</ele><time>2026-09-05T08:01:02.000Z</time><extensions><gpxtpx:TrackPointExtension><gpxtpx:hr>138</gpxtpx:hr></gpxtpx:TrackPointExtension></extensions></trkpt>
      <trkpt lat="59.320418" lon="18.071494"><ele>14.8</ele><time>2026-09-05T08:01:03.000Z</time><extensions><gpxtpx:TrackPointExtension><gpxtpx:hr>138</gpxtpx:hr></gpxtpx:TrackPointExtension></extensions></trkpt>
      <trkpt lat="59.320438" lon="18.07147"><ele>14.8</ele><time>2026-09-05T08:01:04.000Z</time><extensions><gpxtpx:TrackPointExtension><gpxtpx:hr>138</gpxtpx:hr></gpxtpx:TrackPointExtension></extensions></trkpt>
      <trkpt lat="59.32046" lon="18.071448"><ele>14.8</ele><time>2026-09-05T08:01:05.000Z</time><extensions><gpxtpx:TrackPointExtension><gpxtpx:hr>138</gpxtpx:hr></gpxtpx:TrackPointExtension></extensions></trkpt>
      <trkpt lat="59.320481" lon="18.071427"><ele>14.8</ele><time>2026-09-05T08:01:06.000Z</time><extensions><gpxtpx:TrackPointExtension><gpxtpx:hr>138</gpxtpx:hr></gpxtpx:TrackPointExtension></extensions></trkpt>
      <trkpt lat="59.320503" lon="18.071407"><ele>14.8</ele><time>2026-09-05T08:01:07.000Z</time><extensions><gpxtpx:TrackPointExtension><gpxtpx:hr>138</gpxtpx:hr></gpxtpx:TrackPointExtension></extensions></trkpt>
      <trkpt lat="59.320524" lon="18.071387"><ele>14.8</ele><time>2026-09-05T08:01:08.000Z</time><extensions><gpxtpx:TrackPointExtension><gpxtpx:hr>138</gpxtpx:hr></gpxtpx:TrackPointExtension></extensions></trkpt>
      <trkpt lat="59.320545" lon="18.071366"><ele>14.8</ele><time>2026-09-05T08:01:09.000Z</time><extensions><gpxtpx:TrackPointExtension><gpxtpx:hr>138</gpxtpx:hr></gpxtpx:TrackPointExtension></extensions></trkpt>
      <trkpt lat="59.320564" lon="18.071344"><ele>14.8</ele><time>2026-09-05T08:01:10.000Z</time><extensions><gpxtpx:TrackPointExtension><gpxtpx:hr>138</gpxtpx:hr></gpxtpx:TrackPointExtension></extensions></trkpt>
      <trkpt lat="59.320584" lon="18.071319"><ele>14.8</ele><time>2026-09-05T08:01:11.000Z</time><extensions><gpxtpx:TrackPointExtension><gpxtpx:hr>138</gpxtpx:hr></gpxtpx:TrackPointExtension></extensions></trkpt>
      <trkpt lat="59.320602" lon="18.071293"><ele>14.8</ele><time>2026-09-05T08:01:12.000Z</time><extensions><gpxtpx:TrackPointExtension><gpxtpx:hr>138</gpxtpx:hr></gpxtpx:TrackPointExtension></extensions></trkpt>
      <trkpt lat="59.32062" lon="18.071267"><ele>14.8</ele><time>2026-09-05T08:01:13.000Z</time><extensions><gpxtpx:TrackPointExtension><gpxtpx:hr>138</gpxtpx:hr></gpxtpx:TrackPointExtension></extensions></trkpt>
      <trkpt lat="59.320638" lon="18.071239"><ele>14.8</ele><time>2026-09-05T08:01:14.000Z</time><extensions><gpxtpx:TrackPointExtension><gpxtpx:hr>138</gpxtpx:hr></gpxtpx:TrackPointExtension></extensions></trkpt>
      <trkpt lat="59.320657" lon="18.071212"><ele>14.8</ele><time>2026-09-05T08:01:15.000Z</time><extensions><gpxtpx:TrackPointExtension><gpxtpx:hr>138</gpxtpx:hr></gpxtpx:TrackPointExtension></extensions></trkpt>
      <trkpt lat="59.320674" lon="18.071186"><ele>14.8</ele><time>2026-09-05T08:01:16.000Z</time><extensions><gpxtpx:TrackPointExtension><gpxtpx:hr>138</gpxtpx:hr></gpxtpx:TrackPointExtension></extensions></trkpt>
      <trkpt lat="59.32069" lon="18.071158"><ele>14.8</ele><time>2026-09-05T08:01:17.000Z</time><extensions><gpxtpx:TrackPointExtension><gpxtpx:hr>138</gpxtpx:hr></gpxtpx:TrackPointExtension></extensions></trkpt>
      <trkpt lat="59.320705" lon="18.071129"><ele>14.8</ele><time>2026-09-05T08:01:18.000Z</time><extensions><gpxtpx:TrackPointExtension><gpxtpx:hr>138</gpxtpx:hr></gpxtpx:TrackPointExtension></extensions></trkpt>
      <trkpt lat="59.320717" lon="18.071097"><ele>14.8</ele><time>2026-09-05T08:01:19.000Z</time><extensions><gpxtpx:TrackPointExtension><gpxtpx:hr>138</gpxtpx:hr></gpxtpx:TrackPointExtension></extensions></trkpt>
      <trkpt lat="59.320727" lon="18.071061"><ele>14.6</ele><time>2026-09-05T08:01:20.000Z</time><extensions><gpxtpx:TrackPointExtension><gpxtpx:hr>138</gpxtpx:hr></gpxtpx:TrackPointExtension></extensions></trkpt>
      <trkpt lat="59.320734" lon="18.071023"><ele>14.6</ele><time>2026-09-05T08:01:21.000Z</time><extensions><gpxtpx:TrackPointExtension><gpxtpx:hr>141</gpxtpx:hr></gpxtpx:TrackPointExtension></extensions></trkpt>
      <trkpt lat="59.320736" lon="18.070982"><ele>14.6</ele><time>2026-09-05T08:01:22.000Z</time><extensions><gpxtpx:TrackPointExtension><gpxtpx:hr>141</gpxtpx:hr></gpxtpx:TrackPointExtension></extensions></trkpt>
      <trkpt lat="59.320736" lon="18.07094"><ele>14.6</ele><time>2026-09-05T08:01:23.000Z</time><extensions><gpxtpx:TrackPointExtension><gpxtpx:hr>141</gpxtpx:hr></gpxtpx:TrackPointExtension></extensions></trkpt>
      <trkpt lat="59.320736" lon="18.070897"><ele>14.6</ele><time>2026-09-05T08:01:24.000Z</time><extensions><gpxtpx:TrackPointExtension><gpxtpx:hr>141</gpxtpx:hr></gpxtpx:TrackPointExtension></extensions></trkpt>
      <trkpt lat="59.320737" lon="18.070857"><ele>14.6</ele><time>2026-09-05T08:01:25.000Z</time><extensions><gpxtpx:TrackPointExtension><gpxtpx:hr>141</gpxtpx:hr></gpxtpx:TrackPointExtension></extensions></trkpt>
      <trkpt lat="59.320738" lon="18.070817"><ele>14.6</ele><time>2026-09-05T08:01:26.000Z</time><extensions><gpxtpx:TrackPointExtension><gpxtpx:hr>141</gpxtpx:hr></gpxtpx:TrackPointExtension></extensions></trkpt>
      <trkpt lat="59.320739" lon="18.070778"><ele>14.8</ele><time>2026-09-05T08:01:27.000Z</time><extensions><gpxtpx:TrackPointExtension><gpxtpx:hr>142</gpxtpx:hr></gpxtpx:TrackPointExtension></extensions></trkpt>
      <trkpt lat="59.320739" lon="18.070738"><ele>14.8</ele><time>2026-09-05T08:01:28.000Z</time><extensions><gpxtpx:TrackPointExtension><gpxtpx:hr>142</gpxtpx:hr></gpxtpx:TrackPointExtension></extensions></trkpt>
      <trkpt lat="59.320737" lon="18.070697"><ele>14.8</ele><time>2026-09-05T08:01:29.000Z</time><extensions><gpxtpx:TrackPointExtension><gpxtpx:hr>142</gpxtpx:hr></gpxtpx:TrackPointExtension></extensions></trkpt>
      <trkpt lat="59.320734" lon="18.070657"><ele>14.8</ele><time>2026-09-05T08:01:30.000Z</time><extensions><gpxtpx:TrackPointExtension><gpxtpx:hr>142</gpxtpx:hr></gpxtpx:TrackPointExtension></extensions></trkpt>
      <trkpt lat="59.320731" lon="18.070617"><ele>14.8</ele><time>2026-09-05T08:01:31.000Z</time><extensions><gpxtpx:TrackPointExtension><gpxtpx:hr>142</gpxtpx:hr></gpxtpx:TrackPointExtension></extensions></trkpt>
      <trkpt lat="59.320726" lon="18.070577"><ele>14.8</ele><time>2026-09-05T08:01:32.000Z</time><extensions><gpxtpx:TrackPointExtension><gpxtpx:hr>142</gpxtpx:hr></gpxtpx:TrackPointExtension></extensions></trkpt>
      <trkpt lat="59.320725" lon="18.070538"><ele>15</ele><time>2026-09-05T08:01:33.000Z</time><extensions><gpxtpx:TrackPointExtension><gpxtpx:hr>142</gpxtpx:hr></gpxtpx:TrackPointExtension></extensions></trkpt>
      <trkpt lat="59.320724" lon="18.07051"><ele>15</ele><time>2026-09-05T08:01:34.000Z</time><extensions><gpxtpx:TrackPointExtension><gpxtpx:hr>142</gpxtpx:hr></gpxtpx:TrackPointExtension></extensions></trkpt>
      <trkpt lat="59.320728" lon="18.070472"><ele>15</ele><time>2026-09-05T08:01:35.000Z</time><extensions><gpxtpx:TrackPointExtension><gpxtpx:hr>142</gpxtpx:hr></gpxtpx:TrackPointExtension></extensions></trkpt>
      <trkpt lat="59.320734" lon="18.070435"><ele>15</ele><time>2026-09-05T08:01:36.000Z</time><extensions><gpxtpx:TrackPointExtension><gpxtpx:hr>142</gpxtpx:hr></gpxtpx:TrackPointExtension></extensions></trkpt>
      <trkpt lat="59.320739" lon="18.070398"><ele>15</ele><time>2026-09-05T08:01:37.000Z</time><extensions><gpxtpx:TrackPointExtension><gpxtpx:hr>143</gpxtpx:hr></gpxtpx:TrackPointExtension></extensions></trkpt>
      <trkpt lat="59.320743" lon="18.07036"><ele>15</ele><time>2026-09-05T08:01:38.000Z</time><extensions><gpxtpx:TrackPointExtension><gpxtpx:hr>143</gpxtpx:hr></gpxtpx:TrackPointExtension></extensions></trkpt>
      <trkpt lat="59.320747" lon="18.07032"><ele>15</ele><time>2026-09-05T08:01:39.000Z</time><extensions><gpxtpx:TrackPointExtension><gpxtpx:hr>143</gpxtpx:hr></gpxtpx:TrackPointExtension></extensions></trkpt>
      <trkpt lat="59.32075" lon="18.07028"><ele>15</ele><time>2026-09-05T08:01:40.000Z</time><extensions><gpxtpx:TrackPointExtension><gpxtpx:hr>143</gpxtpx:hr></gpxtpx:TrackPointExtension></extensions></trkpt>
      <trkpt lat="59.320753" lon="18.070241"><ele>15</ele><time>2026-09-05T08:01:41.000Z</time><extensions><gpxtpx:TrackPointExtension><gpxtpx:hr>143</gpxtpx:hr></gpxtpx:TrackPointExtension></extensions></trkpt>
      <trkpt lat="59.320758" lon="18.070202"><ele>15</ele><time>2026-09-05T08:01:42.000Z</time><extensions><gpxtpx:TrackPointExtension><gpxtpx:hr>143</gpxtpx:hr></gpxtpx:TrackPointExtension></extensions></trkpt>
      <trkpt lat="59.320762" lon="18.070165"><ele>15</ele><time>2026-09-05T08:01:43.000Z</time><extensions><gpxtpx:TrackPointExtension><gpxtpx:hr>143</gpxtpx:hr></gpxtpx:TrackPointExtension></extensions></trkpt>
      <trkpt lat="59.320765" lon="18.070128"><ele>15</ele><time>2026-09-05T08:01:44.000Z</time><extensions><gpxtpx:TrackPointExtension><gpxtpx:hr>143</gpxtpx:hr></gpxtpx:TrackPointExtension></extensions></trkpt>
      <trkpt lat="59.320768" lon="18.070091"><ele>15</ele><time>2026-09-05T08:01:45.000Z</time><extensions><gpxtpx:TrackPointExtension><gpxtpx:hr>143</gpxtpx:hr></gpxtpx:TrackPointExtension></extensions></trkpt>
      <trkpt lat="59.320769" lon="18.070055"><ele>15.2</ele><time>2026-09-05T08:01:46.000Z</time><extensions><gpxtpx:TrackPointExtension><gpxtpx:hr>143</gpxtpx:hr></gpxtpx:TrackPointExtension></extensions></trkpt>
      <trkpt lat="59.320771" lon="18.07002"><ele>15.2</ele><time>2026-09-05T08:01:47.000Z</time><extensions><gpxtpx:TrackPointExtension><gpxtpx:hr>143</gpxtpx:hr></gpxtpx:TrackPointExtension></extensions></trkpt>
      <trkpt lat="59.320773" lon="18.069987"><ele>15.2</ele><time>2026-09-05T08:01:48.000Z</time><extensions><gpxtpx:TrackPointExtension><gpxtpx:hr>145</gpxtpx:hr></gpxtpx:TrackPointExtension></extensions></trkpt>
      <trkpt lat="59.320775" lon="18.069957"><ele>15.2</ele><time>2026-09-05T08:01:49.000Z</time><extensions><gpxtpx:TrackPointExtension><gpxtpx:hr>145</gpxtpx:hr></gpxtpx:TrackPointExtension></extensions></trkpt>
      <trkpt lat="59.320777" lon="18.069931"><ele>15.2</ele><time>2026-09-05T08:01:50.000Z</time><extensions><gpxtpx:TrackPointExtension><gpxtpx:hr>145</gpxtpx:hr></gpxtpx:TrackPointExtension></extensions></trkpt>
      <trkpt lat="59.320779" lon="18.069912"><ele>15.4</ele><time>2026-09-05T08:01:51.000Z</time><extensions><gpxtpx:TrackPointExtension><gpxtpx:hr>145</gpxtpx:hr></gpxtpx:TrackPointExtension></extensions></trkpt>
      <trkpt lat="59.32078" lon="18.069899"><ele>15.4</ele><time>2026-09-05T08:01:52.000Z</time><extensions><gpxtpx:TrackPointExtension><gpxtpx:hr>145</gpxtpx:hr></gpxtpx:TrackPointExtension></extensions></trkpt>
      <trkpt lat="59.32078" lon="18.069892"><ele>15.4</ele><time>2026-09-05T08:01:53.000Z</time><extensions><gpxtpx:TrackPointExtension><gpxtpx:hr>143</gpxtpx:hr></gpxtpx:TrackPointExtension></extensions></trkpt>
      <trkpt lat="59.320734" lon="18.069937"><ele>15.2</ele><time>2026-09-05T08:02:13.000Z</time><extensions><gpxtpx:TrackPointExtension><gpxtpx:hr>143</gpxtpx:hr></gpxtpx:TrackPointExtension></extensions></trkpt>
      <trkpt lat="59.320722" lon="18.069961"><ele>15.2</ele><time>2026-09-05T08:02:14.000Z</time><extensions><gpxtpx:TrackPointExtension><gpxtpx:hr>122</gpxtpx:hr></gpxtpx:TrackPointExtension></extensions></trkpt>
      <trkpt lat="59.320708" lon="18.069988"><ele>15.2</ele><time>2026-09-05T08:02:15.000Z</time><extensions><gpxtpx:TrackPointExtension><gpxtpx:hr>122</gpxtpx:hr></gpxtpx:TrackPointExtension></extensions></trkpt>
      <trkpt lat="59.320691" lon="18.070017"><ele>15.2</ele><time>2026-09-05T08:02:16.000Z</time><extensions><gpxtpx:TrackPointExtension><gpxtpx:hr>122</gpxtpx:hr></gpxtpx:TrackPointExtension></extensions></trkpt>
      <trkpt lat="59.320673" lon="18.070045"><ele>15.2</ele><time>2026-09-05T08:02:17.000Z</time><extensions><gpxtpx:TrackPointExtension><gpxtpx:hr>122</gpxtpx:hr></gpxtpx:TrackPointExtension></extensions></trkpt>
      <trkpt lat="59.320655" lon="18.07007"><ele>15.2</ele><time>2026-09-05T08:02:18.000Z</time><extensions><gpxtpx:TrackPointExtension><gpxtpx:hr>122</gpxtpx:hr></gpxtpx:TrackPointExtension></extensions></trkpt>
      <trkpt lat="59.320637" lon="18.070092"><ele>15.2</ele><time>2026-09-05T08:02:19.000Z</time><extensions><gpxtpx:TrackPointExtension><gpxtpx:hr>121</gpxtpx:hr></gpxtpx:TrackPointExtension></extensions></trkpt>
      <trkpt lat="59.320617" lon="18.070112"><ele>15.2</ele><time>2026-09-05T08:02:20.000Z</time><extensions><gpxtpx:TrackPointExtension><gpxtpx:hr>121</gpxtpx:hr></gpxtpx:TrackPointExtension></extensions></trkpt>
      <trkpt lat="59.320597" lon="18.070129"><ele>15.2</ele><time>2026-09-05T08:02:21.000Z</time><extensions><gpxtpx:TrackPointExtension><gpxtpx:hr>121</gpxtpx:hr></gpxtpx:TrackPointExtension></extensions></trkpt>
      <trkpt lat="59.320577" lon="18.070141"><ele>15.2</ele><time>2026-09-05T08:02:22.000Z</time><extensions><gpxtpx:TrackPointExtension><gpxtpx:hr>121</gpxtpx:hr></gpxtpx:TrackPointExtension></extensions></trkpt>
      <trkpt lat="59.320557" lon="18.070149"><ele>15.2</ele><time>2026-09-05T08:02:23.000Z</time><extensions><gpxtpx:TrackPointExtension><gpxtpx:hr>121</gpxtpx:hr></gpxtpx:TrackPointExtension></extensions></trkpt>
      <trkpt lat="59.320536" lon="18.070153"><ele>15.2</ele><time>2026-09-05T08:02:24.000Z</time><extensions><gpxtpx:TrackPointExtension><gpxtpx:hr>121</gpxtpx:hr></gpxtpx:TrackPointExtension></extensions></trkpt>
      <trkpt lat="59.320517" lon="18.070152"><ele>15.2</ele><time>2026-09-05T08:02:25.000Z</time><extensions><gpxtpx:TrackPointExtension><gpxtpx:hr>121</gpxtpx:hr></gpxtpx:TrackPointExtension></extensions></trkpt>
      <trkpt lat="59.320499" lon="18.070144"><ele>15.2</ele><time>2026-09-05T08:02:26.000Z</time><extensions><gpxtpx:TrackPointExtension><gpxtpx:hr>121</gpxtpx:hr></gpxtpx:TrackPointExtension></extensions></trkpt>
      <trkpt lat="59.320483" lon="18.070126"><ele>15.2</ele><time>2026-09-05T08:02:27.000Z</time><extensions><gpxtpx:TrackPointExtension><gpxtpx:hr>121</gpxtpx:hr></gpxtpx:TrackPointExtension></extensions></trkpt>
      <trkpt lat="59.320471" lon="18.070097"><ele>15.2</ele><time>2026-09-05T08:02:28.000Z</time><extensions><gpxtpx:TrackPointExtension><gpxtpx:hr>121</gpxtpx:hr></gpxtpx:TrackPointExtension></extensions></trkpt>
      <trkpt lat="59.320462" lon="18.070061"><ele>15.2</ele><time>2026-09-05T08:02:29.000Z</time><extensions><gpxtpx:TrackPointExtension><gpxtpx:hr>121</gpxtpx:hr></gpxtpx:TrackPointExtension></extensions></trkpt>
      <trkpt lat="59.320454" lon="18.07002"><ele>15.2</ele><time>2026-09-05T08:02:30.000Z</time><extensions><gpxtpx:TrackPointExtension><gpxtpx:hr>121</gpxtpx:hr></gpxtpx:TrackPointExtension></extensions></trkpt>
      <trkpt lat="59.320448" lon="18.069978"><ele>15.2</ele><time>2026-09-05T08:02:31.000Z</time><extensions><gpxtpx:TrackPointExtension><gpxtpx:hr>121</gpxtpx:hr></gpxtpx:TrackPointExtension></extensions></trkpt>
      <trkpt lat="59.320443" lon="18.069934"><ele>15.2</ele><time>2026-09-05T08:02:32.000Z</time><extensions><gpxtpx:TrackPointExtension><gpxtpx:hr>121</gpxtpx:hr></gpxtpx:TrackPointExtension></extensions></trkpt>
      <trkpt lat="59.320438" lon="18.069889"><ele>15.2</ele><time>2026-09-05T08:02:33.000Z</time><extensions><gpxtpx:TrackPointExtension><gpxtpx:hr>121</gpxtpx:hr></gpxtpx:TrackPointExtension></extensions></trkpt>
      <trkpt lat="59.320433" lon="18.069844"><ele>15.2</ele><time>2026-09-05T08:02:34.000Z</time><extensions><gpxtpx:TrackPointExtension><gpxtpx:hr>121</gpxtpx:hr></gpxtpx:TrackPointExtension></extensions></trkpt>
      <trkpt lat="59.320429" lon="18.069799"><ele>15.2</ele><time>2026-09-05T08:02:35.000Z</time><extensions><gpxtpx:TrackPointExtension><gpxtpx:hr>121</gpxtpx:hr></gpxtpx:TrackPointExtension></extensions></trkpt>
      <trkpt lat="59.320424" lon="18.069755"><ele>15.2</ele><time>2026-09-05T08:02:36.000Z</time><extensions><gpxtpx:TrackPointExtension><gpxtpx:hr>121</gpxtpx:hr></gpxtpx:TrackPointExtension></extensions></trkpt>
      <trkpt lat="59.32042" lon="18.06971"><ele>15.2</ele><time>2026-09-05T08:02:37.000Z</time><extensions><gpxtpx:TrackPointExtension><gpxtpx:hr>121</gpxtpx:hr></gpxtpx:TrackPointExtension></extensions></trkpt>
      <trkpt lat="59.320416" lon="18.069665"><ele>15.2</ele><time>2026-09-05T08:02:38.000Z</time><extensions><gpxtpx:TrackPointExtension><gpxtpx:hr>123</gpxtpx:hr></gpxtpx:TrackPointExtension></extensions></trkpt>
      <trkpt lat="59.320411" lon="18.06962"><ele>15</ele><time>2026-09-05T08:02:39.000Z</time><extensions><gpxtpx:TrackPointExtension><gpxtpx:hr>123</gpxtpx:hr></gpxtpx:TrackPointExtension></extensions></trkpt>
      <trkpt lat="59.320407" lon="18.069575"><ele>15</ele><time>2026-09-05T08:02:40.000Z</time><extensions><gpxtpx:TrackPointExtension><gpxtpx:hr>123</gpxtpx:hr></gpxtpx:TrackPointExtension></extensions></trkpt>
      <trkpt lat="59.320402" lon="18.06953"><ele>15</ele><time>2026-09-05T08:02:41.000Z</time><extensions><gpxtpx:TrackPointExtension><gpxtpx:hr>123</gpxtpx:hr></gpxtpx:TrackPointExtension></extensions></trkpt>
      <trkpt lat="59.320398" lon="18.069483"><ele>15</ele><time>2026-09-05T08:02:42.000Z</time><extensions><gpxtpx:TrackPointExtension><gpxtpx:hr>123</gpxtpx:hr></gpxtpx:TrackPointExtension></extensions></trkpt>
      <trkpt lat="59.320394" lon="18.069436"><ele>15</ele><time>2026-09-05T08:02:43.000Z</time><extensions><gpxtpx:TrackPointExtension><gpxtpx:hr>125</gpxtpx:hr></gpxtpx:TrackPointExtension></extensions></trkpt>
      <trkpt lat="59.32039" lon="18.06939"><ele>15</ele><time>2026-09-05T08:02:44.000Z</time><extensions><gpxtpx:TrackPointExtension><gpxtpx:hr>125</gpxtpx:hr></gpxtpx:TrackPointExtension></extensions></trkpt>
      <trkpt lat="59.320386" lon="18.069346"><ele>15.2</ele><time>2026-09-05T08:02:45.000Z</time><extensions><gpxtpx:TrackPointExtension><gpxtpx:hr>125</gpxtpx:hr></gpxtpx:TrackPointExtension></extensions></trkpt>
      <trkpt lat="59.320382" lon="18.069303"><ele>15.2</ele><time>2026-09-05T08:02:46.000Z</time><extensions><gpxtpx:TrackPointExtension><gpxtpx:hr>125</gpxtpx:hr></gpxtpx:TrackPointExtension></extensions></trkpt>
      <trkpt lat="59.320378" lon="18.06926"><ele>15.2</ele><time>2026-09-05T08:02:47.000Z</time><extensions><gpxtpx:TrackPointExtension><gpxtpx:hr>125</gpxtpx:hr></gpxtpx:TrackPointExtension></extensions></trkpt>
      <trkpt lat="59.320372" lon="18.069217"><ele>15.2</ele><time>2026-09-05T08:02:48.000Z</time><extensions><gpxtpx:TrackPointExtension><gpxtpx:hr>126</gpxtpx:hr></gpxtpx:TrackPointExtension></extensions></trkpt>
      <trkpt lat="59.320365" lon="18.069174"><ele>15.2</ele><time>2026-09-05T08:02:49.000Z</time><extensions><gpxtpx:TrackPointExtension><gpxtpx:hr>126</gpxtpx:hr></gpxtpx:TrackPointExtension></extensions></trkpt>
      <trkpt lat="59.320357" lon="18.069129"><ele>15.4</ele><time>2026-09-05T08:02:50.000Z</time><extensions><gpxtpx:TrackPointExtension><gpxtpx:hr>126</gpxtpx:hr></gpxtpx:TrackPointExtension></extensions></trkpt>
      <trkpt lat="59.320348" lon="18.069084"><ele>15.4</ele><time>2026-09-05T08:02:51.000Z</time><extensions><gpxtpx:TrackPointExtension><gpxtpx:hr>126</gpxtpx:hr></gpxtpx:TrackPointExtension></extensions></trkpt>
      <trkpt lat="59.320338" lon="18.06904"><ele>15.6</ele><time>2026-09-05T08:02:52.000Z</time><extensions><gpxtpx:TrackPointExtension><gpxtpx:hr>126</gpxtpx:hr></gpxtpx:TrackPointExtension></extensions></trkpt>
      <trkpt lat="59.320328" lon="18.068998"><ele>15.6</ele><time>2026-09-05T08:02:53.000Z</time><extensions><gpxtpx:TrackPointExtension><gpxtpx:hr>126</gpxtpx:hr></gpxtpx:TrackPointExtension></extensions></trkpt>
      <trkpt lat="59.320318" lon="18.06896"><ele>15.8</ele><time>2026-09-05T08:02:54.000Z</time><extensions><gpxtpx:TrackPointExtension><gpxtpx:hr>126</gpxtpx:hr></gpxtpx:TrackPointExtension></extensions></trkpt>
      <trkpt lat="59.320308" lon="18.068928"><ele>16</ele><time>2026-09-05T08:02:55.000Z</time><extensions><gpxtpx:TrackPointExtension><gpxtpx:hr>127</gpxtpx:hr></gpxtpx:TrackPointExtension></extensions></trkpt>
      <trkpt lat="59.320297" lon="18.068902"><ele>16.2</ele><time>2026-09-05T08:02:56.000Z</time><extensions><gpxtpx:TrackPointExtension><gpxtpx:hr>127</gpxtpx:hr></gpxtpx:TrackPointExtension></extensions></trkpt>
      <trkpt lat="59.320285" lon="18.068882"><ele>16.4</ele><time>2026-09-05T08:02:57.000Z</time><extensions><gpxtpx:TrackPointExtension><gpxtpx:hr>127</gpxtpx:hr></gpxtpx:TrackPointExtension></extensions></trkpt>
      <trkpt lat="59.320272" lon="18.068866"><ele>16.8</ele><time>2026-09-05T08:02:58.000Z</time><extensions><gpxtpx:TrackPointExtension><gpxtpx:hr>127</gpxtpx:hr></gpxtpx:TrackPointExtension></extensions></trkpt>
      <trkpt lat="59.320258" lon="18.068851"><ele>17</ele><time>2026-09-05T08:02:59.000Z</time><extensions><gpxtpx:TrackPointExtension><gpxtpx:hr>130</gpxtpx:hr></gpxtpx:TrackPointExtension></extensions></trkpt>
      <trkpt lat="59.320241" lon="18.068836"><ele>17.2</ele><time>2026-09-05T08:03:00.000Z</time><extensions><gpxtpx:TrackPointExtension><gpxtpx:hr>130</gpxtpx:hr></gpxtpx:TrackPointExtension></extensions></trkpt>
      <trkpt lat="59.320222" lon="18.068821"><ele>17.4</ele><time>2026-09-05T08:03:01.000Z</time><extensions><gpxtpx:TrackPointExtension><gpxtpx:hr>130</gpxtpx:hr></gpxtpx:TrackPointExtension></extensions></trkpt>
      <trkpt lat="59.320202" lon="18.068806"><ele>17.6</ele><time>2026-09-05T08:03:02.000Z</time><extensions><gpxtpx:TrackPointExtension><gpxtpx:hr>130</gpxtpx:hr></gpxtpx:TrackPointExtension></extensions></trkpt>
      <trkpt lat="59.320183" lon="18.068789"><ele>17.8</ele><time>2026-09-05T08:03:03.000Z</time><extensions><gpxtpx:TrackPointExtension><gpxtpx:hr>130</gpxtpx:hr></gpxtpx:TrackPointExtension></extensions></trkpt>
      <trkpt lat="59.320165" lon="18.06877"><ele>17.8</ele><time>2026-09-05T08:03:04.000Z</time><extensions><gpxtpx:TrackPointExtension><gpxtpx:hr>130</gpxtpx:hr></gpxtpx:TrackPointExtension></extensions></trkpt>
      <trkpt lat="59.320149" lon="18.06875"><ele>18</ele><time>2026-09-05T08:03:05.000Z</time><extensions><gpxtpx:TrackPointExtension><gpxtpx:hr>130</gpxtpx:hr></gpxtpx:TrackPointExtension></extensions></trkpt>
      <trkpt lat="59.320134" lon="18.068727"><ele>18</ele><time>2026-09-05T08:03:06.000Z</time><extensions><gpxtpx:TrackPointExtension><gpxtpx:hr>130</gpxtpx:hr></gpxtpx:TrackPointExtension></extensions></trkpt>
      <trkpt lat="59.320122" lon="18.068699"><ele>18</ele><time>2026-09-05T08:03:07.000Z</time><extensions><gpxtpx:TrackPointExtension><gpxtpx:hr>130</gpxtpx:hr></gpxtpx:TrackPointExtension></extensions></trkpt>
      <trkpt lat="59.320112" lon="18.068667"><ele>18</ele><time>2026-09-05T08:03:08.000Z</time><extensions><gpxtpx:TrackPointExtension><gpxtpx:hr>133</gpxtpx:hr></gpxtpx:TrackPointExtension></extensions></trkpt>
      <trkpt lat="59.3201" lon="18.068635"><ele>18</ele><time>2026-09-05T08:03:09.000Z</time><extensions><gpxtpx:TrackPointExtension><gpxtpx:hr>133</gpxtpx:hr></gpxtpx:TrackPointExtension></extensions></trkpt>
      <trkpt lat="59.320088" lon="18.068603"><ele>17.8</ele><time>2026-09-05T08:03:10.000Z</time><extensions><gpxtpx:TrackPointExtension><gpxtpx:hr>133</gpxtpx:hr></gpxtpx:TrackPointExtension></extensions></trkpt>
      <trkpt lat="59.320078" lon="18.068568"><ele>17.8</ele><time>2026-09-05T08:03:11.000Z</time><extensions><gpxtpx:TrackPointExtension><gpxtpx:hr>134</gpxtpx:hr></gpxtpx:TrackPointExtension></extensions></trkpt>
      <trkpt lat="59.320071" lon="18.068527"><ele>17.8</ele><time>2026-09-05T08:03:12.000Z</time><extensions><gpxtpx:TrackPointExtension><gpxtpx:hr>134</gpxtpx:hr></gpxtpx:TrackPointExtension></extensions></trkpt>
      <trkpt lat="59.320068" lon="18.068481"><ele>17.8</ele><time>2026-09-05T08:03:13.000Z</time><extensions><gpxtpx:TrackPointExtension><gpxtpx:hr>134</gpxtpx:hr></gpxtpx:TrackPointExtension></extensions></trkpt>
      <trkpt lat="59.320067" lon="18.068432"><ele>17.6</ele><time>2026-09-05T08:03:14.000Z</time><extensions><gpxtpx:TrackPointExtension><gpxtpx:hr>135</gpxtpx:hr></gpxtpx:TrackPointExtension></extensions></trkpt>
      <trkpt lat="59.320068" lon="18.068382"><ele>17.6</ele><time>2026-09-05T08:03:15.000Z</time><extensions><gpxtpx:TrackPointExtension><gpxtpx:hr>135</gpxtpx:hr></gpxtpx:TrackPointExtension></extensions></trkpt>
      <trkpt lat="59.32007" lon="18.068331"><ele>17.6</ele><time>2026-09-05T08:03:16.000Z</time><extensions><gpxtpx:TrackPointExtension><gpxtpx:hr>135</gpxtpx:hr></gpxtpx:TrackPointExtension></extensions></trkpt>
      <trkpt lat="59.320072" lon="18.068282"><ele>17.4</ele><time>2026-09-05T08:03:17.000Z</time><extensions><gpxtpx:TrackPointExtension><gpxtpx:hr>135</gpxtpx:hr></gpxtpx:TrackPointExtension></extensions></trkpt>
      <trkpt lat="59.320074" lon="18.068236"><ele>17.4</ele><time>2026-09-05T08:03:18.000Z</time><extensions><gpxtpx:TrackPointExtension><gpxtpx:hr>135</gpxtpx:hr></gpxtpx:TrackPointExtension></extensions></trkpt>
      <trkpt lat="59.320077" lon="18.068196"><ele>17.2</ele><time>2026-09-05T08:03:19.000Z</time><extensions><gpxtpx:TrackPointExtension><gpxtpx:hr>135</gpxtpx:hr></gpxtpx:TrackPointExtension></extensions></trkpt>
      <trkpt lat="59.320079" lon="18.068162"><ele>17.2</ele><time>2026-09-05T08:03:20.000Z</time><extensions><gpxtpx:TrackPointExtension><gpxtpx:hr>136</gpxtpx:hr></gpxtpx:TrackPointExtension></extensions></trkpt>
      <trkpt lat="59.320081" lon="18.068135"><ele>17</ele><time>2026-09-05T08:03:21.000Z</time><extensions><gpxtpx:TrackPointExtension><gpxtpx:hr>136</gpxtpx:hr></gpxtpx:TrackPointExtension></extensions></trkpt>
      <trkpt lat="59.320082" lon="18.068112"><ele>16.8</ele><time>2026-09-05T08:03:22.000Z</time><extensions><gpxtpx:TrackPointExtension><gpxtpx:hr>136</gpxtpx:hr></gpxtpx:TrackPointExtension></extensions></trkpt>
      <trkpt lat="59.320084" lon="18.068091"><ele>16.6</ele><time>2026-09-05T08:03:23.000Z</time><extensions><gpxtpx:TrackPointExtension><gpxtpx:hr>136</gpxtpx:hr></gpxtpx:TrackPointExtension></extensions></trkpt>
      <trkpt lat="59.320086" lon="18.06807"><ele>16.4</ele><time>2026-09-05T08:03:24.000Z</time><extensions><gpxtpx:TrackPointExtension><gpxtpx:hr>136</gpxtpx:hr></gpxtpx:TrackPointExtension></extensions></trkpt>
      <trkpt lat="59.320088" lon="18.068049"><ele>16.2</ele><time>2026-09-05T08:03:25.000Z</time><extensions><gpxtpx:TrackPointExtension><gpxtpx:hr>136</gpxtpx:hr></gpxtpx:TrackPointExtension></extensions></trkpt>
      <trkpt lat="59.320091" lon="18.068029"><ele>15.8</ele><time>2026-09-05T08:03:26.000Z</time><extensions><gpxtpx:TrackPointExtension><gpxtpx:hr>136</gpxtpx:hr></gpxtpx:TrackPointExtension></extensions></trkpt>
      <trkpt lat="59.320093" lon="18.068009"><ele>15.6</ele><time>2026-09-05T08:03:27.000Z</time><extensions><gpxtpx:TrackPointExtension><gpxtpx:hr>136</gpxtpx:hr></gpxtpx:TrackPointExtension></extensions></trkpt>
      <trkpt lat="59.320094" lon="18.067989"><ele>15.2</ele><time>2026-09-05T08:03:28.000Z</time><extensions><gpxtpx:TrackPointExtension><gpxtpx:hr>136</gpxtpx:hr></gpxtpx:TrackPointExtension></extensions></trkpt>
      <trkpt lat="59.320094" lon="18.06797"><ele>14.8</ele><time>2026-09-05T08:03:29.000Z</time><extensions><gpxtpx:TrackPointExtension><gpxtpx:hr>136</gpxtpx:hr></gpxtpx:TrackPointExtension></extensions></trkpt>
      <trkpt lat="59.320094" lon="18.067951"><ele>14.6</ele><time>2026-09-05T08:03:30.000Z</time><extensions><gpxtpx:TrackPointExtension><gpxtpx:hr>136</gpxtpx:hr></gpxtpx:TrackPointExtension></extensions></trkpt>
      <trkpt lat="59.320094" lon="18.067931"><ele>14.2</ele><time>2026-09-05T08:03:31.000Z</time><extensions><gpxtpx:TrackPointExtension><gpxtpx:hr>136</gpxtpx:hr></gpxtpx:TrackPointExtension></extensions></trkpt>
      <trkpt lat="59.320094" lon="18.06791"><ele>13.8</ele><time>2026-09-05T08:03:32.000Z</time><extensions><gpxtpx:TrackPointExtension><gpxtpx:hr>136</gpxtpx:hr></gpxtpx:TrackPointExtension></extensions></trkpt>
      <trkpt lat="59.320095" lon="18.067887"><ele>13.4</ele><time>2026-09-05T08:03:33.000Z</time><extensions><gpxtpx:TrackPointExtension><gpxtpx:hr>135</gpxtpx:hr></gpxtpx:TrackPointExtension></extensions></trkpt>
      <trkpt lat="59.320096" lon="18.067863"><ele>13</ele><time>2026-09-05T08:03:34.000Z</time><extensions><gpxtpx:TrackPointExtension><gpxtpx:hr>135</gpxtpx:hr></gpxtpx:TrackPointExtension></extensions></trkpt>
      <trkpt lat="59.320097" lon="18.067838"><ele>12.6</ele><time>2026-09-05T08:03:35.000Z</time><extensions><gpxtpx:TrackPointExtension><gpxtpx:hr>135</gpxtpx:hr></gpxtpx:TrackPointExtension></extensions></trkpt>
      <trkpt lat="59.320099" lon="18.067811"><ele>12.2</ele><time>2026-09-05T08:03:36.000Z</time><extensions><gpxtpx:TrackPointExtension><gpxtpx:hr>135</gpxtpx:hr></gpxtpx:TrackPointExtension></extensions></trkpt>
      <trkpt lat="59.320101" lon="18.067782"><ele>11.8</ele><time>2026-09-05T08:03:37.000Z</time><extensions><gpxtpx:TrackPointExtension><gpxtpx:hr>135</gpxtpx:hr></gpxtpx:TrackPointExtension></extensions></trkpt>
      <trkpt lat="59.320104" lon="18.067751"><ele>11.4</ele><time>2026-09-05T08:03:38.000Z</time><extensions><gpxtpx:TrackPointExtension><gpxtpx:hr>132</gpxtpx:hr></gpxtpx:TrackPointExtension></extensions></trkpt>
      <trkpt lat="59.320108" lon="18.067717"><ele>11.2</ele><time>2026-09-05T08:03:39.000Z</time><extensions><gpxtpx:TrackPointExtension><gpxtpx:hr>133</gpxtpx:hr></gpxtpx:TrackPointExtension></extensions></trkpt>
      <trkpt lat="59.320114" lon="18.067679"><ele>10.8</ele><time>2026-09-05T08:03:40.000Z</time><extensions><gpxtpx:TrackPointExtension><gpxtpx:hr>133</gpxtpx:hr></gpxtpx:TrackPointExtension></extensions></trkpt>
      <trkpt lat="59.320122" lon="18.067638"><ele>10.4</ele><time>2026-09-05T08:03:41.000Z</time><extensions><gpxtpx:TrackPointExtension><gpxtpx:hr>133</gpxtpx:hr></gpxtpx:TrackPointExtension></extensions></trkpt>
      <trkpt lat="59.320133" lon="18.067596"><ele>10</ele><time>2026-09-05T08:03:42.000Z</time><extensions><gpxtpx:TrackPointExtension><gpxtpx:hr>133</gpxtpx:hr></gpxtpx:TrackPointExtension></extensions></trkpt>
      <trkpt lat="59.320146" lon="18.067552"><ele>9.8</ele><time>2026-09-05T08:03:43.000Z</time><extensions><gpxtpx:TrackPointExtension><gpxtpx:hr>133</gpxtpx:hr></gpxtpx:TrackPointExtension></extensions></trkpt>
      <trkpt lat="59.320159" lon="18.06751"><ele>9.6</ele><time>2026-09-05T08:03:44.000Z</time><extensions><gpxtpx:TrackPointExtension><gpxtpx:hr>132</gpxtpx:hr></gpxtpx:TrackPointExtension></extensions></trkpt>
      <trkpt lat="59.320171" lon="18.067467"><ele>9.2</ele><time>2026-09-05T08:03:45.000Z</time><extensions><gpxtpx:TrackPointExtension><gpxtpx:hr>132</gpxtpx:hr></gpxtpx:TrackPointExtension></extensions></trkpt>
      <trkpt lat="59.320181" lon="18.067425"><ele>9</ele><time>2026-09-05T08:03:46.000Z</time><extensions><gpxtpx:TrackPointExtension><gpxtpx:hr>132</gpxtpx:hr></gpxtpx:TrackPointExtension></extensions></trkpt>
      <trkpt lat="59.32019" lon="18.067383"><ele>8.8</ele><time>2026-09-05T08:03:47.000Z</time><extensions><gpxtpx:TrackPointExtension><gpxtpx:hr>132</gpxtpx:hr></gpxtpx:TrackPointExtension></extensions></trkpt>
      <trkpt lat="59.320198" lon="18.067341"><ele>8.8</ele><time>2026-09-05T08:03:48.000Z</time><extensions><gpxtpx:TrackPointExtension><gpxtpx:hr>132</gpxtpx:hr></gpxtpx:TrackPointExtension></extensions></trkpt>
      <trkpt lat="59.320207" lon="18.067297"><ele>8.6</ele><time>2026-09-05T08:03:49.000Z</time><extensions><gpxtpx:TrackPointExtension><gpxtpx:hr>132</gpxtpx:hr></gpxtpx:TrackPointExtension></extensions></trkpt>
      <trkpt lat="59.320216" lon="18.067252"><ele>8.6</ele><time>2026-09-05T08:03:50.000Z</time><extensions><gpxtpx:TrackPointExtension><gpxtpx:hr>132</gpxtpx:hr></gpxtpx:TrackPointExtension></extensions></trkpt>
      <trkpt lat="59.320224" lon="18.067207"><ele>8.6</ele><time>2026-09-05T08:03:51.000Z</time><extensions><gpxtpx:TrackPointExtension><gpxtpx:hr>132</gpxtpx:hr></gpxtpx:TrackPointExtension></extensions></trkpt>
      <trkpt lat="59.320233" lon="18.067162"><ele>8.6</ele><time>2026-09-05T08:03:52.000Z</time><extensions><gpxtpx:TrackPointExtension><gpxtpx:hr>132</gpxtpx:hr></gpxtpx:TrackPointExtension></extensions></trkpt>
      <trkpt lat="59.320241" lon="18.067117"><ele>8.8</ele><time>2026-09-05T08:03:53.000Z</time><extensions><gpxtpx:TrackPointExtension><gpxtpx:hr>132</gpxtpx:hr></gpxtpx:TrackPointExtension></extensions></trkpt>
      <trkpt lat="59.320249" lon="18.067073"><ele>8.8</ele><time>2026-09-05T08:03:54.000Z</time><extensions><gpxtpx:TrackPointExtension><gpxtpx:hr>132</gpxtpx:hr></gpxtpx:TrackPointExtension></extensions></trkpt>
      <trkpt lat="59.320257" lon="18.067029"><ele>9</ele><time>2026-09-05T08:03:55.000Z</time><extensions><gpxtpx:TrackPointExtension><gpxtpx:hr>132</gpxtpx:hr></gpxtpx:TrackPointExtension></extensions></trkpt>
      <trkpt lat="59.320264" lon="18.066986"><ele>9</ele><time>2026-09-05T08:03:56.000Z</time><extensions><gpxtpx:TrackPointExtension><gpxtpx:hr>132</gpxtpx:hr></gpxtpx:TrackPointExtension></extensions></trkpt>
      <trkpt lat="59.320271" lon="18.066945"><ele>9.2</ele><time>2026-09-05T08:03:57.000Z</time><extensions><gpxtpx:TrackPointExtension><gpxtpx:hr>132</gpxtpx:hr></gpxtpx:TrackPointExtension></extensions></trkpt>
      <trkpt lat="59.320279" lon="18.066904"><ele>9.4</ele><time>2026-09-05T08:03:58.000Z</time><extensions><gpxtpx:TrackPointExtension><gpxtpx:hr>130</gpxtpx:hr></gpxtpx:TrackPointExtension></extensions></trkpt>
      <trkpt lat="59.320286" lon="18.066863"><ele>9.6</ele><time>2026-09-05T08:03:59.000Z</time><extensions><gpxtpx:TrackPointExtension><gpxtpx:hr>130</gpxtpx:hr></gpxtpx:TrackPointExtension></extensions></trkpt>
      <trkpt lat="59.320293" lon="18.066821"><ele>9.6</ele><time>2026-09-05T08:04:00.000Z</time><extensions><gpxtpx:TrackPointExtension><gpxtpx:hr>130</gpxtpx:hr></gpxtpx:TrackPointExtension></extensions></trkpt>
      <trkpt lat="59.3203" lon="18.06678"><ele>9.8</ele><time>2026-09-05T08:04:01.000Z</time><extensions><gpxtpx:TrackPointExtension><gpxtpx:hr>130</gpxtpx:hr></gpxtpx:TrackPointExtension></extensions></trkpt>
      <trkpt lat="59.320307" lon="18.066739"><ele>10</ele><time>2026-09-05T08:04:02.000Z</time><extensions><gpxtpx:TrackPointExtension><gpxtpx:hr>130</gpxtpx:hr></gpxtpx:TrackPointExtension></extensions></trkpt>
      <trkpt lat="59.320314" lon="18.066698"><ele>10.2</ele><time>2026-09-05T08:04:03.000Z</time><extensions><gpxtpx:TrackPointExtension><gpxtpx:hr>130</gpxtpx:hr></gpxtpx:TrackPointExtension></extensions></trkpt>
      <trkpt lat="59.32032" lon="18.066659"><ele>10.2</ele><time>2026-09-05T08:04:04.000Z</time><extensions><gpxtpx:TrackPointExtension><gpxtpx:hr>130</gpxtpx:hr></gpxtpx:TrackPointExtension></extensions></trkpt>
      <trkpt lat="59.320327" lon="18.066619"><ele>10.4</ele><time>2026-09-05T08:04:05.000Z</time><extensions><gpxtpx:TrackPointExtension><gpxtpx:hr>130</gpxtpx:hr></gpxtpx:TrackPointExtension></extensions></trkpt>
      <trkpt lat="59.320333" lon="18.06658"><ele>10.6</ele><time>2026-09-05T08:04:06.000Z</time><extensions><gpxtpx:TrackPointExtension><gpxtpx:hr>130</gpxtpx:hr></gpxtpx:TrackPointExtension></extensions></trkpt>
      <trkpt lat="59.32034" lon="18.066541"><ele>10.6</ele><time>2026-09-05T08:04:07.000Z</time><extensions><gpxtpx:TrackPointExtension><gpxtpx:hr>130</gpxtpx:hr></gpxtpx:TrackPointExtension></extensions></trkpt>
      <trkpt lat="59.320347" lon="18.066502"><ele>10.8</ele><time>2026-09-05T08:04:08.000Z</time><extensions><gpxtpx:TrackPointExtension><gpxtpx:hr>130</gpxtpx:hr></gpxtpx:TrackPointExtension></extensions></trkpt>
      <trkpt lat="59.320353" lon="18.066463"><ele>10.8</ele><time>2026-09-05T08:04:09.000Z</time><extensions><gpxtpx:TrackPointExtension><gpxtpx:hr>129</gpxtpx:hr></gpxtpx:TrackPointExtension></extensions></trkpt>
      <trkpt lat="59.32036" lon="18.066424"><ele>11</ele><time>2026-09-05T08:04:10.000Z</time><extensions><gpxtpx:TrackPointExtension><gpxtpx:hr>129</gpxtpx:hr></gpxtpx:TrackPointExtension></extensions></trkpt>
      <trkpt lat="59.320367" lon="18.066386"><ele>11</ele><time>2026-09-05T08:04:11.000Z</time><extensions><gpxtpx:TrackPointExtension><gpxtpx:hr>129</gpxtpx:hr></gpxtpx:TrackPointExtension></extensions></trkpt>
      <trkpt lat="59.320373" lon="18.066348"><ele>11.2</ele><time>2026-09-05T08:04:12.000Z</time><extensions><gpxtpx:TrackPointExtension><gpxtpx:hr>129</gpxtpx:hr></gpxtpx:TrackPointExtension></extensions></trkpt>
      <trkpt lat="59.320379" lon="18.066311"><ele>11.4</ele><time>2026-09-05T08:04:13.000Z</time><extensions><gpxtpx:TrackPointExtension><gpxtpx:hr>129</gpxtpx:hr></gpxtpx:TrackPointExtension></extensions></trkpt>
      <trkpt lat="59.320386" lon="18.066274"><ele>11.4</ele><time>2026-09-05T08:04:14.000Z</time><extensions><gpxtpx:TrackPointExtension><gpxtpx:hr>129</gpxtpx:hr></gpxtpx:TrackPointExtension></extensions></trkpt>
      <trkpt lat="59.320392" lon="18.066238"><ele>11.6</ele><time>2026-09-05T08:04:15.000Z</time><extensions><gpxtpx:TrackPointExtension><gpxtpx:hr>129</gpxtpx:hr></gpxtpx:TrackPointExtension></extensions></trkpt>
      <trkpt lat="59.320399" lon="18.066202"><ele>11.8</ele><time>2026-09-05T08:04:16.000Z</time><extensions><gpxtpx:TrackPointExtension><gpxtpx:hr>129</gpxtpx:hr></gpxtpx:TrackPointExtension></extensions></trkpt>
      <trkpt lat="59.320405" lon="18.066167"><ele>11.8</ele><time>2026-09-05T08:04:17.000Z</time><extensions><gpxtpx:TrackPointExtension><gpxtpx:hr>129</gpxtpx:hr></gpxtpx:TrackPointExtension></extensions></trkpt>
      <trkpt lat="59.320411" lon="18.066132"><ele>12</ele><time>2026-09-05T08:04:18.000Z</time><extensions><gpxtpx:TrackPointExtension><gpxtpx:hr>129</gpxtpx:hr></gpxtpx:TrackPointExtension></extensions></trkpt>
      <trkpt lat="59.320416" lon="18.066099"><ele>12.2</ele><time>2026-09-05T08:04:19.000Z</time><extensions><gpxtpx:TrackPointExtension><gpxtpx:hr>129</gpxtpx:hr></gpxtpx:TrackPointExtension></extensions></trkpt>
      <trkpt lat="59.320422" lon="18.066066"><ele>12.4</ele><time>2026-09-05T08:04:20.000Z</time><extensions><gpxtpx:TrackPointExtension><gpxtpx:hr>132</gpxtpx:hr></gpxtpx:TrackPointExtension></extensions></trkpt>
      <trkpt lat="59.320427" lon="18.066035"><ele>12.6</ele><time>2026-09-05T08:04:21.000Z</time><extensions><gpxtpx:TrackPointExtension><gpxtpx:hr>132</gpxtpx:hr></gpxtpx:TrackPointExtension></extensions></trkpt>
      <trkpt lat="59.320431" lon="18.066006"><ele>13</ele><time>2026-09-05T08:04:22.000Z</time><extensions><gpxtpx:TrackPointExtension><gpxtpx:hr>132</gpxtpx:hr></gpxtpx:TrackPointExtension></extensions></trkpt>
      <trkpt lat="59.320435" lon="18.065979"><ele>13.2</ele><time>2026-09-05T08:04:23.000Z</time><extensions><gpxtpx:TrackPointExtension><gpxtpx:hr>132</gpxtpx:hr></gpxtpx:TrackPointExtension></extensions></trkpt>
      <trkpt lat="59.320439" lon="18.065955"><ele>13.4</ele><time>2026-09-05T08:04:24.000Z</time><extensions><gpxtpx:TrackPointExtension><gpxtpx:hr>133</gpxtpx:hr></gpxtpx:TrackPointExtension></extensions></trkpt>
      <trkpt lat="59.320442" lon="18.065933"><ele>13.6</ele><time>2026-09-05T08:04:25.000Z</time><extensions><gpxtpx:TrackPointExtension><gpxtpx:hr>133</gpxtpx:hr></gpxtpx:TrackPointExtension></extensions></trkpt>
      <trkpt lat="59.320445" lon="18.065915"><ele>13.8</ele><time>2026-09-05T08:04:26.000Z</time><extensions><gpxtpx:TrackPointExtension><gpxtpx:hr>133</gpxtpx:hr></gpxtpx:TrackPointExtension></extensions></trkpt>
      <trkpt lat="59.320448" lon="18.065899"><ele>14</ele><time>2026-09-05T08:04:27.000Z</time><extensions><gpxtpx:TrackPointExtension><gpxtpx:hr>133</gpxtpx:hr></gpxtpx:TrackPointExtension></extensions></trkpt>
      <trkpt lat="59.32047" lon="18.065774"><ele>15.2</ele><time>2026-09-05T08:04:44.000Z</time><extensions><gpxtpx:TrackPointExtension><gpxtpx:hr>133</gpxtpx:hr></gpxtpx:TrackPointExtension></extensions></trkpt>
      <trkpt lat="59.32047" lon="18.065761"><ele>15.4</ele><time>2026-09-05T08:04:45.000Z</time><extensions><gpxtpx:TrackPointExtension><gpxtpx:hr>133</gpxtpx:hr></gpxtpx:TrackPointExtension></extensions></trkpt>
      <trkpt lat="59.320469" lon="18.065746"><ele>15.4</ele><time>2026-09-05T08:04:46.000Z</time><extensions><gpxtpx:TrackPointExtension><gpxtpx:hr>133</gpxtpx:hr></gpxtpx:TrackPointExtension></extensions></trkpt>
      <trkpt lat="59.320469" lon="18.065731"><ele>15.6</ele><time>2026-09-05T08:04:47.000Z</time><extensions><gpxtpx:TrackPointExtension><gpxtpx:hr>130</gpxtpx:hr></gpxtpx:TrackPointExtension></extensions></trkpt>
      <trkpt lat="59.320468" lon="18.065714"><ele>15.6</ele><time>2026-09-05T08:04:48.000Z</time><extensions><gpxtpx:TrackPointExtension><gpxtpx:hr>130</gpxtpx:hr></gpxtpx:TrackPointExtension></extensions></trkpt>
      <trkpt lat="59.320467" lon="18.065697"><ele>15.8</ele><time>2026-09-05T08:04:49.000Z</time><extensions><gpxtpx:TrackPointExtension><gpxtpx:hr>130</gpxtpx:hr></gpxtpx:TrackPointExtension></extensions></trkpt>
      <trkpt lat="59.320466" lon="18.06568"><ele>16</ele><time>2026-09-05T08:04:50.000Z</time><extensions><gpxtpx:TrackPointExtension><gpxtpx:hr>131</gpxtpx:hr></gpxtpx:TrackPointExtension></extensions></trkpt>
      <trkpt lat="59.320465" lon="18.065664"><ele>16.2</ele><time>2026-09-05T08:04:51.000Z</time><extensions><gpxtpx:TrackPointExtension><gpxtpx:hr>131</gpxtpx:hr></gpxtpx:TrackPointExtension></extensions></trkpt>
      <trkpt lat="59.320463" lon="18.065647"><ele>16.2</ele><time>2026-09-05T08:04:52.000Z</time><extensions><gpxtpx:TrackPointExtension><gpxtpx:hr>131</gpxtpx:hr></gpxtpx:TrackPointExtension></extensions></trkpt>
      <trkpt lat="59.320461" lon="18.06563"><ele>16.4</ele><time>2026-09-05T08:04:53.000Z</time><extensions><gpxtpx:TrackPointExtension><gpxtpx:hr>131</gpxtpx:hr></gpxtpx:TrackPointExtension></extensions></trkpt>
      <trkpt lat="59.320459" lon="18.065613"><ele>16.6</ele><time>2026-09-05T08:04:54.000Z</time><extensions><gpxtpx:TrackPointExtension><gpxtpx:hr>130</gpxtpx:hr></gpxtpx:TrackPointExtension></extensions></trkpt>
      <trkpt lat="59.320456" lon="18.065594"><ele>16.8</ele><time>2026-09-05T08:04:55.000Z</time><extensions><gpxtpx:TrackPointExtension><gpxtpx:hr>130</gpxtpx:hr></gpxtpx:TrackPointExtension></extensions></trkpt>
      <trkpt lat="59.320453" lon="18.065574"><ele>16.8</ele><time>2026-09-05T08:04:56.000Z</time><extensions><gpxtpx:TrackPointExtension><gpxtpx:hr>130</gpxtpx:hr></gpxtpx:TrackPointExtension></extensions></trkpt>
      <trkpt lat="59.320449" lon="18.065552"><ele>17</ele><time>2026-09-05T08:04:57.000Z</time><extensions><gpxtpx:TrackPointExtension><gpxtpx:hr>130</gpxtpx:hr></gpxtpx:TrackPointExtension></extensions></trkpt>
      <trkpt lat="59.320444" lon="18.065528"><ele>17.2</ele><time>2026-09-05T08:04:58.000Z</time><extensions><gpxtpx:TrackPointExtension><gpxtpx:hr>130</gpxtpx:hr></gpxtpx:TrackPointExtension></extensions></trkpt>
      <trkpt lat="59.320439" lon="18.065502"><ele>17.2</ele><time>2026-09-05T08:04:59.000Z</time><extensions><gpxtpx:TrackPointExtension><gpxtpx:hr>130</gpxtpx:hr></gpxtpx:TrackPointExtension></extensions></trkpt>
      <trkpt lat="59.320434" lon="18.065474"><ele>17.4</ele><time>2026-09-05T08:05:00.000Z</time><extensions><gpxtpx:TrackPointExtension><gpxtpx:hr>130</gpxtpx:hr></gpxtpx:TrackPointExtension></extensions></trkpt>
      <trkpt lat="59.32043" lon="18.065444"><ele>17.6</ele><time>2026-09-05T08:05:01.000Z</time><extensions><gpxtpx:TrackPointExtension><gpxtpx:hr>130</gpxtpx:hr></gpxtpx:TrackPointExtension></extensions></trkpt>
      <trkpt lat="59.320427" lon="18.065413"><ele>17.8</ele><time>2026-09-05T08:05:02.000Z</time><extensions><gpxtpx:TrackPointExtension><gpxtpx:hr>127</gpxtpx:hr></gpxtpx:TrackPointExtension></extensions></trkpt>
      <trkpt lat="59.320424" lon="18.065381"><ele>18</ele><time>2026-09-05T08:05:03.000Z</time><extensions><gpxtpx:TrackPointExtension><gpxtpx:hr>127</gpxtpx:hr></gpxtpx:TrackPointExtension></extensions></trkpt>
      <trkpt lat="59.320422" lon="18.065348"><ele>18.4</ele><time>2026-09-05T08:05:04.000Z</time><extensions><gpxtpx:TrackPointExtension><gpxtpx:hr>126</gpxtpx:hr></gpxtpx:TrackPointExtension></extensions></trkpt>
      <trkpt lat="59.320421" lon="18.065314"><ele>18.6</ele><time>2026-09-05T08:05:05.000Z</time><extensions><gpxtpx:TrackPointExtension><gpxtpx:hr>126</gpxtpx:hr></gpxtpx:TrackPointExtension></extensions></trkpt>
      <trkpt lat="59.320419" lon="18.065281"><ele>19</ele><time>2026-09-05T08:05:06.000Z</time><extensions><gpxtpx:TrackPointExtension><gpxtpx:hr>126</gpxtpx:hr></gpxtpx:TrackPointExtension></extensions></trkpt>
      <trkpt lat="59.320419" lon="18.065247"><ele>19.2</ele><time>2026-09-05T08:05:07.000Z</time><extensions><gpxtpx:TrackPointExtension><gpxtpx:hr>126</gpxtpx:hr></gpxtpx:TrackPointExtension></extensions></trkpt>
      <trkpt lat="59.320418" lon="18.065213"><ele>19.6</ele><time>2026-09-05T08:05:08.000Z</time><extensions><gpxtpx:TrackPointExtension><gpxtpx:hr>126</gpxtpx:hr></gpxtpx:TrackPointExtension></extensions></trkpt>
      <trkpt lat="59.320418" lon="18.065179"><ele>19.8</ele><time>2026-09-05T08:05:09.000Z</time><extensions><gpxtpx:TrackPointExtension><gpxtpx:hr>126</gpxtpx:hr></gpxtpx:TrackPointExtension></extensions></trkpt>
      <trkpt lat="59.320418" lon="18.065146"><ele>20.2</ele><time>2026-09-05T08:05:10.000Z</time><extensions><gpxtpx:TrackPointExtension><gpxtpx:hr>126</gpxtpx:hr></gpxtpx:TrackPointExtension></extensions></trkpt>
      <trkpt lat="59.320418" lon="18.065113"><ele>20.4</ele><time>2026-09-05T08:05:11.000Z</time><extensions><gpxtpx:TrackPointExtension><gpxtpx:hr>126</gpxtpx:hr></gpxtpx:TrackPointExtension></extensions></trkpt>
      <trkpt lat="59.320418" lon="18.06508"><ele>20.8</ele><time>2026-09-05T08:05:12.000Z</time><extensions><gpxtpx:TrackPointExtension><gpxtpx:hr>127</gpxtpx:hr></gpxtpx:TrackPointExtension></extensions></trkpt>
      <trkpt lat="59.320419" lon="18.065048"><ele>21</ele><time>2026-09-05T08:05:13.000Z</time><extensions><gpxtpx:TrackPointExtension><gpxtpx:hr>127</gpxtpx:hr></gpxtpx:TrackPointExtension></extensions></trkpt>
      <trkpt lat="59.320419" lon="18.065015"><ele>21.4</ele><time>2026-09-05T08:05:14.000Z</time><extensions><gpxtpx:TrackPointExtension><gpxtpx:hr>127</gpxtpx:hr></gpxtpx:TrackPointExtension></extensions></trkpt>
      <trkpt lat="59.32042" lon="18.064984"><ele>21.6</ele><time>2026-09-05T08:05:15.000Z</time><extensions><gpxtpx:TrackPointExtension><gpxtpx:hr>127</gpxtpx:hr></gpxtpx:TrackPointExtension></extensions></trkpt>
      <trkpt lat="59.320421" lon="18.064952"><ele>22</ele><time>2026-09-05T08:05:16.000Z</time><extensions><gpxtpx:TrackPointExtension><gpxtpx:hr>127</gpxtpx:hr></gpxtpx:TrackPointExtension></extensions></trkpt>
      <trkpt lat="59.320422" lon="18.064921"><ele>22.2</ele><time>2026-09-05T08:05:17.000Z</time><extensions><gpxtpx:TrackPointExtension><gpxtpx:hr>127</gpxtpx:hr></gpxtpx:TrackPointExtension></extensions></trkpt>
      <trkpt lat="59.320423" lon="18.06489"><ele>22.4</ele><time>2026-09-05T08:05:18.000Z</time><extensions><gpxtpx:TrackPointExtension><gpxtpx:hr>129</gpxtpx:hr></gpxtpx:TrackPointExtension></extensions></trkpt>
      <trkpt lat="59.320424" lon="18.06486"><ele>22.8</ele><time>2026-09-05T08:05:19.000Z</time><extensions><gpxtpx:TrackPointExtension><gpxtpx:hr>128</gpxtpx:hr></gpxtpx:TrackPointExtension></extensions></trkpt>
      <trkpt lat="59.320425" lon="18.064829"><ele>23</ele><time>2026-09-05T08:05:20.000Z</time><extensions><gpxtpx:TrackPointExtension><gpxtpx:hr>128</gpxtpx:hr></gpxtpx:TrackPointExtension></extensions></trkpt>
      <trkpt lat="59.320426" lon="18.064799"><ele>23.2</ele><time>2026-09-05T08:05:21.000Z</time><extensions><gpxtpx:TrackPointExtension><gpxtpx:hr>128</gpxtpx:hr></gpxtpx:TrackPointExtension></extensions></trkpt>
      <trkpt lat="59.320427" lon="18.064769"><ele>23.6</ele><time>2026-09-05T08:05:22.000Z</time><extensions><gpxtpx:TrackPointExtension><gpxtpx:hr>128</gpxtpx:hr></gpxtpx:TrackPointExtension></extensions></trkpt>
      <trkpt lat="59.320428" lon="18.064739"><ele>23.8</ele><time>2026-09-05T08:05:23.000Z</time><extensions><gpxtpx:TrackPointExtension><gpxtpx:hr>128</gpxtpx:hr></gpxtpx:TrackPointExtension></extensions></trkpt>
      <trkpt lat="59.320429" lon="18.064709"><ele>24</ele><time>2026-09-05T08:05:24.000Z</time><extensions><gpxtpx:TrackPointExtension><gpxtpx:hr>128</gpxtpx:hr></gpxtpx:TrackPointExtension></extensions></trkpt>
      <trkpt lat="59.32043" lon="18.064679"><ele>24.4</ele><time>2026-09-05T08:05:25.000Z</time><extensions><gpxtpx:TrackPointExtension><gpxtpx:hr>128</gpxtpx:hr></gpxtpx:TrackPointExtension></extensions></trkpt>
      <trkpt lat="59.320431" lon="18.064649"><ele>24.6</ele><time>2026-09-05T08:05:26.000Z</time><extensions><gpxtpx:TrackPointExtension><gpxtpx:hr>133</gpxtpx:hr></gpxtpx:TrackPointExtension></extensions></trkpt>
      <trkpt lat="59.320432" lon="18.064619"><ele>24.8</ele><time>2026-09-05T08:05:27.000Z</time><extensions><gpxtpx:TrackPointExtension><gpxtpx:hr>133</gpxtpx:hr></gpxtpx:TrackPointExtension></extensions></trkpt>
      <trkpt lat="59.320433" lon="18.06459"><ele>25</ele><time>2026-09-05T08:05:28.000Z</time><extensions><gpxtpx:TrackPointExtension><gpxtpx:hr>133</gpxtpx:hr></gpxtpx:TrackPointExtension></extensions></trkpt>
      <trkpt lat="59.320434" lon="18.06456"><ele>25.2</ele><time>2026-09-05T08:05:29.000Z</time><extensions><gpxtpx:TrackPointExtension><gpxtpx:hr>133</gpxtpx:hr></gpxtpx:TrackPointExtension></extensions></trkpt>
      <trkpt lat="59.320434" lon="18.064531"><ele>25.4</ele><time>2026-09-05T08:05:30.000Z</time><extensions><gpxtpx:TrackPointExtension><gpxtpx:hr>132</gpxtpx:hr></gpxtpx:TrackPointExtension></extensions></trkpt>
      <trkpt lat="59.320435" lon="18.064502"><ele>25.6</ele><time>2026-09-05T08:05:31.000Z</time><extensions><gpxtpx:TrackPointExtension><gpxtpx:hr>132</gpxtpx:hr></gpxtpx:TrackPointExtension></extensions></trkpt>
      <trkpt lat="59.320435" lon="18.064472"><ele>26</ele><time>2026-09-05T08:05:32.000Z</time><extensions><gpxtpx:TrackPointExtension><gpxtpx:hr>132</gpxtpx:hr></gpxtpx:TrackPointExtension></extensions></trkpt>
      <trkpt lat="59.320436" lon="18.064443"><ele>26.2</ele><time>2026-09-05T08:05:33.000Z</time><extensions><gpxtpx:TrackPointExtension><gpxtpx:hr>132</gpxtpx:hr></gpxtpx:TrackPointExtension></extensions></trkpt>
      <trkpt lat="59.320436" lon="18.064414"><ele>26.4</ele><time>2026-09-05T08:05:34.000Z</time><extensions><gpxtpx:TrackPointExtension><gpxtpx:hr>132</gpxtpx:hr></gpxtpx:TrackPointExtension></extensions></trkpt>
      <trkpt lat="59.320436" lon="18.064384"><ele>26.6</ele><time>2026-09-05T08:05:35.000Z</time><extensions><gpxtpx:TrackPointExtension><gpxtpx:hr>135</gpxtpx:hr></gpxtpx:TrackPointExtension></extensions></trkpt>
      <trkpt lat="59.320435" lon="18.064355"><ele>26.8</ele><time>2026-09-05T08:05:36.000Z</time><extensions><gpxtpx:TrackPointExtension><gpxtpx:hr>135</gpxtpx:hr></gpxtpx:TrackPointExtension></extensions></trkpt>
      <trkpt lat="59.320435" lon="18.064326"><ele>27</ele><time>2026-09-05T08:05:37.000Z</time><extensions><gpxtpx:TrackPointExtension><gpxtpx:hr>135</gpxtpx:hr></gpxtpx:TrackPointExtension></extensions></trkpt>
      <trkpt lat="59.320434" lon="18.064297"><ele>27.2</ele><time>2026-09-05T08:05:38.000Z</time><extensions><gpxtpx:TrackPointExtension><gpxtpx:hr>135</gpxtpx:hr></gpxtpx:TrackPointExtension></extensions></trkpt>
      <trkpt lat="59.320433" lon="18.064269"><ele>27.4</ele><time>2026-09-05T08:05:39.000Z</time><extensions><gpxtpx:TrackPointExtension><gpxtpx:hr>135</gpxtpx:hr></gpxtpx:TrackPointExtension></extensions></trkpt>
      <trkpt lat="59.320432" lon="18.06424"><ele>27.6</ele><time>2026-09-05T08:05:40.000Z</time><extensions><gpxtpx:TrackPointExtension><gpxtpx:hr>135</gpxtpx:hr></gpxtpx:TrackPointExtension></extensions></trkpt>
      <trkpt lat="59.320431" lon="18.064212"><ele>27.8</ele><time>2026-09-05T08:05:41.000Z</time><extensions><gpxtpx:TrackPointExtension><gpxtpx:hr>135</gpxtpx:hr></gpxtpx:TrackPointExtension></extensions></trkpt>
      <trkpt lat="59.32043" lon="18.064185"><ele>27.8</ele><time>2026-09-05T08:05:42.000Z</time><extensions><gpxtpx:TrackPointExtension><gpxtpx:hr>135</gpxtpx:hr></gpxtpx:TrackPointExtension></extensions></trkpt>
      <trkpt lat="59.320429" lon="18.064158"><ele>28</ele><time>2026-09-05T08:05:43.000Z</time><extensions><gpxtpx:TrackPointExtension><gpxtpx:hr>134</gpxtpx:hr></gpxtpx:TrackPointExtension></extensions></trkpt>
      <trkpt lat="59.320427" lon="18.064131"><ele>27.8</ele><time>2026-09-05T08:05:44.000Z</time><extensions><gpxtpx:TrackPointExtension><gpxtpx:hr>134</gpxtpx:hr></gpxtpx:TrackPointExtension></extensions></trkpt>
      <trkpt lat="59.320425" lon="18.064105"><ele>27.8</ele><time>2026-09-05T08:05:45.000Z</time><extensions><gpxtpx:TrackPointExtension><gpxtpx:hr>134</gpxtpx:hr></gpxtpx:TrackPointExtension></extensions></trkpt>
      <trkpt lat="59.320424" lon="18.06408"><ele>27.6</ele><time>2026-09-05T08:05:46.000Z</time><extensions><gpxtpx:TrackPointExtension><gpxtpx:hr>134</gpxtpx:hr></gpxtpx:TrackPointExtension></extensions></trkpt>
      <trkpt lat="59.320422" lon="18.064055"><ele>27.4</ele><time>2026-09-05T08:05:47.000Z</time><extensions><gpxtpx:TrackPointExtension><gpxtpx:hr>135</gpxtpx:hr></gpxtpx:TrackPointExtension></extensions></trkpt>
      <trkpt lat="59.32042" lon="18.06403"><ele>27.2</ele><time>2026-09-05T08:05:48.000Z</time><extensions><gpxtpx:TrackPointExtension><gpxtpx:hr>135</gpxtpx:hr></gpxtpx:TrackPointExtension></extensions></trkpt>
      <trkpt lat="59.320418" lon="18.064006"><ele>27</ele><time>2026-09-05T08:05:49.000Z</time><extensions><gpxtpx:TrackPointExtension><gpxtpx:hr>135</gpxtpx:hr></gpxtpx:TrackPointExtension></extensions></trkpt>
      <trkpt lat="59.320415" lon="18.063983"><ele>27</ele><time>2026-09-05T08:05:50.000Z</time><extensions><gpxtpx:TrackPointExtension><gpxtpx:hr>135</gpxtpx:hr></gpxtpx:TrackPointExtension></extensions></trkpt>
      <trkpt lat="59.320413" lon="18.063961"><ele>26.8</ele><time>2026-09-05T08:05:51.000Z</time><extensions><gpxtpx:TrackPointExtension><gpxtpx:hr>135</gpxtpx:hr></gpxtpx:TrackPointExtension></extensions></trkpt>
      <trkpt lat="59.320408" lon="18.063922"><ele>26.6</ele><time>2026-09-05T08:05:52.000Z</time><extensions><gpxtpx:TrackPointExtension><gpxtpx:hr>135</gpxtpx:hr></gpxtpx:TrackPointExtension></extensions></trkpt>
      <trkpt lat="59.320406" lon="18.063906"><ele>26.4</ele><time>2026-09-05T08:05:53.000Z</time><extensions><gpxtpx:TrackPointExtension><gpxtpx:hr>135</gpxtpx:hr></gpxtpx:TrackPointExtension></extensions></trkpt>
      <trkpt lat="59.320404" lon="18.063891"><ele>26.4</ele><time>2026-09-05T08:05:54.000Z</time><extensions><gpxtpx:TrackPointExtension><gpxtpx:hr>135</gpxtpx:hr></gpxtpx:TrackPointExtension></extensions></trkpt>
      <trkpt lat="59.320389" lon="18.063807"><ele>26.6</ele><time>2026-09-05T08:06:00.000Z</time><extensions><gpxtpx:TrackPointExtension><gpxtpx:hr>135</gpxtpx:hr></gpxtpx:TrackPointExtension></extensions></trkpt>
      <trkpt lat="59.320387" lon="18.063786"><ele>26.8</ele><time>2026-09-05T08:06:01.000Z</time><extensions><gpxtpx:TrackPointExtension><gpxtpx:hr>135</gpxtpx:hr></gpxtpx:TrackPointExtension></extensions></trkpt>
      <trkpt lat="59.320385" lon="18.063764"><ele>26.8</ele><time>2026-09-05T08:06:02.000Z</time><extensions><gpxtpx:TrackPointExtension><gpxtpx:hr>135</gpxtpx:hr></gpxtpx:TrackPointExtension></extensions></trkpt>
      <trkpt lat="59.320383" lon="18.06374"><ele>27</ele><time>2026-09-05T08:06:03.000Z</time><extensions><gpxtpx:TrackPointExtension><gpxtpx:hr>135</gpxtpx:hr></gpxtpx:TrackPointExtension></extensions></trkpt>
      <trkpt lat="59.320381" lon="18.063716"><ele>27.2</ele><time>2026-09-05T08:06:04.000Z</time><extensions><gpxtpx:TrackPointExtension><gpxtpx:hr>135</gpxtpx:hr></gpxtpx:TrackPointExtension></extensions></trkpt>
      <trkpt lat="59.32038" lon="18.063692"><ele>27.2</ele><time>2026-09-05T08:06:05.000Z</time><extensions><gpxtpx:TrackPointExtension><gpxtpx:hr>133</gpxtpx:hr></gpxtpx:TrackPointExtension></extensions></trkpt>
      <trkpt lat="59.320379" lon="18.063667"><ele>27.4</ele><time>2026-09-05T08:06:06.000Z</time><extensions><gpxtpx:TrackPointExtension><gpxtpx:hr>133</gpxtpx:hr></gpxtpx:TrackPointExtension></extensions></trkpt>
      <trkpt lat="59.320379" lon="18.063642"><ele>27.6</ele><time>2026-09-05T08:06:07.000Z</time><extensions><gpxtpx:TrackPointExtension><gpxtpx:hr>133</gpxtpx:hr></gpxtpx:TrackPointExtension></extensions></trkpt>
      <trkpt lat="59.320378" lon="18.063618"><ele>27.6</ele><time>2026-09-05T08:06:08.000Z</time><extensions><gpxtpx:TrackPointExtension><gpxtpx:hr>133</gpxtpx:hr></gpxtpx:TrackPointExtension></extensions></trkpt>
      <trkpt lat="59.320378" lon="18.063594"><ele>27.6</ele><time>2026-09-05T08:06:09.000Z</time><extensions><gpxtpx:TrackPointExtension><gpxtpx:hr>133</gpxtpx:hr></gpxtpx:TrackPointExtension></extensions></trkpt>
      <trkpt lat="59.320378" lon="18.06357"><ele>27.8</ele><time>2026-09-05T08:06:10.000Z</time><extensions><gpxtpx:TrackPointExtension><gpxtpx:hr>133</gpxtpx:hr></gpxtpx:TrackPointExtension></extensions></trkpt>
      <trkpt lat="59.320379" lon="18.063546"><ele>27.8</ele><time>2026-09-05T08:06:11.000Z</time><extensions><gpxtpx:TrackPointExtension><gpxtpx:hr>133</gpxtpx:hr></gpxtpx:TrackPointExtension></extensions></trkpt>
      <trkpt lat="59.320379" lon="18.063526"><ele>27.8</ele><time>2026-09-05T08:06:12.000Z</time><extensions><gpxtpx:TrackPointExtension><gpxtpx:hr>133</gpxtpx:hr></gpxtpx:TrackPointExtension></extensions></trkpt>
      <trkpt lat="59.320381" lon="18.063508"><ele>27.8</ele><time>2026-09-05T08:06:13.000Z</time><extensions><gpxtpx:TrackPointExtension><gpxtpx:hr>136</gpxtpx:hr></gpxtpx:TrackPointExtension></extensions></trkpt>
      <trkpt lat="59.320383" lon="18.063493"><ele>27.6</ele><time>2026-09-05T08:06:14.000Z</time><extensions><gpxtpx:TrackPointExtension><gpxtpx:hr>136</gpxtpx:hr></gpxtpx:TrackPointExtension></extensions></trkpt>
      <trkpt lat="59.320388" lon="18.063481"><ele>27.6</ele><time>2026-09-05T08:06:15.000Z</time><extensions><gpxtpx:TrackPointExtension><gpxtpx:hr>136</gpxtpx:hr></gpxtpx:TrackPointExtension></extensions></trkpt>
      <trkpt lat="59.320394" lon="18.063472"><ele>27.4</ele><time>2026-09-05T08:06:16.000Z</time><extensions><gpxtpx:TrackPointExtension><gpxtpx:hr>136</gpxtpx:hr></gpxtpx:TrackPointExtension></extensions></trkpt>
      <trkpt lat="59.320403" lon="18.063466"><ele>27.4</ele><time>2026-09-05T08:06:17.000Z</time><extensions><gpxtpx:TrackPointExtension><gpxtpx:hr>136</gpxtpx:hr></gpxtpx:TrackPointExtension></extensions></trkpt>
      <trkpt lat="59.320415" lon="18.063462"><ele>27.2</ele><time>2026-09-05T08:06:18.000Z</time><extensions><gpxtpx:TrackPointExtension><gpxtpx:hr>137</gpxtpx:hr></gpxtpx:TrackPointExtension></extensions></trkpt>
      <trkpt lat="59.320431" lon="18.063459"><ele>27</ele><time>2026-09-05T08:06:19.000Z</time><extensions><gpxtpx:TrackPointExtension><gpxtpx:hr>137</gpxtpx:hr></gpxtpx:TrackPointExtension></extensions></trkpt>
      <trkpt lat="59.320451" lon="18.063453"><ele>26.8</ele><time>2026-09-05T08:06:20.000Z</time><extensions><gpxtpx:TrackPointExtension><gpxtpx:hr>137</gpxtpx:hr></gpxtpx:TrackPointExtension></extensions></trkpt>
      <trkpt lat="59.320472" lon="18.063446"><ele>26.6</ele><time>2026-09-05T08:06:21.000Z</time><extensions><gpxtpx:TrackPointExtension><gpxtpx:hr>137</gpxtpx:hr></gpxtpx:TrackPointExtension></extensions></trkpt>
      <trkpt lat="59.320494" lon="18.063438"><ele>26.4</ele><time>2026-09-05T08:06:22.000Z</time><extensions><gpxtpx:TrackPointExtension><gpxtpx:hr>137</gpxtpx:hr></gpxtpx:TrackPointExtension></extensions></trkpt>
      <trkpt lat="59.320516" lon="18.063431"><ele>26.4</ele><time>2026-09-05T08:06:23.000Z</time><extensions><gpxtpx:TrackPointExtension><gpxtpx:hr>137</gpxtpx:hr></gpxtpx:TrackPointExtension></extensions></trkpt>
      <trkpt lat="59.320538" lon="18.063422"><ele>26.2</ele><time>2026-09-05T08:06:24.000Z</time><extensions><gpxtpx:TrackPointExtension><gpxtpx:hr>138</gpxtpx:hr></gpxtpx:TrackPointExtension></extensions></trkpt>
      <trkpt lat="59.32056" lon="18.06341"><ele>26</ele><time>2026-09-05T08:06:25.000Z</time><extensions><gpxtpx:TrackPointExtension><gpxtpx:hr>138</gpxtpx:hr></gpxtpx:TrackPointExtension></extensions></trkpt>
      <trkpt lat="59.320581" lon="18.063393"><ele>25.8</ele><time>2026-09-05T08:06:26.000Z</time><extensions><gpxtpx:TrackPointExtension><gpxtpx:hr>138</gpxtpx:hr></gpxtpx:TrackPointExtension></extensions></trkpt>
      <trkpt lat="59.320602" lon="18.06337"><ele>25.6</ele><time>2026-09-05T08:06:27.000Z</time><extensions><gpxtpx:TrackPointExtension><gpxtpx:hr>138</gpxtpx:hr></gpxtpx:TrackPointExtension></extensions></trkpt>
      <trkpt lat="59.320622" lon="18.063342"><ele>25.4</ele><time>2026-09-05T08:06:28.000Z</time><extensions><gpxtpx:TrackPointExtension><gpxtpx:hr>138</gpxtpx:hr></gpxtpx:TrackPointExtension></extensions></trkpt>
      <trkpt lat="59.320639" lon="18.063312"><ele>25.2</ele><time>2026-09-05T08:06:29.000Z</time><extensions><gpxtpx:TrackPointExtension><gpxtpx:hr>138</gpxtpx:hr></gpxtpx:TrackPointExtension></extensions></trkpt>
      <trkpt lat="59.320654" lon="18.06328"><ele>25.2</ele><time>2026-09-05T08:06:30.000Z</time><extensions><gpxtpx:TrackPointExtension><gpxtpx:hr>138</gpxtpx:hr></gpxtpx:TrackPointExtension></extensions></trkpt>
      <trkpt lat="59.320665" lon="18.063245"><ele>25</ele><time>2026-09-05T08:06:31.000Z</time><extensions><gpxtpx:TrackPointExtension><gpxtpx:hr>140</gpxtpx:hr></gpxtpx:TrackPointExtension></extensions></trkpt>
      <trkpt lat="59.320673" lon="18.063207"><ele>24.8</ele><time>2026-09-05T08:06:32.000Z</time><extensions><gpxtpx:TrackPointExtension><gpxtpx:hr>140</gpxtpx:hr></gpxtpx:TrackPointExtension></extensions></trkpt>
      <trkpt lat="59.320679" lon="18.063166"><ele>24.6</ele><time>2026-09-05T08:06:33.000Z</time><extensions><gpxtpx:TrackPointExtension><gpxtpx:hr>140</gpxtpx:hr></gpxtpx:TrackPointExtension></extensions></trkpt>
      <trkpt lat="59.320685" lon="18.063124"><ele>24.6</ele><time>2026-09-05T08:06:34.000Z</time><extensions><gpxtpx:TrackPointExtension><gpxtpx:hr>141</gpxtpx:hr></gpxtpx:TrackPointExtension></extensions></trkpt>
      <trkpt lat="59.320692" lon="18.063083"><ele>24.4</ele><time>2026-09-05T08:06:35.000Z</time><extensions><gpxtpx:TrackPointExtension><gpxtpx:hr>141</gpxtpx:hr></gpxtpx:TrackPointExtension></extensions></trkpt>
      <trkpt lat="59.320698" lon="18.063042"><ele>24.2</ele><time>2026-09-05T08:06:36.000Z</time><extensions><gpxtpx:TrackPointExtension><gpxtpx:hr>141</gpxtpx:hr></gpxtpx:TrackPointExtension></extensions></trkpt>
      <trkpt lat="59.320705" lon="18.063002"><ele>24.2</ele><time>2026-09-05T08:06:37.000Z</time><extensions><gpxtpx:TrackPointExtension><gpxtpx:hr>141</gpxtpx:hr></gpxtpx:TrackPointExtension></extensions></trkpt>
      <trkpt lat="59.320711" lon="18.062965"><ele>24</ele><time>2026-09-05T08:06:38.000Z</time><extensions><gpxtpx:TrackPointExtension><gpxtpx:hr>141</gpxtpx:hr></gpxtpx:TrackPointExtension></extensions></trkpt>
      <trkpt lat="59.320716" lon="18.062931"><ele>24</ele><time>2026-09-05T08:06:39.000Z</time><extensions><gpxtpx:TrackPointExtension><gpxtpx:hr>141</gpxtpx:hr></gpxtpx:TrackPointExtension></extensions></trkpt>
      <trkpt lat="59.320721" lon="18.062902"><ele>24</ele><time>2026-09-05T08:06:40.000Z</time><extensions><gpxtpx:TrackPointExtension><gpxtpx:hr>141</gpxtpx:hr></gpxtpx:TrackPointExtension></extensions></trkpt>
      <trkpt lat="59.320725" lon="18.062882"><ele>23.8</ele><time>2026-09-05T08:06:41.000Z</time><extensions><gpxtpx:TrackPointExtension><gpxtpx:hr>141</gpxtpx:hr></gpxtpx:TrackPointExtension></extensions></trkpt>
      <trkpt lat="59.320725" lon="18.062882"><ele>23.8</ele><time>2026-09-05T08:06:42.000Z</time><extensions><gpxtpx:TrackPointExtension><gpxtpx:hr>141</gpxtpx:hr></gpxtpx:TrackPointExtension></extensions></trkpt>
      <trkpt lat="59.320861" lon="18.06268"><ele>18.2</ele><time>2026-09-05T08:08:50.000Z</time><extensions><gpxtpx:TrackPointExtension><gpxtpx:hr>141</gpxtpx:hr></gpxtpx:TrackPointExtension></extensions></trkpt>
      <trkpt lat="59.320863" lon="18.062673"><ele>17.8</ele><time>2026-09-05T08:08:51.000Z</time><extensions><gpxtpx:TrackPointExtension><gpxtpx:hr>141</gpxtpx:hr></gpxtpx:TrackPointExtension></extensions></trkpt>
      <trkpt lat="59.320861" lon="18.062665"><ele>17.4</ele><time>2026-09-05T08:08:52.000Z</time><extensions><gpxtpx:TrackPointExtension><gpxtpx:hr>141</gpxtpx:hr></gpxtpx:TrackPointExtension></extensions></trkpt>
      <trkpt lat="59.320858" lon="18.062656"><ele>17.2</ele><time>2026-09-05T08:08:53.000Z</time><extensions><gpxtpx:TrackPointExtension><gpxtpx:hr>141</gpxtpx:hr></gpxtpx:TrackPointExtension></extensions></trkpt>
      <trkpt lat="59.320856" lon="18.062649"><ele>17</ele><time>2026-09-05T08:08:54.000Z</time><extensions><gpxtpx:TrackPointExtension><gpxtpx:hr>103</gpxtpx:hr></gpxtpx:TrackPointExtension></extensions></trkpt>
      <trkpt lat="59.320854" lon="18.06264"><ele>16.8</ele><time>2026-09-05T08:08:55.000Z</time><extensions><gpxtpx:TrackPointExtension><gpxtpx:hr>103</gpxtpx:hr></gpxtpx:TrackPointExtension></extensions></trkpt>
      <trkpt lat="59.320853" lon="18.062624"><ele>16.6</ele><time>2026-09-05T08:08:56.000Z</time><extensions><gpxtpx:TrackPointExtension><gpxtpx:hr>103</gpxtpx:hr></gpxtpx:TrackPointExtension></extensions></trkpt>
      <trkpt lat="59.32085" lon="18.062596"><ele>16.6</ele><time>2026-09-05T08:08:57.000Z</time><extensions><gpxtpx:TrackPointExtension><gpxtpx:hr>103</gpxtpx:hr></gpxtpx:TrackPointExtension></extensions></trkpt>
      <trkpt lat="59.320847" lon="18.062562"><ele>16.6</ele><time>2026-09-05T08:08:58.000Z</time><extensions><gpxtpx:TrackPointExtension><gpxtpx:hr>103</gpxtpx:hr></gpxtpx:TrackPointExtension></extensions></trkpt>
      <trkpt lat="59.320843" lon="18.062525"><ele>16.6</ele><time>2026-09-05T08:08:59.000Z</time><extensions><gpxtpx:TrackPointExtension><gpxtpx:hr>109</gpxtpx:hr></gpxtpx:TrackPointExtension></extensions></trkpt>
      <trkpt lat="59.320839" lon="18.062486"><ele>16.6</ele><time>2026-09-05T08:09:00.000Z</time><extensions><gpxtpx:TrackPointExtension><gpxtpx:hr>109</gpxtpx:hr></gpxtpx:TrackPointExtension></extensions></trkpt>
      <trkpt lat="59.320834" lon="18.062443"><ele>16.6</ele><time>2026-09-05T08:09:01.000Z</time><extensions><gpxtpx:TrackPointExtension><gpxtpx:hr>109</gpxtpx:hr></gpxtpx:TrackPointExtension></extensions></trkpt>
      <trkpt lat="59.320829" lon="18.062399"><ele>16.6</ele><time>2026-09-05T08:09:02.000Z</time><extensions><gpxtpx:TrackPointExtension><gpxtpx:hr>109</gpxtpx:hr></gpxtpx:TrackPointExtension></extensions></trkpt>
      <trkpt lat="59.320823" lon="18.062355"><ele>16.8</ele><time>2026-09-05T08:09:03.000Z</time><extensions><gpxtpx:TrackPointExtension><gpxtpx:hr>109</gpxtpx:hr></gpxtpx:TrackPointExtension></extensions></trkpt>
      <trkpt lat="59.320817" lon="18.06231"><ele>16.8</ele><time>2026-09-05T08:09:04.000Z</time><extensions><gpxtpx:TrackPointExtension><gpxtpx:hr>113</gpxtpx:hr></gpxtpx:TrackPointExtension></extensions></trkpt>
      <trkpt lat="59.32081" lon="18.062266"><ele>17</ele><time>2026-09-05T08:09:05.000Z</time><extensions><gpxtpx:TrackPointExtension><gpxtpx:hr>113</gpxtpx:hr></gpxtpx:TrackPointExtension></extensions></trkpt>
      <trkpt lat="59.320802" lon="18.062222"><ele>17</ele><time>2026-09-05T08:09:06.000Z</time><extensions><gpxtpx:TrackPointExtension><gpxtpx:hr>113</gpxtpx:hr></gpxtpx:TrackPointExtension></extensions></trkpt>
      <trkpt lat="59.320794" lon="18.06218"><ele>17.2</ele><time>2026-09-05T08:09:07.000Z</time><extensions><gpxtpx:TrackPointExtension><gpxtpx:hr>113</gpxtpx:hr></gpxtpx:TrackPointExtension></extensions></trkpt>
      <trkpt lat="59.320786" lon="18.062137"><ele>17.4</ele><time>2026-09-05T08:09:08.000Z</time><extensions><gpxtpx:TrackPointExtension><gpxtpx:hr>113</gpxtpx:hr></gpxtpx:TrackPointExtension></extensions></trkpt>
      <trkpt lat="59.320779" lon="18.062093"><ele>17.6</ele><time>2026-09-05T08:09:09.000Z</time><extensions><gpxtpx:TrackPointExtension><gpxtpx:hr>113</gpxtpx:hr></gpxtpx:TrackPointExtension></extensions></trkpt>
      <trkpt lat="59.320772" lon="18.062047"><ele>17.8</ele><time>2026-09-05T08:09:10.000Z</time><extensions><gpxtpx:TrackPointExtension><gpxtpx:hr>113</gpxtpx:hr></gpxtpx:TrackPointExtension></extensions></trkpt>
      <trkpt lat="59.320765" lon="18.061999"><ele>18</ele><time>2026-09-05T08:09:11.000Z</time><extensions><gpxtpx:TrackPointExtension><gpxtpx:hr>113</gpxtpx:hr></gpxtpx:TrackPointExtension></extensions></trkpt>
      <trkpt lat="59.320759" lon="18.06195"><ele>18.2</ele><time>2026-09-05T08:09:12.000Z</time><extensions><gpxtpx:TrackPointExtension><gpxtpx:hr>113</gpxtpx:hr></gpxtpx:TrackPointExtension></extensions></trkpt>
      <trkpt lat="59.320753" lon="18.061901"><ele>18.4</ele><time>2026-09-05T08:09:13.000Z</time><extensions><gpxtpx:TrackPointExtension><gpxtpx:hr>121</gpxtpx:hr></gpxtpx:TrackPointExtension></extensions></trkpt>
      <trkpt lat="59.320748" lon="18.061853"><ele>18.6</ele><time>2026-09-05T08:09:14.000Z</time><extensions><gpxtpx:TrackPointExtension><gpxtpx:hr>121</gpxtpx:hr></gpxtpx:TrackPointExtension></extensions></trkpt>
      <trkpt lat="59.320743" lon="18.061806"><ele>19</ele><time>2026-09-05T08:09:15.000Z</time><extensions><gpxtpx:TrackPointExtension><gpxtpx:hr>123</gpxtpx:hr></gpxtpx:TrackPointExtension></extensions></trkpt>
      <trkpt lat="59.320737" lon="18.061759"><ele>19.2</ele><time>2026-09-05T08:09:16.000Z</time><extensions><gpxtpx:TrackPointExtension><gpxtpx:hr>123</gpxtpx:hr></gpxtpx:TrackPointExtension></extensions></trkpt>
      <trkpt lat="59.320732" lon="18.061713"><ele>19.6</ele><time>2026-09-05T08:09:17.000Z</time><extensions><gpxtpx:TrackPointExtension><gpxtpx:hr>123</gpxtpx:hr></gpxtpx:TrackPointExtension></extensions></trkpt>
      <trkpt lat="59.320727" lon="18.061667"><ele>20</ele><time>2026-09-05T08:09:18.000Z</time><extensions><gpxtpx:TrackPointExtension><gpxtpx:hr>123</gpxtpx:hr></gpxtpx:TrackPointExtension></extensions></trkpt>
      <trkpt lat="59.320723" lon="18.061621"><ele>20.4</ele><time>2026-09-05T08:09:19.000Z</time><extensions><gpxtpx:TrackPointExtension><gpxtpx:hr>123</gpxtpx:hr></gpxtpx:TrackPointExtension></extensions></trkpt>
      <trkpt lat="59.320719" lon="18.061575"><ele>20.8</ele><time>2026-09-05T08:09:20.000Z</time><extensions><gpxtpx:TrackPointExtension><gpxtpx:hr>123</gpxtpx:hr></gpxtpx:TrackPointExtension></extensions></trkpt>
      <trkpt lat="59.320717" lon="18.061529"><ele>21.4</ele><time>2026-09-05T08:09:21.000Z</time><extensions><gpxtpx:TrackPointExtension><gpxtpx:hr>123</gpxtpx:hr></gpxtpx:TrackPointExtension></extensions></trkpt>
      <trkpt lat="59.320717" lon="18.061481"><ele>21.8</ele><time>2026-09-05T08:09:22.000Z</time><extensions><gpxtpx:TrackPointExtension><gpxtpx:hr>123</gpxtpx:hr></gpxtpx:TrackPointExtension></extensions></trkpt>
      <trkpt lat="59.320716" lon="18.06143"><ele>22.2</ele><time>2026-09-05T08:09:23.000Z</time><extensions><gpxtpx:TrackPointExtension><gpxtpx:hr>130</gpxtpx:hr></gpxtpx:TrackPointExtension></extensions></trkpt>
      <trkpt lat="59.320715" lon="18.06138"><ele>22.6</ele><time>2026-09-05T08:09:24.000Z</time><extensions><gpxtpx:TrackPointExtension><gpxtpx:hr>130</gpxtpx:hr></gpxtpx:TrackPointExtension></extensions></trkpt>
      <trkpt lat="59.320714" lon="18.061329"><ele>23</ele><time>2026-09-05T08:09:25.000Z</time><extensions><gpxtpx:TrackPointExtension><gpxtpx:hr>130</gpxtpx:hr></gpxtpx:TrackPointExtension></extensions></trkpt>
      <trkpt lat="59.320713" lon="18.061277"><ele>23.4</ele><time>2026-09-05T08:09:26.000Z</time><extensions><gpxtpx:TrackPointExtension><gpxtpx:hr>130</gpxtpx:hr></gpxtpx:TrackPointExtension></extensions></trkpt>
      <trkpt lat="59.320709" lon="18.061222"><ele>23.8</ele><time>2026-09-05T08:09:27.000Z</time><extensions><gpxtpx:TrackPointExtension><gpxtpx:hr>130</gpxtpx:hr></gpxtpx:TrackPointExtension></extensions></trkpt>
      <trkpt lat="59.320705" lon="18.061163"><ele>24.2</ele><time>2026-09-05T08:09:28.000Z</time><extensions><gpxtpx:TrackPointExtension><gpxtpx:hr>133</gpxtpx:hr></gpxtpx:TrackPointExtension></extensions></trkpt>
      <trkpt lat="59.320699" lon="18.061106"><ele>24.4</ele><time>2026-09-05T08:09:29.000Z</time><extensions><gpxtpx:TrackPointExtension><gpxtpx:hr>133</gpxtpx:hr></gpxtpx:TrackPointExtension></extensions></trkpt>
      <trkpt lat="59.320693" lon="18.06105"><ele>24.6</ele><time>2026-09-05T08:09:30.000Z</time><extensions><gpxtpx:TrackPointExtension><gpxtpx:hr>133</gpxtpx:hr></gpxtpx:TrackPointExtension></extensions></trkpt>
      <trkpt lat="59.320689" lon="18.060995"><ele>25</ele><time>2026-09-05T08:09:31.000Z</time><extensions><gpxtpx:TrackPointExtension><gpxtpx:hr>134</gpxtpx:hr></gpxtpx:TrackPointExtension></extensions></trkpt>
      <trkpt lat="59.320689" lon="18.060944"><ele>25.2</ele><time>2026-09-05T08:09:32.000Z</time><extensions><gpxtpx:TrackPointExtension><gpxtpx:hr>134</gpxtpx:hr></gpxtpx:TrackPointExtension></extensions></trkpt>
      <trkpt lat="59.320692" lon="18.060897"><ele>25.4</ele><time>2026-09-05T08:09:33.000Z</time><extensions><gpxtpx:TrackPointExtension><gpxtpx:hr>134</gpxtpx:hr></gpxtpx:TrackPointExtension></extensions></trkpt>
      <trkpt lat="59.320696" lon="18.06085"><ele>25.6</ele><time>2026-09-05T08:09:34.000Z</time><extensions><gpxtpx:TrackPointExtension><gpxtpx:hr>135</gpxtpx:hr></gpxtpx:TrackPointExtension></extensions></trkpt>
      <trkpt lat="59.320699" lon="18.060802"><ele>25.6</ele><time>2026-09-05T08:09:35.000Z</time><extensions><gpxtpx:TrackPointExtension><gpxtpx:hr>135</gpxtpx:hr></gpxtpx:TrackPointExtension></extensions></trkpt>
      <trkpt lat="59.3207" lon="18.060757"><ele>25.8</ele><time>2026-09-05T08:09:36.000Z</time><extensions><gpxtpx:TrackPointExtension><gpxtpx:hr>135</gpxtpx:hr></gpxtpx:TrackPointExtension></extensions></trkpt>
      <trkpt lat="59.320699" lon="18.060714"><ele>26</ele><time>2026-09-05T08:09:37.000Z</time><extensions><gpxtpx:TrackPointExtension><gpxtpx:hr>135</gpxtpx:hr></gpxtpx:TrackPointExtension></extensions></trkpt>
      <trkpt lat="59.320695" lon="18.060668"><ele>26</ele><time>2026-09-05T08:09:38.000Z</time><extensions><gpxtpx:TrackPointExtension><gpxtpx:hr>135</gpxtpx:hr></gpxtpx:TrackPointExtension></extensions></trkpt>
      <trkpt lat="59.320691" lon="18.060619"><ele>26</ele><time>2026-09-05T08:09:39.000Z</time><extensions><gpxtpx:TrackPointExtension><gpxtpx:hr>135</gpxtpx:hr></gpxtpx:TrackPointExtension></extensions></trkpt>
      <trkpt lat="59.320686" lon="18.06057"><ele>26</ele><time>2026-09-05T08:09:40.000Z</time><extensions><gpxtpx:TrackPointExtension><gpxtpx:hr>135</gpxtpx:hr></gpxtpx:TrackPointExtension></extensions></trkpt>
      <trkpt lat="59.320682" lon="18.060522"><ele>26.2</ele><time>2026-09-05T08:09:41.000Z</time><extensions><gpxtpx:TrackPointExtension><gpxtpx:hr>135</gpxtpx:hr></gpxtpx:TrackPointExtension></extensions></trkpt>
      <trkpt lat="59.320679" lon="18.060479"><ele>26.2</ele><time>2026-09-05T08:09:42.000Z</time><extensions><gpxtpx:TrackPointExtension><gpxtpx:hr>140</gpxtpx:hr></gpxtpx:TrackPointExtension></extensions></trkpt>
      <trkpt lat="59.320677" lon="18.06044"><ele>26.2</ele><time>2026-09-05T08:09:43.000Z</time><extensions><gpxtpx:TrackPointExtension><gpxtpx:hr>140</gpxtpx:hr></gpxtpx:TrackPointExtension></extensions></trkpt>
      <trkpt lat="59.320675" lon="18.0604"><ele>26.2</ele><time>2026-09-05T08:09:44.000Z</time><extensions><gpxtpx:TrackPointExtension><gpxtpx:hr>140</gpxtpx:hr></gpxtpx:TrackPointExtension></extensions></trkpt>
      <trkpt lat="59.320673" lon="18.060356"><ele>26.2</ele><time>2026-09-05T08:09:45.000Z</time><extensions><gpxtpx:TrackPointExtension><gpxtpx:hr>140</gpxtpx:hr></gpxtpx:TrackPointExtension></extensions></trkpt>
      <trkpt lat="59.32067" lon="18.060309"><ele>26.2</ele><time>2026-09-05T08:09:46.000Z</time><extensions><gpxtpx:TrackPointExtension><gpxtpx:hr>140</gpxtpx:hr></gpxtpx:TrackPointExtension></extensions></trkpt>
      <trkpt lat="59.320667" lon="18.060261"><ele>26.2</ele><time>2026-09-05T08:09:47.000Z</time><extensions><gpxtpx:TrackPointExtension><gpxtpx:hr>142</gpxtpx:hr></gpxtpx:TrackPointExtension></extensions></trkpt>
      <trkpt lat="59.320664" lon="18.060215"><ele>26.4</ele><time>2026-09-05T08:09:48.000Z</time><extensions><gpxtpx:TrackPointExtension><gpxtpx:hr>142</gpxtpx:hr></gpxtpx:TrackPointExtension></extensions></trkpt>
      <trkpt lat="59.32066" lon="18.060172"><ele>26.4</ele><time>2026-09-05T08:09:49.000Z</time><extensions><gpxtpx:TrackPointExtension><gpxtpx:hr>142</gpxtpx:hr></gpxtpx:TrackPointExtension></extensions></trkpt>
      <trkpt lat="59.320657" lon="18.060129"><ele>26.4</ele><time>2026-09-05T08:09:50.000Z</time><extensions><gpxtpx:TrackPointExtension><gpxtpx:hr>142</gpxtpx:hr></gpxtpx:TrackPointExtension></extensions></trkpt>
      <trkpt lat="59.320653" lon="18.060085"><ele>26.4</ele><time>2026-09-05T08:09:51.000Z</time><extensions><gpxtpx:TrackPointExtension><gpxtpx:hr>142</gpxtpx:hr></gpxtpx:TrackPointExtension></extensions></trkpt>
      <trkpt lat="59.320651" lon="18.06004"><ele>26.4</ele><time>2026-09-05T08:09:52.000Z</time><extensions><gpxtpx:TrackPointExtension><gpxtpx:hr>142</gpxtpx:hr></gpxtpx:TrackPointExtension></extensions></trkpt>
      <trkpt lat="59.320649" lon="18.059996"><ele>26.6</ele><time>2026-09-05T08:09:53.000Z</time><extensions><gpxtpx:TrackPointExtension><gpxtpx:hr>143</gpxtpx:hr></gpxtpx:TrackPointExtension></extensions></trkpt>
      <trkpt lat="59.320649" lon="18.059955"><ele>26.6</ele><time>2026-09-05T08:09:54.000Z</time><extensions><gpxtpx:TrackPointExtension><gpxtpx:hr>143</gpxtpx:hr></gpxtpx:TrackPointExtension></extensions></trkpt>
      <trkpt lat="59.320648" lon="18.059917"><ele>26.8</ele><time>2026-09-05T08:09:55.000Z</time><extensions><gpxtpx:TrackPointExtension><gpxtpx:hr>143</gpxtpx:hr></gpxtpx:TrackPointExtension></extensions></trkpt>
      <trkpt lat="59.320647" lon="18.059879"><ele>26.8</ele><time>2026-09-05T08:09:56.000Z</time><extensions><gpxtpx:TrackPointExtension><gpxtpx:hr>143</gpxtpx:hr></gpxtpx:TrackPointExtension></extensions></trkpt>
      <trkpt lat="59.320647" lon="18.059841"><ele>26.8</ele><time>2026-09-05T08:09:57.000Z</time><extensions><gpxtpx:TrackPointExtension><gpxtpx:hr>143</gpxtpx:hr></gpxtpx:TrackPointExtension></extensions></trkpt>
      <trkpt lat="59.320646" lon="18.059802"><ele>27</ele><time>2026-09-05T08:09:58.000Z</time><extensions><gpxtpx:TrackPointExtension><gpxtpx:hr>143</gpxtpx:hr></gpxtpx:TrackPointExtension></extensions></trkpt>
      <trkpt lat="59.320645" lon="18.059761"><ele>27</ele><time>2026-09-05T08:09:59.000Z</time><extensions><gpxtpx:TrackPointExtension><gpxtpx:hr>143</gpxtpx:hr></gpxtpx:TrackPointExtension></extensions></trkpt>
      <trkpt lat="59.320643" lon="18.05972"><ele>27</ele><time>2026-09-05T08:10:00.000Z</time><extensions><gpxtpx:TrackPointExtension><gpxtpx:hr>145</gpxtpx:hr></gpxtpx:TrackPointExtension></extensions></trkpt>
      <trkpt lat="59.320641" lon="18.05968"><ele>27.2</ele><time>2026-09-05T08:10:01.000Z</time><extensions><gpxtpx:TrackPointExtension><gpxtpx:hr>145</gpxtpx:hr></gpxtpx:TrackPointExtension></extensions></trkpt>
      <trkpt lat="59.320637" lon="18.059638"><ele>27.2</ele><time>2026-09-05T08:10:02.000Z</time><extensions><gpxtpx:TrackPointExtension><gpxtpx:hr>145</gpxtpx:hr></gpxtpx:TrackPointExtension></extensions></trkpt>
      <trkpt lat="59.320633" lon="18.0596"><ele>27.2</ele><time>2026-09-05T08:10:03.000Z</time><extensions><gpxtpx:TrackPointExtension><gpxtpx:hr>145</gpxtpx:hr></gpxtpx:TrackPointExtension></extensions></trkpt>
      <trkpt lat="59.320629" lon="18.059564"><ele>27.2</ele><time>2026-09-05T08:10:04.000Z</time><extensions><gpxtpx:TrackPointExtension><gpxtpx:hr>145</gpxtpx:hr></gpxtpx:TrackPointExtension></extensions></trkpt>
      <trkpt lat="59.320627" lon="18.059533"><ele>27.4</ele><time>2026-09-05T08:10:05.000Z</time><extensions><gpxtpx:TrackPointExtension><gpxtpx:hr>143</gpxtpx:hr></gpxtpx:TrackPointExtension></extensions></trkpt>
      <trkpt lat="59.320624" lon="18.059475"><ele>27.4</ele><time>2026-09-05T08:10:06.000Z</time><extensions><gpxtpx:TrackPointExtension><gpxtpx:hr>143</gpxtpx:hr></gpxtpx:TrackPointExtension></extensions></trkpt>
      <trkpt lat="59.320621" lon="18.059437"><ele>27.4</ele><time>2026-09-05T08:10:07.000Z</time><extensions><gpxtpx:TrackPointExtension><gpxtpx:hr>143</gpxtpx:hr></gpxtpx:TrackPointExtension></extensions></trkpt>
      <trkpt lat="59.320617" lon="18.059395"><ele>27.4</ele><time>2026-09-05T08:10:08.000Z</time><extensions><gpxtpx:TrackPointExtension><gpxtpx:hr>143</gpxtpx:hr></gpxtpx:TrackPointExtension></extensions></trkpt>
      <trkpt lat="59.320615" lon="18.059352"><ele>27.4</ele><time>2026-09-05T08:10:09.000Z</time><extensions><gpxtpx:TrackPointExtension><gpxtpx:hr>144</gpxtpx:hr></gpxtpx:TrackPointExtension></extensions></trkpt>
      <trkpt lat="59.320616" lon="18.059308"><ele>27.4</ele><time>2026-09-05T08:10:10.000Z</time><extensions><gpxtpx:TrackPointExtension><gpxtpx:hr>144</gpxtpx:hr></gpxtpx:TrackPointExtension></extensions></trkpt>
      <trkpt lat="59.320618" lon="18.05926"><ele>27.4</ele><time>2026-09-05T08:10:11.000Z</time><extensions><gpxtpx:TrackPointExtension><gpxtpx:hr>144</gpxtpx:hr></gpxtpx:TrackPointExtension></extensions></trkpt>
      <trkpt lat="59.32062" lon="18.059208"><ele>27.4</ele><time>2026-09-05T08:10:12.000Z</time><extensions><gpxtpx:TrackPointExtension><gpxtpx:hr>144</gpxtpx:hr></gpxtpx:TrackPointExtension></extensions></trkpt>
      <trkpt lat="59.32062" lon="18.059156"><ele>27.4</ele><time>2026-09-05T08:10:13.000Z</time><extensions><gpxtpx:TrackPointExtension><gpxtpx:hr>144</gpxtpx:hr></gpxtpx:TrackPointExtension></extensions></trkpt>
      <trkpt lat="59.32062" lon="18.059108"><ele>27.4</ele><time>2026-09-05T08:10:14.000Z</time><extensions><gpxtpx:TrackPointExtension><gpxtpx:hr>144</gpxtpx:hr></gpxtpx:TrackPointExtension></extensions></trkpt>
      <trkpt lat="59.320617" lon="18.059063"><ele>27.4</ele><time>2026-09-05T08:10:15.000Z</time><extensions><gpxtpx:TrackPointExtension><gpxtpx:hr>144</gpxtpx:hr></gpxtpx:TrackPointExtension></extensions></trkpt>
      <trkpt lat="59.32061" lon="18.058985"><ele>27.4</ele><time>2026-09-05T08:10:16.000Z</time><extensions><gpxtpx:TrackPointExtension><gpxtpx:hr>144</gpxtpx:hr></gpxtpx:TrackPointExtension></extensions></trkpt>
      <trkpt lat="59.32061" lon="18.058985"><ele>27.4</ele><time>2026-09-05T08:10:17.000Z</time><extensions><gpxtpx:TrackPointExtension><gpxtpx:hr>143</gpxtpx:hr></gpxtpx:TrackPointExtension></extensions></trkpt>
      <trkpt lat="59.320603" lon="18.058949"><ele>27.4</ele><time>2026-09-05T08:10:18.000Z</time><extensions><gpxtpx:TrackPointExtension><gpxtpx:hr>143</gpxtpx:hr></gpxtpx:TrackPointExtension></extensions></trkpt>
      <trkpt lat="59.320591" lon="18.058914"><ele>27.4</ele><time>2026-09-05T08:10:19.000Z</time><extensions><gpxtpx:TrackPointExtension><gpxtpx:hr>143</gpxtpx:hr></gpxtpx:TrackPointExtension></extensions></trkpt>
      <trkpt lat="59.320574" lon="18.058882"><ele>27.6</ele><time>2026-09-05T08:10:20.000Z</time><extensions><gpxtpx:TrackPointExtension><gpxtpx:hr>143</gpxtpx:hr></gpxtpx:TrackPointExtension></extensions></trkpt>
      <trkpt lat="59.320555" lon="18.058854"><ele>27.6</ele><time>2026-09-05T08:10:21.000Z</time><extensions><gpxtpx:TrackPointExtension><gpxtpx:hr>143</gpxtpx:hr></gpxtpx:TrackPointExtension></extensions></trkpt>
      <trkpt lat="59.320537" lon="18.058828"><ele>27.8</ele><time>2026-09-05T08:10:22.000Z</time><extensions><gpxtpx:TrackPointExtension><gpxtpx:hr>143</gpxtpx:hr></gpxtpx:TrackPointExtension></extensions></trkpt>
      <trkpt lat="59.320519" lon="18.058804"><ele>28</ele><time>2026-09-05T08:10:23.000Z</time><extensions><gpxtpx:TrackPointExtension><gpxtpx:hr>143</gpxtpx:hr></gpxtpx:TrackPointExtension></extensions></trkpt>
      <trkpt lat="59.320503" lon="18.058778"><ele>28.2</ele><time>2026-09-05T08:10:24.000Z</time><extensions><gpxtpx:TrackPointExtension><gpxtpx:hr>143</gpxtpx:hr></gpxtpx:TrackPointExtension></extensions></trkpt>
      <trkpt lat="59.320489" lon="18.058748"><ele>28.6</ele><time>2026-09-05T08:10:25.000Z</time><extensions><gpxtpx:TrackPointExtension><gpxtpx:hr>143</gpxtpx:hr></gpxtpx:TrackPointExtension></extensions></trkpt>
      <trkpt lat="59.320476" lon="18.058714"><ele>28.8</ele><time>2026-09-05T08:10:26.000Z</time><extensions><gpxtpx:TrackPointExtension><gpxtpx:hr>144</gpxtpx:hr></gpxtpx:TrackPointExtension></extensions></trkpt>
      <trkpt lat="59.320467" lon="18.058677"><ele>29.2</ele><time>2026-09-05T08:10:27.000Z</time><extensions><gpxtpx:TrackPointExtension><gpxtpx:hr>144</gpxtpx:hr></gpxtpx:TrackPointExtension></extensions></trkpt>
      <trkpt lat="59.320461" lon="18.058637"><ele>29.6</ele><time>2026-09-05T08:10:28.000Z</time><extensions><gpxtpx:TrackPointExtension><gpxtpx:hr>144</gpxtpx:hr></gpxtpx:TrackPointExtension></extensions></trkpt>
      <trkpt lat="59.320457" lon="18.058596"><ele>29.8</ele><time>2026-09-05T08:10:29.000Z</time><extensions><gpxtpx:TrackPointExtension><gpxtpx:hr>144</gpxtpx:hr></gpxtpx:TrackPointExtension></extensions></trkpt>
      <trkpt lat="59.320455" lon="18.058553"><ele>30.2</ele><time>2026-09-05T08:10:30.000Z</time><extensions><gpxtpx:TrackPointExtension><gpxtpx:hr>145</gpxtpx:hr></gpxtpx:TrackPointExtension></extensions></trkpt>
      <trkpt lat="59.320454" lon="18.05851"><ele>30.2</ele><time>2026-09-05T08:10:31.000Z</time><extensions><gpxtpx:TrackPointExtension><gpxtpx:hr>145</gpxtpx:hr></gpxtpx:TrackPointExtension></extensions></trkpt>
      <trkpt lat="59.320453" lon="18.058468"><ele>30.2</ele><time>2026-09-05T08:10:32.000Z</time><extensions><gpxtpx:TrackPointExtension><gpxtpx:hr>145</gpxtpx:hr></gpxtpx:TrackPointExtension></extensions></trkpt>
      <trkpt lat="59.320452" lon="18.058426"><ele>30.2</ele><time>2026-09-05T08:10:33.000Z</time><extensions><gpxtpx:TrackPointExtension><gpxtpx:hr>145</gpxtpx:hr></gpxtpx:TrackPointExtension></extensions></trkpt>
      <trkpt lat="59.320451" lon="18.058385"><ele>30.2</ele><time>2026-09-05T08:10:34.000Z</time><extensions><gpxtpx:TrackPointExtension><gpxtpx:hr>145</gpxtpx:hr></gpxtpx:TrackPointExtension></extensions></trkpt>
      <trkpt lat="59.320448" lon="18.058346"><ele>30</ele><time>2026-09-05T08:10:35.000Z</time><extensions><gpxtpx:TrackPointExtension><gpxtpx:hr>145</gpxtpx:hr></gpxtpx:TrackPointExtension></extensions></trkpt>
      <trkpt lat="59.320445" lon="18.058308"><ele>29.8</ele><time>2026-09-05T08:10:36.000Z</time><extensions><gpxtpx:TrackPointExtension><gpxtpx:hr>145</gpxtpx:hr></gpxtpx:TrackPointExtension></extensions></trkpt>
      <trkpt lat="59.32044" lon="18.058271"><ele>29.6</ele><time>2026-09-05T08:10:37.000Z</time><extensions><gpxtpx:TrackPointExtension><gpxtpx:hr>145</gpxtpx:hr></gpxtpx:TrackPointExtension></extensions></trkpt>
      <trkpt lat="59.320436" lon="18.058233"><ele>29.4</ele><time>2026-09-05T08:10:38.000Z</time><extensions><gpxtpx:TrackPointExtension><gpxtpx:hr>145</gpxtpx:hr></gpxtpx:TrackPointExtension></extensions></trkpt>
      <trkpt lat="59.320432" lon="18.058197"><ele>29</ele><time>2026-09-05T08:10:39.000Z</time><extensions><gpxtpx:TrackPointExtension><gpxtpx:hr>145</gpxtpx:hr></gpxtpx:TrackPointExtension></extensions></trkpt>
      <trkpt lat="59.320428" lon="18.058159"><ele>28.8</ele><time>2026-09-05T08:10:40.000Z</time><extensions><gpxtpx:TrackPointExtension><gpxtpx:hr>145</gpxtpx:hr></gpxtpx:TrackPointExtension></extensions></trkpt>
      <trkpt lat="59.320426" lon="18.058118"><ele>28.6</ele><time>2026-09-05T08:10:41.000Z</time><extensions><gpxtpx:TrackPointExtension><gpxtpx:hr>145</gpxtpx:hr></gpxtpx:TrackPointExtension></extensions></trkpt>
      <trkpt lat="59.320426" lon="18.058075"><ele>28.4</ele><time>2026-09-05T08:10:42.000Z</time><extensions><gpxtpx:TrackPointExtension><gpxtpx:hr>145</gpxtpx:hr></gpxtpx:TrackPointExtension></extensions></trkpt>
      <trkpt lat="59.320429" lon="18.058031"><ele>28</ele><time>2026-09-05T08:10:43.000Z</time><extensions><gpxtpx:TrackPointExtension><gpxtpx:hr>145</gpxtpx:hr></gpxtpx:TrackPointExtension></extensions></trkpt>
      <trkpt lat="59.320433" lon="18.057985"><ele>27.8</ele><time>2026-09-05T08:10:44.000Z</time><extensions><gpxtpx:TrackPointExtension><gpxtpx:hr>144</gpxtpx:hr></gpxtpx:TrackPointExtension></extensions></trkpt>
      <trkpt lat="59.320438" lon="18.057938"><ele>27.4</ele><time>2026-09-05T08:10:45.000Z</time><extensions><gpxtpx:TrackPointExtension><gpxtpx:hr>144</gpxtpx:hr></gpxtpx:TrackPointExtension></extensions></trkpt>
      <trkpt lat="59.320444" lon="18.05789"><ele>27.2</ele><time>2026-09-05T08:10:46.000Z</time><extensions><gpxtpx:TrackPointExtension><gpxtpx:hr>144</gpxtpx:hr></gpxtpx:TrackPointExtension></extensions></trkpt>
      <trkpt lat="59.320451" lon="18.057842"><ele>26.8</ele><time>2026-09-05T08:10:47.000Z</time><extensions><gpxtpx:TrackPointExtension><gpxtpx:hr>144</gpxtpx:hr></gpxtpx:TrackPointExtension></extensions></trkpt>
      <trkpt lat="59.320457" lon="18.057795"><ele>26.4</ele><time>2026-09-05T08:10:48.000Z</time><extensions><gpxtpx:TrackPointExtension><gpxtpx:hr>144</gpxtpx:hr></gpxtpx:TrackPointExtension></extensions></trkpt>
      <trkpt lat="59.320464" lon="18.057748"><ele>26.2</ele><time>2026-09-05T08:10:49.000Z</time><extensions><gpxtpx:TrackPointExtension><gpxtpx:hr>144</gpxtpx:hr></gpxtpx:TrackPointExtension></extensions></trkpt>
      <trkpt lat="59.32047" lon="18.057703"><ele>25.8</ele><time>2026-09-05T08:10:50.000Z</time><extensions><gpxtpx:TrackPointExtension><gpxtpx:hr>145</gpxtpx:hr></gpxtpx:TrackPointExtension></extensions></trkpt>
      <trkpt lat="59.320476" lon="18.057659"><ele>25.6</ele><time>2026-09-05T08:10:51.000Z</time><extensions><gpxtpx:TrackPointExtension><gpxtpx:hr>145</gpxtpx:hr></gpxtpx:TrackPointExtension></extensions></trkpt>
      <trkpt lat="59.320481" lon="18.057613"><ele>25.2</ele><time>2026-09-05T08:10:52.000Z</time><extensions><gpxtpx:TrackPointExtension><gpxtpx:hr>145</gpxtpx:hr></gpxtpx:TrackPointExtension></extensions></trkpt>
      <trkpt lat="59.320485" lon="18.057566"><ele>25</ele><time>2026-09-05T08:10:53.000Z</time><extensions><gpxtpx:TrackPointExtension><gpxtpx:hr>145</gpxtpx:hr></gpxtpx:TrackPointExtension></extensions></trkpt>
      <trkpt lat="59.320486" lon="18.057518"><ele>24.8</ele><time>2026-09-05T08:10:54.000Z</time><extensions><gpxtpx:TrackPointExtension><gpxtpx:hr>145</gpxtpx:hr></gpxtpx:TrackPointExtension></extensions></trkpt>
      <trkpt lat="59.320485" lon="18.057476"><ele>24.6</ele><time>2026-09-05T08:10:55.000Z</time><extensions><gpxtpx:TrackPointExtension><gpxtpx:hr>145</gpxtpx:hr></gpxtpx:TrackPointExtension></extensions></trkpt>
      <trkpt lat="59.320482" lon="18.057439"><ele>24.4</ele><time>2026-09-05T08:10:56.000Z</time><extensions><gpxtpx:TrackPointExtension><gpxtpx:hr>145</gpxtpx:hr></gpxtpx:TrackPointExtension></extensions></trkpt>
      <trkpt lat="59.32048" lon="18.057406"><ele>24.2</ele><time>2026-09-05T08:10:57.000Z</time><extensions><gpxtpx:TrackPointExtension><gpxtpx:hr>145</gpxtpx:hr></gpxtpx:TrackPointExtension></extensions></trkpt>
      <trkpt lat="59.320477" lon="18.057376"><ele>24.2</ele><time>2026-09-05T08:10:58.000Z</time><extensions><gpxtpx:TrackPointExtension><gpxtpx:hr>146</gpxtpx:hr></gpxtpx:TrackPointExtension></extensions></trkpt>
      <trkpt lat="59.320474" lon="18.05735"><ele>24.2</ele><time>2026-09-05T08:10:59.000Z</time><extensions><gpxtpx:TrackPointExtension><gpxtpx:hr>146</gpxtpx:hr></gpxtpx:TrackPointExtension></extensions></trkpt>
      <trkpt lat="59.320472" lon="18.057328"><ele>24.2</ele><time>2026-09-05T08:11:00.000Z</time><extensions><gpxtpx:TrackPointExtension><gpxtpx:hr>146</gpxtpx:hr></gpxtpx:TrackPointExtension></extensions></trkpt>
      <trkpt lat="59.320471" lon="18.057317"><ele>24.2</ele><time>2026-09-05T08:11:01.000Z</time><extensions><gpxtpx:TrackPointExtension><gpxtpx:hr>146</gpxtpx:hr></gpxtpx:TrackPointExtension></extensions></trkpt>
      <trkpt lat="59.320452" lon="18.057254"><ele>25</ele><time>2026-09-05T08:11:07.000Z</time><extensions><gpxtpx:TrackPointExtension><gpxtpx:hr>123</gpxtpx:hr></gpxtpx:TrackPointExtension></extensions></trkpt>
      <trkpt lat="59.320443" lon="18.057246"><ele>25.2</ele><time>2026-09-05T08:11:08.000Z</time><extensions><gpxtpx:TrackPointExtension><gpxtpx:hr>123</gpxtpx:hr></gpxtpx:TrackPointExtension></extensions></trkpt>
      <trkpt lat="59.320431" lon="18.057251"><ele>25.2</ele><time>2026-09-05T08:11:09.000Z</time><extensions><gpxtpx:TrackPointExtension><gpxtpx:hr>123</gpxtpx:hr></gpxtpx:TrackPointExtension></extensions></trkpt>
      <trkpt lat="59.320417" lon="18.057261"><ele>25.4</ele><time>2026-09-05T08:11:10.000Z</time><extensions><gpxtpx:TrackPointExtension><gpxtpx:hr>123</gpxtpx:hr></gpxtpx:TrackPointExtension></extensions></trkpt>
      <trkpt lat="59.320402" lon="18.057273"><ele>25.6</ele><time>2026-09-05T08:11:11.000Z</time><extensions><gpxtpx:TrackPointExtension><gpxtpx:hr>123</gpxtpx:hr></gpxtpx:TrackPointExtension></extensions></trkpt>
      <trkpt lat="59.320386" lon="18.057283"><ele>25.8</ele><time>2026-09-05T08:11:12.000Z</time><extensions><gpxtpx:TrackPointExtension><gpxtpx:hr>123</gpxtpx:hr></gpxtpx:TrackPointExtension></extensions></trkpt>
      <trkpt lat="59.32037" lon="18.057295"><ele>26</ele><time>2026-09-05T08:11:13.000Z</time><extensions><gpxtpx:TrackPointExtension><gpxtpx:hr>123</gpxtpx:hr></gpxtpx:TrackPointExtension></extensions></trkpt>
      <trkpt lat="59.320354" lon="18.057308"><ele>26.4</ele><time>2026-09-05T08:11:14.000Z</time><extensions><gpxtpx:TrackPointExtension><gpxtpx:hr>124</gpxtpx:hr></gpxtpx:TrackPointExtension></extensions></trkpt>
      <trkpt lat="59.320338" lon="18.05732"><ele>26.6</ele><time>2026-09-05T08:11:15.000Z</time><extensions><gpxtpx:TrackPointExtension><gpxtpx:hr>124</gpxtpx:hr></gpxtpx:TrackPointExtension></extensions></trkpt>
      <trkpt lat="59.320321" lon="18.057329"><ele>26.8</ele><time>2026-09-05T08:11:16.000Z</time><extensions><gpxtpx:TrackPointExtension><gpxtpx:hr>124</gpxtpx:hr></gpxtpx:TrackPointExtension></extensions></trkpt>
      <trkpt lat="59.320305" lon="18.057339"><ele>27</ele><time>2026-09-05T08:11:17.000Z</time><extensions><gpxtpx:TrackPointExtension><gpxtpx:hr>124</gpxtpx:hr></gpxtpx:TrackPointExtension></extensions></trkpt>
      <trkpt lat="59.32029" lon="18.057347"><ele>27.4</ele><time>2026-09-05T08:11:18.000Z</time><extensions><gpxtpx:TrackPointExtension><gpxtpx:hr>124</gpxtpx:hr></gpxtpx:TrackPointExtension></extensions></trkpt>
      <trkpt lat="59.320274" lon="18.057356"><ele>27.6</ele><time>2026-09-05T08:11:19.000Z</time><extensions><gpxtpx:TrackPointExtension><gpxtpx:hr>122</gpxtpx:hr></gpxtpx:TrackPointExtension></extensions></trkpt>
      <trkpt lat="59.320259" lon="18.057364"><ele>27.8</ele><time>2026-09-05T08:11:20.000Z</time><extensions><gpxtpx:TrackPointExtension><gpxtpx:hr>122</gpxtpx:hr></gpxtpx:TrackPointExtension></extensions></trkpt>
      <trkpt lat="59.320244" lon="18.057371"><ele>28.2</ele><time>2026-09-05T08:11:21.000Z</time><extensions><gpxtpx:TrackPointExtension><gpxtpx:hr>122</gpxtpx:hr></gpxtpx:TrackPointExtension></extensions></trkpt>
      <trkpt lat="59.32023" lon="18.057377"><ele>28.4</ele><time>2026-09-05T08:11:22.000Z</time><extensions><gpxtpx:TrackPointExtension><gpxtpx:hr>122</gpxtpx:hr></gpxtpx:TrackPointExtension></extensions></trkpt>
      <trkpt lat="59.320216" lon="18.057382"><ele>28.6</ele><time>2026-09-05T08:11:23.000Z</time><extensions><gpxtpx:TrackPointExtension><gpxtpx:hr>122</gpxtpx:hr></gpxtpx:TrackPointExtension></extensions></trkpt>
      <trkpt lat="59.320202" lon="18.057386"><ele>29</ele><time>2026-09-05T08:11:24.000Z</time><extensions><gpxtpx:TrackPointExtension><gpxtpx:hr>123</gpxtpx:hr></gpxtpx:TrackPointExtension></extensions></trkpt>
      <trkpt lat="59.320187" lon="18.05739"><ele>29.4</ele><time>2026-09-05T08:11:25.000Z</time><extensions><gpxtpx:TrackPointExtension><gpxtpx:hr>123</gpxtpx:hr></gpxtpx:TrackPointExtension></extensions></trkpt>
      <trkpt lat="59.320172" lon="18.057393"><ele>29.6</ele><time>2026-09-05T08:11:26.000Z</time><extensions><gpxtpx:TrackPointExtension><gpxtpx:hr>123</gpxtpx:hr></gpxtpx:TrackPointExtension></extensions></trkpt>
      <trkpt lat="59.320157" lon="18.057395"><ele>30</ele><time>2026-09-05T08:11:27.000Z</time><extensions><gpxtpx:TrackPointExtension><gpxtpx:hr>123</gpxtpx:hr></gpxtpx:TrackPointExtension></extensions></trkpt>
      <trkpt lat="59.320144" lon="18.057395"><ele>30.4</ele><time>2026-09-05T08:11:28.000Z</time><extensions><gpxtpx:TrackPointExtension><gpxtpx:hr>123</gpxtpx:hr></gpxtpx:TrackPointExtension></extensions></trkpt>
      <trkpt lat="59.320135" lon="18.057395"><ele>30.6</ele><time>2026-09-05T08:11:29.000Z</time><extensions><gpxtpx:TrackPointExtension><gpxtpx:hr>130</gpxtpx:hr></gpxtpx:TrackPointExtension></extensions></trkpt>
      <trkpt lat="59.320129" lon="18.057395"><ele>31</ele><time>2026-09-05T08:11:30.000Z</time><extensions><gpxtpx:TrackPointExtension><gpxtpx:hr>130</gpxtpx:hr></gpxtpx:TrackPointExtension></extensions></trkpt>
      <trkpt lat="59.320121" lon="18.057397"><ele>31.4</ele><time>2026-09-05T08:11:31.000Z</time><extensions><gpxtpx:TrackPointExtension><gpxtpx:hr>130</gpxtpx:hr></gpxtpx:TrackPointExtension></extensions></trkpt>
      <trkpt lat="59.32011" lon="18.057398"><ele>31.6</ele><time>2026-09-05T08:11:32.000Z</time><extensions><gpxtpx:TrackPointExtension><gpxtpx:hr>130</gpxtpx:hr></gpxtpx:TrackPointExtension></extensions></trkpt>
      <trkpt lat="59.320096" lon="18.057398"><ele>32</ele><time>2026-09-05T08:11:33.000Z</time><extensions><gpxtpx:TrackPointExtension><gpxtpx:hr>130</gpxtpx:hr></gpxtpx:TrackPointExtension></extensions></trkpt>
      <trkpt lat="59.32008" lon="18.057399"><ele>32.2</ele><time>2026-09-05T08:11:34.000Z</time><extensions><gpxtpx:TrackPointExtension><gpxtpx:hr>130</gpxtpx:hr></gpxtpx:TrackPointExtension></extensions></trkpt>
      <trkpt lat="59.320064" lon="18.057398"><ele>32.4</ele><time>2026-09-05T08:11:35.000Z</time><extensions><gpxtpx:TrackPointExtension><gpxtpx:hr>130</gpxtpx:hr></gpxtpx:TrackPointExtension></extensions></trkpt>
      <trkpt lat="59.320048" lon="18.057398"><ele>32.6</ele><time>2026-09-05T08:11:36.000Z</time><extensions><gpxtpx:TrackPointExtension><gpxtpx:hr>130</gpxtpx:hr></gpxtpx:TrackPointExtension></extensions></trkpt>
      <trkpt lat="59.320031" lon="18.057395"><ele>32.8</ele><time>2026-09-05T08:11:37.000Z</time><extensions><gpxtpx:TrackPointExtension><gpxtpx:hr>130</gpxtpx:hr></gpxtpx:TrackPointExtension></extensions></trkpt>
      <trkpt lat="59.320014" lon="18.057388"><ele>32.8</ele><time>2026-09-05T08:11:38.000Z</time><extensions><gpxtpx:TrackPointExtension><gpxtpx:hr>130</gpxtpx:hr></gpxtpx:TrackPointExtension></extensions></trkpt>
      <trkpt lat="59.320003" lon="18.057366"><ele>32.8</ele><time>2026-09-05T08:11:39.000Z</time><extensions><gpxtpx:TrackPointExtension><gpxtpx:hr>131</gpxtpx:hr></gpxtpx:TrackPointExtension></extensions></trkpt>
      <trkpt lat="59.319988" lon="18.05735"><ele>32.8</ele><time>2026-09-05T08:11:40.000Z</time><extensions><gpxtpx:TrackPointExtension><gpxtpx:hr>131</gpxtpx:hr></gpxtpx:TrackPointExtension></extensions></trkpt>
      <trkpt lat="59.319976" lon="18.057326"><ele>32.8</ele><time>2026-09-05T08:11:41.000Z</time><extensions><gpxtpx:TrackPointExtension><gpxtpx:hr>131</gpxtpx:hr></gpxtpx:TrackPointExtension></extensions></trkpt>
      <trkpt lat="59.319967" lon="18.057295"><ele>32.6</ele><time>2026-09-05T08:11:42.000Z</time><extensions><gpxtpx:TrackPointExtension><gpxtpx:hr>131</gpxtpx:hr></gpxtpx:TrackPointExtension></extensions></trkpt>
      <trkpt lat="59.319962" lon="18.057259"><ele>32.4</ele><time>2026-09-05T08:11:43.000Z</time><extensions><gpxtpx:TrackPointExtension><gpxtpx:hr>131</gpxtpx:hr></gpxtpx:TrackPointExtension></extensions></trkpt>
      <trkpt lat="59.319959" lon="18.057221"><ele>32.4</ele><time>2026-09-05T08:11:44.000Z</time><extensions><gpxtpx:TrackPointExtension><gpxtpx:hr>131</gpxtpx:hr></gpxtpx:TrackPointExtension></extensions></trkpt>
      <trkpt lat="59.319957" lon="18.057183"><ele>32.2</ele><time>2026-09-05T08:11:45.000Z</time><extensions><gpxtpx:TrackPointExtension><gpxtpx:hr>131</gpxtpx:hr></gpxtpx:TrackPointExtension></extensions></trkpt>
      <trkpt lat="59.319956" lon="18.057147"><ele>32.2</ele><time>2026-09-05T08:11:46.000Z</time><extensions><gpxtpx:TrackPointExtension><gpxtpx:hr>131</gpxtpx:hr></gpxtpx:TrackPointExtension></extensions></trkpt>
      <trkpt lat="59.319957" lon="18.057111"><ele>32</ele><time>2026-09-05T08:11:47.000Z</time><extensions><gpxtpx:TrackPointExtension><gpxtpx:hr>131</gpxtpx:hr></gpxtpx:TrackPointExtension></extensions></trkpt>
      <trkpt lat="59.319957" lon="18.057073"><ele>31.8</ele><time>2026-09-05T08:11:48.000Z</time><extensions><gpxtpx:TrackPointExtension><gpxtpx:hr>131</gpxtpx:hr></gpxtpx:TrackPointExtension></extensions></trkpt>
      <trkpt lat="59.319957" lon="18.057032"><ele>31.6</ele><time>2026-09-05T08:11:49.000Z</time><extensions><gpxtpx:TrackPointExtension><gpxtpx:hr>131</gpxtpx:hr></gpxtpx:TrackPointExtension></extensions></trkpt>
      <trkpt lat="59.319956" lon="18.056988"><ele>31.6</ele><time>2026-09-05T08:11:50.000Z</time><extensions><gpxtpx:TrackPointExtension><gpxtpx:hr>132</gpxtpx:hr></gpxtpx:TrackPointExtension></extensions></trkpt>
      <trkpt lat="59.319955" lon="18.056942"><ele>31.4</ele><time>2026-09-05T08:11:51.000Z</time><extensions><gpxtpx:TrackPointExtension><gpxtpx:hr>132</gpxtpx:hr></gpxtpx:TrackPointExtension></extensions></trkpt>
      <trkpt lat="59.319954" lon="18.056896"><ele>31.2</ele><time>2026-09-05T08:11:52.000Z</time><extensions><gpxtpx:TrackPointExtension><gpxtpx:hr>132</gpxtpx:hr></gpxtpx:TrackPointExtension></extensions></trkpt>
      <trkpt lat="59.319952" lon="18.056854"><ele>31</ele><time>2026-09-05T08:11:53.000Z</time><extensions><gpxtpx:TrackPointExtension><gpxtpx:hr>132</gpxtpx:hr></gpxtpx:TrackPointExtension></extensions></trkpt>
      <trkpt lat="59.31995" lon="18.056814"><ele>31</ele><time>2026-09-05T08:11:54.000Z</time><extensions><gpxtpx:TrackPointExtension><gpxtpx:hr>132</gpxtpx:hr></gpxtpx:TrackPointExtension></extensions></trkpt>
      <trkpt lat="59.319947" lon="18.056775"><ele>30.8</ele><time>2026-09-05T08:11:55.000Z</time><extensions><gpxtpx:TrackPointExtension><gpxtpx:hr>132</gpxtpx:hr></gpxtpx:TrackPointExtension></extensions></trkpt>
      <trkpt lat="59.319944" lon="18.056738"><ele>30.6</ele><time>2026-09-05T08:11:56.000Z</time><extensions><gpxtpx:TrackPointExtension><gpxtpx:hr>132</gpxtpx:hr></gpxtpx:TrackPointExtension></extensions></trkpt>
      <trkpt lat="59.319939" lon="18.056704"><ele>30.4</ele><time>2026-09-05T08:11:57.000Z</time><extensions><gpxtpx:TrackPointExtension><gpxtpx:hr>132</gpxtpx:hr></gpxtpx:TrackPointExtension></extensions></trkpt>
      <trkpt lat="59.31993" lon="18.056672"><ele>30.2</ele><time>2026-09-05T08:11:58.000Z</time><extensions><gpxtpx:TrackPointExtension><gpxtpx:hr>132</gpxtpx:hr></gpxtpx:TrackPointExtension></extensions></trkpt>
      <trkpt lat="59.319917" lon="18.056644"><ele>30</ele><time>2026-09-05T08:11:59.000Z</time><extensions><gpxtpx:TrackPointExtension><gpxtpx:hr>132</gpxtpx:hr></gpxtpx:TrackPointExtension></extensions></trkpt>
      <trkpt lat="59.319901" lon="18.05662"><ele>29.8</ele><time>2026-09-05T08:12:00.000Z</time><extensions><gpxtpx:TrackPointExtension><gpxtpx:hr>133</gpxtpx:hr></gpxtpx:TrackPointExtension></extensions></trkpt>
      <trkpt lat="59.319884" lon="18.056604"><ele>29.6</ele><time>2026-09-05T08:12:01.000Z</time><extensions><gpxtpx:TrackPointExtension><gpxtpx:hr>133</gpxtpx:hr></gpxtpx:TrackPointExtension></extensions></trkpt>
      <trkpt lat="59.319863" lon="18.056594"><ele>29.4</ele><time>2026-09-05T08:12:02.000Z</time><extensions><gpxtpx:TrackPointExtension><gpxtpx:hr>133</gpxtpx:hr></gpxtpx:TrackPointExtension></extensions></trkpt>
      <trkpt lat="59.319841" lon="18.056588"><ele>29.2</ele><time>2026-09-05T08:12:03.000Z</time><extensions><gpxtpx:TrackPointExtension><gpxtpx:hr>133</gpxtpx:hr></gpxtpx:TrackPointExtension></extensions></trkpt>
      <trkpt lat="59.319818" lon="18.056583"><ele>29</ele><time>2026-09-05T08:12:04.000Z</time><extensions><gpxtpx:TrackPointExtension><gpxtpx:hr>133</gpxtpx:hr></gpxtpx:TrackPointExtension></extensions></trkpt>
      <trkpt lat="59.319796" lon="18.056578"><ele>29</ele><time>2026-09-05T08:12:05.000Z</time><extensions><gpxtpx:TrackPointExtension><gpxtpx:hr>133</gpxtpx:hr></gpxtpx:TrackPointExtension></extensions></trkpt>
      <trkpt lat="59.319773" lon="18.056574"><ele>28.8</ele><time>2026-09-05T08:12:06.000Z</time><extensions><gpxtpx:TrackPointExtension><gpxtpx:hr>134</gpxtpx:hr></gpxtpx:TrackPointExtension></extensions></trkpt>
      <trkpt lat="59.31975" lon="18.05657"><ele>28.6</ele><time>2026-09-05T08:12:07.000Z</time><extensions><gpxtpx:TrackPointExtension><gpxtpx:hr>134</gpxtpx:hr></gpxtpx:TrackPointExtension></extensions></trkpt>
      <trkpt lat="59.319727" lon="18.056566"><ele>28.4</ele><time>2026-09-05T08:12:08.000Z</time><extensions><gpxtpx:TrackPointExtension><gpxtpx:hr>134</gpxtpx:hr></gpxtpx:TrackPointExtension></extensions></trkpt>
      <trkpt lat="59.319704" lon="18.056561"><ele>28.2</ele><time>2026-09-05T08:12:09.000Z</time><extensions><gpxtpx:TrackPointExtension><gpxtpx:hr>134</gpxtpx:hr></gpxtpx:TrackPointExtension></extensions></trkpt>
      <trkpt lat="59.319683" lon="18.056554"><ele>28</ele><time>2026-09-05T08:12:10.000Z</time><extensions><gpxtpx:TrackPointExtension><gpxtpx:hr>134</gpxtpx:hr></gpxtpx:TrackPointExtension></extensions></trkpt>
      <trkpt lat="59.319662" lon="18.056546"><ele>28</ele><time>2026-09-05T08:12:11.000Z</time><extensions><gpxtpx:TrackPointExtension><gpxtpx:hr>134</gpxtpx:hr></gpxtpx:TrackPointExtension></extensions></trkpt>
      <trkpt lat="59.319642" lon="18.056535"><ele>27.8</ele><time>2026-09-05T08:12:12.000Z</time><extensions><gpxtpx:TrackPointExtension><gpxtpx:hr>134</gpxtpx:hr></gpxtpx:TrackPointExtension></extensions></trkpt>
      <trkpt lat="59.319623" lon="18.056515"><ele>27.6</ele><time>2026-09-05T08:12:13.000Z</time><extensions><gpxtpx:TrackPointExtension><gpxtpx:hr>134</gpxtpx:hr></gpxtpx:TrackPointExtension></extensions></trkpt>
      <trkpt lat="59.319611" lon="18.056478"><ele>27.6</ele><time>2026-09-05T08:12:14.000Z</time><extensions><gpxtpx:TrackPointExtension><gpxtpx:hr>134</gpxtpx:hr></gpxtpx:TrackPointExtension></extensions></trkpt>
      <trkpt lat="59.319605" lon="18.056428"><ele>27.4</ele><time>2026-09-05T08:12:15.000Z</time><extensions><gpxtpx:TrackPointExtension><gpxtpx:hr>134</gpxtpx:hr></gpxtpx:TrackPointExtension></extensions></trkpt>
      <trkpt lat="59.319602" lon="18.056377"><ele>27.4</ele><time>2026-09-05T08:12:16.000Z</time><extensions><gpxtpx:TrackPointExtension><gpxtpx:hr>134</gpxtpx:hr></gpxtpx:TrackPointExtension></extensions></trkpt>
      <trkpt lat="59.3196" lon="18.056331"><ele>27.4</ele><time>2026-09-05T08:12:17.000Z</time><extensions><gpxtpx:TrackPointExtension><gpxtpx:hr>134</gpxtpx:hr></gpxtpx:TrackPointExtension></extensions></trkpt>
      <trkpt lat="59.319597" lon="18.056288"><ele>27.2</ele><time>2026-09-05T08:12:18.000Z</time><extensions><gpxtpx:TrackPointExtension><gpxtpx:hr>135</gpxtpx:hr></gpxtpx:TrackPointExtension></extensions></trkpt>
      <trkpt lat="59.319593" lon="18.056246"><ele>27.2</ele><time>2026-09-05T08:12:19.000Z</time><extensions><gpxtpx:TrackPointExtension><gpxtpx:hr>135</gpxtpx:hr></gpxtpx:TrackPointExtension></extensions></trkpt>
      <trkpt lat="59.319589" lon="18.056204"><ele>27.2</ele><time>2026-09-05T08:12:20.000Z</time><extensions><gpxtpx:TrackPointExtension><gpxtpx:hr>135</gpxtpx:hr></gpxtpx:TrackPointExtension></extensions></trkpt>
      <trkpt lat="59.319589" lon="18.056162"><ele>27.2</ele><time>2026-09-05T08:12:21.000Z</time><extensions><gpxtpx:TrackPointExtension><gpxtpx:hr>135</gpxtpx:hr></gpxtpx:TrackPointExtension></extensions></trkpt>
      <trkpt lat="59.319591" lon="18.056119"><ele>27.2</ele><time>2026-09-05T08:12:22.000Z</time><extensions><gpxtpx:TrackPointExtension><gpxtpx:hr>135</gpxtpx:hr></gpxtpx:TrackPointExtension></extensions></trkpt>
      <trkpt lat="59.319597" lon="18.056073"><ele>27.2</ele><time>2026-09-05T08:12:23.000Z</time><extensions><gpxtpx:TrackPointExtension><gpxtpx:hr>135</gpxtpx:hr></gpxtpx:TrackPointExtension></extensions></trkpt>
      <trkpt lat="59.31961" lon="18.056029"><ele>27.2</ele><time>2026-09-05T08:12:24.000Z</time><extensions><gpxtpx:TrackPointExtension><gpxtpx:hr>135</gpxtpx:hr></gpxtpx:TrackPointExtension></extensions></trkpt>
      <trkpt lat="59.319627" lon="18.055987"><ele>27.2</ele><time>2026-09-05T08:12:25.000Z</time><extensions><gpxtpx:TrackPointExtension><gpxtpx:hr>135</gpxtpx:hr></gpxtpx:TrackPointExtension></extensions></trkpt>
      <trkpt lat="59.319648" lon="18.055953"><ele>27.2</ele><time>2026-09-05T08:12:26.000Z</time><extensions><gpxtpx:TrackPointExtension><gpxtpx:hr>135</gpxtpx:hr></gpxtpx:TrackPointExtension></extensions></trkpt>
      <trkpt lat="59.319669" lon="18.055923"><ele>27.2</ele><time>2026-09-05T08:12:27.000Z</time><extensions><gpxtpx:TrackPointExtension><gpxtpx:hr>135</gpxtpx:hr></gpxtpx:TrackPointExtension></extensions></trkpt>
      <trkpt lat="59.319686" lon="18.055892"><ele>27.4</ele><time>2026-09-05T08:12:28.000Z</time><extensions><gpxtpx:TrackPointExtension><gpxtpx:hr>135</gpxtpx:hr></gpxtpx:TrackPointExtension></extensions></trkpt>
      <trkpt lat="59.319699" lon="18.055857"><ele>27.4</ele><time>2026-09-05T08:12:29.000Z</time><extensions><gpxtpx:TrackPointExtension><gpxtpx:hr>135</gpxtpx:hr></gpxtpx:TrackPointExtension></extensions></trkpt>
      <trkpt lat="59.319707" lon="18.055818"><ele>27.4</ele><time>2026-09-05T08:12:30.000Z</time><extensions><gpxtpx:TrackPointExtension><gpxtpx:hr>135</gpxtpx:hr></gpxtpx:TrackPointExtension></extensions></trkpt>
      <trkpt lat="59.319712" lon="18.05578"><ele>27.4</ele><time>2026-09-05T08:12:31.000Z</time><extensions><gpxtpx:TrackPointExtension><gpxtpx:hr>135</gpxtpx:hr></gpxtpx:TrackPointExtension></extensions></trkpt>
      <trkpt lat="59.319714" lon="18.05575"><ele>27.4</ele><time>2026-09-05T08:12:32.000Z</time><extensions><gpxtpx:TrackPointExtension><gpxtpx:hr>138</gpxtpx:hr></gpxtpx:TrackPointExtension></extensions></trkpt>
      <trkpt lat="59.319714" lon="18.055732"><ele>27.4</ele><time>2026-09-05T08:12:33.000Z</time><extensions><gpxtpx:TrackPointExtension><gpxtpx:hr>138</gpxtpx:hr></gpxtpx:TrackPointExtension></extensions></trkpt>
      <trkpt lat="59.319714" lon="18.055726"><ele>27.4</ele><time>2026-09-05T08:12:34.000Z</time><extensions><gpxtpx:TrackPointExtension><gpxtpx:hr>138</gpxtpx:hr></gpxtpx:TrackPointExtension></extensions></trkpt>
      <trkpt lat="59.319711" lon="18.055727"><ele>27.4</ele><time>2026-09-05T08:12:35.000Z</time><extensions><gpxtpx:TrackPointExtension><gpxtpx:hr>138</gpxtpx:hr></gpxtpx:TrackPointExtension></extensions></trkpt>
      <trkpt lat="59.319706" lon="18.055732"><ele>27.2</ele><time>2026-09-05T08:12:36.000Z</time><extensions><gpxtpx:TrackPointExtension><gpxtpx:hr>138</gpxtpx:hr></gpxtpx:TrackPointExtension></extensions></trkpt>
      <trkpt lat="59.319697" lon="18.055741"><ele>27.2</ele><time>2026-09-05T08:12:37.000Z</time><extensions><gpxtpx:TrackPointExtension><gpxtpx:hr>138</gpxtpx:hr></gpxtpx:TrackPointExtension></extensions></trkpt>
      <trkpt lat="59.319681" lon="18.055751"><ele>27.2</ele><time>2026-09-05T08:12:38.000Z</time><extensions><gpxtpx:TrackPointExtension><gpxtpx:hr>138</gpxtpx:hr></gpxtpx:TrackPointExtension></extensions></trkpt>
      <trkpt lat="59.319658" lon="18.055753"><ele>27.2</ele><time>2026-09-05T08:12:39.000Z</time><extensions><gpxtpx:TrackPointExtension><gpxtpx:hr>138</gpxtpx:hr></gpxtpx:TrackPointExtension></extensions></trkpt>
      <trkpt lat="59.319634" lon="18.055747"><ele>27.2</ele><time>2026-09-05T08:12:40.000Z</time><extensions><gpxtpx:TrackPointExtension><gpxtpx:hr>138</gpxtpx:hr></gpxtpx:TrackPointExtension></extensions></trkpt>
      <trkpt lat="59.319613" lon="18.055733"><ele>27.2</ele><time>2026-09-05T08:12:41.000Z</time><extensions><gpxtpx:TrackPointExtension><gpxtpx:hr>138</gpxtpx:hr></gpxtpx:TrackPointExtension></extensions></trkpt>
      <trkpt lat="59.319596" lon="18.055715"><ele>27.2</ele><time>2026-09-05T08:12:42.000Z</time><extensions><gpxtpx:TrackPointExtension><gpxtpx:hr>137</gpxtpx:hr></gpxtpx:TrackPointExtension></extensions></trkpt>
      <trkpt lat="59.319584" lon="18.055698"><ele>27.2</ele><time>2026-09-05T08:12:43.000Z</time><extensions><gpxtpx:TrackPointExtension><gpxtpx:hr>137</gpxtpx:hr></gpxtpx:TrackPointExtension></extensions></trkpt>
      <trkpt lat="59.319573" lon="18.055683"><ele>27.2</ele><time>2026-09-05T08:12:44.000Z</time><extensions><gpxtpx:TrackPointExtension><gpxtpx:hr>137</gpxtpx:hr></gpxtpx:TrackPointExtension></extensions></trkpt>
      <trkpt lat="59.319559" lon="18.055661"><ele>27.4</ele><time>2026-09-05T08:12:45.000Z</time><extensions><gpxtpx:TrackPointExtension><gpxtpx:hr>137</gpxtpx:hr></gpxtpx:TrackPointExtension></extensions></trkpt>
      <trkpt lat="59.319546" lon="18.055628"><ele>27.4</ele><time>2026-09-05T08:12:46.000Z</time><extensions><gpxtpx:TrackPointExtension><gpxtpx:hr>137</gpxtpx:hr></gpxtpx:TrackPointExtension></extensions></trkpt>
      <trkpt lat="59.319538" lon="18.055587"><ele>27.4</ele><time>2026-09-05T08:12:47.000Z</time><extensions><gpxtpx:TrackPointExtension><gpxtpx:hr>137</gpxtpx:hr></gpxtpx:TrackPointExtension></extensions></trkpt>
      <trkpt lat="59.319535" lon="18.055545"><ele>27.4</ele><time>2026-09-05T08:12:48.000Z</time><extensions><gpxtpx:TrackPointExtension><gpxtpx:hr>137</gpxtpx:hr></gpxtpx:TrackPointExtension></extensions></trkpt>
      <trkpt lat="59.319534" lon="18.055503"><ele>27.6</ele><time>2026-09-05T08:12:49.000Z</time><extensions><gpxtpx:TrackPointExtension><gpxtpx:hr>137</gpxtpx:hr></gpxtpx:TrackPointExtension></extensions></trkpt>
      <trkpt lat="59.319534" lon="18.055463"><ele>27.6</ele><time>2026-09-05T08:12:50.000Z</time><extensions><gpxtpx:TrackPointExtension><gpxtpx:hr>137</gpxtpx:hr></gpxtpx:TrackPointExtension></extensions></trkpt>
      <trkpt lat="59.319533" lon="18.055427"><ele>27.8</ele><time>2026-09-05T08:12:51.000Z</time><extensions><gpxtpx:TrackPointExtension><gpxtpx:hr>137</gpxtpx:hr></gpxtpx:TrackPointExtension></extensions></trkpt>
      <trkpt lat="59.31953" lon="18.055393"><ele>27.8</ele><time>2026-09-05T08:12:52.000Z</time><extensions><gpxtpx:TrackPointExtension><gpxtpx:hr>137</gpxtpx:hr></gpxtpx:TrackPointExtension></extensions></trkpt>
      <trkpt lat="59.319529" lon="18.055362"><ele>28</ele><time>2026-09-05T08:12:53.000Z</time><extensions><gpxtpx:TrackPointExtension><gpxtpx:hr>137</gpxtpx:hr></gpxtpx:TrackPointExtension></extensions></trkpt>
      <trkpt lat="59.319528" lon="18.055334"><ele>28</ele><time>2026-09-05T08:12:54.000Z</time><extensions><gpxtpx:TrackPointExtension><gpxtpx:hr>137</gpxtpx:hr></gpxtpx:TrackPointExtension></extensions></trkpt>
      <trkpt lat="59.319527" lon="18.055307"><ele>28.2</ele><time>2026-09-05T08:12:55.000Z</time><extensions><gpxtpx:TrackPointExtension><gpxtpx:hr>137</gpxtpx:hr></gpxtpx:TrackPointExtension></extensions></trkpt>
      <trkpt lat="59.319526" lon="18.055281"><ele>28.4</ele><time>2026-09-05T08:12:56.000Z</time><extensions><gpxtpx:TrackPointExtension><gpxtpx:hr>137</gpxtpx:hr></gpxtpx:TrackPointExtension></extensions></trkpt>
      <trkpt lat="59.319523" lon="18.055254"><ele>28.8</ele><time>2026-09-05T08:12:57.000Z</time><extensions><gpxtpx:TrackPointExtension><gpxtpx:hr>137</gpxtpx:hr></gpxtpx:TrackPointExtension></extensions></trkpt>
      <trkpt lat="59.319519" lon="18.055227"><ele>29</ele><time>2026-09-05T08:12:58.000Z</time><extensions><gpxtpx:TrackPointExtension><gpxtpx:hr>137</gpxtpx:hr></gpxtpx:TrackPointExtension></extensions></trkpt>
      <trkpt lat="59.319513" lon="18.055206"><ele>29.2</ele><time>2026-09-05T08:12:59.000Z</time><extensions><gpxtpx:TrackPointExtension><gpxtpx:hr>138</gpxtpx:hr></gpxtpx:TrackPointExtension></extensions></trkpt>
      <trkpt lat="59.319505" lon="18.055193"><ele>29.4</ele><time>2026-09-05T08:13:00.000Z</time><extensions><gpxtpx:TrackPointExtension><gpxtpx:hr>138</gpxtpx:hr></gpxtpx:TrackPointExtension></extensions></trkpt>
      <trkpt lat="59.319498" lon="18.055192"><ele>29.8</ele><time>2026-09-05T08:13:01.000Z</time><extensions><gpxtpx:TrackPointExtension><gpxtpx:hr>138</gpxtpx:hr></gpxtpx:TrackPointExtension></extensions></trkpt>
      <trkpt lat="59.319489" lon="18.0552"><ele>30</ele><time>2026-09-05T08:13:02.000Z</time><extensions><gpxtpx:TrackPointExtension><gpxtpx:hr>138</gpxtpx:hr></gpxtpx:TrackPointExtension></extensions></trkpt>
      <trkpt lat="59.31948" lon="18.055211"><ele>30.2</ele><time>2026-09-05T08:13:03.000Z</time><extensions><gpxtpx:TrackPointExtension><gpxtpx:hr>138</gpxtpx:hr></gpxtpx:TrackPointExtension></extensions></trkpt>
      <trkpt lat="59.31947" lon="18.05522"><ele>30.4</ele><time>2026-09-05T08:13:04.000Z</time><extensions><gpxtpx:TrackPointExtension><gpxtpx:hr>138</gpxtpx:hr></gpxtpx:TrackPointExtension></extensions></trkpt>
      <trkpt lat="59.319457" lon="18.055227"><ele>30.4</ele><time>2026-09-05T08:13:05.000Z</time><extensions><gpxtpx:TrackPointExtension><gpxtpx:hr>138</gpxtpx:hr></gpxtpx:TrackPointExtension></extensions></trkpt>
      <trkpt lat="59.319438" lon="18.055236"><ele>30.6</ele><time>2026-09-05T08:13:06.000Z</time><extensions><gpxtpx:TrackPointExtension><gpxtpx:hr>138</gpxtpx:hr></gpxtpx:TrackPointExtension></extensions></trkpt>
      <trkpt lat="59.319413" lon="18.055252"><ele>30.6</ele><time>2026-09-05T08:13:07.000Z</time><extensions><gpxtpx:TrackPointExtension><gpxtpx:hr>137</gpxtpx:hr></gpxtpx:TrackPointExtension></extensions></trkpt>
      <trkpt lat="59.319388" lon="18.055273"><ele>30.6</ele><time>2026-09-05T08:13:08.000Z</time><extensions><gpxtpx:TrackPointExtension><gpxtpx:hr>137</gpxtpx:hr></gpxtpx:TrackPointExtension></extensions></trkpt>
      <trkpt lat="59.319362" lon="18.055299"><ele>30.8</ele><time>2026-09-05T08:13:09.000Z</time><extensions><gpxtpx:TrackPointExtension><gpxtpx:hr>138</gpxtpx:hr></gpxtpx:TrackPointExtension></extensions></trkpt>
      <trkpt lat="59.319337" lon="18.055323"><ele>30.8</ele><time>2026-09-05T08:13:10.000Z</time><extensions><gpxtpx:TrackPointExtension><gpxtpx:hr>138</gpxtpx:hr></gpxtpx:TrackPointExtension></extensions></trkpt>
      <trkpt lat="59.319314" lon="18.055345"><ele>30.8</ele><time>2026-09-05T08:13:11.000Z</time><extensions><gpxtpx:TrackPointExtension><gpxtpx:hr>138</gpxtpx:hr></gpxtpx:TrackPointExtension></extensions></trkpt>
      <trkpt lat="59.319292" lon="18.055362"><ele>30.8</ele><time>2026-09-05T08:13:12.000Z</time><extensions><gpxtpx:TrackPointExtension><gpxtpx:hr>138</gpxtpx:hr></gpxtpx:TrackPointExtension></extensions></trkpt>
      <trkpt lat="59.319271" lon="18.055374"><ele>30.8</ele><time>2026-09-05T08:13:13.000Z</time><extensions><gpxtpx:TrackPointExtension><gpxtpx:hr>138</gpxtpx:hr></gpxtpx:TrackPointExtension></extensions></trkpt>
      <trkpt lat="59.319251" lon="18.055383"><ele>30.8</ele><time>2026-09-05T08:13:14.000Z</time><extensions><gpxtpx:TrackPointExtension><gpxtpx:hr>138</gpxtpx:hr></gpxtpx:TrackPointExtension></extensions></trkpt>
      <trkpt lat="59.319232" lon="18.055391"><ele>30.8</ele><time>2026-09-05T08:13:15.000Z</time><extensions><gpxtpx:TrackPointExtension><gpxtpx:hr>138</gpxtpx:hr></gpxtpx:TrackPointExtension></extensions></trkpt>
      <trkpt lat="59.319213" lon="18.0554"><ele>30.8</ele><time>2026-09-05T08:13:16.000Z</time><extensions><gpxtpx:TrackPointExtension><gpxtpx:hr>138</gpxtpx:hr></gpxtpx:TrackPointExtension></extensions></trkpt>
      <trkpt lat="59.319192" lon="18.055408"><ele>30.8</ele><time>2026-09-05T08:13:17.000Z</time><extensions><gpxtpx:TrackPointExtension><gpxtpx:hr>138</gpxtpx:hr></gpxtpx:TrackPointExtension></extensions></trkpt>
      <trkpt lat="59.319169" lon="18.055413"><ele>30.8</ele><time>2026-09-05T08:13:18.000Z</time><extensions><gpxtpx:TrackPointExtension><gpxtpx:hr>138</gpxtpx:hr></gpxtpx:TrackPointExtension></extensions></trkpt>
      <trkpt lat="59.319144" lon="18.055415"><ele>30.8</ele><time>2026-09-05T08:13:19.000Z</time><extensions><gpxtpx:TrackPointExtension><gpxtpx:hr>138</gpxtpx:hr></gpxtpx:TrackPointExtension></extensions></trkpt>
      <trkpt lat="59.319119" lon="18.055412"><ele>30.8</ele><time>2026-09-05T08:13:20.000Z</time><extensions><gpxtpx:TrackPointExtension><gpxtpx:hr>138</gpxtpx:hr></gpxtpx:TrackPointExtension></extensions></trkpt>
      <trkpt lat="59.319097" lon="18.055398"><ele>30.8</ele><time>2026-09-05T08:13:21.000Z</time><extensions><gpxtpx:TrackPointExtension><gpxtpx:hr>138</gpxtpx:hr></gpxtpx:TrackPointExtension></extensions></trkpt>
      <trkpt lat="59.319082" lon="18.055368"><ele>30.8</ele><time>2026-09-05T08:13:22.000Z</time><extensions><gpxtpx:TrackPointExtension><gpxtpx:hr>138</gpxtpx:hr></gpxtpx:TrackPointExtension></extensions></trkpt>
      <trkpt lat="59.319071" lon="18.055325"><ele>30.6</ele><time>2026-09-05T08:13:23.000Z</time><extensions><gpxtpx:TrackPointExtension><gpxtpx:hr>138</gpxtpx:hr></gpxtpx:TrackPointExtension></extensions></trkpt>
      <trkpt lat="59.319063" lon="18.055278"><ele>30.6</ele><time>2026-09-05T08:13:24.000Z</time><extensions><gpxtpx:TrackPointExtension><gpxtpx:hr>138</gpxtpx:hr></gpxtpx:TrackPointExtension></extensions></trkpt>
      <trkpt lat="59.319056" lon="18.055231"><ele>30.6</ele><time>2026-09-05T08:13:25.000Z</time><extensions><gpxtpx:TrackPointExtension><gpxtpx:hr>138</gpxtpx:hr></gpxtpx:TrackPointExtension></extensions></trkpt>
      <trkpt lat="59.319047" lon="18.055185"><ele>30.4</ele><time>2026-09-05T08:13:26.000Z</time><extensions><gpxtpx:TrackPointExtension><gpxtpx:hr>138</gpxtpx:hr></gpxtpx:TrackPointExtension></extensions></trkpt>
      <trkpt lat="59.319036" lon="18.055143"><ele>30.4</ele><time>2026-09-05T08:13:27.000Z</time><extensions><gpxtpx:TrackPointExtension><gpxtpx:hr>138</gpxtpx:hr></gpxtpx:TrackPointExtension></extensions></trkpt>
      <trkpt lat="59.319025" lon="18.055102"><ele>30.2</ele><time>2026-09-05T08:13:28.000Z</time><extensions><gpxtpx:TrackPointExtension><gpxtpx:hr>138</gpxtpx:hr></gpxtpx:TrackPointExtension></extensions></trkpt>
      <trkpt lat="59.319014" lon="18.05506"><ele>30.2</ele><time>2026-09-05T08:13:29.000Z</time><extensions><gpxtpx:TrackPointExtension><gpxtpx:hr>138</gpxtpx:hr></gpxtpx:TrackPointExtension></extensions></trkpt>
      <trkpt lat="59.319003" lon="18.055021"><ele>30</ele><time>2026-09-05T08:13:30.000Z</time><extensions><gpxtpx:TrackPointExtension><gpxtpx:hr>137</gpxtpx:hr></gpxtpx:TrackPointExtension></extensions></trkpt>
      <trkpt lat="59.318985" lon="18.054977"><ele>29.8</ele><time>2026-09-05T08:13:31.000Z</time><extensions><gpxtpx:TrackPointExtension><gpxtpx:hr>137</gpxtpx:hr></gpxtpx:TrackPointExtension></extensions></trkpt>
      <trkpt lat="59.318978" lon="18.054945"><ele>29.8</ele><time>2026-09-05T08:13:32.000Z</time><extensions><gpxtpx:TrackPointExtension><gpxtpx:hr>137</gpxtpx:hr></gpxtpx:TrackPointExtension></extensions></trkpt>
      <trkpt lat="59.318972" lon="18.054919"><ele>29.8</ele><time>2026-09-05T08:13:33.000Z</time><extensions><gpxtpx:TrackPointExtension><gpxtpx:hr>137</gpxtpx:hr></gpxtpx:TrackPointExtension></extensions></trkpt>
      <trkpt lat="59.318968" lon="18.054896"><ele>29.6</ele><time>2026-09-05T08:13:34.000Z</time><extensions><gpxtpx:TrackPointExtension><gpxtpx:hr>137</gpxtpx:hr></gpxtpx:TrackPointExtension></extensions></trkpt>
      <trkpt lat="59.318964" lon="18.054875"><ele>29.6</ele><time>2026-09-05T08:13:35.000Z</time><extensions><gpxtpx:TrackPointExtension><gpxtpx:hr>137</gpxtpx:hr></gpxtpx:TrackPointExtension></extensions></trkpt>
      <trkpt lat="59.318946" lon="18.054759"><ele>29.8</ele><time>2026-09-05T08:13:39.000Z</time><extensions><gpxtpx:TrackPointExtension><gpxtpx:hr>137</gpxtpx:hr></gpxtpx:TrackPointExtension></extensions></trkpt>
      <trkpt lat="59.318942" lon="18.054721"><ele>29.8</ele><time>2026-09-05T08:13:40.000Z</time><extensions><gpxtpx:TrackPointExtension><gpxtpx:hr>137</gpxtpx:hr></gpxtpx:TrackPointExtension></extensions></trkpt>
      <trkpt lat="59.31894" lon="18.054685"><ele>30</ele><time>2026-09-05T08:13:41.000Z</time><extensions><gpxtpx:TrackPointExtension><gpxtpx:hr>137</gpxtpx:hr></gpxtpx:TrackPointExtension></extensions></trkpt>
      <trkpt lat="59.318938" lon="18.054654"><ele>30.2</ele><time>2026-09-05T08:13:42.000Z</time><extensions><gpxtpx:TrackPointExtension><gpxtpx:hr>137</gpxtpx:hr></gpxtpx:TrackPointExtension></extensions></trkpt>
      <trkpt lat="59.318935" lon="18.054623"><ele>30.4</ele><time>2026-09-05T08:13:43.000Z</time><extensions><gpxtpx:TrackPointExtension><gpxtpx:hr>137</gpxtpx:hr></gpxtpx:TrackPointExtension></extensions></trkpt>
      <trkpt lat="59.318932" lon="18.05459"><ele>30.6</ele><time>2026-09-05T08:13:44.000Z</time><extensions><gpxtpx:TrackPointExtension><gpxtpx:hr>135</gpxtpx:hr></gpxtpx:TrackPointExtension></extensions></trkpt>
      <trkpt lat="59.318929" lon="18.054556"><ele>31</ele><time>2026-09-05T08:13:45.000Z</time><extensions><gpxtpx:TrackPointExtension><gpxtpx:hr>135</gpxtpx:hr></gpxtpx:TrackPointExtension></extensions></trkpt>
      <trkpt lat="59.318926" lon="18.05452"><ele>31.2</ele><time>2026-09-05T08:13:46.000Z</time><extensions><gpxtpx:TrackPointExtension><gpxtpx:hr>135</gpxtpx:hr></gpxtpx:TrackPointExtension></extensions></trkpt>
      <trkpt lat="59.318922" lon="18.054482"><ele>31.6</ele><time>2026-09-05T08:13:47.000Z</time><extensions><gpxtpx:TrackPointExtension><gpxtpx:hr>135</gpxtpx:hr></gpxtpx:TrackPointExtension></extensions></trkpt>
      <trkpt lat="59.318917" lon="18.054443"><ele>31.8</ele><time>2026-09-05T08:13:48.000Z</time><extensions><gpxtpx:TrackPointExtension><gpxtpx:hr>135</gpxtpx:hr></gpxtpx:TrackPointExtension></extensions></trkpt>
      <trkpt lat="59.318912" lon="18.054403"><ele>32</ele><time>2026-09-05T08:13:49.000Z</time><extensions><gpxtpx:TrackPointExtension><gpxtpx:hr>135</gpxtpx:hr></gpxtpx:TrackPointExtension></extensions></trkpt>
      <trkpt lat="59.318905" lon="18.054364"><ele>32.4</ele><time>2026-09-05T08:13:50.000Z</time><extensions><gpxtpx:TrackPointExtension><gpxtpx:hr>135</gpxtpx:hr></gpxtpx:TrackPointExtension></extensions></trkpt>
      <trkpt lat="59.318897" lon="18.054326"><ele>32.6</ele><time>2026-09-05T08:13:51.000Z</time><extensions><gpxtpx:TrackPointExtension><gpxtpx:hr>135</gpxtpx:hr></gpxtpx:TrackPointExtension></extensions></trkpt>
      <trkpt lat="59.318888" lon="18.05429"><ele>32.8</ele><time>2026-09-05T08:13:52.000Z</time><extensions><gpxtpx:TrackPointExtension><gpxtpx:hr>135</gpxtpx:hr></gpxtpx:TrackPointExtension></extensions></trkpt>
      <trkpt lat="59.31888" lon="18.054254"><ele>32.8</ele><time>2026-09-05T08:13:53.000Z</time><extensions><gpxtpx:TrackPointExtension><gpxtpx:hr>135</gpxtpx:hr></gpxtpx:TrackPointExtension></extensions></trkpt>
      <trkpt lat="59.318871" lon="18.054218"><ele>33</ele><time>2026-09-05T08:13:54.000Z</time><extensions><gpxtpx:TrackPointExtension><gpxtpx:hr>135</gpxtpx:hr></gpxtpx:TrackPointExtension></extensions></trkpt>
      <trkpt lat="59.318863" lon="18.054182"><ele>33</ele><time>2026-09-05T08:13:55.000Z</time><extensions><gpxtpx:TrackPointExtension><gpxtpx:hr>135</gpxtpx:hr></gpxtpx:TrackPointExtension></extensions></trkpt>
      <trkpt lat="59.318854" lon="18.054146"><ele>33</ele><time>2026-09-05T08:13:56.000Z</time><extensions><gpxtpx:TrackPointExtension><gpxtpx:hr>135</gpxtpx:hr></gpxtpx:TrackPointExtension></extensions></trkpt>
      <trkpt lat="59.318847" lon="18.054109"><ele>33</ele><time>2026-09-05T08:13:57.000Z</time><extensions><gpxtpx:TrackPointExtension><gpxtpx:hr>135</gpxtpx:hr></gpxtpx:TrackPointExtension></extensions></trkpt>
      <trkpt lat="59.318839" lon="18.054071"><ele>33</ele><time>2026-09-05T08:13:58.000Z</time><extensions><gpxtpx:TrackPointExtension><gpxtpx:hr>135</gpxtpx:hr></gpxtpx:TrackPointExtension></extensions></trkpt>
      <trkpt lat="59.318832" lon="18.054032"><ele>33</ele><time>2026-09-05T08:13:59.000Z</time><extensions><gpxtpx:TrackPointExtension><gpxtpx:hr>135</gpxtpx:hr></gpxtpx:TrackPointExtension></extensions></trkpt>
      <trkpt lat="59.318825" lon="18.053993"><ele>33</ele><time>2026-09-05T08:14:00.000Z</time><extensions><gpxtpx:TrackPointExtension><gpxtpx:hr>135</gpxtpx:hr></gpxtpx:TrackPointExtension></extensions></trkpt>
      <trkpt lat="59.318819" lon="18.053952"><ele>33</ele><time>2026-09-05T08:14:01.000Z</time><extensions><gpxtpx:TrackPointExtension><gpxtpx:hr>135</gpxtpx:hr></gpxtpx:TrackPointExtension></extensions></trkpt>
      <trkpt lat="59.318813" lon="18.05391"><ele>33</ele><time>2026-09-05T08:14:02.000Z</time><extensions><gpxtpx:TrackPointExtension><gpxtpx:hr>135</gpxtpx:hr></gpxtpx:TrackPointExtension></extensions></trkpt>
      <trkpt lat="59.318807" lon="18.053868"><ele>33</ele><time>2026-09-05T08:14:03.000Z</time><extensions><gpxtpx:TrackPointExtension><gpxtpx:hr>136</gpxtpx:hr></gpxtpx:TrackPointExtension></extensions></trkpt>
      <trkpt lat="59.318802" lon="18.053824"><ele>33</ele><time>2026-09-05T08:14:04.000Z</time><extensions><gpxtpx:TrackPointExtension><gpxtpx:hr>136</gpxtpx:hr></gpxtpx:TrackPointExtension></extensions></trkpt>
      <trkpt lat="59.318799" lon="18.053779"><ele>33</ele><time>2026-09-05T08:14:05.000Z</time><extensions><gpxtpx:TrackPointExtension><gpxtpx:hr>136</gpxtpx:hr></gpxtpx:TrackPointExtension></extensions></trkpt>
      <trkpt lat="59.318797" lon="18.053733"><ele>33</ele><time>2026-09-05T08:14:06.000Z</time><extensions><gpxtpx:TrackPointExtension><gpxtpx:hr>136</gpxtpx:hr></gpxtpx:TrackPointExtension></extensions></trkpt>
      <trkpt lat="59.318796" lon="18.053686"><ele>33</ele><time>2026-09-05T08:14:07.000Z</time><extensions><gpxtpx:TrackPointExtension><gpxtpx:hr>136</gpxtpx:hr></gpxtpx:TrackPointExtension></extensions></trkpt>
      <trkpt lat="59.318795" lon="18.053639"><ele>33</ele><time>2026-09-05T08:14:08.000Z</time><extensions><gpxtpx:TrackPointExtension><gpxtpx:hr>137</gpxtpx:hr></gpxtpx:TrackPointExtension></extensions></trkpt>
      <trkpt lat="59.318795" lon="18.053591"><ele>33</ele><time>2026-09-05T08:14:09.000Z</time><extensions><gpxtpx:TrackPointExtension><gpxtpx:hr>137</gpxtpx:hr></gpxtpx:TrackPointExtension></extensions></trkpt>
      <trkpt lat="59.318793" lon="18.053544"><ele>33</ele><time>2026-09-05T08:14:10.000Z</time><extensions><gpxtpx:TrackPointExtension><gpxtpx:hr>137</gpxtpx:hr></gpxtpx:TrackPointExtension></extensions></trkpt>
      <trkpt lat="59.318791" lon="18.053498"><ele>33</ele><time>2026-09-05T08:14:11.000Z</time><extensions><gpxtpx:TrackPointExtension><gpxtpx:hr>137</gpxtpx:hr></gpxtpx:TrackPointExtension></extensions></trkpt>
      <trkpt lat="59.318787" lon="18.053454"><ele>33</ele><time>2026-09-05T08:14:12.000Z</time><extensions><gpxtpx:TrackPointExtension><gpxtpx:hr>137</gpxtpx:hr></gpxtpx:TrackPointExtension></extensions></trkpt>
      <trkpt lat="59.318782" lon="18.053413"><ele>33</ele><time>2026-09-05T08:14:13.000Z</time><extensions><gpxtpx:TrackPointExtension><gpxtpx:hr>137</gpxtpx:hr></gpxtpx:TrackPointExtension></extensions></trkpt>
      <trkpt lat="59.318775" lon="18.053373"><ele>33</ele><time>2026-09-05T08:14:14.000Z</time><extensions><gpxtpx:TrackPointExtension><gpxtpx:hr>137</gpxtpx:hr></gpxtpx:TrackPointExtension></extensions></trkpt>
      <trkpt lat="59.318766" lon="18.053334"><ele>33</ele><time>2026-09-05T08:14:15.000Z</time><extensions><gpxtpx:TrackPointExtension><gpxtpx:hr>138</gpxtpx:hr></gpxtpx:TrackPointExtension></extensions></trkpt>
      <trkpt lat="59.318756" lon="18.053295"><ele>33</ele><time>2026-09-05T08:14:16.000Z</time><extensions><gpxtpx:TrackPointExtension><gpxtpx:hr>138</gpxtpx:hr></gpxtpx:TrackPointExtension></extensions></trkpt>
      <trkpt lat="59.318745" lon="18.053256"><ele>33</ele><time>2026-09-05T08:14:17.000Z</time><extensions><gpxtpx:TrackPointExtension><gpxtpx:hr>138</gpxtpx:hr></gpxtpx:TrackPointExtension></extensions></trkpt>
      <trkpt lat="59.318735" lon="18.053215"><ele>33</ele><time>2026-09-05T08:14:18.000Z</time><extensions><gpxtpx:TrackPointExtension><gpxtpx:hr>138</gpxtpx:hr></gpxtpx:TrackPointExtension></extensions></trkpt>
      <trkpt lat="59.318726" lon="18.053173"><ele>33</ele><time>2026-09-05T08:14:19.000Z</time><extensions><gpxtpx:TrackPointExtension><gpxtpx:hr>138</gpxtpx:hr></gpxtpx:TrackPointExtension></extensions></trkpt>
      <trkpt lat="59.31872" lon="18.05313"><ele>33</ele><time>2026-09-05T08:14:20.000Z</time><extensions><gpxtpx:TrackPointExtension><gpxtpx:hr>138</gpxtpx:hr></gpxtpx:TrackPointExtension></extensions></trkpt>
      <trkpt lat="59.318715" lon="18.053086"><ele>33</ele><time>2026-09-05T08:14:21.000Z</time><extensions><gpxtpx:TrackPointExtension><gpxtpx:hr>138</gpxtpx:hr></gpxtpx:TrackPointExtension></extensions></trkpt>
      <trkpt lat="59.318712" lon="18.053042"><ele>33</ele><time>2026-09-05T08:14:22.000Z</time><extensions><gpxtpx:TrackPointExtension><gpxtpx:hr>138</gpxtpx:hr></gpxtpx:TrackPointExtension></extensions></trkpt>
      <trkpt lat="59.318708" lon="18.052997"><ele>33</ele><time>2026-09-05T08:14:23.000Z</time><extensions><gpxtpx:TrackPointExtension><gpxtpx:hr>138</gpxtpx:hr></gpxtpx:TrackPointExtension></extensions></trkpt>
      <trkpt lat="59.318705" lon="18.052952"><ele>33</ele><time>2026-09-05T08:14:24.000Z</time><extensions><gpxtpx:TrackPointExtension><gpxtpx:hr>138</gpxtpx:hr></gpxtpx:TrackPointExtension></extensions></trkpt>
      <trkpt lat="59.318701" lon="18.052907"><ele>33</ele><time>2026-09-05T08:14:25.000Z</time><extensions><gpxtpx:TrackPointExtension><gpxtpx:hr>138</gpxtpx:hr></gpxtpx:TrackPointExtension></extensions></trkpt>
      <trkpt lat="59.318696" lon="18.052862"><ele>33</ele><time>2026-09-05T08:14:26.000Z</time><extensions><gpxtpx:TrackPointExtension><gpxtpx:hr>138</gpxtpx:hr></gpxtpx:TrackPointExtension></extensions></trkpt>
      <trkpt lat="59.31869" lon="18.05282"><ele>33</ele><time>2026-09-05T08:14:27.000Z</time><extensions><gpxtpx:TrackPointExtension><gpxtpx:hr>138</gpxtpx:hr></gpxtpx:TrackPointExtension></extensions></trkpt>
      <trkpt lat="59.318684" lon="18.052779"><ele>33</ele><time>2026-09-05T08:14:28.000Z</time><extensions><gpxtpx:TrackPointExtension><gpxtpx:hr>138</gpxtpx:hr></gpxtpx:TrackPointExtension></extensions></trkpt>
      <trkpt lat="59.318677" lon="18.052739"><ele>33</ele><time>2026-09-05T08:14:29.000Z</time><extensions><gpxtpx:TrackPointExtension><gpxtpx:hr>138</gpxtpx:hr></gpxtpx:TrackPointExtension></extensions></trkpt>
      <trkpt lat="59.31867" lon="18.052701"><ele>33</ele><time>2026-09-05T08:14:30.000Z</time><extensions><gpxtpx:TrackPointExtension><gpxtpx:hr>138</gpxtpx:hr></gpxtpx:TrackPointExtension></extensions></trkpt>
      <trkpt lat="59.318663" lon="18.052664"><ele>33</ele><time>2026-09-05T08:14:31.000Z</time><extensions><gpxtpx:TrackPointExtension><gpxtpx:hr>138</gpxtpx:hr></gpxtpx:TrackPointExtension></extensions></trkpt>
      <trkpt lat="59.318655" lon="18.05263"><ele>33</ele><time>2026-09-05T08:14:32.000Z</time><extensions><gpxtpx:TrackPointExtension><gpxtpx:hr>138</gpxtpx:hr></gpxtpx:TrackPointExtension></extensions></trkpt>
      <trkpt lat="59.318647" lon="18.052598"><ele>32.8</ele><time>2026-09-05T08:14:33.000Z</time><extensions><gpxtpx:TrackPointExtension><gpxtpx:hr>138</gpxtpx:hr></gpxtpx:TrackPointExtension></extensions></trkpt>
      <trkpt lat="59.318639" lon="18.05257"><ele>32.8</ele><time>2026-09-05T08:14:34.000Z</time><extensions><gpxtpx:TrackPointExtension><gpxtpx:hr>138</gpxtpx:hr></gpxtpx:TrackPointExtension></extensions></trkpt>
      <trkpt lat="59.318629" lon="18.052545"><ele>32.8</ele><time>2026-09-05T08:14:35.000Z</time><extensions><gpxtpx:TrackPointExtension><gpxtpx:hr>138</gpxtpx:hr></gpxtpx:TrackPointExtension></extensions></trkpt>
      <trkpt lat="59.318619" lon="18.052525"><ele>32.6</ele><time>2026-09-05T08:14:36.000Z</time><extensions><gpxtpx:TrackPointExtension><gpxtpx:hr>138</gpxtpx:hr></gpxtpx:TrackPointExtension></extensions></trkpt>
      <trkpt lat="59.318607" lon="18.052507"><ele>32.6</ele><time>2026-09-05T08:14:37.000Z</time><extensions><gpxtpx:TrackPointExtension><gpxtpx:hr>138</gpxtpx:hr></gpxtpx:TrackPointExtension></extensions></trkpt>
      <trkpt lat="59.318595" lon="18.052492"><ele>32.4</ele><time>2026-09-05T08:14:38.000Z</time><extensions><gpxtpx:TrackPointExtension><gpxtpx:hr>138</gpxtpx:hr></gpxtpx:TrackPointExtension></extensions></trkpt>
      <trkpt lat="59.31858" lon="18.05248"><ele>32.2</ele><time>2026-09-05T08:14:39.000Z</time><extensions><gpxtpx:TrackPointExtension><gpxtpx:hr>138</gpxtpx:hr></gpxtpx:TrackPointExtension></extensions></trkpt>
      <trkpt lat="59.318566" lon="18.052469"><ele>32</ele><time>2026-09-05T08:14:40.000Z</time><extensions><gpxtpx:TrackPointExtension><gpxtpx:hr>138</gpxtpx:hr></gpxtpx:TrackPointExtension></extensions></trkpt>
      <trkpt lat="59.31855" lon="18.052462"><ele>31.8</ele><time>2026-09-05T08:14:41.000Z</time><extensions><gpxtpx:TrackPointExtension><gpxtpx:hr>138</gpxtpx:hr></gpxtpx:TrackPointExtension></extensions></trkpt>
      <trkpt lat="59.318535" lon="18.052456"><ele>31.6</ele><time>2026-09-05T08:14:42.000Z</time><extensions><gpxtpx:TrackPointExtension><gpxtpx:hr>138</gpxtpx:hr></gpxtpx:TrackPointExtension></extensions></trkpt>
      <trkpt lat="59.31852" lon="18.052453"><ele>31.4</ele><time>2026-09-05T08:14:43.000Z</time><extensions><gpxtpx:TrackPointExtension><gpxtpx:hr>138</gpxtpx:hr></gpxtpx:TrackPointExtension></extensions></trkpt>
      <trkpt lat="59.318506" lon="18.052451"><ele>31</ele><time>2026-09-05T08:14:44.000Z</time><extensions><gpxtpx:TrackPointExtension><gpxtpx:hr>138</gpxtpx:hr></gpxtpx:TrackPointExtension></extensions></trkpt>
      <trkpt lat="59.318494" lon="18.052449"><ele>30.8</ele><time>2026-09-05T08:14:45.000Z</time><extensions><gpxtpx:TrackPointExtension><gpxtpx:hr>138</gpxtpx:hr></gpxtpx:TrackPointExtension></extensions></trkpt>
      <trkpt lat="59.318482" lon="18.052448"><ele>30.4</ele><time>2026-09-05T08:14:46.000Z</time><extensions><gpxtpx:TrackPointExtension><gpxtpx:hr>138</gpxtpx:hr></gpxtpx:TrackPointExtension></extensions></trkpt>
      <trkpt lat="59.31847" lon="18.052448"><ele>30</ele><time>2026-09-05T08:14:47.000Z</time><extensions><gpxtpx:TrackPointExtension><gpxtpx:hr>138</gpxtpx:hr></gpxtpx:TrackPointExtension></extensions></trkpt>
      <trkpt lat="59.318459" lon="18.052447"><ele>29.8</ele><time>2026-09-05T08:14:48.000Z</time><extensions><gpxtpx:TrackPointExtension><gpxtpx:hr>138</gpxtpx:hr></gpxtpx:TrackPointExtension></extensions></trkpt>
      <trkpt lat="59.318448" lon="18.052445"><ele>29.4</ele><time>2026-09-05T08:14:49.000Z</time><extensions><gpxtpx:TrackPointExtension><gpxtpx:hr>138</gpxtpx:hr></gpxtpx:TrackPointExtension></extensions></trkpt>
      <trkpt lat="59.318436" lon="18.052443"><ele>29</ele><time>2026-09-05T08:14:50.000Z</time><extensions><gpxtpx:TrackPointExtension><gpxtpx:hr>139</gpxtpx:hr></gpxtpx:TrackPointExtension></extensions></trkpt>
      <trkpt lat="59.318423" lon="18.052441"><ele>28.8</ele><time>2026-09-05T08:14:51.000Z</time><extensions><gpxtpx:TrackPointExtension><gpxtpx:hr>139</gpxtpx:hr></gpxtpx:TrackPointExtension></extensions></trkpt>
      <trkpt lat="59.31841" lon="18.052437"><ele>28.4</ele><time>2026-09-05T08:14:52.000Z</time><extensions><gpxtpx:TrackPointExtension><gpxtpx:hr>139</gpxtpx:hr></gpxtpx:TrackPointExtension></extensions></trkpt>
      <trkpt lat="59.318397" lon="18.052431"><ele>28.2</ele><time>2026-09-05T08:14:53.000Z</time><extensions><gpxtpx:TrackPointExtension><gpxtpx:hr>139</gpxtpx:hr></gpxtpx:TrackPointExtension></extensions></trkpt>
      <trkpt lat="59.318384" lon="18.052424"><ele>27.8</ele><time>2026-09-05T08:14:54.000Z</time><extensions><gpxtpx:TrackPointExtension><gpxtpx:hr>139</gpxtpx:hr></gpxtpx:TrackPointExtension></extensions></trkpt>
      <trkpt lat="59.318371" lon="18.052414"><ele>27.6</ele><time>2026-09-05T08:14:55.000Z</time><extensions><gpxtpx:TrackPointExtension><gpxtpx:hr>139</gpxtpx:hr></gpxtpx:TrackPointExtension></extensions></trkpt>
      <trkpt lat="59.318358" lon="18.0524"><ele>27.4</ele><time>2026-09-05T08:14:56.000Z</time><extensions><gpxtpx:TrackPointExtension><gpxtpx:hr>139</gpxtpx:hr></gpxtpx:TrackPointExtension></extensions></trkpt>
      <trkpt lat="59.318347" lon="18.052383"><ele>27.2</ele><time>2026-09-05T08:14:57.000Z</time><extensions><gpxtpx:TrackPointExtension><gpxtpx:hr>139</gpxtpx:hr></gpxtpx:TrackPointExtension></extensions></trkpt>
      <trkpt lat="59.318337" lon="18.052362"><ele>27</ele><time>2026-09-05T08:14:58.000Z</time><extensions><gpxtpx:TrackPointExtension><gpxtpx:hr>139</gpxtpx:hr></gpxtpx:TrackPointExtension></extensions></trkpt>
      <trkpt lat="59.318328" lon="18.052337"><ele>27</ele><time>2026-09-05T08:14:59.000Z</time><extensions><gpxtpx:TrackPointExtension><gpxtpx:hr>139</gpxtpx:hr></gpxtpx:TrackPointExtension></extensions></trkpt>
      <trkpt lat="59.318319" lon="18.052309"><ele>27</ele><time>2026-09-05T08:15:00.000Z</time><extensions><gpxtpx:TrackPointExtension><gpxtpx:hr>139</gpxtpx:hr></gpxtpx:TrackPointExtension></extensions></trkpt>
      <trkpt lat="59.318311" lon="18.052278"><ele>26.8</ele><time>2026-09-05T08:15:01.000Z</time><extensions><gpxtpx:TrackPointExtension><gpxtpx:hr>139</gpxtpx:hr></gpxtpx:TrackPointExtension></extensions></trkpt>
      <trkpt lat="59.318303" lon="18.052245"><ele>26.8</ele><time>2026-09-05T08:15:02.000Z</time><extensions><gpxtpx:TrackPointExtension><gpxtpx:hr>139</gpxtpx:hr></gpxtpx:TrackPointExtension></extensions></trkpt>
      <trkpt lat="59.318296" lon="18.052208"><ele>26.8</ele><time>2026-09-05T08:15:03.000Z</time><extensions><gpxtpx:TrackPointExtension><gpxtpx:hr>139</gpxtpx:hr></gpxtpx:TrackPointExtension></extensions></trkpt>
      <trkpt lat="59.318288" lon="18.052169"><ele>26.6</ele><time>2026-09-05T08:15:04.000Z</time><extensions><gpxtpx:TrackPointExtension><gpxtpx:hr>139</gpxtpx:hr></gpxtpx:TrackPointExtension></extensions></trkpt>
      <trkpt lat="59.318281" lon="18.052128"><ele>26.6</ele><time>2026-09-05T08:15:05.000Z</time><extensions><gpxtpx:TrackPointExtension><gpxtpx:hr>139</gpxtpx:hr></gpxtpx:TrackPointExtension></extensions></trkpt>
      <trkpt lat="59.318274" lon="18.052087"><ele>26.6</ele><time>2026-09-05T08:15:06.000Z</time><extensions><gpxtpx:TrackPointExtension><gpxtpx:hr>139</gpxtpx:hr></gpxtpx:TrackPointExtension></extensions></trkpt>
      <trkpt lat="59.318267" lon="18.052045"><ele>26.6</ele><time>2026-09-05T08:15:07.000Z</time><extensions><gpxtpx:TrackPointExtension><gpxtpx:hr>137</gpxtpx:hr></gpxtpx:TrackPointExtension></extensions></trkpt>
      <trkpt lat="59.318261" lon="18.052003"><ele>26.6</ele><time>2026-09-05T08:15:08.000Z</time><extensions><gpxtpx:TrackPointExtension><gpxtpx:hr>137</gpxtpx:hr></gpxtpx:TrackPointExtension></extensions></trkpt>
      <trkpt lat="59.318254" lon="18.05196"><ele>26.6</ele><time>2026-09-05T08:15:09.000Z</time><extensions><gpxtpx:TrackPointExtension><gpxtpx:hr>139</gpxtpx:hr></gpxtpx:TrackPointExtension></extensions></trkpt>
      <trkpt lat="59.318248" lon="18.051918"><ele>26.6</ele><time>2026-09-05T08:15:10.000Z</time><extensions><gpxtpx:TrackPointExtension><gpxtpx:hr>139</gpxtpx:hr></gpxtpx:TrackPointExtension></extensions></trkpt>
      <trkpt lat="59.318241" lon="18.051875"><ele>26.6</ele><time>2026-09-05T08:15:11.000Z</time><extensions><gpxtpx:TrackPointExtension><gpxtpx:hr>139</gpxtpx:hr></gpxtpx:TrackPointExtension></extensions></trkpt>
      <trkpt lat="59.318235" lon="18.051833"><ele>26.6</ele><time>2026-09-05T08:15:12.000Z</time><extensions><gpxtpx:TrackPointExtension><gpxtpx:hr>139</gpxtpx:hr></gpxtpx:TrackPointExtension></extensions></trkpt>
      <trkpt lat="59.318229" lon="18.05179"><ele>26.6</ele><time>2026-09-05T08:15:13.000Z</time><extensions><gpxtpx:TrackPointExtension><gpxtpx:hr>139</gpxtpx:hr></gpxtpx:TrackPointExtension></extensions></trkpt>
      <trkpt lat="59.318223" lon="18.051748"><ele>26.6</ele><time>2026-09-05T08:15:14.000Z</time><extensions><gpxtpx:TrackPointExtension><gpxtpx:hr>138</gpxtpx:hr></gpxtpx:TrackPointExtension></extensions></trkpt>
      <trkpt lat="59.318216" lon="18.051706"><ele>26.6</ele><time>2026-09-05T08:15:15.000Z</time><extensions><gpxtpx:TrackPointExtension><gpxtpx:hr>138</gpxtpx:hr></gpxtpx:TrackPointExtension></extensions></trkpt>
      <trkpt lat="59.31821" lon="18.051664"><ele>26.6</ele><time>2026-09-05T08:15:16.000Z</time><extensions><gpxtpx:TrackPointExtension><gpxtpx:hr>138</gpxtpx:hr></gpxtpx:TrackPointExtension></extensions></trkpt>
      <trkpt lat="59.318204" lon="18.051622"><ele>26.6</ele><time>2026-09-05T08:15:17.000Z</time><extensions><gpxtpx:TrackPointExtension><gpxtpx:hr>138</gpxtpx:hr></gpxtpx:TrackPointExtension></extensions></trkpt>
      <trkpt lat="59.318197" lon="18.051579"><ele>26.6</ele><time>2026-09-05T08:15:18.000Z</time><extensions><gpxtpx:TrackPointExtension><gpxtpx:hr>138</gpxtpx:hr></gpxtpx:TrackPointExtension></extensions></trkpt>
      <trkpt lat="59.31819" lon="18.051535"><ele>26.6</ele><time>2026-09-05T08:15:19.000Z</time><extensions><gpxtpx:TrackPointExtension><gpxtpx:hr>138</gpxtpx:hr></gpxtpx:TrackPointExtension></extensions></trkpt>
      <trkpt lat="59.318183" lon="18.051491"><ele>26.6</ele><time>2026-09-05T08:15:20.000Z</time><extensions><gpxtpx:TrackPointExtension><gpxtpx:hr>138</gpxtpx:hr></gpxtpx:TrackPointExtension></extensions></trkpt>
      <trkpt lat="59.318175" lon="18.051446"><ele>26.6</ele><time>2026-09-05T08:15:21.000Z</time><extensions><gpxtpx:TrackPointExtension><gpxtpx:hr>138</gpxtpx:hr></gpxtpx:TrackPointExtension></extensions></trkpt>
      <trkpt lat="59.318167" lon="18.051399"><ele>26.4</ele><time>2026-09-05T08:15:22.000Z</time><extensions><gpxtpx:TrackPointExtension><gpxtpx:hr>138</gpxtpx:hr></gpxtpx:TrackPointExtension></extensions></trkpt>
      <trkpt lat="59.318159" lon="18.051352"><ele>26.4</ele><time>2026-09-05T08:15:23.000Z</time><extensions><gpxtpx:TrackPointExtension><gpxtpx:hr>138</gpxtpx:hr></gpxtpx:TrackPointExtension></extensions></trkpt>
      <trkpt lat="59.31815" lon="18.051307"><ele>26.4</ele><time>2026-09-05T08:15:24.000Z</time><extensions><gpxtpx:TrackPointExtension><gpxtpx:hr>138</gpxtpx:hr></gpxtpx:TrackPointExtension></extensions></trkpt>
      <trkpt lat="59.318142" lon="18.051262"><ele>26.4</ele><time>2026-09-05T08:15:25.000Z</time><extensions><gpxtpx:TrackPointExtension><gpxtpx:hr>138</gpxtpx:hr></gpxtpx:TrackPointExtension></extensions></trkpt>
      <trkpt lat="59.318133" lon="18.051219"><ele>26.4</ele><time>2026-09-05T08:15:26.000Z</time><extensions><gpxtpx:TrackPointExtension><gpxtpx:hr>138</gpxtpx:hr></gpxtpx:TrackPointExtension></extensions></trkpt>
      <trkpt lat="59.318123" lon="18.051176"><ele>26.4</ele><time>2026-09-05T08:15:27.000Z</time><extensions><gpxtpx:TrackPointExtension><gpxtpx:hr>138</gpxtpx:hr></gpxtpx:TrackPointExtension></extensions></trkpt>
      <trkpt lat="59.318114" lon="18.051135"><ele>26.4</ele><time>2026-09-05T08:15:28.000Z</time><extensions><gpxtpx:TrackPointExtension><gpxtpx:hr>138</gpxtpx:hr></gpxtpx:TrackPointExtension></extensions></trkpt>
      <trkpt lat="59.318104" lon="18.051093"><ele>26.4</ele><time>2026-09-05T08:15:29.000Z</time><extensions><gpxtpx:TrackPointExtension><gpxtpx:hr>138</gpxtpx:hr></gpxtpx:TrackPointExtension></extensions></trkpt>
      <trkpt lat="59.318093" lon="18.051052"><ele>26.4</ele><time>2026-09-05T08:15:30.000Z</time><extensions><gpxtpx:TrackPointExtension><gpxtpx:hr>138</gpxtpx:hr></gpxtpx:TrackPointExtension></extensions></trkpt>
      <trkpt lat="59.318083" lon="18.051013"><ele>26.4</ele><time>2026-09-05T08:15:31.000Z</time><extensions><gpxtpx:TrackPointExtension><gpxtpx:hr>138</gpxtpx:hr></gpxtpx:TrackPointExtension></extensions></trkpt>
      <trkpt lat="59.318073" lon="18.050975"><ele>26.4</ele><time>2026-09-05T08:15:32.000Z</time><extensions><gpxtpx:TrackPointExtension><gpxtpx:hr>138</gpxtpx:hr></gpxtpx:TrackPointExtension></extensions></trkpt>
      <trkpt lat="59.318063" lon="18.050937"><ele>26.4</ele><time>2026-09-05T08:15:33.000Z</time><extensions><gpxtpx:TrackPointExtension><gpxtpx:hr>137</gpxtpx:hr></gpxtpx:TrackPointExtension></extensions></trkpt>
      <trkpt lat="59.318053" lon="18.050898"><ele>26.4</ele><time>2026-09-05T08:15:34.000Z</time><extensions><gpxtpx:TrackPointExtension><gpxtpx:hr>136</gpxtpx:hr></gpxtpx:TrackPointExtension></extensions></trkpt>
      <trkpt lat="59.318043" lon="18.050859"><ele>26.2</ele><time>2026-09-05T08:15:35.000Z</time><extensions><gpxtpx:TrackPointExtension><gpxtpx:hr>136</gpxtpx:hr></gpxtpx:TrackPointExtension></extensions></trkpt>
      <trkpt lat="59.318033" lon="18.050822"><ele>26.2</ele><time>2026-09-05T08:15:36.000Z</time><extensions><gpxtpx:TrackPointExtension><gpxtpx:hr>136</gpxtpx:hr></gpxtpx:TrackPointExtension></extensions></trkpt>
      <trkpt lat="59.318023" lon="18.050786"><ele>26.2</ele><time>2026-09-05T08:15:37.000Z</time><extensions><gpxtpx:TrackPointExtension><gpxtpx:hr>136</gpxtpx:hr></gpxtpx:TrackPointExtension></extensions></trkpt>
      <trkpt lat="59.318012" lon="18.050754"><ele>26.2</ele><time>2026-09-05T08:15:38.000Z</time><extensions><gpxtpx:TrackPointExtension><gpxtpx:hr>136</gpxtpx:hr></gpxtpx:TrackPointExtension></extensions></trkpt>
      <trkpt lat="59.317998" lon="18.050725"><ele>26.2</ele><time>2026-09-05T08:15:39.000Z</time><extensions><gpxtpx:TrackPointExtension><gpxtpx:hr>136</gpxtpx:hr></gpxtpx:TrackPointExtension></extensions></trkpt>
      <trkpt lat="59.317983" lon="18.050704"><ele>26</ele><time>2026-09-05T08:15:40.000Z</time><extensions><gpxtpx:TrackPointExtension><gpxtpx:hr>136</gpxtpx:hr></gpxtpx:TrackPointExtension></extensions></trkpt>
      <trkpt lat="59.317965" lon="18.050696"><ele>26</ele><time>2026-09-05T08:15:41.000Z</time><extensions><gpxtpx:TrackPointExtension><gpxtpx:hr>132</gpxtpx:hr></gpxtpx:TrackPointExtension></extensions></trkpt>
      <trkpt lat="59.317945" lon="18.050699"><ele>26</ele><time>2026-09-05T08:15:42.000Z</time><extensions><gpxtpx:TrackPointExtension><gpxtpx:hr>132</gpxtpx:hr></gpxtpx:TrackPointExtension></extensions></trkpt>
      <trkpt lat="59.317922" lon="18.050708"><ele>25.8</ele><time>2026-09-05T08:15:43.000Z</time><extensions><gpxtpx:TrackPointExtension><gpxtpx:hr>132</gpxtpx:hr></gpxtpx:TrackPointExtension></extensions></trkpt>
      <trkpt lat="59.317899" lon="18.050718"><ele>25.8</ele><time>2026-09-05T08:15:44.000Z</time><extensions><gpxtpx:TrackPointExtension><gpxtpx:hr>132</gpxtpx:hr></gpxtpx:TrackPointExtension></extensions></trkpt>
      <trkpt lat="59.317876" lon="18.050729"><ele>25.6</ele><time>2026-09-05T08:15:45.000Z</time><extensions><gpxtpx:TrackPointExtension><gpxtpx:hr>132</gpxtpx:hr></gpxtpx:TrackPointExtension></extensions></trkpt>
      <trkpt lat="59.317854" lon="18.05074"><ele>25.6</ele><time>2026-09-05T08:15:46.000Z</time><extensions><gpxtpx:TrackPointExtension><gpxtpx:hr>132</gpxtpx:hr></gpxtpx:TrackPointExtension></extensions></trkpt>
      <trkpt lat="59.317832" lon="18.05075"><ele>25.6</ele><time>2026-09-05T08:15:47.000Z</time><extensions><gpxtpx:TrackPointExtension><gpxtpx:hr>132</gpxtpx:hr></gpxtpx:TrackPointExtension></extensions></trkpt>
      <trkpt lat="59.317808" lon="18.050762"><ele>25.4</ele><time>2026-09-05T08:15:48.000Z</time><extensions><gpxtpx:TrackPointExtension><gpxtpx:hr>133</gpxtpx:hr></gpxtpx:TrackPointExtension></extensions></trkpt>
      <trkpt lat="59.317783" lon="18.050773"><ele>25.4</ele><time>2026-09-05T08:15:49.000Z</time><extensions><gpxtpx:TrackPointExtension><gpxtpx:hr>133</gpxtpx:hr></gpxtpx:TrackPointExtension></extensions></trkpt>
      <trkpt lat="59.317758" lon="18.050785"><ele>25.4</ele><time>2026-09-05T08:15:50.000Z</time><extensions><gpxtpx:TrackPointExtension><gpxtpx:hr>133</gpxtpx:hr></gpxtpx:TrackPointExtension></extensions></trkpt>
      <trkpt lat="59.317734" lon="18.050796"><ele>25.4</ele><time>2026-09-05T08:15:51.000Z</time><extensions><gpxtpx:TrackPointExtension><gpxtpx:hr>133</gpxtpx:hr></gpxtpx:TrackPointExtension></extensions></trkpt>
      <trkpt lat="59.317711" lon="18.050807"><ele>25.2</ele><time>2026-09-05T08:15:52.000Z</time><extensions><gpxtpx:TrackPointExtension><gpxtpx:hr>133</gpxtpx:hr></gpxtpx:TrackPointExtension></extensions></trkpt>
      <trkpt lat="59.317688" lon="18.050817"><ele>25.2</ele><time>2026-09-05T08:15:53.000Z</time><extensions><gpxtpx:TrackPointExtension><gpxtpx:hr>132</gpxtpx:hr></gpxtpx:TrackPointExtension></extensions></trkpt>
      <trkpt lat="59.317665" lon="18.050825"><ele>25.2</ele><time>2026-09-05T08:15:54.000Z</time><extensions><gpxtpx:TrackPointExtension><gpxtpx:hr>133</gpxtpx:hr></gpxtpx:TrackPointExtension></extensions></trkpt>
      <trkpt lat="59.317642" lon="18.050833"><ele>25.2</ele><time>2026-09-05T08:15:55.000Z</time><extensions><gpxtpx:TrackPointExtension><gpxtpx:hr>133</gpxtpx:hr></gpxtpx:TrackPointExtension></extensions></trkpt>
      <trkpt lat="59.31762" lon="18.050844"><ele>25</ele><time>2026-09-05T08:15:56.000Z</time><extensions><gpxtpx:TrackPointExtension><gpxtpx:hr>133</gpxtpx:hr></gpxtpx:TrackPointExtension></extensions></trkpt>
      <trkpt lat="59.317598" lon="18.050854"><ele>25</ele><time>2026-09-05T08:15:57.000Z</time><extensions><gpxtpx:TrackPointExtension><gpxtpx:hr>133</gpxtpx:hr></gpxtpx:TrackPointExtension></extensions></trkpt>
      <trkpt lat="59.317577" lon="18.050864"><ele>25</ele><time>2026-09-05T08:15:58.000Z</time><extensions><gpxtpx:TrackPointExtension><gpxtpx:hr>133</gpxtpx:hr></gpxtpx:TrackPointExtension></extensions></trkpt>
      <trkpt lat="59.317553" lon="18.050872"><ele>25</ele><time>2026-09-05T08:15:59.000Z</time><extensions><gpxtpx:TrackPointExtension><gpxtpx:hr>133</gpxtpx:hr></gpxtpx:TrackPointExtension></extensions></trkpt>
      <trkpt lat="59.317528" lon="18.05088"><ele>24.8</ele><time>2026-09-05T08:16:00.000Z</time><extensions><gpxtpx:TrackPointExtension><gpxtpx:hr>133</gpxtpx:hr></gpxtpx:TrackPointExtension></extensions></trkpt>
      <trkpt lat="59.317502" lon="18.050883"><ele>24.8</ele><time>2026-09-05T08:16:01.000Z</time><extensions><gpxtpx:TrackPointExtension><gpxtpx:hr>133</gpxtpx:hr></gpxtpx:TrackPointExtension></extensions></trkpt>
      <trkpt lat="59.317477" lon="18.050882"><ele>24.8</ele><time>2026-09-05T08:16:02.000Z</time><extensions><gpxtpx:TrackPointExtension><gpxtpx:hr>133</gpxtpx:hr></gpxtpx:TrackPointExtension></extensions></trkpt>
      <trkpt lat="59.317451" lon="18.050882"><ele>24.8</ele><time>2026-09-05T08:16:03.000Z</time><extensions><gpxtpx:TrackPointExtension><gpxtpx:hr>133</gpxtpx:hr></gpxtpx:TrackPointExtension></extensions></trkpt>
      <trkpt lat="59.317423" lon="18.05089"><ele>24.8</ele><time>2026-09-05T08:16:04.000Z</time><extensions><gpxtpx:TrackPointExtension><gpxtpx:hr>134</gpxtpx:hr></gpxtpx:TrackPointExtension></extensions></trkpt>
      <trkpt lat="59.317393" lon="18.050904"><ele>24.8</ele><time>2026-09-05T08:16:05.000Z</time><extensions><gpxtpx:TrackPointExtension><gpxtpx:hr>134</gpxtpx:hr></gpxtpx:TrackPointExtension></extensions></trkpt>
      <trkpt lat="59.317363" lon="18.050923"><ele>24.8</ele><time>2026-09-05T08:16:06.000Z</time><extensions><gpxtpx:TrackPointExtension><gpxtpx:hr>134</gpxtpx:hr></gpxtpx:TrackPointExtension></extensions></trkpt>
      <trkpt lat="59.317337" lon="18.050941"><ele>24.8</ele><time>2026-09-05T08:16:07.000Z</time><extensions><gpxtpx:TrackPointExtension><gpxtpx:hr>134</gpxtpx:hr></gpxtpx:TrackPointExtension></extensions></trkpt>
      <trkpt lat="59.317315" lon="18.050949"><ele>24.8</ele><time>2026-09-05T08:16:08.000Z</time><extensions><gpxtpx:TrackPointExtension><gpxtpx:hr>134</gpxtpx:hr></gpxtpx:TrackPointExtension></extensions></trkpt>
      <trkpt lat="59.317296" lon="18.05094"><ele>24.6</ele><time>2026-09-05T08:16:09.000Z</time><extensions><gpxtpx:TrackPointExtension><gpxtpx:hr>134</gpxtpx:hr></gpxtpx:TrackPointExtension></extensions></trkpt>
      <trkpt lat="59.317282" lon="18.050921"><ele>24.6</ele><time>2026-09-05T08:16:10.000Z</time><extensions><gpxtpx:TrackPointExtension><gpxtpx:hr>134</gpxtpx:hr></gpxtpx:TrackPointExtension></extensions></trkpt>
      <trkpt lat="59.317273" lon="18.050899"><ele>24.6</ele><time>2026-09-05T08:16:11.000Z</time><extensions><gpxtpx:TrackPointExtension><gpxtpx:hr>134</gpxtpx:hr></gpxtpx:TrackPointExtension></extensions></trkpt>
      <trkpt lat="59.317273" lon="18.050884"><ele>24.6</ele><time>2026-09-05T08:16:12.000Z</time><extensions><gpxtpx:TrackPointExtension><gpxtpx:hr>135</gpxtpx:hr></gpxtpx:TrackPointExtension></extensions></trkpt>
      <trkpt lat="59.317279" lon="18.050884"><ele>24.6</ele><time>2026-09-05T08:16:13.000Z</time><extensions><gpxtpx:TrackPointExtension><gpxtpx:hr>135</gpxtpx:hr></gpxtpx:TrackPointExtension></extensions></trkpt>
      <trkpt lat="59.317286" lon="18.050892"><ele>24.6</ele><time>2026-09-05T08:16:14.000Z</time><extensions><gpxtpx:TrackPointExtension><gpxtpx:hr>136</gpxtpx:hr></gpxtpx:TrackPointExtension></extensions></trkpt>
      <trkpt lat="59.317284" lon="18.050887"><ele>24.6</ele><time>2026-09-05T08:16:15.000Z</time><extensions><gpxtpx:TrackPointExtension><gpxtpx:hr>136</gpxtpx:hr></gpxtpx:TrackPointExtension></extensions></trkpt>
      <trkpt lat="59.317274" lon="18.050855"><ele>24.6</ele><time>2026-09-05T08:16:16.000Z</time><extensions><gpxtpx:TrackPointExtension><gpxtpx:hr>136</gpxtpx:hr></gpxtpx:TrackPointExtension></extensions></trkpt>
      <trkpt lat="59.317261" lon="18.050806"><ele>24.6</ele><time>2026-09-05T08:16:17.000Z</time><extensions><gpxtpx:TrackPointExtension><gpxtpx:hr>136</gpxtpx:hr></gpxtpx:TrackPointExtension></extensions></trkpt>
      <trkpt lat="59.317249" lon="18.050754"><ele>24.4</ele><time>2026-09-05T08:16:18.000Z</time><extensions><gpxtpx:TrackPointExtension><gpxtpx:hr>136</gpxtpx:hr></gpxtpx:TrackPointExtension></extensions></trkpt>
      <trkpt lat="59.317237" lon="18.050708"><ele>24.6</ele><time>2026-09-05T08:16:19.000Z</time><extensions><gpxtpx:TrackPointExtension><gpxtpx:hr>136</gpxtpx:hr></gpxtpx:TrackPointExtension></extensions></trkpt>
      <trkpt lat="59.317222" lon="18.050671"><ele>24.6</ele><time>2026-09-05T08:16:20.000Z</time><extensions><gpxtpx:TrackPointExtension><gpxtpx:hr>136</gpxtpx:hr></gpxtpx:TrackPointExtension></extensions></trkpt>
      <trkpt lat="59.317204" lon="18.050641"><ele>24.6</ele><time>2026-09-05T08:16:21.000Z</time><extensions><gpxtpx:TrackPointExtension><gpxtpx:hr>136</gpxtpx:hr></gpxtpx:TrackPointExtension></extensions></trkpt>
      <trkpt lat="59.317185" lon="18.050618"><ele>24.6</ele><time>2026-09-05T08:16:22.000Z</time><extensions><gpxtpx:TrackPointExtension><gpxtpx:hr>136</gpxtpx:hr></gpxtpx:TrackPointExtension></extensions></trkpt>
      <trkpt lat="59.317164" lon="18.050602"><ele>24.6</ele><time>2026-09-05T08:16:23.000Z</time><extensions><gpxtpx:TrackPointExtension><gpxtpx:hr>137</gpxtpx:hr></gpxtpx:TrackPointExtension></extensions></trkpt>
      <trkpt lat="59.317142" lon="18.050593"><ele>24.6</ele><time>2026-09-05T08:16:24.000Z</time><extensions><gpxtpx:TrackPointExtension><gpxtpx:hr>137</gpxtpx:hr></gpxtpx:TrackPointExtension></extensions></trkpt>
      <trkpt lat="59.317118" lon="18.050591"><ele>24.6</ele><time>2026-09-05T08:16:25.000Z</time><extensions><gpxtpx:TrackPointExtension><gpxtpx:hr>137</gpxtpx:hr></gpxtpx:TrackPointExtension></extensions></trkpt>
      <trkpt lat="59.317093" lon="18.050597"><ele>24.6</ele><time>2026-09-05T08:16:26.000Z</time><extensions><gpxtpx:TrackPointExtension><gpxtpx:hr>137</gpxtpx:hr></gpxtpx:TrackPointExtension></extensions></trkpt>
      <trkpt lat="59.317069" lon="18.050608"><ele>24.6</ele><time>2026-09-05T08:16:27.000Z</time><extensions><gpxtpx:TrackPointExtension><gpxtpx:hr>137</gpxtpx:hr></gpxtpx:TrackPointExtension></extensions></trkpt>
      <trkpt lat="59.317045" lon="18.050619"><ele>24.6</ele><time>2026-09-05T08:16:28.000Z</time><extensions><gpxtpx:TrackPointExtension><gpxtpx:hr>137</gpxtpx:hr></gpxtpx:TrackPointExtension></extensions></trkpt>
      <trkpt lat="59.317021" lon="18.05063"><ele>24.6</ele><time>2026-09-05T08:16:29.000Z</time><extensions><gpxtpx:TrackPointExtension><gpxtpx:hr>137</gpxtpx:hr></gpxtpx:TrackPointExtension></extensions></trkpt>
      <trkpt lat="59.316998" lon="18.05064"><ele>24.6</ele><time>2026-09-05T08:16:30.000Z</time><extensions><gpxtpx:TrackPointExtension><gpxtpx:hr>137</gpxtpx:hr></gpxtpx:TrackPointExtension></extensions></trkpt>
      <trkpt lat="59.316975" lon="18.050649"><ele>24.6</ele><time>2026-09-05T08:16:31.000Z</time><extensions><gpxtpx:TrackPointExtension><gpxtpx:hr>137</gpxtpx:hr></gpxtpx:TrackPointExtension></extensions></trkpt>
      <trkpt lat="59.316952" lon="18.050657"><ele>24.4</ele><time>2026-09-05T08:16:32.000Z</time><extensions><gpxtpx:TrackPointExtension><gpxtpx:hr>137</gpxtpx:hr></gpxtpx:TrackPointExtension></extensions></trkpt>
      <trkpt lat="59.316929" lon="18.050665"><ele>24.4</ele><time>2026-09-05T08:16:33.000Z</time><extensions><gpxtpx:TrackPointExtension><gpxtpx:hr>137</gpxtpx:hr></gpxtpx:TrackPointExtension></extensions></trkpt>
      <trkpt lat="59.316905" lon="18.050674"><ele>24.4</ele><time>2026-09-05T08:16:34.000Z</time><extensions><gpxtpx:TrackPointExtension><gpxtpx:hr>137</gpxtpx:hr></gpxtpx:TrackPointExtension></extensions></trkpt>
      <trkpt lat="59.316878" lon="18.050684"><ele>24.4</ele><time>2026-09-05T08:16:35.000Z</time><extensions><gpxtpx:TrackPointExtension><gpxtpx:hr>137</gpxtpx:hr></gpxtpx:TrackPointExtension></extensions></trkpt>
      <trkpt lat="59.316852" lon="18.050694"><ele>24.4</ele><time>2026-09-05T08:16:36.000Z</time><extensions><gpxtpx:TrackPointExtension><gpxtpx:hr>137</gpxtpx:hr></gpxtpx:TrackPointExtension></extensions></trkpt>
      <trkpt lat="59.316825" lon="18.050703"><ele>24.4</ele><time>2026-09-05T08:16:37.000Z</time><extensions><gpxtpx:TrackPointExtension><gpxtpx:hr>137</gpxtpx:hr></gpxtpx:TrackPointExtension></extensions></trkpt>
      <trkpt lat="59.3168" lon="18.05071"><ele>24.4</ele><time>2026-09-05T08:16:38.000Z</time><extensions><gpxtpx:TrackPointExtension><gpxtpx:hr>138</gpxtpx:hr></gpxtpx:TrackPointExtension></extensions></trkpt>
      <trkpt lat="59.316775" lon="18.050717"><ele>24.4</ele><time>2026-09-05T08:16:39.000Z</time><extensions><gpxtpx:TrackPointExtension><gpxtpx:hr>138</gpxtpx:hr></gpxtpx:TrackPointExtension></extensions></trkpt>
      <trkpt lat="59.31675" lon="18.050723"><ele>24.4</ele><time>2026-09-05T08:16:40.000Z</time><extensions><gpxtpx:TrackPointExtension><gpxtpx:hr>138</gpxtpx:hr></gpxtpx:TrackPointExtension></extensions></trkpt>
      <trkpt lat="59.316727" lon="18.050726"><ele>24.4</ele><time>2026-09-05T08:16:41.000Z</time><extensions><gpxtpx:TrackPointExtension><gpxtpx:hr>138</gpxtpx:hr></gpxtpx:TrackPointExtension></extensions></trkpt>
      <trkpt lat="59.316704" lon="18.050727"><ele>24.4</ele><time>2026-09-05T08:16:42.000Z</time><extensions><gpxtpx:TrackPointExtension><gpxtpx:hr>138</gpxtpx:hr></gpxtpx:TrackPointExtension></extensions></trkpt>
      <trkpt lat="59.316682" lon="18.050726"><ele>24.4</ele><time>2026-09-05T08:16:43.000Z</time><extensions><gpxtpx:TrackPointExtension><gpxtpx:hr>140</gpxtpx:hr></gpxtpx:TrackPointExtension></extensions></trkpt>
      <trkpt lat="59.316658" lon="18.050724"><ele>24.4</ele><time>2026-09-05T08:16:44.000Z</time><extensions><gpxtpx:TrackPointExtension><gpxtpx:hr>140</gpxtpx:hr></gpxtpx:TrackPointExtension></extensions></trkpt>
      <trkpt lat="59.316633" lon="18.05072"><ele>24.4</ele><time>2026-09-05T08:16:45.000Z</time><extensions><gpxtpx:TrackPointExtension><gpxtpx:hr>140</gpxtpx:hr></gpxtpx:TrackPointExtension></extensions></trkpt>
      <trkpt lat="59.316606" lon="18.050713"><ele>24.4</ele><time>2026-09-05T08:16:46.000Z</time><extensions><gpxtpx:TrackPointExtension><gpxtpx:hr>140</gpxtpx:hr></gpxtpx:TrackPointExtension></extensions></trkpt>
      <trkpt lat="59.316578" lon="18.050701"><ele>24.4</ele><time>2026-09-05T08:16:47.000Z</time><extensions><gpxtpx:TrackPointExtension><gpxtpx:hr>140</gpxtpx:hr></gpxtpx:TrackPointExtension></extensions></trkpt>
      <trkpt lat="59.316551" lon="18.050686"><ele>24.4</ele><time>2026-09-05T08:16:48.000Z</time><extensions><gpxtpx:TrackPointExtension><gpxtpx:hr>140</gpxtpx:hr></gpxtpx:TrackPointExtension></extensions></trkpt>
      <trkpt lat="59.316527" lon="18.050671"><ele>24.2</ele><time>2026-09-05T08:16:49.000Z</time><extensions><gpxtpx:TrackPointExtension><gpxtpx:hr>140</gpxtpx:hr></gpxtpx:TrackPointExtension></extensions></trkpt>
      <trkpt lat="59.316505" lon="18.050656"><ele>24.2</ele><time>2026-09-05T08:16:50.000Z</time><extensions><gpxtpx:TrackPointExtension><gpxtpx:hr>140</gpxtpx:hr></gpxtpx:TrackPointExtension></extensions></trkpt>
      <trkpt lat="59.316486" lon="18.05064"><ele>24.2</ele><time>2026-09-05T08:16:51.000Z</time><extensions><gpxtpx:TrackPointExtension><gpxtpx:hr>140</gpxtpx:hr></gpxtpx:TrackPointExtension></extensions></trkpt>
      <trkpt lat="59.316467" lon="18.050619"><ele>24.2</ele><time>2026-09-05T08:16:52.000Z</time><extensions><gpxtpx:TrackPointExtension><gpxtpx:hr>140</gpxtpx:hr></gpxtpx:TrackPointExtension></extensions></trkpt>
      <trkpt lat="59.31645" lon="18.050588"><ele>24</ele><time>2026-09-05T08:16:53.000Z</time><extensions><gpxtpx:TrackPointExtension><gpxtpx:hr>140</gpxtpx:hr></gpxtpx:TrackPointExtension></extensions></trkpt>
      <trkpt lat="59.316434" lon="18.050546"><ele>24</ele><time>2026-09-05T08:16:54.000Z</time><extensions><gpxtpx:TrackPointExtension><gpxtpx:hr>140</gpxtpx:hr></gpxtpx:TrackPointExtension></extensions></trkpt>
      <trkpt lat="59.31642" lon="18.050496"><ele>24</ele><time>2026-09-05T08:16:55.000Z</time><extensions><gpxtpx:TrackPointExtension><gpxtpx:hr>140</gpxtpx:hr></gpxtpx:TrackPointExtension></extensions></trkpt>
      <trkpt lat="59.316404" lon="18.050371"><ele>23.8</ele><time>2026-09-05T08:16:56.000Z</time><extensions><gpxtpx:TrackPointExtension><gpxtpx:hr>140</gpxtpx:hr></gpxtpx:TrackPointExtension></extensions></trkpt>
      <trkpt lat="59.316395" lon="18.050318"><ele>23.8</ele><time>2026-09-05T08:16:57.000Z</time><extensions><gpxtpx:TrackPointExtension><gpxtpx:hr>140</gpxtpx:hr></gpxtpx:TrackPointExtension></extensions></trkpt>
      <trkpt lat="59.316387" lon="18.050279"><ele>23.6</ele><time>2026-09-05T08:16:58.000Z</time><extensions><gpxtpx:TrackPointExtension><gpxtpx:hr>140</gpxtpx:hr></gpxtpx:TrackPointExtension></extensions></trkpt>
      <trkpt lat="59.316381" lon="18.050248"><ele>23.6</ele><time>2026-09-05T08:16:59.000Z</time><extensions><gpxtpx:TrackPointExtension><gpxtpx:hr>140</gpxtpx:hr></gpxtpx:TrackPointExtension></extensions></trkpt>
      <trkpt lat="59.316373" lon="18.050216"><ele>23.4</ele><time>2026-09-05T08:17:00.000Z</time><extensions><gpxtpx:TrackPointExtension><gpxtpx:hr>140</gpxtpx:hr></gpxtpx:TrackPointExtension></extensions></trkpt>
      <trkpt lat="59.316367" lon="18.050174"><ele>23.4</ele><time>2026-09-05T08:17:01.000Z</time><extensions><gpxtpx:TrackPointExtension><gpxtpx:hr>140</gpxtpx:hr></gpxtpx:TrackPointExtension></extensions></trkpt>
      <trkpt lat="59.316363" lon="18.050117"><ele>23.2</ele><time>2026-09-05T08:17:02.000Z</time><extensions><gpxtpx:TrackPointExtension><gpxtpx:hr>140</gpxtpx:hr></gpxtpx:TrackPointExtension></extensions></trkpt>
      <trkpt lat="59.31636" lon="18.050041"><ele>23.2</ele><time>2026-09-05T08:17:03.000Z</time><extensions><gpxtpx:TrackPointExtension><gpxtpx:hr>140</gpxtpx:hr></gpxtpx:TrackPointExtension></extensions></trkpt>
      <trkpt lat="59.316357" lon="18.049948"><ele>23</ele><time>2026-09-05T08:17:04.000Z</time><extensions><gpxtpx:TrackPointExtension><gpxtpx:hr>140</gpxtpx:hr></gpxtpx:TrackPointExtension></extensions></trkpt>
      <trkpt lat="59.316352" lon="18.049847"><ele>23</ele><time>2026-09-05T08:17:05.000Z</time><extensions><gpxtpx:TrackPointExtension><gpxtpx:hr>140</gpxtpx:hr></gpxtpx:TrackPointExtension></extensions></trkpt>
      <trkpt lat="59.316343" lon="18.049748"><ele>22.8</ele><time>2026-09-05T08:17:06.000Z</time><extensions><gpxtpx:TrackPointExtension><gpxtpx:hr>140</gpxtpx:hr></gpxtpx:TrackPointExtension></extensions></trkpt>
      <trkpt lat="59.316328" lon="18.049657"><ele>22.8</ele><time>2026-09-05T08:17:07.000Z</time><extensions><gpxtpx:TrackPointExtension><gpxtpx:hr>140</gpxtpx:hr></gpxtpx:TrackPointExtension></extensions></trkpt>
      <trkpt lat="59.316309" lon="18.049575"><ele>22.8</ele><time>2026-09-05T08:17:08.000Z</time><extensions><gpxtpx:TrackPointExtension><gpxtpx:hr>140</gpxtpx:hr></gpxtpx:TrackPointExtension></extensions></trkpt>
      <trkpt lat="59.316286" lon="18.049502"><ele>23</ele><time>2026-09-05T08:17:09.000Z</time><extensions><gpxtpx:TrackPointExtension><gpxtpx:hr>140</gpxtpx:hr></gpxtpx:TrackPointExtension></extensions></trkpt>
      <trkpt lat="59.316261" lon="18.049436"><ele>23</ele><time>2026-09-05T08:17:10.000Z</time><extensions><gpxtpx:TrackPointExtension><gpxtpx:hr>140</gpxtpx:hr></gpxtpx:TrackPointExtension></extensions></trkpt>
      <trkpt lat="59.316231" lon="18.049379"><ele>23</ele><time>2026-09-05T08:17:11.000Z</time><extensions><gpxtpx:TrackPointExtension><gpxtpx:hr>140</gpxtpx:hr></gpxtpx:TrackPointExtension></extensions></trkpt>
      <trkpt lat="59.316197" lon="18.049333"><ele>23</ele><time>2026-09-05T08:17:12.000Z</time><extensions><gpxtpx:TrackPointExtension><gpxtpx:hr>140</gpxtpx:hr></gpxtpx:TrackPointExtension></extensions></trkpt>
      <trkpt lat="59.316159" lon="18.049301"><ele>23</ele><time>2026-09-05T08:17:13.000Z</time><extensions><gpxtpx:TrackPointExtension><gpxtpx:hr>140</gpxtpx:hr></gpxtpx:TrackPointExtension></extensions></trkpt>
      <trkpt lat="59.316115" lon="18.049283"><ele>23</ele><time>2026-09-05T08:17:14.000Z</time><extensions><gpxtpx:TrackPointExtension><gpxtpx:hr>140</gpxtpx:hr></gpxtpx:TrackPointExtension></extensions></trkpt>
      <trkpt lat="59.31607" lon="18.049282"><ele>23</ele><time>2026-09-05T08:17:15.000Z</time><extensions><gpxtpx:TrackPointExtension><gpxtpx:hr>140</gpxtpx:hr></gpxtpx:TrackPointExtension></extensions></trkpt>
      <trkpt lat="59.316026" lon="18.049292"><ele>23</ele><time>2026-09-05T08:17:16.000Z</time><extensions><gpxtpx:TrackPointExtension><gpxtpx:hr>140</gpxtpx:hr></gpxtpx:TrackPointExtension></extensions></trkpt>
      <trkpt lat="59.315983" lon="18.049311"><ele>23.2</ele><time>2026-09-05T08:17:17.000Z</time><extensions><gpxtpx:TrackPointExtension><gpxtpx:hr>140</gpxtpx:hr></gpxtpx:TrackPointExtension></extensions></trkpt>
      <trkpt lat="59.315941" lon="18.049331"><ele>23.2</ele><time>2026-09-05T08:17:18.000Z</time><extensions><gpxtpx:TrackPointExtension><gpxtpx:hr>140</gpxtpx:hr></gpxtpx:TrackPointExtension></extensions></trkpt>
      <trkpt lat="59.3159" lon="18.049353"><ele>23.2</ele><time>2026-09-05T08:17:19.000Z</time><extensions><gpxtpx:TrackPointExtension><gpxtpx:hr>140</gpxtpx:hr></gpxtpx:TrackPointExtension></extensions></trkpt>
      <trkpt lat="59.315859" lon="18.049374"><ele>23.2</ele><time>2026-09-05T08:17:20.000Z</time><extensions><gpxtpx:TrackPointExtension><gpxtpx:hr>140</gpxtpx:hr></gpxtpx:TrackPointExtension></extensions></trkpt>
      <trkpt lat="59.315819" lon="18.049394"><ele>23</ele><time>2026-09-05T08:17:21.000Z</time><extensions><gpxtpx:TrackPointExtension><gpxtpx:hr>140</gpxtpx:hr></gpxtpx:TrackPointExtension></extensions></trkpt>
      <trkpt lat="59.315778" lon="18.049415"><ele>23</ele><time>2026-09-05T08:17:22.000Z</time><extensions><gpxtpx:TrackPointExtension><gpxtpx:hr>140</gpxtpx:hr></gpxtpx:TrackPointExtension></extensions></trkpt>
      <trkpt lat="59.315738" lon="18.049436"><ele>23</ele><time>2026-09-05T08:17:23.000Z</time><extensions><gpxtpx:TrackPointExtension><gpxtpx:hr>140</gpxtpx:hr></gpxtpx:TrackPointExtension></extensions></trkpt>
      <trkpt lat="59.315698" lon="18.049456"><ele>23</ele><time>2026-09-05T08:17:24.000Z</time><extensions><gpxtpx:TrackPointExtension><gpxtpx:hr>140</gpxtpx:hr></gpxtpx:TrackPointExtension></extensions></trkpt>
      <trkpt lat="59.315658" lon="18.049476"><ele>23</ele><time>2026-09-05T08:17:25.000Z</time><extensions><gpxtpx:TrackPointExtension><gpxtpx:hr>140</gpxtpx:hr></gpxtpx:TrackPointExtension></extensions></trkpt>
      <trkpt lat="59.315619" lon="18.049497"><ele>23</ele><time>2026-09-05T08:17:26.000Z</time><extensions><gpxtpx:TrackPointExtension><gpxtpx:hr>140</gpxtpx:hr></gpxtpx:TrackPointExtension></extensions></trkpt>
      <trkpt lat="59.31558" lon="18.049519"><ele>22.8</ele><time>2026-09-05T08:17:27.000Z</time><extensions><gpxtpx:TrackPointExtension><gpxtpx:hr>140</gpxtpx:hr></gpxtpx:TrackPointExtension></extensions></trkpt>
      <trkpt lat="59.315543" lon="18.049541"><ele>22.8</ele><time>2026-09-05T08:17:28.000Z</time><extensions><gpxtpx:TrackPointExtension><gpxtpx:hr>140</gpxtpx:hr></gpxtpx:TrackPointExtension></extensions></trkpt>
      <trkpt lat="59.315505" lon="18.049565"><ele>22.8</ele><time>2026-09-05T08:17:29.000Z</time><extensions><gpxtpx:TrackPointExtension><gpxtpx:hr>140</gpxtpx:hr></gpxtpx:TrackPointExtension></extensions></trkpt>
      <trkpt lat="59.315466" lon="18.049588"><ele>22.8</ele><time>2026-09-05T08:17:30.000Z</time><extensions><gpxtpx:TrackPointExtension><gpxtpx:hr>140</gpxtpx:hr></gpxtpx:TrackPointExtension></extensions></trkpt>
      <trkpt lat="59.315427" lon="18.049611"><ele>22.8</ele><time>2026-09-05T08:17:31.000Z</time><extensions><gpxtpx:TrackPointExtension><gpxtpx:hr>140</gpxtpx:hr></gpxtpx:TrackPointExtension></extensions></trkpt>
      <trkpt lat="59.315388" lon="18.049634"><ele>22.8</ele><time>2026-09-05T08:17:32.000Z</time><extensions><gpxtpx:TrackPointExtension><gpxtpx:hr>140</gpxtpx:hr></gpxtpx:TrackPointExtension></extensions></trkpt>
      <trkpt lat="59.31535" lon="18.049657"><ele>22.8</ele><time>2026-09-05T08:17:33.000Z</time><extensions><gpxtpx:TrackPointExtension><gpxtpx:hr>140</gpxtpx:hr></gpxtpx:TrackPointExtension></extensions></trkpt>
      <trkpt lat="59.315314" lon="18.049679"><ele>22.6</ele><time>2026-09-05T08:17:34.000Z</time><extensions><gpxtpx:TrackPointExtension><gpxtpx:hr>140</gpxtpx:hr></gpxtpx:TrackPointExtension></extensions></trkpt>
      <trkpt lat="59.31528" lon="18.049698"><ele>22.6</ele><time>2026-09-05T08:17:35.000Z</time><extensions><gpxtpx:TrackPointExtension><gpxtpx:hr>140</gpxtpx:hr></gpxtpx:TrackPointExtension></extensions></trkpt>
      <trkpt lat="59.315247" lon="18.049717"><ele>22.6</ele><time>2026-09-05T08:17:36.000Z</time><extensions><gpxtpx:TrackPointExtension><gpxtpx:hr>140</gpxtpx:hr></gpxtpx:TrackPointExtension></extensions></trkpt>
      <trkpt lat="59.315214" lon="18.049737"><ele>22.6</ele><time>2026-09-05T08:17:37.000Z</time><extensions><gpxtpx:TrackPointExtension><gpxtpx:hr>140</gpxtpx:hr></gpxtpx:TrackPointExtension></extensions></trkpt>
      <trkpt lat="59.315182" lon="18.049761"><ele>22.6</ele><time>2026-09-05T08:17:38.000Z</time><extensions><gpxtpx:TrackPointExtension><gpxtpx:hr>140</gpxtpx:hr></gpxtpx:TrackPointExtension></extensions></trkpt>
      <trkpt lat="59.315152" lon="18.049795"><ele>22.4</ele><time>2026-09-05T08:17:39.000Z</time><extensions><gpxtpx:TrackPointExtension><gpxtpx:hr>140</gpxtpx:hr></gpxtpx:TrackPointExtension></extensions></trkpt>
      <trkpt lat="59.315125" lon="18.049839"><ele>22.4</ele><time>2026-09-05T08:17:40.000Z</time><extensions><gpxtpx:TrackPointExtension><gpxtpx:hr>140</gpxtpx:hr></gpxtpx:TrackPointExtension></extensions></trkpt>
      <trkpt lat="59.315103" lon="18.049893"><ele>22.4</ele><time>2026-09-05T08:17:41.000Z</time><extensions><gpxtpx:TrackPointExtension><gpxtpx:hr>140</gpxtpx:hr></gpxtpx:TrackPointExtension></extensions></trkpt>
      <trkpt lat="59.315084" lon="18.049959"><ele>22.4</ele><time>2026-09-05T08:17:42.000Z</time><extensions><gpxtpx:TrackPointExtension><gpxtpx:hr>140</gpxtpx:hr></gpxtpx:TrackPointExtension></extensions></trkpt>
      <trkpt lat="59.315071" lon="18.050038"><ele>22.6</ele><time>2026-09-05T08:17:43.000Z</time><extensions><gpxtpx:TrackPointExtension><gpxtpx:hr>140</gpxtpx:hr></gpxtpx:TrackPointExtension></extensions></trkpt>
      <trkpt lat="59.315064" lon="18.050123"><ele>22.6</ele><time>2026-09-05T08:17:44.000Z</time><extensions><gpxtpx:TrackPointExtension><gpxtpx:hr>140</gpxtpx:hr></gpxtpx:TrackPointExtension></extensions></trkpt>
      <trkpt lat="59.315061" lon="18.05021"><ele>22.6</ele><time>2026-09-05T08:17:45.000Z</time><extensions><gpxtpx:TrackPointExtension><gpxtpx:hr>140</gpxtpx:hr></gpxtpx:TrackPointExtension></extensions></trkpt>
      <trkpt lat="59.315062" lon="18.050293"><ele>22.8</ele><time>2026-09-05T08:17:46.000Z</time><extensions><gpxtpx:TrackPointExtension><gpxtpx:hr>140</gpxtpx:hr></gpxtpx:TrackPointExtension></extensions></trkpt>
      <trkpt lat="59.315068" lon="18.050375"><ele>22.8</ele><time>2026-09-05T08:17:47.000Z</time><extensions><gpxtpx:TrackPointExtension><gpxtpx:hr>140</gpxtpx:hr></gpxtpx:TrackPointExtension></extensions></trkpt>
      <trkpt lat="59.315077" lon="18.050457"><ele>22.8</ele><time>2026-09-05T08:17:48.000Z</time><extensions><gpxtpx:TrackPointExtension><gpxtpx:hr>140</gpxtpx:hr></gpxtpx:TrackPointExtension></extensions></trkpt>
      <trkpt lat="59.31509" lon="18.050539"><ele>22.8</ele><time>2026-09-05T08:17:49.000Z</time><extensions><gpxtpx:TrackPointExtension><gpxtpx:hr>140</gpxtpx:hr></gpxtpx:TrackPointExtension></extensions></trkpt>
      <trkpt lat="59.315107" lon="18.050617"><ele>22.8</ele><time>2026-09-05T08:17:50.000Z</time><extensions><gpxtpx:TrackPointExtension><gpxtpx:hr>140</gpxtpx:hr></gpxtpx:TrackPointExtension></extensions></trkpt>
      <trkpt lat="59.315126" lon="18.050689"><ele>22.8</ele><time>2026-09-05T08:17:51.000Z</time><extensions><gpxtpx:TrackPointExtension><gpxtpx:hr>140</gpxtpx:hr></gpxtpx:TrackPointExtension></extensions></trkpt>
      <trkpt lat="59.315148" lon="18.050755"><ele>22.6</ele><time>2026-09-05T08:17:52.000Z</time><extensions><gpxtpx:TrackPointExtension><gpxtpx:hr>140</gpxtpx:hr></gpxtpx:TrackPointExtension></extensions></trkpt>
      <trkpt lat="59.315174" lon="18.050814"><ele>22.4</ele><time>2026-09-05T08:17:53.000Z</time><extensions><gpxtpx:TrackPointExtension><gpxtpx:hr>140</gpxtpx:hr></gpxtpx:TrackPointExtension></extensions></trkpt>
      <trkpt lat="59.315204" lon="18.050865"><ele>22.2</ele><time>2026-09-05T08:17:54.000Z</time><extensions><gpxtpx:TrackPointExtension><gpxtpx:hr>140</gpxtpx:hr></gpxtpx:TrackPointExtension></extensions></trkpt>
      <trkpt lat="59.31524" lon="18.050905"><ele>22</ele><time>2026-09-05T08:17:55.000Z</time><extensions><gpxtpx:TrackPointExtension><gpxtpx:hr>140</gpxtpx:hr></gpxtpx:TrackPointExtension></extensions></trkpt>
      <trkpt lat="59.31528" lon="18.050929"><ele>21.8</ele><time>2026-09-05T08:17:56.000Z</time><extensions><gpxtpx:TrackPointExtension><gpxtpx:hr>140</gpxtpx:hr></gpxtpx:TrackPointExtension></extensions></trkpt>
      <trkpt lat="59.315323" lon="18.050936"><ele>21.8</ele><time>2026-09-05T08:17:57.000Z</time><extensions><gpxtpx:TrackPointExtension><gpxtpx:hr>140</gpxtpx:hr></gpxtpx:TrackPointExtension></extensions></trkpt>
      <trkpt lat="59.315366" lon="18.050929"><ele>21.6</ele><time>2026-09-05T08:17:58.000Z</time><extensions><gpxtpx:TrackPointExtension><gpxtpx:hr>140</gpxtpx:hr></gpxtpx:TrackPointExtension></extensions></trkpt>
      <trkpt lat="59.315406" lon="18.050913"><ele>21.4</ele><time>2026-09-05T08:17:59.000Z</time><extensions><gpxtpx:TrackPointExtension><gpxtpx:hr>140</gpxtpx:hr></gpxtpx:TrackPointExtension></extensions></trkpt>
      <trkpt lat="59.315439" lon="18.050898"><ele>21.4</ele><time>2026-09-05T08:18:00.000Z</time><extensions><gpxtpx:TrackPointExtension><gpxtpx:hr>140</gpxtpx:hr></gpxtpx:TrackPointExtension></extensions></trkpt>
      <trkpt lat="59.315462" lon="18.050885"><ele>21.2</ele><time>2026-09-05T08:18:01.000Z</time><extensions><gpxtpx:TrackPointExtension><gpxtpx:hr>140</gpxtpx:hr></gpxtpx:TrackPointExtension></extensions></trkpt>
      <trkpt lat="59.315475" lon="18.050878"><ele>21</ele><time>2026-09-05T08:18:02.000Z</time><extensions><gpxtpx:TrackPointExtension><gpxtpx:hr>140</gpxtpx:hr></gpxtpx:TrackPointExtension></extensions></trkpt>
      <trkpt lat="59.315481" lon="18.050874"><ele>20.8</ele><time>2026-09-05T08:18:03.000Z</time><extensions><gpxtpx:TrackPointExtension><gpxtpx:hr>140</gpxtpx:hr></gpxtpx:TrackPointExtension></extensions></trkpt>
      <trkpt lat="59.315482" lon="18.050873"><ele>20.6</ele><time>2026-09-05T08:18:04.000Z</time><extensions><gpxtpx:TrackPointExtension><gpxtpx:hr>140</gpxtpx:hr></gpxtpx:TrackPointExtension></extensions></trkpt>
      <trkpt lat="59.31548" lon="18.050875"><ele>20.6</ele><time>2026-09-05T08:18:05.000Z</time><extensions><gpxtpx:TrackPointExtension><gpxtpx:hr>140</gpxtpx:hr></gpxtpx:TrackPointExtension></extensions></trkpt>
      <trkpt lat="59.315477" lon="18.050876"><ele>20.8</ele><time>2026-09-05T08:18:06.000Z</time><extensions><gpxtpx:TrackPointExtension><gpxtpx:hr>140</gpxtpx:hr></gpxtpx:TrackPointExtension></extensions></trkpt>
      <trkpt lat="59.315477" lon="18.050876"><ele>20.8</ele><time>2026-09-05T08:18:08.000Z</time><extensions><gpxtpx:TrackPointExtension><gpxtpx:hr>170</gpxtpx:hr></gpxtpx:TrackPointExtension></extensions></trkpt>
      <trkpt lat="59.315478" lon="18.050876"><ele>24.6</ele><time>2026-09-05T08:18:20.000Z</time><extensions><gpxtpx:TrackPointExtension><gpxtpx:hr>170</gpxtpx:hr></gpxtpx:TrackPointExtension></extensions></trkpt>
      <trkpt lat="59.315479" lon="18.050875"><ele>24.8</ele><time>2026-09-05T08:18:21.000Z</time><extensions><gpxtpx:TrackPointExtension><gpxtpx:hr>165</gpxtpx:hr></gpxtpx:TrackPointExtension></extensions></trkpt>
      <trkpt lat="59.315486" lon="18.050872"><ele>25</ele><time>2026-09-05T08:18:22.000Z</time><extensions><gpxtpx:TrackPointExtension><gpxtpx:hr>165</gpxtpx:hr></gpxtpx:TrackPointExtension></extensions></trkpt>
      <trkpt lat="59.3155" lon="18.050865"><ele>25</ele><time>2026-09-05T08:18:23.000Z</time><extensions><gpxtpx:TrackPointExtension><gpxtpx:hr>165</gpxtpx:hr></gpxtpx:TrackPointExtension></extensions></trkpt>
      <trkpt lat="59.315516" lon="18.050856"><ele>25</ele><time>2026-09-05T08:18:24.000Z</time><extensions><gpxtpx:TrackPointExtension><gpxtpx:hr>164</gpxtpx:hr></gpxtpx:TrackPointExtension></extensions></trkpt>
      <trkpt lat="59.315533" lon="18.050848"><ele>25</ele><time>2026-09-05T08:18:25.000Z</time><extensions><gpxtpx:TrackPointExtension><gpxtpx:hr>164</gpxtpx:hr></gpxtpx:TrackPointExtension></extensions></trkpt>
      <trkpt lat="59.315552" lon="18.050838"><ele>25</ele><time>2026-09-05T08:18:26.000Z</time><extensions><gpxtpx:TrackPointExtension><gpxtpx:hr>164</gpxtpx:hr></gpxtpx:TrackPointExtension></extensions></trkpt>
      <trkpt lat="59.315571" lon="18.050829"><ele>24.8</ele><time>2026-09-05T08:18:27.000Z</time><extensions><gpxtpx:TrackPointExtension><gpxtpx:hr>164</gpxtpx:hr></gpxtpx:TrackPointExtension></extensions></trkpt>
      <trkpt lat="59.315591" lon="18.050819"><ele>24.8</ele><time>2026-09-05T08:18:28.000Z</time><extensions><gpxtpx:TrackPointExtension><gpxtpx:hr>164</gpxtpx:hr></gpxtpx:TrackPointExtension></extensions></trkpt>
      <trkpt lat="59.315611" lon="18.050809"><ele>24.8</ele><time>2026-09-05T08:18:29.000Z</time><extensions><gpxtpx:TrackPointExtension><gpxtpx:hr>162</gpxtpx:hr></gpxtpx:TrackPointExtension></extensions></trkpt>
      <trkpt lat="59.315631" lon="18.050798"><ele>24.8</ele><time>2026-09-05T08:18:30.000Z</time><extensions><gpxtpx:TrackPointExtension><gpxtpx:hr>162</gpxtpx:hr></gpxtpx:TrackPointExtension></extensions></trkpt>
      <trkpt lat="59.315651" lon="18.050788"><ele>24.8</ele><time>2026-09-05T08:18:31.000Z</time><extensions><gpxtpx:TrackPointExtension><gpxtpx:hr>162</gpxtpx:hr></gpxtpx:TrackPointExtension></extensions></trkpt>
      <trkpt lat="59.315671" lon="18.050778"><ele>24.8</ele><time>2026-09-05T08:18:32.000Z</time><extensions><gpxtpx:TrackPointExtension><gpxtpx:hr>162</gpxtpx:hr></gpxtpx:TrackPointExtension></extensions></trkpt>
      <trkpt lat="59.315692" lon="18.050768"><ele>24.8</ele><time>2026-09-05T08:18:33.000Z</time><extensions><gpxtpx:TrackPointExtension><gpxtpx:hr>162</gpxtpx:hr></gpxtpx:TrackPointExtension></extensions></trkpt>
      <trkpt lat="59.315712" lon="18.050757"><ele>24.8</ele><time>2026-09-05T08:18:34.000Z</time><extensions><gpxtpx:TrackPointExtension><gpxtpx:hr>161</gpxtpx:hr></gpxtpx:TrackPointExtension></extensions></trkpt>
      <trkpt lat="59.315733" lon="18.050747"><ele>24.8</ele><time>2026-09-05T08:18:35.000Z</time><extensions><gpxtpx:TrackPointExtension><gpxtpx:hr>161</gpxtpx:hr></gpxtpx:TrackPointExtension></extensions></trkpt>
      <trkpt lat="59.315754" lon="18.050736"><ele>24.8</ele><time>2026-09-05T08:18:36.000Z</time><extensions><gpxtpx:TrackPointExtension><gpxtpx:hr>161</gpxtpx:hr></gpxtpx:TrackPointExtension></extensions></trkpt>
      <trkpt lat="59.315775" lon="18.050726"><ele>24.8</ele><time>2026-09-05T08:18:37.000Z</time><extensions><gpxtpx:TrackPointExtension><gpxtpx:hr>161</gpxtpx:hr></gpxtpx:TrackPointExtension></extensions></trkpt>
      <trkpt lat="59.315796" lon="18.050715"><ele>24.8</ele><time>2026-09-05T08:18:38.000Z</time><extensions><gpxtpx:TrackPointExtension><gpxtpx:hr>161</gpxtpx:hr></gpxtpx:TrackPointExtension></extensions></trkpt>
      <trkpt lat="59.315817" lon="18.050704"><ele>24.8</ele><time>2026-09-05T08:18:39.000Z</time><extensions><gpxtpx:TrackPointExtension><gpxtpx:hr>161</gpxtpx:hr></gpxtpx:TrackPointExtension></extensions></trkpt>
      <trkpt lat="59.315838" lon="18.050694"><ele>24.8</ele><time>2026-09-05T08:18:40.000Z</time><extensions><gpxtpx:TrackPointExtension><gpxtpx:hr>161</gpxtpx:hr></gpxtpx:TrackPointExtension></extensions></trkpt>
      <trkpt lat="59.31586" lon="18.050683"><ele>24.8</ele><time>2026-09-05T08:18:41.000Z</time><extensions><gpxtpx:TrackPointExtension><gpxtpx:hr>161</gpxtpx:hr></gpxtpx:TrackPointExtension></extensions></trkpt>
      <trkpt lat="59.315881" lon="18.050672"><ele>24.8</ele><time>2026-09-05T08:18:42.000Z</time><extensions><gpxtpx:TrackPointExtension><gpxtpx:hr>161</gpxtpx:hr></gpxtpx:TrackPointExtension></extensions></trkpt>
      <trkpt lat="59.315902" lon="18.050662"><ele>24.8</ele><time>2026-09-05T08:18:43.000Z</time><extensions><gpxtpx:TrackPointExtension><gpxtpx:hr>161</gpxtpx:hr></gpxtpx:TrackPointExtension></extensions></trkpt>
      <trkpt lat="59.315923" lon="18.050651"><ele>24.8</ele><time>2026-09-05T08:18:44.000Z</time><extensions><gpxtpx:TrackPointExtension><gpxtpx:hr>161</gpxtpx:hr></gpxtpx:TrackPointExtension></extensions></trkpt>
      <trkpt lat="59.315944" lon="18.05064"><ele>25</ele><time>2026-09-05T08:18:45.000Z</time><extensions><gpxtpx:TrackPointExtension><gpxtpx:hr>161</gpxtpx:hr></gpxtpx:TrackPointExtension></extensions></trkpt>
      <trkpt lat="59.315966" lon="18.050629"><ele>25</ele><time>2026-09-05T08:18:46.000Z</time><extensions><gpxtpx:TrackPointExtension><gpxtpx:hr>161</gpxtpx:hr></gpxtpx:TrackPointExtension></extensions></trkpt>
      <trkpt lat="59.315987" lon="18.050619"><ele>25</ele><time>2026-09-05T08:18:47.000Z</time><extensions><gpxtpx:TrackPointExtension><gpxtpx:hr>161</gpxtpx:hr></gpxtpx:TrackPointExtension></extensions></trkpt>
      <trkpt lat="59.316008" lon="18.050608"><ele>25</ele><time>2026-09-05T08:18:48.000Z</time><extensions><gpxtpx:TrackPointExtension><gpxtpx:hr>161</gpxtpx:hr></gpxtpx:TrackPointExtension></extensions></trkpt>
      <trkpt lat="59.316029" lon="18.050598"><ele>25</ele><time>2026-09-05T08:18:49.000Z</time><extensions><gpxtpx:TrackPointExtension><gpxtpx:hr>161</gpxtpx:hr></gpxtpx:TrackPointExtension></extensions></trkpt>
      <trkpt lat="59.316049" lon="18.050587"><ele>25</ele><time>2026-09-05T08:18:50.000Z</time><extensions><gpxtpx:TrackPointExtension><gpxtpx:hr>161</gpxtpx:hr></gpxtpx:TrackPointExtension></extensions></trkpt>
      <trkpt lat="59.316069" lon="18.050577"><ele>25</ele><time>2026-09-05T08:18:51.000Z</time><extensions><gpxtpx:TrackPointExtension><gpxtpx:hr>158</gpxtpx:hr></gpxtpx:TrackPointExtension></extensions></trkpt>
      <trkpt lat="59.316089" lon="18.050567"><ele>25</ele><time>2026-09-05T08:18:52.000Z</time><extensions><gpxtpx:TrackPointExtension><gpxtpx:hr>158</gpxtpx:hr></gpxtpx:TrackPointExtension></extensions></trkpt>
      <trkpt lat="59.316109" lon="18.050557"><ele>25</ele><time>2026-09-05T08:18:53.000Z</time><extensions><gpxtpx:TrackPointExtension><gpxtpx:hr>158</gpxtpx:hr></gpxtpx:TrackPointExtension></extensions></trkpt>
      <trkpt lat="59.316128" lon="18.050548"><ele>25</ele><time>2026-09-05T08:18:54.000Z</time><extensions><gpxtpx:TrackPointExtension><gpxtpx:hr>158</gpxtpx:hr></gpxtpx:TrackPointExtension></extensions></trkpt>
      <trkpt lat="59.316147" lon="18.050538"><ele>25</ele><time>2026-09-05T08:18:55.000Z</time><extensions><gpxtpx:TrackPointExtension><gpxtpx:hr>158</gpxtpx:hr></gpxtpx:TrackPointExtension></extensions></trkpt>
      <trkpt lat="59.316165" lon="18.050529"><ele>25</ele><time>2026-09-05T08:18:56.000Z</time><extensions><gpxtpx:TrackPointExtension><gpxtpx:hr>159</gpxtpx:hr></gpxtpx:TrackPointExtension></extensions></trkpt>
      <trkpt lat="59.316184" lon="18.05052"><ele>25</ele><time>2026-09-05T08:18:57.000Z</time><extensions><gpxtpx:TrackPointExtension><gpxtpx:hr>159</gpxtpx:hr></gpxtpx:TrackPointExtension></extensions></trkpt>
      <trkpt lat="59.316204" lon="18.050508"><ele>25</ele><time>2026-09-05T08:18:58.000Z</time><extensions><gpxtpx:TrackPointExtension><gpxtpx:hr>159</gpxtpx:hr></gpxtpx:TrackPointExtension></extensions></trkpt>
      <trkpt lat="59.316225" lon="18.050494"><ele>25</ele><time>2026-09-05T08:18:59.000Z</time><extensions><gpxtpx:TrackPointExtension><gpxtpx:hr>157</gpxtpx:hr></gpxtpx:TrackPointExtension></extensions></trkpt>
      <trkpt lat="59.316246" lon="18.050475"><ele>25</ele><time>2026-09-05T08:19:00.000Z</time><extensions><gpxtpx:TrackPointExtension><gpxtpx:hr>157</gpxtpx:hr></gpxtpx:TrackPointExtension></extensions></trkpt>
      <trkpt lat="59.316264" lon="18.050454"><ele>25</ele><time>2026-09-05T08:19:01.000Z</time><extensions><gpxtpx:TrackPointExtension><gpxtpx:hr>157</gpxtpx:hr></gpxtpx:TrackPointExtension></extensions></trkpt>
      <trkpt lat="59.316279" lon="18.050432"><ele>25</ele><time>2026-09-05T08:19:02.000Z</time><extensions><gpxtpx:TrackPointExtension><gpxtpx:hr>157</gpxtpx:hr></gpxtpx:TrackPointExtension></extensions></trkpt>
      <trkpt lat="59.316292" lon="18.050409"><ele>25</ele><time>2026-09-05T08:19:03.000Z</time><extensions><gpxtpx:TrackPointExtension><gpxtpx:hr>157</gpxtpx:hr></gpxtpx:TrackPointExtension></extensions></trkpt>
      <trkpt lat="59.316303" lon="18.050386"><ele>25</ele><time>2026-09-05T08:19:04.000Z</time><extensions><gpxtpx:TrackPointExtension><gpxtpx:hr>157</gpxtpx:hr></gpxtpx:TrackPointExtension></extensions></trkpt>
      <trkpt lat="59.316313" lon="18.050364"><ele>25</ele><time>2026-09-05T08:19:05.000Z</time><extensions><gpxtpx:TrackPointExtension><gpxtpx:hr>157</gpxtpx:hr></gpxtpx:TrackPointExtension></extensions></trkpt>
      <trkpt lat="59.316321" lon="18.050344"><ele>25</ele><time>2026-09-05T08:19:06.000Z</time><extensions><gpxtpx:TrackPointExtension><gpxtpx:hr>157</gpxtpx:hr></gpxtpx:TrackPointExtension></extensions></trkpt>
      <trkpt lat="59.31633" lon="18.050328"><ele>25</ele><time>2026-09-05T08:19:07.000Z</time><extensions><gpxtpx:TrackPointExtension><gpxtpx:hr>157</gpxtpx:hr></gpxtpx:TrackPointExtension></extensions></trkpt>
      <trkpt lat="59.316342" lon="18.05032"><ele>25.2</ele><time>2026-09-05T08:19:08.000Z</time><extensions><gpxtpx:TrackPointExtension><gpxtpx:hr>156</gpxtpx:hr></gpxtpx:TrackPointExtension></extensions></trkpt>
      <trkpt lat="59.316359" lon="18.050328"><ele>25.2</ele><time>2026-09-05T08:19:09.000Z</time><extensions><gpxtpx:TrackPointExtension><gpxtpx:hr>156</gpxtpx:hr></gpxtpx:TrackPointExtension></extensions></trkpt>
      <trkpt lat="59.316382" lon="18.050354"><ele>25.4</ele><time>2026-09-05T08:19:10.000Z</time><extensions><gpxtpx:TrackPointExtension><gpxtpx:hr>155</gpxtpx:hr></gpxtpx:TrackPointExtension></extensions></trkpt>
      <trkpt lat="59.31641" lon="18.050387"><ele>25.4</ele><time>2026-09-05T08:19:11.000Z</time><extensions><gpxtpx:TrackPointExtension><gpxtpx:hr>155</gpxtpx:hr></gpxtpx:TrackPointExtension></extensions></trkpt>
      <trkpt lat="59.316439" lon="18.050422"><ele>25.6</ele><time>2026-09-05T08:19:12.000Z</time><extensions><gpxtpx:TrackPointExtension><gpxtpx:hr>155</gpxtpx:hr></gpxtpx:TrackPointExtension></extensions></trkpt>
      <trkpt lat="59.316464" lon="18.050456"><ele>25.6</ele><time>2026-09-05T08:19:13.000Z</time><extensions><gpxtpx:TrackPointExtension><gpxtpx:hr>155</gpxtpx:hr></gpxtpx:TrackPointExtension></extensions></trkpt>
      <trkpt lat="59.316486" lon="18.050487"><ele>25.8</ele><time>2026-09-05T08:19:14.000Z</time><extensions><gpxtpx:TrackPointExtension><gpxtpx:hr>154</gpxtpx:hr></gpxtpx:TrackPointExtension></extensions></trkpt>
      <trkpt lat="59.316506" lon="18.050513"><ele>25.8</ele><time>2026-09-05T08:19:15.000Z</time><extensions><gpxtpx:TrackPointExtension><gpxtpx:hr>154</gpxtpx:hr></gpxtpx:TrackPointExtension></extensions></trkpt>
      <trkpt lat="59.316526" lon="18.050535"><ele>25.8</ele><time>2026-09-05T08:19:16.000Z</time><extensions><gpxtpx:TrackPointExtension><gpxtpx:hr>154</gpxtpx:hr></gpxtpx:TrackPointExtension></extensions></trkpt>
      <trkpt lat="59.316548" lon="18.050554"><ele>26</ele><time>2026-09-05T08:19:17.000Z</time><extensions><gpxtpx:TrackPointExtension><gpxtpx:hr>154</gpxtpx:hr></gpxtpx:TrackPointExtension></extensions></trkpt>
      <trkpt lat="59.316569" lon="18.050567"><ele>26</ele><time>2026-09-05T08:19:18.000Z</time><extensions><gpxtpx:TrackPointExtension><gpxtpx:hr>154</gpxtpx:hr></gpxtpx:TrackPointExtension></extensions></trkpt>
      <trkpt lat="59.316592" lon="18.050575"><ele>26</ele><time>2026-09-05T08:19:19.000Z</time><extensions><gpxtpx:TrackPointExtension><gpxtpx:hr>154</gpxtpx:hr></gpxtpx:TrackPointExtension></extensions></trkpt>
      <trkpt lat="59.316614" lon="18.050575"><ele>26.2</ele><time>2026-09-05T08:19:20.000Z</time><extensions><gpxtpx:TrackPointExtension><gpxtpx:hr>154</gpxtpx:hr></gpxtpx:TrackPointExtension></extensions></trkpt>
      <trkpt lat="59.316635" lon="18.050568"><ele>26.2</ele><time>2026-09-05T08:19:21.000Z</time><extensions><gpxtpx:TrackPointExtension><gpxtpx:hr>154</gpxtpx:hr></gpxtpx:TrackPointExtension></extensions></trkpt>
      <trkpt lat="59.316654" lon="18.050555"><ele>26.2</ele><time>2026-09-05T08:19:22.000Z</time><extensions><gpxtpx:TrackPointExtension><gpxtpx:hr>154</gpxtpx:hr></gpxtpx:TrackPointExtension></extensions></trkpt>
      <trkpt lat="59.316671" lon="18.050536"><ele>26.4</ele><time>2026-09-05T08:19:23.000Z</time><extensions><gpxtpx:TrackPointExtension><gpxtpx:hr>154</gpxtpx:hr></gpxtpx:TrackPointExtension></extensions></trkpt>
      <trkpt lat="59.316688" lon="18.050516"><ele>26.4</ele><time>2026-09-05T08:19:24.000Z</time><extensions><gpxtpx:TrackPointExtension><gpxtpx:hr>154</gpxtpx:hr></gpxtpx:TrackPointExtension></extensions></trkpt>
      <trkpt lat="59.316705" lon="18.050499"><ele>26.4</ele><time>2026-09-05T08:19:25.000Z</time><extensions><gpxtpx:TrackPointExtension><gpxtpx:hr>154</gpxtpx:hr></gpxtpx:TrackPointExtension></extensions></trkpt>
      <trkpt lat="59.316724" lon="18.050489"><ele>26.6</ele><time>2026-09-05T08:19:26.000Z</time><extensions><gpxtpx:TrackPointExtension><gpxtpx:hr>154</gpxtpx:hr></gpxtpx:TrackPointExtension></extensions></trkpt>
      <trkpt lat="59.316743" lon="18.05049"><ele>26.6</ele><time>2026-09-05T08:19:27.000Z</time><extensions><gpxtpx:TrackPointExtension><gpxtpx:hr>154</gpxtpx:hr></gpxtpx:TrackPointExtension></extensions></trkpt>
      <trkpt lat="59.316764" lon="18.050495"><ele>26.6</ele><time>2026-09-05T08:19:28.000Z</time><extensions><gpxtpx:TrackPointExtension><gpxtpx:hr>155</gpxtpx:hr></gpxtpx:TrackPointExtension></extensions></trkpt>
      <trkpt lat="59.316786" lon="18.0505"><ele>26.8</ele><time>2026-09-05T08:19:29.000Z</time><extensions><gpxtpx:TrackPointExtension><gpxtpx:hr>154</gpxtpx:hr></gpxtpx:TrackPointExtension></extensions></trkpt>
      <trkpt lat="59.316808" lon="18.050501"><ele>27</ele><time>2026-09-05T08:19:30.000Z</time><extensions><gpxtpx:TrackPointExtension><gpxtpx:hr>154</gpxtpx:hr></gpxtpx:TrackPointExtension></extensions></trkpt>
      <trkpt lat="59.31683" lon="18.0505"><ele>27</ele><time>2026-09-05T08:19:31.000Z</time><extensions><gpxtpx:TrackPointExtension><gpxtpx:hr>154</gpxtpx:hr></gpxtpx:TrackPointExtension></extensions></trkpt>
      <trkpt lat="59.316851" lon="18.050499"><ele>27.2</ele><time>2026-09-05T08:19:32.000Z</time><extensions><gpxtpx:TrackPointExtension><gpxtpx:hr>154</gpxtpx:hr></gpxtpx:TrackPointExtension></extensions></trkpt>
      <trkpt lat="59.316873" lon="18.050495"><ele>27.2</ele><time>2026-09-05T08:19:33.000Z</time><extensions><gpxtpx:TrackPointExtension><gpxtpx:hr>154</gpxtpx:hr></gpxtpx:TrackPointExtension></extensions></trkpt>
      <trkpt lat="59.316896" lon="18.050488"><ele>27.4</ele><time>2026-09-05T08:19:34.000Z</time><extensions><gpxtpx:TrackPointExtension><gpxtpx:hr>155</gpxtpx:hr></gpxtpx:TrackPointExtension></extensions></trkpt>
      <trkpt lat="59.316919" lon="18.050479"><ele>27.4</ele><time>2026-09-05T08:19:35.000Z</time><extensions><gpxtpx:TrackPointExtension><gpxtpx:hr>155</gpxtpx:hr></gpxtpx:TrackPointExtension></extensions></trkpt>
      <trkpt lat="59.316941" lon="18.050468"><ele>27.6</ele><time>2026-09-05T08:19:36.000Z</time><extensions><gpxtpx:TrackPointExtension><gpxtpx:hr>155</gpxtpx:hr></gpxtpx:TrackPointExtension></extensions></trkpt>
      <trkpt lat="59.316964" lon="18.050456"><ele>27.6</ele><time>2026-09-05T08:19:37.000Z</time><extensions><gpxtpx:TrackPointExtension><gpxtpx:hr>155</gpxtpx:hr></gpxtpx:TrackPointExtension></extensions></trkpt>
      <trkpt lat="59.316986" lon="18.050446"><ele>27.4</ele><time>2026-09-05T08:19:38.000Z</time><extensions><gpxtpx:TrackPointExtension><gpxtpx:hr>155</gpxtpx:hr></gpxtpx:TrackPointExtension></extensions></trkpt>
      <trkpt lat="59.317008" lon="18.050438"><ele>27.4</ele><time>2026-09-05T08:19:39.000Z</time><extensions><gpxtpx:TrackPointExtension><gpxtpx:hr>155</gpxtpx:hr></gpxtpx:TrackPointExtension></extensions></trkpt>
      <trkpt lat="59.31703" lon="18.050431"><ele>27.2</ele><time>2026-09-05T08:19:40.000Z</time><extensions><gpxtpx:TrackPointExtension><gpxtpx:hr>155</gpxtpx:hr></gpxtpx:TrackPointExtension></extensions></trkpt>
      <trkpt lat="59.317052" lon="18.050425"><ele>26.8</ele><time>2026-09-05T08:19:41.000Z</time><extensions><gpxtpx:TrackPointExtension><gpxtpx:hr>155</gpxtpx:hr></gpxtpx:TrackPointExtension></extensions></trkpt>
      <trkpt lat="59.317073" lon="18.050418"><ele>26.6</ele><time>2026-09-05T08:19:42.000Z</time><extensions><gpxtpx:TrackPointExtension><gpxtpx:hr>155</gpxtpx:hr></gpxtpx:TrackPointExtension></extensions></trkpt>
      <trkpt lat="59.317093" lon="18.050409"><ele>26.2</ele><time>2026-09-05T08:19:43.000Z</time><extensions><gpxtpx:TrackPointExtension><gpxtpx:hr>155</gpxtpx:hr></gpxtpx:TrackPointExtension></extensions></trkpt>
      <trkpt lat="59.317113" lon="18.050399"><ele>25.6</ele><time>2026-09-05T08:19:44.000Z</time><extensions><gpxtpx:TrackPointExtension><gpxtpx:hr>155</gpxtpx:hr></gpxtpx:TrackPointExtension></extensions></trkpt>
      <trkpt lat="59.317131" lon="18.050388"><ele>25.2</ele><time>2026-09-05T08:19:45.000Z</time><extensions><gpxtpx:TrackPointExtension><gpxtpx:hr>155</gpxtpx:hr></gpxtpx:TrackPointExtension></extensions></trkpt>
      <trkpt lat="59.317148" lon="18.050376"><ele>24.6</ele><time>2026-09-05T08:19:46.000Z</time><extensions><gpxtpx:TrackPointExtension><gpxtpx:hr>155</gpxtpx:hr></gpxtpx:TrackPointExtension></extensions></trkpt>
      <trkpt lat="59.317148" lon="18.050376"><ele>24.6</ele><time>2026-09-05T08:19:47.000Z</time><extensions><gpxtpx:TrackPointExtension><gpxtpx:hr>155</gpxtpx:hr></gpxtpx:TrackPointExtension></extensions></trkpt>
    </trkseg>
  </trk>
</gpx>
